data_based,cause,effect,ace_l,ace_u,pns_l,pns_u
true,0,4,0.003924654478400014,0.003924654478400014,0.03081236048919999,0.0336391035112
