data_based,cause,effect,ace_l,ace_u,pns_l,pns_u
true,0,6,-0.028795076723925006,-0.028795076723925006,0.0,0.2617792917283351
