data_based,cause,effect,ace_l,ace_u,pns_l,pns_u
true,0,4,-0.19378550743999995,-0.19378550743999995,0.0033932253040000007,0.12963786025600002
