data_based,cause,effect,ace_l,ace_u,pns_l,pns_u
true,0,5,-9.419681700000015E-4,-9.419681700000015E-4,0.0,0.004904025466632001
