data_based,cause,effect,ace_l,ace_u,pns_l,pns_u
true,0,4,-0.19378550743999998,-0.19378550743999998,0.038513012167999995,0.06662631224000001
