data_based,cause,effect,ace_l,ace_u,pns_l,pns_u
true,0,3,0.42002306280000007,0.42002306280000007,0.427261285,0.4755817038
