data_based,cause,effect,ace_l,ace_u,pns_l,pns_u
true,0,3,-0.01737306120000004,-0.01737306120000004,0.440006358,0.440006358
