data_based,cause,effect,ace_l,ace_u,pns_l,pns_u
true,0,4,-0.002447663987059312,-0.002447663987059312,0.0,0.2829531803468691
