data_based,cause,effect,ace_l,ace_u,pns_l,pns_u
true,0,2,0.0543431794,0.0543431794,0.2072951832,0.4255956984
