data_based,cause,effect,ace_l,ace_u,pns_l,pns_u
true,0,5,-0.001866246387000059,-0.001866246387000059,0.0013695030461,0.169372456096192
