data_based,cause,effect,ace_l,ace_u,pns_l,pns_u
true,0,5,-0.2975580950400001,-0.2975580950400001,0.04498106613000002,0.13795814446
