data_based,cause,effect,ace_l,ace_u,pns_l,pns_u
true,0,5,0.499669284616,0.499669284616,0.499669284616,0.499669284616
