data_based,cause,effect,ace_l,ace_u,pns_l,pns_u
true,0,6,0.001844331478729977,0.001844331478729977,0.004435286640135,0.16566999098317003
