data_based,cause,effect,ace_l,ace_u,pns_l,pns_u
true,0,4,-0.001960174499999745,-0.001960174499999745,0.0,0.0018622255000000003
