data_based,cause,effect,ace_l,ace_u,pns_l,pns_u
true,0,4,0.003850450800000016,0.003850450800000016,0.0038504507999999995,0.0038504507999999995
