data_based,cause,effect,ace_l,ace_u,pns_l,pns_u
true,0,3,0.23192000000000007,0.23192000000000007,0.23192000000000007,0.5867600000000002
