data_based,cause,effect,ace_l,ace_u,pns_l,pns_u
true,0,6,-0.009647769192216007,-0.009647769192216007,0.00564695426364,0.005830067042544002
