data_based,cause,effect,ace_l,ace_u,pns_l,pns_u
true,0,6,0.025006402599999977,0.025006402599999977,0.025006402599999998,0.33230552039999994
