data_based,cause,effect,ace_l,ace_u,pns_l,pns_u
true,0,3,0.054875526800000074,0.054875526800000074,0.0548755268,0.27446652900000007
