data_based,cause,effect,ace_l,ace_u,pns_l,pns_u
true,0,4,-0.2922653870999997,-0.2922653870999997,0.08110172590000002,0.08494729490000001
