data_based,cause,effect,ace_l,ace_u,pns_l,pns_u
true,0,3,0.008148465921749892,0.008148465921749892,0.009521475971700001,0.009521475971700001
