data_based,cause,effect,ace_l,ace_u,pns_l,pns_u
true,0,5,-0.02041159131342163,-0.02041159131342163,0.03725901997371335,0.04109137055953944
