data_based,cause,effect,ace_l,ace_u,pns_l,pns_u
true,0,5,-0.004284623200000004,-0.004284623200000004,0.0,0.0028541799
