data_based,cause,effect,ace_l,ace_u,pns_l,pns_u
true,0,3,0.03021366969999989,0.03904726169999989,0.1170092311,0.16611501820000002
