data_based,cause,effect,ace_l,ace_u,pns_l,pns_u
true,0,3,0.002003171199999987,0.002003171199999987,0.0020031712000000003,0.4361569972
