data_based,cause,effect,ace_l,ace_u,pns_l,pns_u
true,0,3,-0.39885000000000004,-0.39885000000000004,0.0,0.22816999999999998
