data_based,cause,effect,ace_l,ace_u,pns_l,pns_u
true,0,4,-0.142495605407168,-0.142495605407168,0.027543621735235002,0.171717608327424
