data_based,cause,effect,ace_l,ace_u,pns_l,pns_u
true,0,4,0.014741328800000009,0.014741328800000009,0.3907153358,0.3907153358
