data_based,cause,effect,ace_l,ace_u,pns_l,pns_u
true,0,3,0.18024994089999996,0.18024994089999996,0.19353763350000003,0.384050148
