data_based,cause,effect,ace_l,ace_u,pns_l,pns_u
true,0,5,0.019045310256000036,0.019045310256000036,0.1279027784447,0.31600298286270007
