data_based,cause,effect,ace_l,ace_u,pns_l,pns_u
true,0,5,-0.016558536381199862,-0.016558536381199862,0.0,0.0481329295912
