data_based,cause,effect,ace_l,ace_u,pns_l,pns_u
true,0,5,0.01904531025599998,0.01904531025599998,0.145477182062,0.1855168022006
