data_based,cause,effect,ace_l,ace_u,pns_l,pns_u
true,0,4,0.04919521220000003,0.04919521220000003,0.15609636540000005,0.2601081506
