lowerP,outcome',Feature3,upperP,Feature3',outcome
1.5898425204993695E-5,1,0,0.9998944434769528,1,0
9.54477984435439E-4,0,0,0.999969804875969,1,1
1.0494130373962962E-4,1,1,0.9998846780831211,0,0
NaN,0,1,NaN,0,1
