,num_vars,num_endo_vars,num_exo_vars,avg_exo_card,max_exo_card,tw,avg_endo_indegree,avg_indegree,max_indegree,datasize_obs
min,5.0,3.0,2.0,2.5,3.0,2.0,0.0,0.8,2.0,1000.0
max,17.0,9.0,8.0,51.66666666666666,256.0,4.0,1.6666666666666667,1.5,6.0,5500.0
mean,8.493023255813954,4.632558139534884,3.86046511627907,8.343682170542635,17.632558139534883,2.814207650273224,0.9576744186046513,1.1271121009253704,3.9395348837209303,1544.1860465116279
