,pns_low,pns_up,num_points,idx,time
0,0.23383652138677435,0.23383652138677435,1,1,1700
1,0.2334865010013431,0.23383652138677435,2,20,2916
