,pns_low,pns_up,num_points,idx,time
0,0.06726977945523428,0.06726977945523428,1,1,1833
1,0.06726977945523428,0.08819195563151207,2,20,3304
