,pns_low,pns_up,num_points,idx,time
0,0.06726977945523428,0.06726977945523428,1,1,2084
1,0.06726977945523428,0.08819195563151207,2,20,2682
2,0.06726977945523428,0.08819195563151207,3,10,3830
3,0.06726977945523428,0.08819195563151207,4,8,5136
4,0.06726977945523428,0.08819195563151207,5,7,5900
