avg_exo_card,exo_dag,avg_indegree,dag,num_exo_vars,exo_cc,endo_dag,exo_tw,endo_tw,endo_cc,avg_endo_indegree,datasize,max_exo_card,markovianity,ratio
54.90909090909091,([0  1  2  3  4  5  6  7  8  9  10  11  12  13  14  15  16  17  18  19  20  21  22]  [(5 0)  (14 2)  (15 3)  (1 4)  (16 6)  (17 7)  (18 8)  (19 9)  (1 10)  (5 10)  (20 11)  (21 12)  (22 13)]),1.3478260869565217,([0  1  2  3  4  5  6  7  8  9  10  11  12  13  14  15  16  17  18  19  20  21  22]  [(5 0)  (10 0)  (0 2)  (7 2)  (10 2)  (14 2)  (2 3)  (15 3)  (1 4)  (10 4)  (11 4)  (0 6)  (2 6)  (12 6)  (16 6)  (10 7)  (17 7)  (0 8)  (10 8)  (18 8)  (3 9)  (19 9)  (1 10)  (5 10)  (0 11)  (20 11)  (2 12)  (10 12)  (21 12)  (10 13)  (22 13)]),11,[1 5][14][15][16][17][18][19][20][21][22],([0  2  3  4  6  7  8  9  10  11  12  13]  [(10 0)  (0 2)  (7 2)  (10 2)  (2 3)  (10 4)  (11 4)  (0 6)  (2 6)  (12 6)  (10 7)  (0 8)  (10 8)  (3 9)  (0 11)  (2 12)  (10 12)  (10 13)]),2,3,[0 4 10][2][3][6][7][8][9][11][12][13],1.5,4500,256,2,0.9919520121268506
