avg_exo_card,exo_dag,avg_indegree,dag,num_exo_vars,exo_cc,endo_dag,exo_tw,endo_cc,avg_endo_indegree,datasize,max_exo_card,markovianity,ratio
12.7,([0  1  2  3  4  5  6  7  8  9  10  11  12  13  14  15  16  17  18  19  20  21]  [(9 0)  (15 1)  (3 2)  (16 4)  (10 5)  (17 6)  (18 7)  (19 8)  (20 11)  (9 12)  (3 13)  (21 14)]),1.3181818181818181,([0  1  2  3  4  5  6  7  8  9  10  11  12  13  14  15  16  17  18  19  20  21]  [(4 0)  (9 0)  (5 1)  (7 1)  (15 1)  (3 2)  (2 4)  (7 4)  (16 4)  (0 5)  (2 5)  (10 5)  (2 6)  (17 6)  (2 7)  (18 7)  (2 8)  (19 8)  (6 11)  (20 11)  (4 12)  (7 12)  (9 12)  (3 13)  (7 13)  (8 13)  (4 14)  (11 14)  (21 14)]),10,[9][15][3][16][10][17][18][19][20][21],([0  1  2  4  5  6  7  8  11  12  13  14]  [(4 0)  (5 1)  (7 1)  (2 4)  (7 4)  (0 5)  (2 5)  (2 6)  (2 7)  (2 8)  (6 11)  (4 12)  (7 12)  (7 13)  (8 13)  (4 14)  (11 14)]),1,[0 12][1][2 13][4][5][6][7][8][11][14],1.4166666666666667,1000,30,1,0.9964685761084539
