avg_exo_card,tw,exo_dag,avg_indegree,dag,num_exo_vars,exo_cc,endo_dag,exo_tw,endo_tw,endo_cc,avg_endo_indegree,datasize,max_exo_card,markovianity,ratio
91.33333333333333,4,([0  1  2  3  4  5  6  7  8  9  10  11]  [(2 0)  (4 0)  (8 1)  (9 3)  (2 5)  (4 5)  (10 6)  (11 7)]),1.5,([0  1  2  3  4  5  6  7  8  9  10  11]  [(2 0)  (4 0)  (0 1)  (3 1)  (5 1)  (8 1)  (5 3)  (9 3)  (0 5)  (2 5)  (4 5)  (3 6)  (5 6)  (7 6)  (10 6)  (1 7)  (3 7)  (11 7)]),6,[2 4][8][9][10][11],([0  1  3  5  6  7]  [(0 1)  (3 1)  (5 1)  (5 3)  (0 5)  (3 6)  (5 6)  (7 6)  (1 7)  (3 7)]),2,3,[0 5][1][3][6][7],1.6666666666666667,4000,256,2,0.9814565469736287
