avg_exo_card,exo_dag,avg_indegree,dag,num_exo_vars,exo_cc,endo_dag,exo_tw,endo_cc,avg_endo_indegree,datasize,max_exo_card,markovianity,ratio
9.4,([0  1  2  3  4  5  6  7  8  9  10  11  12  13  14  15  16  17  18  19  20]  [(7 0)  (12 1)  (13 2)  (14 3)  (15 4)  (16 5)  (17 6)  (18 8)  (19 9)  (7 10)  (20 11)]),1.2380952380952381,([0  1  2  3  4  5  6  7  8  9  10  11  12  13  14  15  16  17  18  19  20]  [(7 0)  (8 0)  (0 1)  (10 1)  (12 1)  (6 2)  (9 2)  (13 2)  (5 3)  (14 3)  (8 4)  (15 4)  (2 5)  (9 5)  (16 5)  (0 6)  (4 6)  (17 6)  (10 8)  (18 8)  (8 9)  (19 9)  (7 10)  (2 11)  (5 11)  (20 11)]),10,[7][12][13][14][15][16][17][18][19][20],([0  1  2  3  4  5  6  8  9  10  11]  [(8 0)  (0 1)  (10 1)  (6 2)  (9 2)  (5 3)  (8 4)  (2 5)  (9 5)  (0 6)  (4 6)  (10 8)  (8 9)  (2 11)  (5 11)]),1,[0 10][1][2][3][4][5][6][8][9][11],1.3636363636363635,2000,16,1,0.9894435472351762
