avg_exo_card,exo_dag,avg_indegree,dag,num_exo_vars,exo_cc,endo_dag,exo_tw,endo_cc,avg_endo_indegree,datasize,max_exo_card,markovianity,ratio
40.111111111111114,([0  1  2  3  4  5  6  7  8  9  10  11  12  13  14  15  16  17]  [(7 0)  (10 0)  (11 1)  (12 2)  (13 3)  (14 4)  (15 5)  (16 6)  (17 8)  (10 9)]),1.4444444444444444,([0  1  2  3  4  5  6  7  8  9  10  11  12  13  14  15  16  17]  [(7 0)  (9 0)  (10 0)  (6 1)  (9 1)  (11 1)  (0 2)  (9 2)  (12 2)  (1 3)  (5 3)  (13 3)  (1 4)  (6 4)  (9 4)  (14 4)  (0 5)  (1 5)  (15 5)  (2 6)  (9 6)  (16 6)  (2 8)  (6 8)  (17 8)  (10 9)]),9,[7 10][11][12][13][14][15][16][17],([0  1  2  3  4  5  6  8  9]  [(9 0)  (6 1)  (9 1)  (0 2)  (9 2)  (1 3)  (5 3)  (1 4)  (6 4)  (9 4)  (0 5)  (1 5)  (2 6)  (9 6)  (2 8)  (6 8)]),2,[0 9][1][2][3][4][5][6][8],1.7777777777777777,5500,256,2,0.9808707640471978
