avg_exo_card,exo_dag,avg_indegree,dag,num_exo_vars,exo_cc,endo_dag,exo_tw,endo_cc,avg_endo_indegree,datasize,max_exo_card,markovianity,ratio
13.555555555555555,([0  1  2  3  4  5  6  7  8  9  10  11  12  13  14  15  16  17  18]  [(11 0)  (12 1)  (13 2)  (4 3)  (14 5)  (15 6)  (4 7)  (16 8)  (17 9)  (18 10)]),1.4210526315789473,([0  1  2  3  4  5  6  7  8  9  10  11  12  13  14  15  16  17  18]  [(2 0)  (3 0)  (11 0)  (0 1)  (3 1)  (12 1)  (3 2)  (13 2)  (4 3)  (2 5)  (9 5)  (14 5)  (0 6)  (9 6)  (15 6)  (0 7)  (3 7)  (4 7)  (1 8)  (3 8)  (16 8)  (0 9)  (7 9)  (17 9)  (2 10)  (3 10)  (18 10)]),9,[11][12][13][4][14][15][16][17][18],([0  1  2  3  5  6  7  8  9  10]  [(2 0)  (3 0)  (0 1)  (3 1)  (3 2)  (2 5)  (9 5)  (0 6)  (9 6)  (0 7)  (3 7)  (1 8)  (3 8)  (0 9)  (7 9)  (2 10)  (3 10)]),1,[0][1][2][3 7][5][6][8][9][10],1.7,1000,16,1,0.9928313597673573
