avg_exo_card,exo_dag,avg_indegree,dag,num_exo_vars,exo_cc,endo_dag,exo_tw,endo_cc,avg_endo_indegree,datasize,max_exo_card,markovianity,ratio
13.11111111111111,([0  1  2  3  4  5  6  7  8  9  10  11  12  13  14  15  16  17  18  19]  [(14 0)  (15 1)  (3 2)  (3 4)  (5 6)  (16 7)  (17 8)  (18 9)  (13 10)  (19 11)  (5 12)]),1.35,([0  1  2  3  4  5  6  7  8  9  10  11  12  13  14  15  16  17  18  19]  [(7 0)  (11 0)  (14 0)  (7 1)  (10 1)  (15 1)  (3 2)  (8 2)  (3 4)  (5 6)  (4 7)  (11 7)  (16 7)  (1 8)  (4 8)  (17 8)  (6 9)  (11 9)  (18 9)  (7 10)  (11 10)  (13 10)  (4 11)  (19 11)  (4 12)  (5 12)  (11 12)]),9,[14][15][3][5][16][17][18][13][19],([0  1  2  4  6  7  8  9  10  11  12]  [(7 0)  (11 0)  (7 1)  (10 1)  (8 2)  (4 7)  (11 7)  (1 8)  (4 8)  (6 9)  (11 9)  (7 10)  (11 10)  (4 11)  (4 12)  (11 12)]),1,[0][1][2 4][6 12][7][8][9][10][11],1.4545454545454546,2500,16,1,0.980759011597089
