avg_exo_card,tw,exo_dag,avg_indegree,dag,num_exo_vars,exo_cc,endo_dag,exo_tw,endo_tw,endo_cc,avg_endo_indegree,datasize,max_exo_card,markovianity,ratio
51.666666666666664,4,([0  1  2  3  4  5  6  7  8  9  10  11]  [(1 0)  (4 0)  (8 2)  (9 3)  (10 5)  (11 6)  (4 7)]),1.4166666666666667,([0  1  2  3  4  5  6  7  8  9  10  11]  [(1 0)  (4 0)  (0 2)  (8 2)  (0 3)  (2 3)  (9 3)  (0 5)  (2 5)  (3 5)  (10 5)  (5 6)  (7 6)  (11 6)  (2 7)  (4 7)  (5 7)]),6,[1 4][8][9][10][11],([0  2  3  5  6  7]  [(0 2)  (0 3)  (2 3)  (0 5)  (2 5)  (3 5)  (5 6)  (7 6)  (2 7)  (5 7)]),2,3,[0 7][2][3][5][6],1.6666666666666667,1000,256,2,0.983638163401241
