avg_exo_card,exo_dag,avg_indegree,dag,num_exo_vars,exo_cc,endo_dag,exo_tw,endo_cc,avg_endo_indegree,datasize,max_exo_card,markovianity,ratio
62.888888888888886,([0  1  2  3  4  5  6  7  8  9  10  11  12  13  14  15  16  17]  [(11 0)  (12 1)  (13 2)  (14 4)  (9 5)  (3 6)  (9 6)  (15 7)  (16 8)  (17 10)]),1.3333333333333333,([0  1  2  3  4  5  6  7  8  9  10  11  12  13  14  15  16  17]  [(4 0)  (5 0)  (7 0)  (11 0)  (6 1)  (12 1)  (10 2)  (13 2)  (1 4)  (5 4)  (14 4)  (1 5)  (6 5)  (9 5)  (3 6)  (9 6)  (6 7)  (15 7)  (4 8)  (5 8)  (10 8)  (16 8)  (5 10)  (17 10)]),9,[11][12][13][3 9][14][15][16][17],([0  1  2  4  5  6  7  8  10]  [(4 0)  (5 0)  (7 0)  (6 1)  (10 2)  (1 4)  (5 4)  (1 5)  (6 5)  (6 7)  (4 8)  (5 8)  (10 8)  (5 10)]),2,[0][1][2][5 6][4][7][8][10],1.5555555555555556,1000,256,2,0.9857763440839127
