avg_exo_card,exo_dag,avg_indegree,dag,num_exo_vars,exo_cc,endo_dag,exo_tw,endo_cc,avg_endo_indegree,datasize,max_exo_card,markovianity,ratio
9.666666666666666,([0  1  2  3  4  5  6  7  8  9  10  11  12  13]  [(4 0)  (4 2)  (10 3)  (11 5)  (12 6)  (1 7)  (13 8)  (1 9)]),1.2857142857142858,([0  1  2  3  4  5  6  7  8  9  10  11  12  13]  [(4 0)  (0 2)  (4 2)  (0 3)  (5 3)  (10 3)  (0 5)  (7 5)  (11 5)  (5 6)  (7 6)  (12 6)  (1 7)  (9 7)  (0 8)  (13 8)  (1 9)  (8 9)]),6,[4][1][10][11][12][13],([0  2  3  5  6  7  8  9]  [(0 2)  (0 3)  (5 3)  (0 5)  (7 5)  (5 6)  (7 6)  (9 7)  (0 8)  (8 9)]),1,[0 2][7 9][3][5][6][8],1.25,1000,16,1,0.9894273608935784
