avg_exo_card,exo_dag,avg_indegree,dag,num_exo_vars,exo_cc,endo_dag,exo_tw,endo_cc,avg_endo_indegree,datasize,max_exo_card,markovianity,ratio
6.333333333333333,([0  1  2  3  4  5  6  7  8  9  10  11]  [(7 0)  (8 1)  (2 3)  (9 4)  (10 5)  (11 6)]),1.0833333333333333,([0  1  2  3  4  5  6  7  8  9  10  11]  [(3 0)  (7 0)  (4 1)  (8 1)  (2 3)  (3 4)  (9 4)  (0 5)  (3 5)  (10 5)  (0 6)  (1 6)  (11 6)]),6,[7][8][2][9][10][11],([0  1  3  4  5  6]  [(3 0)  (4 1)  (3 4)  (0 5)  (3 5)  (0 6)  (1 6)]),1,[0][1][3][4][5][6],1.1666666666666667,1000,16,0,0.9665197934995844
