avg_exo_card,exo_dag,avg_indegree,dag,num_exo_vars,exo_cc,endo_dag,exo_tw,endo_cc,avg_endo_indegree,datasize,max_exo_card,markovianity,ratio
9.142857142857142,([0  1  2  3  4  5  6  7  8  9  10  11  12  13  14]  [(9 0)  (4 1)  (10 2)  (11 3)  (12 5)  (13 6)  (14 7)  (4 8)]),1.2,([0  1  2  3  4  5  6  7  8  9  10  11  12  13  14]  [(6 0)  (7 0)  (9 0)  (4 1)  (0 2)  (6 2)  (10 2)  (6 3)  (11 3)  (0 5)  (2 5)  (12 5)  (1 6)  (13 6)  (8 7)  (14 7)  (1 8)  (4 8)]),7,[9][4][10][11][12][13][14],([0  1  2  3  5  6  7  8]  [(6 0)  (7 0)  (0 2)  (6 2)  (6 3)  (0 5)  (2 5)  (1 6)  (8 7)  (1 8)]),1,[0][1 8][2][3][5][6][7],1.25,1000,16,1,0.9861665076874857
