avg_exo_card,tw,exo_dag,avg_indegree,dag,num_exo_vars,exo_cc,endo_dag,exo_tw,endo_tw,endo_cc,avg_endo_indegree,datasize,max_exo_card,markovianity,ratio
8.0,3,([0  1  2  3  4  5  6  7  8  9  10  11  12]  [(8 0)  (9 1)  (10 2)  (7 3)  (7 4)  (11 5)  (12 6)]),1.1538461538461537,([0  1  2  3  4  5  6  7  8  9  10  11  12]  [(1 0)  (4 0)  (8 0)  (3 1)  (9 1)  (3 2)  (10 2)  (7 3)  (3 4)  (7 4)  (1 5)  (11 5)  (1 6)  (2 6)  (12 6)]),6,[8][9][10][7][11][12],([0  1  2  3  4  5  6]  [(1 0)  (4 0)  (3 1)  (3 2)  (3 4)  (1 5)  (1 6)  (2 6)]),1,2,[0][1][2][3 4][5][6],1.1428571428571428,1000,16,1,0.9963185746409673
