avg_exo_card,tw,exo_dag,avg_indegree,dag,num_exo_vars,exo_cc,endo_dag,exo_tw,endo_tw,endo_cc,avg_endo_indegree,datasize,max_exo_card,markovianity,ratio
55.333333333333336,4,([0  1  2  3  4  5  6  7  8  9  10  11  12  13]  [(8 0)  (1 2)  (8 2)  (1 3)  (11 4)  (12 5)  (13 7)  (6 9)  (6 10)]),1.5,([0  1  2  3  4  5  6  7  8  9  10  11  12  13]  [(8 0)  (0 2)  (1 2)  (8 2)  (1 3)  (2 3)  (3 4)  (9 4)  (10 4)  (11 4)  (3 5)  (10 5)  (12 5)  (0 7)  (3 7)  (13 7)  (3 9)  (6 9)  (10 9)  (2 10)  (6 10)]),6,[1 8][11][12][6][13],([0  2  3  4  5  7  9  10]  [(0 2)  (2 3)  (3 4)  (9 4)  (10 4)  (3 5)  (10 5)  (0 7)  (3 7)  (3 9)  (10 9)  (2 10)]),2,3,[0 2 3][4][5][9 10][7],1.5,1000,256,2,0.9917116489740577
