avg_exo_card,exo_dag,avg_indegree,dag,num_exo_vars,exo_cc,endo_dag,exo_tw,endo_cc,avg_endo_indegree,datasize,max_exo_card,markovianity,ratio
7.833333333333333,([0  1  2  3  4  5  6  7  8  9  10  11  12]  [(0 1)  (8 2)  (0 3)  (9 4)  (10 5)  (11 6)  (12 7)]),1.2307692307692308,([0  1  2  3  4  5  6  7  8  9  10  11  12]  [(0 1)  (2 1)  (8 2)  (0 3)  (1 3)  (2 3)  (1 4)  (5 4)  (9 4)  (2 5)  (10 5)  (4 6)  (11 6)  (3 7)  (4 7)  (12 7)]),6,[0][8][9][10][11][12],([1  2  3  4  5  6  7]  [(2 1)  (1 3)  (2 3)  (1 4)  (5 4)  (2 5)  (4 6)  (3 7)  (4 7)]),1,[1 3][2][4][5][6][7],1.2857142857142858,1000,16,1,0.9844990676537919
