avg_exo_card,exo_dag,avg_indegree,dag,num_exo_vars,exo_cc,endo_dag,exo_tw,endo_tw,endo_cc,avg_endo_indegree,datasize,max_exo_card,markovianity,ratio
39.111111111111114,([0  1  2  3  4  5  6  7  8  9  10  11  12  13  14  15  16  17  18]  [(3 0)  (8 0)  (13 2)  (14 4)  (1 5)  (15 6)  (16 7)  (3 9)  (8 10)  (17 11)  (18 12)]),1.4210526315789473,([0  1  2  3  4  5  6  7  8  9  10  11  12  13  14  15  16  17  18]  [(3 0)  (8 0)  (9 0)  (0 2)  (6 2)  (13 2)  (0 4)  (2 4)  (14 4)  (1 5)  (7 5)  (12 5)  (12 6)  (15 6)  (0 7)  (9 7)  (16 7)  (3 9)  (0 10)  (8 10)  (0 11)  (5 11)  (12 11)  (17 11)  (0 12)  (10 12)  (18 12)]),9,[3 8][1][13][14][15][16][17][18],([0  2  4  5  6  7  9  10  11  12]  [(9 0)  (0 2)  (6 2)  (0 4)  (2 4)  (7 5)  (12 5)  (12 6)  (0 7)  (9 7)  (0 10)  (0 11)  (5 11)  (12 11)  (0 12)  (10 12)]),2,3,[0 9 10][5][2][4][6][7][11][12],1.6,1000,256,2,0.9850636663702648
