avg_exo_card,exo_dag,avg_indegree,dag,num_exo_vars,exo_cc,endo_dag,exo_tw,endo_tw,endo_cc,avg_endo_indegree,datasize,max_exo_card,markovianity,ratio
34.7,([0  1  2  3  4  5  6  7  8  9  10  11  12  13  14  15  16  17  18  19  20]  [(3 0)  (9 1)  (14 2)  (15 4)  (3 5)  (13 5)  (16 6)  (17 7)  (18 8)  (19 10)  (20 11)  (13 12)]),1.380952380952381,([0  1  2  3  4  5  6  7  8  9  10  11  12  13  14  15  16  17  18  19  20]  [(3 0)  (5 0)  (6 1)  (9 1)  (11 1)  (0 2)  (5 2)  (14 2)  (5 4)  (11 4)  (15 4)  (3 5)  (13 5)  (2 6)  (5 6)  (11 6)  (16 6)  (11 7)  (17 7)  (7 8)  (10 8)  (18 8)  (11 10)  (12 10)  (19 10)  (0 11)  (20 11)  (4 12)  (13 12)]),10,[3 13][9][14][15][16][17][18][19][20],([0  1  2  4  5  6  7  8  10  11  12]  [(5 0)  (6 1)  (11 1)  (0 2)  (5 2)  (5 4)  (11 4)  (2 6)  (5 6)  (11 6)  (11 7)  (7 8)  (10 8)  (11 10)  (12 10)  (0 11)  (4 12)]),2,3,[0 5 12][1][2][4][6][7][8][10][11],1.5454545454545454,2000,256,2,0.9853074638422419
