avg_exo_card,exo_dag,avg_indegree,dag,num_exo_vars,exo_cc,endo_dag,exo_tw,endo_cc,avg_endo_indegree,datasize,max_exo_card,markovianity,ratio
10.285714285714286,([0  1  2  3  4  5  6  7  8  9  10  11  12  13  14]  [(9 0)  (10 1)  (11 2)  (12 3)  (7 4)  (7 5)  (13 6)  (14 8)]),1.2,([0  1  2  3  4  5  6  7  8  9  10  11  12  13  14]  [(4 0)  (9 0)  (4 1)  (5 1)  (10 1)  (1 2)  (4 2)  (11 2)  (1 3)  (12 3)  (7 4)  (7 5)  (3 6)  (5 6)  (8 6)  (13 6)  (0 8)  (14 8)]),7,[9][10][11][12][7][13][14],([0  1  2  3  4  5  6  8]  [(4 0)  (4 1)  (5 1)  (1 2)  (4 2)  (1 3)  (3 6)  (5 6)  (8 6)  (0 8)]),1,[0][1][2][3][4 5][6][8],1.25,2500,32,1,0.9732776968339836
