avg_exo_card,exo_dag,avg_indegree,dag,num_exo_vars,exo_cc,endo_dag,exo_tw,endo_cc,avg_endo_indegree,datasize,max_exo_card,markovianity,ratio
45.69230769230769,([0  1  2  3  4  5  6  7  8  9  10  11  12  13  14  15  16  17  18  19  20  21  22  23  24  25]  [(15 1)  (0 2)  (3 2)  (16 4)  (17 5)  (18 6)  (19 7)  (20 8)  (21 9)  (22 10)  (23 11)  (24 12)  (25 13)  (0 14)]),1.2692307692307692,([0  1  2  3  4  5  6  7  8  9  10  11  12  13  14  15  16  17  18  19  20  21  22  23  24  25]  [(2 1)  (4 1)  (15 1)  (0 2)  (3 2)  (14 2)  (5 4)  (14 4)  (16 4)  (8 5)  (17 5)  (8 6)  (12 6)  (13 6)  (18 6)  (6 7)  (19 7)  (2 8)  (20 8)  (8 9)  (21 9)  (4 10)  (22 10)  (1 11)  (4 11)  (10 11)  (23 11)  (5 12)  (24 12)  (12 13)  (14 13)  (25 13)  (0 14)]),13,[0 3][15][16][17][18][19][20][21][22][23][24][25],([1  2  4  5  6  7  8  9  10  11  12  13  14]  [(2 1)  (4 1)  (14 2)  (5 4)  (14 4)  (8 5)  (8 6)  (12 6)  (13 6)  (6 7)  (2 8)  (8 9)  (4 10)  (1 11)  (4 11)  (10 11)  (5 12)  (12 13)  (14 13)]),2,[2 14][1][4][5][6][7][8][9][10][11][12][13],1.4615384615384615,1000,256,2,0.9929909418328128
