avg_exo_card,exo_dag,avg_indegree,dag,num_exo_vars,exo_cc,endo_dag,exo_tw,endo_tw,endo_cc,avg_endo_indegree,datasize,max_exo_card,markovianity,ratio
45.0,([0  1  2  3  4  5  6  7  8  9  10  11  12  13  14]  [(8 0)  (10 1)  (3 2)  (3 4)  (8 4)  (11 5)  (12 6)  (13 7)  (14 9)]),1.3333333333333333,([0  1  2  3  4  5  6  7  8  9  10  11  12  13  14]  [(8 0)  (0 1)  (9 1)  (10 1)  (3 2)  (4 2)  (3 4)  (8 4)  (0 5)  (11 5)  (0 6)  (1 6)  (12 6)  (1 7)  (2 7)  (5 7)  (13 7)  (0 9)  (5 9)  (14 9)]),7,[3 8][10][11][12][13][14],([0  1  2  4  5  6  7  9]  [(0 1)  (9 1)  (4 2)  (0 5)  (0 6)  (1 6)  (1 7)  (2 7)  (5 7)  (0 9)  (5 9)]),2,3,[0 2 4][1][5][6][7][9],1.375,2500,256,2,0.9935593306949331
