avg_exo_card,tw,exo_dag,avg_indegree,dag,num_exo_vars,exo_cc,endo_dag,exo_tw,endo_tw,endo_cc,avg_endo_indegree,datasize,max_exo_card,markovianity,ratio
84.0,4,([0  1  2  3  4  5  6  7  8  9  10  11  12  13  14]  [(1 2)  (10 3)  (11 4)  (12 5)  (13 6)  (0 7)  (0 8)  (1 8)  (14 9)]),1.5333333333333334,([0  1  2  3  4  5  6  7  8  9  10  11  12  13  14]  [(1 2)  (6 2)  (2 3)  (7 3)  (8 3)  (10 3)  (2 4)  (6 4)  (8 4)  (11 4)  (3 5)  (8 5)  (12 5)  (8 6)  (13 6)  (0 7)  (2 7)  (8 7)  (0 8)  (1 8)  (4 9)  (8 9)  (14 9)]),7,[0 1][10][11][12][13][14],([2  3  4  5  6  7  8  9]  [(6 2)  (2 3)  (7 3)  (8 3)  (2 4)  (6 4)  (8 4)  (3 5)  (8 5)  (8 6)  (2 7)  (8 7)  (4 9)  (8 9)]),2,3,[2 7 8][3][4][5][6][9],1.75,1000,256,2,0.9819845693553882
