avg_exo_card,exo_dag,avg_indegree,dag,num_exo_vars,exo_cc,endo_dag,exo_tw,endo_cc,avg_endo_indegree,datasize,max_exo_card,markovianity,ratio
10.285714285714286,([0  1  2  3  4  5  6  7  8  9  10  11  12  13  14]  [(9 0)  (10 1)  (11 2)  (3 4)  (12 5)  (13 6)  (14 7)  (3 8)]),1.2666666666666666,([0  1  2  3  4  5  6  7  8  9  10  11  12  13  14]  [(8 0)  (9 0)  (0 1)  (5 1)  (10 1)  (0 2)  (5 2)  (11 2)  (0 4)  (2 4)  (3 4)  (6 5)  (12 5)  (8 6)  (13 6)  (0 7)  (8 7)  (14 7)  (3 8)]),7,[9][10][11][3][12][13][14],([0  1  2  4  5  6  7  8]  [(8 0)  (0 1)  (5 1)  (0 2)  (5 2)  (0 4)  (2 4)  (6 5)  (8 6)  (0 7)  (8 7)]),1,[0][1][2][4 8][5][6][7],1.375,1500,16,1,0.9864911692851984
