avg_exo_card,tw,exo_dag,avg_indegree,dag,num_exo_vars,exo_cc,endo_dag,exo_tw,endo_tw,endo_cc,avg_endo_indegree,datasize,max_exo_card,markovianity,ratio
11.11111111111111,3,([0  1  2  3  4  5  6  7  8  9  10  11  12  13  14  15  16  17  18]  [(11 0)  (12 1)  (6 2)  (13 3)  (14 4)  (15 5)  (6 7)  (16 8)  (17 9)  (18 10)]),1.263157894736842,([0  1  2  3  4  5  6  7  8  9  10  11  12  13  14  15  16  17  18]  [(2 0)  (7 0)  (11 0)  (2 1)  (8 1)  (12 1)  (6 2)  (1 3)  (8 3)  (13 3)  (2 4)  (7 4)  (14 4)  (2 5)  (7 5)  (15 5)  (6 7)  (5 8)  (16 8)  (1 9)  (3 9)  (17 9)  (3 10)  (18 10)]),9,[11][12][6][13][14][15][16][17][18],([0  1  2  3  4  5  7  8  9  10]  [(2 0)  (7 0)  (2 1)  (8 1)  (1 3)  (8 3)  (2 4)  (7 4)  (2 5)  (7 5)  (5 8)  (1 9)  (3 9)  (3 10)]),1,2,[0][1][2 7][3][4][5][8][9][10],1.4,1000,16,1,0.9947055983062176
