avg_exo_card,tw,exo_dag,avg_indegree,dag,num_exo_vars,exo_cc,endo_dag,exo_tw,endo_tw,endo_cc,avg_endo_indegree,datasize,max_exo_card,markovianity,ratio
64.33333333333333,4,([0  1  2  3  4  5  6  7  8  9  10  11  12  13  14  15  16  17]  [(1 0)  (2 0)  (2 3)  (11 4)  (12 5)  (13 6)  (14 7)  (15 8)  (16 9)  (17 10)]),1.3888888888888888,([0  1  2  3  4  5  6  7  8  9  10  11  12  13  14  15  16  17]  [(1 0)  (2 0)  (3 0)  (2 3)  (3 4)  (10 4)  (11 4)  (3 5)  (12 5)  (3 6)  (5 6)  (7 6)  (13 6)  (0 7)  (3 7)  (4 7)  (14 7)  (0 8)  (6 8)  (15 8)  (0 9)  (10 9)  (16 9)  (0 10)  (17 10)]),9,[1 2][11][12][13][14][15][16][17],([0  3  4  5  6  7  8  9  10]  [(3 0)  (3 4)  (10 4)  (3 5)  (3 6)  (5 6)  (7 6)  (0 7)  (3 7)  (4 7)  (0 8)  (6 8)  (0 9)  (10 9)  (0 10)]),2,3,[0 3][4][5][6][7][8][9][10],1.6666666666666667,2500,256,2,0.9947929956154072
