avg_exo_card,exo_dag,avg_indegree,dag,num_exo_vars,exo_cc,endo_dag,exo_tw,endo_tw,endo_cc,avg_endo_indegree,datasize,max_exo_card,markovianity,ratio
93.66666666666667,([0  1  2  3  4  5  6  7  8  9  10  11  12  13  14  15  16  17  18  19  20  21  22  23  24]  [(15 0)  (10 1)  (6 2)  (10 2)  (16 3)  (17 4)  (18 5)  (6 7)  (19 8)  (20 9)  (21 11)  (22 12)  (23 13)  (24 14)]),1.52,([0  1  2  3  4  5  6  7  8  9  10  11  12  13  14  15  16  17  18  19  20  21  22  23  24]  [(3 0)  (15 0)  (2 1)  (10 1)  (6 2)  (10 2)  (1 3)  (12 3)  (16 3)  (3 4)  (7 4)  (17 4)  (3 5)  (8 5)  (11 5)  (18 5)  (0 7)  (3 7)  (6 7)  (0 8)  (3 8)  (7 8)  (19 8)  (4 9)  (12 9)  (20 9)  (8 11)  (21 11)  (2 12)  (22 12)  (1 13)  (2 13)  (12 13)  (23 13)  (5 14)  (8 14)  (11 14)  (24 14)]),12,[15][6 10][16][17][18][19][20][21][22][23][24],([0  1  2  3  4  5  7  8  9  11  12  13  14]  [(3 0)  (2 1)  (1 3)  (12 3)  (3 4)  (7 4)  (3 5)  (8 5)  (11 5)  (0 7)  (3 7)  (0 8)  (3 8)  (7 8)  (4 9)  (12 9)  (8 11)  (2 12)  (1 13)  (2 13)  (12 13)  (5 14)  (8 14)  (11 14)]),2,3,[0][1 2 7][3][4][5][8][9][11][12][13][14],1.8461538461538463,4500,256,2,0.9853295491401693
