avg_exo_card,tw,exo_dag,avg_indegree,dag,num_exo_vars,exo_cc,endo_dag,exo_tw,endo_tw,endo_cc,avg_endo_indegree,datasize,max_exo_card,markovianity,ratio
50.333333333333336,4,([0  1  2  3  4  5  6  7  8  9  10  11  12]  [(10 0)  (11 2)  (4 3)  (1 5)  (7 5)  (1 6)  (12 8)  (4 9)]),1.3076923076923077,([0  1  2  3  4  5  6  7  8  9  10  11  12]  [(3 0)  (5 0)  (10 0)  (0 2)  (5 2)  (9 2)  (11 2)  (4 3)  (9 3)  (1 5)  (7 5)  (1 6)  (9 6)  (2 8)  (5 8)  (12 8)  (4 9)]),6,[10][1 7][11][4][12],([0  2  3  5  6  8  9]  [(3 0)  (5 0)  (0 2)  (5 2)  (9 2)  (9 3)  (9 6)  (2 8)  (5 8)]),2,3,[0][5 6][2][3 9][8],1.2857142857142858,4500,256,2,0.9816618429952878
