avg_exo_card,exo_dag,avg_indegree,dag,num_exo_vars,exo_cc,endo_dag,exo_tw,endo_cc,avg_endo_indegree,datasize,max_exo_card,markovianity,ratio
8.285714285714286,([0  1  2  3  4  5  6  7  8  9  10  11  12  13  14]  [(9 0)  (10 1)  (11 3)  (12 4)  (13 5)  (14 6)  (2 7)  (2 8)]),1.2,([0  1  2  3  4  5  6  7  8  9  10  11  12  13  14]  [(8 0)  (9 0)  (0 1)  (7 1)  (10 1)  (0 3)  (6 3)  (11 3)  (7 4)  (12 4)  (7 5)  (13 5)  (1 6)  (4 6)  (14 6)  (0 7)  (2 7)  (2 8)]),7,[9][10][2][11][12][13][14],([0  1  3  4  5  6  7  8]  [(8 0)  (0 1)  (7 1)  (0 3)  (6 3)  (7 4)  (7 5)  (1 6)  (4 6)  (0 7)]),1,[0][1][7 8][3][4][5][6],1.25,1000,16,1,0.9705582892896611
