avg_exo_card,tw,exo_dag,avg_indegree,dag,num_exo_vars,exo_cc,endo_dag,exo_tw,endo_tw,endo_cc,avg_endo_indegree,datasize,max_exo_card,markovianity,ratio
81.42857142857143,4,([0  1  2  3  4  5  6  7  8  9  10  11  12  13]  [(9 0)  (10 2)  (11 3)  (1 4)  (8 4)  (12 5)  (1 6)  (13 7)]),1.5,([0  1  2  3  4  5  6  7  8  9  10  11  12  13]  [(5 0)  (6 0)  (7 0)  (9 0)  (0 2)  (7 2)  (10 2)  (0 3)  (2 3)  (7 3)  (11 3)  (1 4)  (8 4)  (4 5)  (12 5)  (1 6)  (4 6)  (5 6)  (4 7)  (5 7)  (13 7)]),7,[9][1 8][10][11][12][13],([0  2  3  4  5  6  7]  [(5 0)  (6 0)  (7 0)  (0 2)  (7 2)  (0 3)  (2 3)  (7 3)  (4 5)  (4 6)  (5 6)  (4 7)  (5 7)]),2,3,[0][4 6][2][3][5][7],1.8571428571428572,1000,256,2,0.9903639697732886
