avg_exo_card,tw,exo_dag,avg_indegree,dag,num_exo_vars,exo_cc,endo_dag,exo_tw,endo_tw,endo_cc,avg_endo_indegree,datasize,max_exo_card,markovianity,ratio
70.83333333333333,4,([0  1  2  3  4  5  6  7  8  9  10  11  12  13  14  15  16  17  18  19  20  21  22  23]  [(14 0)  (15 1)  (16 2)  (17 3)  (18 4)  (8 5)  (10 5)  (19 6)  (8 7)  (10 7)  (20 9)  (21 11)  (22 12)  (23 13)]),1.4166666666666667,([0  1  2  3  4  5  6  7  8  9  10  11  12  13  14  15  16  17  18  19  20  21  22  23]  [(5 0)  (7 0)  (13 0)  (14 0)  (5 1)  (9 1)  (15 1)  (1 2)  (5 2)  (9 2)  (16 2)  (1 3)  (4 3)  (5 3)  (17 3)  (9 4)  (18 4)  (8 5)  (10 5)  (1 6)  (4 6)  (19 6)  (8 7)  (10 7)  (7 9)  (20 9)  (5 11)  (6 11)  (21 11)  (4 12)  (11 12)  (22 12)  (5 13)  (23 13)]),12,[14][15][16][17][18][8 10][19][20][21][22][23],([0  1  2  3  4  5  6  7  9  11  12  13]  [(5 0)  (7 0)  (13 0)  (5 1)  (9 1)  (1 2)  (5 2)  (9 2)  (1 3)  (4 3)  (5 3)  (9 4)  (1 6)  (4 6)  (7 9)  (5 11)  (6 11)  (4 12)  (11 12)  (5 13)]),2,3,[0][1][2][3][4][5 7][6][9][11][12][13],1.6666666666666667,3000,256,2,0.98323106747494
