avg_exo_card,exo_dag,avg_indegree,dag,num_exo_vars,exo_cc,endo_dag,exo_tw,endo_cc,avg_endo_indegree,datasize,max_exo_card,markovianity,ratio
69.77777777777777,([0  1  2  3  4  5  6  7  8  9  10  11  12  13  14  15  16  17  18]  [(12 0)  (9 1)  (13 2)  (6 3)  (14 4)  (6 5)  (9 5)  (15 7)  (16 8)  (17 10)  (18 11)]),1.4210526315789473,([0  1  2  3  4  5  6  7  8  9  10  11  12  13  14  15  16  17  18]  [(2 0)  (12 0)  (0 1)  (5 1)  (9 1)  (5 2)  (13 2)  (6 3)  (7 4)  (14 4)  (3 5)  (6 5)  (9 5)  (0 7)  (10 7)  (15 7)  (2 8)  (4 8)  (7 8)  (16 8)  (0 10)  (3 10)  (5 10)  (17 10)  (4 11)  (5 11)  (18 11)]),9,[12][6 9][13][14][15][16][17][18],([0  1  2  3  4  5  7  8  10  11]  [(2 0)  (0 1)  (5 1)  (5 2)  (7 4)  (3 5)  (0 7)  (10 7)  (2 8)  (4 8)  (7 8)  (0 10)  (3 10)  (5 10)  (4 11)  (5 11)]),2,[0][1 3 5][2][4][7][8][10][11],1.6,3000,256,2,0.984578520718859
