avg_exo_card,tw,exo_dag,avg_indegree,dag,num_exo_vars,exo_cc,endo_dag,exo_tw,endo_tw,endo_cc,avg_endo_indegree,datasize,max_exo_card,markovianity,ratio
10.0,3,([0  1  2  3  4  5  6  7  8  9  10  11  12  13]  [(10 0)  (9 2)  (1 3)  (4 3)  (9 3)  (11 5)  (12 6)  (13 7)  (4 8)]),1.2142857142857142,([0  1  2  3  4  5  6  7  8  9  10  11  12  13]  [(2 0)  (10 0)  (3 2)  (9 2)  (1 3)  (4 3)  (9 3)  (0 5)  (11 5)  (0 6)  (7 6)  (12 6)  (2 7)  (13 7)  (2 8)  (3 8)  (4 8)]),7,[10][1 4 9][11][12][13],([0  2  3  5  6  7  8]  [(2 0)  (3 2)  (0 5)  (0 6)  (7 6)  (2 7)  (2 8)  (3 8)]),3,2,[0][2 3 8][5][6][7],1.1428571428571428,1500,32,2,0.9955587687071125
