avg_exo_card,tw,exo_dag,avg_indegree,dag,num_exo_vars,exo_cc,endo_dag,exo_tw,endo_tw,endo_cc,avg_endo_indegree,datasize,max_exo_card,markovianity,ratio
54.54545454545455,4,([0  1  2  3  4  5  6  7  8  9  10  11  12  13  14  15  16  17  18  19  20  21]  [(13 0)  (14 1)  (15 2)  (16 3)  (17 4)  (18 5)  (9 6)  (12 6)  (19 7)  (20 8)  (9 10)  (21 11)]),1.3636363636363635,([0  1  2  3  4  5  6  7  8  9  10  11  12  13  14  15  16  17  18  19  20  21]  [(1 0)  (8 0)  (13 0)  (6 1)  (14 1)  (1 2)  (6 2)  (7 2)  (15 2)  (0 3)  (1 3)  (6 3)  (16 3)  (6 4)  (17 4)  (2 5)  (18 5)  (9 6)  (10 6)  (12 6)  (4 7)  (10 7)  (19 7)  (6 8)  (7 8)  (20 8)  (9 10)  (5 11)  (6 11)  (21 11)]),11,[13][14][15][16][17][18][9 12][19][20][21],([0  1  2  3  4  5  6  7  8  10  11]  [(1 0)  (8 0)  (6 1)  (1 2)  (6 2)  (7 2)  (0 3)  (1 3)  (6 3)  (6 4)  (2 5)  (10 6)  (4 7)  (10 7)  (6 8)  (7 8)  (5 11)  (6 11)]),2,3,[0][1][2][3][4][5][6 10][7][8][11],1.6363636363636365,1000,256,2,0.9834684773979617
