avg_exo_card,exo_dag,avg_indegree,dag,num_exo_vars,exo_cc,endo_dag,exo_tw,endo_cc,avg_endo_indegree,datasize,max_exo_card,markovianity,ratio
46.285714285714285,([0  1  2  3  4  5  6  7  8  9  10  11  12  13  14]  [(6 0)  (10 2)  (11 3)  (12 4)  (13 5)  (1 7)  (6 7)  (1 8)  (14 9)]),1.3333333333333333,([0  1  2  3  4  5  6  7  8  9  10  11  12  13  14]  [(2 0)  (3 0)  (6 0)  (4 2)  (5 2)  (7 2)  (10 2)  (8 3)  (11 3)  (3 4)  (12 4)  (7 5)  (13 5)  (1 7)  (6 7)  (1 8)  (7 8)  (3 9)  (4 9)  (14 9)]),7,[1 6][10][11][12][13][14],([0  2  3  4  5  7  8  9]  [(2 0)  (3 0)  (4 2)  (5 2)  (7 2)  (8 3)  (3 4)  (7 5)  (7 8)  (3 9)  (4 9)]),2,[0 7 8][2][3][4][5][9],1.375,4500,256,2,0.9801351679676261
