avg_exo_card,exo_dag,avg_indegree,dag,num_exo_vars,exo_cc,endo_dag,exo_tw,endo_tw,endo_cc,avg_endo_indegree,datasize,max_exo_card,markovianity,ratio
37.2,([0  1  2  3  4  5  6  7  8  9  10  11  12  13  14  15  16  17  18  19  20]  [(13 0)  (6 1)  (6 2)  (7 2)  (14 3)  (15 4)  (16 5)  (17 8)  (18 9)  (7 10)  (19 11)  (20 12)]),1.380952380952381,([0  1  2  3  4  5  6  7  8  9  10  11  12  13  14  15  16  17  18  19  20]  [(1 0)  (8 0)  (10 0)  (13 0)  (2 1)  (5 1)  (6 1)  (6 2)  (7 2)  (2 3)  (11 3)  (14 3)  (1 4)  (15 4)  (2 5)  (16 5)  (4 8)  (17 8)  (4 9)  (8 9)  (18 9)  (1 10)  (7 10)  (1 11)  (9 11)  (19 11)  (9 12)  (11 12)  (20 12)]),10,[13][6 7][14][15][16][17][18][19][20],([0  1  2  3  4  5  8  9  10  11  12]  [(1 0)  (8 0)  (10 0)  (2 1)  (5 1)  (2 3)  (11 3)  (1 4)  (2 5)  (4 8)  (4 9)  (8 9)  (1 10)  (1 11)  (9 11)  (9 12)  (11 12)]),2,3,[0][1 2 10][3][4][5][8][9][11][12],1.5454545454545454,4000,256,2,0.9944662172410046
