avg_exo_card,tw,exo_dag,avg_indegree,dag,num_exo_vars,exo_cc,endo_dag,exo_tw,endo_tw,endo_cc,avg_endo_indegree,datasize,max_exo_card,markovianity,ratio
65.11111111111111,4,([0  1  2  3  4  5  6  7  8  9  10  11  12  13  14  15  16  17]  [(11 0)  (12 1)  (5 2)  (6 2)  (5 3)  (6 3)  (13 4)  (14 7)  (15 8)  (16 9)  (17 10)]),1.4444444444444444,([0  1  2  3  4  5  6  7  8  9  10  11  12  13  14  15  16  17]  [(9 0)  (11 0)  (4 1)  (7 1)  (12 1)  (5 2)  (6 2)  (5 3)  (6 3)  (3 4)  (9 4)  (13 4)  (3 7)  (9 7)  (14 7)  (3 8)  (7 8)  (9 8)  (15 8)  (2 9)  (3 9)  (16 9)  (3 10)  (7 10)  (8 10)  (17 10)]),9,[11][12][5 6][13][14][15][16][17],([0  1  2  3  4  7  8  9  10]  [(9 0)  (4 1)  (7 1)  (3 4)  (9 4)  (3 7)  (9 7)  (3 8)  (7 8)  (9 8)  (2 9)  (3 9)  (3 10)  (7 10)  (8 10)]),2,3,[0][1][2 3][4][7][8][9][10],1.6666666666666667,2000,256,2,0.9818786205506773
