avg_exo_card,exo_dag,avg_indegree,dag,num_exo_vars,exo_cc,endo_dag,exo_tw,endo_cc,avg_endo_indegree,datasize,max_exo_card,markovianity,ratio
51.166666666666664,([0  1  2  3  4  5  6  7  8  9  10  11  12]  [(1 0)  (6 0)  (1 2)  (10 3)  (11 5)  (6 7)  (4 8)  (12 9)]),1.3076923076923077,([0  1  2  3  4  5  6  7  8  9  10  11  12]  [(1 0)  (6 0)  (0 2)  (1 2)  (7 2)  (7 3)  (10 3)  (3 5)  (11 5)  (0 7)  (6 7)  (4 8)  (5 8)  (0 9)  (2 9)  (5 9)  (12 9)]),6,[1 6][10][4][11][12],([0  2  3  5  7  8  9]  [(0 2)  (7 2)  (7 3)  (3 5)  (0 7)  (5 8)  (0 9)  (2 9)  (5 9)]),2,[0 2 7][3][8][5][9],1.2857142857142858,1500,256,2,0.9950909373216899
