avg_exo_card,exo_dag,avg_indegree,dag,num_exo_vars,exo_cc,endo_dag,exo_tw,endo_tw,endo_cc,avg_endo_indegree,datasize,max_exo_card,markovianity,ratio
56.72727272727273,([0  1  2  3  4  5  6  7  8  9  10  11  12  13  14  15  16  17  18  19  20  21  22]  [(12 1)  (15 2)  (16 3)  (17 4)  (12 5)  (18 6)  (19 7)  (0 8)  (11 8)  (20 9)  (11 10)  (21 13)  (22 14)]),1.391304347826087,([0  1  2  3  4  5  6  7  8  9  10  11  12  13  14  15  16  17  18  19  20  21  22]  [(9 1)  (12 1)  (1 2)  (6 2)  (15 2)  (1 3)  (5 3)  (8 3)  (16 3)  (1 4)  (8 4)  (17 4)  (1 5)  (10 5)  (12 5)  (1 6)  (18 6)  (1 7)  (6 7)  (10 7)  (19 7)  (0 8)  (5 8)  (11 8)  (10 9)  (20 9)  (11 10)  (7 13)  (21 13)  (6 14)  (9 14)  (22 14)]),11,[0 11][12][15][16][17][18][19][20][21][22],([1  2  3  4  5  6  7  8  9  10  13  14]  [(9 1)  (1 2)  (6 2)  (1 3)  (5 3)  (8 3)  (1 4)  (8 4)  (1 5)  (10 5)  (1 6)  (1 7)  (6 7)  (10 7)  (5 8)  (10 9)  (7 13)  (6 14)  (9 14)]),2,3,[8 10][1 5][2][3][4][6][7][9][13][14],1.5833333333333333,3000,256,2,0.981205629805463
