avg_exo_card,exo_dag,avg_indegree,dag,num_exo_vars,exo_cc,endo_dag,exo_tw,endo_cc,avg_endo_indegree,datasize,max_exo_card,markovianity,ratio
12.5,([0  1  2  3  4  5  6  7  8  9  10  11  12  13  14  15  16]  [(12 1)  (13 3)  (2 4)  (8 5)  (2 6)  (14 7)  (15 9)  (0 10)  (8 10)  (16 11)]),1.3529411764705883,([0  1  2  3  4  5  6  7  8  9  10  11  12  13  14  15  16]  [(6 1)  (7 1)  (12 1)  (7 3)  (9 3)  (13 3)  (1 4)  (2 4)  (6 4)  (8 5)  (2 6)  (7 6)  (5 7)  (14 7)  (5 9)  (10 9)  (15 9)  (0 10)  (6 10)  (8 10)  (3 11)  (5 11)  (16 11)]),8,[0 8][12][2][13][14][15][16],([1  3  4  5  6  7  9  10  11]  [(6 1)  (7 1)  (7 3)  (9 3)  (1 4)  (6 4)  (7 6)  (5 7)  (5 9)  (10 9)  (6 10)  (3 11)  (5 11)]),2,[5 10][1][4 6][3][7][9][11],1.4444444444444444,1000,20,2,0.9897957482993159
