avg_exo_card,tw,exo_dag,avg_indegree,dag,num_exo_vars,exo_cc,endo_dag,exo_tw,endo_tw,endo_cc,avg_endo_indegree,datasize,max_exo_card,markovianity,ratio
33.111111111111114,4,([0  1  2  3  4  5  6  7  8  9  10  11  12  13  14  15  16  17]  [(2 0)  (7 0)  (11 1)  (12 3)  (13 4)  (14 5)  (15 6)  (16 8)  (2 9)  (17 10)]),1.1666666666666667,([0  1  2  3  4  5  6  7  8  9  10  11  12  13  14  15  16  17]  [(2 0)  (7 0)  (0 1)  (11 1)  (9 3)  (12 3)  (8 4)  (13 4)  (3 5)  (6 5)  (14 5)  (4 6)  (9 6)  (10 6)  (15 6)  (0 8)  (16 8)  (2 9)  (8 9)  (8 10)  (17 10)]),9,[2 7][11][12][13][14][15][16][17],([0  1  3  4  5  6  8  9  10]  [(0 1)  (9 3)  (8 4)  (3 5)  (6 5)  (4 6)  (9 6)  (10 6)  (0 8)  (8 9)  (8 10)]),2,3,[0 9][1][3][4][5][6][8][10],1.2222222222222223,1000,256,2,0.9894091103933664
