avg_exo_card,exo_dag,avg_indegree,dag,num_exo_vars,exo_cc,endo_dag,exo_tw,endo_cc,avg_endo_indegree,datasize,max_exo_card,markovianity,ratio
9.714285714285714,([0  1  2  3  4  5  6  7  8  9  10  11  12  13  14]  [(3 0)  (9 1)  (10 2)  (11 4)  (12 5)  (13 6)  (14 7)  (3 8)]),1.2,([0  1  2  3  4  5  6  7  8  9  10  11  12  13  14]  [(3 0)  (5 1)  (9 1)  (4 2)  (7 2)  (10 2)  (1 4)  (7 4)  (11 4)  (7 5)  (12 5)  (2 6)  (5 6)  (13 6)  (0 7)  (14 7)  (2 8)  (3 8)]),7,[3][9][10][11][12][13][14],([0  1  2  4  5  6  7  8]  [(5 1)  (4 2)  (7 2)  (1 4)  (7 4)  (7 5)  (2 6)  (5 6)  (0 7)  (2 8)]),1,[0 8][1][2][4][5][6][7],1.25,1000,16,1,0.9977734395287385
