avg_exo_card,tw,exo_dag,avg_indegree,dag,num_exo_vars,exo_cc,endo_dag,exo_tw,endo_tw,endo_cc,avg_endo_indegree,datasize,max_exo_card,markovianity,ratio
42.0,4,([0  1  2  3  4  5  6  7  8  9  10  11  12  13]  [(4 0)  (5 0)  (4 1)  (9 2)  (10 3)  (11 6)  (12 7)  (13 8)]),1.2142857142857142,([0  1  2  3  4  5  6  7  8  9  10  11  12  13]  [(4 0)  (5 0)  (0 1)  (4 1)  (8 1)  (8 2)  (9 2)  (0 3)  (10 3)  (3 6)  (7 6)  (8 6)  (11 6)  (3 7)  (12 7)  (3 8)  (13 8)]),7,[4 5][9][10][11][12][13],([0  1  2  3  6  7  8]  [(0 1)  (8 1)  (8 2)  (0 3)  (3 6)  (7 6)  (8 6)  (3 7)  (3 8)]),2,3,[0 1][2][3][6][7][8],1.2857142857142858,2500,256,2,0.9911706694063097
