avg_exo_card,exo_dag,avg_indegree,dag,num_exo_vars,exo_cc,endo_dag,exo_tw,endo_cc,avg_endo_indegree,datasize,max_exo_card,markovianity,ratio
12.857142857142858,([0  1  2  3  4  5  6  7  8  9  10  11  12  13  14]  [(10 2)  (11 3)  (12 4)  (13 5)  (1 6)  (14 7)  (1 8)  (0 9)]),1.2,([0  1  2  3  4  5  6  7  8  9  10  11  12  13  14]  [(6 2)  (10 2)  (2 3)  (9 3)  (11 3)  (6 4)  (12 4)  (4 5)  (7 5)  (13 5)  (1 6)  (4 7)  (9 7)  (14 7)  (1 8)  (2 8)  (3 8)  (0 9)]),7,[0][1][10][11][12][13][14],([2  3  4  5  6  7  8  9]  [(6 2)  (2 3)  (9 3)  (6 4)  (4 5)  (7 5)  (4 7)  (9 7)  (2 8)  (3 8)]),1,[9][6 8][2][3][4][5][7],1.25,2500,32,1,0.9842921576711258
