avg_exo_card,tw,exo_dag,avg_indegree,dag,num_exo_vars,exo_cc,endo_dag,exo_tw,endo_tw,endo_cc,avg_endo_indegree,datasize,max_exo_card,markovianity,ratio
8.666666666666666,3,([0  1  2  3  4  5  6  7  8  9  10  11  12]  [(8 0)  (9 1)  (3 2)  (10 4)  (11 5)  (3 6)  (12 7)]),1.2307692307692308,([0  1  2  3  4  5  6  7  8  9  10  11  12]  [(1 0)  (6 0)  (8 0)  (2 1)  (9 1)  (3 2)  (1 4)  (7 4)  (10 4)  (0 5)  (1 5)  (11 5)  (2 6)  (3 6)  (6 7)  (12 7)]),6,[8][9][3][10][11][12],([0  1  2  4  5  6  7]  [(1 0)  (6 0)  (2 1)  (1 4)  (7 4)  (0 5)  (1 5)  (2 6)  (6 7)]),1,2,[0][1][2 6][4][5][7],1.2857142857142858,1000,16,1,0.9950909701143806
