avg_exo_card,exo_dag,avg_indegree,dag,num_exo_vars,exo_cc,endo_dag,exo_tw,endo_cc,avg_endo_indegree,datasize,max_exo_card,markovianity,ratio
61.09090909090909,([0  1  2  3  4  5  6  7  8  9  10  11  12  13  14  15  16  17  18  19  20  21  22]  [(11 0)  (12 0)  (11 2)  (15 3)  (1 4)  (16 5)  (17 6)  (18 7)  (19 8)  (20 9)  (21 10)  (1 13)  (22 14)]),1.5217391304347827,([0  1  2  3  4  5  6  7  8  9  10  11  12  13  14  15  16  17  18  19  20  21  22]  [(4 0)  (11 0)  (12 0)  (4 2)  (5 2)  (11 2)  (2 3)  (6 3)  (13 3)  (15 3)  (1 4)  (4 5)  (14 5)  (16 5)  (2 6)  (5 6)  (17 6)  (4 7)  (18 7)  (4 8)  (7 8)  (19 8)  (8 9)  (13 9)  (20 9)  (4 10)  (7 10)  (9 10)  (21 10)  (1 13)  (4 13)  (14 13)  (4 14)  (8 14)  (22 14)]),11,[11 12][1][15][16][17][18][19][20][21][22],([0  2  3  4  5  6  7  8  9  10  13  14]  [(4 0)  (4 2)  (5 2)  (2 3)  (6 3)  (13 3)  (4 5)  (14 5)  (2 6)  (5 6)  (4 7)  (4 8)  (7 8)  (8 9)  (13 9)  (4 10)  (7 10)  (9 10)  (4 13)  (14 13)  (4 14)  (8 14)]),2,[0 2][4 13][3][5][6][7][8][9][10][14],1.8333333333333333,1000,256,2,0.9845051137006506
