avg_exo_card,tw,exo_dag,avg_indegree,dag,num_exo_vars,exo_cc,endo_dag,exo_tw,endo_tw,endo_cc,avg_endo_indegree,datasize,max_exo_card,markovianity,ratio
65.11111111111111,4,([0  1  2  3  4  5  6  7  8  9  10  11  12  13  14  15  16  17]  [(11 1)  (12 2)  (13 3)  (14 4)  (15 6)  (16 7)  (0 8)  (5 8)  (17 9)  (5 10)]),1.3888888888888888,([0  1  2  3  4  5  6  7  8  9  10  11  12  13  14  15  16  17]  [(8 1)  (10 1)  (11 1)  (1 2)  (6 2)  (12 2)  (1 3)  (4 3)  (6 3)  (13 3)  (2 4)  (6 4)  (14 4)  (10 6)  (15 6)  (3 7)  (6 7)  (8 7)  (16 7)  (0 8)  (5 8)  (6 9)  (7 9)  (17 9)  (5 10)]),9,[0 5][11][12][13][14][15][16][17],([1  2  3  4  6  7  8  9  10]  [(8 1)  (10 1)  (1 2)  (6 2)  (1 3)  (4 3)  (6 3)  (2 4)  (6 4)  (10 6)  (3 7)  (6 7)  (8 7)  (6 9)  (7 9)]),2,3,[8 10][1][2][3][4][6][7][9],1.6666666666666667,4000,256,2,0.9906368849519634
