avg_exo_card,exo_dag,avg_indegree,dag,num_exo_vars,exo_cc,endo_dag,exo_tw,endo_cc,avg_endo_indegree,datasize,max_exo_card,markovianity,ratio
75.9090909090909,([0  1  2  3  4  5  6  7  8  9  10  11  12  13  14  15  16  17  18  19  20  21]  [(4 0)  (13 1)  (14 2)  (15 3)  (16 5)  (17 6)  (18 7)  (19 8)  (20 9)  (21 10)  (4 11)  (12 11)]),1.4090909090909092,([0  1  2  3  4  5  6  7  8  9  10  11  12  13  14  15  16  17  18  19  20  21]  [(4 0)  (11 0)  (3 1)  (8 1)  (11 1)  (13 1)  (8 2)  (14 2)  (6 3)  (9 3)  (11 3)  (15 3)  (11 5)  (16 5)  (9 6)  (17 6)  (2 7)  (11 7)  (18 7)  (5 8)  (11 8)  (19 8)  (0 9)  (7 9)  (11 9)  (20 9)  (3 10)  (7 10)  (21 10)  (4 11)  (12 11)]),11,[4 12][13][14][15][16][17][18][19][20][21],([0  1  2  3  5  6  7  8  9  10  11]  [(11 0)  (3 1)  (8 1)  (11 1)  (8 2)  (6 3)  (9 3)  (11 3)  (11 5)  (9 6)  (2 7)  (11 7)  (5 8)  (11 8)  (0 9)  (7 9)  (11 9)  (3 10)  (7 10)]),2,[0 11][1][2][3][5][6][7][8][9][10],1.7272727272727273,2500,256,2,0.984366688440339
