avg_exo_card,exo_dag,avg_indegree,dag,num_exo_vars,exo_cc,endo_dag,exo_tw,endo_cc,avg_endo_indegree,datasize,max_exo_card,markovianity,ratio
78.54545454545455,([0  1  2  3  4  5  6  7  8  9  10  11  12  13  14  15  16  17  18  19  20  21  22]  [(15 0)  (16 1)  (17 2)  (18 3)  (19 4)  (20 5)  (21 7)  (8 9)  (6 11)  (22 12)  (10 13)  (8 14)  (10 14)]),1.4782608695652173,([0  1  2  3  4  5  6  7  8  9  10  11  12  13  14  15  16  17  18  19  20  21  22]  [(9 0)  (11 0)  (15 0)  (0 1)  (9 1)  (16 1)  (1 2)  (9 2)  (13 2)  (17 2)  (12 3)  (18 3)  (0 4)  (1 4)  (19 4)  (4 5)  (20 5)  (4 7)  (5 7)  (9 7)  (21 7)  (8 9)  (11 9)  (13 9)  (6 11)  (13 11)  (14 11)  (0 12)  (1 12)  (9 12)  (22 12)  (10 13)  (8 14)  (10 14)]),11,[15][16][17][18][19][20][6][21][8 10][22],([0  1  2  3  4  5  7  9  11  12  13  14]  [(9 0)  (11 0)  (0 1)  (9 1)  (1 2)  (9 2)  (13 2)  (12 3)  (0 4)  (1 4)  (4 5)  (4 7)  (5 7)  (9 7)  (11 9)  (13 9)  (13 11)  (14 11)  (0 12)  (1 12)  (9 12)]),2,[0][1][2][3][4][5][11][7][9 13 14][12],1.75,1500,256,2,0.9822748238582067
