avg_exo_card,tw,exo_dag,avg_indegree,dag,num_exo_vars,exo_cc,endo_dag,exo_tw,endo_tw,endo_cc,avg_endo_indegree,datasize,max_exo_card,markovianity,ratio
11.0,3,([0  1  2  3  4  5  6  7  8  9  10  11]  [(9 0)  (7 1)  (7 2)  (3 4)  (3 5)  (10 6)  (11 8)]),1.3333333333333333,([0  1  2  3  4  5  6  7  8  9  10  11]  [(1 0)  (8 0)  (9 0)  (7 1)  (5 2)  (6 2)  (7 2)  (3 4)  (5 4)  (3 5)  (6 5)  (1 6)  (10 6)  (1 8)  (2 8)  (11 8)]),5,[9][7][3][10][11],([0  1  2  4  5  6  8]  [(1 0)  (8 0)  (5 2)  (6 2)  (5 4)  (6 5)  (1 6)  (1 8)  (2 8)]),1,2,[0][1 2][4 5][6][8],1.2857142857142858,1500,16,1,0.9948281322661184
