avg_exo_card,tw,exo_dag,avg_indegree,dag,num_exo_vars,exo_cc,endo_dag,exo_tw,endo_tw,endo_cc,avg_endo_indegree,datasize,max_exo_card,markovianity,ratio
12.0,3,([0  1  2  3  4  5  6  7  8  9  10  11  12]  [(8 0)  (4 1)  (9 2)  (10 3)  (4 5)  (11 6)  (12 7)]),1.3076923076923077,([0  1  2  3  4  5  6  7  8  9  10  11  12]  [(2 0)  (6 0)  (8 0)  (4 1)  (1 2)  (6 2)  (9 2)  (5 3)  (6 3)  (10 3)  (1 5)  (4 5)  (5 6)  (11 6)  (5 7)  (6 7)  (12 7)]),6,[8][4][9][10][11][12],([0  1  2  3  5  6  7]  [(2 0)  (6 0)  (1 2)  (6 2)  (5 3)  (6 3)  (1 5)  (5 6)  (5 7)  (6 7)]),1,2,[0][1 5][2][3][6][7],1.4285714285714286,1000,16,1,0.9928603076807515
