avg_exo_card,tw,exo_dag,avg_indegree,dag,num_exo_vars,exo_cc,endo_dag,exo_tw,endo_tw,endo_cc,avg_endo_indegree,datasize,max_exo_card,markovianity,ratio
37.55555555555556,4,([0  1  2  3  4  5  6  7  8  9  10  11  12  13  14  15  16  17]  [(11 0)  (6 1)  (12 2)  (13 3)  (14 4)  (15 7)  (16 8)  (5 9)  (6 9)  (17 10)]),1.3888888888888888,([0  1  2  3  4  5  6  7  8  9  10  11  12  13  14  15  16  17]  [(9 0)  (11 0)  (0 1)  (6 1)  (9 1)  (1 2)  (10 2)  (12 2)  (0 3)  (2 3)  (13 3)  (0 4)  (1 4)  (10 4)  (14 4)  (9 7)  (10 7)  (15 7)  (2 8)  (3 8)  (16 8)  (5 9)  (6 9)  (1 10)  (17 10)]),9,[11][5 6][12][13][14][15][16][17],([0  1  2  3  4  7  8  9  10]  [(9 0)  (0 1)  (9 1)  (1 2)  (10 2)  (0 3)  (2 3)  (0 4)  (1 4)  (10 4)  (9 7)  (10 7)  (2 8)  (3 8)  (1 10)]),2,3,[0][1 9][2][3][4][7][8][10],1.6666666666666667,4000,256,2,0.9813871223500842
