avg_exo_card,exo_dag,avg_indegree,dag,num_exo_vars,exo_cc,endo_dag,exo_tw,endo_tw,endo_cc,avg_endo_indegree,datasize,max_exo_card,markovianity,ratio
8.666666666666666,([0  1  2  3  4  5  6  7  8  9  10  11  12]  [(9 0)  (2 1)  (4 1)  (2 3)  (4 5)  (10 6)  (11 7)  (12 8)]),1.1538461538461537,([0  1  2  3  4  5  6  7  8  9  10  11  12]  [(1 0)  (8 0)  (9 0)  (2 1)  (3 1)  (4 1)  (2 3)  (4 5)  (7 5)  (0 6)  (10 6)  (8 7)  (11 7)  (3 8)  (12 8)]),6,[9][2 4][10][11][12],([0  1  3  5  6  7  8]  [(1 0)  (8 0)  (3 1)  (7 5)  (0 6)  (8 7)  (3 8)]),2,2,[0][1 3 5][6][7][8],1.0,2500,16,2,0.9864350145533701
