avg_exo_card,tw,exo_dag,avg_indegree,dag,num_exo_vars,exo_cc,endo_dag,exo_tw,endo_tw,endo_cc,avg_endo_indegree,datasize,max_exo_card,markovianity,ratio
97.77777777777777,4,([0  1  2  3  4  5  6  7  8  9  10  11  12  13  14  15  16  17  18]  [(12 0)  (1 3)  (13 4)  (14 5)  (15 6)  (1 7)  (2 7)  (16 8)  (17 9)  (2 10)  (18 11)]),1.5263157894736843,([0  1  2  3  4  5  6  7  8  9  10  11  12  13  14  15  16  17  18]  [(7 0)  (12 0)  (1 3)  (4 3)  (10 3)  (0 4)  (7 4)  (8 4)  (13 4)  (7 5)  (10 5)  (11 5)  (14 5)  (0 6)  (8 6)  (15 6)  (1 7)  (2 7)  (10 7)  (10 8)  (16 8)  (4 9)  (8 9)  (10 9)  (17 9)  (2 10)  (4 11)  (10 11)  (18 11)]),9,[12][1 2][13][14][15][16][17][18],([0  3  4  5  6  7  8  9  10  11]  [(7 0)  (4 3)  (10 3)  (0 4)  (7 4)  (8 4)  (7 5)  (10 5)  (11 5)  (0 6)  (8 6)  (10 7)  (10 8)  (4 9)  (8 9)  (10 9)  (4 11)  (10 11)]),2,3,[0][3 7 10][4][5][6][8][9][11],1.8,1500,256,2,0.9871016742644044
