avg_exo_card,exo_dag,avg_indegree,dag,num_exo_vars,exo_cc,endo_dag,exo_tw,endo_cc,avg_endo_indegree,datasize,max_exo_card,markovianity,ratio
12.444444444444445,([0  1  2  3  4  5  6  7  8  9  10  11  12  13  14  15  16  17  18]  [(12 1)  (13 2)  (14 3)  (15 4)  (0 5)  (11 5)  (11 6)  (0 7)  (16 8)  (17 9)  (18 10)]),1.3157894736842106,([0  1  2  3  4  5  6  7  8  9  10  11  12  13  14  15  16  17  18]  [(5 1)  (7 1)  (12 1)  (8 2)  (10 2)  (13 2)  (5 3)  (6 3)  (14 3)  (3 4)  (9 4)  (15 4)  (0 5)  (7 5)  (11 5)  (10 6)  (11 6)  (0 7)  (5 8)  (6 8)  (16 8)  (10 9)  (17 9)  (5 10)  (18 10)]),9,[0 11][12][13][14][15][16][17][18],([1  2  3  4  5  6  7  8  9  10]  [(5 1)  (7 1)  (8 2)  (10 2)  (5 3)  (6 3)  (3 4)  (9 4)  (7 5)  (10 6)  (5 8)  (6 8)  (10 9)  (5 10)]),2,[5 6 7][1][2][3][4][8][9][10],1.4,3500,16,2,0.9804594824556311
