avg_exo_card,exo_dag,avg_indegree,dag,num_exo_vars,exo_cc,endo_dag,exo_tw,endo_tw,endo_cc,avg_endo_indegree,datasize,max_exo_card,markovianity,ratio
71.66666666666667,([0  1  2  3  4  5  6  7  8  9  10  11  12  13  14  15  16  17  18  19  20  21  22  23  24]  [(15 0)  (16 1)  (5 2)  (14 2)  (17 3)  (18 4)  (19 6)  (20 7)  (5 8)  (21 9)  (22 10)  (23 11)  (14 12)  (24 13)]),1.4,([0  1  2  3  4  5  6  7  8  9  10  11  12  13  14  15  16  17  18  19  20  21  22  23  24]  [(4 0)  (7 0)  (15 0)  (6 1)  (8 1)  (11 1)  (16 1)  (5 2)  (14 2)  (7 3)  (17 3)  (7 4)  (11 4)  (18 4)  (4 6)  (7 6)  (9 6)  (19 6)  (2 7)  (20 7)  (3 8)  (5 8)  (7 8)  (7 9)  (21 9)  (7 10)  (12 10)  (13 10)  (22 10)  (7 11)  (23 11)  (7 12)  (14 12)  (8 13)  (24 13)]),12,[15][16][5 14][17][18][19][20][21][22][23][24],([0  1  2  3  4  6  7  8  9  10  11  12  13]  [(4 0)  (7 0)  (6 1)  (8 1)  (11 1)  (7 3)  (7 4)  (11 4)  (4 6)  (7 6)  (9 6)  (2 7)  (3 8)  (7 8)  (7 9)  (7 10)  (12 10)  (13 10)  (7 11)  (7 12)  (8 13)]),2,3,[0][1][2 8 12][3][4][6][7][9][10][11][13],1.6153846153846154,1000,256,2,0.9823872561174118
