avg_exo_card,tw,exo_dag,avg_indegree,dag,num_exo_vars,exo_cc,endo_dag,exo_tw,endo_tw,endo_cc,avg_endo_indegree,datasize,max_exo_card,markovianity,ratio
35.4,4,([0  1  2  3  4  5  6  7  8  9  10  11  12  13  14  15  16  17  18  19  20]  [(10 0)  (14 1)  (2 3)  (15 4)  (16 5)  (17 6)  (2 8)  (18 9)  (19 11)  (7 12)  (10 12)  (20 13)]),1.380952380952381,([0  1  2  3  4  5  6  7  8  9  10  11  12  13  14  15  16  17  18  19  20]  [(5 0)  (10 0)  (5 1)  (8 1)  (14 1)  (2 3)  (8 3)  (9 3)  (3 4)  (15 4)  (6 5)  (12 5)  (16 5)  (8 6)  (17 6)  (2 8)  (5 9)  (6 9)  (18 9)  (3 11)  (4 11)  (9 11)  (19 11)  (7 12)  (8 12)  (10 12)  (5 13)  (12 13)  (20 13)]),10,[7 10][14][2][15][16][17][18][19][20],([0  1  3  4  5  6  8  9  11  12  13]  [(5 0)  (5 1)  (8 1)  (8 3)  (9 3)  (3 4)  (6 5)  (12 5)  (8 6)  (5 9)  (6 9)  (3 11)  (4 11)  (9 11)  (8 12)  (5 13)  (12 13)]),2,3,[0 12][1][3 8][4][5][6][9][11][13],1.5454545454545454,1000,256,2,0.9929177461893065
