avg_exo_card,exo_dag,avg_indegree,dag,num_exo_vars,exo_cc,endo_dag,exo_tw,endo_cc,avg_endo_indegree,datasize,max_exo_card,markovianity,ratio
47.07692307692308,([0  1  2  3  4  5  6  7  8  9  10  11  12  13  14  15  16  17  18  19  20  21  22  23  24  25]  [(6 0)  (10 0)  (15 1)  (16 2)  (17 3)  (18 4)  (19 5)  (6 7)  (10 7)  (20 8)  (21 9)  (22 11)  (23 12)  (24 13)  (25 14)]),1.3461538461538463,([0  1  2  3  4  5  6  7  8  9  10  11  12  13  14  15  16  17  18  19  20  21  22  23  24  25]  [(6 0)  (10 0)  (5 1)  (15 1)  (11 2)  (16 2)  (0 3)  (4 3)  (17 3)  (11 4)  (12 4)  (18 4)  (14 5)  (19 5)  (0 7)  (6 7)  (10 7)  (1 8)  (2 8)  (13 8)  (20 8)  (1 9)  (12 9)  (13 9)  (21 9)  (5 11)  (22 11)  (2 12)  (13 12)  (23 12)  (2 13)  (24 13)  (0 14)  (7 14)  (25 14)]),13,[6 10][15][16][17][18][19][20][21][22][23][24][25],([0  1  2  3  4  5  7  8  9  11  12  13  14]  [(5 1)  (11 2)  (0 3)  (4 3)  (11 4)  (12 4)  (14 5)  (0 7)  (1 8)  (2 8)  (13 8)  (1 9)  (12 9)  (13 9)  (5 11)  (2 12)  (13 12)  (2 13)  (0 14)  (7 14)]),2,[0 7][1][2][3][4][5][8][9][11][12][13][14],1.5384615384615385,1000,256,2,0.9933320807204064
