avg_exo_card,exo_dag,avg_indegree,dag,num_exo_vars,exo_cc,endo_dag,exo_tw,endo_cc,avg_endo_indegree,datasize,max_exo_card,markovianity,ratio
41.75,([0  1  2  3  4  5  6  7  8  9  10  11  12  13  14  15  16]  [(2 1)  (11 3)  (0 4)  (0 5)  (2 5)  (12 6)  (13 7)  (14 8)  (15 9)  (16 10)]),1.3529411764705883,([0  1  2  3  4  5  6  7  8  9  10  11  12  13  14  15  16]  [(2 1)  (7 1)  (10 3)  (11 3)  (0 4)  (0 5)  (2 5)  (5 6)  (7 6)  (9 6)  (12 6)  (4 7)  (5 7)  (13 7)  (1 8)  (5 8)  (14 8)  (5 9)  (8 9)  (15 9)  (5 10)  (9 10)  (16 10)]),8,[0 2][11][12][13][14][15][16],([1  3  4  5  6  7  8  9  10]  [(7 1)  (10 3)  (5 6)  (7 6)  (9 6)  (4 7)  (5 7)  (1 8)  (5 8)  (5 9)  (8 9)  (5 10)  (9 10)]),2,[1 4 5][3][6][7][8][9][10],1.4444444444444444,1000,256,2,0.9878177588733741
