avg_exo_card,exo_dag,avg_indegree,dag,num_exo_vars,exo_cc,endo_dag,exo_tw,endo_cc,avg_endo_indegree,datasize,max_exo_card,markovianity,ratio
64.44444444444444,([0  1  2  3  4  5  6  7  8  9  10  11  12  13  14  15  16  17  18]  [(13 0)  (14 1)  (4 2)  (6 2)  (10 3)  (15 5)  (6 7)  (16 8)  (17 9)  (10 11)  (18 12)]),1.368421052631579,([0  1  2  3  4  5  6  7  8  9  10  11  12  13  14  15  16  17  18]  [(1 0)  (2 0)  (8 0)  (13 0)  (7 1)  (14 1)  (4 2)  (6 2)  (7 2)  (2 3)  (10 3)  (2 5)  (8 5)  (12 5)  (15 5)  (6 7)  (2 8)  (11 8)  (16 8)  (8 9)  (17 9)  (2 11)  (10 11)  (7 12)  (9 12)  (18 12)]),9,[13][14][4 6][10][15][16][17][18],([0  1  2  3  5  7  8  9  11  12]  [(1 0)  (2 0)  (8 0)  (7 1)  (7 2)  (2 3)  (2 5)  (8 5)  (12 5)  (2 8)  (11 8)  (8 9)  (2 11)  (7 12)  (9 12)]),2,[0][1][2 7][3 11][5][8][9][12],1.5,1000,256,2,0.9920523710556282
