avg_exo_card,exo_dag,avg_indegree,dag,num_exo_vars,exo_cc,endo_dag,exo_tw,endo_cc,avg_endo_indegree,datasize,max_exo_card,markovianity,ratio
7.5,([0  1  2  3  4  5  6  7  8  9  10  11  12  13  14  15  16]  [(10 0)  (11 1)  (12 2)  (13 3)  (5 4)  (5 6)  (14 7)  (15 8)  (16 9)]),1.1176470588235294,([0  1  2  3  4  5  6  7  8  9  10  11  12  13  14  15  16]  [(8 0)  (10 0)  (6 1)  (11 1)  (1 2)  (12 2)  (0 3)  (6 3)  (13 3)  (2 4)  (5 4)  (5 6)  (9 7)  (14 7)  (4 8)  (15 8)  (4 9)  (8 9)  (16 9)]),8,[10][11][12][13][5][14][15][16],([0  1  2  3  4  6  7  8  9]  [(8 0)  (6 1)  (1 2)  (0 3)  (6 3)  (2 4)  (9 7)  (4 8)  (4 9)  (8 9)]),1,[0][1][2][3][4 6][7][8][9],1.1111111111111112,2000,16,1,0.986746356929791
