,num_vars,num_endo_vars,num_exo_vars,avg_exo_card,max_exo_card,tw,avg_endo_indegree,avg_indegree,max_indegree,datasize_obs
min,5.0,2.0,2.0,2.5,3.0,2.0,0.0,0.8,2.0,1000.0
max,19.0,10.0,9.0,130.66666666666666,256.0,4.0,1.75,1.5384615384615383,8.0,5500.0
mean,9.862573099415204,5.333333333333333,4.529239766081871,12.533457486308363,34.22514619883041,2.9310344827586206,1.0735066833751046,1.171271111625044,4.2894736842105265,1559.9415204678362
