cause,effect,method,pns_0,pns_1,pns_l,pns_u,time_inf,time_learn
asia,dysp,CCALP,9.758876326232424E-8,0.0018380606491799085,9.758876326232424E-8,0.0018380606491799085,4404.0,28.0
