cause,effect,ace_l,ace_u,pns_l,pns_u
0,4,-0.004205177279999972,-0.004205177279999972,6.941200000000001E-4,0.020806110360000005
