cause,effect,ace_l,ace_u,pns_l,pns_u
0,4,0.05061046328100005,0.05061046328100005,0.05160113758799999,0.164018221083
