trueState,modelID,iter_max,modelPath,model_type,cause,infoPath,threshold,cofounded_cause,time_pns,falseState,iter_2,iter_1,iter_0,pns_2,effect,pns_0,stop_criteria,time_learn,pns_1,LL_local_LL_global,datasize,integration_metric
0,random_mc2_n5_mid3_d1000_05_mr098_r10_4_uai,20,./papers/journalEM/models/synthetic/s1/random_mc2_n5_mid3_d1000_05_mr098_r10_4.uai,all,1,./papers/journalEM/models/synthetic/s1/random_mc2_n5_mid3_d1000_05_mr098_r10_4_info.csv,0.0,true,40,1,20,20,20,0.009710239084408979,3,0.03067052078821778,KL,1590,0.017498940342755544,(-1818.9867189387905;-1821.3093411772684);(-1762.4289026831004;-1765.1736707873886);(-1664.1155772191912;-1665.3230457727268),1500,0.0011948001939365105
0,random_mc2_n5_mid3_d1000_05_mr098_r10_4_uai,20,./papers/journalEM/models/synthetic/s1/random_mc2_n5_mid3_d1000_05_mr098_r10_4.uai,obs,1,./papers/journalEM/models/synthetic/s1/random_mc2_n5_mid3_d1000_05_mr098_r10_4_info.csv,0.0,true,9,1,20,20,20,0.03996044269921695,3,0.006364763164294914,KL,173,0.004606470472712876,(-1818.9867189387905;-1821.3093411772684);(-1762.4289026831004;-1765.1736707873886);(-1664.1155772191912;-1665.3230457727268),1500,0.0011948001939365105
0,random_mc2_n5_mid3_d1000_05_mr098_r10_4_uai,20,./papers/journalEM/models/synthetic/s1/random_mc2_n5_mid3_d1000_05_mr098_r10_4.uai,int,1,./papers/journalEM/models/synthetic/s1/random_mc2_n5_mid3_d1000_05_mr098_r10_4_info.csv,0.0,true,14,1,20,20,20,0.011652098897787188,3,0.005934812441275243,KL,954,0.0029065812207795796,(-1818.9867189387905;-1821.3093411772684);(-1762.4289026831004;-1765.1736707873886);(-1664.1155772191912;-1665.3230457727268),1500,0.0011948001939365105
