ll_1,ll_2,ll_0,ll_5,ll_6,ll_3,ll_4,pns_11,ll_9,pns_12,ll_7,threshold,pns_10,ll_8,pns_15,pns_16,pns_13,pns_14,pns_19,pns_17,pns_18,stop_criteria,time_learn,ll_10,ll_11,ratio_4,ratio_5,ratio_6,ratio_7,ratio_10,method,ratio_8,ratio_11,modelID,ratio_9,ratio_12,ratio_13,ratio_14,ratio_15,ratio_16,ratio_17,ratio_18,ratio_19,pns_u,exact,iter_,pns_l,modelPath,ll_max,ratio_0,ratio_1,ratio_2,ratio_3,ll_16,ll_17,ll_18,ll_19,ll_12,ll_13,ll_14,ll_15,time_pns,pns_8,pns_9,pns_6,pns_7,pns_4,pns_5,pns_2,pns_3,pns_0,pns_1
-6381.205047816288,-6381.205260120905,-6381.205493564626,-6381.20506876614,-6381.205047135841,-6381.2050602379595,-6381.205047482524,0.09883436159942559,-6381.205048929685,0.1178368596496777,-6381.205047295699,1.0E-5,0.07195241339030072,-6381.205143796832,0.08735680413775974,0.07337143125614823,0.07863410943101849,0.09127707194360152,0.08328893614435894,0.0889240355040445,0.07168981280509323,L1,6594,-6381.205054085359,-6381.205058656078,0.9999999984006398,0.9999999950652796,0.9999999984549683,0.999999998429917,0.999999997365908,EMCC,0.9999999833072043,0.9999999966496298,random_mc2_n6_mid3_d1000_05_mr098_r10_17_uai,0.9999999981738549,0.9999999324920784,0.9999999983379415,0.9999999982947666,0.9999999982905889,0.9999999981759815,0.9999999982025961,0.9999999676708802,0.9999999984045945,0.1178368596496777,false,85,0.06878903821030855,./papers/journalEM/models/synthetic/s1/random_mc2_n6_mid3_d1000_05_mr098_r10_17.uai,-6381.205037276679,0.9999999284950235,0.9999999983483356,0.9999999650780349,0.9999999964017325,-6381.205048916115,-6381.20504874628,-6381.205243575427,-6381.205047457288,-6381.205468058598,-6381.205047882613,-6381.205048158122,-6381.205048184779,92,0.11155702543175153,0.07957386127079868,0.07766073067771027,0.06878903821030855,0.06910053742870309,0.06894980229105142,0.07446598129594789,0.09880101309526888,0.08325412871586207,0.07172980505336862
