avg_exo_card,tw,exo_dag,avg_indegree,dag,num_exo_vars,exo_cc,endo_dag,exo_tw,endo_tw,endo_cc,avg_endo_indegree,datasize,max_exo_card,markovianity,ratio
69.0,4,([0  1  2  3  4  5  6  7  8  9  10  11  12  13  14  15  16]  [(10 0)  (11 1)  (2 3)  (12 4)  (13 5)  (14 6)  (15 7)  (2 8)  (16 9)]),1.2941176470588236,([0  1  2  3  4  5  6  7  8  9  10  11  12  13  14  15  16]  [(7 0)  (10 0)  (0 1)  (3 1)  (7 1)  (11 1)  (2 3)  (9 4)  (12 4)  (0 5)  (3 5)  (8 5)  (13 5)  (3 6)  (9 6)  (14 6)  (3 7)  (15 7)  (2 8)  (7 8)  (5 9)  (16 9)]),8,[10][11][2][12][13][14][15][16],([0  1  3  4  5  6  7  8  9]  [(7 0)  (0 1)  (3 1)  (7 1)  (9 4)  (0 5)  (3 5)  (8 5)  (3 6)  (9 6)  (3 7)  (7 8)  (5 9)]),1,3,[0][1][3 8][4][5][6][7][9],1.4444444444444444,2000,256,1,0.9905192858539155
