avg_exo_card,tw,exo_dag,avg_indegree,dag,num_exo_vars,exo_cc,endo_dag,exo_tw,endo_tw,endo_cc,avg_endo_indegree,datasize,max_exo_card,markovianity,ratio
73.0,4,([0  1  2  3  4  5  6  7  8  9  10  11  12  13  14  15  16]  [(0 1)  (10 2)  (0 3)  (11 4)  (12 5)  (13 6)  (14 7)  (15 8)  (16 9)]),1.4705882352941178,([0  1  2  3  4  5  6  7  8  9  10  11  12  13  14  15  16]  [(0 1)  (1 2)  (7 2)  (10 2)  (0 3)  (1 3)  (7 4)  (8 4)  (11 4)  (1 5)  (12 5)  (1 6)  (2 6)  (7 6)  (13 6)  (3 7)  (5 7)  (14 7)  (2 8)  (5 8)  (15 8)  (1 9)  (2 9)  (7 9)  (16 9)]),8,[0][10][11][12][13][14][15][16],([1  2  3  4  5  6  7  8  9]  [(1 2)  (7 2)  (1 3)  (7 4)  (8 4)  (1 5)  (1 6)  (2 6)  (7 6)  (3 7)  (5 7)  (2 8)  (5 8)  (1 9)  (2 9)  (7 9)]),1,3,[1 3][2][4][5][6][7][8][9],1.7777777777777777,1000,256,1,0.9902948947720817
