treewdith,bias_endo_treewdith,method,ace_l,pns_u,endo_treewdith,bias_treewdith,selector,ace_u,pns_l,model_path,ps1,time_learn,time_ace,time_pns,trajectory_size_1,trajectory_size_0,trajectory_size_3,pns_4,trajectory_size_2,pns_2,trajectory_size_4,pns_3,pns_0,pns_1,sparents
4,,exact_data_based,0.40317411985196694,0.5111762444122812,4,,false,0.40317411985196694,0.41179231529994914,papers/pgm22/models/synthetic/1000/set4/rand13_mk0_nEndo6_k10_0.uai,1.0,,,,,,,,,,,,,,
4,,EMCC,0.3723579533689719,0.46674911831033344,4,,false,0.4033589973363707,0.402024007583145,papers/pgm22/models/synthetic/1000/set4/rand13_mk0_nEndo6_k10_0.uai,1.0,3647.0,34.0,48.0,20,20,20,0.46611999940653986,20,0.4449053012951107,20,0.4545258947177079,0.402024007583145,0.46674911831033344,
4,5,EMCC,-0.003785286143943245,0.09534623404141285,4,5,true,0.02503913086127113,3.387643312713143E-4,papers/pgm22/models/synthetic/1000/set4/rand13_mk0_nEndo6_k10_0.uai,0.0,148.0,3.0,8.0,6,20,3,3.387643312713143E-4,3,0.009400063964773608,11,0.0016518621822761638,0.01902929248518692,0.09534623404141285,[0", 4", 5]
