trueState,iter_max,modelPath,cause,threshold,ps1,falseState,stop_criteria,time_learn,datasize,localparam,modelID,target_ps1,model_type,infoPath,iter_9,iter_8,iter_7,time_pns,iter_6,pns_8,iter_5,pns_9,iter_4,pns_6,iter_3,pns_7,iter_2,pns_4,iter_1,pns_5,iter_0,pns_2,pns_3,effect,pns_0,pns_1
0,50,./papers/journalPGM/models/synthetic/s1/random_mc2_n6_mid3_d1000_05_mr098_r10_2.uai,2,0.0,0.753,1,KL,22753,1000,true,random_mc2_n6_mid3_d1000_05_mr098_r10_2_uai,0.75,Dobs+Dxb,./papers/journalPGM/models/synthetic/s1/random_mc2_n6_mid3_d1000_05_mr098_r10_2_info.csv,50,50,50,38,50,0.1514289598269189,50,0.0014032754560364485,50,0.0019336938791776866,50,0.12434026535985687,50,0.06034940980347922,50,0.016263530812824254,50,0.037868878749316444,0.12587018038174067,0,2.1529648583397965E-4,0.08126182586223787
0,50,./papers/journalPGM/models/synthetic/s1/random_mc2_n6_mid3_d1000_05_mr098_r10_2.uai,2,0.0,0.753,1,KL,63091,1000,true,random_mc2_n6_mid3_d1000_05_mr098_r10_2_uai,0.75,Dobs+Dx+Dxb ,./papers/journalPGM/models/synthetic/s1/random_mc2_n6_mid3_d1000_05_mr098_r10_2_info.csv,50,50,50,77,50,0.06093963455403113,50,0.1209654849379457,50,0.08809716572196971,50,0.12152676617268832,50,0.03825830691961221,50,0.12640472206424958,50,0.09838188340059667,0.05275774003150177,0,0.040615102510237554,0.06884668613908905
0,50,./papers/journalPGM/models/synthetic/s1/random_mc2_n6_mid3_d1000_05_mr098_r10_2.uai,2,0.0,0.753,1,KL,22705,1000,true,random_mc2_n6_mid3_d1000_05_mr098_r10_2_uai,0.75,Dx+Dxb,./papers/journalPGM/models/synthetic/s1/random_mc2_n6_mid3_d1000_05_mr098_r10_2_info.csv,50,50,50,43,50,0.001932982623673156,50,0.0371621960278215,50,0.12471624005831167,50,0.1620302189633669,50,0.011516196829604947,50,0.11458619982049698,50,0.13890823609165603,0.027196442018482328,0,0.10001547379087969,0.07107150688639435
0,50,./papers/journalPGM/models/synthetic/s1/random_mc2_n6_mid3_d1000_05_mr098_r10_2.uai,2,0.0,0.753,1,KL,7784,1000,true,random_mc2_n6_mid3_d1000_05_mr098_r10_2_uai,0.75,Dxb,./papers/journalPGM/models/synthetic/s1/random_mc2_n6_mid3_d1000_05_mr098_r10_2_info.csv,50,50,50,34,50,0.13590434682828811,50,0.1447217898185158,50,0.10645589500861947,50,0.15124400030939092,50,0.1169835315218109,50,0.11079232331981886,50,0.02791903748770114,0.1944398931442742,0,0.08423012845424932,0.0845605947262992
