ll_1,trueState,ll_0,exactPath,iter_max,pns_101,modelPath,pns_100,cause,threshold,ll_max,falseState,stop_criteria,time_learn,ll_101,ll_100,datasize,ratio_0,ratio_1,method,modelID,infoPath,ratio_101,ratio_100,time_pns,iter_100,iter_101,pns_u,effect,exact,pns_l
-1565.5650068073965,0,-1565.5650844181077,./random_mc2_n5_mid3_d1000_05_mr098_r10_12_uai_ccve.csv,500,0.013735903054650368,./papers/journalEM/models/synthetic/s1/random_mc2_n5_mid3_d1000_05_mr098_r10_12.uai,0.007332198339565514,4,0.999999,-1565.5638942104251,1,LLratio,3624,-1565.5650068073965,-1565.5650844181077,1000,0.9999992397584141,0.9999992893319878,EMCC,random_mc2_n5_mid3_d1000_05_mr098_r10_12_uai,./papers/journalEM/models/synthetic/s1/random_mc2_n5_mid3_d1000_05_mr098_r10_12_info.csv,0.9999992893319878,0.9999992397584141,50,500,500,0.013735903054650368,2,false,0.007332198339565514
