ll_1,ll_2,trueState,ll_0,ll_5,exactPath,ll_6,ll_3,ll_4,ll_9,ll_7,threshold,ll_8,falseState,stop_criteria,time_learn,datasize,ratio_4,ratio_5,ratio_6,ratio_7,method,ratio_8,modelID,ratio_9,pns_u,effect,exact,pns_l,iter_max,modelPath,cause,ll_max,ratio_0,ratio_1,ratio_2,ratio_3,infoPath,iter_9,iter_8,iter_7,time_pns,iter_6,pns_8,iter_5,pns_9,iter_4,pns_6,iter_3,pns_7,iter_2,pns_4,iter_1,pns_5,iter_0,pns_2,pns_3,pns_0,pns_1
-1565.5638981989327,-1565.5638968092119,0,-1565.563898282117,-1565.5638972870956,./random_mc2_n5_mid3_d1000_05_mr098_r10_12_uai_ccve_c3_e0.csv,-1565.5638978939953,-1565.563895453688,-1565.5639062631624,-1565.5638978730697,-1565.5638953740445,0.0,-1565.5638971868148,1,KL,3344,1000,0.9999999923013443,0.9999999980347842,0.9999999976471288,0.999999999256741,EMCC,0.9999999980988385,random_mc2_n5_mid3_d1000_05_mr098_r10_12_uai,0.9999999976604949,0.0,0,false,0.0,100,./papers/journalEM/models/synthetic/s1/random_mc2_n5_mid3_d1000_05_mr098_r10_12.uai,3,-1565.5638942104251,0.9999999973992171,0.9999999974523507,0.9999999983400314,0.9999999992058687,./papers/journalEM/models/synthetic/s1/random_mc2_n5_mid3_d1000_05_mr098_r10_12_info.csv,100,100,100,53,100,0.0,100,0.0,100,0.0,100,0.0,100,0.0,100,0.0,100,0.0,0.0,0.0,0.0
