llk_0,llk_1,pns_0,pns_1,pns_l,pns_u,time_inf,time_learn
1.1537803465234345E-5,0.0018380606491799085,1.1537803465234345E-5,0.0018380606491799085,1.1537803465234345E-5,0.0018380606491799085,8098.0,272.0
