,pns_low,pns_up,num_points,idx,time
0,0.2334653703049792,0.2334653703049792,1,8,1780
1,0.2334653703049792,0.23383652138677435,2,1,3052
