,pns_low,pns_up,num_points,idx,time
0,0.25157559070270374,0.32902759706812296,23,24,55057
