,pns_low,pns_up,num_points,idx,time
0,0.2797842655766155,0.32649782439332375,20,89,48907
