,pns_low,pns_up,num_points,idx,time
0,0.31099309563679034,0.31099309563679034,1,24,1312
