,pns_low,pns_up,num_points,idx,time
0,0.08135310680173259,0.08135310680173259,1,82,1913
1,0.08135310680173259,0.10080540139699497,2,5,3218
