,pns_low,pns_up,num_points,idx,time
0,0.2332980687057012,0.2332980687057012,1,11,1777
1,0.2332980687057012,0.23357580620000967,2,19,3043
