,pns_low,pns_up,num_points,idx,time
0,0.2741645895165378,0.32375596130634243,5,24,4370
