data_based,cause,effect,ace_l,ace_u,pns_l,pns_u
true,0,5,-0.08076381672960009,-0.08076381672960009,0.014445344622080001,0.014445344622080001
