data_based,cause,effect,ace_l,ace_u,pns_l,pns_u
true,0,6,-0.044534311685028,-0.044534311685028,0.0,0.19967247183623998
