data_based,cause,effect,ace_l,ace_u,pns_l,pns_u
true,0,6,-3.807558619199902E-4,-3.807558619199902E-4,3.785239987200001E-4,3.785239987200001E-4
