data_based,cause,effect,ace_l,ace_u,pns_l,pns_u
true,0,6,0.07193056103580003,0.07193056103580003,0.1459380314328,0.43927602730560006
