data_based,cause,effect,ace_l,ace_u,pns_l,pns_u
true,0,5,-0.028234674026494155,-0.028234674026494155,0.35630596120210306,0.43344043164861046
