data_based,cause,effect,ace_l,ace_u,pns_l,pns_u
true,0,5,-0.028234674026494266,-0.028234674026494266,0.10288836143834512,0.4342227562023387
