data_based,cause,effect,ace_l,ace_u,pns_l,pns_u
true,0,5,-0.42182049000000005,-0.42182049000000005,0.010015482000000001,0.010015482000000001
