data_based,cause,effect,ace_l,ace_u,pns_l,pns_u
true,0,7,0.188679064653,0.188679064653,0.19162795601700003,0.19162795601700003
