data_based,cause,effect,ace_l,ace_u,pns_l,pns_u
true,0,5,-0.028234674026493822,-0.028234674026493822,0.326776318599814,0.3905318386097801
