data_based,cause,effect,ace_l,ace_u,pns_l,pns_u
true,0,7,-0.03948900150000002,-0.03948900150000002,0.0,0.0014282970000000002
