data_based,cause,effect,ace_l,ace_u,pns_l,pns_u
true,0,5,-0.08076381672959998,-0.08076381672959998,0.0,0.27180831162431995
