data_based,cause,effect,ace_l,ace_u,pns_l,pns_u
true,0,6,-0.02778729840000005,-0.02778729840000005,0.0,0.10304520940000002
