data_based,cause,effect,ace_l,ace_u,pns_l,pns_u
true,0,5,0.7908569653999997,0.7908569653999997,0.8115840166,0.8243168864
