data_based,cause,effect,ace_l,ace_u,pns_l,pns_u
true,0,6,-0.40172789245050006,-0.40172789245050006,0.0,0.2666180802915
