data_based,cause,effect,ace_l,ace_u,pns_l,pns_u
true,0,7,-0.024995661961088017,-0.024995661961088017,0.040863569193956,0.04615651933912399
