data_based,cause,effect,ace_l,ace_u,pns_l,pns_u
true,0,5,-0.08076381672959987,-0.08076381672959987,0.09613857368831999,0.09613857368831999
