data_based,cause,effect,ace_l,ace_u,pns_l,pns_u
true,0,6,0.003071425605001621,0.003071425605001621,0.004266029417712991,0.004266029417712991
