data_based,cause,effect,ace_l,ace_u,pns_l,pns_u
true,0,6,0.2998884266529834,0.2998884266529834,0.33736288003990195,0.3785574674053535
