data_based,cause,effect,ace_l,ace_u,pns_l,pns_u
true,0,5,0.0,0.0,0.21217817670000003,0.21963817670000002
