data_based,cause,effect,ace_l,ace_u,pns_l,pns_u
true,0,5,-0.0014573990956559535,-0.0014573990956559535,0.0,0.015530453935035002
