data_based,cause,effect,ace_l,ace_u,pns_l,pns_u
true,0,7,-0.3073999815426451,-0.3073999815426451,0.0,0.33279799294819334
