data_based,cause,effect,ace_l,ace_u,pns_l,pns_u
true,0,2,0.0399660967,0.0399660967,0.041132040700000004,0.09746457559999999
