data_based,cause,effect,ace_l,ace_u,pns_l,pns_u
true,0,6,0.07193056103580003,0.07193056103580003,0.14822528051790007,0.4312452805179
