data_based,cause,effect,ace_l,ace_u,pns_l,pns_u
true,0,6,-0.6924804111596484,-0.6924804111596484,1.2300656082849415E-4,1.885752001623905E-4
