data_based,cause,effect,ace_l,ace_u,pns_l,pns_u
true,0,6,-0.3167741477321348,-0.3167741477321348,0.2149839836866156,0.2149839836866156
