data_based,cause,effect,ace_l,ace_u,pns_l,pns_u
true,0,7,-2.208817789162154E-5,-2.208817789162154E-5,0.003452895197864595,0.004330352398870285
