data_based,cause,effect,ace_l,ace_u,pns_l,pns_u
true,0,6,0.07193056103579998,0.07193056103579998,0.1459380314328,0.4392760273056
