data_based,cause,effect,ace_l,ace_u,pns_l,pns_u
true,0,3,0.061457615999999965,0.061457615999999965,0.06435443519999999,0.1514814859
