data_based,cause,effect,ace_l,ace_u,pns_l,pns_u
true,0,2,0.03996609669999997,0.03996609669999997,0.0502970577,0.09746457560000003
