data_based,cause,effect,ace_l,ace_u,pns_l,pns_u
true,0,6,0.2998884266529834,0.2998884266529834,0.2998884266529836,0.42924594707616537
