data_based,cause,effect,ace_l,ace_u,pns_l,pns_u
true,0,6,2.7886582920000347E-4,2.7886582920000347E-4,8.348759601000003E-4,8.348759601000003E-4
