data_based,cause,effect,ace_l,ace_u,pns_l,pns_u
true,0,6,-0.039538262941169966,-0.039538262941169966,0.0,0.30687985897337294
