data_based,cause,effect,ace_l,ace_u,pns_l,pns_u
true,0,6,1.3877787807814457E-17,1.3877787807814457E-17,0.262343475275524,0.262343475275524
