PNS,effect,cause,model
0.07996470966536709,0,9,triangolo_biashard_13.uai
0.07311095562396344,0,9,triangolo_biashard_170.uai
0.08066308437475561,0,9,triangolo_biashard_164.uai
0.07517941829601506,0,9,triangolo_biashard_158.uai
0.08934051854197697,0,9,triangolo_biashard_7.uai
0.03192083632104737,0,9,triangolo_biashard_6.uai
