,pns_low,pns_up,num_points,idx,time
0,0.033628886302679524,0.09731562296462881,29,1,57106
