,pns_low,pns_up,num_points,idx,time
0,0.0643199809324693,0.09517252683491284,29,1,83788
