PNS,effect,cause,model
0.04059883673406271,0,9,triangolo_causal_174.uai
0.06140800040045452,0,9,triangolo_causal_160.uai
0.0615081531106187,0,9,triangolo_causal_148.uai
0.07209892414121899,0,9,triangolo_causal_99.uai
0.0988034574546311,0,9,triangolo_causal_66.uai
0.04188212561176638,0,9,triangolo_causal_72.uai
