avg_exo_card,exo_dag,avg_indegree,dag,num_exo_vars,exo_cc,endo_dag,exo_tw,endo_cc,avg_endo_indegree,datasize,max_exo_card,markovianity,ratio
49.142857142857146,([0  1  2  3  4  5  6  7  8  9  10  11  12  13  14]  [(11 1)  (9 2)  (0 4)  (3 4)  (3 5)  (12 6)  (13 7)  (9 8)  (14 10)]),1.3333333333333333,([0  1  2  3  4  5  6  7  8  9  10  11  12  13  14]  [(8 1)  (11 1)  (1 2)  (8 2)  (9 2)  (0 4)  (3 4)  (7 4)  (1 5)  (3 5)  (4 5)  (7 6)  (12 6)  (8 7)  (13 7)  (9 8)  (1 10)  (4 10)  (5 10)  (14 10)]),7,[0 3][11][9][12][13][14],([1  2  4  5  6  7  8  10]  [(8 1)  (1 2)  (8 2)  (7 4)  (1 5)  (4 5)  (7 6)  (8 7)  (1 10)  (4 10)  (5 10)]),2,[4 5][1][2 8][6][7][10],1.375,2000,256,2,0.9912278526855592
