avg_exo_card,exo_dag,avg_indegree,dag,num_exo_vars,exo_cc,endo_dag,exo_tw,endo_cc,avg_endo_indegree,datasize,max_exo_card,markovianity,ratio
9.25,([0  1  2  3  4  5  6  7  8  9  10  11  12  13  14  15  16]  [(6 0)  (10 1)  (11 2)  (12 3)  (6 4)  (13 5)  (14 7)  (15 8)  (16 9)]),1.2352941176470589,([0  1  2  3  4  5  6  7  8  9  10  11  12  13  14  15  16]  [(6 0)  (3 1)  (7 1)  (10 1)  (8 2)  (11 2)  (8 3)  (12 3)  (3 4)  (6 4)  (9 4)  (1 5)  (2 5)  (13 5)  (0 7)  (9 7)  (14 7)  (0 8)  (15 8)  (3 9)  (16 9)]),8,[6][10][11][12][13][14][15][16],([0  1  2  3  4  5  7  8  9]  [(3 1)  (7 1)  (8 2)  (8 3)  (3 4)  (9 4)  (1 5)  (2 5)  (0 7)  (9 7)  (0 8)  (3 9)]),1,[0 4][1][2][3][5][7][8][9],1.3333333333333333,3000,18,1,0.9914574751800126
