avg_exo_card,tw,exo_dag,avg_indegree,dag,num_exo_vars,exo_cc,endo_dag,exo_tw,endo_tw,endo_cc,avg_endo_indegree,datasize,max_exo_card,markovianity,ratio
9.571428571428571,3,([0  1  2  3  4  5  6  7  8  9  10  11  12  13  14]  [(9 0)  (10 1)  (11 2)  (12 3)  (6 4)  (13 5)  (14 7)  (9 8)]),1.2,([0  1  2  3  4  5  6  7  8  9  10  11  12  13  14]  [(4 0)  (9 0)  (0 1)  (10 1)  (5 2)  (11 2)  (0 3)  (8 3)  (12 3)  (6 4)  (3 5)  (13 5)  (0 7)  (1 7)  (14 7)  (0 8)  (1 8)  (9 8)]),7,[9][10][11][12][6][13][14],([0  1  2  3  4  5  7  8]  [(4 0)  (0 1)  (5 2)  (0 3)  (8 3)  (3 5)  (0 7)  (1 7)  (0 8)  (1 8)]),1,2,[0 8][1][2][3][4][5][7],1.25,1000,21,1,0.9937308549908903
