avg_exo_card,tw,exo_dag,avg_indegree,dag,num_exo_vars,exo_cc,endo_dag,exo_tw,endo_tw,endo_cc,avg_endo_indegree,datasize,max_exo_card,markovianity,ratio
51.666666666666664,4,([0  1  2  3  4  5  6  7  8  9  10  11]  [(3 0)  (4 0)  (8 1)  (9 2)  (10 5)  (11 6)  (3 7)]),1.4166666666666667,([0  1  2  3  4  5  6  7  8  9  10  11]  [(3 0)  (4 0)  (0 1)  (6 1)  (8 1)  (1 2)  (7 2)  (9 2)  (2 5)  (6 5)  (7 5)  (10 5)  (0 6)  (11 6)  (0 7)  (1 7)  (3 7)]),6,[3 4][8][9][10][11],([0  1  2  5  6  7]  [(0 1)  (6 1)  (1 2)  (7 2)  (2 5)  (6 5)  (7 5)  (0 6)  (0 7)  (1 7)]),2,3,[0 7][1][2][5][6],1.6666666666666667,5500,256,2,0.9966068842284154
