avg_exo_card,tw,exo_dag,avg_indegree,dag,num_exo_vars,exo_cc,endo_dag,exo_tw,endo_tw,endo_cc,avg_endo_indegree,datasize,max_exo_card,markovianity,ratio
12.8,4,([0  1  2  3  4  5  6  7  8  9  10  11  12  13  14  15  16  17  18  19  20]  [(12 0)  (13 1)  (14 2)  (15 3)  (16 4)  (17 5)  (18 6)  (19 7)  (8 9)  (20 10)  (8 11)]),1.380952380952381,([0  1  2  3  4  5  6  7  8  9  10  11  12  13  14  15  16  17  18  19  20]  [(5 0)  (6 0)  (12 0)  (4 1)  (5 1)  (9 1)  (13 1)  (4 2)  (5 2)  (14 2)  (2 3)  (9 3)  (15 3)  (5 4)  (11 4)  (16 4)  (10 5)  (17 5)  (9 6)  (11 6)  (18 6)  (0 7)  (6 7)  (19 7)  (8 9)  (11 9)  (9 10)  (20 10)  (8 11)]),10,[12][13][14][15][16][17][18][19][8][20],([0  1  2  3  4  5  6  7  9  10  11]  [(5 0)  (6 0)  (4 1)  (5 1)  (9 1)  (4 2)  (5 2)  (2 3)  (9 3)  (5 4)  (11 4)  (10 5)  (9 6)  (11 6)  (0 7)  (6 7)  (11 9)  (9 10)]),1,3,[0][1][2][3][4][5][6][7][9 11][10],1.6363636363636365,1000,32,1,0.9733294419962326
