avg_exo_card,tw,exo_dag,avg_indegree,dag,num_exo_vars,exo_cc,endo_dag,exo_tw,endo_tw,endo_cc,avg_endo_indegree,datasize,max_exo_card,markovianity,ratio
13.0,3,([0  1  2  3  4  5  6  7  8  9  10  11  12  13]  [(4 1)  (0 2)  (10 3)  (11 5)  (12 6)  (13 7)  (0 8)  (4 9)]),1.4285714285714286,([0  1  2  3  4  5  6  7  8  9  10  11  12  13]  [(4 1)  (0 2)  (3 2)  (8 2)  (8 3)  (9 3)  (10 3)  (2 5)  (3 5)  (11 5)  (1 6)  (3 6)  (12 6)  (3 7)  (8 7)  (13 7)  (0 8)  (1 9)  (4 9)  (8 9)]),6,[0][4][10][11][12][13],([1  2  3  5  6  7  8  9]  [(3 2)  (8 2)  (8 3)  (9 3)  (2 5)  (3 5)  (1 6)  (3 6)  (3 7)  (8 7)  (1 9)  (8 9)]),1,3,[2 8][1 9][3][5][6][7],1.5,2000,16,1,0.9910182596967634
