data_based,cause,effect,ace_l,ace_u,pns_l,pns_u
true,0,6,-6.311287586768799E-5,-6.311287586768799E-5,0.009885768538603677,0.009885768538603677
false,0,6,-6.311287586768799E-5,-6.311287586768799E-5,0.009885768538603677,0.009885768538603677,-3.1017905193786444E-4,-3.1017905193786444E-4,0.006261033184599023,0.006261033184599023
