data_based,cause,effect,ace_l,ace_u,pns_l,pns_u
true,0,4,0.0010579980547302248,0.0010579980547302248,0.030879757812285538,0.030879757812285538
false,0,4,0.0010579980547302248,0.0010579980547302248,0.030879757812285538,0.030879757812285538,0.0020588352800000598,0.0020588352800000598,0.06427360770000001,0.06427360770000001
