data_based,cause,effect,ace_l,ace_u,pns_l,pns_u
true,0,4,2.0499329453288473E-4,2.0499329453288473E-4,0.024989138927693964,0.024989138927693964
false,0,4,2.0499329453288473E-4,2.0499329453288473E-4,0.024989138927693964,0.024989138927693964,-2.5325873999998416E-4,-2.5325873999998416E-4,0.012563152350000002,0.012563152350000002
