data_based,cause,effect,ace_l,ace_u,pns_l,pns_u
true,0,6,-6.311287586768799E-5,-6.311287586768799E-5,0.0,0.05139992580011652
false,0,6,-6.311287586768799E-5,-6.311287586768799E-5,0.0,0.05139992580011652,-8.357772023426246E-5,-8.357772023426246E-5,0.0,0.0518880662317323
