data_based,cause,effect,ace_l,ace_u,pns_l,pns_u
true,0,4,0.017372494351219236,0.017372494351219236,0.04725442232415287,0.04725442232415287
false,0,4,0.017372494351219236,0.017372494351219236,0.04725442232415287,0.04725442232415287,0.047068936593000044,0.047068936593000044,0.096778126662,0.096778126662
