data_based,cause,effect,ace_l,ace_u,pns_l,pns_u
true,0,4,-4.232825874801449E-4,-4.232825874801449E-4,2.8209493410500004E-4,0.013938293229631998
false,0,4,-4.232825874801449E-4,-4.232825874801449E-4,2.8209493410500004E-4,0.013938293229631998,-6.804000000000254E-4,-6.804000000000254E-4,2.6082E-4,0.011173370000000004
