data_based,cause,effect,ace_l,ace_u,pns_l,pns_u
true,0,4,-0.0022277939748899522,-0.0022277939748899522,4.4405406957999984E-4,0.044026252666791
false,0,4,-0.0022277939748899522,-0.0022277939748899522,4.4405406957999984E-4,0.044026252666791,-0.00167840400000005,-0.00167840400000005,3.9962000000000005E-4,0.04650053000000001
