data_based,cause,effect,ace_l,ace_u,pns_l,pns_u
true,0,6,-5.187676279327924E-5,-5.187676279327924E-5,0.0,0.0051118558544029375
false,0,6,-5.187676279327924E-5,-5.187676279327924E-5,0.0,0.0051118558544029375,-8.094912000000676E-5,-8.094912000000676E-5,0.0,0.005431898399999998
