data_based,cause,effect,ace_l,ace_u,pns_l,pns_u
true,0,4,0.005696691672319981,0.005696691672319981,0.006772698423480002,0.006772698423480002
false,0,4,0.005696691672319981,0.005696691672319981,0.006772698423480002,0.006772698423480002,0.004549284999999986,0.004549284999999986,0.004808518,0.004808518
