data_based,cause,effect,ace_l,ace_u,pns_l,pns_u
true,0,6,-0.003124960463298132,-0.003124960463298132,0.023478797860075794,0.023478797860075794
false,0,6,-0.003124960463298132,-0.003124960463298132,0.023478797860075794,0.023478797860075794,-0.004400182069079994,-0.004400182069079994,0.011606817974802,0.011606817974802
