data_based,cause,effect,ace_l,ace_u,pns_l,pns_u
true,0,4,0.017372494351219347,0.017372494351219347,0.01737249435121929,0.20460545927742455
false,0,4,0.017372494351219347,0.017372494351219347,0.01737249435121929,0.20460545927742455,0.016445295648000013,0.016445295648000013,0.016445295648000003,0.20395098062400002
