data_based,cause,effect,ace_l,ace_u,pns_l,pns_u
true,0,4,-5.4495476697113965E-5,-5.4495476697113965E-5,0.0,0.100720498069
false,0,4,-5.4495476697113965E-5,-5.4495476697113965E-5,0.0,0.100720498069,-1.5120537599988548E-4,-1.5120537599988548E-4,0.0,0.103532702112
