data_based,cause,effect,ace_l,ace_u,pns_l,pns_u
true,0,4,0.006189812672759976,0.006189812672759976,0.011860914680260001,0.012331280548419999
false,0,4,0.006189812672759976,0.006189812672759976,0.011860914680260001,0.012331280548419999,0.006971909999999859,0.006971909999999859,0.014015452000000001,0.014529086
