data_based,cause,effect,ace_l,ace_u,pns_l,pns_u
true,0,6,0.004173180039746871,0.004173180039746871,0.014545556538364778,0.014545556538364778
false,0,6,0.004173180039746871,0.004173180039746871,0.014545556538364778,0.014545556538364778,0.005137556311847535,0.005137556311847535,0.011340715929797232,0.011340715929797232
