data_based,cause,effect,ace_l,ace_u,pns_l,pns_u
true,0,6,2.9353881769722534E-7,2.9353881769722534E-7,7.606329065280001E-7,7.606329065280001E-7
false,0,6,2.9353881769722534E-7,2.9353881769722534E-7,7.606329065280001E-7,7.606329065280001E-7,0.0,0.0,0.0,0.0
