data_based,cause,effect,ace_l,ace_u,pns_l,pns_u
true,0,4,3.437396676000404E-4,3.437396676000404E-4,3.4402469219999997E-4,0.00143105965524
false,0,4,3.437396676000404E-4,3.437396676000404E-4,3.4402469219999997E-4,0.00143105965524,0.0,0.0,0.0,0.00148539
