data_based,cause,effect,ace_l,ace_u,pns_l,pns_u
true,0,6,-7.989881918024633E-6,-7.989881918024633E-6,1.1352295156797505E-4,1.1352295156797505E-4
false,0,6,-7.989881918024633E-6,-7.989881918024633E-6,1.1352295156797505E-4,1.1352295156797505E-4,-3.4736014499991974E-4,-3.4736014499991974E-4,0.0012976850700000002,0.0012976850700000002
