data_based,cause,effect,ace_l,ace_u,pns_l,pns_u
true,0,4,0.18942633710000006,0.18942633710000006,0.2567966434,0.2567966434
false,0,4,0.18942633710000006,0.18942633710000006,0.2567966434,0.2567966434,0.21987599999999996,0.21987599999999996,0.314001,0.314001
