data_based,cause,effect,ace_l,ace_u,pns_l,pns_u
true,0,6,-1.2934781280937724E-4,-1.2934781280937724E-4,0.0,0.024677542532024886
false,0,6,-1.2934781280937724E-4,-1.2934781280937724E-4,0.0,0.024677542532024886,-7.984761592760847E-5,-7.984761592760847E-5,0.0,0.0233261814175292
