data_based,cause,effect,ace_l,ace_u,pns_l,pns_u
true,0,4,0.12034876293497204,0.12034876293497204,0.12034876293497203,0.18656310310696095
false,0,4,0.12034876293497204,0.12034876293497204,0.12034876293497203,0.18656310310696095,0.115672216,0.115672216,0.115672216,0.18481386800000002
