data_based,cause,effect,ace_l,ace_u,pns_l,pns_u
true,0,6,0.0014612839970542524,0.0014612839970542524,0.0014612839970542303,0.0711395936931029
false,0,6,0.0014612839970542524,0.0014612839970542524,0.0014612839970542303,0.0711395936931029,0.0013738782494289725,0.0013738782494289725,0.00137387824942896,0.07123019172038748
