data_based,cause,effect,ace_l,ace_u,pns_l,pns_u
true,0,4,2.727688584615029E-4,2.727688584615029E-4,2.7276885846144E-4,0.09845257720766391
false,0,4,2.727688584615029E-4,2.727688584615029E-4,2.7276885846144E-4,0.09845257720766391,0.0,0.0,0.0,0.10583559
