data_based,cause,effect,ace_l,ace_u,pns_l,pns_u
true,0,4,-5.4495476697113965E-5,-5.4495476697113965E-5,0.0022048649915740056,0.0022048649915740056
false,0,4,-5.4495476697113965E-5,-5.4495476697113965E-5,0.0022048649915740056,0.0022048649915740056,-0.002196342199999979,-0.002196342199999979,0.01874927382,0.01874927382
