data_based,cause,effect,ace_l,ace_u,pns_l,pns_u
true,0,6,0.0021327353559279505,0.0021327353559279505,0.039244841400588,0.039244841400588
false,0,6,0.0021327353559279505,0.0021327353559279505,0.039244841400588,0.039244841400588,0.0041635839999999424,0.0041635839999999424,0.04590727999999999,0.04590727999999999
