data_based,cause,effect,ace_l,ace_u,pns_l,pns_u
true,0,6,-0.010094418414458572,-0.010094418414458572,6.676933604919177E-4,0.13732137556633256
false,0,6,-0.010094418414458572,-0.010094418414458572,6.676933604919177E-4,0.13732137556633256,-0.009480436560000027,-0.009480436560000027,6.2762472E-4,0.12492119051999999
