data_based,cause,effect,ace_l,ace_u,pns_l,pns_u
true,0,4,0.001084259530129028,0.001084259530129028,0.0021300486649969653,0.0021300486649969653
false,0,4,0.001084259530129028,0.001084259530129028,0.0021300486649969653,0.0021300486649969653,0.0040910486400000945,0.0040910486400000945,0.005297080320000002,0.005297080320000002
