data_based,cause,effect,ace_l,ace_u,pns_l,pns_u
true,0,4,2.507095955673888E-4,2.507095955673888E-4,2.507095955674127E-4,0.13157251453717253
false,0,4,2.507095955673888E-4,2.507095955673888E-4,2.507095955674127E-4,0.13157251453717253,3.9541558000000254E-4,3.9541558000000254E-4,3.9541558000000005E-4,0.13045192859000002
