data_based,cause,effect,ace_l,ace_u,pns_l,pns_u
true,0,4,-0.002702035558176004,-0.002702035558176004,0.012415751281968,0.012415751281968
false,0,4,-0.002702035558176004,-0.002702035558176004,0.012415751281968,0.012415751281968,-0.00895158,-0.00895158,0.022886946,0.022886946
