data_based,cause,effect,ace_l,ace_u,pns_l,pns_u
true,0,4,0.0010579980547302803,0.0010579980547302803,0.0010579980547302647,0.2665938388837583
false,0,4,0.0010579980547302803,0.0010579980547302803,0.0010579980547302647,0.2665938388837583,8.032828320000407E-4,8.032828320000407E-4,8.032828320000001E-4,0.257466094488
