data_based,cause,effect,ace_l,ace_u,pns_l,pns_u
true,0,6,-1.2934781280937724E-4,-1.2934781280937724E-4,0.014261733117548267,0.014261733117548267
false,0,6,-1.2934781280937724E-4,-1.2934781280937724E-4,0.014261733117548267,0.014261733117548267,-1.935051512488295E-4,-1.935051512488295E-4,0.009537128397562754,0.009537128397562754
