data_based,cause,effect,ace_l,ace_u,pns_l,pns_u
true,0,6,4.152016504710421E-5,4.152016504710421E-5,4.1520165047378016E-5,0.013024990169242988
false,0,6,4.152016504710421E-5,4.152016504710421E-5,4.1520165047378016E-5,0.013024990169242988,4.019529172905045E-5,4.019529172905045E-5,4.019529172896E-5,0.014553503814980162
