data_based,cause,effect,ace_l,ace_u,pns_l,pns_u
true,0,6,-6.148533768157716E-5,-6.148533768157716E-5,1.1159027900608433E-4,1.1159027900608433E-4
false,0,6,-6.148533768157716E-5,-6.148533768157716E-5,1.1159027900608433E-4,1.1159027900608433E-4,-6.30019132217885E-4,-6.30019132217885E-4,6.924534606359998E-4,6.924534606359998E-4
