data_based,cause,effect,ace_l,ace_u,pns_l,pns_u
true,0,6,2.801422333553738E-6,2.801422333553738E-6,2.1389600822865026E-5,2.1389600822865026E-5
false,0,6,2.801422333553738E-6,2.801422333553738E-6,2.1389600822865026E-5,2.1389600822865026E-5,2.466199581702133E-5,2.466199581702133E-5,1.1951434803916802E-4,1.1951434803916802E-4
