data_based,cause,effect,ace_l,ace_u,pns_l,pns_u
true,0,6,-2.286492462855172E-5,-2.286492462855172E-5,2.6285147936071203E-6,2.6285147936071203E-6
false,0,6,-2.286492462855172E-5,-2.286492462855172E-5,2.6285147936071203E-6,2.6285147936071203E-6,0.0,0.0,0.0,0.0
