data_based,cause,effect,ace_l,ace_u,pns_l,pns_u
true,0,6,2.0425029784681276E-4,2.0425029784681276E-4,3.027679528057193E-4,3.027679528057193E-4
false,0,6,2.0425029784681276E-4,2.0425029784681276E-4,3.027679528057193E-4,3.027679528057193E-4,1.529880000000032E-4,1.529880000000032E-4,2.1583980000000003E-4,2.1583980000000003E-4
