data_based,cause,effect,ace_l,ace_u,pns_l,pns_u
true,0,6,-1.9813908883614673E-6,-1.9813908883614673E-6,0.0,2.3022803376567136E-5
false,0,6,-1.9813908883614673E-6,-1.9813908883614673E-6,0.0,2.3022803376567136E-5,1.9282723018321235E-7,1.9282723018321235E-7,1.9282723012800002E-7,2.8656976763376004E-5
