data_based,cause,effect,ace_l,ace_u,pns_l,pns_u
true,0,4,0.0017399757931712,0.0017399757931712,0.0017399757931710787,0.021250273304256013
false,0,4,0.0017399757931712,0.0017399757931712,0.0017399757931710787,0.021250273304256013,0.002113766655000071,0.002113766655000071,0.002113766655,0.021590978519999998
