data_based,cause,effect,ace_l,ace_u,pns_l,pns_u
true,0,6,0.021201592201771646,0.021201592201771646,0.021333702174185776,0.06664513641228381
false,0,6,0.021201592201771646,0.021201592201771646,0.021333702174185776,0.06664513641228381,0.022124008080000035,0.022124008080000035,0.022124008079999997,0.06979114555200001
