data_based,cause,effect,ace_l,ace_u,pns_l,pns_u
true,0,4,-0.0025822220641280036,-0.0025822220641280036,0.005266465966040001,0.005464453902296
false,0,4,-0.0025822220641280036,-0.0025822220641280036,0.005266465966040001,0.005464453902296,-0.00428259999999997,-0.00428259999999997,0.00528931,0.00528931
