data_based,cause,effect,ace_l,ace_u,pns_l,pns_u
true,0,6,0.0014612839970541969,0.0014612839970541969,0.03887193479728552,0.03887193479728552
false,0,6,0.0014612839970541969,0.0014612839970541969,0.03887193479728552,0.03887193479728552,0.0035067404354534593,0.0035067404354534593,0.018155938833634946,0.018155938833634946
