data_based,cause,effect,ace_l,ace_u,pns_l,pns_u
true,0,4,0.037812232899999965,0.037812232899999965,0.0458971487,0.0458971487
false,0,4,0.037812232899999965,0.037812232899999965,0.0458971487,0.0458971487,0.04632000000000003,0.04632000000000003,0.04632,0.04632
