data_based,cause,effect,ace_l,ace_u,pns_l,pns_u
true,0,6,4.2347001000919704E-5,4.2347001000919704E-5,4.3203400946507494E-5,0.013082811565417726
false,0,6,4.2347001000919704E-5,4.2347001000919704E-5,4.3203400946507494E-5,0.013082811565417726,2.2614221000027968E-5,2.2614221000027968E-5,2.2824912500000003E-5,0.014621952084100002
