data_based,cause,effect,ace_l,ace_u,pns_l,pns_u
true,0,6,0.0021327353559280615,0.0021327353559280615,0.0037119762387760004,0.023764154548488
false,0,6,0.0021327353559280615,0.0021327353559280615,0.0037119762387760004,0.023764154548488,0.005028352000000069,0.005028352000000069,0.007071119999999998,0.04046251999999998
