data_based,cause,effect,ace_l,ace_u,pns_l,pns_u
true,0,4,0.0058366153999999115,0.0058366153999999115,0.015435334700000001,0.015435334700000001
false,0,4,0.0058366153999999115,0.0058366153999999115,0.015435334700000001,0.015435334700000001,0.0020459999999999923,0.0020459999999999923,0.002245,0.002245
