data_based,cause,effect,ace_l,ace_u,pns_l,pns_u
true,0,4,1.0786499999999519E-4,1.0786499999999519E-4,1.0786500000000001E-4,0.0035684426000000004
false,0,4,1.0786499999999519E-4,1.0786499999999519E-4,1.0786500000000001E-4,0.0035684426000000004,-0.001400000000000002,-0.001400000000000002,0.0,0.005579
