data_based,cause,effect,ace_l,ace_u,pns_l,pns_u
true,0,6,-5.330529129210504E-9,-5.330529129210504E-9,0.0,6.492884662033751E-5
false,0,6,-5.330529129210504E-9,-5.330529129210504E-9,0.0,6.492884662033751E-5,4.786451235361255E-10,4.786451235361255E-10,4.786452000000001E-10,8.696562532511999E-5
