data_based,cause,effect,ace_l,ace_u,pns_l,pns_u
true,0,6,-0.0030998766195637906,-0.0030998766195637906,6.980791631385599E-6,0.023499636824317556
false,0,6,-0.0030998766195637906,-0.0030998766195637906,6.980791631385599E-6,0.023499636824317556,-0.003990653279999923,-0.003990653279999923,8.013359999999999E-6,0.03071878836000001
