data_based,cause,effect,ace_l,ace_u,pns_l,pns_u
true,0,6,0.0021327353559280615,0.0021327353559280615,0.002132735355928,0.042114059886604
false,0,6,0.0021327353559280615,0.0021327353559280615,0.002132735355928,0.042114059886604,0.0041033160000001345,0.0041033160000001345,0.004103315999999999,0.054663525000000004
