data_based,cause,effect,ace_l,ace_u,pns_l,pns_u
true,0,4,1.1027772576166495E-5,1.1027772576166495E-5,1.1027772576158397E-5,0.18525083246585589
false,0,4,1.1027772576166495E-5,1.1027772576166495E-5,1.1027772576158397E-5,0.18525083246585589,1.653959999958765E-6,1.653959999958765E-6,1.65396E-6,0.19294410282000002
