data_based,cause,effect,ace_l,ace_u,pns_l,pns_u
true,0,4,-3.4409372634003343E-4,-3.4409372634003343E-4,4.991315820400001E-4,0.08170548158073601
false,0,4,-3.4409372634003343E-4,-3.4409372634003343E-4,4.991315820400001E-4,0.08170548158073601,-1.0920000000136376E-5,-1.0920000000136376E-5,6.552000000000001E-5,0.08207096400000001
