data_based,cause,effect,ace_l,ace_u,pns_l,pns_u
true,0,4,0.028268380078469296,0.028268380078469296,0.028268380078469293,0.08031711023261891
false,0,4,0.028268380078469296,0.028268380078469296,0.028268380078469293,0.08031711023261891,0.03000260735999999,0.03000260735999999,0.03000260736,0.085290555456
