data_based,cause,effect,ace_l,ace_u,pns_l,pns_u
true,0,4,0.05873779586679995,0.05873779586679995,0.19574946808458002,0.19574946808458002
false,0,4,0.05873779586679995,0.05873779586679995,0.19574946808458002,0.19574946808458002,0.06950017200000003,0.06950017200000003,0.15436995599999997,0.15436995599999997
