data_based,cause,effect,ace_l,ace_u,pns_l,pns_u
true,0,4,-0.040298145494040094,-0.040298145494040094,0.02142026893818,0.296240918290704
false,0,4,-0.040298145494040094,-0.040298145494040094,0.02142026893818,0.296240918290704,-0.04015049999999998,-0.04015049999999998,0.023110499999999996,0.29562195
