data_based,cause,effect,ace_l,ace_u,pns_l,pns_u
true,0,6,-6.148533768157716E-5,-6.148533768157716E-5,0.0,0.13750690215421618
false,0,6,-6.148533768157716E-5,-6.148533768157716E-5,0.0,0.13750690215421618,-4.6044240153031435E-5,-4.6044240153031435E-5,0.0,0.13732303740346488
