data_based,cause,effect,ace_l,ace_u,pns_l,pns_u
true,0,6,-1.8675420155878086E-6,-1.8675420155878086E-6,6.189647831240186E-5,6.189647831240186E-5
false,0,6,-1.8675420155878086E-6,-1.8675420155878086E-6,6.189647831240186E-5,6.189647831240186E-5,-4.722762635955835E-5,-4.722762635955835E-5,7.988782717528922E-4,7.988782717528922E-4
