data_based,cause,effect,ace_l,ace_u,pns_l,pns_u
true,0,4,-3.128282454212261E-5,-3.128282454212261E-5,0.013505018968376496,0.013505018968376496
false,0,4,-3.128282454212261E-5,-3.128282454212261E-5,0.013505018968376496,0.013505018968376496,-8.600159999982981E-6,-8.600159999982981E-6,0.006779338319999998,0.006779338319999998
