data_based,cause,effect,ace_l,ace_u,pns_l,pns_u
true,0,6,1.2015557402045296E-5,1.2015557402045296E-5,1.31103291099664E-5,1.31103291099664E-5
false,0,6,1.2015557402045296E-5,1.2015557402045296E-5,1.31103291099664E-5,1.31103291099664E-5,0.0,0.0,0.0,0.0
