data_based,cause,effect,ace_l,ace_u,pns_l,pns_u
true,0,4,0.0010842595301291391,0.0010842595301291391,0.0010842595301291456,0.05652163302542617
false,0,4,0.0010842595301291391,0.0010842595301291391,0.0010842595301291456,0.05652163302542617,0.0011178155519999677,0.0011178155519999677,0.0011178155520000003,0.062087417676
