data_based,cause,effect,ace_l,ace_u,pns_l,pns_u
true,0,4,0.0019279721939200467,0.0019279721939200467,0.00412082745584,0.005801068483440001
false,0,4,0.0019279721939200467,0.0019279721939200467,0.00412082745584,0.005801068483440001,-5.278499999999964E-4,-5.278499999999964E-4,7.825950000000001E-4,0.00118881
