data_based,cause,effect,ace_l,ace_u,pns_l,pns_u
true,0,4,0.046609307198487104,0.046609307198487104,0.05385568196972699,0.06851963635721599
false,0,4,0.046609307198487104,0.046609307198487104,0.05385568196972699,0.06851963635721599,0.052610727000000135,0.052610727000000135,0.054447471,0.070065073
