data_based,cause,effect,ace_l,ace_u,pns_l,pns_u
true,0,6,-5.162494167116338E-4,-5.162494167116338E-4,0.12237013875831158,0.12820174441394272
false,0,6,-5.162494167116338E-4,-5.162494167116338E-4,0.12237013875831158,0.12820174441394272,-2.518629558479965E-4,-2.518629558479965E-4,0.026305422942456004,0.027185246113176
