data_based,cause,effect,ace_l,ace_u,pns_l,pns_u
true,0,4,4.392244209150409E-4,4.392244209150409E-4,0.009476963539559999,0.009476963539559999
false,0,4,4.392244209150409E-4,4.392244209150409E-4,0.009476963539559999,0.009476963539559999,4.0634999999999977E-4,4.0634999999999977E-4,0.002799279,0.002799279
