data_based,cause,effect,ace_l,ace_u,pns_l,pns_u
true,0,4,-0.0025822220641280036,-0.0025822220641280036,0.0012114458583700003,0.009682811690608
false,0,4,-0.0025822220641280036,-0.0025822220641280036,0.0012114458583700003,0.009682811690608,-0.0035294400000000226,-0.0035294400000000226,0.0017941320000000004,0.01326888
