data_based,cause,effect,ace_l,ace_u,pns_l,pns_u
true,0,4,0.0017399757931713111,0.0017399757931713111,0.0042045972499813655,0.0042045972499813655
false,0,4,0.0017399757931713111,0.0017399757931713111,0.0042045972499813655,0.0042045972499813655,0.003589194859999978,0.003589194859999978,0.006802553836000003,0.006802553836000003
