data_based,cause,effect,ace_l,ace_u,pns_l,pns_u
true,0,6,5.380800836624067E-4,5.380800836624067E-4,0.005305464974877032,0.005305464974877032
false,0,6,5.380800836624067E-4,5.380800836624067E-4,0.005305464974877032,0.005305464974877032,0.0011279517799680505,0.0011279517799680505,0.010125772662204,0.010125772662204
