data_based,cause,effect,ace_l,ace_u,pns_l,pns_u
true,0,6,-2.513650946622814E-5,-2.513650946622814E-5,1.1664781165030399E-5,1.1664781165030399E-5
false,0,6,-2.513650946622814E-5,-2.513650946622814E-5,1.1664781165030399E-5,1.1664781165030399E-5,0.0,0.0,0.0,0.0
