data_based,cause,effect,ace_l,ace_u,pns_l,pns_u
true,0,6,0.004173180039746871,0.004173180039746871,0.0041731800397468806,0.03478173280620131
false,0,6,0.004173180039746871,0.004173180039746871,0.0041731800397468806,0.03478173280620131,0.004053293173943984,0.004053293173943984,0.004053293173943999,0.03410445978732658
