data_based,cause,effect,ace_l,ace_u,pns_l,pns_u
true,0,6,-1.9181072675844568E-5,-1.9181072675844568E-5,2.761396464189968E-4,2.761396464189968E-4
false,0,6,-1.9181072675844568E-5,-1.9181072675844568E-5,2.761396464189968E-4,2.761396464189968E-4,8.969897663968496E-6,8.969897663968496E-6,7.590508228800001E-4,7.590508228800001E-4
