data_based,cause,effect,ace_l,ace_u,pns_l,pns_u
true,0,4,-2.997660349501885E-6,-2.997660349501885E-6,8.246088326044798E-7,8.246088326044798E-7
false,0,4,-2.997660349501885E-6,-2.997660349501885E-6,8.246088326044798E-7,8.246088326044798E-7,-3.1144608000011065E-4,-3.1144608000011065E-4,5.236704000000001E-5,5.236704000000001E-5
