data_based,cause,effect,ace_l,ace_u,pns_l,pns_u
true,0,4,-0.003989164533899969,-0.003989164533899969,0.004564297537800002,0.051368283201300005
false,0,4,-0.003989164533899969,-0.003989164533899969,0.004564297537800002,0.051368283201300005,5.67749999999978E-4,5.67749999999978E-4,6.62375E-4,0.049867375000000005
