data_based,cause,effect,ace_l,ace_u,pns_l,pns_u
true,0,4,0.04173065824410005,0.04173065824410005,0.05512871783803499,0.05512871783803499
false,0,4,0.04173065824410005,0.04173065824410005,0.05512871783803499,0.05512871783803499,0.038170800000000005,0.038170800000000005,0.05067176,0.05067176
