data_based,cause,effect,ace_l,ace_u,pns_l,pns_u
true,0,6,-1.9421361484111763E-4,-1.9421361484111763E-4,2.2689397374918753E-5,2.2689397374918753E-5
false,0,6,-1.9421361484111763E-4,-1.9421361484111763E-4,2.2689397374918753E-5,2.2689397374918753E-5,-4.686600120000009E-4,-4.686600120000009E-4,0.0,0.0
