data_based,cause,effect,ace_l,ace_u,pns_l,pns_u
true,0,4,0.02826838007846927,0.02826838007846927,0.03082132390531487,0.03082132390531487
false,0,4,0.02826838007846927,0.02826838007846927,0.03082132390531487,0.03082132390531487,0.0777689748,0.0777689748,0.0838249038,0.0838249038
