data_based,cause,effect,ace_l,ace_u,pns_l,pns_u
true,0,4,3.484407456000316E-5,3.484407456000316E-5,4.162639247999999E-5,4.162639247999999E-5
false,0,4,3.484407456000316E-5,3.484407456000316E-5,4.162639247999999E-5,4.162639247999999E-5,1.3391999999989856E-4,1.3391999999989856E-4,1.6334999999999999E-4,1.6334999999999999E-4
