data_based,cause,effect,ace_l,ace_u,pns_l,pns_u
true,0,6,-1.3834928778211353E-5,-1.3834928778211353E-5,1.2994440602796128E-5,1.2994440602796128E-5
false,0,6,-1.3834928778211353E-5,-1.3834928778211353E-5,1.2994440602796128E-5,1.2994440602796128E-5,-0.0012535520399999944,-0.0012535520399999944,5.28741822E-4,5.28741822E-4
