data_based,cause,effect,ace_l,ace_u,pns_l,pns_u
true,0,6,2.358584327843971E-9,2.358584327843971E-9,8.859112507569045E-5,8.859112507569045E-5
false,0,6,2.358584327843971E-9,2.358584327843971E-9,8.859112507569045E-5,8.859112507569045E-5,4.754997007250239E-8,4.754997007250239E-8,1.5909345621E-4,1.5909345621E-4
