data_based,cause,effect,ace_l,ace_u,pns_l,pns_u
true,0,4,0.0010861401348001287,0.0010861401348001287,0.0021250219599,0.0021250219599
false,0,4,0.0010861401348001287,0.0010861401348001287,0.0021250219599,0.0021250219599,0.0,0.0,0.0,0.0
