data_based,cause,effect,ace_l,ace_u,pns_l,pns_u
true,0,4,-0.0010250063968549883,-0.0010250063968549883,8.678732362999999E-5,8.678732362999999E-5
false,0,4,-0.0010250063968549883,-0.0010250063968549883,8.678732362999999E-5,8.678732362999999E-5,-0.005381316000000025,-0.005381316000000025,0.0013248119999999999,0.0013248119999999999
