data_based,cause,effect,ace_l,ace_u,pns_l,pns_u
true,0,6,1.3591454989247964E-6,1.3591454989247964E-6,3.748207720088034E-5,3.748207720088034E-5
false,0,6,1.3591454989247964E-6,1.3591454989247964E-6,3.748207720088034E-5,3.748207720088034E-5,1.9923649201558646E-6,1.9923649201558646E-6,4.220857326E-5,4.220857326E-5
