data_based,cause,effect,ace_l,ace_u,pns_l,pns_u
true,0,6,2.4845831805286878E-6,2.4845831805286878E-6,5.2057933306278915E-6,8.567753744728169E-5
false,0,6,2.4845831805286878E-6,2.4845831805286878E-6,5.2057933306278915E-6,8.567753744728169E-5,4.895587840669791E-7,4.895587840669791E-7,4.895587840000002E-7,1.1509831712000004E-5
