data_based,cause,effect,ace_l,ace_u,pns_l,pns_u
true,0,4,-7.5950999999241375E-6,-7.5950999999241375E-6,2.48994E-5,6.71031E-5
false,0,4,-7.5950999999241375E-6,-7.5950999999241375E-6,2.48994E-5,6.71031E-5,1.399999999995849E-5,1.399999999995849E-5,1.4000000000000001E-5,1.26E-4
