data_based,cause,effect,ace_l,ace_u,pns_l,pns_u
true,0,6,0.003620075104284304,0.003620075104284304,0.0063246377828072116,0.0063246377828072116
false,0,6,0.003620075104284304,0.003620075104284304,0.0063246377828072116,0.0063246377828072116,0.0674811516313959,0.0674811516313959,0.11006078233011263,0.11006078233011263
