data_based,cause,effect,ace_l,ace_u,pns_l,pns_u
true,0,4,0.0010873449999999896,0.0010873449999999896,0.001087345,0.030942658400000003
false,0,4,0.0010873449999999896,0.0010873449999999896,0.001087345,0.030942658400000003,-1.2500000000004174E-4,-1.2500000000004174E-4,0.0,0.001467
