data_based,cause,effect,ace_l,ace_u,pns_l,pns_u
true,0,4,1.3247237741044818E-5,1.3247237741044818E-5,2.5415070925416483E-5,2.5415070925416483E-5
false,0,4,1.3247237741044818E-5,1.3247237741044818E-5,2.5415070925416483E-5,2.5415070925416483E-5,3.5214144000001585E-5,3.5214144000001585E-5,5.2821216000000006E-5,5.2821216000000006E-5
