data_based,cause,effect,ace_l,ace_u,pns_l,pns_u
true,0,6,-2.1432865260351264E-8,-2.1432865260351264E-8,1.229710641404931E-5,0.003966550914620931
false,0,6,-2.1432865260351264E-8,-2.1432865260351264E-8,1.229710641404931E-5,0.003966550914620931,0.0,0.0,0.0,7.665123502080001E-4
