data_based,cause,effect,ace_l,ace_u,pns_l,pns_u
true,0,4,-0.009546154656552064,-0.009546154656552064,0.011345446524078,0.011345446524078
false,0,4,-0.009546154656552064,-0.009546154656552064,0.011345446524078,0.011345446524078,-0.009135681000000062,-0.009135681000000062,0.004820672999999999,0.004820672999999999
