data_based,cause,effect,ace_l,ace_u,pns_l,pns_u
true,0,4,-0.002440709400000074,-0.002440709400000074,0.0,0.05453203029999999
false,0,4,-0.002440709400000074,-0.002440709400000074,0.0,0.05453203029999999,-0.003233999999999959,-0.003233999999999959,0.0,0.025133999999999997
