data_based,cause,effect,ace_l,ace_u,pns_l,pns_u
true,0,4,-0.0011143479407661472,-0.0011143479407661472,0.0,0.0494900658272958
false,0,4,-0.0011143479407661472,-0.0011143479407661472,0.0,0.0494900658272958,-9.09506399999982E-4,-9.09506399999982E-4,0.0,0.05067358728
