data_based,cause,effect,ace_l,ace_u,pns_l,pns_u
true,0,4,0.6285557034,0.6285557034,0.6291659736,0.6293833050000001
false,0,4,0.6285557034,0.6285557034,0.6291659736,0.6293833050000001,0.710774,0.710774,0.711535,0.711535
