data_based,cause,effect,ace_l,ace_u,pns_l,pns_u
true,0,4,-0.0025822220641280036,-0.0025822220641280036,0.005266465966040001,0.005266465966040001
false,0,4,-0.0025822220641280036,-0.0025822220641280036,0.005266465966040001,0.005266465966040001,-0.004319839999999964,-0.004319839999999964,0.005335304,0.005335304
