data_based,cause,effect,ace_l,ace_u,pns_l,pns_u
true,0,6,1.3752154543285322E-4,1.3752154543285322E-4,4.2122891211748717E-4,4.2122891211748717E-4
false,0,6,1.3752154543285322E-4,1.3752154543285322E-4,4.2122891211748717E-4,4.2122891211748717E-4,3.806930469887962E-4,3.806930469887962E-4,6.589541140224E-4,6.589541140224E-4
