data_based,cause,effect,ace_l,ace_u,pns_l,pns_u
true,0,6,0.006183483714414406,0.006183483714414406,0.06282326330063263,0.06286333524160626
false,0,6,0.006183483714414406,0.006183483714414406,0.06282326330063263,0.06286333524160626,0.004353749945999907,0.004353749945999907,0.018039529328,0.018039529328
