avg_exo_card,tw,exo_dag,avg_indegree,dag,num_exo_vars,exo_cc,endo_dag,exo_tw,endo_tw,endo_cc,avg_endo_indegree,datasize,max_exo_card,markovianity,ratio
10.0,3,([0  1  2  3  4  5  6  7  8  9  10  11  12]  [(8 0)  (9 1)  (10 2)  (11 3)  (6 4)  (12 5)  (6 7)]),1.2307692307692308,([0  1  2  3  4  5  6  7  8  9  10  11  12]  [(1 0)  (8 0)  (4 1)  (7 1)  (9 1)  (1 2)  (3 2)  (10 2)  (4 3)  (11 3)  (6 4)  (0 5)  (7 5)  (12 5)  (4 7)  (6 7)]),6,[8][9][10][11][6][12],([0  1  2  3  4  5  7]  [(1 0)  (4 1)  (7 1)  (1 2)  (3 2)  (4 3)  (0 5)  (7 5)  (4 7)]),1,2,[0][1][2][3][4 7][5],1.2857142857142858,1500,16,1,0.9897179530858978
