avg_exo_card,exo_dag,avg_indegree,dag,num_exo_vars,exo_cc,endo_dag,exo_tw,endo_cc,avg_endo_indegree,datasize,max_exo_card,markovianity,ratio
10.0,([0  1  2  3  4  5  6  7  8  9  10  11  12  13  14  15  16  17]  [(10 0)  (11 2)  (1 3)  (12 4)  (13 5)  (14 6)  (15 7)  (16 8)  (17 9)]),1.2777777777777777,([0  1  2  3  4  5  6  7  8  9  10  11  12  13  14  15  16  17]  [(2 0)  (9 0)  (10 0)  (3 2)  (5 2)  (11 2)  (1 3)  (7 4)  (12 4)  (4 5)  (7 5)  (13 5)  (5 6)  (7 6)  (14 6)  (3 7)  (9 7)  (15 7)  (5 8)  (6 8)  (16 8)  (3 9)  (17 9)]),9,[10][1][11][12][13][14][15][16][17],([0  2  3  4  5  6  7  8  9]  [(2 0)  (9 0)  (3 2)  (5 2)  (7 4)  (4 5)  (7 5)  (5 6)  (7 6)  (3 7)  (9 7)  (5 8)  (6 8)  (3 9)]),1,[0][3][2][4][5][6][7][8][9],1.5555555555555556,1000,16,0,0.9889550144043451
