avg_exo_card,exo_dag,avg_indegree,dag,num_exo_vars,exo_cc,endo_dag,exo_tw,endo_tw,endo_cc,avg_endo_indegree,datasize,max_exo_card,markovianity,ratio
7.875,([0  1  2  3  4  5  6  7  8  9  10  11  12  13  14  15  16]  [(11 0)  (12 1)  (13 2)  (14 4)  (6 5)  (3 7)  (15 8)  (3 9)  (16 10)]),1.2352941176470589,([0  1  2  3  4  5  6  7  8  9  10  11  12  13  14  15  16]  [(8 0)  (9 0)  (10 0)  (11 0)  (5 1)  (12 1)  (4 2)  (13 2)  (5 4)  (9 4)  (14 4)  (6 5)  (8 5)  (3 7)  (7 8)  (15 8)  (1 9)  (3 9)  (5 9)  (7 10)  (16 10)]),8,[11][12][13][3][14][6][15][16],([0  1  2  4  5  7  8  9  10]  [(8 0)  (9 0)  (10 0)  (5 1)  (4 2)  (5 4)  (9 4)  (8 5)  (7 8)  (1 9)  (5 9)  (7 10)]),1,3,[0][1][2][7 9][4][5][8][10],1.3333333333333333,1500,20,1,0.9470376165206955
