avg_exo_card,exo_dag,avg_indegree,dag,num_exo_vars,exo_cc,endo_dag,exo_tw,endo_cc,avg_endo_indegree,datasize,max_exo_card,markovianity,ratio
43.57142857142857,([0  1  2  3  4  5  6  7  8  9  10  11  12  13]  [(11 3)  (12 5)  (0 6)  (2 6)  (4 6)  (2 7)  (13 8)  (0 9)  (1 10)]),1.2857142857142858,([0  1  2  3  4  5  6  7  8  9  10  11  12  13]  [(6 3)  (9 3)  (10 3)  (11 3)  (6 5)  (8 5)  (12 5)  (0 6)  (2 6)  (4 6)  (2 7)  (7 8)  (9 8)  (13 8)  (0 9)  (6 9)  (1 10)  (7 10)]),7,[0 2 4][1][11][12][13],([3  5  6  7  8  9  10]  [(6 3)  (9 3)  (10 3)  (6 5)  (8 5)  (7 8)  (9 8)  (6 9)  (7 10)]),3,[6 7 9][10][3][5][8],1.2857142857142858,1000,256,2,0.9921017498953938
