avg_exo_card,tw,exo_dag,avg_indegree,dag,num_exo_vars,exo_cc,endo_dag,exo_tw,endo_tw,endo_cc,avg_endo_indegree,datasize,max_exo_card,markovianity,ratio
10.428571428571429,3,([0  1  2  3  4  5  6  7  8  9  10  11  12  13]  [(9 0)  (10 1)  (2 4)  (3 5)  (11 6)  (12 7)  (13 8)]),1.2857142857142858,([0  1  2  3  4  5  6  7  8  9  10  11  12  13]  [(1 0)  (4 0)  (9 0)  (4 1)  (5 1)  (10 1)  (2 4)  (3 5)  (4 5)  (0 6)  (8 6)  (11 6)  (0 7)  (8 7)  (12 7)  (0 8)  (1 8)  (13 8)]),7,[9][10][2][3][11][12][13],([0  1  4  5  6  7  8]  [(1 0)  (4 0)  (4 1)  (5 1)  (4 5)  (0 6)  (8 6)  (0 7)  (8 7)  (0 8)  (1 8)]),1,2,[0][1][4][5][6][7][8],1.5714285714285714,4500,16,0,0.9674182205617594
