avg_exo_card,tw,exo_dag,avg_indegree,dag,num_exo_vars,exo_cc,endo_dag,exo_tw,endo_tw,endo_cc,avg_endo_indegree,datasize,max_exo_card,markovianity,ratio
9.454545454545455,3,([0  1  2  3  4  5  6  7  8  9  10  11  12  13  14  15  16  17  18  19  20  21  22]  [(13 0)  (6 1)  (6 2)  (14 3)  (15 4)  (16 5)  (17 7)  (18 8)  (19 9)  (20 10)  (21 11)  (22 12)]),1.3043478260869565,([0  1  2  3  4  5  6  7  8  9  10  11  12  13  14  15  16  17  18  19  20  21  22]  [(1 0)  (5 0)  (13 0)  (6 1)  (0 2)  (1 2)  (6 2)  (1 3)  (8 3)  (14 3)  (3 4)  (8 4)  (15 4)  (1 5)  (11 5)  (16 5)  (4 7)  (17 7)  (1 8)  (18 8)  (3 9)  (4 9)  (19 9)  (3 10)  (20 10)  (1 11)  (8 11)  (21 11)  (2 12)  (22 12)]),11,[13][6][14][15][16][17][18][19][20][21][22],([0  1  2  3  4  5  7  8  9  10  11  12]  [(1 0)  (5 0)  (0 2)  (1 2)  (1 3)  (8 3)  (3 4)  (8 4)  (1 5)  (11 5)  (4 7)  (1 8)  (3 9)  (4 9)  (3 10)  (1 11)  (8 11)  (2 12)]),1,2,[0][1 2][3][4][5][7][8][9][10][11][12],1.5,2000,16,1,0.9907354037920078
