avg_exo_card,tw,exo_dag,avg_indegree,dag,num_exo_vars,exo_cc,endo_dag,exo_tw,endo_tw,endo_cc,avg_endo_indegree,datasize,max_exo_card,markovianity,ratio
10.333333333333334,4,([0  1  2  3  4  5  6  7  8  9  10  11]  [(7 0)  (8 1)  (5 2)  (9 3)  (10 4)  (11 6)]),1.1666666666666667,([0  1  2  3  4  5  6  7  8  9  10  11]  [(1 0)  (2 0)  (6 0)  (7 0)  (3 1)  (8 1)  (5 2)  (2 3)  (9 3)  (1 4)  (3 4)  (10 4)  (2 6)  (11 6)]),6,[7][8][5][9][10][11],([0  1  2  3  4  6]  [(1 0)  (2 0)  (6 0)  (3 1)  (2 3)  (1 4)  (3 4)  (2 6)]),1,3,[0][1][2][3][4][6],1.3333333333333333,2500,32,0,0.8976002484909683
