avg_exo_card,exo_dag,avg_indegree,dag,num_exo_vars,exo_cc,endo_dag,exo_tw,endo_tw,endo_cc,avg_endo_indegree,datasize,max_exo_card,markovianity,ratio
13.5,([0  1  2  3  4  5  6  7  8  9  10  11  12  13  14  15  16]  [(10 0)  (11 1)  (12 2)  (13 3)  (14 4)  (8 5)  (15 6)  (8 7)  (16 9)]),1.2941176470588236,([0  1  2  3  4  5  6  7  8  9  10  11  12  13  14  15  16]  [(2 0)  (10 0)  (2 1)  (7 1)  (11 1)  (4 2)  (12 2)  (2 3)  (4 3)  (13 3)  (5 4)  (14 4)  (8 5)  (3 6)  (4 6)  (15 6)  (2 7)  (6 7)  (8 7)  (2 9)  (6 9)  (16 9)]),8,[10][11][12][13][14][8][15][16],([0  1  2  3  4  5  6  7  9]  [(2 0)  (2 1)  (7 1)  (4 2)  (2 3)  (4 3)  (5 4)  (3 6)  (4 6)  (2 7)  (6 7)  (2 9)  (6 9)]),1,3,[0][1][2][3][4][5 7][6][9],1.4444444444444444,4000,32,1,0.9905648531669657
