avg_exo_card,exo_dag,avg_indegree,dag,num_exo_vars,exo_cc,endo_dag,exo_tw,endo_cc,avg_endo_indegree,datasize,max_exo_card,markovianity,ratio
6.285714285714286,([0  1  2  3  4  5  6  7  8  9  10  11  12  13  14]  [(10 1)  (11 3)  (12 4)  (2 5)  (13 6)  (0 7)  (2 8)  (14 9)]),1.0666666666666667,([0  1  2  3  4  5  6  7  8  9  10  11  12  13  14]  [(7 1)  (10 1)  (7 3)  (11 3)  (5 4)  (12 4)  (2 5)  (8 5)  (1 6)  (13 6)  (0 7)  (2 8)  (9 8)  (3 9)  (6 9)  (14 9)]),7,[0][10][2][11][12][13][14],([1  3  4  5  6  7  8  9]  [(7 1)  (7 3)  (5 4)  (8 5)  (1 6)  (9 8)  (3 9)  (6 9)]),1,[7][1][5 8][3][4][6][9],1.0,1000,16,1,0.9914298996712367
