avg_exo_card,exo_dag,avg_indegree,dag,num_exo_vars,exo_cc,endo_dag,exo_tw,endo_cc,avg_endo_indegree,datasize,max_exo_card,markovianity,ratio
10.5,([0  1  2  3  4  5  6  7  8  9  10  11  12  13  14  15  16]  [(10 0)  (11 1)  (12 2)  (4 3)  (13 5)  (14 6)  (15 7)  (4 8)  (16 9)]),1.3529411764705883,([0  1  2  3  4  5  6  7  8  9  10  11  12  13  14  15  16]  [(8 0)  (10 0)  (8 1)  (9 1)  (11 1)  (0 2)  (6 2)  (12 2)  (4 3)  (8 3)  (3 5)  (6 5)  (13 5)  (3 6)  (14 6)  (0 7)  (2 7)  (15 7)  (4 8)  (0 9)  (7 9)  (8 9)  (16 9)]),8,[10][11][12][4][13][14][15][16],([0  1  2  3  5  6  7  8  9]  [(8 0)  (8 1)  (9 1)  (0 2)  (6 2)  (8 3)  (3 5)  (6 5)  (3 6)  (0 7)  (2 7)  (0 9)  (7 9)  (8 9)]),1,[0][1][2][3 8][5][6][7][9],1.5555555555555556,1000,16,1,0.9606681671771541
