cause,effect,max_llk,method,pns_0,pns_1,pns_l,pns_u,time_inf,time_learn
lung,dysp,-11137.911690537301,CCALP,0.25885182891485725,0.47625390106098237,0.25885182891485725,0.47625390106098237,10341.0,223.0
