data_based,cause,effect,ace_l,ace_u,pns_l,pns_u
true,0,4,0.0,0.0,0.018428060000000003,0.018428060000000003
