data_based,cause,effect,ace_l,ace_u,pns_l,pns_u
true,0,5,0.40317411985196694,0.40317411985196694,0.41179231529994914,0.5111762444122812
