data_based,cause,effect,ace_l,ace_u,pns_l,pns_u
true,0,4,0.7013144471,0.7013144471,0.6536273791,0.7913148268
