data_based,cause,effect,ace_l,ace_u,pns_l,pns_u
true,0,4,0.2217,0.2217,0.22170000000000004,0.24385000000000004
