data_based,cause,effect,ace_l,ace_u,pns_l,pns_u
true,0,4,-5.018391840139191E-7,-5.018391840139191E-7,0.011127365425968,0.011127365425968
