data_based,cause,effect,ace_l,ace_u,pns_l,pns_u
true,0,4,-0.023245295244271547,-0.023245295244271547,0.008595207733666638,0.034307451781398664
