data_based,cause,effect,ace_l,ace_u,pns_l,pns_u
true,0,3,0.9264100000000001,0.9264100000000001,0.92894,0.92894
