data_based,cause,effect,ace_l,ace_u,pns_l,pns_u
true,0,4,0.02833258079999998,0.02833258079999998,0.028332580800000003,0.11793225300000001
