data_based,cause,effect,ace_l,ace_u,pns_l,pns_u
true,0,3,0.31521999999999994,0.31521999999999994,0.33132,0.33132
