data_based,cause,effect,ace_l,ace_u,pns_l,pns_u
true,0,3,-0.08365959999999995,-0.08365959999999995,0.04599920000000001,0.16818960000000002
