data_based,cause,effect,ace_l,ace_u,pns_l,pns_u
true,0,4,-0.02981882966920002,-0.02981882966920002,0.013510425317999999,0.19350919507959996
