data_based,cause,effect,ace_l,ace_u,pns_l,pns_u
true,0,3,0.8966700000000001,0.8966700000000001,0.8966700000000001,0.90883
