data_based,cause,effect,ace_l,ace_u,pns_l,pns_u
true,0,3,0.1802499408999999,0.1802499408999999,0.18024994090000002,0.4446639915
