data_based,cause,effect,ace_l,ace_u,pns_l,pns_u
true,0,3,-0.07738999999999999,-0.07738999999999999,0.0,0.0
