data_based,cause,effect,ace_l,ace_u,pns_l,pns_u
true,0,3,-0.9091400000000001,-0.9091400000000001,0.006350000000000001,0.006350000000000001
