data_based,cause,effect,ace_l,ace_u,pns_l,pns_u
true,0,3,0.5674300000000002,0.5674300000000002,0.56743,0.6083000000000002
