data_based,cause,effect,ace_l,ace_u,pns_l,pns_u
true,0,4,-0.133276260845836,-0.133276260845836,0.08432522971506401,0.08432522971506401
