data_based,cause,effect,ace_l,ace_u,pns_l,pns_u
true,0,4,-0.05618094129999973,-0.05618094129999973,0.0135445044,0.0839726997
