data_based,cause,effect,ace_l,ace_u,pns_l,pns_u
true,0,2,0.07948318170000002,0.07948318170000002,0.0794831817,0.2103242199
