data_based,cause,effect,ace_l,ace_u,pns_l,pns_u
true,0,5,0.28137704169999994,0.28137704169999994,0.31503179569999995,0.4667365999
