data_based,cause,effect,ace_l,ace_u,pns_l,pns_u
true,0,5,-0.01453072044464998,-0.01453072044464998,0.0,0.02375509196685
