data_based,cause,effect,ace_l,ace_u,pns_l,pns_u
true,0,4,-0.10331076780000015,-0.10331076780000015,0.17765722290000002,0.17765722290000002
