data_based,cause,effect,ace_l,ace_u,pns_l,pns_u
true,0,2,0.06570000000000004,0.06570000000000004,0.0657,0.0657
