data_based,cause,effect,ace_l,ace_u,pns_l,pns_u
true,0,2,0.5268569544000001,0.5268569544000001,0.5395308827000002,0.6061474677
