data_based,cause,effect,ace_l,ace_u,pns_l,pns_u
true,0,2,-0.1894769459000002,-0.1894769459000002,0.06328531540000001,0.0992715981
