data_based,cause,effect,ace_l,ace_u,pns_l,pns_u
true,0,2,0.05434317940000005,0.05434317940000005,0.2881573932,0.4255956984
