data_based,cause,effect,ace_l,ace_u,pns_l,pns_u
true,0,4,-0.16789387075209994,-0.16789387075209994,0.04508762507140002,0.04508762507140002
