data_based,cause,effect,ace_l,ace_u,pns_l,pns_u
true,0,4,-0.29226538710000005,-0.29226538710000005,0.007222766300000002,0.08955204410000002
