data_based,cause,effect,ace_l,ace_u,pns_l,pns_u
true,0,2,-0.18947694589999997,-0.18947694589999997,0.06328531540000003,0.0992715981
