data_based,cause,effect,ace_l,ace_u,pns_l,pns_u
true,0,3,0.20766247559999995,0.20766247559999995,0.20949390719999997,0.42228178720000004
