data_based,cause,effect,ace_l,ace_u,pns_l,pns_u
true,0,4,0.09227336642159997,0.09227336642159997,0.1647463548614,0.16532741007979998
