data_based,cause,effect,ace_l,ace_u,pns_l,pns_u
true,0,3,0.021279584464599988,0.021279584464599988,0.052529620515166686,0.10508234032250001
