data_based,cause,effect,ace_l,ace_u,pns_l,pns_u
true,0,3,-0.13968000000000014,-0.13968000000000014,0.0,0.1265
