data_based,cause,effect,ace_l,ace_u,pns_l,pns_u
true,0,2,0.05434317940000005,0.05434317940000005,0.06232284000000002,0.4560812856
