data_based,cause,effect,ace_l,ace_u,pns_l,pns_u
true,0,4,-0.29226538709999983,-0.29226538709999983,0.07888656210000003,0.08494729490000004
