data_based,cause,effect,ace_l,ace_u,pns_l,pns_u
true,0,3,0.004185586593944968,0.004185586593944968,0.011381919041724002,0.012525681394407004
