data_based,cause,effect,ace_l,ace_u,pns_l,pns_u
true,0,3,-0.014801583999999979,-0.014801583999999979,0.023651663199999996,0.023651663199999996
