data_based,cause,effect,ace_l,ace_u,pns_l,pns_u
true,0,5,-0.010590267469599901,-0.010590267469599901,0.011789999289600001,0.014711361511200002
