data_based,cause,effect,ace_l,ace_u,pns_l,pns_u
true,0,3,4.2361844707006213E-4,4.2361844707006213E-4,0.005421965263958001,0.005421965263958001
