data_based,cause,effect,ace_l,ace_u,pns_l,pns_u
true,0,4,-0.13327626084583605,-0.13327626084583605,0.084325229715064,0.084325229715064
