data_based,cause,effect,ace_l,ace_u,pns_l,pns_u
true,0,4,0.06906283789540013,0.06906283789540013,0.09587289206879998,0.1612105698132
