data_based,cause,effect,ace_l,ace_u,pns_l,pns_u
true,0,3,0.054604368999999986,0.054604368999999986,0.33483133660000003,0.33483133660000003
