data_based,cause,effect,ace_l,ace_u,pns_l,pns_u
true,0,4,0.09665349389999989,0.09665349389999989,0.10664560910000002,0.30909534499999997
