data_based,cause,effect,ace_l,ace_u,pns_l,pns_u
true,0,4,0.014741328800000009,0.014741328800000009,0.0147413288,0.4678920244
