data_based,cause,effect,ace_l,ace_u,pns_l,pns_u
true,0,3,-0.39885000000000015,-0.39885000000000015,0.0,0.0
