data_based,cause,effect,ace_l,ace_u,pns_l,pns_u
true,0,3,-4.1094299999999695E-4,-4.1094299999999695E-4,0.0,0.007952535
