data_based,cause,effect,ace_l,ace_u,pns_l,pns_u
true,0,4,0.0922733664216,0.0922733664216,0.12824772365300005,0.16532741007980004
