data_based,cause,effect,ace_l,ace_u,pns_l,pns_u
true,0,4,-0.15462752960000037,-0.15462752960000037,0.0013418028,0.019490458800000006
