data_based,cause,effect,ace_l,ace_u,pns_l,pns_u
true,0,4,-0.0250837662000003,-0.0250837662000003,0.0,0.0397657139
