data_based,cause,effect,ace_l,ace_u,pns_l,pns_u
true,0,3,0.20105233629999997,0.20105233629999997,0.20105233630000002,0.5094308513
