data_based,cause,effect,ace_l,ace_u,pns_l,pns_u
true,0,3,-0.08600436749999998,-0.08600436749999998,0.0339955778,0.0339955778
