data_based,cause,effect,ace_l,ace_u,pns_l,pns_u
true,0,5,0.3878435002000002,0.3878435002000002,0.5537187921000002,0.5537187921000002
