data_based,cause,effect,ace_l,ace_u,pns_l,pns_u
true,0,3,-0.007590226499999964,-0.007590226499999964,4.3282199999999997E-4,0.046972345699999994
