avg_exo_card,exo_dag,avg_indegree,dag,num_exo_vars,exo_cc,endo_dag,exo_tw,endo_tw,endo_cc,avg_endo_indegree,datasize,max_exo_card,markovianity,ratio
48.0,([0  1  2  3  4  5  6  7  8  9  10  11  12]  [(9 0)  (10 2)  (11 3)  (1 5)  (12 6)  (1 7)  (4 7)  (4 8)]),1.2307692307692308,([0  1  2  3  4  5  6  7  8  9  10  11  12]  [(2 0)  (3 0)  (8 0)  (9 0)  (3 2)  (8 2)  (10 2)  (5 3)  (11 3)  (1 5)  (7 6)  (12 6)  (1 7)  (4 7)  (4 8)  (7 8)]),6,[9][1 4][10][11][12],([0  2  3  5  6  7  8]  [(2 0)  (3 0)  (8 0)  (3 2)  (8 2)  (5 3)  (7 6)  (7 8)]),2,3,[0][5 7 8][2][3][6],1.1428571428571428,1000,256,2,0.9886183667492575
