avg_exo_card,exo_dag,avg_indegree,dag,num_exo_vars,exo_cc,endo_dag,exo_tw,endo_tw,endo_cc,avg_endo_indegree,datasize,max_exo_card,markovianity,ratio
58.6,([0  1  2  3  4  5  6  7  8  9  10  11]  [(5 1)  (10 2)  (11 3)  (7 4)  (0 6)  (5 8)  (7 8)  (0 9)]),1.3333333333333333,([0  1  2  3  4  5  6  7  8  9  10  11]  [(5 1)  (8 1)  (1 2)  (4 2)  (10 2)  (2 3)  (4 3)  (8 3)  (11 3)  (6 4)  (7 4)  (0 6)  (5 8)  (7 8)  (0 9)  (8 9)]),5,[0][5 7][10][11],([1  2  3  4  6  8  9]  [(8 1)  (1 2)  (4 2)  (2 3)  (4 3)  (8 3)  (6 4)  (8 9)]),2,3,[6 9][1 4 8][2][3],1.1428571428571428,2500,256,2,0.9813616122921014
