avg_exo_card,exo_dag,avg_indegree,dag,num_exo_vars,exo_cc,endo_dag,exo_tw,endo_cc,avg_endo_indegree,datasize,max_exo_card,markovianity,ratio
9.0,([0  1  2  3  4  5  6  7  8  9  10  11  12  13  14  15  16]  [(11 0)  (4 1)  (12 2)  (13 3)  (14 6)  (4 7)  (5 8)  (15 9)  (16 10)]),1.1764705882352942,([0  1  2  3  4  5  6  7  8  9  10  11  12  13  14  15  16]  [(6 0)  (11 0)  (4 1)  (8 2)  (9 2)  (12 2)  (0 3)  (1 3)  (13 3)  (1 6)  (14 6)  (4 7)  (10 7)  (1 8)  (3 8)  (5 8)  (7 9)  (15 9)  (8 10)  (16 10)]),8,[11][4][12][13][5][14][15][16],([0  1  2  3  6  7  8  9  10]  [(6 0)  (8 2)  (9 2)  (0 3)  (1 3)  (1 6)  (10 7)  (1 8)  (3 8)  (7 9)  (8 10)]),1,[0][1 7][2][3][8][6][9][10],1.2222222222222223,2000,16,1,0.9924902091710136
