avg_exo_card,exo_dag,avg_indegree,dag,num_exo_vars,exo_cc,endo_dag,exo_tw,endo_cc,avg_endo_indegree,datasize,max_exo_card,markovianity,ratio
14.0,([0  1  2  3  4  5  6  7  8  9  10  11  12]  [(9 0)  (10 1)  (5 2)  (11 3)  (6 4)  (12 7)  (5 8)]),1.3846153846153846,([0  1  2  3  4  5  6  7  8  9  10  11  12]  [(4 0)  (7 0)  (9 0)  (2 1)  (8 1)  (10 1)  (5 2)  (8 2)  (0 3)  (8 3)  (11 3)  (1 4)  (2 4)  (6 4)  (1 7)  (8 7)  (12 7)  (5 8)]),6,[9][10][5][11][6][12],([0  1  2  3  4  7  8]  [(4 0)  (7 0)  (2 1)  (8 1)  (8 2)  (0 3)  (8 3)  (1 4)  (2 4)  (1 7)  (8 7)]),1,[0][1][2 8][3][4][7],1.5714285714285714,1000,16,1,0.9934659312483198
