avg_exo_card,tw,exo_dag,avg_indegree,dag,num_exo_vars,exo_cc,endo_dag,exo_tw,endo_tw,endo_cc,avg_endo_indegree,datasize,max_exo_card,markovianity,ratio
83.42857142857143,4,([0  1  2  3  4  5  6  7  8  9  10  11  12  13  14]  [(2 0)  (2 1)  (8 1)  (10 3)  (11 4)  (12 5)  (13 6)  (8 7)  (14 9)]),1.5333333333333334,([0  1  2  3  4  5  6  7  8  9  10  11  12  13  14]  [(2 0)  (2 1)  (8 1)  (0 3)  (4 3)  (10 3)  (0 4)  (7 4)  (11 4)  (3 5)  (4 5)  (7 5)  (12 5)  (4 6)  (5 6)  (13 6)  (0 7)  (1 7)  (8 7)  (0 9)  (4 9)  (7 9)  (14 9)]),7,[2 8][10][11][12][13][14],([0  1  3  4  5  6  7  9]  [(0 3)  (4 3)  (0 4)  (7 4)  (3 5)  (4 5)  (7 5)  (4 6)  (5 6)  (0 7)  (1 7)  (0 9)  (4 9)  (7 9)]),2,3,[0 1 7][3][4][5][6][9],1.75,2000,256,2,0.9870180972883054
