avg_exo_card,tw,exo_dag,avg_indegree,dag,num_exo_vars,exo_cc,endo_dag,exo_tw,endo_tw,endo_cc,avg_endo_indegree,datasize,max_exo_card,markovianity,ratio
11.571428571428571,3,([0  1  2  3  4  5  6  7  8  9  10  11  12  13  14  15]  [(11 0)  (12 1)  (13 2)  (14 4)  (15 5)  (6 7)  (3 8)  (3 9)  (6 10)]),1.3125,([0  1  2  3  4  5  6  7  8  9  10  11  12  13  14  15]  [(1 0)  (4 0)  (11 0)  (9 1)  (12 1)  (10 2)  (13 2)  (1 4)  (9 4)  (14 4)  (1 5)  (9 5)  (15 5)  (6 7)  (8 7)  (3 8)  (9 8)  (3 9)  (6 10)  (7 10)  (9 10)]),7,[11][12][13][3][14][15][6],([0  1  2  4  5  7  8  9  10]  [(1 0)  (4 0)  (9 1)  (10 2)  (1 4)  (9 4)  (1 5)  (9 5)  (8 7)  (9 8)  (7 10)  (9 10)]),1,2,[0][1][2][8 9][4][5][7 10],1.3333333333333333,5000,21,1,0.999088006093743
