avg_exo_card,exo_dag,avg_indegree,dag,num_exo_vars,exo_cc,endo_dag,exo_tw,endo_tw,endo_cc,avg_endo_indegree,datasize,max_exo_card,markovianity,ratio
12.0,([0  1  2  3  4  5  6  7  8  9  10  11  12]  [(8 0)  (9 1)  (10 2)  (5 3)  (11 4)  (5 6)  (12 7)]),1.2307692307692308,([0  1  2  3  4  5  6  7  8  9  10  11  12]  [(6 0)  (8 0)  (0 1)  (4 1)  (9 1)  (3 2)  (4 2)  (10 2)  (5 3)  (0 4)  (3 4)  (11 4)  (5 6)  (1 7)  (6 7)  (12 7)]),6,[8][9][10][5][11][12],([0  1  2  3  4  6  7]  [(6 0)  (0 1)  (4 1)  (3 2)  (4 2)  (0 4)  (3 4)  (1 7)  (6 7)]),1,2,[0][1][2][3 6][4][7],1.2857142857142858,1000,16,1,0.995673342934836
