avg_exo_card,exo_dag,avg_indegree,dag,num_exo_vars,exo_cc,endo_dag,exo_tw,endo_tw,endo_cc,avg_endo_indegree,datasize,max_exo_card,markovianity,ratio
80.0,([0  1  2  3  4  5  6  7  8  9  10  11  12  13  14]  [(11 1)  (0 2)  (5 3)  (12 4)  (0 6)  (5 6)  (13 7)  (10 8)  (14 9)]),1.4666666666666666,([0  1  2  3  4  5  6  7  8  9  10  11  12  13  14]  [(3 1)  (8 1)  (11 1)  (0 2)  (5 3)  (6 3)  (8 3)  (7 4)  (8 4)  (9 4)  (12 4)  (0 6)  (5 6)  (6 7)  (8 7)  (9 7)  (13 7)  (2 8)  (10 8)  (6 9)  (8 9)  (14 9)]),7,[0 5][11][12][13][10][14],([1  2  3  4  6  7  8  9]  [(3 1)  (8 1)  (6 3)  (8 3)  (7 4)  (8 4)  (9 4)  (6 7)  (8 7)  (9 7)  (2 8)  (6 9)  (8 9)]),2,3,[2 3 6][1][4][7][8][9],1.625,1000,256,2,0.9913513268040847
