avg_exo_card,tw,exo_dag,avg_indegree,dag,num_exo_vars,exo_cc,endo_dag,exo_tw,endo_tw,endo_cc,avg_endo_indegree,datasize,max_exo_card,markovianity,ratio
4.666666666666667,3,([0  1  2  3  4  5  6  7  8  9  10  11  12]  [(8 1)  (9 2)  (10 3)  (0 4)  (11 5)  (0 6)  (12 7)]),1.1538461538461537,([0  1  2  3  4  5  6  7  8  9  10  11  12]  [(5 1)  (8 1)  (3 2)  (9 2)  (4 3)  (10 3)  (0 4)  (5 4)  (6 4)  (6 5)  (11 5)  (0 6)  (3 7)  (5 7)  (12 7)]),6,[0][8][9][10][11][12],([1  2  3  4  5  6  7]  [(5 1)  (3 2)  (4 3)  (5 4)  (6 4)  (6 5)  (3 7)  (5 7)]),1,2,[4 6][1][2][3][5][7],1.1428571428571428,1000,8,1,0.995896926840577
