avg_exo_card,tw,exo_dag,avg_indegree,dag,num_exo_vars,exo_cc,endo_dag,exo_tw,endo_tw,endo_cc,avg_endo_indegree,datasize,max_exo_card,markovianity,ratio
46.666666666666664,4,([0  1  2  3  4  5  6  7  8  9  10  11]  [(8 0)  (9 1)  (10 2)  (7 3)  (6 4)  (7 4)  (11 5)]),1.1666666666666667,([0  1  2  3  4  5  6  7  8  9  10  11]  [(1 0)  (2 0)  (3 0)  (8 0)  (3 1)  (9 1)  (3 2)  (10 2)  (7 3)  (0 4)  (6 4)  (7 4)  (2 5)  (11 5)]),6,[8][9][10][6 7][11],([0  1  2  3  4  5]  [(1 0)  (2 0)  (3 0)  (3 1)  (3 2)  (0 4)  (2 5)]),2,3,[0][1][2][3 4][5],1.1666666666666667,1000,256,2,0.9946485598586124
