avg_exo_card,tw,exo_dag,avg_indegree,dag,num_exo_vars,exo_cc,endo_dag,exo_tw,endo_tw,endo_cc,avg_endo_indegree,datasize,max_exo_card,markovianity,ratio
9.166666666666666,3,([0  1  2  3  4  5  6  7  8  9  10  11  12]  [(9 1)  (7 2)  (10 3)  (11 4)  (12 5)  (0 6)  (7 8)]),1.2307692307692308,([0  1  2  3  4  5  6  7  8  9  10  11  12]  [(5 1)  (8 1)  (9 1)  (7 2)  (2 3)  (8 3)  (10 3)  (2 4)  (5 4)  (11 4)  (2 5)  (12 5)  (0 6)  (5 6)  (4 8)  (7 8)]),6,[0][9][7][10][11][12],([1  2  3  4  5  6  8]  [(5 1)  (8 1)  (2 3)  (8 3)  (2 4)  (5 4)  (2 5)  (5 6)  (4 8)]),1,3,[6][1][2 8][3][4][5],1.2857142857142858,4000,16,1,0.987484661764808
