avg_exo_card,exo_dag,avg_indegree,dag,num_exo_vars,exo_cc,endo_dag,exo_tw,endo_tw,endo_cc,avg_endo_indegree,datasize,max_exo_card,markovianity,ratio
75.0,([0  1  2  3  4  5  6  7  8  9  10  11  12  13  14  15  16]  [(11 0)  (1 2)  (5 2)  (12 3)  (5 4)  (13 6)  (14 7)  (15 8)  (1 9)  (16 10)]),1.4705882352941178,([0  1  2  3  4  5  6  7  8  9  10  11  12  13  14  15  16]  [(4 0)  (7 0)  (11 0)  (1 2)  (5 2)  (2 3)  (7 3)  (12 3)  (5 4)  (0 6)  (4 6)  (13 6)  (4 7)  (14 7)  (0 8)  (4 8)  (9 8)  (15 8)  (0 9)  (1 9)  (4 9)  (0 10)  (3 10)  (7 10)  (16 10)]),8,[11][1 5][12][13][14][15][16],([0  2  3  4  6  7  8  9  10]  [(4 0)  (7 0)  (2 3)  (7 3)  (0 6)  (4 6)  (4 7)  (0 8)  (4 8)  (9 8)  (0 9)  (4 9)  (0 10)  (3 10)  (7 10)]),2,3,[0][2 4 9][3][6][7][8][10],1.6666666666666667,2500,256,2,0.9941990986656747
