avg_exo_card,exo_dag,avg_indegree,dag,num_exo_vars,exo_cc,endo_dag,exo_tw,endo_tw,endo_cc,avg_endo_indegree,datasize,max_exo_card,markovianity,ratio
13.333333333333334,([0  1  2  3  4  5  6  7  8  9  10  11  12  13]  [(1 0)  (7 2)  (11 3)  (1 4)  (12 5)  (8 6)  (13 9)  (7 10)]),1.3571428571428572,([0  1  2  3  4  5  6  7  8  9  10  11  12  13]  [(1 0)  (10 0)  (4 2)  (6 2)  (7 2)  (0 3)  (4 3)  (11 3)  (1 4)  (2 5)  (4 5)  (12 5)  (0 6)  (4 6)  (8 6)  (0 9)  (4 9)  (13 9)  (7 10)]),6,[1][7][11][12][8][13],([0  2  3  4  5  6  9  10]  [(10 0)  (4 2)  (6 2)  (0 3)  (4 3)  (2 5)  (4 5)  (0 6)  (4 6)  (0 9)  (4 9)]),1,2,[0 4][2 10][3][5][6][9],1.375,1000,16,1,0.990153519030286
