avg_exo_card,tw,exo_dag,avg_indegree,dag,num_exo_vars,exo_cc,endo_dag,exo_tw,endo_tw,endo_cc,avg_endo_indegree,datasize,max_exo_card,markovianity,ratio
7.142857142857143,3,([0  1  2  3  4  5  6  7  8  9  10  11  12  13]  [(8 0)  (9 1)  (10 2)  (5 3)  (11 4)  (12 6)  (13 7)]),1.0714285714285714,([0  1  2  3  4  5  6  7  8  9  10  11  12  13]  [(3 0)  (7 0)  (8 0)  (6 1)  (7 1)  (9 1)  (7 2)  (10 2)  (5 3)  (2 4)  (11 4)  (2 6)  (12 6)  (3 7)  (13 7)]),7,[8][9][10][5][11][12][13],([0  1  2  3  4  6  7]  [(3 0)  (7 0)  (6 1)  (7 1)  (7 2)  (2 4)  (2 6)  (3 7)]),1,2,[0][1][2][3][4][6][7],1.1428571428571428,1500,16,0,0.9948945007234488
