avg_exo_card,exo_dag,avg_indegree,dag,num_exo_vars,exo_cc,endo_dag,exo_tw,endo_tw,endo_cc,avg_endo_indegree,datasize,max_exo_card,markovianity,ratio
10.625,([0  1  2  3  4  5  6  7  8  9  10  11  12  13  14  15  16]  [(11 0)  (12 1)  (13 2)  (14 3)  (4 5)  (15 6)  (10 7)  (16 8)  (10 9)]),1.2352941176470589,([0  1  2  3  4  5  6  7  8  9  10  11  12  13  14  15  16]  [(9 0)  (11 0)  (0 1)  (12 1)  (0 2)  (13 2)  (2 3)  (6 3)  (14 3)  (4 5)  (8 5)  (2 6)  (7 6)  (9 6)  (15 6)  (1 7)  (10 7)  (0 8)  (7 8)  (16 8)  (10 9)]),8,[11][12][13][14][4][15][10][16],([0  1  2  3  5  6  7  8  9]  [(9 0)  (0 1)  (0 2)  (2 3)  (6 3)  (8 5)  (2 6)  (7 6)  (9 6)  (1 7)  (0 8)  (7 8)]),1,3,[0][1][2][3][5][6][7 9][8],1.3333333333333333,2000,32,1,0.9288029953395237
