avg_exo_card,tw,exo_dag,avg_indegree,dag,num_exo_vars,exo_cc,endo_dag,exo_tw,endo_tw,endo_cc,avg_endo_indegree,datasize,max_exo_card,markovianity,ratio
84.0,4,([0  1  2  3  4  5  6  7  8  9  10  11  12  13  14]  [(10 0)  (11 1)  (2 3)  (5 3)  (12 4)  (5 6)  (13 7)  (2 8)  (14 9)]),1.5333333333333334,([0  1  2  3  4  5  6  7  8  9  10  11  12  13  14]  [(1 0)  (3 0)  (6 0)  (10 0)  (7 1)  (11 1)  (2 3)  (5 3)  (1 4)  (7 4)  (9 4)  (12 4)  (3 6)  (5 6)  (3 7)  (6 7)  (13 7)  (0 8)  (2 8)  (6 8)  (6 9)  (7 9)  (14 9)]),7,[10][11][2 5][12][13][14],([0  1  3  4  6  7  8  9]  [(1 0)  (3 0)  (6 0)  (7 1)  (1 4)  (7 4)  (9 4)  (3 6)  (3 7)  (6 7)  (0 8)  (6 8)  (6 9)  (7 9)]),2,3,[0][1][3 6 8][4][7][9],1.75,1000,256,2,0.992578253475914
