avg_exo_card,exo_dag,avg_indegree,dag,num_exo_vars,exo_cc,endo_dag,exo_tw,endo_cc,avg_endo_indegree,datasize,max_exo_card,markovianity,ratio
9.5,([0  1  2  3  4  5  6  7  8  9  10  11  12  13  14  15  16]  [(9 0)  (10 1)  (11 2)  (12 3)  (13 4)  (9 5)  (14 6)  (15 7)  (16 8)]),1.2352941176470589,([0  1  2  3  4  5  6  7  8  9  10  11  12  13  14  15  16]  [(2 0)  (9 0)  (4 1)  (5 1)  (10 1)  (1 2)  (4 2)  (11 2)  (7 3)  (12 3)  (5 4)  (13 4)  (9 5)  (3 6)  (7 6)  (14 6)  (0 7)  (15 7)  (1 8)  (3 8)  (16 8)]),8,[9][10][11][12][13][14][15][16],([0  1  2  3  4  5  6  7  8]  [(2 0)  (4 1)  (5 1)  (1 2)  (4 2)  (7 3)  (5 4)  (3 6)  (7 6)  (0 7)  (1 8)  (3 8)]),1,[0 5][1][2][3][4][6][7][8],1.3333333333333333,1000,16,1,0.9957867792888145
