avg_exo_card,tw,exo_dag,avg_indegree,dag,num_exo_vars,exo_cc,endo_dag,exo_tw,endo_tw,endo_cc,avg_endo_indegree,datasize,max_exo_card,markovianity,ratio
11.0,3,([0  1  2  3  4  5  6  7  8  9  10  11  12]  [(2 0)  (9 0)  (2 1)  (10 3)  (4 5)  (4 6)  (11 7)  (12 8)]),1.3076923076923077,([0  1  2  3  4  5  6  7  8  9  10  11  12]  [(2 0)  (9 0)  (0 1)  (2 1)  (7 1)  (8 3)  (10 3)  (0 5)  (4 5)  (7 5)  (0 6)  (4 6)  (5 6)  (0 7)  (11 7)  (1 8)  (12 8)]),6,[2 9][10][4][11][12],([0  1  3  5  6  7  8]  [(0 1)  (7 1)  (8 3)  (0 5)  (7 5)  (0 6)  (5 6)  (0 7)  (1 8)]),2,2,[0 1][3][5 6][7][8],1.2857142857142858,3500,32,2,0.9923636556139531
