avg_exo_card,tw,exo_dag,avg_indegree,dag,num_exo_vars,exo_cc,endo_dag,exo_tw,endo_tw,endo_cc,avg_endo_indegree,datasize,max_exo_card,markovianity,ratio
10.666666666666666,4,([0  1  2  3  4  5  6  7  8  9  10  11  12]  [(8 0)  (9 1)  (10 2)  (5 3)  (11 4)  (5 6)  (12 7)]),1.3846153846153846,([0  1  2  3  4  5  6  7  8  9  10  11  12]  [(3 0)  (6 0)  (8 0)  (0 1)  (2 1)  (9 1)  (0 2)  (6 2)  (10 2)  (5 3)  (6 3)  (1 4)  (6 4)  (7 4)  (11 4)  (5 6)  (2 7)  (12 7)]),6,[8][9][10][5][11][12],([0  1  2  3  4  6  7]  [(3 0)  (6 0)  (0 1)  (2 1)  (0 2)  (6 2)  (6 3)  (1 4)  (6 4)  (7 4)  (2 7)]),1,3,[0][1][2][3 6][4][7],1.5714285714285714,1000,16,1,0.9823032351795664
