avg_exo_card,tw,exo_dag,avg_indegree,dag,num_exo_vars,exo_cc,endo_dag,exo_tw,endo_tw,endo_cc,avg_endo_indegree,datasize,max_exo_card,markovianity,ratio
10.666666666666666,3,([0  1  2  3  4  5  6  7  8  9  10  11  12]  [(8 0)  (9 2)  (10 3)  (11 4)  (1 5)  (12 6)  (1 7)]),1.3076923076923077,([0  1  2  3  4  5  6  7  8  9  10  11  12]  [(5 0)  (6 0)  (8 0)  (5 2)  (7 2)  (9 2)  (2 3)  (10 3)  (0 4)  (6 4)  (11 4)  (1 5)  (5 6)  (12 6)  (1 7)  (5 7)  (6 7)]),6,[8][1][9][10][11][12],([0  2  3  4  5  6  7]  [(5 0)  (6 0)  (5 2)  (7 2)  (2 3)  (0 4)  (6 4)  (5 6)  (5 7)  (6 7)]),1,2,[0][5 7][2][3][4][6],1.4285714285714286,1500,16,1,0.9950553217063125
