cause,effect,ace_l,ace_u,pns_l,pns_u
0,4,-0.24268412200000003,-0.24268412200000003,0.0031499740000000003,0.0057018419999999995
