cause,effect,ace_l,ace_u,pns_l,pns_u
0,6,-0.0054160780453071464,-0.0054160780453071464,4.2758510884003797E-4,0.0025415571572938852
