cause,effect,ace_l,ace_u,pns_l,pns_u
0,6,-0.13608971801287983,-0.13608971801287983,0.011818317616907999,0.014473538146583998,0.045048804851944,0.04770402538162
