cause,effect,ace_l,ace_u,pns_l,pns_u
0,4,0.047751587999999956,0.047751587999999956,0.05957128799999999,0.105785744
