cause,effect,ace_l,ace_u,pns_l,pns_u
0,4,3.664565999998981E-4,3.664565999998981E-4,8.138524799999999E-4,0.0052297551000000005
