cause,effect,ace_l,ace_u,pns_l,pns_u
0,4,-0.0018968706560000131,-0.0018968706560000131,6.891788800000001E-4,0.043720575616000006
