cause,effect,ace_l,ace_u,pns_l,pns_u
0,6,5.13737390338562E-4,5.13737390338562E-4,6.55861664310144E-4,8.07642579934272E-4
