cause,effect,ace_l,ace_u,pns_l,pns_u
0,6,0.001195518941472018,0.001195518941472018,0.0018252484658880003,0.0029915215895400006
