cause,effect,ace_l,ace_u,pns_l,pns_u
0,6,-4.6148370770887626E-4,-4.6148370770887626E-4,0.0,4.997022612624E-4
