cause,effect,ace_l,ace_u,pns_l,pns_u
0,6,0.014946259234140044,0.014946259234140044,0.09600726444450483,0.10629974865879681
