cause,effect,ace_l,ace_u,pns_l,pns_u
0,6,5.228039881440012E-4,5.228039881440012E-4,6.56804532968448E-4,7.515070529468159E-4
