cause,effect,ace_l,ace_u,pns_l,pns_u
0,4,-0.18095025599999992,-0.18095025599999992,0.09562622400000001,0.09605217600000002
