cause,effect,ace_l,ace_u,pns_l,pns_u
0,4,-0.01964851199999995,-0.01964851199999995,0.0,0.087532908
