cause,effect,ace_l,ace_u,pns_l,pns_u
0,6,0.0018208688771399473,0.0018208688771399473,0.001964111231536,0.002516960438570001
