cause,effect,ace_l,ace_u,pns_l,pns_u
0,4,-0.004671665280000015,-0.004671665280000015,0.01932145488,0.01932145488
