cause,effect,ace_l,ace_u,pns_l,pns_u
0,6,0.025428571765396812,0.025428571765396812,0.06867197915934842,0.08475532699361402
