cause,effect,ace_l,ace_u,pns_l,pns_u
0,6,0.0018157585997413683,0.0018157585997413683,0.005235328319870758,0.005235328319870758
