cause,effect,ace_l,ace_u,pns_l,pns_u
0,6,4.999999969612645E-9,4.999999969612645E-9,1.8099999999999994E-7,1.8099999999999994E-7
