cause,effect,ace_l,ace_u,pns_l,pns_u
0,4,-0.12862599999999996,-0.12862599999999996,0.0,0.19293900000000003
