cause,effect,ace_l,ace_u,pns_l,pns_u
0,4,-0.09225400000000006,-0.09225400000000006,1.6E-4,1.6E-4
