cause,effect,ace_l,ace_u,pns_l,pns_u
0,4,-0.048973017359999926,-0.048973017359999926,0.0010724018400000003,0.006519117114000001
