cause,effect,ace_l,ace_u,pns_l,pns_u
0,6,2.0549070359998645E-4,2.0549070359998645E-4,3.1706645879999996E-4,3.1706645879999996E-4
