cause,effect,ace_l,ace_u,pns_l,pns_u
0,6,1.1102230246251565E-16,1.1102230246251565E-16,0.0,0.0
