cause,effect,ace_l,ace_u,pns_l,pns_u
0,4,0.028899593020000003,0.028899593020000003,0.029129428941999998,0.031958971525999996
