cause,effect,ace_l,ace_u,pns_l,pns_u
0,6,0.09627620574000001,0.09627620574000001,0.1801648879575,0.19963601922749996
