cause,effect,ace_l,ace_u,pns_l,pns_u
0,4,0.0010533600000000032,0.0010533600000000032,0.0016853760000000004,0.00367752
