cause,effect,ace_l,ace_u,pns_l,pns_u
0,6,-0.00420358189999992,-0.00420358189999992,6.65190795E-4,0.020728010485
