cause,effect,ace_l,ace_u,pns_l,pns_u
0,6,-6.302183999995492E-5,-6.302183999995492E-5,1.3794479999999995E-5,3.169688E-5
