cause,effect,ace_l,ace_u,pns_l,pns_u
0,4,-0.013107739560000012,-0.013107739560000012,0.015572469240000004,0.028202322179999996
