cause,effect,ace_l,ace_u,pns_l,pns_u
0,6,1.281539295382439E-4,1.281539295382439E-4,0.002332086183937126,0.005972915242253926
