cause,effect,ace_l,ace_u,pns_l,pns_u
0,6,0.00347356612039329,0.00347356612039329,0.004653267821659008,0.004653267821659008
