cause,effect,ace_l,ace_u,pns_l,pns_u
0,4,-6.55673999999995E-4,-6.55673999999995E-4,0.0030598120000000003,0.0030598120000000003
