cause,effect,ace_l,ace_u,pns_l,pns_u
0,4,-4.155479999999878E-4,-4.155479999999878E-4,0.011522226,0.011522226
