cause,effect,ace_l,ace_u,pns_l,pns_u
0,4,0.17390035927199998,0.17390035927199998,0.21051096122399995,0.21216183259199997
