cause,effect,ace_l,ace_u,pns_l,pns_u
0,6,-0.014380082291150509,-0.014380082291150509,0.006639420664653507,0.02877981175539097
