cause,effect,ace_l,ace_u,pns_l,pns_u
0,4,-0.023635668000000054,-0.023635668000000054,0.054490017,0.07061470200000002
