cause,effect,ace_l,ace_u,pns_l,pns_u
0,4,0.010412401453999964,0.010412401453999964,0.018736301962,0.12493032500200002
