cause,effect,ace_l,ace_u,pns_l,pns_u
0,4,-0.16547806799999998,-0.16547806799999998,0.0,0.0
