cause,effect,ace_l,ace_u,pns_l,pns_u
0,4,-0.058272469595999965,-0.058272469595999965,0.0,0.351121806238
