cause,effect,ace_l,ace_u,pns_l,pns_u
0,4,-3.3952799999992234E-4,-3.3952799999992234E-4,0.003872236,0.014080236000000003
