cause,effect,ace_l,ace_u,pns_l,pns_u
0,6,1.0223621099991753E-4,1.0223621099991753E-4,1.0223621100000003E-4,2.8259589599999985E-4
