cause,effect,ace_l,ace_u,pns_l,pns_u
0,4,0.015061483999999958,0.015061483999999958,0.04123629600000001,0.11400883400000002
