cause,effect,ace_l,ace_u,pns_l,pns_u
0,4,0.0873662999999999,0.0873662999999999,0.09442474999999997,0.09442474999999997
