cause,effect,ace_l,ace_u,pns_l,pns_u
0,6,1.5925350359546897E-5,1.5925350359546897E-5,1.5925350359571E-5,0.0038302971354930177
