cause,effect,ace_l,ace_u,pns_l,pns_u
0,6,-5.806957064294904E-4,-5.806957064294904E-4,6.542475492268801E-4,9.157447571260801E-4
