cause,effect,ace_l,ace_u,pns_l,pns_u
0,4,0.021450084898000044,0.021450084898000044,0.137171517385,0.25700784818
