cause,effect,ace_l,ace_u,pns_l,pns_u
0,6,1.8560213497442746E-5,1.8560213497442746E-5,2.8503878628959995E-5,2.8503878628959995E-5
