cause,effect,ace_l,ace_u,pns_l,pns_u
0,6,-0.0016104598895385625,-0.0016104598895385625,2.556467157816E-4,0.0161931653611344
