cause,effect,ace_l,ace_u,pns_l,pns_u
0,6,0.08744405196800009,0.08744405196800009,0.087444051968,0.357799116976
