cause,effect,ace_l,ace_u,pns_l,pns_u
0,4,-0.234702164424,-0.234702164424,0.003151219008,0.005457439008
