cause,effect,ace_l,ace_u,pns_l,pns_u
0,6,5.615541024353021E-4,5.615541024353021E-4,9.599257826730002E-4,0.018054677304484824
