cause,effect,ace_l,ace_u,pns_l,pns_u
0,6,0.0018157585997414794,0.0018157585997414794,0.005206528400530757,0.0052353283198707575
