cause,effect,ace_l,ace_u,pns_l,pns_u
0,6,4.999999969612645E-9,4.999999969612645E-9,1.2999999999999995E-7,3.849999999999999E-7
