cause,effect,ace_l,ace_u,pns_l,pns_u
0,6,4.228063999994758E-5,4.228063999994758E-5,1.0032031999999997E-4,4.904542399999999E-4
