cause,effect,ace_l,ace_u,pns_l,pns_u
0,4,0.21308293562200004,0.21308293562200004,0.21308293562199998,0.216097388412
