cause,effect,ace_l,ace_u,pns_l,pns_u
0,6,-6.671969352001206E-6,-6.671969352001206E-6,2.7167361444E-4,0.0016087199497200001
