cause,effect,ace_l,ace_u,pns_l,pns_u
0,6,-3.537996327467319E-4,-3.537996327467319E-4,0.07967195785190517,0.07978709776683107
