cause,effect,ace_l,ace_u,pns_l,pns_u
0,4,0.03234,0.03234,0.032340000000000015,0.033530000000000004
