cause,effect,ace_l,ace_u,pns_l,pns_u
0,6,-0.006519657532416012,-0.006519657532416012,0.0010071015700479997,0.0054334305457920005
