cause,effect,ace_l,ace_u,pns_l,pns_u
0,6,0.005992647632435014,0.005992647632435014,0.008553996924613307,0.011404006860317508
