cause,effect,ace_l,ace_u,pns_l,pns_u
0,4,-0.20311500000000005,-0.20311500000000005,0.02541,0.20886799999999997
