cause,effect,ace_l,ace_u,pns_l,pns_u
0,4,-0.012374333999999876,-0.012374333999999876,0.002792448,0.08060447400000001
