cause,effect,ace_l,ace_u,pns_l,pns_u
0,6,0.004550237570303928,0.004550237570303928,0.004577984302464001,0.004577984302464001
