cause,effect,ace_l,ace_u,pns_l,pns_u
0,4,-0.094911855948,-0.094911855948,0.0,0.10244649060099999
