cause,effect,ace_l,ace_u,pns_l,pns_u
0,4,-0.16194633000000003,-0.16194633000000003,0.015367169999999998,0.015367169999999998
