cause,effect,ace_l,ace_u,pns_l,pns_u
0,4,0.09505334999999998,0.09505334999999998,0.10274390000000003,0.10274390000000003
