cause,effect,ace_l,ace_u,pns_l,pns_u
0,6,2.6745866803198903E-4,2.6745866803198903E-4,3.0958004176896E-4,0.0104269380523008
