cause,effect,ace_l,ace_u,pns_l,pns_u
0,6,0.0010449760124928709,0.0010449760124928709,0.0011755980140544,0.039349241506406396
