cause,effect,ace_l,ace_u,pns_l,pns_u
0,4,-0.17165103211199995,-0.17165103211199995,0.003441802728000001,0.067144211568
