cause,effect,ace_l,ace_u,pns_l,pns_u
0,4,0.2782171938,0.2782171938,0.35388071079600003,0.38874472239600005
