cause,effect,ace_l,ace_u,pns_l,pns_u
0,4,0.03243068464800003,0.03243068464800003,0.032560430733,0.033309487613999995
