cause,effect,ace_l,ace_u,pns_l,pns_u
0,6,-0.0022135428188433393,-0.0022135428188433393,0.02150226709087275,0.04385032115439717
