cause,effect,ace_l,ace_u,pns_l,pns_u
0,4,0.00343946366399997,0.00343946366399997,0.00417731514,0.00417731514
