cause,effect,ace_l,ace_u,pns_l,pns_u
0,4,-7.834839999999454E-4,-7.834839999999454E-4,2.46196E-4,2.46196E-4
