cause,effect,ace_l,ace_u,pns_l,pns_u
0,4,-0.029719872000000036,-0.029719872000000036,0.27882316799999995,0.27882316799999995
