cause,effect,ace_l,ace_u,pns_l,pns_u
0,4,0.07203537431999996,0.07203537431999996,0.08940211545600002,0.08940211545600002
