cause,effect,ace_l,ace_u,pns_l,pns_u
0,4,0.050610463280999995,0.050610463280999995,0.05160113758799998,0.164018221083
