cause,effect,ace_l,ace_u,pns_l,pns_u
0,6,0.24192794961957437,0.24192794961957437,0.3391643755243649,0.3830465559766181
