cause,effect,ace_l,ace_u,pns_l,pns_u
0,4,-0.15059100000000003,-0.15059100000000003,0.003408,0.003408
