cause,effect,ace_l,ace_u,pns_l,pns_u
0,6,-5.8843217999982045E-5,-5.8843217999982045E-5,1.2879846E-5,1.2879846E-5
