cause,effect,ace_l,ace_u,pns_l,pns_u
0,4,0.03514524551999998,0.03514524551999998,0.03514524551999999,0.14127142644
