cause,effect,ace_l,ace_u,pns_l,pns_u
0,4,0.26680494960000006,0.26680494960000006,0.2871441072,0.30556917720000004
