cause,effect,ace_l,ace_u,pns_l,pns_u
0,4,-0.07210136999999989,-0.07210136999999989,1.5987E-4,0.05439303
