cause,effect,ace_l,ace_u,pns_l,pns_u
0,4,0.041519519107000025,0.041519519107000025,0.146997242098,0.15420163529849998
