cause,effect,ace_l,ace_u,pns_l,pns_u
0,6,0.04015289721590787,0.04015289721590787,0.08198815343848706,0.08215309297607905
