cause,effect,ace_l,ace_u,pns_l,pns_u
0,6,-6.686927999999259E-5,-6.686927999999259E-5,4.6500479999999985E-5,1.8632901600000004E-4
