cause,effect,ace_l,ace_u,pns_l,pns_u
0,6,-0.006777338932555221,-0.006777338932555221,2.7839470776479995E-4,0.00177631547578848
