cause,effect,ace_l,ace_u,pns_l,pns_u
0,4,-0.04890153541800002,-0.04890153541800002,0.0010708365420000001,0.00970985922
