cause,effect,ace_l,ace_u,pns_l,pns_u
0,4,0.08736630000000006,0.08736630000000006,0.09442475,0.114141486
