cause,effect,ace_l,ace_u,pns_l,pns_u
0,6,0.12997754141486922,0.12997754141486922,0.17822772281843358,0.30039964533877134
