cause,effect,ace_l,ace_u,pns_l,pns_u
0,6,5.455223623662686E-6,5.455223623662686E-6,1.599423129024001E-5,2.2696102662719997E-5
