cause,effect,ace_l,ace_u,pns_l,pns_u
0,4,-0.022520034000000133,-0.022520034000000133,0.009305298,0.062842968
