cause,effect,ace_l,ace_u,pns_l,pns_u
0,6,1.7481599999991104E-4,1.7481599999991104E-4,1.8885600000000002E-4,1.8885600000000002E-4
