cause,effect,ace_l,ace_u,pns_l,pns_u
0,6,-2.928424900000004E-4,-2.928424900000004E-4,8.702600000000001E-7,0.00123794485
