cause,effect,ace_l,ace_u,pns_l,pns_u
0,4,0.10881271036800003,0.10881271036800003,0.108812710368,0.11171278339199998
