cause,effect,ace_l,ace_u,pns_l,pns_u
0,6,0.08220383407889997,0.08220383407889997,0.08228866775700001,0.08228866775700001
