cause,effect,ace_l,ace_u,pns_l,pns_u
0,4,-0.18265831804800003,-0.18265831804800003,0.0,0.23458914697600003
