cause,effect,ace_l,ace_u,pns_l,pns_u
0,6,-6.133727769808139E-6,-6.133727769808139E-6,1.5556074206400002E-5,1.9747657774783998E-5
