cause,effect,ace_l,ace_u,pns_l,pns_u
0,4,0.12350262974400002,0.12350262974400002,0.12350262974399999,0.12373127287199999
