cause,effect,ace_l,ace_u,pns_l,pns_u
0,6,1.7378400000012117E-4,1.7378400000012117E-4,1.7378400000000004E-4,1.87824E-4
