cause,effect,ace_l,ace_u,pns_l,pns_u
0,4,0.3045059950799999,0.3045059950799999,0.38706521977200004,0.38940212146799996
