cause,effect,ace_l,ace_u,pns_l,pns_u
0,4,0.2964499440000002,0.2964499440000002,0.331015908,0.331015908
