avg_exo_card,tw,exo_dag,avg_indegree,dag,num_exo_vars,exo_cc,endo_dag,exo_tw,endo_tw,endo_cc,avg_endo_indegree,datasize,max_exo_card,markovianity,ratio
11.2,3,([0  1  2  3  4  5  6  7  8  9  10  11  12  13  14  15  16  17  18  19  20]  [(12 0)  (13 1)  (2 3)  (14 4)  (15 5)  (16 6)  (17 7)  (18 8)  (19 9)  (20 10)  (2 11)]),1.2380952380952381,([0  1  2  3  4  5  6  7  8  9  10  11  12  13  14  15  16  17  18  19  20]  [(5 0)  (9 0)  (12 0)  (3 1)  (11 1)  (13 1)  (2 3)  (9 4)  (14 4)  (3 5)  (15 5)  (7 6)  (16 6)  (8 7)  (9 7)  (17 7)  (3 8)  (5 8)  (18 8)  (3 9)  (8 9)  (19 9)  (7 10)  (8 10)  (20 10)  (2 11)]),10,[12][13][2][14][15][16][17][18][19][20],([0  1  3  4  5  6  7  8  9  10  11]  [(5 0)  (9 0)  (3 1)  (11 1)  (9 4)  (3 5)  (7 6)  (8 7)  (9 7)  (3 8)  (5 8)  (3 9)  (8 9)  (7 10)  (8 10)]),1,3,[0][1][3 11][4][5][6][7][8][9][10],1.3636363636363635,1000,16,1,0.9867190031882647
