avg_exo_card,tw,exo_dag,avg_indegree,dag,num_exo_vars,exo_cc,endo_dag,exo_tw,endo_tw,endo_cc,avg_endo_indegree,datasize,max_exo_card,markovianity,ratio
10.666666666666666,3,([0  1  2  3  4  5  6  7  8  9  10  11  12]  [(0 1)  (8 2)  (9 3)  (0 4)  (10 5)  (11 6)  (12 7)]),1.3076923076923077,([0  1  2  3  4  5  6  7  8  9  10  11  12]  [(0 1)  (4 1)  (1 2)  (4 2)  (8 2)  (1 3)  (9 3)  (0 4)  (4 5)  (7 5)  (10 5)  (2 6)  (3 6)  (11 6)  (2 7)  (4 7)  (12 7)]),6,[0][8][9][10][11][12],([1  2  3  4  5  6  7]  [(4 1)  (1 2)  (4 2)  (1 3)  (4 5)  (7 5)  (2 6)  (3 6)  (2 7)  (4 7)]),1,2,[1 4][2][3][5][6][7],1.4285714285714286,1500,16,1,0.990248421161662
