avg_exo_card,exo_dag,avg_indegree,dag,num_exo_vars,exo_cc,endo_dag,exo_tw,endo_tw,endo_cc,avg_endo_indegree,datasize,max_exo_card,markovianity,ratio
88.83333333333333,([0  1  2  3  4  5  6  7  8  9  10  11  12]  [(2 0)  (7 1)  (9 3)  (10 4)  (11 5)  (2 6)  (7 6)  (12 8)]),1.3846153846153846,([0  1  2  3  4  5  6  7  8  9  10  11  12]  [(2 0)  (6 0)  (3 1)  (7 1)  (5 3)  (9 3)  (1 4)  (3 4)  (6 4)  (10 4)  (6 5)  (11 5)  (2 6)  (7 6)  (0 8)  (3 8)  (6 8)  (12 8)]),6,[2 7][9][10][11][12],([0  1  3  4  5  6  8]  [(6 0)  (3 1)  (5 3)  (1 4)  (3 4)  (6 4)  (6 5)  (0 8)  (3 8)  (6 8)]),2,3,[0 1 6][3][4][5][8],1.4285714285714286,1500,256,2,0.9860859673052094
