avg_exo_card,exo_dag,avg_indegree,dag,num_exo_vars,exo_cc,endo_dag,exo_tw,endo_tw,endo_cc,avg_endo_indegree,datasize,max_exo_card,markovianity,ratio
9.428571428571429,([0  1  2  3  4  5  6  7  8  9  10  11  12  13]  [(10 0)  (11 1)  (4 2)  (12 3)  (5 7)  (13 8)  (5 9)  (6 9)]),1.1428571428571428,([0  1  2  3  4  5  6  7  8  9  10  11  12  13]  [(3 0)  (10 0)  (0 1)  (7 1)  (11 1)  (3 2)  (4 2)  (9 3)  (12 3)  (0 7)  (2 7)  (5 7)  (2 8)  (13 8)  (5 9)  (6 9)]),7,[10][11][4][12][5 6][13],([0  1  2  3  7  8  9]  [(3 0)  (0 1)  (7 1)  (3 2)  (9 3)  (0 7)  (2 7)  (2 8)]),2,2,[0][1][2][3][7 9][8],1.1428571428571428,1000,32,2,0.9812680238519571
