avg_exo_card,tw,exo_dag,avg_indegree,dag,num_exo_vars,exo_cc,endo_dag,exo_tw,endo_tw,endo_cc,avg_endo_indegree,datasize,max_exo_card,markovianity,ratio
72.83333333333333,4,([0  1  2  3  4  5  6  7  8  9  10  11  12  13  14  15  16  17  18  19  20  21  22  23]  [(3 0)  (8 0)  (14 1)  (15 2)  (16 4)  (17 5)  (3 6)  (18 7)  (19 9)  (20 10)  (21 11)  (22 12)  (23 13)]),1.5,([0  1  2  3  4  5  6  7  8  9  10  11  12  13  14  15  16  17  18  19  20  21  22  23]  [(3 0)  (8 0)  (7 1)  (9 1)  (14 1)  (6 2)  (7 2)  (13 2)  (15 2)  (6 4)  (10 4)  (16 4)  (4 5)  (6 5)  (17 5)  (0 6)  (3 6)  (12 6)  (6 7)  (13 7)  (18 7)  (2 9)  (7 9)  (19 9)  (2 10)  (6 10)  (12 10)  (20 10)  (4 11)  (21 11)  (0 12)  (22 12)  (0 13)  (6 13)  (12 13)  (23 13)]),12,[3 8][14][15][16][17][18][19][20][21][22][23],([0  1  2  4  5  6  7  9  10  11  12  13]  [(7 1)  (9 1)  (6 2)  (7 2)  (13 2)  (6 4)  (10 4)  (4 5)  (6 5)  (0 6)  (12 6)  (6 7)  (13 7)  (2 9)  (7 9)  (2 10)  (6 10)  (12 10)  (4 11)  (0 12)  (0 13)  (6 13)  (12 13)]),2,3,[0 6][1][2][4][5][7][9][10][11][12][13],1.9166666666666667,4500,256,2,0.9825393855965764
