avg_exo_card,tw,exo_dag,avg_indegree,dag,num_exo_vars,exo_cc,endo_dag,exo_tw,endo_tw,endo_cc,avg_endo_indegree,datasize,max_exo_card,markovianity,ratio
10.571428571428571,3,([0  1  2  3  4  5  6  7  8  9  10  11  12  13]  [(9 0)  (5 2)  (10 3)  (1 4)  (5 4)  (11 6)  (12 7)  (13 8)]),1.2142857142857142,([0  1  2  3  4  5  6  7  8  9  10  11  12  13]  [(7 0)  (9 0)  (5 2)  (0 3)  (2 3)  (10 3)  (1 4)  (5 4)  (3 6)  (8 6)  (11 6)  (2 7)  (4 7)  (12 7)  (0 8)  (2 8)  (13 8)]),7,[9][1 5][10][11][12][13],([0  2  3  4  6  7  8]  [(7 0)  (0 3)  (2 3)  (3 6)  (8 6)  (2 7)  (4 7)  (0 8)  (2 8)]),2,3,[0][2 4][3][6][7][8],1.2857142857142858,2500,16,2,0.997836351039906
