avg_exo_card,exo_dag,avg_indegree,dag,num_exo_vars,exo_cc,endo_dag,exo_tw,endo_tw,endo_cc,avg_endo_indegree,datasize,max_exo_card,markovianity,ratio
55.333333333333336,([0  1  2  3  4  5  6  7  8  9  10  11  12]  [(0 1)  (4 1)  (9 2)  (10 3)  (0 5)  (11 6)  (12 7)  (4 8)]),1.4615384615384615,([0  1  2  3  4  5  6  7  8  9  10  11  12]  [(0 1)  (4 1)  (1 2)  (5 2)  (9 2)  (2 3)  (7 3)  (8 3)  (10 3)  (0 5)  (1 5)  (1 6)  (11 6)  (1 7)  (8 7)  (12 7)  (1 8)  (2 8)  (4 8)]),6,[0 4][9][10][11][12],([1  2  3  5  6  7  8]  [(1 2)  (5 2)  (2 3)  (7 3)  (8 3)  (1 5)  (1 6)  (1 7)  (8 7)  (1 8)  (2 8)]),2,3,[1 5 8][2][3][6][7],1.5714285714285714,2000,256,2,0.9882091030126668
