avg_exo_card,tw,exo_dag,avg_indegree,dag,num_exo_vars,exo_cc,endo_dag,exo_tw,endo_tw,endo_cc,avg_endo_indegree,datasize,max_exo_card,markovianity,ratio
39.0,4,([0  1  2  3  4  5  6  7  8  9  10  11  12  13  14  15  16  17  18]  [(6 0)  (8 0)  (13 1)  (14 3)  (15 4)  (16 5)  (2 7)  (17 9)  (8 10)  (6 11)  (18 12)]),1.368421052631579,([0  1  2  3  4  5  6  7  8  9  10  11  12  13  14  15  16  17  18]  [(6 0)  (8 0)  (10 0)  (0 1)  (13 1)  (9 3)  (12 3)  (14 3)  (0 4)  (11 4)  (15 4)  (9 5)  (10 5)  (11 5)  (16 5)  (2 7)  (10 7)  (0 9)  (11 9)  (17 9)  (8 10)  (6 11)  (7 11)  (0 12)  (9 12)  (18 12)]),9,[6 8][13][2][14][15][16][17][18],([0  1  3  4  5  7  9  10  11  12]  [(10 0)  (0 1)  (9 3)  (12 3)  (0 4)  (11 4)  (9 5)  (10 5)  (11 5)  (10 7)  (0 9)  (11 9)  (7 11)  (0 12)  (9 12)]),2,3,[0 10 11][1][7][3][4][5][9][12],1.5,2500,256,2,0.99595794493803
