avg_exo_card,exo_dag,avg_indegree,dag,num_exo_vars,exo_cc,endo_dag,exo_tw,endo_tw,endo_cc,avg_endo_indegree,datasize,max_exo_card,markovianity,ratio
16.857142857142858,([0  1  2  3  4  5  6  7  8  9  10  11  12  13  14]  [(0 1)  (9 2)  (10 3)  (11 4)  (12 5)  (13 6)  (14 7)  (0 8)]),1.3333333333333333,([0  1  2  3  4  5  6  7  8  9  10  11  12  13  14]  [(0 1)  (2 1)  (3 2)  (9 2)  (8 3)  (10 3)  (2 4)  (3 4)  (11 4)  (1 5)  (3 5)  (8 5)  (12 5)  (1 6)  (4 6)  (13 6)  (1 7)  (8 7)  (14 7)  (0 8)]),7,[0][9][10][11][12][13][14],([1  2  3  4  5  6  7  8]  [(2 1)  (3 2)  (8 3)  (2 4)  (3 4)  (1 5)  (3 5)  (8 5)  (1 6)  (4 6)  (1 7)  (8 7)]),1,3,[1 8][2][3][4][5][6][7],1.5,1000,64,1,0.9909495045694713
