avg_exo_card,tw,exo_dag,avg_indegree,dag,num_exo_vars,exo_cc,endo_dag,exo_tw,endo_tw,endo_cc,avg_endo_indegree,datasize,max_exo_card,markovianity,ratio
10.363636363636363,3,([0  1  2  3  4  5  6  7  8  9  10  11  12  13  14  15  16  17  18  19  20  21]  [(12 0)  (13 1)  (14 2)  (15 3)  (4 5)  (16 6)  (17 7)  (18 8)  (19 9)  (20 10)  (21 11)]),1.2272727272727273,([0  1  2  3  4  5  6  7  8  9  10  11  12  13  14  15  16  17  18  19  20  21]  [(11 0)  (12 0)  (10 1)  (13 1)  (5 2)  (14 2)  (2 3)  (7 3)  (15 3)  (4 5)  (0 6)  (8 6)  (16 6)  (0 7)  (2 7)  (17 7)  (9 8)  (11 8)  (18 8)  (11 9)  (19 9)  (0 10)  (5 10)  (20 10)  (2 11)  (5 11)  (21 11)]),11,[12][13][14][15][4][16][17][18][19][20][21],([0  1  2  3  5  6  7  8  9  10  11]  [(11 0)  (10 1)  (5 2)  (2 3)  (7 3)  (0 6)  (8 6)  (0 7)  (2 7)  (9 8)  (11 8)  (11 9)  (0 10)  (5 10)  (2 11)  (5 11)]),1,3,[0][1][2][3][5][6][7][8][9][10][11],1.4545454545454546,1000,16,0,0.9948923237149901
