avg_exo_card,exo_dag,avg_indegree,dag,num_exo_vars,exo_cc,endo_dag,exo_tw,endo_tw,endo_cc,avg_endo_indegree,datasize,max_exo_card,markovianity,ratio
17.333333333333332,([0  1  2  3  4  5  6  7  8  9  10  11  12]  [(8 0)  (3 1)  (9 2)  (10 4)  (11 5)  (3 6)  (12 7)]),1.3076923076923077,([0  1  2  3  4  5  6  7  8  9  10  11  12]  [(6 0)  (8 0)  (2 1)  (3 1)  (0 2)  (9 2)  (1 4)  (2 4)  (7 4)  (10 4)  (0 5)  (2 5)  (11 5)  (3 6)  (0 7)  (5 7)  (12 7)]),6,[8][3][9][10][11][12],([0  1  2  4  5  6  7]  [(6 0)  (2 1)  (0 2)  (1 4)  (2 4)  (7 4)  (0 5)  (2 5)  (0 7)  (5 7)]),1,3,[0][1 6][2][4][5][7],1.4285714285714286,1000,64,1,0.9657503101307077
