avg_exo_card,tw,exo_dag,avg_indegree,dag,num_exo_vars,exo_cc,endo_dag,exo_tw,endo_tw,endo_cc,avg_endo_indegree,datasize,max_exo_card,markovianity,ratio
10.333333333333334,3,([0  1  2  3  4  5  6  7  8  9  10  11  12]  [(8 0)  (9 1)  (10 2)  (11 3)  (4 5)  (12 6)  (4 7)]),1.2307692307692308,([0  1  2  3  4  5  6  7  8  9  10  11  12]  [(2 0)  (6 0)  (8 0)  (0 1)  (9 1)  (5 2)  (10 2)  (2 3)  (7 3)  (11 3)  (4 5)  (2 6)  (5 6)  (12 6)  (2 7)  (4 7)]),6,[8][9][10][11][4][12],([0  1  2  3  5  6  7]  [(2 0)  (6 0)  (0 1)  (5 2)  (2 3)  (7 3)  (2 6)  (5 6)  (2 7)]),1,2,[0][1][2][3][5 7][6],1.2857142857142858,1000,16,1,0.994810096722849
