avg_exo_card,tw,exo_dag,avg_indegree,dag,num_exo_vars,exo_cc,endo_dag,exo_tw,endo_tw,endo_cc,avg_endo_indegree,datasize,max_exo_card,markovianity,ratio
44.42857142857143,4,([0  1  2  3  4  5  6  7  8  9  10  11  12  13]  [(9 0)  (10 2)  (11 3)  (12 4)  (1 5)  (6 5)  (1 7)  (6 7)  (13 8)]),1.3571428571428572,([0  1  2  3  4  5  6  7  8  9  10  11  12  13]  [(4 0)  (8 0)  (9 0)  (4 2)  (7 2)  (10 2)  (7 3)  (11 3)  (3 4)  (12 4)  (1 5)  (6 5)  (1 7)  (5 7)  (6 7)  (3 8)  (5 8)  (7 8)  (13 8)]),7,[9][1 6][10][11][12][13],([0  2  3  4  5  7  8]  [(4 0)  (8 0)  (4 2)  (7 2)  (7 3)  (3 4)  (5 7)  (3 8)  (5 8)  (7 8)]),2,3,[0][5 7][2][3][4][8],1.4285714285714286,1500,256,2,0.9854715939507542
