avg_exo_card,tw,exo_dag,avg_indegree,dag,num_exo_vars,exo_cc,endo_dag,exo_tw,endo_tw,endo_cc,avg_endo_indegree,datasize,max_exo_card,markovianity,ratio
38.22222222222222,4,([0  1  2  3  4  5  6  7  8  9  10  11  12  13  14  15  16  17  18]  [(12 0)  (2 1)  (11 3)  (13 4)  (14 5)  (2 6)  (11 6)  (15 7)  (16 8)  (17 9)  (18 10)]),1.3157894736842106,([0  1  2  3  4  5  6  7  8  9  10  11  12  13  14  15  16  17  18]  [(9 0)  (12 0)  (2 1)  (10 1)  (1 3)  (6 3)  (11 3)  (8 4)  (13 4)  (0 5)  (7 5)  (10 5)  (14 5)  (2 6)  (11 6)  (6 7)  (9 7)  (15 7)  (6 8)  (16 8)  (10 9)  (17 9)  (6 10)  (8 10)  (18 10)]),9,[12][2 11][13][14][15][16][17][18],([0  1  3  4  5  6  7  8  9  10]  [(9 0)  (10 1)  (1 3)  (6 3)  (8 4)  (0 5)  (7 5)  (10 5)  (6 7)  (9 7)  (6 8)  (10 9)  (6 10)  (8 10)]),2,3,[0][1 3 6][4][5][7][8][9][10],1.4,1000,256,2,0.9957534578796872
