avg_exo_card,exo_dag,avg_indegree,dag,num_exo_vars,exo_cc,endo_dag,exo_tw,endo_tw,endo_cc,avg_endo_indegree,datasize,max_exo_card,markovianity,ratio
77.9090909090909,([0  1  2  3  4  5  6  7  8  9  10  11  12  13  14  15  16  17  18  19  20  21]  [(13 0)  (2 1)  (14 3)  (15 4)  (16 5)  (17 6)  (18 8)  (2 9)  (7 9)  (19 10)  (20 11)  (21 12)]),1.4545454545454546,([0  1  2  3  4  5  6  7  8  9  10  11  12  13  14  15  16  17  18  19  20  21]  [(9 0)  (10 0)  (13 0)  (2 1)  (9 3)  (10 3)  (14 3)  (5 4)  (9 4)  (10 4)  (15 4)  (1 5)  (11 5)  (16 5)  (0 6)  (10 6)  (12 6)  (17 6)  (0 8)  (4 8)  (10 8)  (18 8)  (2 9)  (7 9)  (1 10)  (11 10)  (19 10)  (1 11)  (20 11)  (0 12)  (4 12)  (21 12)]),11,[13][2 7][14][15][16][17][18][19][20][21],([0  1  3  4  5  6  8  9  10  11  12]  [(9 0)  (10 0)  (9 3)  (10 3)  (5 4)  (9 4)  (10 4)  (1 5)  (11 5)  (0 6)  (10 6)  (12 6)  (0 8)  (4 8)  (10 8)  (1 10)  (11 10)  (1 11)  (0 12)  (4 12)]),2,3,[0][1 9][3][4][5][6][8][10][11][12],1.8181818181818181,1500,256,2,0.9842749259964271
