avg_exo_card,exo_dag,avg_indegree,dag,num_exo_vars,exo_cc,endo_dag,exo_tw,endo_tw,endo_cc,avg_endo_indegree,datasize,max_exo_card,markovianity,ratio
8.571428571428571,([0  1  2  3  4  5  6  7  8  9  10  11  12  13  14]  [(9 0)  (1 2)  (1 3)  (10 4)  (11 5)  (12 6)  (13 7)  (14 8)]),1.2,([0  1  2  3  4  5  6  7  8  9  10  11  12  13  14]  [(3 0)  (6 0)  (9 0)  (1 2)  (1 3)  (6 3)  (2 4)  (5 4)  (10 4)  (2 5)  (11 5)  (7 6)  (8 6)  (12 6)  (2 7)  (13 7)  (2 8)  (14 8)]),7,[9][1][10][11][12][13][14],([0  2  3  4  5  6  7  8]  [(3 0)  (6 0)  (6 3)  (2 4)  (5 4)  (2 5)  (7 6)  (8 6)  (2 7)  (2 8)]),1,2,[0][2 3][4][5][6][7][8],1.25,1000,16,1,0.9890376182636864
