avg_exo_card,tw,exo_dag,avg_indegree,dag,num_exo_vars,exo_cc,endo_dag,exo_tw,endo_tw,endo_cc,avg_endo_indegree,datasize,max_exo_card,markovianity,ratio
7.666666666666667,3,([0  1  2  3  4  5  6  7  8  9  10  11  12]  [(0 1)  (8 2)  (9 3)  (10 4)  (11 5)  (0 6)  (12 7)]),1.2307692307692308,([0  1  2  3  4  5  6  7  8  9  10  11  12]  [(0 1)  (7 1)  (1 2)  (7 2)  (8 2)  (4 3)  (9 3)  (2 4)  (7 4)  (10 4)  (3 5)  (4 5)  (11 5)  (0 6)  (6 7)  (12 7)]),6,[0][8][9][10][11][12],([1  2  3  4  5  6  7]  [(7 1)  (1 2)  (7 2)  (4 3)  (2 4)  (7 4)  (3 5)  (4 5)  (6 7)]),1,2,[1 6][2][3][4][5][7],1.2857142857142858,1000,16,1,0.9854229613223778
