avg_exo_card,exo_dag,avg_indegree,dag,num_exo_vars,exo_cc,endo_dag,exo_tw,endo_cc,avg_endo_indegree,datasize,max_exo_card,markovianity,ratio
16.0,([0  1  2  3  4  5  6  7  8  9  10  11]  [(9 0)  (10 1)  (2 3)  (11 4)  (7 5)  (2 6)  (7 8)]),1.3333333333333333,([0  1  2  3  4  5  6  7  8  9  10  11]  [(3 0)  (9 0)  (0 1)  (4 1)  (10 1)  (2 3)  (6 3)  (0 4)  (6 4)  (11 4)  (1 5)  (7 5)  (2 6)  (3 8)  (5 8)  (7 8)]),5,[9][10][2][11][7],([0  1  3  4  5  6  8]  [(3 0)  (0 1)  (4 1)  (6 3)  (0 4)  (6 4)  (1 5)  (3 8)  (5 8)]),1,[0][1][3 6][4][5 8],1.2857142857142858,1000,40,1,0.9908067766027561
