avg_exo_card,exo_dag,avg_indegree,dag,num_exo_vars,exo_cc,endo_dag,exo_tw,endo_cc,avg_endo_indegree,datasize,max_exo_card,markovianity,ratio
7.666666666666667,([0  1  2  3  4  5  6  7  8  9  10  11]  [(7 0)  (8 2)  (9 3)  (1 4)  (10 5)  (11 6)]),1.0833333333333333,([0  1  2  3  4  5  6  7  8  9  10  11]  [(4 0)  (7 0)  (4 2)  (6 2)  (8 2)  (0 3)  (9 3)  (1 4)  (2 5)  (6 5)  (10 5)  (3 6)  (11 6)]),6,[7][1][8][9][10][11],([0  2  3  4  5  6]  [(4 0)  (4 2)  (6 2)  (0 3)  (2 5)  (6 5)  (3 6)]),1,[0][4][2][3][5][6],1.1666666666666667,1000,16,0,0.9936945908797733
