avg_exo_card,exo_dag,avg_indegree,dag,num_exo_vars,exo_cc,endo_dag,exo_tw,endo_tw,endo_cc,avg_endo_indegree,datasize,max_exo_card,markovianity,ratio
45.5,([0  1  2  3  4  5  6  7  8  9  10  11  12  13  14  15  16]  [(11 0)  (2 1)  (3 1)  (12 4)  (13 5)  (14 6)  (15 7)  (3 8)  (2 9)  (16 10)]),1.411764705882353,([0  1  2  3  4  5  6  7  8  9  10  11  12  13  14  15  16]  [(1 0)  (11 0)  (2 1)  (3 1)  (0 4)  (1 4)  (6 4)  (12 4)  (0 5)  (13 5)  (0 6)  (1 6)  (14 6)  (1 7)  (6 7)  (15 7)  (3 8)  (6 8)  (7 8)  (1 9)  (2 9)  (5 9)  (7 10)  (16 10)]),8,[11][2 3][12][13][14][15][16],([0  1  4  5  6  7  8  9  10]  [(1 0)  (0 4)  (1 4)  (6 4)  (0 5)  (0 6)  (1 6)  (1 7)  (6 7)  (6 8)  (7 8)  (1 9)  (5 9)  (7 10)]),2,3,[0][1 8 9][4][5][6][7][10],1.5555555555555556,3500,256,2,0.9873607579397411
