avg_exo_card,exo_dag,avg_indegree,dag,num_exo_vars,exo_cc,endo_dag,exo_tw,endo_tw,endo_cc,avg_endo_indegree,datasize,max_exo_card,markovianity,ratio
53.333333333333336,([0  1  2  3  4  5  6  7  8  9  10  11  12]  [(1 0)  (9 2)  (10 3)  (11 4)  (12 6)  (1 7)  (5 7)  (5 8)]),1.4615384615384615,([0  1  2  3  4  5  6  7  8  9  10  11  12]  [(1 0)  (8 0)  (0 2)  (4 2)  (8 2)  (9 2)  (4 3)  (8 3)  (10 3)  (7 4)  (8 4)  (11 4)  (7 6)  (8 6)  (12 6)  (1 7)  (5 7)  (5 8)  (7 8)]),6,[1 5][9][10][11][12],([0  2  3  4  6  7  8]  [(8 0)  (0 2)  (4 2)  (8 2)  (4 3)  (8 3)  (7 4)  (8 4)  (7 6)  (8 6)  (7 8)]),2,3,[0 7 8][2][3][4][6],1.5714285714285714,1500,256,2,0.9844379727112077
