avg_exo_card,exo_dag,avg_indegree,dag,num_exo_vars,exo_cc,endo_dag,exo_tw,endo_cc,avg_endo_indegree,datasize,max_exo_card,markovianity,ratio
90.66666666666667,([0  1  2  3  4  5  6  7  8  9  10  11  12  13  14  15  16  17  18]  [(13 0)  (14 1)  (4 2)  (9 2)  (15 3)  (11 5)  (11 6)  (9 7)  (16 8)  (17 10)  (18 12)]),1.4210526315789473,([0  1  2  3  4  5  6  7  8  9  10  11  12  13  14  15  16  17  18]  [(3 0)  (7 0)  (12 0)  (13 0)  (7 1)  (14 1)  (4 2)  (5 2)  (9 2)  (1 3)  (7 3)  (15 3)  (11 5)  (5 6)  (11 6)  (2 7)  (9 7)  (5 8)  (7 8)  (12 8)  (16 8)  (1 10)  (17 10)  (5 12)  (6 12)  (10 12)  (18 12)]),9,[13][14][4 9][15][11][16][17][18],([0  1  2  3  5  6  7  8  10  12]  [(3 0)  (7 0)  (12 0)  (7 1)  (5 2)  (1 3)  (7 3)  (5 6)  (2 7)  (5 8)  (7 8)  (12 8)  (1 10)  (5 12)  (6 12)  (10 12)]),2,[0][1][2 7][3][5 6][8][10][12],1.6,1000,256,2,0.9862355484736296
