avg_exo_card,tw,exo_dag,avg_indegree,dag,num_exo_vars,exo_cc,endo_dag,exo_tw,endo_tw,endo_cc,avg_endo_indegree,datasize,max_exo_card,markovianity,ratio
140.76923076923077,4,([0  1  2  3  4  5  6  7  8  9  10  11  12  13  14  15  16  17  18  19  20  21  22  23  24  25]  [(15 0)  (16 2)  (1 3)  (9 3)  (17 4)  (18 5)  (19 6)  (20 7)  (1 8)  (21 10)  (22 11)  (23 12)  (24 13)  (25 14)]),1.5769230769230769,([0  1  2  3  4  5  6  7  8  9  10  11  12  13  14  15  16  17  18  19  20  21  22  23  24  25]  [(3 0)  (4 0)  (11 0)  (15 0)  (3 2)  (16 2)  (1 3)  (9 3)  (3 4)  (17 4)  (3 5)  (7 5)  (11 5)  (18 5)  (4 6)  (19 6)  (2 7)  (3 7)  (11 7)  (20 7)  (1 8)  (3 8)  (0 10)  (4 10)  (6 10)  (21 10)  (2 11)  (3 11)  (8 11)  (22 11)  (5 12)  (7 12)  (11 12)  (23 12)  (6 13)  (10 13)  (24 13)  (3 14)  (4 14)  (7 14)  (25 14)]),13,[15][1 9][16][17][18][19][20][21][22][23][24][25],([0  2  3  4  5  6  7  8  10  11  12  13  14]  [(3 0)  (4 0)  (11 0)  (3 2)  (3 4)  (3 5)  (7 5)  (11 5)  (4 6)  (2 7)  (3 7)  (11 7)  (3 8)  (0 10)  (4 10)  (6 10)  (2 11)  (3 11)  (8 11)  (5 12)  (7 12)  (11 12)  (6 13)  (10 13)  (3 14)  (4 14)  (7 14)]),2,3,[0][3 8][2][4][5][6][7][10][11][12][13][14],2.076923076923077,3000,256,2,0.9865873607106797
