avg_exo_card,exo_dag,avg_indegree,dag,num_exo_vars,exo_cc,endo_dag,exo_tw,endo_cc,avg_endo_indegree,datasize,max_exo_card,markovianity,ratio
11.454545454545455,([0  1  2  3  4  5  6  7  8  9  10  11  12  13  14  15  16  17  18  19  20  21  22]  [(14 0)  (11 1)  (10 2)  (15 3)  (16 4)  (17 5)  (18 6)  (19 7)  (20 8)  (10 9)  (21 12)  (22 13)]),1.391304347826087,([0  1  2  3  4  5  6  7  8  9  10  11  12  13  14  15  16  17  18  19  20  21  22]  [(8 0)  (9 0)  (14 0)  (6 1)  (9 1)  (11 1)  (10 2)  (7 3)  (9 3)  (15 3)  (1 4)  (2 4)  (16 4)  (12 5)  (17 5)  (2 6)  (18 6)  (2 7)  (9 7)  (19 7)  (2 8)  (13 8)  (20 8)  (2 9)  (6 9)  (10 9)  (2 12)  (7 12)  (21 12)  (2 13)  (6 13)  (22 13)]),11,[14][11][10][15][16][17][18][19][20][21][22],([0  1  2  3  4  5  6  7  8  9  12  13]  [(8 0)  (9 0)  (6 1)  (9 1)  (7 3)  (9 3)  (1 4)  (2 4)  (12 5)  (2 6)  (2 7)  (9 7)  (2 8)  (13 8)  (2 9)  (6 9)  (2 12)  (7 12)  (2 13)  (6 13)]),1,[0][1][2 9][3][4][5][6][7][8][12][13],1.6666666666666667,1000,16,1,0.9344351544292926
