avg_exo_card,tw,exo_dag,avg_indegree,dag,num_exo_vars,exo_cc,endo_dag,exo_tw,endo_tw,endo_cc,avg_endo_indegree,datasize,max_exo_card,markovianity,ratio
65.55555555555556,4,([0  1  2  3  4  5  6  7  8  9  10  11  12  13  14  15  16  17  18]  [(13 0)  (14 2)  (15 4)  (3 5)  (16 6)  (10 7)  (1 8)  (17 9)  (18 11)  (1 12)  (3 12)]),1.368421052631579,([0  1  2  3  4  5  6  7  8  9  10  11  12  13  14  15  16  17  18]  [(2 0)  (6 0)  (13 0)  (6 2)  (8 2)  (12 2)  (14 2)  (2 4)  (7 4)  (15 4)  (3 5)  (5 6)  (16 6)  (10 7)  (1 8)  (6 8)  (0 9)  (7 9)  (8 9)  (17 9)  (0 11)  (9 11)  (18 11)  (1 12)  (3 12)  (6 12)]),9,[13][1 3][14][15][16][10][17][18],([0  2  4  5  6  7  8  9  11  12]  [(2 0)  (6 0)  (6 2)  (8 2)  (12 2)  (2 4)  (7 4)  (5 6)  (6 8)  (0 9)  (7 9)  (8 9)  (0 11)  (9 11)  (6 12)]),2,3,[0][5 8 12][2][4][6][7][9][11],1.5,3000,256,2,0.9803093537106939
