avg_exo_card,tw,exo_dag,avg_indegree,dag,num_exo_vars,exo_cc,endo_dag,exo_tw,endo_tw,endo_cc,avg_endo_indegree,datasize,max_exo_card,markovianity,ratio
6.333333333333333,3,([0  1  2  3  4  5  6  7  8  9  10  11]  [(5 0)  (7 1)  (8 2)  (9 3)  (10 4)  (11 6)]),1.0833333333333333,([0  1  2  3  4  5  6  7  8  9  10  11]  [(5 0)  (2 1)  (7 1)  (4 2)  (8 2)  (1 3)  (2 3)  (9 3)  (0 4)  (10 4)  (0 6)  (4 6)  (11 6)]),6,[5][7][8][9][10][11],([0  1  2  3  4  6]  [(2 1)  (4 2)  (1 3)  (2 3)  (0 4)  (0 6)  (4 6)]),1,2,[0][1][2][3][4][6],1.1666666666666667,3500,16,0,0.9729728249983752
