avg_exo_card,exo_dag,avg_indegree,dag,num_exo_vars,exo_cc,endo_dag,exo_tw,endo_cc,avg_endo_indegree,datasize,max_exo_card,markovianity,ratio
12.0,([0  1  2  3  4  5  6  7  8  9  10  11]  [(7 0)  (9 2)  (7 3)  (1 4)  (10 5)  (11 6)  (1 8)]),1.3333333333333333,([0  1  2  3  4  5  6  7  8  9  10  11]  [(7 0)  (5 2)  (6 2)  (9 2)  (0 3)  (7 3)  (0 4)  (1 4)  (0 5)  (8 5)  (10 5)  (4 6)  (8 6)  (11 6)  (0 8)  (1 8)]),5,[7][1][9][10][11],([0  2  3  4  5  6  8]  [(5 2)  (6 2)  (0 3)  (0 4)  (0 5)  (8 5)  (4 6)  (8 6)  (0 8)]),1,[0 3][4 8][2][5][6],1.2857142857142858,1000,16,1,0.9445596759364387
