avg_exo_card,tw,exo_dag,avg_indegree,dag,num_exo_vars,exo_cc,endo_dag,exo_tw,endo_tw,endo_cc,avg_endo_indegree,datasize,max_exo_card,markovianity,ratio
78.72727272727273,4,([0  1  2  3  4  5  6  7  8  9  10  11  12  13  14  15  16  17  18  19  20  21  22]  [(15 0)  (16 2)  (17 3)  (18 4)  (13 5)  (19 6)  (1 7)  (20 8)  (21 9)  (14 10)  (1 11)  (14 11)  (22 12)]),1.5217391304347827,([0  1  2  3  4  5  6  7  8  9  10  11  12  13  14  15  16  17  18  19  20  21  22]  [(2 0)  (11 0)  (12 0)  (15 0)  (11 2)  (12 2)  (16 2)  (0 3)  (9 3)  (17 3)  (0 4)  (7 4)  (12 4)  (18 4)  (8 5)  (13 5)  (3 6)  (7 6)  (12 6)  (19 6)  (1 7)  (11 7)  (0 8)  (4 8)  (20 8)  (0 9)  (7 9)  (21 9)  (7 10)  (14 10)  (1 11)  (14 11)  (10 12)  (11 12)  (22 12)]),11,[15][1 14][16][17][18][13][19][20][21][22],([0  2  3  4  5  6  7  8  9  10  11  12]  [(2 0)  (11 0)  (12 0)  (11 2)  (12 2)  (0 3)  (9 3)  (0 4)  (7 4)  (12 4)  (8 5)  (3 6)  (7 6)  (12 6)  (11 7)  (0 8)  (4 8)  (0 9)  (7 9)  (7 10)  (10 12)  (11 12)]),2,3,[0][7 10 11][2][3][4][5][6][8][9][12],1.8333333333333333,1000,256,2,0.986556685113156
