avg_exo_card,exo_dag,avg_indegree,dag,num_exo_vars,exo_cc,endo_dag,exo_tw,endo_cc,avg_endo_indegree,datasize,max_exo_card,markovianity,ratio
8.714285714285714,([0  1  2  3  4  5  6  7  8  9  10  11  12  13]  [(8 0)  (9 1)  (10 2)  (11 4)  (12 5)  (13 6)  (3 7)  (8 7)]),1.2142857142857142,([0  1  2  3  4  5  6  7  8  9  10  11  12  13]  [(7 0)  (8 0)  (5 1)  (7 1)  (9 1)  (0 2)  (10 2)  (1 4)  (7 4)  (11 4)  (2 5)  (12 5)  (4 6)  (5 6)  (13 6)  (3 7)  (8 7)]),7,[3 8][9][10][11][12][13],([0  1  2  4  5  6  7]  [(7 0)  (5 1)  (7 1)  (0 2)  (1 4)  (7 4)  (2 5)  (4 6)  (5 6)]),2,[0 7][1][2][4][5][6],1.2857142857142858,1000,16,2,0.9859402980944979
