avg_exo_card,exo_dag,avg_indegree,dag,num_exo_vars,exo_cc,endo_dag,exo_tw,endo_cc,avg_endo_indegree,datasize,max_exo_card,markovianity,ratio
8.833333333333334,([0  1  2  3  4  5  6  7  8  9  10  11  12  13]  [(10 0)  (9 1)  (11 2)  (9 3)  (12 4)  (7 5)  (13 6)  (7 8)]),1.2142857142857142,([0  1  2  3  4  5  6  7  8  9  10  11  12  13]  [(2 0)  (10 0)  (9 1)  (8 2)  (11 2)  (4 3)  (8 3)  (9 3)  (2 4)  (6 4)  (12 4)  (7 5)  (2 6)  (5 6)  (13 6)  (5 8)  (7 8)]),6,[10][9][11][12][7][13],([0  1  2  3  4  5  6  8]  [(2 0)  (8 2)  (4 3)  (8 3)  (2 4)  (6 4)  (2 6)  (5 6)  (5 8)]),1,[0][1 3][2][4][5 8][6],1.125,1000,16,1,0.9930059983300462
