avg_exo_card,exo_dag,avg_indegree,dag,num_exo_vars,exo_cc,endo_dag,exo_tw,endo_cc,avg_endo_indegree,datasize,max_exo_card,markovianity,ratio
8.0,([0  1  2  3  4  5  6  7  8  9  10  11  12  13  14  15  16  17  18  19  20]  [(12 0)  (13 2)  (1 3)  (14 4)  (15 5)  (1 6)  (16 7)  (17 8)  (18 9)  (19 10)  (20 11)]),1.1904761904761905,([0  1  2  3  4  5  6  7  8  9  10  11  12  13  14  15  16  17  18  19  20]  [(3 0)  (12 0)  (6 2)  (13 2)  (1 3)  (2 4)  (10 4)  (14 4)  (2 5)  (3 5)  (15 5)  (1 6)  (3 7)  (16 7)  (0 8)  (9 8)  (17 8)  (0 9)  (3 9)  (18 9)  (6 10)  (7 10)  (19 10)  (0 11)  (20 11)]),10,[12][1][13][14][15][16][17][18][19][20],([0  2  3  4  5  6  7  8  9  10  11]  [(3 0)  (6 2)  (2 4)  (10 4)  (2 5)  (3 5)  (3 7)  (0 8)  (9 8)  (0 9)  (3 9)  (6 10)  (7 10)  (0 11)]),1,[0][3 6][2][4][5][7][8][9][10][11],1.2727272727272727,1000,16,1,0.9955668339213868
