avg_exo_card,exo_dag,avg_indegree,dag,num_exo_vars,exo_cc,endo_dag,exo_tw,endo_cc,avg_endo_indegree,datasize,max_exo_card,markovianity,ratio
6.0,([0  1  2  3  4  5  6  7  8  9  10  11  12]  [(8 1)  (9 2)  (10 3)  (0 4)  (0 5)  (11 6)  (12 7)]),1.1538461538461537,([0  1  2  3  4  5  6  7  8  9  10  11  12]  [(4 1)  (8 1)  (3 2)  (4 2)  (9 2)  (6 3)  (10 3)  (0 4)  (0 5)  (6 5)  (1 6)  (11 6)  (2 7)  (4 7)  (12 7)]),6,[0][8][9][10][11][12],([1  2  3  4  5  6  7]  [(4 1)  (3 2)  (4 2)  (6 3)  (6 5)  (1 6)  (2 7)  (4 7)]),1,[4 5][1][2][3][6][7],1.1428571428571428,1000,16,1,0.9961576105248647
