avg_exo_card,exo_dag,avg_indegree,dag,num_exo_vars,exo_cc,endo_dag,exo_tw,endo_cc,avg_endo_indegree,datasize,max_exo_card,markovianity,ratio
6.833333333333333,([0  1  2  3  4  5  6  7  8  9  10  11  12]  [(7 1)  (7 2)  (9 3)  (10 4)  (11 5)  (0 6)  (12 8)]),1.1538461538461537,([0  1  2  3  4  5  6  7  8  9  10  11  12]  [(5 1)  (7 1)  (7 2)  (1 3)  (6 3)  (9 3)  (2 4)  (10 4)  (6 5)  (11 5)  (0 6)  (4 6)  (2 8)  (3 8)  (12 8)]),6,[0][7][9][10][11][12],([1  2  3  4  5  6  8]  [(5 1)  (1 3)  (6 3)  (2 4)  (6 5)  (4 6)  (2 8)  (3 8)]),1,[6][1 2][3][4][5][8],1.1428571428571428,1000,16,1,0.992970733782459
