avg_exo_card,tw,exo_dag,avg_indegree,dag,num_exo_vars,exo_cc,endo_dag,exo_tw,endo_tw,endo_cc,avg_endo_indegree,datasize,max_exo_card,markovianity,ratio
9.333333333333334,3,([0  1  2  3  4  5  6  7  8  9  10  11  12  13  14  15  16  17  18]  [(11 0)  (12 1)  (13 2)  (14 4)  (15 5)  (16 6)  (17 7)  (3 8)  (18 9)  (3 10)]),1.2105263157894737,([0  1  2  3  4  5  6  7  8  9  10  11  12  13  14  15  16  17  18]  [(7 0)  (11 0)  (6 1)  (12 1)  (0 2)  (4 2)  (13 2)  (7 4)  (8 4)  (14 4)  (2 5)  (15 5)  (8 6)  (16 6)  (6 7)  (8 7)  (17 7)  (3 8)  (0 9)  (2 9)  (18 9)  (3 10)  (8 10)]),9,[11][12][13][3][14][15][16][17][18],([0  1  2  4  5  6  7  8  9  10]  [(7 0)  (6 1)  (0 2)  (4 2)  (7 4)  (8 4)  (2 5)  (8 6)  (6 7)  (8 7)  (0 9)  (2 9)  (8 10)]),1,2,[0][1][2][8 10][4][5][6][7][9],1.3,1500,16,1,0.9803560922346058
