avg_exo_card,tw,exo_dag,avg_indegree,dag,num_exo_vars,exo_cc,endo_dag,exo_tw,endo_tw,endo_cc,avg_endo_indegree,datasize,max_exo_card,markovianity,ratio
4.0,4,([0  1  2  3  4  5  6  7  8  9  10  11  12]  [(9 0)  (10 1)  (7 2)  (3 4)  (11 5)  (3 6)  (12 8)]),1.2307692307692308,([0  1  2  3  4  5  6  7  8  9  10  11  12]  [(6 0)  (9 0)  (6 1)  (8 1)  (10 1)  (0 2)  (7 2)  (3 4)  (1 5)  (4 5)  (6 5)  (11 5)  (3 6)  (4 6)  (4 8)  (12 8)]),6,[9][10][7][3][11][12],([0  1  2  4  5  6  8]  [(6 0)  (6 1)  (8 1)  (0 2)  (1 5)  (4 5)  (6 5)  (4 6)  (4 8)]),1,3,[0][1][2][4 6][5][8],1.2857142857142858,1500,8,1,0.9879866860963701
