avg_exo_card,exo_dag,avg_indegree,dag,num_exo_vars,exo_cc,endo_dag,exo_tw,endo_tw,endo_cc,avg_endo_indegree,datasize,max_exo_card,markovianity,ratio
113.42857142857143,([0  1  2  3  4  5  6  7  8  9  10  11  12  13  14]  [(10 0)  (11 2)  (12 3)  (1 4)  (7 4)  (7 5)  (1 6)  (13 8)  (14 9)]),1.4666666666666666,([0  1  2  3  4  5  6  7  8  9  10  11  12  13  14]  [(5 0)  (6 0)  (8 0)  (10 0)  (6 2)  (11 2)  (0 3)  (5 3)  (8 3)  (12 3)  (1 4)  (7 4)  (4 5)  (7 5)  (1 6)  (2 8)  (4 8)  (6 8)  (13 8)  (2 9)  (4 9)  (14 9)]),7,[10][1 7][11][12][13][14],([0  2  3  4  5  6  8  9]  [(5 0)  (6 0)  (8 0)  (6 2)  (0 3)  (5 3)  (8 3)  (4 5)  (2 8)  (4 8)  (6 8)  (2 9)  (4 9)]),2,3,[0][4 5 6][2][3][8][9],1.625,1500,256,2,0.983148183804726
