avg_exo_card,exo_dag,avg_indegree,dag,num_exo_vars,exo_cc,endo_dag,exo_tw,endo_cc,avg_endo_indegree,datasize,max_exo_card,markovianity,ratio
68.5,([0  1  2  3  4  5  6  7  8  9  10  11  12  13  14  15  16]  [(12 0)  (4 2)  (4 3)  (7 3)  (7 5)  (13 6)  (14 8)  (1 9)  (15 10)  (16 11)]),1.3529411764705883,([0  1  2  3  4  5  6  7  8  9  10  11  12  13  14  15  16]  [(5 0)  (10 0)  (12 0)  (4 2)  (5 2)  (4 3)  (7 3)  (7 5)  (0 6)  (13 6)  (0 8)  (5 8)  (10 8)  (14 8)  (1 9)  (6 9)  (11 9)  (2 10)  (5 10)  (11 10)  (15 10)  (2 11)  (16 11)]),8,[12][1][4 7][13][14][15][16],([0  2  3  5  6  8  9  10  11]  [(5 0)  (10 0)  (5 2)  (0 6)  (0 8)  (5 8)  (10 8)  (6 9)  (11 9)  (2 10)  (5 10)  (11 10)  (2 11)]),2,[0][9][2 3 5][6][8][10][11],1.4444444444444444,2000,256,2,0.9901711824867494
