avg_exo_card,tw,exo_dag,avg_indegree,dag,num_exo_vars,exo_cc,endo_dag,exo_tw,endo_tw,endo_cc,avg_endo_indegree,datasize,max_exo_card,markovianity,ratio
64.33333333333333,4,([0  1  2  3  4  5  6  7  8  9  10  11  12  13  14  15  16  17]  [(4 0)  (12 1)  (13 2)  (14 5)  (15 7)  (16 8)  (6 9)  (17 10)  (3 11)  (4 11)]),1.3888888888888888,([0  1  2  3  4  5  6  7  8  9  10  11  12  13  14  15  16  17]  [(4 0)  (2 1)  (5 1)  (8 1)  (12 1)  (5 2)  (11 2)  (13 2)  (0 5)  (10 5)  (14 5)  (10 7)  (11 7)  (15 7)  (2 8)  (5 8)  (9 8)  (16 8)  (6 9)  (11 9)  (9 10)  (17 10)  (0 11)  (3 11)  (4 11)]),9,[3 4][12][13][14][6][15][16][17],([0  1  2  5  7  8  9  10  11]  [(2 1)  (5 1)  (8 1)  (5 2)  (11 2)  (0 5)  (10 5)  (10 7)  (11 7)  (2 8)  (5 8)  (9 8)  (11 9)  (9 10)  (0 11)]),2,3,[0 11][1][2][5][9][7][8][10],1.6666666666666667,1000,256,2,0.9819219169091733
