avg_exo_card,exo_dag,avg_indegree,dag,num_exo_vars,exo_cc,endo_dag,exo_tw,endo_tw,endo_cc,avg_endo_indegree,datasize,max_exo_card,markovianity,ratio
71.5,([0  1  2  3  4  5  6  7  8  9  10  11  12  13  14  15  16]  [(11 0)  (10 1)  (12 2)  (7 3)  (10 3)  (13 4)  (14 5)  (15 6)  (16 8)  (7 9)]),1.411764705882353,([0  1  2  3  4  5  6  7  8  9  10  11  12  13  14  15  16]  [(1 0)  (3 0)  (4 0)  (11 0)  (10 1)  (0 2)  (4 2)  (8 2)  (12 2)  (7 3)  (10 3)  (1 4)  (9 4)  (13 4)  (1 5)  (2 5)  (14 5)  (1 6)  (4 6)  (15 6)  (0 8)  (16 8)  (3 9)  (7 9)]),8,[11][7 10][12][13][14][15][16],([0  1  2  3  4  5  6  8  9]  [(1 0)  (3 0)  (4 0)  (0 2)  (4 2)  (8 2)  (1 4)  (9 4)  (1 5)  (2 5)  (1 6)  (4 6)  (0 8)  (3 9)]),2,3,[0][1 3 9][2][4][5][6][8],1.5555555555555556,1000,256,2,0.9836406170920843
