avg_exo_card,tw,exo_dag,avg_indegree,dag,num_exo_vars,exo_cc,endo_dag,exo_tw,endo_tw,endo_cc,avg_endo_indegree,datasize,max_exo_card,markovianity,ratio
111.33333333333333,4,([0  1  2  3  4  5  6  7  8  9  10  11  12  13  14  15  16  17  18  19  20  21  22  23]  [(15 0)  (3 1)  (16 4)  (17 5)  (18 6)  (19 7)  (2 8)  (3 8)  (20 9)  (11 10)  (21 12)  (22 13)  (23 14)]),1.5833333333333333,([0  1  2  3  4  5  6  7  8  9  10  11  12  13  14  15  16  17  18  19  20  21  22  23]  [(8 0)  (9 0)  (14 0)  (15 0)  (3 1)  (12 1)  (14 1)  (8 4)  (16 4)  (4 5)  (8 5)  (17 5)  (8 6)  (13 6)  (14 6)  (18 6)  (4 7)  (5 7)  (12 7)  (19 7)  (2 8)  (3 8)  (6 9)  (8 9)  (14 9)  (20 9)  (8 10)  (11 10)  (14 10)  (5 12)  (8 12)  (21 12)  (8 13)  (22 13)  (4 14)  (8 14)  (13 14)  (23 14)]),12,[15][2 3][16][17][18][19][20][11][21][22][23],([0  1  4  5  6  7  8  9  10  12  13  14]  [(8 0)  (9 0)  (14 0)  (12 1)  (14 1)  (8 4)  (4 5)  (8 5)  (8 6)  (13 6)  (14 6)  (4 7)  (5 7)  (12 7)  (6 9)  (8 9)  (14 9)  (8 10)  (14 10)  (5 12)  (8 12)  (8 13)  (4 14)  (8 14)  (13 14)]),2,3,[0][1 8][4][5][6][7][9][10][12][13][14],2.0833333333333335,5000,256,2,0.9822409136636125
