avg_exo_card,exo_dag,avg_indegree,dag,num_exo_vars,exo_cc,endo_dag,exo_tw,endo_tw,endo_cc,avg_endo_indegree,datasize,max_exo_card,markovianity,ratio
43.111111111111114,([0  1  2  3  4  5  6  7  8  9  10  11  12  13  14  15  16  17  18]  [(7 0)  (10 0)  (12 1)  (13 2)  (14 3)  (15 4)  (16 5)  (17 6)  (18 8)  (7 9)  (10 11)]),1.368421052631579,([0  1  2  3  4  5  6  7  8  9  10  11  12  13  14  15  16  17  18]  [(3 0)  (7 0)  (10 0)  (6 1)  (12 1)  (3 2)  (4 2)  (6 2)  (13 2)  (9 3)  (14 3)  (5 4)  (8 4)  (15 4)  (3 5)  (6 5)  (16 5)  (0 6)  (17 6)  (3 8)  (5 8)  (18 8)  (7 9)  (1 11)  (3 11)  (10 11)]),9,[7 10][12][13][14][15][16][17][18],([0  1  2  3  4  5  6  8  9  11]  [(3 0)  (6 1)  (3 2)  (4 2)  (6 2)  (9 3)  (5 4)  (8 4)  (3 5)  (6 5)  (0 6)  (3 8)  (5 8)  (1 11)  (3 11)]),2,3,[0 9 11][1][2][3][4][5][6][8],1.5,1500,256,2,0.991567330462522
