avg_exo_card,exo_dag,avg_indegree,dag,num_exo_vars,exo_cc,endo_dag,exo_tw,endo_tw,endo_cc,avg_endo_indegree,datasize,max_exo_card,markovianity,ratio
10.285714285714286,([0  1  2  3  4  5  6  7  8  9  10  11  12  13  14]  [(10 0)  (11 1)  (2 3)  (12 4)  (2 6)  (5 6)  (13 7)  (5 8)  (14 9)]),1.2666666666666666,([0  1  2  3  4  5  6  7  8  9  10  11  12  13  14]  [(6 0)  (10 0)  (4 1)  (8 1)  (11 1)  (0 3)  (2 3)  (0 4)  (9 4)  (12 4)  (2 6)  (5 6)  (4 7)  (6 7)  (13 7)  (0 8)  (5 8)  (0 9)  (14 9)]),7,[10][11][2 5][12][13][14],([0  1  3  4  6  7  8  9]  [(6 0)  (4 1)  (8 1)  (0 3)  (0 4)  (9 4)  (4 7)  (6 7)  (0 8)  (0 9)]),2,2,[0][1][3 6 8][4][7][9],1.25,4500,16,2,0.9947499937284009
