avg_exo_card,tw,exo_dag,avg_indegree,dag,num_exo_vars,exo_cc,endo_dag,exo_tw,endo_tw,endo_cc,avg_endo_indegree,datasize,max_exo_card,markovianity,ratio
9.714285714285714,3,([0  1  2  3  4  5  6  7  8  9  10  11  12  13]  [(5 0)  (9 1)  (10 2)  (11 3)  (12 4)  (5 6)  (8 6)  (13 7)]),1.2142857142857142,([0  1  2  3  4  5  6  7  8  9  10  11  12  13]  [(5 0)  (4 1)  (6 1)  (9 1)  (0 2)  (10 2)  (4 3)  (7 3)  (11 3)  (2 4)  (7 4)  (12 4)  (2 6)  (5 6)  (8 6)  (2 7)  (13 7)]),7,[5 8][9][10][11][12][13],([0  1  2  3  4  6  7]  [(4 1)  (6 1)  (0 2)  (4 3)  (7 3)  (2 4)  (7 4)  (2 6)  (2 7)]),2,2,[0 6][1][2][3][4][7],1.2857142857142858,1000,16,2,0.9953521700065372
