avg_exo_card,tw,exo_dag,avg_indegree,dag,num_exo_vars,exo_cc,endo_dag,exo_tw,endo_tw,endo_cc,avg_endo_indegree,datasize,max_exo_card,markovianity,ratio
69.77777777777777,4,([0  1  2  3  4  5  6  7  8  9  10  11  12  13  14  15  16  17  18]  [(12 1)  (13 2)  (10 3)  (14 4)  (0 5)  (10 5)  (15 6)  (0 7)  (16 8)  (17 9)  (18 11)]),1.4210526315789473,([0  1  2  3  4  5  6  7  8  9  10  11  12  13  14  15  16  17  18]  [(9 1)  (12 1)  (5 2)  (7 2)  (13 2)  (10 3)  (2 4)  (14 4)  (0 5)  (3 5)  (10 5)  (2 6)  (7 6)  (15 6)  (0 7)  (1 7)  (3 7)  (2 8)  (5 8)  (6 8)  (16 8)  (3 9)  (17 9)  (3 11)  (5 11)  (7 11)  (18 11)]),9,[0 10][12][13][14][15][16][17][18],([1  2  3  4  5  6  7  8  9  11]  [(9 1)  (5 2)  (7 2)  (2 4)  (3 5)  (2 6)  (7 6)  (1 7)  (3 7)  (2 8)  (5 8)  (6 8)  (3 9)  (3 11)  (5 11)  (7 11)]),2,3,[3 5 7][1][2][4][6][8][9][11],1.6,2000,256,2,0.9895100528410902
