cause,effect,max_llk,method,pns_0,pns_1,pns_l,pns_u,time_inf,time_learn
asia,dysp,-11137.911690537301,CCVE,0.012294162131589985,0.020901016714885198,0.012294162131589985,0.020901016714885198,6704.0,1571.0
