cause,effect,method,pns_0,pns_1,pns_l,pns_u,time_inf,time_learn
bronc,dysp,CCVE,0.6453336907449723,0.7618394720203061,0.6453336907449723,0.7618394720203061,9.1440456E7,1425.0
