cause,effect,max_llk,method,pns_0,pns_1,pns_l,pns_u,time_inf,time_learn
smoke,dysp,-11137.911690537301,CCVE,0.23406847890698426,0.5258152781724167,0.23406847890698426,0.5258152781724167,5.8802728E7,1688.0
