cause,effect,method,pns_0,pns_1,pns_l,pns_u,time_inf,time_learn
lung,dysp,CCALP,0.21086040908228476,0.443131101447057,0.21086040908228476,0.443131101447057,9171.0,156.0
