cause,effect,max_llk,method,pns_0,pns_1,pns_l,pns_u,time_inf,time_learn
lung,dysp,-11137.911690537301,CCALP,0.3675528649879196,0.47625390106098225,0.3675528649879196,0.47625390106098225,6470.0,207.0
