cause,effect,method,pns_0,pns_1,pns_l,pns_u,time_inf,time_learn
bronc,dysp,CCALP,0.5288279094696384,0.761839472020306,0.5288279094696384,0.761839472020306,8723.0,135.0
