cause,effect,method,pns_0,pns_1,pns_l,pns_u,time_inf,time_learn
smoke,dysp,CCALP,0.1269419552087983,0.5619008196319257,0.1269419552087983,0.5619008196319257,10722.0,167.0
