cause,effect,method,pns_0,pns_1,pns_l,pns_u,time_inf,time_learn
asia,dysp,CCALP,2.8893317644830418E-6,0.0018380606491799085,2.8893317644830418E-6,0.0018380606491799085,10964.0,147.0
