cause,effect,method,pns_0,pns_1,pns_l,pns_u,time_inf,time_learn
tub,dysp,CCVE,0.31679044398307743,0.43052236097901614,0.31679044398307743,0.43052236097901614,2587.0,1410.0
