cause,effect,method,pns_0,pns_1,pns_l,pns_u,time_inf,time_learn
asia,dysp,CCVE,1.1502210669143868E-4,0.001838060649179908,1.1502210669143868E-4,0.001838060649179908,2289.0,1580.0
