cause,effect,max_llk,method,pns_0,pns_1,pns_l,pns_u,time_inf,time_learn
lung,dysp,-11137.911690537301,CCVE,0.36755286498791995,0.47625390106098214,0.36755286498791995,0.47625390106098214,1.0516441E7,1561.0
