cause,effect,max_llk,method,pns_0,pns_1,pns_l,pns_u,time_inf,time_learn
bronc,dysp,-11137.911690537301,CCALP,0.6516488189484833,0.7588080289468564,0.6516488189484833,0.7588080289468564,6780.0,191.0
