cause,effect,max_llk,method,pns_0,pns_1,pns_l,pns_u,time_inf,time_learn
asia,dysp,-11137.911690537301,CCALP,0.003687307548294605,0.020901016714885194,0.003687307548294605,0.020901016714885194,9772.0,209.0
