cause,effect,max_llk,method,pns_0,pns_1,pns_l,pns_u,time_inf,time_learn
bronc,dysp,-11137.911690537301,CCALP,0.5444896089501104,0.7588080289468564,0.5444896089501104,0.7588080289468564,10060.0,190.0
