cause,effect,max_llk,method,pns_0,pns_1,pns_l,pns_u,time_inf,time_learn
smoke,dysp,-11137.911690537301,CCALP,0.10963718741080644,0.5210480237827858,0.10963718741080644,0.5210480237827858,9964.0,226.0
