cause,effect,method,pns_0,pns_1,pns_l,pns_u,time_inf,time_learn
smoke,dysp,CCALP,0.12633713630584084,0.5619008196319257,0.12633713630584084,0.5619008196319257,10246.0,148.0
