cause,effect,method,pns_0,pns_1,pns_l,pns_u,time_inf,time_learn
lung,dysp,CCALP,0.21086040908228476,0.4431311014470569,0.21086040908228476,0.4431311014470569,8774.0,148.0
