cause,effect,max_llk,method,pns_0,pns_1,pns_l,pns_u,time_inf,time_learn
tub,dysp,-11137.911690537301,CCVE,0.35532260495924806,0.4594400581918128,0.35532260495924806,0.4594400581918128,836.0,1606.0
