cause,effect,method,pns_0,pns_1,pns_l,pns_u,time_inf,time_learn
tub,dysp,CCALP,0.20305852698713855,0.430522360979016,0.20305852698713855,0.430522360979016,10260.0,140.0
