cause,effect,method,pns_0,pns_1,pns_l,pns_u,time_inf,time_learn
lung,dysp,CCVE,0.32699575526467084,0.44313110144705686,0.32699575526467084,0.44313110144705686,1118149.0,1258.0
