cause,effect,max_llk,method,pns_0,pns_1,pns_l,pns_u,time_inf,time_learn
tub,dysp,-11137.911690537301,CCALP,0.35532260495924795,0.4594400581918128,0.35532260495924795,0.4594400581918128,7269.0,224.0
