cause,effect,method,pns_0,pns_1,pns_l,pns_u,time_inf,time_learn
asia,dysp,CCALP,1.1537803465234347E-5,0.0018380606491799085,1.1537803465234347E-5,0.0018380606491799085,5107.0,26.0
