cause,effect,method,pns_0,pns_1,pns_l,pns_u,time_inf,time_learn
asia,dysp,CCALP,1.1418199010636598E-5,0.0018380606491799085,1.1418199010636598E-5,0.0018380606491799085,10459.0,147.0
