cause,effect,method,pns_0,pns_1,pns_l,pns_u,time_inf,time_learn
bronc,dysp,CCVE,0.6453336907449723,0.7618394720203061,0.6453336907449723,0.7618394720203061,8.6624487E7,1472.0
