cause,effect,method,pns_0,pns_1,pns_l,pns_u,time_inf,time_learn
lung,dysp,CCVE,0.3269957552646708,0.44313110144705686,0.3269957552646708,0.44313110144705686,1155715.0,1449.0
