cause,effect,method,pns_0,pns_1,pns_l,pns_u,time_inf,time_learn
tub,dysp,CCVE,0.3167904439830775,0.430522360979016,0.3167904439830775,0.430522360979016,2049.0,1506.0
