cause,effect,llk_0,llk_1,method,pns_0,pns_1,pns_l,pns_u,time_inf,time_learn
asia,dysp,-2536.7995220675593,-2376.3611986180836,EMCC,0.3305478009534735,0.21692007497600593,0.21692007497600593,0.3305478009534735,125.0,3847.0
