cause,effect,method,pns_0,pns_1,pns_l,pns_u,time_inf,time_learn
asia,dysp,CCVE,1.150221066914387E-4,0.001838060649179908,1.150221066914387E-4,0.001838060649179908,2200.0,1503.0
