cause,effect,ace_l,ace_u,pns_l,pns_u
0,6,0.004053293173943984,0.004053293173943984,0.004053293173943999,0.03410445978732658
