cause,effect,ace_l,ace_u,pns_l,pns_u
0,9,-1.5466432483068893E-6,-1.5466432483068893E-6,1.1529522396092453E-6,0.007572141931698742
