cause,effect,ace_l,ace_u,pns_l,pns_u
0,6,-0.0013425192000001696,-0.0013425192000001696,0.0,0.011463789600000001
