cause,effect,ace_l,ace_u,pns_l,pns_u
0,4,-0.0027194050000000636,-0.0027194050000000636,0.0,0.063630225
