cause,effect,ace_l,ace_u,pns_l,pns_u
0,9,-1.5353471161105858E-8,-1.5353471161105858E-8,0.0,0.006707227667191259
