cause,effect,ace_l,ace_u,pns_l,pns_u
0,9,1.3195375903052309E-8,1.3195375903052309E-8,4.336772888447999E-8,4.336772888447999E-8
