cause,effect,ace_l,ace_u,pns_l,pns_u
0,6,0.0013719456000000907,0.0013719456000000907,0.00431400672,0.00431400672
