cause,effect,ace_l,ace_u,pns_l,pns_u
0,9,-0.002999999999999947,0.0030000000000000027,2.3961275277210005E-4,8.725496542833001E-4
