cause,effect,ace_l,ace_u,pns_l,pns_u
0,4,-0.012240000000000029,-0.012240000000000029,1.0200000000000001E-4,1.0200000000000001E-4
