cause,effect,ace_l,ace_u,pns_l,pns_u
0,9,-6.347649002313993E-6,-6.347649002313993E-6,0.0031110064237553224,0.0031110064237553224
