cause,effect,ace_l,ace_u,pns_l,pns_u
0,6,1.1876611580807772E-4,1.1876611580807772E-4,3.9012518681526005E-4,3.9012518681526005E-4
