cause,effect,ace_l,ace_u,pns_l,pns_u
0,6,0.006651957000000097,0.006651957000000097,0.006651957,0.043062669
