cause,effect,ace_l,ace_u,pns_l,pns_u
0,6,0.006090454166999937,0.006090454166999937,0.0066961218941399975,0.0066961218941399975
