cause,effect,ace_l,ace_u,pns_l,pns_u
0,4,3.9541558000000254E-4,3.9541558000000254E-4,3.9541558000000005E-4,0.13045192859000002
