cause,effect,ace_l,ace_u,pns_l,pns_u
0,4,1.653959999958765E-6,1.653959999958765E-6,1.65396E-6,0.19294410282000002
