cause,effect,ace_l,ace_u,pns_l,pns_u
0,4,0.011391849600000004,0.011391849600000004,0.05258717320000002,0.05258717320000002
