cause,effect,ace_l,ace_u,pns_l,pns_u
0,4,0.0015717600000000331,0.0015717600000000331,0.0016303679999999997,0.12905232200000002
