cause,effect,ace_l,ace_u,pns_l,pns_u
0,4,0.0047035235519999885,0.0047035235519999885,0.00503948952,0.00503948952
