cause,effect,ace_l,ace_u,pns_l,pns_u
0,6,0.0013738782494289725,0.0013738782494289725,0.00137387824942896,0.07123019172038748
