cause,effect,ace_l,ace_u,pns_l,pns_u
0,4,4.898803000003005E-5,4.898803000003005E-5,1.22470075E-4,1.22470075E-4
