cause,effect,ace_l,ace_u,pns_l,pns_u
0,6,-5.212571000000055E-4,-5.212571000000055E-4,2.0132385000000002E-4,4.7603109000000004E-4
