cause,effect,ace_l,ace_u,pns_l,pns_u
0,4,-7.46400000000147E-5,-7.46400000000147E-5,7.464E-5,1.0236E-4
