cause,effect,ace_l,ace_u,pns_l,pns_u
0,6,3.0050231492739776E-4,3.0050231492739776E-4,6.752633749858082E-4,6.752633749858082E-4
