cause,effect,ace_l,ace_u,pns_l,pns_u
0,4,-0.0022602472749999603,-0.0022602472749999603,0.017338503275,0.017338503275
