cause,effect,ace_l,ace_u,pns_l,pns_u
0,9,-3.4930408230327004E-6,-3.4930408230327004E-6,9.674672324825076E-5,9.674672324825076E-5
