cause,effect,ace_l,ace_u,pns_l,pns_u
0,6,-2.3671018799986676E-4,-2.3671018799986676E-4,6.595360199999998E-5,4.49026578E-4
