cause,effect,ace_l,ace_u,pns_l,pns_u
0,6,-0.03381497600000016,-0.03381497600000016,0.0,0.031596777776
