cause,effect,ace_l,ace_u,pns_l,pns_u
0,4,2.220446049250313E-16,2.220446049250313E-16,0.027246113999999988,0.027246113999999988
