cause,effect,ace_l,ace_u,pns_l,pns_u
0,4,0.00436136499999995,0.00436136499999995,0.004361365,0.004361365
