cause,effect,ace_l,ace_u,pns_l,pns_u
0,4,0.03021474700800003,0.03021474700800003,0.03021474700799999,0.08532619516800001
