cause,effect,ace_l,ace_u,pns_l,pns_u
0,6,6.4825125574152764E-6,6.4825125574152764E-6,6.48251255736E-6,0.00910607340723876
