cause,effect,ace_l,ace_u,pns_l,pns_u
0,9,-2.887370156495761E-6,-2.887370156495761E-6,0.004474716914739842,0.004474716914739842
