cause,effect,ace_l,ace_u,pns_l,pns_u
0,4,-3.0600000000546856E-7,-3.0600000000546856E-7,3.834000000000001E-6,3.834000000000001E-6
