cause,effect,ace_l,ace_u,pns_l,pns_u
0,4,0.0035294512159999014,0.0035294512159999014,0.005304937345999999,0.005304937345999999
