cause,effect,ace_l,ace_u,pns_l,pns_u
0,9,6.29059819790001E-8,6.29059819790001E-8,6.840932246399998E-8,6.840932246399998E-8
