cause,effect,ace_l,ace_u,pns_l,pns_u
0,4,0.017097999999999995,0.017097999999999995,0.017097999999999995,0.021043999999999997
