cause,effect,ace_l,ace_u,pns_l,pns_u
0,6,2.9415317704484245E-4,2.9415317704484245E-4,9.204690325708023E-4,9.204690325708023E-4
