cause,effect,ace_l,ace_u,pns_l,pns_u
0,4,0.0032507549999999386,0.0032507549999999386,0.003250755,0.008747640000000001
