cause,effect,ace_l,ace_u,pns_l,pns_u
0,6,-0.0018493034311437562,-0.0018493034311437562,0.0032108995231128167,0.0032108995231128167
