cause,effect,ace_l,ace_u,pns_l,pns_u
0,4,-0.0035913600000000157,-0.0035913600000000157,0.001825608,0.013237920000000004
