cause,effect,ace_l,ace_u,pns_l,pns_u
0,6,-2.7574864127993814E-5,-2.7574864127993814E-5,8.565802952000002E-6,1.0139974432000002E-5
