cause,effect,ace_l,ace_u,pns_l,pns_u
0,9,-2.9781521693195145E-10,-2.9781521693195145E-10,3.6719651814452085E-6,3.6719651814452085E-6
