cause,effect,ace_l,ace_u,pns_l,pns_u
0,9,0.017052508899509516,0.017052508899509516,0.026631110059586852,0.026631110059586852
