cause,effect,ace_l,ace_u,pns_l,pns_u
0,6,-4.6044240153031435E-5,-4.6044240153031435E-5,0.0,0.13732303740346488
