cause,effect,ace_l,ace_u,pns_l,pns_u
0,9,2.816302987873609E-5,2.816302987873609E-5,0.00126656631659817,0.00126656631659817
