cause,effect,ace_l,ace_u,pns_l,pns_u
0,9,-0.012874950119367456,-0.012874950119367456,0.0021600529664749834,0.0021600529664749834
