cause,effect,ace_l,ace_u,pns_l,pns_u
0,4,-0.001636318000000081,-0.001636318000000081,0.005157494000000001,0.0065635300000000014
