cause,effect,ace_l,ace_u,pns_l,pns_u
0,4,0.033284763216000046,0.033284763216000046,0.10285918394399998,0.10285918394399998
