cause,effect,ace_l,ace_u,pns_l,pns_u
0,9,1.8035884111755607E-6,1.8035884111755607E-6,1.3260866689505636E-4,1.8496419392686429E-4
