cause,effect,ace_l,ace_u,pns_l,pns_u
0,6,-1.1986252991991186E-4,-1.1986252991991186E-4,0.0,0.0171708877068
