cause,effect,ace_l,ace_u,pns_l,pns_u
0,4,1.3223999999992242E-5,1.3223999999992242E-5,1.3224000000000002E-5,2.0149199999999997E-4
