cause,effect,ace_l,ace_u,pns_l,pns_u
0,9,1.701617523275356E-6,1.701617523275356E-6,1.7016175232454247E-6,0.0830631818276775
