cause,effect,ace_l,ace_u,pns_l,pns_u
0,9,1.3441821262727416E-6,1.3441821262727416E-6,7.454502498254848E-6,7.74680306761125E-6
