cause,effect,ace_l,ace_u,pns_l,pns_u
0,4,0.03458725401599999,0.03458725401599999,0.07670493676800001,0.07670493676800001
