cause,effect,ace_l,ace_u,pns_l,pns_u
0,9,-1.034527552512543E-8,-1.034527552512543E-8,0.0,1.9775338808302085E-6
