cause,effect,ace_l,ace_u,pns_l,pns_u
0,6,0.006979139999999995,0.006979139999999995,0.006990600000000001,0.006990600000000001
