cause,effect,ace_l,ace_u,pns_l,pns_u
0,4,-0.023506145999999895,-0.023506145999999895,5.8473E-5,0.005096757000000001
