cause,effect,ace_l,ace_u,pns_l,pns_u
0,6,0.0072594064520208335,0.0072594064520208335,0.01035338877408528,0.01035338877408528
