cause,effect,ace_l,ace_u,pns_l,pns_u
0,9,6.042287243461786E-4,6.042287243461786E-4,0.0031331067750871135,0.0031331067750871135
