cause,effect,ace_l,ace_u,pns_l,pns_u
0,4,-0.0017548981599999625,-0.0017548981599999625,0.008655411400000002,0.008655411400000002
