cause,effect,ace_l,ace_u,pns_l,pns_u
0,6,-7.984761592760847E-5,-7.984761592760847E-5,0.0,0.0233261814175292
