cause,effect,ace_l,ace_u,pns_l,pns_u
0,9,-0.0017282697855592888,-0.0017282697855592888,0.003360384407203637,0.003360384407203637
