cause,effect,ace_l,ace_u,pns_l,pns_u
0,4,0.01926,0.01926,0.01950075,0.01950075
