cause,effect,ace_l,ace_u,pns_l,pns_u
0,4,-0.028107840000000106,-0.028107840000000106,6.992000000000002E-5,4.416000000000001E-4
