cause,effect,ace_l,ace_u,pns_l,pns_u
0,6,1.1643234224999882E-4,1.1643234224999882E-4,1.2108963594E-4,1.2108963594E-4
