cause,effect,ace_l,ace_u,pns_l,pns_u
0,9,-6.943615871632391E-5,-6.943615871632391E-5,6.090891115465728E-5,6.090891115465728E-5
