cause,effect,ace_l,ace_u,pns_l,pns_u
0,6,7.767567359994593E-7,7.767567359994593E-7,1.0180469599999997E-6,1.0180469599999997E-6
