cause,effect,ace_l,ace_u,pns_l,pns_u
0,6,8.292844799999699E-4,8.292844799999699E-4,9.62891424E-4,0.005662062432000001
