cause,effect,ace_l,ace_u,pns_l,pns_u
0,6,-1.497584692228271E-5,-1.497584692228271E-5,3.753369904435201E-5,3.753369904435201E-5
