cause,effect,ace_l,ace_u,pns_l,pns_u
0,9,0.017744668283292353,0.017744668283292353,0.020424573984994778,0.020424573984994778
