cause,effect,ace_l,ace_u,pns_l,pns_u
0,9,1.2749890226926297E-7,1.2749890226926297E-7,1.2749890230012692E-7,0.003460500701954402
