cause,effect,ace_l,ace_u,pns_l,pns_u
0,6,-4.733164800000099E-4,-4.733164800000099E-4,1.8760896E-4,1.8760896E-4
