cause,effect,ace_l,ace_u,pns_l,pns_u
0,9,1.4104042167317754E-4,1.4104042167317754E-4,3.317118454434036E-4,3.317118454434036E-4
