avg_exo_card,exo_dag,avg_indegree,dag,num_exo_vars,exo_cc,endo_dag,exo_tw,endo_cc,avg_endo_indegree,datasize,max_exo_card,markovianity,ratio
10.666666666666666,([0  1  2  3  4  5  6  7  8  9  10  11]  [(8 0)  (1 2)  (4 2)  (1 3)  (9 5)  (10 6)  (11 7)]),1.25,([0  1  2  3  4  5  6  7  8  9  10  11]  [(6 0)  (8 0)  (1 2)  (3 2)  (4 2)  (1 3)  (2 5)  (7 5)  (9 5)  (2 6)  (3 6)  (10 6)  (0 7)  (3 7)  (11 7)]),6,[8][1 4][9][10][11],([0  2  3  5  6  7]  [(6 0)  (3 2)  (2 5)  (7 5)  (2 6)  (3 6)  (0 7)  (3 7)]),2,[0][2 3][5][6][7],1.3333333333333333,4500,16,2,0.9963347762772857
