avg_exo_card,tw,exo_dag,avg_indegree,dag,num_exo_vars,exo_cc,endo_dag,exo_tw,endo_tw,endo_cc,avg_endo_indegree,datasize,max_exo_card,markovianity,ratio
12.666666666666666,3,([0  1  2  3  4  5  6  7  8  9  10  11  12]  [(8 0)  (9 2)  (10 3)  (1 4)  (1 5)  (11 6)  (12 7)]),1.3846153846153846,([0  1  2  3  4  5  6  7  8  9  10  11  12]  [(2 0)  (4 0)  (8 0)  (4 2)  (9 2)  (0 3)  (2 3)  (10 3)  (1 4)  (0 5)  (1 5)  (7 5)  (0 6)  (4 6)  (11 6)  (2 7)  (4 7)  (12 7)]),6,[8][1][9][10][11][12],([0  2  3  4  5  6  7]  [(2 0)  (4 0)  (4 2)  (0 3)  (2 3)  (0 5)  (7 5)  (0 6)  (4 6)  (2 7)  (4 7)]),1,3,[0][4 5][2][3][6][7],1.5714285714285714,1000,16,1,0.9435331805534001
