avg_exo_card,exo_dag,avg_indegree,dag,num_exo_vars,exo_cc,endo_dag,exo_tw,endo_cc,avg_endo_indegree,datasize,max_exo_card,markovianity,ratio
7.666666666666667,([0  1  2  3  4  5  6  7  8  9  10  11  12  13]  [(8 0)  (10 1)  (11 3)  (2 4)  (12 5)  (2 6)  (13 7)  (8 9)]),1.2142857142857142,([0  1  2  3  4  5  6  7  8  9  10  11  12  13]  [(8 0)  (6 1)  (10 1)  (0 3)  (1 3)  (11 3)  (2 4)  (3 4)  (4 5)  (6 5)  (12 5)  (2 6)  (9 7)  (13 7)  (0 9)  (5 9)  (8 9)]),6,[8][10][2][11][12][13],([0  1  3  4  5  6  7  9]  [(6 1)  (0 3)  (1 3)  (3 4)  (4 5)  (6 5)  (9 7)  (0 9)  (5 9)]),1,[0 9][1][4 6][3][5][7],1.125,4000,16,1,0.9894122835861688
