0
['genn.py', '1', '1.0', '0.5', '25', '3']
['genn.py', '1', '1.0', '0.5', '54', '3']
['genn.py', '1', '1.0', '0.5', '55', '3']
['genn.py', '1', '1.0', '0.5', '69', '3']
1 1.0 0.5 25
['genn.py', '1', '1.0', '0.5', '106', '3']
['genn.py', '1', '1.0', '0.5', '1', '3']
1 1.0 0.5 54
['genn.py', '1', '1.0', '0.5', '10', '3']
['genn.py', '1', '1.0', '0.5', '159', '3']
['genn.py', '1', '1.0', '0.5', '18', '3']
1 1.0 0.5 55
['genn.py', '1', '1.0', '0.5', '42', '3']
['genn.py', '1', '1.0', '0.5', '49', '3']
['genn.py', '1', '1.0', '0.5', '11', '3']
['genn.py', '1', '1.0', '0.5', '95', '3']
['genn.py', '1', '1.0', '0.5', '76', '3']
1 1.0 0.5 76
/mnt/beegfs/rcabanas/dev/credici/papers/zeros/code/GenerateNparents.java
['genn.py', '1', '1.0', '0.5', '41', '3']
/mnt/beegfs/rcabanas/dev/credici/papers/zeros/code/GenerateNparents.java
['genn.py', '1', '1.0', '0.5', '110', '3']
['genn.py', '1', '1.0', '0.5', '37', '3']
1 1.0 0.5 69
/mnt/beegfs/rcabanas/dev/credici/papers/zeros/code/GenerateNparents.java
1 1.0 0.5 1
1 1.0 0.5 106
/mnt/beegfs/rcabanas/dev/credici/papers/zeros/code/GenerateNparents.java
1 1.0 0.5 10
['genn.py', '1', '1.0', '0.5', '71', '3']
['genn.py', '1', '1.0', '0.5', '51', '3']
1 1.0 0.5 159
1 1.0 0.5 18
1 1.0 0.5 42
/mnt/beegfs/rcabanas/dev/credici/papers/zeros/code/GenerateNparents.java
1 1.0 0.5 49
/mnt/beegfs/rcabanas/dev/credici/papers/zeros/code/GenerateNparents.java
['genn.py', '1', '1.0', '0.5', '126', '3']
1 1.0 0.5 11
['genn.py', '1', '1.0', '0.5', '154', '3']
['genn.py', '1', '1.0', '0.5', '40', '3']
['genn.py', '1', '1.0', '0.5', '12', '3']
['genn.py', '1', '1.0', '0.5', '29', '3']
['genn.py', '1', '1.0', '0.5', '21', '3']
['genn.py', '1', '1.0', '0.5', '53', '3']
['genn.py', '1', '1.0', '0.5', '5', '3']
1 1.0 0.5 95
['genn.py', '1', '1.0', '0.5', '13', '3']
['genn.py', '1', '1.0', '0.5', '100', '3']
['genn.py', '1', '1.0', '0.5', '167', '3']
['genn.py', '1', '1.0', '0.5', '153', '3']
['genn.py', '1', '1.0', '0.5', '81', '3']
['genn.py', '1', '1.0', '0.5', '9', '3']
['genn.py', '1', '1.0', '0.5', '23', '3']
/mnt/beegfs/rcabanas/dev/credici/papers/zeros/code/GenerateNparents.java
1 1.0 0.5 41
/mnt/beegfs/rcabanas/dev/credici/papers/zeros/code/GenerateNparents.java
1 1.0 0.5 110
/mnt/beegfs/rcabanas/dev/credici/papers/zeros/code/GenerateNparents.java
1 1.0 0.5 37
/mnt/beegfs/rcabanas/dev/credici/papers/zeros/code/GenerateNparents.java
/mnt/beegfs/rcabanas/dev/credici/papers/zeros/code/GenerateNparents.java
/mnt/beegfs/rcabanas/dev/credici/papers/zeros/code/GenerateNparents.java
/mnt/beegfs/rcabanas/dev/credici/papers/zeros/code/GenerateNparents.java
1 1.0 0.5 71
/mnt/beegfs/rcabanas/dev/credici/papers/zeros/code/GenerateNparents.java
1 1.0 0.5 51
/mnt/beegfs/rcabanas/dev/credici/papers/zeros/code/GenerateNparents.java
/mnt/beegfs/rcabanas/dev/credici/papers/zeros/code/GenerateNparents.java
/mnt/beegfs/rcabanas/dev/credici/papers/zeros/code/GenerateNparents.java
['genn.py', '1', '1.0', '0.5', '163', '3']
1 1.0 0.5 126
/mnt/beegfs/rcabanas/dev/credici/papers/zeros/code/GenerateNparents.java
/mnt/beegfs/rcabanas/dev/credici/papers/zeros/code/GenerateNparents.java
1 1.0 0.5 154
['genn.py', '1', '1.0', '0.5', '102', '3']
['genn.py', '1', '1.0', '0.5', '112', '3']
1 1.0 0.5 40
1 1.0 0.5 12
1 1.0 0.5 29
1 1.0 0.5 21
/mnt/beegfs/rcabanas/dev/credici/papers/zeros/code/GenerateNparents.java
1 1.0 0.5 53
1 1.0 0.5 5
/mnt/beegfs/rcabanas/dev/credici/papers/zeros/code/GenerateNparents.java
1 1.0 0.5 13
/mnt/beegfs/rcabanas/dev/credici/papers/zeros/code/GenerateNparents.java
1 1.0 0.5 100
/mnt/beegfs/rcabanas/dev/credici/papers/zeros/code/GenerateNparents.java
1 1.0 0.5 167
/mnt/beegfs/rcabanas/dev/credici/papers/zeros/code/GenerateNparents.java
1 1.0 0.5 153
/mnt/beegfs/rcabanas/dev/credici/papers/zeros/code/GenerateNparents.java
1 1.0 0.5 81
/mnt/beegfs/rcabanas/dev/credici/papers/zeros/code/GenerateNparents.java
1 1.0 0.5 9
/mnt/beegfs/rcabanas/dev/credici/papers/zeros/code/GenerateNparents.java
1 1.0 0.5 23
['genn.py', '1', '1.0', '0.5', '4', '3']
['genn.py', '1', '1.0', '0.5', '28', '3']
['genn.py', '1', '1.0', '0.5', '70', '3']
['genn.py', '1', '1.0', '0.5', '198', '3']
['genn.py', '1', '1.0', '0.5', '38', '3']
/mnt/beegfs/rcabanas/dev/credici/papers/zeros/code/GenerateNparents.java
/mnt/beegfs/rcabanas/dev/credici/papers/zeros/code/GenerateNparents.java
/mnt/beegfs/rcabanas/dev/credici/papers/zeros/code/GenerateNparents.java
/mnt/beegfs/rcabanas/dev/credici/papers/zeros/code/GenerateNparents.java
/mnt/beegfs/rcabanas/dev/credici/papers/zeros/code/GenerateNparents.java
/mnt/beegfs/rcabanas/dev/credici/papers/zeros/code/GenerateNparents.java
1 1.0 0.5 163
1 1.0 0.5 112
1 1.0 0.5 102
/mnt/beegfs/rcabanas/dev/credici/papers/zeros/code/GenerateNparents.java
/mnt/beegfs/rcabanas/dev/credici/papers/zeros/code/GenerateNparents.java
/mnt/beegfs/rcabanas/dev/credici/papers/zeros/code/GenerateNparents.java
/mnt/beegfs/rcabanas/dev/credici/papers/zeros/code/GenerateNparents.java
['genn.py', '1', '1.0', '0.5', '67', '3']
1 1.0 0.5 4
1 1.0 0.5 28
1 1.0 0.5 70
1 1.0 0.5 198
/mnt/beegfs/rcabanas/dev/credici/papers/zeros/code/GenerateNparents.java
1 1.0 0.5 38
/mnt/beegfs/rcabanas/dev/credici/papers/zeros/code/GenerateNparents.java
/mnt/beegfs/rcabanas/dev/credici/papers/zeros/code/GenerateNparents.java
/mnt/beegfs/rcabanas/dev/credici/papers/zeros/code/GenerateNparents.java
/mnt/beegfs/rcabanas/dev/credici/papers/zeros/code/GenerateNparents.java
['genn.py', '1', '1.0', '0.5', '6', '3']
['genn.py', '1', '1.0', '0.5', '33', '3']
1 1.0 0.5 67
['genn.py', '1', '1.0', '0.5', '124', '3']
['genn.py', '1', '1.0', '0.5', '127', '3']
['genn.py', '1', '1.0', '0.5', '46', '3']
['genn.py', '1', '1.0', '0.5', '68', '3']
['genn.py', '1', '1.0', '0.5', '101', '3']
['genn.py', '1', '1.0', '0.5', '94', '3']
['genn.py', '1', '1.0', '0.5', '22', '3']
1 1.0 0.5 22
/mnt/beegfs/rcabanas/dev/credici/papers/zeros/code/GenerateNparents.java
/mnt/beegfs/rcabanas/dev/credici/papers/zeros/code/GenerateNparents.java
['genn.py', '1', '1.0', '0.5', '43', '3']
1 1.0 0.5 6
1 1.0 0.5 33
/mnt/beegfs/rcabanas/dev/credici/papers/zeros/code/GenerateNparents.java
1 1.0 0.5 124
1 1.0 0.5 127
/mnt/beegfs/rcabanas/dev/credici/papers/zeros/code/GenerateNparents.java
1 1.0 0.5 46
1 1.0 0.5 101
1 1.0 0.5 68
/mnt/beegfs/rcabanas/dev/credici/papers/zeros/code/GenerateNparents.java
1 1.0 0.5 94
/mnt/beegfs/rcabanas/dev/credici/papers/zeros/code/GenerateNparents.java
1 1.0 0.5 43
/mnt/beegfs/rcabanas/dev/credici/papers/zeros/code/GenerateNparents.java
/mnt/beegfs/rcabanas/dev/credici/papers/zeros/code/GenerateNparents.java
/mnt/beegfs/rcabanas/dev/credici/papers/zeros/code/GenerateNparents.java
/mnt/beegfs/rcabanas/dev/credici/papers/zeros/code/GenerateNparents.java
/mnt/beegfs/rcabanas/dev/credici/papers/zeros/code/GenerateNparents.java
[2024-10-14T10:31:59.723877][INFO][seed25] Set up logging
[2024-10-14T10:31:59.745499][INFO][seed25] args: -np;1;-nzr;1.0;-zdr;0.5;-o;/mnt/beegfs/rcabanas/dev/credici/papers/zeros/models/s3;-rw;-s;25;-ys;3
[2024-10-14T10:31:59.749922][INFO][seed25] Starting logger with seed 25
[2024-10-14T10:31:59.730659][INFO][seed54] Set up logging
[2024-10-14T10:31:59.753045][INFO][seed54] args: -np;1;-nzr;1.0;-zdr;0.5;-o;/mnt/beegfs/rcabanas/dev/credici/papers/zeros/models/s3;-rw;-s;54;-ys;3
[2024-10-14T10:31:59.728274][INFO][seed55] Set up logging
[2024-10-14T10:31:59.754237][INFO][seed55] args: -np;1;-nzr;1.0;-zdr;0.5;-o;/mnt/beegfs/rcabanas/dev/credici/papers/zeros/models/s3;-rw;-s;55;-ys;3
[2024-10-14T10:31:59.756035][INFO][seed55] Starting logger with seed 55
[2024-10-14T10:31:59.754840][INFO][seed54] Starting logger with seed 54
[2024-10-14T10:31:59.759726][INFO][seed25] simple_nparents1_nzr10_zdr05_ysize3_25
[2024-10-14T10:31:59.768204][INFO][seed55] simple_nparents1_nzr10_zdr05_ysize3_55
[2024-10-14T10:31:59.777859][INFO][seed54] simple_nparents1_nzr10_zdr05_ysize3_54
[2024-10-14T10:32:00.204533][INFO][seed55] U cardinality: 9
[2024-10-14T10:32:00.211063][INFO][seed55] !0 = [0, 1, 2, 3, 4, 5, 6, 7, 8]
[2024-10-14T10:32:00.211450][INFO][seed55] 0 = []
[2024-10-14T10:32:00.213515][INFO][seed55] U cardinality: 9
[2024-10-14T10:32:00.217411][INFO][seed54] U cardinality: 9
[2024-10-14T10:32:00.224070][INFO][seed55] 
[P([3]) [0.157, 0.843], P([2]) [0.029, 0.027, 0.22, 0.685, 0.001, 0.002, 0.034, 0.001, 0.001], P([1, 3]) [1.0, 0.0, 0.0, 1.0], P([0, 1, 2]) [1.0, 0.0, 0.0, 1.0, 0.0, 0.0, 1.0, 0.0, 0.0, 0.0, 1.0, 0.0, 1.0, 0.0, 0.0, 0.0, 0.0, 1.0, 0.0, 1.0, 0.0, 1.0, 0.0, 0.0, 0.0, 1.0, 0.0, 0.0, 1.0, 0.0, 0.0, 1.0, 0.0, 0.0, 0.0, 1.0, 0.0, 0.0, 1.0, 1.0, 0.0, 0.0, 0.0, 0.0, 1.0, 0.0, 1.0, 0.0, 0.0, 0.0, 1.0, 0.0, 0.0, 1.0]]

[2024-10-14T10:32:00.226332][INFO][seed54] !0 = [0, 1, 2, 3, 4, 5, 6, 7, 8]
[2024-10-14T10:32:00.226720][INFO][seed54] 0 = []
[2024-10-14T10:32:00.228821][INFO][seed54] U cardinality: 9
[2024-10-14T10:32:00.229449][INFO][seed25] U cardinality: 9
[2024-10-14T10:32:00.238194][INFO][seed25] !0 = [0, 1, 2, 3, 4, 5, 6, 7, 8]
[2024-10-14T10:32:00.238614][INFO][seed25] 0 = []
[2024-10-14T10:32:00.237623][INFO][seed54] 
[P([3]) [0.049, 0.951], P([2]) [0.102, 0.147, 0.018, 0.041, 0.008, 0.354, 0.024, 0.227, 0.079], P([1, 3]) [1.0, 0.0, 0.0, 1.0], P([0, 1, 2]) [1.0, 0.0, 0.0, 1.0, 0.0, 0.0, 1.0, 0.0, 0.0, 0.0, 1.0, 0.0, 1.0, 0.0, 0.0, 0.0, 0.0, 1.0, 0.0, 1.0, 0.0, 1.0, 0.0, 0.0, 0.0, 1.0, 0.0, 0.0, 1.0, 0.0, 0.0, 1.0, 0.0, 0.0, 0.0, 1.0, 0.0, 0.0, 1.0, 1.0, 0.0, 0.0, 0.0, 0.0, 1.0, 0.0, 1.0, 0.0, 0.0, 0.0, 1.0, 0.0, 0.0, 1.0]]

[2024-10-14T10:32:00.240742][INFO][seed25] U cardinality: 9
[2024-10-14T10:32:00.247194][INFO][seed25] 
[P([3]) [0.279, 0.721], P([2]) [0.441, 0.001, 0.001, 0.002, 0.157, 0.186, 0.173, 0.036, 0.003], P([1, 3]) [1.0, 0.0, 0.0, 1.0], P([0, 1, 2]) [1.0, 0.0, 0.0, 1.0, 0.0, 0.0, 1.0, 0.0, 0.0, 0.0, 1.0, 0.0, 1.0, 0.0, 0.0, 0.0, 0.0, 1.0, 0.0, 1.0, 0.0, 1.0, 0.0, 0.0, 0.0, 1.0, 0.0, 0.0, 1.0, 0.0, 0.0, 1.0, 0.0, 0.0, 0.0, 1.0, 0.0, 0.0, 1.0, 1.0, 0.0, 0.0, 0.0, 0.0, 1.0, 0.0, 1.0, 0.0, 0.0, 0.0, 1.0, 0.0, 0.0, 1.0]]

[2024-10-14T10:32:00.419543][INFO][seed55] Sampled 1000 data instances
[2024-10-14T10:32:00.419793][INFO][seed55] Starting exact inference 
[2024-10-14T10:32:00.403296][INFO][seed167] Set up logging
[2024-10-14T10:32:00.434007][INFO][seed167] args: -np;1;-nzr;1.0;-zdr;0.5;-o;/mnt/beegfs/rcabanas/dev/credici/papers/zeros/models/s3;-rw;-s;167;-ys;3
[2024-10-14T10:32:00.436074][INFO][seed167] Starting logger with seed 167
[2024-10-14T10:32:00.449322][INFO][seed54] Sampled 1000 data instances
[2024-10-14T10:32:00.449552][INFO][seed54] Starting exact inference 
[2024-10-14T10:32:00.430349][INFO][seed21] Set up logging
[2024-10-14T10:32:00.453403][INFO][seed167] simple_nparents1_nzr10_zdr05_ysize3_167
[2024-10-14T10:32:00.454635][INFO][seed21] args: -np;1;-nzr;1.0;-zdr;0.5;-o;/mnt/beegfs/rcabanas/dev/credici/papers/zeros/models/s3;-rw;-s;21;-ys;3
[2024-10-14T10:32:00.457488][INFO][seed25] Sampled 1000 data instances
[2024-10-14T10:32:00.457570][INFO][seed25] Starting exact inference 
[2024-10-14T10:32:00.438364][INFO][seed100] Set up logging
[2024-10-14T10:32:00.467861][INFO][seed21] Starting logger with seed 21
[2024-10-14T10:32:00.470811][INFO][seed100] args: -np;1;-nzr;1.0;-zdr;0.5;-o;/mnt/beegfs/rcabanas/dev/credici/papers/zeros/models/s3;-rw;-s;100;-ys;3
[2024-10-14T10:32:00.448419][INFO][seed70] Set up logging
[2024-10-14T10:32:00.473876][INFO][seed100] Starting logger with seed 100
[2024-10-14T10:32:00.477383][INFO][seed70] args: -np;1;-nzr;1.0;-zdr;0.5;-o;/mnt/beegfs/rcabanas/dev/credici/papers/zeros/models/s3;-rw;-s;70;-ys;3
[2024-10-14T10:32:00.478256][INFO][seed21] simple_nparents1_nzr10_zdr05_ysize3_21
[2024-10-14T10:32:00.450818][INFO][seed76] Set up logging
[2024-10-14T10:32:00.480311][INFO][seed76] args: -np;1;-nzr;1.0;-zdr;0.5;-o;/mnt/beegfs/rcabanas/dev/credici/papers/zeros/models/s3;-rw;-s;76;-ys;3
[2024-10-14T10:32:00.483194][INFO][seed70] Starting logger with seed 70
[2024-10-14T10:32:00.488820][INFO][seed76] Starting logger with seed 76
[2024-10-14T10:32:00.490927][INFO][seed100] simple_nparents1_nzr10_zdr05_ysize3_100
[2024-10-14T10:32:00.499335][INFO][seed70] simple_nparents1_nzr10_zdr05_ysize3_70
[2024-10-14T10:32:00.501276][INFO][seed76] simple_nparents1_nzr10_zdr05_ysize3_76
[2024-10-14T10:32:00.537237][INFO][seed71] Set up logging
[2024-10-14T10:32:00.568484][INFO][seed71] args: -np;1;-nzr;1.0;-zdr;0.5;-o;/mnt/beegfs/rcabanas/dev/credici/papers/zeros/models/s3;-rw;-s;71;-ys;3
[2024-10-14T10:32:00.572638][INFO][seed71] Starting logger with seed 71
[2024-10-14T10:32:00.583873][INFO][seed71] simple_nparents1_nzr10_zdr05_ysize3_71
[2024-10-14T10:32:00.604665][INFO][seed49] Set up logging
[2024-10-14T10:32:00.622577][INFO][seed49] args: -np;1;-nzr;1.0;-zdr;0.5;-o;/mnt/beegfs/rcabanas/dev/credici/papers/zeros/models/s3;-rw;-s;49;-ys;3
[2024-10-14T10:32:00.626769][INFO][seed49] Starting logger with seed 49
[2024-10-14T10:32:00.620710][INFO][seed198] Set up logging
[2024-10-14T10:32:00.637765][INFO][seed198] args: -np;1;-nzr;1.0;-zdr;0.5;-o;/mnt/beegfs/rcabanas/dev/credici/papers/zeros/models/s3;-rw;-s;198;-ys;3
[2024-10-14T10:32:00.640829][INFO][seed49] simple_nparents1_nzr10_zdr05_ysize3_49
[2024-10-14T10:32:00.643411][INFO][seed198] Starting logger with seed 198
[2024-10-14T10:32:00.664757][INFO][seed198] simple_nparents1_nzr10_zdr05_ysize3_198
[2024-10-14T10:32:00.733389][INFO][seed1] Set up logging
[2024-10-14T10:32:00.761822][INFO][seed1] args: -np;1;-nzr;1.0;-zdr;0.5;-o;/mnt/beegfs/rcabanas/dev/credici/papers/zeros/models/s3;-rw;-s;1;-ys;3
[2024-10-14T10:32:00.774463][INFO][seed1] Starting logger with seed 1
[2024-10-14T10:32:00.781778][INFO][seed1] simple_nparents1_nzr10_zdr05_ysize3_1
[2024-10-14T10:32:00.870430][INFO][seed28] Set up logging
[2024-10-14T10:32:00.899335][INFO][seed28] args: -np;1;-nzr;1.0;-zdr;0.5;-o;/mnt/beegfs/rcabanas/dev/credici/papers/zeros/models/s3;-rw;-s;28;-ys;3
[2024-10-14T10:32:00.905494][INFO][seed28] Starting logger with seed 28
[2024-10-14T10:32:00.918508][INFO][seed28] simple_nparents1_nzr10_zdr05_ysize3_28
[2024-10-14T10:32:00.910538][INFO][seed37] Set up logging
[2024-10-14T10:32:00.939548][INFO][seed37] args: -np;1;-nzr;1.0;-zdr;0.5;-o;/mnt/beegfs/rcabanas/dev/credici/papers/zeros/models/s3;-rw;-s;37;-ys;3
[2024-10-14T10:32:00.913658][INFO][seed23] Set up logging
[2024-10-14T10:32:00.944888][INFO][seed23] args: -np;1;-nzr;1.0;-zdr;0.5;-o;/mnt/beegfs/rcabanas/dev/credici/papers/zeros/models/s3;-rw;-s;23;-ys;3
[2024-10-14T10:32:00.941871][INFO][seed37] Starting logger with seed 37
[2024-10-14T10:32:00.947069][INFO][seed23] Starting logger with seed 23
[2024-10-14T10:32:00.937074][INFO][seed18] Set up logging
[2024-10-14T10:32:00.966280][INFO][seed18] args: -np;1;-nzr;1.0;-zdr;0.5;-o;/mnt/beegfs/rcabanas/dev/credici/papers/zeros/models/s3;-rw;-s;18;-ys;3
[2024-10-14T10:32:00.970065][INFO][seed18] Starting logger with seed 18
[2024-10-14T10:32:00.980325][INFO][seed23] simple_nparents1_nzr10_zdr05_ysize3_23
[2024-10-14T10:32:00.982790][INFO][seed167] U cardinality: 9
[2024-10-14T10:32:00.958215][INFO][seed22] Set up logging
[2024-10-14T10:32:00.988240][INFO][seed22] args: -np;1;-nzr;1.0;-zdr;0.5;-o;/mnt/beegfs/rcabanas/dev/credici/papers/zeros/models/s3;-rw;-s;22;-ys;3
[2024-10-14T10:32:00.988942][INFO][seed167] !0 = [0, 1, 2, 3, 4, 5, 6, 7, 8]
[2024-10-14T10:32:00.989588][INFO][seed167] 0 = []
[2024-10-14T10:32:00.947976][INFO][seed46] Set up logging
[2024-10-14T10:32:00.958287][INFO][seed154] Set up logging
[2024-10-14T10:32:00.990870][INFO][seed154] args: -np;1;-nzr;1.0;-zdr;0.5;-o;/mnt/beegfs/rcabanas/dev/credici/papers/zeros/models/s3;-rw;-s;154;-ys;3
[2024-10-14T10:32:00.960572][INFO][seed51] Set up logging
[2024-10-14T10:32:00.990721][INFO][seed22] Starting logger with seed 22
[2024-10-14T10:32:00.960][INFO][seed110] Set up logging
[2024-10-14T10:32:00.966377][INFO][seed81] Set up logging
[2024-10-14T10:32:00.990512][INFO][seed46] args: -np;1;-nzr;1.0;-zdr;0.5;-o;/mnt/beegfs/rcabanas/dev/credici/papers/zeros/models/s3;-rw;-s;46;-ys;3
[2024-10-14T10:32:00.995368][INFO][seed46] Starting logger with seed 46
[2024-10-14T10:32:00.991852][INFO][seed167] U cardinality: 9
[2024-10-14T10:32:00.992789][INFO][seed51] args: -np;1;-nzr;1.0;-zdr;0.5;-o;/mnt/beegfs/rcabanas/dev/credici/papers/zeros/models/s3;-rw;-s;51;-ys;3
[2024-10-14T10:32:00.997546][INFO][seed51] Starting logger with seed 51
[2024-10-14T10:32:00.991651][INFO][seed110] args: -np;1;-nzr;1.0;-zdr;0.5;-o;/mnt/beegfs/rcabanas/dev/credici/papers/zeros/models/s3;-rw;-s;110;-ys;3
[2024-10-14T10:32:00.964045][INFO][seed95] Set up logging
[2024-10-14T10:32:00.995597][INFO][seed95] args: -np;1;-nzr;1.0;-zdr;0.5;-o;/mnt/beegfs/rcabanas/dev/credici/papers/zeros/models/s3;-rw;-s;95;-ys;3
[2024-10-14T10:32:01.000510][INFO][seed95] Starting logger with seed 95
[2024-10-14T10:32:00.995291][INFO][seed81] args: -np;1;-nzr;1.0;-zdr;0.5;-o;/mnt/beegfs/rcabanas/dev/credici/papers/zeros/models/s3;-rw;-s;81;-ys;3
[2024-10-14T10:32:01.000192][INFO][seed81] Starting logger with seed 81
[2024-10-14T10:32:00.947377][INFO][seed153] Set up logging
[2024-10-14T10:32:00.996790][INFO][seed153] args: -np;1;-nzr;1.0;-zdr;0.5;-o;/mnt/beegfs/rcabanas/dev/credici/papers/zeros/models/s3;-rw;-s;153;-ys;3
[2024-10-14T10:32:01.000720][INFO][seed153] Starting logger with seed 153
[2024-10-14T10:32:00.995473][INFO][seed154] Starting logger with seed 154
[2024-10-14T10:32:00.970690][INFO][seed112] Set up logging
[2024-10-14T10:32:00.963769][INFO][seed102] Set up logging
[2024-10-14T10:32:00.965666][INFO][seed4] Set up logging
[2024-10-14T10:32:00.998576][INFO][seed18] simple_nparents1_nzr10_zdr05_ysize3_18
[2024-10-14T10:32:00.996450][INFO][seed110] Starting logger with seed 110
[2024-10-14T10:32:00.999692][INFO][seed167] 
[P([3]) [0.993, 0.007], P([2]) [0.002, 0.223, 0.634, 0.083, 0.001, 0.033, 0.002, 0.001, 0.021], P([1, 3]) [1.0, 0.0, 0.0, 1.0], P([0, 1, 2]) [1.0, 0.0, 0.0, 1.0, 0.0, 0.0, 1.0, 0.0, 0.0, 0.0, 1.0, 0.0, 1.0, 0.0, 0.0, 0.0, 0.0, 1.0, 0.0, 1.0, 0.0, 1.0, 0.0, 0.0, 0.0, 1.0, 0.0, 0.0, 1.0, 0.0, 0.0, 1.0, 0.0, 0.0, 0.0, 1.0, 0.0, 0.0, 1.0, 1.0, 0.0, 0.0, 0.0, 0.0, 1.0, 0.0, 1.0, 0.0, 0.0, 0.0, 1.0, 0.0, 0.0, 1.0]]

[2024-10-14T10:32:00.965042][INFO][seed12] Set up logging
[2024-10-14T10:32:01.004425][INFO][seed12] args: -np;1;-nzr;1.0;-zdr;0.5;-o;/mnt/beegfs/rcabanas/dev/credici/papers/zeros/models/s3;-rw;-s;12;-ys;3
[2024-10-14T10:32:00.996559][INFO][seed102] args: -np;1;-nzr;1.0;-zdr;0.5;-o;/mnt/beegfs/rcabanas/dev/credici/papers/zeros/models/s3;-rw;-s;102;-ys;3
[2024-10-14T10:32:01.004384][INFO][seed112] args: -np;1;-nzr;1.0;-zdr;0.5;-o;/mnt/beegfs/rcabanas/dev/credici/papers/zeros/models/s3;-rw;-s;112;-ys;3
[2024-10-14T10:32:00.996980][INFO][seed4] args: -np;1;-nzr;1.0;-zdr;0.5;-o;/mnt/beegfs/rcabanas/dev/credici/papers/zeros/models/s3;-rw;-s;4;-ys;3
[2024-10-14T10:32:00.973939][INFO][seed29] Set up logging
[2024-10-14T10:32:00.976439][INFO][seed41] Set up logging
[2024-10-14T10:32:01.009045][INFO][seed112] Starting logger with seed 112
[2024-10-14T10:32:01.000844][INFO][seed102] Starting logger with seed 102
[2024-10-14T10:32:00.999537][INFO][seed4] Starting logger with seed 4
[2024-10-14T10:32:00.979263][INFO][seed33] Set up logging
[2024-10-14T10:32:00.974697][INFO][seed9] Set up logging
[2024-10-14T10:32:01.005293][INFO][seed29] args: -np;1;-nzr;1.0;-zdr;0.5;-o;/mnt/beegfs/rcabanas/dev/credici/papers/zeros/models/s3;-rw;-s;29;-ys;3
[2024-10-14T10:32:01.009552][INFO][seed29] Starting logger with seed 29
[2024-10-14T10:32:00.972849][INFO][seed53] Set up logging
[2024-10-14T10:32:01.008674][INFO][seed22] simple_nparents1_nzr10_zdr05_ysize3_22
[2024-10-14T10:32:01.006803][INFO][seed41] args: -np;1;-nzr;1.0;-zdr;0.5;-o;/mnt/beegfs/rcabanas/dev/credici/papers/zeros/models/s3;-rw;-s;41;-ys;3
[2024-10-14T10:32:01.009160][INFO][seed12] Starting logger with seed 12
[2024-10-14T10:32:00.967977][INFO][seed159] Set up logging
[2024-10-14T10:32:01.011428][INFO][seed159] args: -np;1;-nzr;1.0;-zdr;0.5;-o;/mnt/beegfs/rcabanas/dev/credici/papers/zeros/models/s3;-rw;-s;159;-ys;3
[2024-10-14T10:32:01.009043][INFO][seed33] args: -np;1;-nzr;1.0;-zdr;0.5;-o;/mnt/beegfs/rcabanas/dev/credici/papers/zeros/models/s3;-rw;-s;33;-ys;3
[2024-10-14T10:32:01.013402][INFO][seed33] Starting logger with seed 33
[2024-10-14T10:32:01.009098][INFO][seed9] args: -np;1;-nzr;1.0;-zdr;0.5;-o;/mnt/beegfs/rcabanas/dev/credici/papers/zeros/models/s3;-rw;-s;9;-ys;3
[2024-10-14T10:32:01.013394][INFO][seed9] Starting logger with seed 9
[2024-10-14T10:32:01.009338][INFO][seed53] args: -np;1;-nzr;1.0;-zdr;0.5;-o;/mnt/beegfs/rcabanas/dev/credici/papers/zeros/models/s3;-rw;-s;53;-ys;3
[2024-10-14T10:32:01.013479][INFO][seed53] Starting logger with seed 53
[2024-10-14T10:32:01.012081][INFO][seed46] simple_nparents1_nzr10_zdr05_ysize3_46
[2024-10-14T10:32:01.012151][INFO][seed154] simple_nparents1_nzr10_zdr05_ysize3_154
[2024-10-14T10:32:01.011260][INFO][seed41] Starting logger with seed 41
[2024-10-14T10:32:01.023823][INFO][seed76] U cardinality: 9
[2024-10-14T10:32:01.013206][INFO][seed110] simple_nparents1_nzr10_zdr05_ysize3_110
[2024-10-14T10:32:01.013300][INFO][seed51] simple_nparents1_nzr10_zdr05_ysize3_51
[2024-10-14T10:32:00.981058][INFO][seed127] Set up logging
[2024-10-14T10:32:01.014661][INFO][seed127] args: -np;1;-nzr;1.0;-zdr;0.5;-o;/mnt/beegfs/rcabanas/dev/credici/papers/zeros/models/s3;-rw;-s;127;-ys;3
[2024-10-14T10:32:01.019246][INFO][seed127] Starting logger with seed 127
[2024-10-14T10:32:00.983055][INFO][seed6] Set up logging
[2024-10-14T10:32:01.015721][INFO][seed6] args: -np;1;-nzr;1.0;-zdr;0.5;-o;/mnt/beegfs/rcabanas/dev/credici/papers/zeros/models/s3;-rw;-s;6;-ys;3
[2024-10-14T10:32:01.017954][INFO][seed6] Starting logger with seed 6
[2024-10-14T10:32:00.972353][INFO][seed38] Set up logging
[2024-10-14T10:32:01.015786][INFO][seed4] simple_nparents1_nzr10_zdr05_ysize3_4
[2024-10-14T10:32:01.016426][INFO][seed81] simple_nparents1_nzr10_zdr05_ysize3_81
[2024-10-14T10:32:01.017375][INFO][seed102] simple_nparents1_nzr10_zdr05_ysize3_102
[2024-10-14T10:32:01.017407][INFO][seed95] simple_nparents1_nzr10_zdr05_ysize3_95
[2024-10-14T10:32:01.017917][INFO][seed153] simple_nparents1_nzr10_zdr05_ysize3_153
[2024-10-14T10:32:01.018163][INFO][seed159] Starting logger with seed 159
[2024-10-14T10:32:01.013880][INFO][seed37] simple_nparents1_nzr10_zdr05_ysize3_37
[2024-10-14T10:32:01.019428][INFO][seed21] U cardinality: 9
[2024-10-14T10:32:01.020213][INFO][seed70] U cardinality: 9
[2024-10-14T10:32:01.025959][INFO][seed112] simple_nparents1_nzr10_zdr05_ysize3_112
[2024-10-14T10:32:01.026151][INFO][seed12] simple_nparents1_nzr10_zdr05_ysize3_12
[2024-10-14T10:32:01.026763][INFO][seed29] simple_nparents1_nzr10_zdr05_ysize3_29
[2024-10-14T10:32:00.995681][INFO][seed124] Set up logging
[2024-10-14T10:32:01.028008][INFO][seed124] args: -np;1;-nzr;1.0;-zdr;0.5;-o;/mnt/beegfs/rcabanas/dev/credici/papers/zeros/models/s3;-rw;-s;124;-ys;3
[2024-10-14T10:32:01.006572][INFO][seed67] Set up logging
[2024-10-14T10:32:01.028996][INFO][seed41] simple_nparents1_nzr10_zdr05_ysize3_41
[2024-10-14T10:32:01.030002][INFO][seed33] simple_nparents1_nzr10_zdr05_ysize3_33
[2024-10-14T10:32:01.016069][INFO][seed38] args: -np;1;-nzr;1.0;-zdr;0.5;-o;/mnt/beegfs/rcabanas/dev/credici/papers/zeros/models/s3;-rw;-s;38;-ys;3
[2024-10-14T10:32:01.030321][INFO][seed53] simple_nparents1_nzr10_zdr05_ysize3_53
[2024-10-14T10:32:01.030806][INFO][seed76] !0 = [0, 1, 2, 3, 4, 5, 6, 7, 8]
[2024-10-14T10:32:01.031134][INFO][seed9] simple_nparents1_nzr10_zdr05_ysize3_9
[2024-10-14T10:32:01.026795][INFO][seed21] !0 = [0, 1, 2, 3, 4, 5, 6, 7, 8]
[2024-10-14T10:32:01.027519][INFO][seed21] 0 = []
[2024-10-14T10:32:01.033003][INFO][seed21] U cardinality: 9
[2024-10-14T10:32:00.998783][INFO][seed106] Set up logging
[2024-10-14T10:32:01.034121][INFO][seed106] args: -np;1;-nzr;1.0;-zdr;0.5;-o;/mnt/beegfs/rcabanas/dev/credici/papers/zeros/models/s3;-rw;-s;106;-ys;3
[2024-10-14T10:32:01.038550][INFO][seed106] Starting logger with seed 106
[2024-10-14T10:32:01.029987][INFO][seed70] !0 = [0, 1, 2, 3, 4, 5, 6, 7, 8]
[2024-10-14T10:32:01.036645][INFO][seed67] args: -np;1;-nzr;1.0;-zdr;0.5;-o;/mnt/beegfs/rcabanas/dev/credici/papers/zeros/models/s3;-rw;-s;67;-ys;3
[2024-10-14T10:32:01.037446][INFO][seed6] simple_nparents1_nzr10_zdr05_ysize3_6
[2024-10-14T10:32:01.037871][INFO][seed127] simple_nparents1_nzr10_zdr05_ysize3_127
[2024-10-14T10:32:01.021162][INFO][seed38] Starting logger with seed 38
[2024-10-14T10:32:01.031346][INFO][seed76] 0 = []
[2024-10-14T10:32:01.033840][INFO][seed76] U cardinality: 9
[2024-10-14T10:32:01.043436][INFO][seed76] 
[P([3]) [0.935, 0.065], P([2]) [0.497, 0.003, 0.002, 0.001, 0.098, 0.001, 0.347, 0.003, 0.048], P([1, 3]) [1.0, 0.0, 0.0, 1.0], P([0, 1, 2]) [1.0, 0.0, 0.0, 1.0, 0.0, 0.0, 1.0, 0.0, 0.0, 0.0, 1.0, 0.0, 1.0, 0.0, 0.0, 0.0, 0.0, 1.0, 0.0, 1.0, 0.0, 1.0, 0.0, 0.0, 0.0, 1.0, 0.0, 0.0, 1.0, 0.0, 0.0, 1.0, 0.0, 0.0, 0.0, 1.0, 0.0, 0.0, 1.0, 1.0, 0.0, 0.0, 0.0, 0.0, 1.0, 0.0, 1.0, 0.0, 0.0, 0.0, 1.0, 0.0, 0.0, 1.0]]

[2024-10-14T10:32:01.006014][INFO][seed42] Set up logging
[2024-10-14T10:32:01.013333][INFO][seed68] Set up logging
[2024-10-14T10:32:01.044323][INFO][seed159] simple_nparents1_nzr10_zdr05_ysize3_159
[2024-10-14T10:32:01.045173][INFO][seed21] 
[P([3]) [0.541, 0.459], P([2]) [0.023, 0.667, 0.025, 0.005, 0.027, 0.07, 0.175, 0.003, 0.005], P([1, 3]) [1.0, 0.0, 0.0, 1.0], P([0, 1, 2]) [1.0, 0.0, 0.0, 1.0, 0.0, 0.0, 1.0, 0.0, 0.0, 0.0, 1.0, 0.0, 1.0, 0.0, 0.0, 0.0, 0.0, 1.0, 0.0, 1.0, 0.0, 1.0, 0.0, 0.0, 0.0, 1.0, 0.0, 0.0, 1.0, 0.0, 0.0, 1.0, 0.0, 0.0, 0.0, 1.0, 0.0, 0.0, 1.0, 1.0, 0.0, 0.0, 0.0, 0.0, 1.0, 0.0, 1.0, 0.0, 0.0, 0.0, 1.0, 0.0, 0.0, 1.0]]

[2024-10-14T10:32:01.030772][INFO][seed70] 0 = []
[2024-10-14T10:32:01.033521][INFO][seed70] U cardinality: 9
[2024-10-14T10:32:01.045191][INFO][seed70] 
[P([3]) [0.112, 0.888], P([2]) [0.291, 0.312, 0.002, 0.201, 0.186, 0.003, 0.001, 0.002, 0.002], P([1, 3]) [1.0, 0.0, 0.0, 1.0], P([0, 1, 2]) [1.0, 0.0, 0.0, 1.0, 0.0, 0.0, 1.0, 0.0, 0.0, 0.0, 1.0, 0.0, 1.0, 0.0, 0.0, 0.0, 0.0, 1.0, 0.0, 1.0, 0.0, 1.0, 0.0, 0.0, 0.0, 1.0, 0.0, 0.0, 1.0, 0.0, 0.0, 1.0, 0.0, 0.0, 0.0, 1.0, 0.0, 0.0, 1.0, 1.0, 0.0, 0.0, 0.0, 0.0, 1.0, 0.0, 1.0, 0.0, 0.0, 0.0, 1.0, 0.0, 0.0, 1.0]]
[2024-10-14T10:32:01.007818][INFO][seed40] Set up logging
[2024-10-14T10:32:01.042108][INFO][seed67] Starting logger with seed 67
[2024-10-14T10:32:01.046019][INFO][seed38] simple_nparents1_nzr10_zdr05_ysize3_38
[2024-10-14T10:32:01.050553][INFO][seed49] U cardinality: 9
[2024-10-14T10:32:01.060650][INFO][seed49] !0 = [0, 1, 2, 3, 4, 5, 6, 7, 8]
[2024-10-14T10:32:01.041130][INFO][seed42] args: -np;1;-nzr;1.0;-zdr;0.5;-o;/mnt/beegfs/rcabanas/dev/credici/papers/zeros/models/s3;-rw;-s;42;-ys;3
[2024-10-14T10:32:01.043076][INFO][seed68] args: -np;1;-nzr;1.0;-zdr;0.5;-o;/mnt/beegfs/rcabanas/dev/credici/papers/zeros/models/s3;-rw;-s;68;-ys;3
[2024-10-14T10:32:01.048634][INFO][seed68] Starting logger with seed 68
[2024-10-14T10:32:01.069055][INFO][seed68] simple_nparents1_nzr10_zdr05_ysize3_68
[2024-10-14T10:32:01.066314][INFO][seed100] U cardinality: 9

[2024-10-14T10:32:01.047638][INFO][seed40] args: -np;1;-nzr;1.0;-zdr;0.5;-o;/mnt/beegfs/rcabanas/dev/credici/papers/zeros/models/s3;-rw;-s;40;-ys;3
[2024-10-14T10:32:01.061656][INFO][seed67] simple_nparents1_nzr10_zdr05_ysize3_67
[2024-10-14T10:32:01.061438][INFO][seed49] 0 = []
[2024-10-14T10:32:01.064754][INFO][seed49] U cardinality: 9
[2024-10-14T10:32:01.045088][INFO][seed42] Starting logger with seed 42
[2024-10-14T10:32:01.063947][INFO][seed42] simple_nparents1_nzr10_zdr05_ysize3_42
[2024-10-14T10:32:01.032779][INFO][seed94] Set up logging
[2024-10-14T10:32:01.073943][INFO][seed106] simple_nparents1_nzr10_zdr05_ysize3_106
[2024-10-14T10:32:01.076617][INFO][seed100] !0 = [0, 1, 2, 3, 4, 5, 6, 7, 8]
[2024-10-14T10:32:01.077414][INFO][seed100] 0 = []
[2024-10-14T10:32:01.081552][INFO][seed100] U cardinality: 9
[2024-10-14T10:32:01.051167][INFO][seed40] Starting logger with seed 40
[2024-10-14T10:32:01.080091][INFO][seed49] 
[P([3]) [0.254, 0.746], P([2]) [0.002, 0.332, 0.156, 0.003, 0.231, 0.001, 0.268, 0.003, 0.004], P([1, 3]) [1.0, 0.0, 0.0, 1.0], P([0, 1, 2]) [1.0, 0.0, 0.0, 1.0, 0.0, 0.0, 1.0, 0.0, 0.0, 0.0, 1.0, 0.0, 1.0, 0.0, 0.0, 0.0, 0.0, 1.0, 0.0, 1.0, 0.0, 1.0, 0.0, 0.0, 0.0, 1.0, 0.0, 0.0, 1.0, 0.0, 0.0, 1.0, 0.0, 0.0, 0.0, 1.0, 0.0, 0.0, 1.0, 1.0, 0.0, 0.0, 0.0, 0.0, 1.0, 0.0, 1.0, 0.0, 0.0, 0.0, 1.0, 0.0, 0.0, 1.0]]

[2024-10-14T10:32:01.078533][INFO][seed94] args: -np;1;-nzr;1.0;-zdr;0.5;-o;/mnt/beegfs/rcabanas/dev/credici/papers/zeros/models/s3;-rw;-s;94;-ys;3
[2024-10-14T10:32:01.081949][INFO][seed94] Starting logger with seed 94
[2024-10-14T10:32:01.068128][INFO][seed40] simple_nparents1_nzr10_zdr05_ysize3_40
[2024-10-14T10:32:01.042790][INFO][seed101] Set up logging
[2024-10-14T10:32:01.040399][INFO][seed10] Set up logging
[2024-10-14T10:32:01.044274][INFO][seed13] Set up logging
[2024-10-14T10:32:01.091531][INFO][seed13] args: -np;1;-nzr;1.0;-zdr;0.5;-o;/mnt/beegfs/rcabanas/dev/credici/papers/zeros/models/s3;-rw;-s;13;-ys;3
[2024-10-14T10:32:01.087886][INFO][seed101] args: -np;1;-nzr;1.0;-zdr;0.5;-o;/mnt/beegfs/rcabanas/dev/credici/papers/zeros/models/s3;-rw;-s;101;-ys;3
[2024-10-14T10:32:01.091619][INFO][seed10] args: -np;1;-nzr;1.0;-zdr;0.5;-o;/mnt/beegfs/rcabanas/dev/credici/papers/zeros/models/s3;-rw;-s;10;-ys;3
[2024-10-14T10:32:01.058897][INFO][seed163] Set up logging
[2024-10-14T10:32:01.094206][INFO][seed71] U cardinality: 9
[2024-10-14T10:32:01.055636][INFO][seed5] Set up logging
[2024-10-14T10:32:01.056235][INFO][seed126] Set up logging
[2024-10-14T10:32:01.096909][INFO][seed126] args: -np;1;-nzr;1.0;-zdr;0.5;-o;/mnt/beegfs/rcabanas/dev/credici/papers/zeros/models/s3;-rw;-s;126;-ys;3
[2024-10-14T10:32:01.096044][INFO][seed101] Starting logger with seed 101
[2024-10-14T10:32:01.094864][INFO][seed163] args: -np;1;-nzr;1.0;-zdr;0.5;-o;/mnt/beegfs/rcabanas/dev/credici/papers/zeros/models/s3;-rw;-s;163;-ys;3
[2024-10-14T10:32:01.096894][INFO][seed100] 
[P([3]) [0.627, 0.373], P([2]) [0.131, 0.001, 0.002, 0.001, 0.645, 0.001, 0.037, 0.001, 0.181], P([1, 3]) [1.0, 0.0, 0.0, 1.0], P([0, 1, 2]) [1.0, 0.0, 0.0, 1.0, 0.0, 0.0, 1.0, 0.0, 0.0, 0.0, 1.0, 0.0, 1.0, 0.0, 0.0, 0.0, 0.0, 1.0, 0.0, 1.0, 0.0, 1.0, 0.0, 0.0, 0.0, 1.0, 0.0, 0.0, 1.0, 0.0, 0.0, 1.0, 0.0, 0.0, 0.0, 1.0, 0.0, 0.0, 1.0, 1.0, 0.0, 0.0, 0.0, 0.0, 1.0, 0.0, 1.0, 0.0, 0.0, 0.0, 1.0, 0.0, 0.0, 1.0]]

[2024-10-14T10:32:01.096846][INFO][seed5] args: -np;1;-nzr;1.0;-zdr;0.5;-o;/mnt/beegfs/rcabanas/dev/credici/papers/zeros/models/s3;-rw;-s;5;-ys;3
[2024-10-14T10:32:01.101441][INFO][seed5] Starting logger with seed 5
[2024-10-14T10:32:01.098341][INFO][seed13] Starting logger with seed 13
[2024-10-14T10:32:01.050477][INFO][seed11] Set up logging
[2024-10-14T10:32:01.100310][INFO][seed10] Starting logger with seed 10
[2024-10-14T10:32:01.098679][INFO][seed163] Starting logger with seed 163
[2024-10-14T10:32:01.106414][INFO][seed71] !0 = [0, 1, 2, 3, 4, 5, 6, 7, 8]
[2024-10-14T10:32:01.107361][INFO][seed71] 0 = []
[2024-10-14T10:32:01.099864][INFO][seed11] args: -np;1;-nzr;1.0;-zdr;0.5;-o;/mnt/beegfs/rcabanas/dev/credici/papers/zeros/models/s3;-rw;-s;11;-ys;3
[2024-10-14T10:32:01.109455][INFO][seed94] simple_nparents1_nzr10_zdr05_ysize3_94
[2024-10-14T10:32:01.104287][INFO][seed11] Starting logger with seed 11
[2024-10-14T10:32:01.071705][INFO][seed69] Set up logging
[2024-10-14T10:32:01.114089][INFO][seed71] U cardinality: 9
[2024-10-14T10:32:01.114997][INFO][seed69] args: -np;1;-nzr;1.0;-zdr;0.5;-o;/mnt/beegfs/rcabanas/dev/credici/papers/zeros/models/s3;-rw;-s;69;-ys;3
[2024-10-14T10:32:01.119400][INFO][seed69] Starting logger with seed 69
[2024-10-14T10:32:01.118505][INFO][seed13] simple_nparents1_nzr10_zdr05_ysize3_13
[2024-10-14T10:32:01.119854][INFO][seed101] simple_nparents1_nzr10_zdr05_ysize3_101
[2024-10-14T10:32:01.121694][INFO][seed10] simple_nparents1_nzr10_zdr05_ysize3_10
[2024-10-14T10:32:01.122620][INFO][seed5] simple_nparents1_nzr10_zdr05_ysize3_5
[2024-10-14T10:32:01.124906][INFO][seed198] U cardinality: 9
[2024-10-14T10:32:01.070592][INFO][seed43] Set up logging
[2024-10-14T10:32:01.126492][INFO][seed163] simple_nparents1_nzr10_zdr05_ysize3_163
[2024-10-14T10:32:01.126884][INFO][seed43] args: -np;1;-nzr;1.0;-zdr;0.5;-o;/mnt/beegfs/rcabanas/dev/credici/papers/zeros/models/s3;-rw;-s;43;-ys;3
[2024-10-14T10:32:01.129262][INFO][seed11] simple_nparents1_nzr10_zdr05_ysize3_11
[2024-10-14T10:32:01.139150][INFO][seed43] Starting logger with seed 43
[2024-10-14T10:32:01.139686][INFO][seed69] simple_nparents1_nzr10_zdr05_ysize3_69
[2024-10-14T10:32:01.140839][INFO][seed198] !0 = [0, 1, 2, 3, 4, 5, 6, 7, 8]
[2024-10-14T10:32:01.141472][INFO][seed198] 0 = []
[2024-10-14T10:32:01.144163][INFO][seed198] U cardinality: 9
[2024-10-14T10:32:01.148873][INFO][seed71] 
[P([3]) [0.316, 0.684], P([2]) [0.001, 0.162, 0.191, 0.004, 0.161, 0.002, 0.245, 0.233, 0.001], P([1, 3]) [1.0, 0.0, 0.0, 1.0], P([0, 1, 2]) [1.0, 0.0, 0.0, 1.0, 0.0, 0.0, 1.0, 0.0, 0.0, 0.0, 1.0, 0.0, 1.0, 0.0, 0.0, 0.0, 0.0, 1.0, 0.0, 1.0, 0.0, 1.0, 0.0, 0.0, 0.0, 1.0, 0.0, 0.0, 1.0, 0.0, 0.0, 1.0, 0.0, 0.0, 0.0, 1.0, 0.0, 0.0, 1.0, 1.0, 0.0, 0.0, 0.0, 0.0, 1.0, 0.0, 1.0, 0.0, 0.0, 0.0, 1.0, 0.0, 0.0, 1.0]]

[2024-10-14T10:32:01.159552][INFO][seed43] simple_nparents1_nzr10_zdr05_ysize3_43
[2024-10-14T10:32:01.169336][INFO][seed1] U cardinality: 9
[2024-10-14T10:32:01.168147][INFO][seed124] Starting logger with seed 124
[2024-10-14T10:32:01.173179][INFO][seed198] 
[P([3]) [0.907, 0.093], P([2]) [0.864, 0.001, 0.083, 0.003, 0.019, 0.004, 0.003, 0.02, 0.003], P([1, 3]) [1.0, 0.0, 0.0, 1.0], P([0, 1, 2]) [1.0, 0.0, 0.0, 1.0, 0.0, 0.0, 1.0, 0.0, 0.0, 0.0, 1.0, 0.0, 1.0, 0.0, 0.0, 0.0, 0.0, 1.0, 0.0, 1.0, 0.0, 1.0, 0.0, 0.0, 0.0, 1.0, 0.0, 0.0, 1.0, 0.0, 0.0, 1.0, 0.0, 0.0, 0.0, 1.0, 0.0, 0.0, 1.0, 1.0, 0.0, 0.0, 0.0, 0.0, 1.0, 0.0, 1.0, 0.0, 0.0, 0.0, 1.0, 0.0, 0.0, 1.0]]

[2024-10-14T10:32:01.176489][INFO][seed126] Starting logger with seed 126
[2024-10-14T10:32:01.187459][INFO][seed124] simple_nparents1_nzr10_zdr05_ysize3_124
[2024-10-14T10:32:01.188606][INFO][seed1] !0 = [0, 1, 2, 3, 4, 5, 6, 7, 8]
[2024-10-14T10:32:01.189641][INFO][seed1] 0 = []
[2024-10-14T10:32:01.191596][INFO][seed126] simple_nparents1_nzr10_zdr05_ysize3_126
[2024-10-14T10:32:01.195663][INFO][seed1] U cardinality: 9
[2024-10-14T10:32:01.210355][INFO][seed1] 
[P([3]) [0.915, 0.085], P([2]) [0.035, 0.017, 0.009, 0.218, 0.1, 0.285, 0.064, 0.213, 0.059], P([1, 3]) [1.0, 0.0, 0.0, 1.0], P([0, 1, 2]) [1.0, 0.0, 0.0, 1.0, 0.0, 0.0, 1.0, 0.0, 0.0, 0.0, 1.0, 0.0, 1.0, 0.0, 0.0, 0.0, 0.0, 1.0, 0.0, 1.0, 0.0, 1.0, 0.0, 0.0, 0.0, 1.0, 0.0, 0.0, 1.0, 0.0, 0.0, 1.0, 0.0, 0.0, 0.0, 1.0, 0.0, 0.0, 1.0, 1.0, 0.0, 0.0, 0.0, 0.0, 1.0, 0.0, 1.0, 0.0, 0.0, 0.0, 1.0, 0.0, 0.0, 1.0]]

[2024-10-14T10:32:01.250759][INFO][seed167] Sampled 1000 data instances
[2024-10-14T10:32:01.251050][INFO][seed167] Starting exact inference 
[2024-10-14T10:32:01.298426][INFO][seed21] Sampled 1000 data instances
[2024-10-14T10:32:01.298671][INFO][seed21] Starting exact inference 
[2024-10-14T10:32:01.303769][INFO][seed70] Sampled 1000 data instances
[2024-10-14T10:32:01.304030][INFO][seed70] Starting exact inference 
[2024-10-14T10:32:01.319933][INFO][seed49] Sampled 1000 data instances
[2024-10-14T10:32:01.326237][INFO][seed76] Sampled 1000 data instances
[2024-10-14T10:32:01.320022][INFO][seed49] Starting exact inference 
[2024-10-14T10:32:01.326331][INFO][seed76] Starting exact inference 
[2024-10-14T10:32:01.353053][INFO][seed100] Sampled 1000 data instances
[2024-10-14T10:32:01.353320][INFO][seed100] Starting exact inference 
[2024-10-14T10:32:01.397704][INFO][seed71] Sampled 1000 data instances
[2024-10-14T10:32:01.397965][INFO][seed71] Starting exact inference 
[2024-10-14T10:32:01.414947][INFO][seed198] Sampled 1000 data instances
[2024-10-14T10:32:01.415209][INFO][seed198] Starting exact inference 
[2024-10-14T10:32:01.451856][INFO][seed1] Sampled 1000 data instances
[2024-10-14T10:32:01.452127][INFO][seed1] Starting exact inference 
[2024-10-14T10:32:01.512547][INFO][seed28] U cardinality: 9
[2024-10-14T10:32:01.529710][INFO][seed28] !0 = [0, 1, 2, 3, 4, 5, 6, 7, 8]
[2024-10-14T10:32:01.530239][INFO][seed28] 0 = []
[2024-10-14T10:32:01.532580][INFO][seed28] U cardinality: 9
[2024-10-14T10:32:01.572561][INFO][seed28] 
[P([3]) [0.108, 0.892], P([2]) [0.002, 0.001, 0.001, 0.002, 0.119, 0.056, 0.002, 0.815, 0.002], P([1, 3]) [1.0, 0.0, 0.0, 1.0], P([0, 1, 2]) [1.0, 0.0, 0.0, 1.0, 0.0, 0.0, 1.0, 0.0, 0.0, 0.0, 1.0, 0.0, 1.0, 0.0, 0.0, 0.0, 0.0, 1.0, 0.0, 1.0, 0.0, 1.0, 0.0, 0.0, 0.0, 1.0, 0.0, 0.0, 1.0, 0.0, 0.0, 1.0, 0.0, 0.0, 0.0, 1.0, 0.0, 0.0, 1.0, 1.0, 0.0, 0.0, 0.0, 0.0, 1.0, 0.0, 1.0, 0.0, 0.0, 0.0, 1.0, 0.0, 0.0, 1.0]]

[2024-10-14T10:32:01.729885][INFO][seed37] U cardinality: 9
[2024-10-14T10:32:01.743974][INFO][seed37] !0 = [0, 1, 2, 3, 4, 5, 6, 7, 8]
[2024-10-14T10:32:01.744552][INFO][seed37] 0 = []
[2024-10-14T10:32:01.746894][INFO][seed37] U cardinality: 9
[2024-10-14T10:32:01.792606][INFO][seed28] Sampled 1000 data instances
[2024-10-14T10:32:01.793659][INFO][seed37] 
[P([3]) [0.619, 0.381], P([2]) [0.044, 0.001, 0.104, 0.002, 0.013, 0.001, 0.001, 0.832, 0.002], P([1, 3]) [1.0, 0.0, 0.0, 1.0], P([0, 1, 2]) [1.0, 0.0, 0.0, 1.0, 0.0, 0.0, 1.0, 0.0, 0.0, 0.0, 1.0, 0.0, 1.0, 0.0, 0.0, 0.0, 0.0, 1.0, 0.0, 1.0, 0.0, 1.0, 0.0, 0.0, 0.0, 1.0, 0.0, 0.0, 1.0, 0.0, 0.0, 1.0, 0.0, 0.0, 0.0, 1.0, 0.0, 0.0, 1.0, 1.0, 0.0, 0.0, 0.0, 0.0, 1.0, 0.0, 1.0, 0.0, 0.0, 0.0, 1.0, 0.0, 0.0, 1.0]]

[2024-10-14T10:32:01.792923][INFO][seed28] Starting exact inference 
[2024-10-14T10:32:01.834664][INFO][seed23] U cardinality: 9
[2024-10-14T10:32:01.851379][INFO][seed23] !0 = [0, 1, 2, 3, 4, 5, 6, 7, 8]
[2024-10-14T10:32:01.851940][INFO][seed23] 0 = []
[2024-10-14T10:32:01.854231][INFO][seed23] U cardinality: 9
[2024-10-14T10:32:01.885395][INFO][seed33] U cardinality: 9
[2024-10-14T10:32:01.885867][INFO][seed23] 
[P([3]) [0.727, 0.273], P([2]) [0.001, 0.002, 0.003, 0.908, 0.011, 0.069, 0.001, 0.004, 0.001], P([1, 3]) [1.0, 0.0, 0.0, 1.0], P([0, 1, 2]) [1.0, 0.0, 0.0, 1.0, 0.0, 0.0, 1.0, 0.0, 0.0, 0.0, 1.0, 0.0, 1.0, 0.0, 0.0, 0.0, 0.0, 1.0, 0.0, 1.0, 0.0, 1.0, 0.0, 0.0, 0.0, 1.0, 0.0, 0.0, 1.0, 0.0, 0.0, 1.0, 0.0, 0.0, 0.0, 1.0, 0.0, 0.0, 1.0, 1.0, 0.0, 0.0, 0.0, 0.0, 1.0, 0.0, 1.0, 0.0, 0.0, 0.0, 1.0, 0.0, 0.0, 1.0]]

[2024-10-14T10:32:01.908262][INFO][seed33] !0 = [0, 1, 2, 3, 4, 5, 6, 7, 8]
[2024-10-14T10:32:01.908601][INFO][seed81] U cardinality: 9
[2024-10-14T10:32:01.908707][INFO][seed33] 0 = []
[2024-10-14T10:32:01.909427][INFO][seed22] U cardinality: 9
[2024-10-14T10:32:01.913562][INFO][seed46] U cardinality: 9
[2024-10-14T10:32:01.910992][INFO][seed112] U cardinality: 9
[2024-10-14T10:32:01.910570][INFO][seed33] U cardinality: 9
[2024-10-14T10:32:01.916231][INFO][seed153] U cardinality: 9
[2024-10-14T10:32:01.917577][INFO][seed154] U cardinality: 9
[2024-10-14T10:32:01.919599][INFO][seed53] U cardinality: 9
[2024-10-14T10:32:01.920083][INFO][seed18] U cardinality: 9
[2024-10-14T10:32:01.920269][INFO][seed22] !0 = [0, 1, 2, 3, 4, 5, 6, 7, 8]
[2024-10-14T10:32:01.924953][INFO][seed112] !0 = [0, 1, 2, 3, 4, 5, 6, 7, 8]
[2024-10-14T10:32:01.921883][INFO][seed51] U cardinality: 9
[2024-10-14T10:32:01.921973][INFO][seed81] !0 = [0, 1, 2, 3, 4, 5, 6, 7, 8]
[2024-10-14T10:32:01.923320][INFO][seed41] U cardinality: 9
[2024-10-14T10:32:01.923761][INFO][seed46] !0 = [0, 1, 2, 3, 4, 5, 6, 7, 8]
[2024-10-14T10:32:01.924334][INFO][seed46] 0 = []
[2024-10-14T10:32:01.926182][INFO][seed46] U cardinality: 9
[2024-10-14T10:32:01.924457][INFO][seed127] U cardinality: 9
[2024-10-14T10:32:01.924701][INFO][seed153] !0 = [0, 1, 2, 3, 4, 5, 6, 7, 8]
[2024-10-14T10:32:01.920694][INFO][seed22] 0 = []
[2024-10-14T10:32:01.926910][INFO][seed95] U cardinality: 9
[2024-10-14T10:32:01.927478][INFO][seed154] !0 = [0, 1, 2, 3, 4, 5, 6, 7, 8]
[2024-10-14T10:32:01.925358][INFO][seed112] 0 = []
[2024-10-14T10:32:01.922476][INFO][seed81] 0 = []
[2024-10-14T10:32:01.930979][INFO][seed51] !0 = [0, 1, 2, 3, 4, 5, 6, 7, 8]
[2024-10-14T10:32:01.932124][INFO][seed53] !0 = [0, 1, 2, 3, 4, 5, 6, 7, 8]
[2024-10-14T10:32:01.932632][INFO][seed53] 0 = []
[2024-10-14T10:32:01.932201][INFO][seed18] !0 = [0, 1, 2, 3, 4, 5, 6, 7, 8]
[2024-10-14T10:32:01.932762][INFO][seed41] !0 = [0, 1, 2, 3, 4, 5, 6, 7, 8]
[2024-10-14T10:32:01.933186][INFO][seed41] 0 = []
[2024-10-14T10:32:01.932984][INFO][seed33] 
[2024-10-14T10:32:01.933121][INFO][seed6] U cardinality: 9
[2024-10-14T10:32:01.932854][INFO][seed127] !0 = [0, 1, 2, 3, 4, 5, 6, 7, 8]
[2024-10-14T10:32:01.933295][INFO][seed127] 0 = []
[2024-10-14T10:32:01.925169][INFO][seed153] 0 = []
[2024-10-14T10:32:01.922546][INFO][seed22] U cardinality: 9
[2024-10-14T10:32:01.937178][INFO][seed4] U cardinality: 9
[2024-10-14T10:32:01.934344][INFO][seed95] !0 = [0, 1, 2, 3, 4, 5, 6, 7, 8]
[2024-10-14T10:32:01.934869][INFO][seed95] 0 = []
[2024-10-14T10:32:01.927988][INFO][seed154] 0 = []
[2024-10-14T10:32:01.940074][INFO][seed102] U cardinality: 9
[2024-10-14T10:32:01.927283][INFO][seed112] U cardinality: 9
[2024-10-14T10:32:01.924698][INFO][seed81] U cardinality: 9
[2024-10-14T10:32:01.942324][INFO][seed46] 
[P([3]) [0.358, 0.642], P([2]) [0.092, 0.012, 0.011, 0.496, 0.23, 0.002, 0.015, 0.14, 0.002], P([1, 3]) [1.0, 0.0, 0.0, 1.0], P([0, 1, 2]) [1.0, 0.0, 0.0, 1.0, 0.0, 0.0, 1.0, 0.0, 0.0, 0.0, 1.0, 0.0, 1.0, 0.0, 0.0, 0.0, 0.0, 1.0, 0.0, 1.0, 0.0, 1.0, 0.0, 0.0, 0.0, 1.0, 0.0, 0.0, 1.0, 0.0, 0.0, 1.0, 0.0, 0.0, 0.0, 1.0, 0.0, 0.0, 1.0, 1.0, 0.0, 0.0, 0.0, 0.0, 1.0, 0.0, 1.0, 0.0, 0.0, 0.0, 1.0, 0.0, 0.0, 1.0]]

[2024-10-14T10:32:01.931457][INFO][seed51] 0 = []
[2024-10-14T10:32:01.934787][INFO][seed53] U cardinality: 9
[2024-10-14T10:32:01.944833][INFO][seed106] U cardinality: 9
[2024-10-14T10:32:01.932732][INFO][seed18] 0 = []
[2024-10-14T10:32:01.935163][INFO][seed41] U cardinality: 9
[P([3]) [0.2, 0.8], P([2]) [0.002, 0.008, 0.002, 0.195, 0.323, 0.451, 0.002, 0.012, 0.005], P([1, 3]) [1.0, 0.0, 0.0, 1.0], P([0, 1, 2]) [1.0, 0.0, 0.0, 1.0, 0.0, 0.0, 1.0, 0.0, 0.0, 0.0, 1.0, 0.0, 1.0, 0.0, 0.0, 0.0, 0.0, 1.0, 0.0, 1.0, 0.0, 1.0, 0.0, 0.0, 0.0, 1.0, 0.0, 0.0, 1.0, 0.0, 0.0, 1.0, 0.0, 0.0, 0.0, 1.0, 0.0, 0.0, 1.0, 1.0, 0.0, 0.0, 0.0, 0.0, 1.0, 0.0, 1.0, 0.0, 0.0, 0.0, 1.0, 0.0, 0.0, 1.0]]
[2024-10-14T10:32:01.941957][INFO][seed6] !0 = [0, 1, 2, 3, 4, 5, 6, 7, 8]
[2024-10-14T10:32:01.935332][INFO][seed127] U cardinality: 9
[2024-10-14T10:32:01.927133][INFO][seed153] U cardinality: 9
[2024-10-14T10:32:01.939382][INFO][seed22] 
[P([3]) [0.068, 0.932], P([2]) [0.036, 0.001, 0.533, 0.001, 0.038, 0.001, 0.002, 0.003, 0.385], P([1, 3]) [1.0, 0.0, 0.0, 1.0], P([0, 1, 2]) [1.0, 0.0, 0.0, 1.0, 0.0, 0.0, 1.0, 0.0, 0.0, 0.0, 1.0, 0.0, 1.0, 0.0, 0.0, 0.0, 0.0, 1.0, 0.0, 1.0, 0.0, 1.0, 0.0, 0.0, 0.0, 1.0, 0.0, 0.0, 1.0, 0.0, 0.0, 1.0, 0.0, 0.0, 0.0, 1.0, 0.0, 0.0, 1.0, 1.0, 0.0, 0.0, 0.0, 0.0, 1.0, 0.0, 1.0, 0.0, 0.0, 0.0, 1.0, 0.0, 0.0, 1.0]]

[2024-10-14T10:32:01.944599][INFO][seed4] !0 = [0, 1, 2, 3, 4, 5, 6, 7, 8]
[2024-10-14T10:32:01.936950][INFO][seed95] U cardinality: 9
[2024-10-14T10:32:01.960432][INFO][seed95] 
[P([3]) [0.1, 0.9], P([2]) [0.074, 0.324, 0.188, 0.069, 0.164, 0.017, 0.148, 0.004, 0.012], P([1, 3]) [1.0, 0.0, 0.0, 1.0], P([0, 1, 2]) [1.0, 0.0, 0.0, 1.0, 0.0, 0.0, 1.0, 0.0, 0.0, 0.0, 1.0, 0.0, 1.0, 0.0, 0.0, 0.0, 0.0, 1.0, 0.0, 1.0, 0.0, 1.0, 0.0, 0.0, 0.0, 1.0, 0.0, 0.0, 1.0, 0.0, 0.0, 1.0, 0.0, 0.0, 0.0, 1.0, 0.0, 0.0, 1.0, 1.0, 0.0, 0.0, 0.0, 0.0, 1.0, 0.0, 1.0, 0.0, 0.0, 0.0, 1.0, 0.0, 0.0, 1.0]]

[2024-10-14T10:32:01.930112][INFO][seed154] U cardinality: 9
[2024-10-14T10:32:01.950271][INFO][seed154] 
[P([3]) [0.539, 0.461], P([2]) [0.757, 0.109, 0.018, 0.003, 0.001, 0.008, 0.085, 0.001, 0.018], P([1, 3]) [1.0, 0.0, 0.0, 1.0], P([0, 1, 2]) [1.0, 0.0, 0.0, 1.0, 0.0, 0.0, 1.0, 0.0, 0.0, 0.0, 1.0, 0.0, 1.0, 0.0, 0.0, 0.0, 0.0, 1.0, 0.0, 1.0, 0.0, 1.0, 0.0, 0.0, 0.0, 1.0, 0.0, 0.0, 1.0, 0.0, 0.0, 1.0, 0.0, 0.0, 0.0, 1.0, 0.0, 0.0, 1.0, 1.0, 0.0, 0.0, 0.0, 0.0, 1.0, 0.0, 1.0, 0.0, 0.0, 0.0, 1.0, 0.0, 0.0, 1.0]]

[2024-10-14T10:32:01.950766][INFO][seed102] !0 = [0, 1, 2, 3, 4, 5, 6, 7, 8]
[2024-10-14T10:32:01.951184][INFO][seed102] 0 = []
[2024-10-14T10:32:01.953119][INFO][seed102] U cardinality: 9
[2024-10-14T10:32:01.968921][INFO][seed102] 
[P([3]) [0.782, 0.218], P([2]) [0.001, 0.014, 0.001, 0.421, 0.001, 0.003, 0.001, 0.556, 0.002], P([1, 3]) [1.0, 0.0, 0.0, 1.0], P([0, 1, 2]) [1.0, 0.0, 0.0, 1.0, 0.0, 0.0, 1.0, 0.0, 0.0, 0.0, 1.0, 0.0, 1.0, 0.0, 0.0, 0.0, 0.0, 1.0, 0.0, 1.0, 0.0, 1.0, 0.0, 0.0, 0.0, 1.0, 0.0, 0.0, 1.0, 0.0, 0.0, 1.0, 0.0, 0.0, 0.0, 1.0, 0.0, 0.0, 1.0, 1.0, 0.0, 0.0, 0.0, 0.0, 1.0, 0.0, 1.0, 0.0, 0.0, 0.0, 1.0, 0.0, 0.0, 1.0]]

[2024-10-14T10:32:01.942955][INFO][seed112] 
[P([3]) [0.245, 0.755], P([2]) [0.608, 0.008, 0.155, 0.009, 0.005, 0.001, 0.058, 0.155, 0.001], P([1, 3]) [1.0, 0.0, 0.0, 1.0], P([0, 1, 2]) [1.0, 0.0, 0.0, 1.0, 0.0, 0.0, 1.0, 0.0, 0.0, 0.0, 1.0, 0.0, 1.0, 0.0, 0.0, 0.0, 0.0, 1.0, 0.0, 1.0, 0.0, 1.0, 0.0, 0.0, 0.0, 1.0, 0.0, 0.0, 1.0, 0.0, 0.0, 1.0, 0.0, 0.0, 0.0, 1.0, 0.0, 0.0, 1.0, 1.0, 0.0, 0.0, 0.0, 0.0, 1.0, 0.0, 1.0, 0.0, 0.0, 0.0, 1.0, 0.0, 0.0, 1.0]]

[2024-10-14T10:32:01.944078][INFO][seed81] 
[2024-10-14T10:32:01.933487][INFO][seed51] U cardinality: 9
[2024-10-14T10:32:01.954604][INFO][seed51] 
[P([3]) [0.44, 0.56], P([2]) [0.003, 0.007, 0.048, 0.006, 0.509, 0.315, 0.001, 0.109, 0.002], P([1, 3]) [1.0, 0.0, 0.0, 1.0], P([0, 1, 2]) [1.0, 0.0, 0.0, 1.0, 0.0, 0.0, 1.0, 0.0, 0.0, 0.0, 1.0, 0.0, 1.0, 0.0, 0.0, 0.0, 0.0, 1.0, 0.0, 1.0, 0.0, 1.0, 0.0, 0.0, 0.0, 1.0, 0.0, 0.0, 1.0, 0.0, 0.0, 1.0, 0.0, 0.0, 0.0, 1.0, 0.0, 0.0, 1.0, 1.0, 0.0, 0.0, 0.0, 0.0, 1.0, 0.0, 1.0, 0.0, 0.0, 0.0, 1.0, 0.0, 0.0, 1.0]]

[2024-10-14T10:32:01.957371][INFO][seed53] 
[2024-10-14T10:32:01.955582][INFO][seed106] !0 = [0, 1, 2, 3, 4, 5, 6, 7, 8]
[2024-10-14T10:32:01.934878][INFO][seed18] U cardinality: 9
[2024-10-14T10:32:01.956980][INFO][seed41] 

[2024-10-14T10:32:01.942410][INFO][seed6] 0 = []
[2024-10-14T10:32:01.944347][INFO][seed6] U cardinality: 9
[2024-10-14T10:32:01.959694][INFO][seed6] 
[P([3]) [0.898, 0.102], P([2]) [0.093, 0.03, 0.022, 0.002, 0.231, 0.032, 0.057, 0.495, 0.038], P([1, 3]) [1.0, 0.0, 0.0, 1.0], P([0, 1, 2]) [1.0, 0.0, 0.0, 1.0, 0.0, 0.0, 1.0, 0.0, 0.0, 0.0, 1.0, 0.0, 1.0, 0.0, 0.0, 0.0, 0.0, 1.0, 0.0, 1.0, 0.0, 1.0, 0.0, 0.0, 0.0, 1.0, 0.0, 0.0, 1.0, 0.0, 0.0, 1.0, 0.0, 0.0, 0.0, 1.0, 0.0, 0.0, 1.0, 1.0, 0.0, 0.0, 0.0, 0.0, 1.0, 0.0, 1.0, 0.0, 0.0, 0.0, 1.0, 0.0, 0.0, 1.0]]

[2024-10-14T10:32:01.954576][INFO][seed127] 
[P([3]) [0.784, 0.216], P([2]) [0.148, 0.001, 0.274, 0.002, 0.349, 0.001, 0.001, 0.223, 0.001], P([1, 3]) [1.0, 0.0, 0.0, 1.0], P([0, 1, 2]) [1.0, 0.0, 0.0, 1.0, 0.0, 0.0, 1.0, 0.0, 0.0, 0.0, 1.0, 0.0, 1.0, 0.0, 0.0, 0.0, 0.0, 1.0, 0.0, 1.0, 0.0, 1.0, 0.0, 0.0, 0.0, 1.0, 0.0, 0.0, 1.0, 0.0, 0.0, 1.0, 0.0, 0.0, 0.0, 1.0, 0.0, 0.0, 1.0, 1.0, 0.0, 0.0, 0.0, 0.0, 1.0, 0.0, 1.0, 0.0, 0.0, 0.0, 1.0, 0.0, 0.0, 1.0]]

[2024-10-14T10:32:01.947385][INFO][seed153] 
[P([3]) [0.924, 0.076], P([2]) [0.031, 0.007, 0.002, 0.001, 0.057, 0.738, 0.002, 0.16, 0.002], P([1, 3]) [1.0, 0.0, 0.0, 1.0], P([0, 1, 2]) [1.0, 0.0, 0.0, 1.0, 0.0, 0.0, 1.0, 0.0, 0.0, 0.0, 1.0, 0.0, 1.0, 0.0, 0.0, 0.0, 0.0, 1.0, 0.0, 1.0, 0.0, 1.0, 0.0, 0.0, 0.0, 1.0, 0.0, 0.0, 1.0, 0.0, 0.0, 1.0, 0.0, 0.0, 0.0, 1.0, 0.0, 0.0, 1.0, 1.0, 0.0, 0.0, 0.0, 0.0, 1.0, 0.0, 1.0, 0.0, 0.0, 0.0, 1.0, 0.0, 0.0, 1.0]]

[2024-10-14T10:32:01.965544][INFO][seed68] U cardinality: 9
[2024-10-14T10:32:01.966317][INFO][seed124] U cardinality: 9
[2024-10-14T10:32:01.966481][INFO][seed9] U cardinality: 9
[2024-10-14T10:32:01.945020][INFO][seed4] 0 = []
[2024-10-14T10:32:01.966674][INFO][seed126] U cardinality: 9
[2024-10-14T10:32:01.967497][INFO][seed38] U cardinality: 9
[2024-10-14T10:32:01.969548][INFO][seed5] U cardinality: 9
[2024-10-14T10:32:01.975418][INFO][seed5] !0 = [0, 1, 2, 3, 4, 5, 6, 7, 8]
[2024-10-14T10:32:01.970403][INFO][seed12] U cardinality: 9
[2024-10-14T10:32:01.970593][INFO][seed67] U cardinality: 9
[2024-10-14T10:32:01.970757][INFO][seed11] U cardinality: 9
[2024-10-14T10:32:01.970837][INFO][seed110] U cardinality: 9
[2024-10-14T10:32:01.976611][INFO][seed110] !0 = [0, 1, 2, 3, 4, 5, 6, 7, 8]
[2024-10-14T10:32:01.977088][INFO][seed110] 0 = []
[P([3]) [0.853, 0.147], P([2]) [0.008, 0.377, 0.004, 0.001, 0.003, 0.002, 0.001, 0.278, 0.326], P([1, 3]) [1.0, 0.0, 0.0, 1.0], P([0, 1, 2]) [1.0, 0.0, 0.0, 1.0, 0.0, 0.0, 1.0, 0.0, 0.0, 0.0, 1.0, 0.0, 1.0, 0.0, 0.0, 0.0, 0.0, 1.0, 0.0, 1.0, 0.0, 1.0, 0.0, 0.0, 0.0, 1.0, 0.0, 0.0, 1.0, 0.0, 0.0, 1.0, 0.0, 0.0, 0.0, 1.0, 0.0, 0.0, 1.0, 1.0, 0.0, 0.0, 0.0, 0.0, 1.0, 0.0, 1.0, 0.0, 0.0, 0.0, 1.0, 0.0, 0.0, 1.0]]
[2024-10-14T10:32:01.971897][INFO][seed159] U cardinality: 9
[P([3]) [0.566, 0.434], P([2]) [0.006, 0.777, 0.028, 0.001, 0.009, 0.011, 0.007, 0.148, 0.013], P([1, 3]) [1.0, 0.0, 0.0, 1.0], P([0, 1, 2]) [1.0, 0.0, 0.0, 1.0, 0.0, 0.0, 1.0, 0.0, 0.0, 0.0, 1.0, 0.0, 1.0, 0.0, 0.0, 0.0, 0.0, 1.0, 0.0, 1.0, 0.0, 1.0, 0.0, 0.0, 0.0, 1.0, 0.0, 0.0, 1.0, 0.0, 0.0, 1.0, 0.0, 0.0, 0.0, 1.0, 0.0, 0.0, 1.0, 1.0, 0.0, 0.0, 0.0, 0.0, 1.0, 0.0, 1.0, 0.0, 0.0, 0.0, 1.0, 0.0, 0.0, 1.0]]

[2024-10-14T10:32:01.956095][INFO][seed106] 0 = []
[2024-10-14T10:32:01.958126][INFO][seed106] U cardinality: 9
[2024-10-14T10:32:01.953768][INFO][seed18] 
[P([3]) [0.751, 0.249], P([2]) [0.011, 0.019, 0.279, 0.019, 0.035, 0.028, 0.52, 0.012, 0.077], P([1, 3]) [1.0, 0.0, 0.0, 1.0], P([0, 1, 2]) [1.0, 0.0, 0.0, 1.0, 0.0, 0.0, 1.0, 0.0, 0.0, 0.0, 1.0, 0.0, 1.0, 0.0, 0.0, 0.0, 0.0, 1.0, 0.0, 1.0, 0.0, 1.0, 0.0, 0.0, 0.0, 1.0, 0.0, 0.0, 1.0, 0.0, 0.0, 1.0, 0.0, 0.0, 0.0, 1.0, 0.0, 0.0, 1.0, 1.0, 0.0, 0.0, 0.0, 0.0, 1.0, 0.0, 1.0, 0.0, 0.0, 0.0, 1.0, 0.0, 0.0, 1.0]]

[P([3]) [0.562, 0.438], P([2]) [0.058, 0.004, 0.006, 0.001, 0.35, 0.001, 0.577, 0.001, 0.002], P([1, 3]) [1.0, 0.0, 0.0, 1.0], P([0, 1, 2]) [1.0, 0.0, 0.0, 1.0, 0.0, 0.0, 1.0, 0.0, 0.0, 0.0, 1.0, 0.0, 1.0, 0.0, 0.0, 0.0, 0.0, 1.0, 0.0, 1.0, 0.0, 1.0, 0.0, 0.0, 0.0, 1.0, 0.0, 0.0, 1.0, 0.0, 0.0, 1.0, 0.0, 0.0, 0.0, 1.0, 0.0, 0.0, 1.0, 1.0, 0.0, 0.0, 0.0, 0.0, 1.0, 0.0, 1.0, 0.0, 0.0, 0.0, 1.0, 0.0, 0.0, 1.0]]

[2024-10-14T10:32:01.976028][INFO][seed40] U cardinality: 9
[2024-10-14T10:32:01.972323][INFO][seed68] !0 = [0, 1, 2, 3, 4, 5, 6, 7, 8]
[2024-10-14T10:32:01.972873][INFO][seed68] 0 = []
[2024-10-14T10:32:01.975278][INFO][seed68] U cardinality: 9
[2024-10-14T10:32:01.986139][INFO][seed68] 
[P([3]) [0.479, 0.521], P([2]) [0.09, 0.02, 0.071, 0.005, 0.002, 0.55, 0.002, 0.005, 0.255], P([1, 3]) [1.0, 0.0, 0.0, 1.0], P([0, 1, 2]) [1.0, 0.0, 0.0, 1.0, 0.0, 0.0, 1.0, 0.0, 0.0, 0.0, 1.0, 0.0, 1.0, 0.0, 0.0, 0.0, 0.0, 1.0, 0.0, 1.0, 0.0, 1.0, 0.0, 0.0, 0.0, 1.0, 0.0, 0.0, 1.0, 0.0, 0.0, 1.0, 0.0, 0.0, 0.0, 1.0, 0.0, 0.0, 1.0, 1.0, 0.0, 0.0, 0.0, 0.0, 1.0, 0.0, 1.0, 0.0, 0.0, 0.0, 1.0, 0.0, 0.0, 1.0]]

[2024-10-14T10:32:01.979732][INFO][seed10] U cardinality: 9
[2024-10-14T10:32:01.986036][INFO][seed10] !0 = [0, 1, 2, 3, 4, 5, 6, 7, 8]
[2024-10-14T10:32:01.986541][INFO][seed10] 0 = []
[2024-10-14T10:32:01.988751][INFO][seed10] U cardinality: 9
[2024-10-14T10:32:01.998187][INFO][seed10] 
[P([3]) [0.283, 0.717], P([2]) [0.002, 0.001, 0.602, 0.055, 0.094, 0.001, 0.002, 0.002, 0.241], P([1, 3]) [1.0, 0.0, 0.0, 1.0], P([0, 1, 2]) [1.0, 0.0, 0.0, 1.0, 0.0, 0.0, 1.0, 0.0, 0.0, 0.0, 1.0, 0.0, 1.0, 0.0, 0.0, 0.0, 0.0, 1.0, 0.0, 1.0, 0.0, 1.0, 0.0, 0.0, 0.0, 1.0, 0.0, 0.0, 1.0, 0.0, 0.0, 1.0, 0.0, 0.0, 0.0, 1.0, 0.0, 0.0, 1.0, 1.0, 0.0, 0.0, 0.0, 0.0, 1.0, 0.0, 1.0, 0.0, 0.0, 0.0, 1.0, 0.0, 0.0, 1.0]]

[2024-10-14T10:32:01.972462][INFO][seed124] !0 = [0, 1, 2, 3, 4, 5, 6, 7, 8]
[2024-10-14T10:32:01.979987][INFO][seed29] U cardinality: 9
[2024-10-14T10:32:01.987191][INFO][seed29] !0 = [0, 1, 2, 3, 4, 5, 6, 7, 8]
[2024-10-14T10:32:01.987647][INFO][seed29] 0 = []
[2024-10-14T10:32:01.972577][INFO][seed9] !0 = [0, 1, 2, 3, 4, 5, 6, 7, 8]
[2024-10-14T10:32:01.973051][INFO][seed9] 0 = []
[2024-10-14T10:32:01.975245][INFO][seed9] U cardinality: 9
[2024-10-14T10:32:01.983464][INFO][seed9] 
[P([3]) [0.668, 0.332], P([2]) [0.006, 0.049, 0.012, 0.035, 0.24, 0.002, 0.002, 0.653, 0.001], P([1, 3]) [1.0, 0.0, 0.0, 1.0], P([0, 1, 2]) [1.0, 0.0, 0.0, 1.0, 0.0, 0.0, 1.0, 0.0, 0.0, 0.0, 1.0, 0.0, 1.0, 0.0, 0.0, 0.0, 0.0, 1.0, 0.0, 1.0, 0.0, 1.0, 0.0, 0.0, 0.0, 1.0, 0.0, 0.0, 1.0, 0.0, 0.0, 1.0, 0.0, 0.0, 0.0, 1.0, 0.0, 0.0, 1.0, 1.0, 0.0, 0.0, 0.0, 0.0, 1.0, 0.0, 1.0, 0.0, 0.0, 0.0, 1.0, 0.0, 0.0, 1.0]]

[2024-10-14T10:32:01.946899][INFO][seed4] U cardinality: 9
[2024-10-14T10:32:01.960929][INFO][seed4] 
[P([3]) [0.308, 0.692], P([2]) [0.002, 0.082, 0.001, 0.001, 0.001, 0.001, 0.068, 0.001, 0.843], P([1, 3]) [1.0, 0.0, 0.0, 1.0], P([0, 1, 2]) [1.0, 0.0, 0.0, 1.0, 0.0, 0.0, 1.0, 0.0, 0.0, 0.0, 1.0, 0.0, 1.0, 0.0, 0.0, 0.0, 0.0, 1.0, 0.0, 1.0, 0.0, 1.0, 0.0, 0.0, 0.0, 1.0, 0.0, 0.0, 1.0, 0.0, 0.0, 1.0, 0.0, 0.0, 0.0, 1.0, 0.0, 0.0, 1.0, 1.0, 0.0, 0.0, 0.0, 0.0, 1.0, 0.0, 1.0, 0.0, 0.0, 0.0, 1.0, 0.0, 0.0, 1.0]]

[2024-10-14T10:32:01.975208][INFO][seed126] !0 = [0, 1, 2, 3, 4, 5, 6, 7, 8]
[2024-10-14T10:32:01.975810][INFO][seed126] 0 = []
[2024-10-14T10:32:01.977992][INFO][seed126] U cardinality: 9
[2024-10-14T10:32:01.972896][INFO][seed38] !0 = [0, 1, 2, 3, 4, 5, 6, 7, 8]
[2024-10-14T10:32:01.973364][INFO][seed38] 0 = []
[2024-10-14T10:32:01.975360][INFO][seed38] U cardinality: 9
[2024-10-14T10:32:01.975897][INFO][seed5] 0 = []
[2024-10-14T10:32:01.976285][INFO][seed12] !0 = [0, 1, 2, 3, 4, 5, 6, 7, 8]
[2024-10-14T10:32:01.976840][INFO][seed12] 0 = []
[2024-10-14T10:32:01.976337][INFO][seed67] !0 = [0, 1, 2, 3, 4, 5, 6, 7, 8]
[2024-10-14T10:32:01.983666][INFO][seed94] U cardinality: 9
[2024-10-14T10:32:01.991045][INFO][seed94] !0 = [0, 1, 2, 3, 4, 5, 6, 7, 8]
[2024-10-14T10:32:01.991535][INFO][seed94] 0 = []
[2024-10-14T10:32:01.993670][INFO][seed94] U cardinality: 9
[2024-10-14T10:32:02.001658][INFO][seed94] 
[P([3]) [0.696, 0.304], P([2]) [0.448, 0.002, 0.003, 0.03, 0.189, 0.005, 0.007, 0.284, 0.032], P([1, 3]) [1.0, 0.0, 0.0, 1.0], P([0, 1, 2]) [1.0, 0.0, 0.0, 1.0, 0.0, 0.0, 1.0, 0.0, 0.0, 0.0, 1.0, 0.0, 1.0, 0.0, 0.0, 0.0, 0.0, 1.0, 0.0, 1.0, 0.0, 1.0, 0.0, 0.0, 0.0, 1.0, 0.0, 0.0, 1.0, 0.0, 0.0, 1.0, 0.0, 0.0, 0.0, 1.0, 0.0, 0.0, 1.0, 1.0, 0.0, 0.0, 0.0, 0.0, 1.0, 0.0, 1.0, 0.0, 0.0, 0.0, 1.0, 0.0, 0.0, 1.0]]

[2024-10-14T10:32:01.977238][INFO][seed11] !0 = [0, 1, 2, 3, 4, 5, 6, 7, 8]
[2024-10-14T10:32:01.979319][INFO][seed110] U cardinality: 9

[2024-10-14T10:32:01.980016][INFO][seed159] !0 = [0, 1, 2, 3, 4, 5, 6, 7, 8]
[2024-10-14T10:32:01.969691][INFO][seed106] 
[P([3]) [0.038, 0.962], P([2]) [0.003, 0.001, 0.014, 0.931, 0.002, 0.002, 0.009, 0.013, 0.025], P([1, 3]) [1.0, 0.0, 0.0, 1.0], P([0, 1, 2]) [1.0, 0.0, 0.0, 1.0, 0.0, 0.0, 1.0, 0.0, 0.0, 0.0, 1.0, 0.0, 1.0, 0.0, 0.0, 0.0, 0.0, 1.0, 0.0, 1.0, 0.0, 1.0, 0.0, 0.0, 0.0, 1.0, 0.0, 0.0, 1.0, 0.0, 0.0, 1.0, 0.0, 0.0, 0.0, 1.0, 0.0, 0.0, 1.0, 1.0, 0.0, 0.0, 0.0, 0.0, 1.0, 0.0, 1.0, 0.0, 0.0, 0.0, 1.0, 0.0, 0.0, 1.0]]

[2024-10-14T10:32:01.991726][INFO][seed43] U cardinality: 9
[2024-10-14T10:32:01.992952][INFO][seed101] U cardinality: 9
[2024-10-14T10:32:01.994075][INFO][seed42] U cardinality: 9
[2024-10-14T10:32:02.000676][INFO][seed42] !0 = [0, 1, 2, 3, 4, 5, 6, 7, 8]
[2024-10-14T10:32:02.001168][INFO][seed42] 0 = []
[2024-10-14T10:32:02.003383][INFO][seed42] U cardinality: 9
[2024-10-14T10:32:02.010623][INFO][seed42] 
[P([3]) [0.823, 0.177], P([2]) [0.003, 0.001, 0.006, 0.237, 0.018, 0.004, 0.019, 0.711, 0.001], P([1, 3]) [1.0, 0.0, 0.0, 1.0], P([0, 1, 2]) [1.0, 0.0, 0.0, 1.0, 0.0, 0.0, 1.0, 0.0, 0.0, 0.0, 1.0, 0.0, 1.0, 0.0, 0.0, 0.0, 0.0, 1.0, 0.0, 1.0, 0.0, 1.0, 0.0, 0.0, 0.0, 1.0, 0.0, 0.0, 1.0, 0.0, 0.0, 1.0, 0.0, 0.0, 0.0, 1.0, 0.0, 0.0, 1.0, 1.0, 0.0, 0.0, 0.0, 0.0, 1.0, 0.0, 1.0, 0.0, 0.0, 0.0, 1.0, 0.0, 0.0, 1.0]]

[2024-10-14T10:32:01.994312][INFO][seed13] U cardinality: 9
[2024-10-14T10:32:01.982070][INFO][seed40] !0 = [0, 1, 2, 3, 4, 5, 6, 7, 8]
[2024-10-14T10:32:01.982558][INFO][seed40] 0 = []
[2024-10-14T10:32:01.984531][INFO][seed40] U cardinality: 9
[2024-10-14T10:32:01.996101][INFO][seed40] 
[P([3]) [0.234, 0.766], P([2]) [0.002, 0.471, 0.002, 0.014, 0.147, 0.002, 0.002, 0.002, 0.358], P([1, 3]) [1.0, 0.0, 0.0, 1.0], P([0, 1, 2]) [1.0, 0.0, 0.0, 1.0, 0.0, 0.0, 1.0, 0.0, 0.0, 0.0, 1.0, 0.0, 1.0, 0.0, 0.0, 0.0, 0.0, 1.0, 0.0, 1.0, 0.0, 1.0, 0.0, 0.0, 0.0, 1.0, 0.0, 0.0, 1.0, 0.0, 0.0, 1.0, 0.0, 0.0, 0.0, 1.0, 0.0, 0.0, 1.0, 1.0, 0.0, 0.0, 0.0, 0.0, 1.0, 0.0, 1.0, 0.0, 0.0, 0.0, 1.0, 0.0, 0.0, 1.0]]

[2024-10-14T10:32:01.972957][INFO][seed124] 0 = []
[2024-10-14T10:32:01.989575][INFO][seed29] U cardinality: 9
[2024-10-14T10:32:01.986849][INFO][seed126] 
[P([3]) [0.58, 0.42], P([2]) [0.005, 0.001, 0.019, 0.017, 0.529, 0.002, 0.031, 0.394, 0.002], P([1, 3]) [1.0, 0.0, 0.0, 1.0], P([0, 1, 2]) [1.0, 0.0, 0.0, 1.0, 0.0, 0.0, 1.0, 0.0, 0.0, 0.0, 1.0, 0.0, 1.0, 0.0, 0.0, 0.0, 0.0, 1.0, 0.0, 1.0, 0.0, 1.0, 0.0, 0.0, 0.0, 1.0, 0.0, 0.0, 1.0, 0.0, 0.0, 1.0, 0.0, 0.0, 0.0, 1.0, 0.0, 0.0, 1.0, 1.0, 0.0, 0.0, 0.0, 0.0, 1.0, 0.0, 1.0, 0.0, 0.0, 0.0, 1.0, 0.0, 0.0, 1.0]]

[2024-10-14T10:32:01.986402][INFO][seed38] 
[2024-10-14T10:32:01.978164][INFO][seed5] U cardinality: 9
[2024-10-14T10:32:01.986479][INFO][seed5] 
[P([3]) [0.487, 0.513], P([2]) [0.002, 0.722, 0.001, 0.003, 0.263, 0.005, 0.001, 0.001, 0.002], P([1, 3]) [1.0, 0.0, 0.0, 1.0], P([0, 1, 2]) [1.0, 0.0, 0.0, 1.0, 0.0, 0.0, 1.0, 0.0, 0.0, 0.0, 1.0, 0.0, 1.0, 0.0, 0.0, 0.0, 0.0, 1.0, 0.0, 1.0, 0.0, 1.0, 0.0, 0.0, 0.0, 1.0, 0.0, 0.0, 1.0, 0.0, 0.0, 1.0, 0.0, 0.0, 0.0, 1.0, 0.0, 0.0, 1.0, 1.0, 0.0, 0.0, 0.0, 0.0, 1.0, 0.0, 1.0, 0.0, 0.0, 0.0, 1.0, 0.0, 0.0, 1.0]]

[2024-10-14T10:32:02.009917][INFO][seed37] Sampled 1000 data instances
[2024-10-14T10:32:01.979044][INFO][seed12] U cardinality: 9
[2024-10-14T10:32:01.976833][INFO][seed67] 0 = []
[2024-10-14T10:32:01.977748][INFO][seed11] 0 = []
[2024-10-14T10:32:01.991757][INFO][seed110] 
[2024-10-14T10:32:02.015297][INFO][seed163] U cardinality: 9
[2024-10-14T10:32:01.980596][INFO][seed159] 0 = []
[2024-10-14T10:32:01.998227][INFO][seed43] !0 = [0, 1, 2, 3, 4, 5, 6, 7, 8]
[2024-10-14T10:32:02.017973][INFO][seed69] U cardinality: 9
[2024-10-14T10:32:02.023785][INFO][seed69] !0 = [0, 1, 2, 3, 4, 5, 6, 7, 8]
[2024-10-14T10:32:02.024234][INFO][seed69] 0 = []
[2024-10-14T10:32:01.999596][INFO][seed101] !0 = [0, 1, 2, 3, 4, 5, 6, 7, 8]
[2024-10-14T10:32:02.001753][INFO][seed13] !0 = [0, 1, 2, 3, 4, 5, 6, 7, 8]
[2024-10-14T10:32:01.974887][INFO][seed124] U cardinality: 9
[2024-10-14T10:32:01.998412][INFO][seed29] 
[P([3]) [0.902, 0.098], P([2]) [0.001, 0.001, 0.002, 0.695, 0.254, 0.003, 0.001, 0.042, 0.001], P([1, 3]) [1.0, 0.0, 0.0, 1.0], P([0, 1, 2]) [1.0, 0.0, 0.0, 1.0, 0.0, 0.0, 1.0, 0.0, 0.0, 0.0, 1.0, 0.0, 1.0, 0.0, 0.0, 0.0, 0.0, 1.0, 0.0, 1.0, 0.0, 1.0, 0.0, 0.0, 0.0, 1.0, 0.0, 0.0, 1.0, 0.0, 0.0, 1.0, 0.0, 0.0, 0.0, 1.0, 0.0, 0.0, 1.0, 1.0, 0.0, 0.0, 0.0, 0.0, 1.0, 0.0, 1.0, 0.0, 0.0, 0.0, 1.0, 0.0, 0.0, 1.0]]

[P([3]) [0.994, 0.006], P([2]) [0.27, 0.005, 0.111, 0.014, 0.202, 0.005, 0.003, 0.002, 0.388], P([1, 3]) [1.0, 0.0, 0.0, 1.0], P([0, 1, 2]) [1.0, 0.0, 0.0, 1.0, 0.0, 0.0, 1.0, 0.0, 0.0, 0.0, 1.0, 0.0, 1.0, 0.0, 0.0, 0.0, 0.0, 1.0, 0.0, 1.0, 0.0, 1.0, 0.0, 0.0, 0.0, 1.0, 0.0, 0.0, 1.0, 0.0, 0.0, 1.0, 0.0, 0.0, 0.0, 1.0, 0.0, 0.0, 1.0, 1.0, 0.0, 0.0, 0.0, 0.0, 1.0, 0.0, 1.0, 0.0, 0.0, 0.0, 1.0, 0.0, 0.0, 1.0]]
[2024-10-14T10:32:02.010470][INFO][seed37] Starting exact inference 
[2024-10-14T10:32:01.987846][INFO][seed12] 
[2024-10-14T10:32:01.978902][INFO][seed67] U cardinality: 9
[2024-10-14T10:32:01.980021][INFO][seed11] U cardinality: 9
[P([3]) [0.367, 0.633], P([2]) [0.021, 0.449, 0.062, 0.139, 0.002, 0.007, 0.001, 0.075, 0.244], P([1, 3]) [1.0, 0.0, 0.0, 1.0], P([0, 1, 2]) [1.0, 0.0, 0.0, 1.0, 0.0, 0.0, 1.0, 0.0, 0.0, 0.0, 1.0, 0.0, 1.0, 0.0, 0.0, 0.0, 0.0, 1.0, 0.0, 1.0, 0.0, 1.0, 0.0, 0.0, 0.0, 1.0, 0.0, 0.0, 1.0, 0.0, 0.0, 1.0, 0.0, 0.0, 0.0, 1.0, 0.0, 0.0, 1.0, 1.0, 0.0, 0.0, 0.0, 0.0, 1.0, 0.0, 1.0, 0.0, 0.0, 0.0, 1.0, 0.0, 0.0, 1.0]]

[2024-10-14T10:32:02.021183][INFO][seed163] !0 = [0, 1, 2, 3, 4, 5, 6, 7, 8]
[2024-10-14T10:32:01.983425][INFO][seed159] U cardinality: 9
[2024-10-14T10:32:01.998674][INFO][seed43] 0 = []
[2024-10-14T10:32:02.026354][INFO][seed69] U cardinality: 9
[2024-10-14T10:32:02.000055][INFO][seed101] 0 = []
[2024-10-14T10:32:02.002358][INFO][seed13] 0 = []
[2024-10-14T10:32:01.981632][INFO][seed124] 
[P([3]) [0.988, 0.012], P([2]) [0.02, 0.048, 0.265, 0.392, 0.087, 0.015, 0.153, 0.01, 0.01], P([1, 3]) [1.0, 0.0, 0.0, 1.0], P([0, 1, 2]) [1.0, 0.0, 0.0, 1.0, 0.0, 0.0, 1.0, 0.0, 0.0, 0.0, 1.0, 0.0, 1.0, 0.0, 0.0, 0.0, 0.0, 1.0, 0.0, 1.0, 0.0, 1.0, 0.0, 0.0, 0.0, 1.0, 0.0, 0.0, 1.0, 0.0, 0.0, 1.0, 0.0, 0.0, 0.0, 1.0, 0.0, 0.0, 1.0, 1.0, 0.0, 0.0, 0.0, 0.0, 1.0, 0.0, 1.0, 0.0, 0.0, 0.0, 1.0, 0.0, 0.0, 1.0]]


[P([3]) [0.945, 0.055], P([2]) [0.077, 0.014, 0.003, 0.022, 0.002, 0.005, 0.006, 0.001, 0.87], P([1, 3]) [1.0, 0.0, 0.0, 1.0], P([0, 1, 2]) [1.0, 0.0, 0.0, 1.0, 0.0, 0.0, 1.0, 0.0, 0.0, 0.0, 1.0, 0.0, 1.0, 0.0, 0.0, 0.0, 0.0, 1.0, 0.0, 1.0, 0.0, 1.0, 0.0, 0.0, 0.0, 1.0, 0.0, 0.0, 1.0, 0.0, 0.0, 1.0, 0.0, 0.0, 0.0, 1.0, 0.0, 0.0, 1.0, 1.0, 0.0, 0.0, 0.0, 0.0, 1.0, 0.0, 1.0, 0.0, 0.0, 0.0, 1.0, 0.0, 0.0, 1.0]]

[2024-10-14T10:32:01.987980][INFO][seed67] 
[P([3]) [0.497, 0.503], P([2]) [0.002, 0.017, 0.673, 0.218, 0.005, 0.003, 0.065, 0.014, 0.003], P([1, 3]) [1.0, 0.0, 0.0, 1.0], P([0, 1, 2]) [1.0, 0.0, 0.0, 1.0, 0.0, 0.0, 1.0, 0.0, 0.0, 0.0, 1.0, 0.0, 1.0, 0.0, 0.0, 0.0, 0.0, 1.0, 0.0, 1.0, 0.0, 1.0, 0.0, 0.0, 0.0, 1.0, 0.0, 0.0, 1.0, 0.0, 0.0, 1.0, 0.0, 0.0, 0.0, 1.0, 0.0, 0.0, 1.0, 1.0, 0.0, 0.0, 0.0, 0.0, 1.0, 0.0, 1.0, 0.0, 0.0, 0.0, 1.0, 0.0, 0.0, 1.0]]

[2024-10-14T10:32:01.990014][INFO][seed11] 
[2024-10-14T10:32:02.021647][INFO][seed163] 0 = []
[2024-10-14T10:32:01.997031][INFO][seed159] 
[P([3]) [0.484, 0.516], P([2]) [0.497, 0.028, 0.011, 0.001, 0.036, 0.008, 0.005, 0.116, 0.298], P([1, 3]) [1.0, 0.0, 0.0, 1.0], P([0, 1, 2]) [1.0, 0.0, 0.0, 1.0, 0.0, 0.0, 1.0, 0.0, 0.0, 0.0, 1.0, 0.0, 1.0, 0.0, 0.0, 0.0, 0.0, 1.0, 0.0, 1.0, 0.0, 1.0, 0.0, 0.0, 0.0, 1.0, 0.0, 0.0, 1.0, 0.0, 0.0, 1.0, 0.0, 0.0, 0.0, 1.0, 0.0, 0.0, 1.0, 1.0, 0.0, 0.0, 0.0, 0.0, 1.0, 0.0, 1.0, 0.0, 0.0, 0.0, 1.0, 0.0, 0.0, 1.0]]

[2024-10-14T10:32:02.000719][INFO][seed43] U cardinality: 9
[2024-10-14T10:32:02.007783][INFO][seed43] 
[P([3]) [0.029, 0.971], P([2]) [0.011, 0.001, 0.591, 0.002, 0.001, 0.001, 0.001, 0.349, 0.043], P([1, 3]) [1.0, 0.0, 0.0, 1.0], P([0, 1, 2]) [1.0, 0.0, 0.0, 1.0, 0.0, 0.0, 1.0, 0.0, 0.0, 0.0, 1.0, 0.0, 1.0, 0.0, 0.0, 0.0, 0.0, 1.0, 0.0, 1.0, 0.0, 1.0, 0.0, 0.0, 0.0, 1.0, 0.0, 0.0, 1.0, 0.0, 0.0, 1.0, 0.0, 0.0, 0.0, 1.0, 0.0, 0.0, 1.0, 1.0, 0.0, 0.0, 0.0, 0.0, 1.0, 0.0, 1.0, 0.0, 0.0, 0.0, 1.0, 0.0, 0.0, 1.0]]

[2024-10-14T10:32:02.034379][INFO][seed69] 
[P([3]) [0.275, 0.725], P([2]) [0.001, 0.941, 0.001, 0.001, 0.002, 0.034, 0.001, 0.003, 0.016], P([1, 3]) [1.0, 0.0, 0.0, 1.0], P([0, 1, 2]) [1.0, 0.0, 0.0, 1.0, 0.0, 0.0, 1.0, 0.0, 0.0, 0.0, 1.0, 0.0, 1.0, 0.0, 0.0, 0.0, 0.0, 1.0, 0.0, 1.0, 0.0, 1.0, 0.0, 0.0, 0.0, 1.0, 0.0, 0.0, 1.0, 0.0, 0.0, 1.0, 0.0, 0.0, 0.0, 1.0, 0.0, 0.0, 1.0, 1.0, 0.0, 0.0, 0.0, 0.0, 1.0, 0.0, 1.0, 0.0, 0.0, 0.0, 1.0, 0.0, 0.0, 1.0]]

[2024-10-14T10:32:02.002064][INFO][seed101] U cardinality: 9
[2024-10-14T10:32:02.004606][INFO][seed13] U cardinality: 9
[P([3]) [0.079, 0.921], P([2]) [0.002, 0.022, 0.007, 0.335, 0.002, 0.025, 0.005, 0.121, 0.481], P([1, 3]) [1.0, 0.0, 0.0, 1.0], P([0, 1, 2]) [1.0, 0.0, 0.0, 1.0, 0.0, 0.0, 1.0, 0.0, 0.0, 0.0, 1.0, 0.0, 1.0, 0.0, 0.0, 0.0, 0.0, 1.0, 0.0, 1.0, 0.0, 1.0, 0.0, 0.0, 0.0, 1.0, 0.0, 0.0, 1.0, 0.0, 0.0, 1.0, 0.0, 0.0, 0.0, 1.0, 0.0, 0.0, 1.0, 1.0, 0.0, 0.0, 0.0, 0.0, 1.0, 0.0, 1.0, 0.0, 0.0, 0.0, 1.0, 0.0, 0.0, 1.0]]

[2024-10-14T10:32:02.023825][INFO][seed163] U cardinality: 9
[2024-10-14T10:32:02.009309][INFO][seed101] 
[P([3]) [0.831, 0.169], P([2]) [0.011, 0.06, 0.002, 0.001, 0.016, 0.017, 0.775, 0.041, 0.077], P([1, 3]) [1.0, 0.0, 0.0, 1.0], P([0, 1, 2]) [1.0, 0.0, 0.0, 1.0, 0.0, 0.0, 1.0, 0.0, 0.0, 0.0, 1.0, 0.0, 1.0, 0.0, 0.0, 0.0, 0.0, 1.0, 0.0, 1.0, 0.0, 1.0, 0.0, 0.0, 0.0, 1.0, 0.0, 0.0, 1.0, 0.0, 0.0, 1.0, 0.0, 0.0, 0.0, 1.0, 0.0, 0.0, 1.0, 1.0, 0.0, 0.0, 0.0, 0.0, 1.0, 0.0, 1.0, 0.0, 0.0, 0.0, 1.0, 0.0, 0.0, 1.0]]

[2024-10-14T10:32:02.011817][INFO][seed13] 
[P([3]) [0.151, 0.849], P([2]) [0.001, 0.001, 0.216, 0.75, 0.024, 0.003, 0.001, 0.002, 0.002], P([1, 3]) [1.0, 0.0, 0.0, 1.0], P([0, 1, 2]) [1.0, 0.0, 0.0, 1.0, 0.0, 0.0, 1.0, 0.0, 0.0, 0.0, 1.0, 0.0, 1.0, 0.0, 0.0, 0.0, 0.0, 1.0, 0.0, 1.0, 0.0, 1.0, 0.0, 0.0, 0.0, 1.0, 0.0, 0.0, 1.0, 0.0, 0.0, 1.0, 0.0, 0.0, 0.0, 1.0, 0.0, 0.0, 1.0, 1.0, 0.0, 0.0, 0.0, 0.0, 1.0, 0.0, 1.0, 0.0, 0.0, 0.0, 1.0, 0.0, 0.0, 1.0]]

[2024-10-14T10:32:02.031213][INFO][seed163] 
[P([3]) [0.188, 0.812], P([2]) [0.125, 0.376, 0.001, 0.001, 0.002, 0.001, 0.492, 0.001, 0.001], P([1, 3]) [1.0, 0.0, 0.0, 1.0], P([0, 1, 2]) [1.0, 0.0, 0.0, 1.0, 0.0, 0.0, 1.0, 0.0, 0.0, 0.0, 1.0, 0.0, 1.0, 0.0, 0.0, 0.0, 0.0, 1.0, 0.0, 1.0, 0.0, 1.0, 0.0, 0.0, 0.0, 1.0, 0.0, 0.0, 1.0, 0.0, 0.0, 1.0, 0.0, 0.0, 0.0, 1.0, 0.0, 0.0, 1.0, 1.0, 0.0, 0.0, 0.0, 0.0, 1.0, 0.0, 1.0, 0.0, 0.0, 0.0, 1.0, 0.0, 0.0, 1.0]]

[2024-10-14T10:32:02.103458][INFO][seed54] PS(V1,V0) in [0.0, 1.0]
[2024-10-14T10:32:02.103627][INFO][seed55] PS(V1,V0) in [0.0, 0.06890212765957449]
[2024-10-14T10:32:02.117032][INFO][seed55] PN(V1,V0) in [0.0, 1.0] 
[2024-10-14T10:32:02.121263][INFO][seed54] PN(V1,V0) in [0.0, 0.6724226041582614] 
[2024-10-14T10:32:02.127322][INFO][seed23] Sampled 1000 data instances
[2024-10-14T10:32:02.127671][INFO][seed23] Starting exact inference 
[2024-10-14T10:32:02.151656][INFO][seed46] Sampled 1000 data instances
[2024-10-14T10:32:02.151971][INFO][seed46] Starting exact inference 
[2024-10-14T10:32:02.159036][INFO][seed55] Saved data to: /mnt/beegfs/rcabanas/dev/credici/papers/zeros/models/s3/simple_nparents1_nzr10_zdr05_ysize3_55.csv
[2024-10-14T10:32:02.160520][INFO][seed33] Sampled 1000 data instances
[2024-10-14T10:32:02.160675][INFO][seed33] Starting exact inference 
[2024-10-14T10:32:02.161762][INFO][seed25] PS(V1,V0) in [0.0, 0.4170613067049521]
[2024-10-14T10:32:02.163649][INFO][seed51] Sampled 1000 data instances
[2024-10-14T10:32:02.163973][INFO][seed51] Starting exact inference 
[2024-10-14T10:32:02.166187][INFO][seed54] Saved data to: /mnt/beegfs/rcabanas/dev/credici/papers/zeros/models/s3/simple_nparents1_nzr10_zdr05_ysize3_54.csv
[2024-10-14T10:32:02.166234][INFO][seed18] Sampled 1000 data instances
[2024-10-14T10:32:02.166603][INFO][seed18] Starting exact inference 
[2024-10-14T10:32:02.172257][INFO][seed112] Sampled 1000 data instances
[2024-10-14T10:32:02.172925][INFO][seed112] Starting exact inference 
[2024-10-14T10:32:02.175155][INFO][seed22] Sampled 1000 data instances
[2024-10-14T10:32:02.175530][INFO][seed22] Starting exact inference 
[2024-10-14T10:32:02.175954][INFO][seed54] Saved model to: /mnt/beegfs/rcabanas/dev/credici/papers/zeros/models/s3/simple_nparents1_nzr10_zdr05_ysize3_54.uai
[2024-10-14T10:32:02.178950][INFO][seed154] Sampled 1000 data instances
[2024-10-14T10:32:02.179362][INFO][seed154] Starting exact inference 
[2024-10-14T10:32:02.179392][INFO][seed54] Saved queries to: /mnt/beegfs/rcabanas/dev/credici/papers/zeros/models/s3/simple_nparents1_nzr10_zdr05_ysize3_54_query.csv
[2024-10-14T10:32:02.179329][INFO][seed95] Sampled 1000 data instances
[2024-10-14T10:32:02.179501][INFO][seed54] Closing log file
[2024-10-14T10:32:02.179734][INFO][seed95] Starting exact inference 
[2024-10-14T10:32:02.179526][INFO][seed55] Saved model to: /mnt/beegfs/rcabanas/dev/credici/papers/zeros/models/s3/simple_nparents1_nzr10_zdr05_ysize3_55.uai
[2024-10-14T10:32:02.179577][INFO][seed54] Closed log file
[2024-10-14T10:32:02.180213][INFO][seed25] PN(V1,V0) in [0.0, 1.0] 
[2024-10-14T10:32:02.181956][INFO][seed6] Sampled 1000 data instances
[2024-10-14T10:32:02.182309][INFO][seed6] Starting exact inference 
[2024-10-14T10:32:02.182691][INFO][seed55] Saved queries to: /mnt/beegfs/rcabanas/dev/credici/papers/zeros/models/s3/simple_nparents1_nzr10_zdr05_ysize3_55_query.csv
[2024-10-14T10:32:02.182728][INFO][seed55] Closing log file
[2024-10-14T10:32:02.182753][INFO][seed55] Closed log file
[2024-10-14T10:32:02.186713][INFO][seed127] Sampled 1000 data instances
[2024-10-14T10:32:02.187067][INFO][seed127] Starting exact inference 
[2024-10-14T10:32:02.188585][INFO][seed81] Sampled 1000 data instances
[2024-10-14T10:32:02.188998][INFO][seed81] Starting exact inference 
[2024-10-14T10:32:02.188308][INFO][seed53] Sampled 1000 data instances
[2024-10-14T10:32:02.188481][INFO][seed53] Starting exact inference 
[2024-10-14T10:32:02.199422][INFO][seed41] Sampled 1000 data instances
[2024-10-14T10:32:02.199809][INFO][seed4] Sampled 1000 data instances
[2024-10-14T10:32:02.199789][INFO][seed41] Starting exact inference 
[2024-10-14T10:32:02.200122][INFO][seed153] Sampled 1000 data instances
[2024-10-14T10:32:02.200172][INFO][seed124] Sampled 1000 data instances
[2024-10-14T10:32:02.200202][INFO][seed4] Starting exact inference 
[2024-10-14T10:32:02.200500][INFO][seed153] Starting exact inference 
[2024-10-14T10:32:02.200592][INFO][seed124] Starting exact inference 
[2024-10-14T10:32:02.211350][INFO][seed38] Sampled 1000 data instances
[2024-10-14T10:32:02.211683][INFO][seed38] Starting exact inference 
[2024-10-14T10:32:02.214247][INFO][seed102] Sampled 1000 data instances
[2024-10-14T10:32:02.214829][INFO][seed106] Sampled 1000 data instances
[2024-10-14T10:32:02.215097][INFO][seed102] Starting exact inference 
[2024-10-14T10:32:02.215165][INFO][seed106] Starting exact inference 
[2024-10-14T10:32:02.215933][INFO][seed25] Saved data to: /mnt/beegfs/rcabanas/dev/credici/papers/zeros/models/s3/simple_nparents1_nzr10_zdr05_ysize3_25.csv
[2024-10-14T10:32:02.217577][INFO][seed40] Sampled 1000 data instances
[2024-10-14T10:32:02.217862][INFO][seed40] Starting exact inference 
[2024-10-14T10:32:02.217907][INFO][seed94] Sampled 1000 data instances
[2024-10-14T10:32:02.217621][INFO][seed67] Sampled 1000 data instances
[2024-10-14T10:32:02.217751][INFO][seed67] Starting exact inference 
[2024-10-14T10:32:02.218195][INFO][seed94] Starting exact inference 
[2024-10-14T10:32:02.227889][INFO][seed126] Sampled 1000 data instances
[2024-10-14T10:32:02.228024][INFO][seed126] Starting exact inference 
[2024-10-14T10:32:02.229208][INFO][seed5] Sampled 1000 data instances
[2024-10-14T10:32:02.229340][INFO][seed5] Starting exact inference 
[2024-10-14T10:32:02.229330][INFO][seed110] Sampled 1000 data instances
[2024-10-14T10:32:02.229673][INFO][seed110] Starting exact inference 
[2024-10-14T10:32:02.228773][INFO][seed10] Sampled 1000 data instances
[2024-10-14T10:32:02.228904][INFO][seed10] Starting exact inference 
[2024-10-14T10:32:02.229411][INFO][seed12] Sampled 1000 data instances
[2024-10-14T10:32:02.230338][INFO][seed29] Sampled 1000 data instances
[2024-10-14T10:32:02.230416][INFO][seed68] Sampled 1000 data instances
[2024-10-14T10:32:02.230718][INFO][seed68] Starting exact inference 
[2024-10-14T10:32:02.231277][INFO][seed9] Sampled 1000 data instances
[2024-10-14T10:32:02.234073][INFO][seed11] Sampled 1000 data instances
[2024-10-14T10:32:02.234533][INFO][seed11] Starting exact inference 
[2024-10-14T10:32:02.234335][INFO][seed25] Saved model to: /mnt/beegfs/rcabanas/dev/credici/papers/zeros/models/s3/simple_nparents1_nzr10_zdr05_ysize3_25.uai
[2024-10-14T10:32:02.229832][INFO][seed12] Starting exact inference 
[2024-10-14T10:32:02.230575][INFO][seed29] Starting exact inference 
[2024-10-14T10:32:02.231540][INFO][seed9] Starting exact inference 
[2024-10-14T10:32:02.238494][INFO][seed25] Saved queries to: /mnt/beegfs/rcabanas/dev/credici/papers/zeros/models/s3/simple_nparents1_nzr10_zdr05_ysize3_25_query.csv
[2024-10-14T10:32:02.238599][INFO][seed25] Closing log file
[2024-10-14T10:32:02.238694][INFO][seed25] Closed log file
[2024-10-14T10:32:02.254842][INFO][seed101] Sampled 1000 data instances
[2024-10-14T10:32:02.254985][INFO][seed101] Starting exact inference 
[2024-10-14T10:32:02.256320][INFO][seed43] Sampled 1000 data instances
[2024-10-14T10:32:02.256391][INFO][seed13] Sampled 1000 data instances
[2024-10-14T10:32:02.256644][INFO][seed43] Starting exact inference 
[2024-10-14T10:32:02.256843][INFO][seed13] Starting exact inference 
[2024-10-14T10:32:02.268379][INFO][seed159] Sampled 1000 data instances
[2024-10-14T10:32:02.268399][INFO][seed42] Sampled 1000 data instances
[2024-10-14T10:32:02.268519][INFO][seed42] Starting exact inference 
[2024-10-14T10:32:02.269113][INFO][seed163] Sampled 1000 data instances
[2024-10-14T10:32:02.268712][INFO][seed159] Starting exact inference 
[2024-10-14T10:32:02.269362][INFO][seed163] Starting exact inference 
[2024-10-14T10:32:02.292560][INFO][seed69] Sampled 1000 data instances
[2024-10-14T10:32:02.292836][INFO][seed69] Starting exact inference 
['genn.py', '1', '1.0', '0.5', '164', '3']
['genn.py', '1', '1.0', '0.5', '96', '3']
1 1.0 0.5 164
/mnt/beegfs/rcabanas/dev/credici/papers/zeros/code/GenerateNparents.java
1 1.0 0.5 96
/mnt/beegfs/rcabanas/dev/credici/papers/zeros/code/GenerateNparents.java
['genn.py', '1', '1.0', '0.5', '156', '3']
1 1.0 0.5 156
/mnt/beegfs/rcabanas/dev/credici/papers/zeros/code/GenerateNparents.java
Removed 000
Removed 000
Removed 000
Removed 000
Removed 000
Removed 000
Removed 000
Removed 000
Removed 000
Removed 000
Removed 000
Removed 000
Removed 000
Removed 000
Removed 000
Error in variable: 2
[2024-10-14T10:32:03.600915][INFO][seed21] No feasible solution... resampling
[2024-10-14T10:32:03.676904][INFO][seed21] Sampled 1100 data instances
[2024-10-14T10:32:03.679142][INFO][seed21] Starting exact inference 
[2024-10-14T10:32:03.854163][INFO][seed167] PS(V1,V0) in [0.0, 0.16908309760802925]
[2024-10-14T10:32:03.875660][INFO][seed167] PN(V1,V0) in [0.0, 1.0] 
[2024-10-14T10:32:03.886623][INFO][seed70] PS(V1,V0) in [0.23460180462926639, 0.8038446449588074]
[2024-10-14T10:32:03.886718][INFO][seed49] PS(V1,V0) in [0.05982182533804515, 1.0]
[2024-10-14T10:32:03.893865][INFO][seed70] PN(V1,V0) in [0.29184968277208395, 1.0] 
[2024-10-14T10:32:03.901397][INFO][seed49] PN(V1,V0) in [0.050872773078999456, 0.8504048947273708] 
[2024-10-14T10:32:03.904063][INFO][seed100] PS(V1,V0) in [0.0, 1.0]
[2024-10-14T10:32:03.918433][INFO][seed100] PN(V1,V0) in [0.0, 0.1820628373966909] 
[2024-10-14T10:32:03.922942][INFO][seed167] Saved data to: /mnt/beegfs/rcabanas/dev/credici/papers/zeros/models/s3/simple_nparents1_nzr10_zdr05_ysize3_167.csv
[2024-10-14T10:32:03.925370][INFO][seed71] PS(V1,V0) in [0.0, 1.0]
[2024-10-14T10:32:03.925638][INFO][seed76] PS(V1,V0) in [0.0, 0.2405156151750157]
Removed 000
Removed 000
Removed 000
Removed 000
Removed 000
Removed 000
Removed 000
Removed 000
Removed 000
[2024-10-14T10:32:03.937149][INFO][seed76] PN(V1,V0) in [0.0, 1.0] 
[2024-10-14T10:32:03.946573][INFO][seed167] Saved model to: /mnt/beegfs/rcabanas/dev/credici/papers/zeros/models/s3/simple_nparents1_nzr10_zdr05_ysize3_167.uai
[2024-10-14T10:32:03.946334][INFO][seed70] Saved data to: /mnt/beegfs/rcabanas/dev/credici/papers/zeros/models/s3/simple_nparents1_nzr10_zdr05_ysize3_70.csv
Error in variable: 2
[2024-10-14T10:32:03.948302][INFO][seed23] No feasible solution... resampling
[2024-10-14T10:32:03.949023][INFO][seed71] PN(V1,V0) in [0.0, 0.753661399896076] 
[2024-10-14T10:32:03.960498][INFO][seed167] Saved queries to: /mnt/beegfs/rcabanas/dev/credici/papers/zeros/models/s3/simple_nparents1_nzr10_zdr05_ysize3_167_query.csv
[2024-10-14T10:32:03.960568][INFO][seed167] Closing log file
[2024-10-14T10:32:03.960595][INFO][seed167] Closed log file
[2024-10-14T10:32:03.966926][INFO][seed100] Saved data to: /mnt/beegfs/rcabanas/dev/credici/papers/zeros/models/s3/simple_nparents1_nzr10_zdr05_ysize3_100.csv
[2024-10-14T10:32:03.967237][INFO][seed49] Saved data to: /mnt/beegfs/rcabanas/dev/credici/papers/zeros/models/s3/simple_nparents1_nzr10_zdr05_ysize3_49.csv
[2024-10-14T10:32:03.970530][INFO][seed1] PS(V1,V0) in [0.0, 1.0]
[2024-10-14T10:32:03.973886][INFO][seed198] PS(V1,V0) in [0.0, 0.03711348981719904]
[2024-10-14T10:32:03.979973][INFO][seed76] Saved data to: /mnt/beegfs/rcabanas/dev/credici/papers/zeros/models/s3/simple_nparents1_nzr10_zdr05_ysize3_76.csv
[2024-10-14T10:32:03.986665][INFO][seed70] Saved model to: /mnt/beegfs/rcabanas/dev/credici/papers/zeros/models/s3/simple_nparents1_nzr10_zdr05_ysize3_70.uai
[2024-10-14T10:32:03.993433][INFO][seed198] PN(V1,V0) in [0.0, 1.0] 
[2024-10-14T10:32:03.996948][INFO][seed71] Saved data to: /mnt/beegfs/rcabanas/dev/credici/papers/zeros/models/s3/simple_nparents1_nzr10_zdr05_ysize3_71.csv
[2024-10-14T10:32:03.999332][INFO][seed1] PN(V1,V0) in [0.0, 0.2105901751547771] 
[2024-10-14T10:32:04.002328][INFO][seed70] Saved queries to: /mnt/beegfs/rcabanas/dev/credici/papers/zeros/models/s3/simple_nparents1_nzr10_zdr05_ysize3_70_query.csv
[2024-10-14T10:32:04.002425][INFO][seed70] Closing log file
[2024-10-14T10:32:04.002453][INFO][seed70] Closed log file
[2024-10-14T10:32:04.004097][INFO][seed49] Saved model to: /mnt/beegfs/rcabanas/dev/credici/papers/zeros/models/s3/simple_nparents1_nzr10_zdr05_ysize3_49.uai
[2024-10-14T10:32:04.008989][INFO][seed100] Saved model to: /mnt/beegfs/rcabanas/dev/credici/papers/zeros/models/s3/simple_nparents1_nzr10_zdr05_ysize3_100.uai
[2024-10-14T10:32:04.009947][INFO][seed49] Saved queries to: /mnt/beegfs/rcabanas/dev/credici/papers/zeros/models/s3/simple_nparents1_nzr10_zdr05_ysize3_49_query.csv
[2024-10-14T10:32:04.010181][INFO][seed49] Closing log file
[2024-10-14T10:32:04.010271][INFO][seed49] Closed log file
[2024-10-14T10:32:04.028421][INFO][seed23] Sampled 1100 data instances
[2024-10-14T10:32:04.030395][INFO][seed100] Saved queries to: /mnt/beegfs/rcabanas/dev/credici/papers/zeros/models/s3/simple_nparents1_nzr10_zdr05_ysize3_100_query.csv
[2024-10-14T10:32:04.030468][INFO][seed100] Closing log file
[2024-10-14T10:32:04.030493][INFO][seed100] Closed log file
[2024-10-14T10:32:04.035033][INFO][seed76] Saved model to: /mnt/beegfs/rcabanas/dev/credici/papers/zeros/models/s3/simple_nparents1_nzr10_zdr05_ysize3_76.uai
[2024-10-14T10:32:04.035714][INFO][seed71] Saved model to: /mnt/beegfs/rcabanas/dev/credici/papers/zeros/models/s3/simple_nparents1_nzr10_zdr05_ysize3_71.uai
[2024-10-14T10:32:04.036924][INFO][seed23] Starting exact inference 
[2024-10-14T10:32:04.040400][INFO][seed71] Saved queries to: /mnt/beegfs/rcabanas/dev/credici/papers/zeros/models/s3/simple_nparents1_nzr10_zdr05_ysize3_71_query.csv
[2024-10-14T10:32:04.040566][INFO][seed71] Closing log file
[2024-10-14T10:32:04.041034][INFO][seed76] Saved queries to: /mnt/beegfs/rcabanas/dev/credici/papers/zeros/models/s3/simple_nparents1_nzr10_zdr05_ysize3_76_query.csv
[2024-10-14T10:32:04.041315][INFO][seed76] Closing log file
[2024-10-14T10:32:04.040651][INFO][seed71] Closed log file
[2024-10-14T10:32:04.041409][INFO][seed76] Closed log file
[2024-10-14T10:32:04.051383][INFO][seed1] Saved data to: /mnt/beegfs/rcabanas/dev/credici/papers/zeros/models/s3/simple_nparents1_nzr10_zdr05_ysize3_1.csv
[2024-10-14T10:32:04.058047][INFO][seed198] Saved data to: /mnt/beegfs/rcabanas/dev/credici/papers/zeros/models/s3/simple_nparents1_nzr10_zdr05_ysize3_198.csv
[2024-10-14T10:32:04.085604][INFO][seed1] Saved model to: /mnt/beegfs/rcabanas/dev/credici/papers/zeros/models/s3/simple_nparents1_nzr10_zdr05_ysize3_1.uai
[2024-10-14T10:32:04.088234][INFO][seed198] Saved model to: /mnt/beegfs/rcabanas/dev/credici/papers/zeros/models/s3/simple_nparents1_nzr10_zdr05_ysize3_198.uai
[2024-10-14T10:32:04.095667][INFO][seed1] Saved queries to: /mnt/beegfs/rcabanas/dev/credici/papers/zeros/models/s3/simple_nparents1_nzr10_zdr05_ysize3_1_query.csv
[2024-10-14T10:32:04.095768][INFO][seed1] Closing log file
[2024-10-14T10:32:04.095794][INFO][seed1] Closed log file
[2024-10-14T10:32:04.097524][INFO][seed198] Saved queries to: /mnt/beegfs/rcabanas/dev/credici/papers/zeros/models/s3/simple_nparents1_nzr10_zdr05_ysize3_198_query.csv
[2024-10-14T10:32:04.097621][INFO][seed198] Closing log file
[2024-10-14T10:32:04.097647][INFO][seed198] Closed log file
Removed 000
Removed 000
Removed 000
Removed 000
Removed 000
Removed 000
Removed 000
Removed 000
Removed 000
Removed 000
Removed 000
Removed 000
[2024-10-14T10:32:04.110001][INFO][seed28] PS(V1,V0) in [0.0, 1.0]
Error in variable: 2
[2024-10-14T10:32:04.113696][INFO][seed18] No feasible solution... resampling
Removed 000
Removed 000
Removed 000
Removed 000
Removed 000
Removed 000
Removed 000
Removed 000
Removed 000
Removed 000
Removed 000
Removed 000
Removed 000
Removed 000
Removed 000
[2024-10-14T10:32:04.121140][INFO][seed28] PN(V1,V0) in [0.0, 0.00992768058201975] 
Removed 000
Error in variable: 2
Removed 000
Removed 000
Removed 000
[2024-10-14T10:32:04.127851][INFO][seed41] No feasible solution... resampling
[2024-10-14T10:32:04.144224][INFO][seed21] PS(V1,V0) in [0.5647737932029728, 1.0]
Error in variable: 2
[2024-10-14T10:32:04.145392][INFO][seed81] No feasible solution... resampling
[2024-10-14T10:32:04.156499][INFO][seed21] PN(V1,V0) in [0.5603585286579517, 0.9921822425223006] 
[2024-10-14T10:32:04.167027][INFO][seed28] Saved data to: /mnt/beegfs/rcabanas/dev/credici/papers/zeros/models/s3/simple_nparents1_nzr10_zdr05_ysize3_28.csv
Removed 000
Removed 000
Removed 000
Removed 000
Removed 000
Removed 000
Removed 000
Removed 000
Removed 000
Error in variable: 2
[2024-10-14T10:32:04.174662][INFO][seed10] No feasible solution... resampling
Removed 000
Removed 000
Removed 000
Removed 000
Removed 000
Removed 000
Removed 000
Removed 000
Removed 000
Removed 000
Removed 000
Removed 000
[2024-10-14T10:32:04.191135][INFO][seed28] Saved model to: /mnt/beegfs/rcabanas/dev/credici/papers/zeros/models/s3/simple_nparents1_nzr10_zdr05_ysize3_28.uai
Error in variable: 2
[2024-10-14T10:32:04.194046][INFO][seed53] No feasible solution... resampling
[2024-10-14T10:32:04.194602][INFO][seed37] PS(V1,V0) in [0.0, 1.0]
[2024-10-14T10:32:04.195593][INFO][seed28] Saved queries to: /mnt/beegfs/rcabanas/dev/credici/papers/zeros/models/s3/simple_nparents1_nzr10_zdr05_ysize3_28_query.csv
[2024-10-14T10:32:04.195901][INFO][seed28] Closing log file
[2024-10-14T10:32:04.195990][INFO][seed28] Closed log file
[2024-10-14T10:32:04.198257][INFO][seed18] Sampled 1100 data instances
[2024-10-14T10:32:04.198591][INFO][seed18] Starting exact inference 
Removed 000
Removed 000
Removed 000
Removed 000
Removed 000
Removed 000
Removed 000
Removed 000
Removed 000
[2024-10-14T10:32:04.206073][INFO][seed21] Saved data to: /mnt/beegfs/rcabanas/dev/credici/papers/zeros/models/s3/simple_nparents1_nzr10_zdr05_ysize3_21.csv
Error in variable: 2
[2024-10-14T10:32:04.206627][INFO][seed68] No feasible solution... resampling
[2024-10-14T10:32:04.214095][INFO][seed37] PN(V1,V0) in [0.0, 0.13745265261543468] 
Removed 000
Removed 000
Removed 000
Removed 000
Removed 000
Removed 000
Removed 000
Removed 000
Removed 000
Removed 000
Removed 000
Removed 000
Removed 000
Removed 000
Removed 000
[2024-10-14T10:32:04.216295][INFO][seed46] PS(V1,V0) in [0.0, 1.0]
Error in variable: 2
[2024-10-14T10:32:04.220662][INFO][seed110] No feasible solution... resampling
[2024-10-14T10:32:04.224381][INFO][seed41] Sampled 1100 data instances
[2024-10-14T10:32:04.224734][INFO][seed41] Starting exact inference 
Removed 000
Removed 000
Removed 000
Removed 000
Removed 000
Removed 000
Removed 000
Removed 000
Removed 000
Removed 000
Removed 000
Removed 000
Removed 000
Removed 000
Removed 000
Removed 000
Removed 000
Removed 000
Removed 000
Removed 000
Removed 000
Removed 000
Removed 000
Removed 000
Removed 000
Removed 000
Removed 000
Removed 000
Removed 000
Removed 000
[2024-10-14T10:32:04.226428][INFO][seed21] Saved model to: /mnt/beegfs/rcabanas/dev/credici/papers/zeros/models/s3/simple_nparents1_nzr10_zdr05_ysize3_21.uai
Error in variable: 2
[2024-10-14T10:32:04.232010][INFO][seed69] No feasible solution... resampling
[2024-10-14T10:32:04.232654][INFO][seed21] Saved queries to: /mnt/beegfs/rcabanas/dev/credici/papers/zeros/models/s3/simple_nparents1_nzr10_zdr05_ysize3_21_query.csv
[2024-10-14T10:32:04.232941][INFO][seed21] Closing log file
[2024-10-14T10:32:04.233026][INFO][seed21] Closed log file
Error in variable: 2
[2024-10-14T10:32:04.233778][INFO][seed94] No feasible solution... resampling
[2024-10-14T10:32:04.237244][INFO][seed81] Sampled 1100 data instances
[2024-10-14T10:32:04.243439][INFO][seed46] PN(V1,V0) in [0.0, 0.21987996261130519] 
[2024-10-14T10:32:04.246][INFO][seed37] Saved data to: /mnt/beegfs/rcabanas/dev/credici/papers/zeros/models/s3/simple_nparents1_nzr10_zdr05_ysize3_37.csv
[2024-10-14T10:32:04.246477][INFO][seed81] Starting exact inference 
[2024-10-14T10:32:04.248707][INFO][seed51] PS(V1,V0) in [0.0, 1.0]
[2024-10-14T10:32:04.260900][INFO][seed51] PN(V1,V0) in [0.0, 0.05637202929518652] 
[2024-10-14T10:32:04.271019][INFO][seed37] Saved model to: /mnt/beegfs/rcabanas/dev/credici/papers/zeros/models/s3/simple_nparents1_nzr10_zdr05_ysize3_37.uai
[2024-10-14T10:32:04.283315][INFO][seed10] Sampled 1100 data instances
[2024-10-14T10:32:04.283839][INFO][seed10] Starting exact inference 
[2024-10-14T10:32:04.284413][INFO][seed37] Saved queries to: /mnt/beegfs/rcabanas/dev/credici/papers/zeros/models/s3/simple_nparents1_nzr10_zdr05_ysize3_37_query.csv
[2024-10-14T10:32:04.284542][INFO][seed37] Closing log file
[2024-10-14T10:32:04.284567][INFO][seed37] Closed log file
[2024-10-14T10:32:04.286093][INFO][seed46] Saved data to: /mnt/beegfs/rcabanas/dev/credici/papers/zeros/models/s3/simple_nparents1_nzr10_zdr05_ysize3_46.csv
[2024-10-14T10:32:04.293319][INFO][seed22] PS(V1,V0) in [0.0, 0.05637440050594664]
[2024-10-14T10:32:04.298554][INFO][seed46] Saved model to: /mnt/beegfs/rcabanas/dev/credici/papers/zeros/models/s3/simple_nparents1_nzr10_zdr05_ysize3_46.uai
[2024-10-14T10:32:04.299921][INFO][seed51] Saved data to: /mnt/beegfs/rcabanas/dev/credici/papers/zeros/models/s3/simple_nparents1_nzr10_zdr05_ysize3_51.csv
[2024-10-14T10:32:04.308089][INFO][seed53] Sampled 1100 data instances
[2024-10-14T10:32:04.308735][INFO][seed53] Starting exact inference 
[2024-10-14T10:32:04.308306][INFO][seed46] Saved queries to: /mnt/beegfs/rcabanas/dev/credici/papers/zeros/models/s3/simple_nparents1_nzr10_zdr05_ysize3_46_query.csv
[2024-10-14T10:32:04.308411][INFO][seed46] Closing log file
[2024-10-14T10:32:04.308437][INFO][seed46] Closed log file
[2024-10-14T10:32:04.310204][INFO][seed33] PS(V1,V0) in [0.0, 1.0]
[2024-10-14T10:32:04.313395][INFO][seed22] PN(V1,V0) in [0.0, 1.0] 
[2024-10-14T10:32:04.322915][INFO][seed33] PN(V1,V0) in [0.0, 0.015325893767664111] 
[2024-10-14T10:32:04.327396][INFO][seed51] Saved model to: /mnt/beegfs/rcabanas/dev/credici/papers/zeros/models/s3/simple_nparents1_nzr10_zdr05_ysize3_51.uai
[2024-10-14T10:32:04.329169][INFO][seed110] Sampled 1100 data instances
[2024-10-14T10:32:04.329140][INFO][seed68] Sampled 1100 data instances
[2024-10-14T10:32:04.329574][INFO][seed110] Starting exact inference 
[2024-10-14T10:32:04.329622][INFO][seed68] Starting exact inference 
[2024-10-14T10:32:04.330838][INFO][seed4] PS(V1,V0) in [0.0, 0.565729606759831]
[2024-10-14T10:32:04.332257][INFO][seed51] Saved queries to: /mnt/beegfs/rcabanas/dev/credici/papers/zeros/models/s3/simple_nparents1_nzr10_zdr05_ysize3_51_query.csv
[2024-10-14T10:32:04.332407][INFO][seed51] Closing log file
[2024-10-14T10:32:04.332495][INFO][seed51] Closed log file
[2024-10-14T10:32:04.335845][INFO][seed94] Sampled 1100 data instances
[2024-10-14T10:32:04.336961][INFO][seed94] Starting exact inference 
[2024-10-14T10:32:04.339638][INFO][seed4] PN(V1,V0) in [0.0, 1.0] 
[2024-10-14T10:32:04.341112][INFO][seed154] PS(V1,V0) in [0.0, 0.12886809008482014]
[2024-10-14T10:32:04.345620][INFO][seed23] PS(V1,V0) in [0.0, 1.0]
[2024-10-14T10:32:04.347326][INFO][seed6] PS(V1,V0) in [0.0, 1.0]
[2024-10-14T10:32:04.353930][INFO][seed69] Sampled 1100 data instances
[2024-10-14T10:32:04.354498][INFO][seed95] PS(V1,V0) in [0.14028123887504448, 0.9202741189035244]
[2024-10-14T10:32:04.357070][INFO][seed154] PN(V1,V0) in [0.0, 1.0] 
[2024-10-14T10:32:04.357433][INFO][seed23] PN(V1,V0) in [0.0, 0.39424000000000003] 
[2024-10-14T10:32:04.365861][INFO][seed69] Starting exact inference 
[2024-10-14T10:32:04.366672][INFO][seed22] Saved data to: /mnt/beegfs/rcabanas/dev/credici/papers/zeros/models/s3/simple_nparents1_nzr10_zdr05_ysize3_22.csv
[2024-10-14T10:32:04.368336][INFO][seed6] PN(V1,V0) in [0.0, 0.2009616342091412] 
[2024-10-14T10:32:04.373486][INFO][seed40] PS(V1,V0) in [0.23969842984132259, 1.0]
[2024-10-14T10:32:04.382218][INFO][seed95] PN(V1,V0) in [0.15243418889383184, 1.0] 
[2024-10-14T10:32:04.382512][INFO][seed33] Saved data to: /mnt/beegfs/rcabanas/dev/credici/papers/zeros/models/s3/simple_nparents1_nzr10_zdr05_ysize3_33.csv
[2024-10-14T10:32:04.385278][INFO][seed38] PS(V1,V0) in [0.0, 0.0]
[2024-10-14T10:32:04.386232][INFO][seed4] Saved data to: /mnt/beegfs/rcabanas/dev/credici/papers/zeros/models/s3/simple_nparents1_nzr10_zdr05_ysize3_4.csv
[2024-10-14T10:32:04.387623][INFO][seed124] PS(V1,V0) in [0.0, 0.4325028003996246]
[2024-10-14T10:32:04.390279][INFO][seed22] Saved model to: /mnt/beegfs/rcabanas/dev/credici/papers/zeros/models/s3/simple_nparents1_nzr10_zdr05_ysize3_22.uai
[2024-10-14T10:32:04.393070][INFO][seed112] PS(V1,V0) in [0.0, 0.22459796963435452]
[2024-10-14T10:32:04.395955][INFO][seed22] Saved queries to: /mnt/beegfs/rcabanas/dev/credici/papers/zeros/models/s3/simple_nparents1_nzr10_zdr05_ysize3_22_query.csv
[2024-10-14T10:32:04.396055][INFO][seed22] Closing log file
[2024-10-14T10:32:04.396081][INFO][seed22] Closed log file
[2024-10-14T10:32:04.398091][INFO][seed33] Saved model to: /mnt/beegfs/rcabanas/dev/credici/papers/zeros/models/s3/simple_nparents1_nzr10_zdr05_ysize3_33.uai
[2024-10-14T10:32:04.397664][INFO][seed126] PS(V1,V0) in [0.0, 1.0]
[2024-10-14T10:32:04.400029][INFO][seed153] PS(V1,V0) in [0.0, 1.0]
[2024-10-14T10:32:04.400951][INFO][seed40] PN(V1,V0) in [0.18205480100326535, 0.7595160348934424] 
[2024-10-14T10:32:04.400876][INFO][seed124] PN(V1,V0) in [0.0, 1.0] 
[2024-10-14T10:32:04.400993][INFO][seed43] PS(V1,V0) in [0.0, 0.7972045454545456]
[2024-10-14T10:32:04.402399][INFO][seed154] Saved data to: /mnt/beegfs/rcabanas/dev/credici/papers/zeros/models/s3/simple_nparents1_nzr10_zdr05_ysize3_154.csv
[2024-10-14T10:32:04.405337][INFO][seed33] Saved queries to: /mnt/beegfs/rcabanas/dev/credici/papers/zeros/models/s3/simple_nparents1_nzr10_zdr05_ysize3_33_query.csv
[2024-10-14T10:32:04.405603][INFO][seed33] Closing log file
[2024-10-14T10:32:04.405692][INFO][seed33] Closed log file
[2024-10-14T10:32:04.404504][INFO][seed4] Saved model to: /mnt/beegfs/rcabanas/dev/credici/papers/zeros/models/s3/simple_nparents1_nzr10_zdr05_ysize3_4.uai
[2024-10-14T10:32:04.406020][INFO][seed23] Saved data to: /mnt/beegfs/rcabanas/dev/credici/papers/zeros/models/s3/simple_nparents1_nzr10_zdr05_ysize3_23.csv
[2024-10-14T10:32:04.410422][INFO][seed38] No feasible solution... resampling
[2024-10-14T10:32:04.412147][INFO][seed112] PN(V1,V0) in [0.0, 1.0] 
['genn.py', '1', '1.0', '0.5', '83', '3']
[2024-10-14T10:32:04.418241][INFO][seed6] Saved data to: /mnt/beegfs/rcabanas/dev/credici/papers/zeros/models/s3/simple_nparents1_nzr10_zdr05_ysize3_6.csv
[2024-10-14T10:32:04.419472][INFO][seed126] PN(V1,V0) in [0.0, 0.0299722479185939] 
[2024-10-14T10:32:04.419658][INFO][seed163] PS(V1,V0) in [0.0, 0.765450963046363]
[2024-10-14T10:32:04.419995][INFO][seed154] Saved model to: /mnt/beegfs/rcabanas/dev/credici/papers/zeros/models/s3/simple_nparents1_nzr10_zdr05_ysize3_154.uai
[2024-10-14T10:32:04.420377][INFO][seed95] Saved data to: /mnt/beegfs/rcabanas/dev/credici/papers/zeros/models/s3/simple_nparents1_nzr10_zdr05_ysize3_95.csv
[2024-10-14T10:32:04.423513][INFO][seed43] PN(V1,V0) in [0.0, 1.0] 
[2024-10-14T10:32:04.423551][INFO][seed4] Saved queries to: /mnt/beegfs/rcabanas/dev/credici/papers/zeros/models/s3/simple_nparents1_nzr10_zdr05_ysize3_4_query.csv
[2024-10-14T10:32:04.423652][INFO][seed4] Closing log file
[2024-10-14T10:32:04.423679][INFO][seed4] Closed log file
[2024-10-14T10:32:04.426702][INFO][seed163] PN(V1,V0) in [0.0, 1.0] 
[2024-10-14T10:32:04.427236][INFO][seed154] Saved queries to: /mnt/beegfs/rcabanas/dev/credici/papers/zeros/models/s3/simple_nparents1_nzr10_zdr05_ysize3_154_query.csv
[2024-10-14T10:32:04.427549][INFO][seed154] Closing log file
[2024-10-14T10:32:04.426327][INFO][seed23] Saved model to: /mnt/beegfs/rcabanas/dev/credici/papers/zeros/models/s3/simple_nparents1_nzr10_zdr05_ysize3_23.uai
[2024-10-14T10:32:04.427636][INFO][seed154] Closed log file
[2024-10-14T10:32:04.429431][INFO][seed102] PS(V1,V0) in [0.0, 1.0]
[2024-10-14T10:32:04.430376][INFO][seed153] PN(V1,V0) in [0.0, 0.29644962990841806] 
[2024-10-14T10:32:04.431315][INFO][seed6] Saved model to: /mnt/beegfs/rcabanas/dev/credici/papers/zeros/models/s3/simple_nparents1_nzr10_zdr05_ysize3_6.uai
[2024-10-14T10:32:04.431299][INFO][seed42] PS(V1,V0) in [0.0, 1.0]
[2024-10-14T10:32:04.435220][INFO][seed95] Saved model to: /mnt/beegfs/rcabanas/dev/credici/papers/zeros/models/s3/simple_nparents1_nzr10_zdr05_ysize3_95.uai
[2024-10-14T10:32:04.438729][INFO][seed6] Saved queries to: /mnt/beegfs/rcabanas/dev/credici/papers/zeros/models/s3/simple_nparents1_nzr10_zdr05_ysize3_6_query.csv
[2024-10-14T10:32:04.439055][INFO][seed6] Closing log file
[2024-10-14T10:32:04.439142][INFO][seed6] Closed log file
[2024-10-14T10:32:04.440010][INFO][seed23] Saved queries to: /mnt/beegfs/rcabanas/dev/credici/papers/zeros/models/s3/simple_nparents1_nzr10_zdr05_ysize3_23_query.csv
[2024-10-14T10:32:04.440105][INFO][seed23] Closing log file
[2024-10-14T10:32:04.440130][INFO][seed23] Closed log file
[2024-10-14T10:32:04.435312][INFO][seed106] No feasible solution... resampling
[2024-10-14T10:32:04.446084][INFO][seed40] Saved data to: /mnt/beegfs/rcabanas/dev/credici/papers/zeros/models/s3/simple_nparents1_nzr10_zdr05_ysize3_40.csv
[2024-10-14T10:32:04.446627][INFO][seed101] PS(V1,V0) in [0.0, 1.0]
[2024-10-14T10:32:04.446884][INFO][seed42] PN(V1,V0) in [0.0, 0.011676568653009702] 
[2024-10-14T10:32:04.447350][INFO][seed102] PN(V1,V0) in [0.0, 0.01921256861631649] 
[2024-10-14T10:32:04.447977][INFO][seed95] Saved queries to: /mnt/beegfs/rcabanas/dev/credici/papers/zeros/models/s3/simple_nparents1_nzr10_zdr05_ysize3_95_query.csv
[2024-10-14T10:32:04.448076][INFO][seed95] Closing log file
[2024-10-14T10:32:04.448105][INFO][seed95] Closed log file
[2024-10-14T10:32:04.451258][INFO][seed11] PS(V1,V0) in [0.0, 1.0]
[2024-10-14T10:32:04.452945][INFO][seed67] PS(V1,V0) in [0.0, 0.02920632083761524]
[2024-10-14T10:32:04.453501][INFO][seed13] PS(V1,V0) in [0.0, 0.13258325323684064]
1 1.0 0.5 83
/mnt/beegfs/rcabanas/dev/credici/papers/zeros/code/GenerateNparents.java
[2024-10-14T10:32:04.458999][INFO][seed40] Saved model to: /mnt/beegfs/rcabanas/dev/credici/papers/zeros/models/s3/simple_nparents1_nzr10_zdr05_ysize3_40.uai
[2024-10-14T10:32:04.460907][INFO][seed101] PN(V1,V0) in [0.0, 0.561] 
['genn.py', '1', '1.0', '0.5', '162', '3']
[2024-10-14T10:32:04.462155][INFO][seed124] Saved data to: /mnt/beegfs/rcabanas/dev/credici/papers/zeros/models/s3/simple_nparents1_nzr10_zdr05_ysize3_124.csv
[2024-10-14T10:32:04.463078][INFO][seed112] Saved data to: /mnt/beegfs/rcabanas/dev/credici/papers/zeros/models/s3/simple_nparents1_nzr10_zdr05_ysize3_112.csv
[2024-10-14T10:32:04.465990][INFO][seed153] Saved data to: /mnt/beegfs/rcabanas/dev/credici/papers/zeros/models/s3/simple_nparents1_nzr10_zdr05_ysize3_153.csv
[2024-10-14T10:32:04.466106][INFO][seed126] Saved data to: /mnt/beegfs/rcabanas/dev/credici/papers/zeros/models/s3/simple_nparents1_nzr10_zdr05_ysize3_126.csv
[2024-10-14T10:32:04.466512][INFO][seed29] PS(V1,V0) in [0.0, 1.0]
[2024-10-14T10:32:04.466188][INFO][seed43] Saved data to: /mnt/beegfs/rcabanas/dev/credici/papers/zeros/models/s3/simple_nparents1_nzr10_zdr05_ysize3_43.csv
[2024-10-14T10:32:04.467404][INFO][seed40] Saved queries to: /mnt/beegfs/rcabanas/dev/credici/papers/zeros/models/s3/simple_nparents1_nzr10_zdr05_ysize3_40_query.csv
[2024-10-14T10:32:04.467675][INFO][seed40] Closing log file
[2024-10-14T10:32:04.467789][INFO][seed13] PN(V1,V0) in [0.0, 1.0] 
[2024-10-14T10:32:04.467782][INFO][seed40] Closed log file
[2024-10-14T10:32:04.470319][INFO][seed67] PN(V1,V0) in [0.0, 1.0] 
[2024-10-14T10:32:04.472429][INFO][seed11] PN(V1,V0) in [0.0, 0.07387642255513406] 
[2024-10-14T10:32:04.472964][INFO][seed9] PS(V1,V0) in [0.0, 1.0]
[2024-10-14T10:32:04.473049][INFO][seed163] Saved data to: /mnt/beegfs/rcabanas/dev/credici/papers/zeros/models/s3/simple_nparents1_nzr10_zdr05_ysize3_163.csv
[2024-10-14T10:32:04.474952][INFO][seed124] Saved model to: /mnt/beegfs/rcabanas/dev/credici/papers/zeros/models/s3/simple_nparents1_nzr10_zdr05_ysize3_124.uai
[2024-10-14T10:32:04.475262][INFO][seed112] Saved model to: /mnt/beegfs/rcabanas/dev/credici/papers/zeros/models/s3/simple_nparents1_nzr10_zdr05_ysize3_112.uai
[2024-10-14T10:32:04.478264][INFO][seed127] PS(V1,V0) in [0.0, 1.0]
[2024-10-14T10:32:04.478418][INFO][seed126] Saved model to: /mnt/beegfs/rcabanas/dev/credici/papers/zeros/models/s3/simple_nparents1_nzr10_zdr05_ysize3_126.uai
[2024-10-14T10:32:04.482432][INFO][seed112] Saved queries to: /mnt/beegfs/rcabanas/dev/credici/papers/zeros/models/s3/simple_nparents1_nzr10_zdr05_ysize3_112_query.csv
[2024-10-14T10:32:04.482713][INFO][seed112] Closing log file
[2024-10-14T10:32:04.482894][INFO][seed124] Saved queries to: /mnt/beegfs/rcabanas/dev/credici/papers/zeros/models/s3/simple_nparents1_nzr10_zdr05_ysize3_124_query.csv
[2024-10-14T10:32:04.482811][INFO][seed112] Closed log file
[2024-10-14T10:32:04.483250][INFO][seed124] Closing log file
[2024-10-14T10:32:04.483337][INFO][seed124] Closed log file
[2024-10-14T10:32:04.487405][INFO][seed9] PN(V1,V0) in [0.0, 0.060179941444233116] 
['genn.py', '1', '1.0', '0.5', '62', '3']
[2024-10-14T10:32:04.487675][INFO][seed12] PS(V1,V0) in [0.0, 0.25230739337413777]
[2024-10-14T10:32:04.490177][INFO][seed163] Saved model to: /mnt/beegfs/rcabanas/dev/credici/papers/zeros/models/s3/simple_nparents1_nzr10_zdr05_ysize3_163.uai
[2024-10-14T10:32:04.490168][INFO][seed126] Saved queries to: /mnt/beegfs/rcabanas/dev/credici/papers/zeros/models/s3/simple_nparents1_nzr10_zdr05_ysize3_126_query.csv
[2024-10-14T10:32:04.490415][INFO][seed153] Saved model to: /mnt/beegfs/rcabanas/dev/credici/papers/zeros/models/s3/simple_nparents1_nzr10_zdr05_ysize3_153.uai
[2024-10-14T10:32:04.490827][INFO][seed43] Saved model to: /mnt/beegfs/rcabanas/dev/credici/papers/zeros/models/s3/simple_nparents1_nzr10_zdr05_ysize3_43.uai
[2024-10-14T10:32:04.490496][INFO][seed126] Closing log file
[2024-10-14T10:32:04.490591][INFO][seed126] Closed log file
[2024-10-14T10:32:04.492825][INFO][seed29] PN(V1,V0) in [0.0, 0.003266639444671294] 
[2024-10-14T10:32:04.494392][INFO][seed153] Saved queries to: /mnt/beegfs/rcabanas/dev/credici/papers/zeros/models/s3/simple_nparents1_nzr10_zdr05_ysize3_153_query.csv
[2024-10-14T10:32:04.494539][INFO][seed153] Closing log file
[2024-10-14T10:32:04.494623][INFO][seed153] Closed log file
[2024-10-14T10:32:04.495438][INFO][seed102] Saved data to: /mnt/beegfs/rcabanas/dev/credici/papers/zeros/models/s3/simple_nparents1_nzr10_zdr05_ysize3_102.csv
[2024-10-14T10:32:04.496130][INFO][seed42] Saved data to: /mnt/beegfs/rcabanas/dev/credici/papers/zeros/models/s3/simple_nparents1_nzr10_zdr05_ysize3_42.csv
1 1.0 0.5 162
/mnt/beegfs/rcabanas/dev/credici/papers/zeros/code/GenerateNparents.java
[2024-10-14T10:32:04.504883][INFO][seed163] Saved queries to: /mnt/beegfs/rcabanas/dev/credici/papers/zeros/models/s3/simple_nparents1_nzr10_zdr05_ysize3_163_query.csv
[2024-10-14T10:32:04.504998][INFO][seed163] Closing log file
[2024-10-14T10:32:04.505026][INFO][seed163] Closed log file
[2024-10-14T10:32:04.499249][INFO][seed5] PS(V1,V0) in [0.9724671459058744, 1.0]
[2024-10-14T10:32:04.505042][INFO][seed43] Saved queries to: /mnt/beegfs/rcabanas/dev/credici/papers/zeros/models/s3/simple_nparents1_nzr10_zdr05_ysize3_43_query.csv
[2024-10-14T10:32:04.505138][INFO][seed43] Closing log file
[2024-10-14T10:32:04.505179][INFO][seed43] Closed log file
[2024-10-14T10:32:04.506078][INFO][seed101] Saved data to: /mnt/beegfs/rcabanas/dev/credici/papers/zeros/models/s3/simple_nparents1_nzr10_zdr05_ysize3_101.csv
[2024-10-14T10:32:04.508696][INFO][seed127] PN(V1,V0) in [0.0, 0.7539845709866646] 
[2024-10-14T10:32:04.508366][INFO][seed12] PN(V1,V0) in [0.0, 1.0] 
[2024-10-14T10:32:04.508632][INFO][seed38] Sampled 1100 data instances
[2024-10-14T10:32:04.509093][INFO][seed38] Starting exact inference 
[2024-10-14T10:32:04.517123][INFO][seed102] Saved model to: /mnt/beegfs/rcabanas/dev/credici/papers/zeros/models/s3/simple_nparents1_nzr10_zdr05_ysize3_102.uai
[2024-10-14T10:32:04.524014][INFO][seed106] Sampled 1100 data instances
[2024-10-14T10:32:04.524413][INFO][seed106] Starting exact inference 
[2024-10-14T10:32:04.523084][INFO][seed102] Saved queries to: /mnt/beegfs/rcabanas/dev/credici/papers/zeros/models/s3/simple_nparents1_nzr10_zdr05_ysize3_102_query.csv
[2024-10-14T10:32:04.523388][INFO][seed102] Closing log file
[2024-10-14T10:32:04.523479][INFO][seed102] Closed log file
[2024-10-14T10:32:04.526028][INFO][seed67] Saved data to: /mnt/beegfs/rcabanas/dev/credici/papers/zeros/models/s3/simple_nparents1_nzr10_zdr05_ysize3_67.csv
[2024-10-14T10:32:04.526068][INFO][seed13] Saved data to: /mnt/beegfs/rcabanas/dev/credici/papers/zeros/models/s3/simple_nparents1_nzr10_zdr05_ysize3_13.csv
[2024-10-14T10:32:04.526104][INFO][seed11] Saved data to: /mnt/beegfs/rcabanas/dev/credici/papers/zeros/models/s3/simple_nparents1_nzr10_zdr05_ysize3_11.csv
1 1.0 0.5 62
/mnt/beegfs/rcabanas/dev/credici/papers/zeros/code/GenerateNparents.java
['genn.py', '1', '1.0', '0.5', '114', '3']
[2024-10-14T10:32:04.526515][INFO][seed5] PN(V1,V0) in [0.7064841542651393, 0.7264863982700762] 
[2024-10-14T10:32:04.529804][INFO][seed42] Saved model to: /mnt/beegfs/rcabanas/dev/credici/papers/zeros/models/s3/simple_nparents1_nzr10_zdr05_ysize3_42.uai
[2024-10-14T10:32:04.530358][INFO][seed101] Saved model to: /mnt/beegfs/rcabanas/dev/credici/papers/zeros/models/s3/simple_nparents1_nzr10_zdr05_ysize3_101.uai
[2024-10-14T10:32:04.543996][INFO][seed101] Saved queries to: /mnt/beegfs/rcabanas/dev/credici/papers/zeros/models/s3/simple_nparents1_nzr10_zdr05_ysize3_101_query.csv
[2024-10-14T10:32:04.544094][INFO][seed101] Closing log file
[2024-10-14T10:32:04.544120][INFO][seed101] Closed log file
[2024-10-14T10:32:04.544245][INFO][seed42] Saved queries to: /mnt/beegfs/rcabanas/dev/credici/papers/zeros/models/s3/simple_nparents1_nzr10_zdr05_ysize3_42_query.csv
[2024-10-14T10:32:04.544352][INFO][seed42] Closing log file
[2024-10-14T10:32:04.544378][INFO][seed42] Closed log file
[2024-10-14T10:32:04.545044][INFO][seed29] Saved data to: /mnt/beegfs/rcabanas/dev/credici/papers/zeros/models/s3/simple_nparents1_nzr10_zdr05_ysize3_29.csv
[2024-10-14T10:32:04.546062][INFO][seed9] Saved data to: /mnt/beegfs/rcabanas/dev/credici/papers/zeros/models/s3/simple_nparents1_nzr10_zdr05_ysize3_9.csv
[2024-10-14T10:32:04.555103][INFO][seed67] Saved model to: /mnt/beegfs/rcabanas/dev/credici/papers/zeros/models/s3/simple_nparents1_nzr10_zdr05_ysize3_67.uai
[2024-10-14T10:32:04.557752][INFO][seed11] Saved model to: /mnt/beegfs/rcabanas/dev/credici/papers/zeros/models/s3/simple_nparents1_nzr10_zdr05_ysize3_11.uai
[2024-10-14T10:32:04.557627][INFO][seed13] Saved model to: /mnt/beegfs/rcabanas/dev/credici/papers/zeros/models/s3/simple_nparents1_nzr10_zdr05_ysize3_13.uai
[2024-10-14T10:32:04.558183][INFO][seed29] Saved model to: /mnt/beegfs/rcabanas/dev/credici/papers/zeros/models/s3/simple_nparents1_nzr10_zdr05_ysize3_29.uai
[2024-10-14T10:32:04.560351][INFO][seed67] Saved queries to: /mnt/beegfs/rcabanas/dev/credici/papers/zeros/models/s3/simple_nparents1_nzr10_zdr05_ysize3_67_query.csv
[2024-10-14T10:32:04.560544][INFO][seed67] Closing log file
[2024-10-14T10:32:04.560635][INFO][seed67] Closed log file
[2024-10-14T10:32:04.565972][INFO][seed127] Saved data to: /mnt/beegfs/rcabanas/dev/credici/papers/zeros/models/s3/simple_nparents1_nzr10_zdr05_ysize3_127.csv
[2024-10-14T10:32:04.566096][INFO][seed12] Saved data to: /mnt/beegfs/rcabanas/dev/credici/papers/zeros/models/s3/simple_nparents1_nzr10_zdr05_ysize3_12.csv
1 1.0 0.5 114
[2024-10-14T10:32:04.566344][INFO][seed9] Saved model to: /mnt/beegfs/rcabanas/dev/credici/papers/zeros/models/s3/simple_nparents1_nzr10_zdr05_ysize3_9.uai
/mnt/beegfs/rcabanas/dev/credici/papers/zeros/code/GenerateNparents.java
[2024-10-14T10:32:04.567408][INFO][seed13] Saved queries to: /mnt/beegfs/rcabanas/dev/credici/papers/zeros/models/s3/simple_nparents1_nzr10_zdr05_ysize3_13_query.csv
[2024-10-14T10:32:04.567504][INFO][seed13] Closing log file
[2024-10-14T10:32:04.567528][INFO][seed13] Closed log file
[2024-10-14T10:32:04.568422][INFO][seed11] Saved queries to: /mnt/beegfs/rcabanas/dev/credici/papers/zeros/models/s3/simple_nparents1_nzr10_zdr05_ysize3_11_query.csv
[2024-10-14T10:32:04.568529][INFO][seed11] Closing log file
[2024-10-14T10:32:04.568556][INFO][seed11] Closed log file
[2024-10-14T10:32:04.568654][INFO][seed29] Saved queries to: /mnt/beegfs/rcabanas/dev/credici/papers/zeros/models/s3/simple_nparents1_nzr10_zdr05_ysize3_29_query.csv
[2024-10-14T10:32:04.568771][INFO][seed29] Closing log file
[2024-10-14T10:32:04.568797][INFO][seed29] Closed log file
[2024-10-14T10:32:04.571602][INFO][seed9] Saved queries to: /mnt/beegfs/rcabanas/dev/credici/papers/zeros/models/s3/simple_nparents1_nzr10_zdr05_ysize3_9_query.csv
[2024-10-14T10:32:04.571720][INFO][seed9] Closing log file
[2024-10-14T10:32:04.571759][INFO][seed9] Closed log file
[2024-10-14T10:32:04.575440][INFO][seed5] Saved data to: /mnt/beegfs/rcabanas/dev/credici/papers/zeros/models/s3/simple_nparents1_nzr10_zdr05_ysize3_5.csv
['genn.py', '1', '1.0', '0.5', '170', '3']
[2024-10-14T10:32:04.556938][INFO][seed96] Set up logging
[2024-10-14T10:32:04.579864][INFO][seed96] args: -np;1;-nzr;1.0;-zdr;0.5;-o;/mnt/beegfs/rcabanas/dev/credici/papers/zeros/models/s3;-rw;-s;96;-ys;3
[2024-10-14T10:32:04.581376][INFO][seed96] Starting logger with seed 96
[2024-10-14T10:32:04.585803][INFO][seed96] simple_nparents1_nzr10_zdr05_ysize3_96
[2024-10-14T10:32:04.586382][INFO][seed12] Saved model to: /mnt/beegfs/rcabanas/dev/credici/papers/zeros/models/s3/simple_nparents1_nzr10_zdr05_ysize3_12.uai
[2024-10-14T10:32:04.588246][INFO][seed41] PS(V1,V0) in [0.0, 1.0]
[2024-10-14T10:32:04.588988][INFO][seed127] Saved model to: /mnt/beegfs/rcabanas/dev/credici/papers/zeros/models/s3/simple_nparents1_nzr10_zdr05_ysize3_127.uai
['genn.py', '1', '1.0', '0.5', '191', '3']
[2024-10-14T10:32:04.591148][INFO][seed18] PS(V1,V0) in [0.0, 0.19639674670295842]
['genn.py', '1', '1.0', '0.5', '7', '3']
[2024-10-14T10:32:04.602674][INFO][seed12] Saved queries to: /mnt/beegfs/rcabanas/dev/credici/papers/zeros/models/s3/simple_nparents1_nzr10_zdr05_ysize3_12_query.csv
[2024-10-14T10:32:04.602799][INFO][seed12] Closing log file
[2024-10-14T10:32:04.602825][INFO][seed12] Closed log file
[2024-10-14T10:32:04.603681][INFO][seed127] Saved queries to: /mnt/beegfs/rcabanas/dev/credici/papers/zeros/models/s3/simple_nparents1_nzr10_zdr05_ysize3_127_query.csv
[2024-10-14T10:32:04.603791][INFO][seed127] Closing log file
[2024-10-14T10:32:04.603817][INFO][seed127] Closed log file
['genn.py', '1', '1.0', '0.5', '99', '3']
[2024-10-14T10:32:04.610298][INFO][seed5] Saved model to: /mnt/beegfs/rcabanas/dev/credici/papers/zeros/models/s3/simple_nparents1_nzr10_zdr05_ysize3_5.uai
[2024-10-14T10:32:04.614693][INFO][seed18] PN(V1,V0) in [0.0, 1.0] 
1 1.0 0.5 170
/mnt/beegfs/rcabanas/dev/credici/papers/zeros/code/GenerateNparents.java
[2024-10-14T10:32:04.615901][INFO][seed5] Saved queries to: /mnt/beegfs/rcabanas/dev/credici/papers/zeros/models/s3/simple_nparents1_nzr10_zdr05_ysize3_5_query.csv
[2024-10-14T10:32:04.616182][INFO][seed5] Closing log file
[2024-10-14T10:32:04.616287][INFO][seed5] Closed log file
[2024-10-14T10:32:04.623403][INFO][seed41] PN(V1,V0) in [0.0, 0.21401343256489377] 
1 1.0 0.5 191
/mnt/beegfs/rcabanas/dev/credici/papers/zeros/code/GenerateNparents.java
[2024-10-14T10:32:04.632327][INFO][seed81] PS(V1,V0) in [0.12823112012164217, 1.0]
1 1.0 0.5 7
/mnt/beegfs/rcabanas/dev/credici/papers/zeros/code/GenerateNparents.java
[2024-10-14T10:32:04.636393][INFO][seed159] PS(V1,V0) in [0.0, 0.356940238432936]
[2024-10-14T10:32:04.643302][INFO][seed81] PN(V1,V0) in [0.07140522875816994, 0.55684789067142] 
1 1.0 0.5 99
/mnt/beegfs/rcabanas/dev/credici/papers/zeros/code/GenerateNparents.java
[2024-10-14T10:32:04.635729][INFO][seed164] Set up logging
[2024-10-14T10:32:04.647734][INFO][seed164] args: -np;1;-nzr;1.0;-zdr;0.5;-o;/mnt/beegfs/rcabanas/dev/credici/papers/zeros/models/s3;-rw;-s;164;-ys;3
[2024-10-14T10:32:04.653751][INFO][seed53] PS(V1,V0) in [0.9220063025210083, 1.0]
[2024-10-14T10:32:04.654913][INFO][seed10] PS(V1,V0) in [0.0, 0.1725490865048362]
[2024-10-14T10:32:04.656989][INFO][seed164] Starting logger with seed 164
[2024-10-14T10:32:04.657432][INFO][seed41] Saved data to: /mnt/beegfs/rcabanas/dev/credici/papers/zeros/models/s3/simple_nparents1_nzr10_zdr05_ysize3_41.csv
[2024-10-14T10:32:04.659833][INFO][seed159] PN(V1,V0) in [0.0, 1.0] 
[2024-10-14T10:32:04.662695][INFO][seed164] simple_nparents1_nzr10_zdr05_ysize3_164
[2024-10-14T10:32:04.663970][INFO][seed18] Saved data to: /mnt/beegfs/rcabanas/dev/credici/papers/zeros/models/s3/simple_nparents1_nzr10_zdr05_ysize3_18.csv
[2024-10-14T10:32:04.665371][INFO][seed10] PN(V1,V0) in [0.0, 1.0] 
[2024-10-14T10:32:04.666575][INFO][seed53] PN(V1,V0) in [0.7863549587790494, 0.8528737348421018] 
[2024-10-14T10:32:04.669081][INFO][seed68] PS(V1,V0) in [0.0, 0.12147517118671484]
[2024-10-14T10:32:04.678396][INFO][seed68] PN(V1,V0) in [0.0, 1.0] 
['genn.py', '1', '1.0', '0.5', '19', '3']
[2024-10-14T10:32:04.678998][INFO][seed18] Saved model to: /mnt/beegfs/rcabanas/dev/credici/papers/zeros/models/s3/simple_nparents1_nzr10_zdr05_ysize3_18.uai
[2024-10-14T10:32:04.679363][INFO][seed41] Saved model to: /mnt/beegfs/rcabanas/dev/credici/papers/zeros/models/s3/simple_nparents1_nzr10_zdr05_ysize3_41.uai
[2024-10-14T10:32:04.669251][INFO][seed156] Set up logging
[2024-10-14T10:32:04.683231][INFO][seed156] args: -np;1;-nzr;1.0;-zdr;0.5;-o;/mnt/beegfs/rcabanas/dev/credici/papers/zeros/models/s3;-rw;-s;156;-ys;3
[2024-10-14T10:32:04.683811][INFO][seed18] Saved queries to: /mnt/beegfs/rcabanas/dev/credici/papers/zeros/models/s3/simple_nparents1_nzr10_zdr05_ysize3_18_query.csv
[2024-10-14T10:32:04.684043][INFO][seed18] Closing log file
[2024-10-14T10:32:04.684131][INFO][seed18] Closed log file
[2024-10-14T10:32:04.685981][INFO][seed81] Saved data to: /mnt/beegfs/rcabanas/dev/credici/papers/zeros/models/s3/simple_nparents1_nzr10_zdr05_ysize3_81.csv
[2024-10-14T10:32:04.686937][INFO][seed94] PS(V1,V0) in [0.0, 1.0]
[2024-10-14T10:32:04.691431][INFO][seed41] Saved queries to: /mnt/beegfs/rcabanas/dev/credici/papers/zeros/models/s3/simple_nparents1_nzr10_zdr05_ysize3_41_query.csv
[2024-10-14T10:32:04.691713][INFO][seed41] Closing log file
[2024-10-14T10:32:04.691813][INFO][seed41] Closed log file
[2024-10-14T10:32:04.693043][INFO][seed110] PS(V1,V0) in [0.11778770990821975, 0.957071125089665]
[2024-10-14T10:32:04.693447][INFO][seed156] Starting logger with seed 156
[2024-10-14T10:32:04.698788][INFO][seed156] simple_nparents1_nzr10_zdr05_ysize3_156
[2024-10-14T10:32:04.701841][INFO][seed94] PN(V1,V0) in [0.0, 0.89799747134875] 
[2024-10-14T10:32:04.707841][INFO][seed81] Saved model to: /mnt/beegfs/rcabanas/dev/credici/papers/zeros/models/s3/simple_nparents1_nzr10_zdr05_ysize3_81.uai
[2024-10-14T10:32:04.709090][INFO][seed110] PN(V1,V0) in [0.12307100989718457, 1.0] 
[2024-10-14T10:32:04.715130][INFO][seed68] Saved data to: /mnt/beegfs/rcabanas/dev/credici/papers/zeros/models/s3/simple_nparents1_nzr10_zdr05_ysize3_68.csv
[2024-10-14T10:32:04.715406][INFO][seed53] Saved data to: /mnt/beegfs/rcabanas/dev/credici/papers/zeros/models/s3/simple_nparents1_nzr10_zdr05_ysize3_53.csv
[2024-10-14T10:32:04.715385][INFO][seed10] Saved data to: /mnt/beegfs/rcabanas/dev/credici/papers/zeros/models/s3/simple_nparents1_nzr10_zdr05_ysize3_10.csv
1 1.0 0.5 19
/mnt/beegfs/rcabanas/dev/credici/papers/zeros/code/GenerateNparents.java
[2024-10-14T10:32:04.722004][INFO][seed159] Saved data to: /mnt/beegfs/rcabanas/dev/credici/papers/zeros/models/s3/simple_nparents1_nzr10_zdr05_ysize3_159.csv
[2024-10-14T10:32:04.722283][INFO][seed81] Saved queries to: /mnt/beegfs/rcabanas/dev/credici/papers/zeros/models/s3/simple_nparents1_nzr10_zdr05_ysize3_81_query.csv
[2024-10-14T10:32:04.722387][INFO][seed81] Closing log file
[2024-10-14T10:32:04.722413][INFO][seed81] Closed log file
[2024-10-14T10:32:04.723031][INFO][seed69] PS(V1,V0) in [0.9463599924450694, 0.9956559148811147]
[2024-10-14T10:32:04.734492][INFO][seed68] Saved model to: /mnt/beegfs/rcabanas/dev/credici/papers/zeros/models/s3/simple_nparents1_nzr10_zdr05_ysize3_68.uai
[2024-10-14T10:32:04.735573][INFO][seed69] PN(V1,V0) in [0.9504889975550121, 1.0] 
[2024-10-14T10:32:04.735954][INFO][seed53] Saved model to: /mnt/beegfs/rcabanas/dev/credici/papers/zeros/models/s3/simple_nparents1_nzr10_zdr05_ysize3_53.uai
[2024-10-14T10:32:04.736821][INFO][seed10] Saved model to: /mnt/beegfs/rcabanas/dev/credici/papers/zeros/models/s3/simple_nparents1_nzr10_zdr05_ysize3_10.uai
[2024-10-14T10:32:04.738367][INFO][seed159] Saved model to: /mnt/beegfs/rcabanas/dev/credici/papers/zeros/models/s3/simple_nparents1_nzr10_zdr05_ysize3_159.uai
[2024-10-14T10:32:04.738984][INFO][seed68] Saved queries to: /mnt/beegfs/rcabanas/dev/credici/papers/zeros/models/s3/simple_nparents1_nzr10_zdr05_ysize3_68_query.csv
[2024-10-14T10:32:04.739126][INFO][seed68] Closing log file
[2024-10-14T10:32:04.739211][INFO][seed68] Closed log file
[2024-10-14T10:32:04.740142][INFO][seed53] Saved queries to: /mnt/beegfs/rcabanas/dev/credici/papers/zeros/models/s3/simple_nparents1_nzr10_zdr05_ysize3_53_query.csv
[2024-10-14T10:32:04.740306][INFO][seed53] Closing log file
[2024-10-14T10:32:04.740393][INFO][seed53] Closed log file
[2024-10-14T10:32:04.744480][INFO][seed106] PS(V1,V0) in [0.0, 0.23283931357254292]
[2024-10-14T10:32:04.745255][INFO][seed10] Saved queries to: /mnt/beegfs/rcabanas/dev/credici/papers/zeros/models/s3/simple_nparents1_nzr10_zdr05_ysize3_10_query.csv
[2024-10-14T10:32:04.745341][INFO][seed10] Closing log file
[2024-10-14T10:32:04.745368][INFO][seed10] Closed log file
[2024-10-14T10:32:04.745948][INFO][seed94] Saved data to: /mnt/beegfs/rcabanas/dev/credici/papers/zeros/models/s3/simple_nparents1_nzr10_zdr05_ysize3_94.csv
[2024-10-14T10:32:04.749408][INFO][seed159] Saved queries to: /mnt/beegfs/rcabanas/dev/credici/papers/zeros/models/s3/simple_nparents1_nzr10_zdr05_ysize3_159_query.csv
[2024-10-14T10:32:04.749707][INFO][seed159] Closing log file
[2024-10-14T10:32:04.749769][INFO][seed159] Closed log file
[2024-10-14T10:32:04.753641][INFO][seed110] Saved data to: /mnt/beegfs/rcabanas/dev/credici/papers/zeros/models/s3/simple_nparents1_nzr10_zdr05_ysize3_110.csv
[2024-10-14T10:32:04.758034][INFO][seed38] PS(V1,V0) in [0.0, 0.650838279704259]
['genn.py', '1', '1.0', '0.5', '180', '3']
[2024-10-14T10:32:04.761760][INFO][seed96] U cardinality: 9
[2024-10-14T10:32:04.764951][INFO][seed94] Saved model to: /mnt/beegfs/rcabanas/dev/credici/papers/zeros/models/s3/simple_nparents1_nzr10_zdr05_ysize3_94.uai
[2024-10-14T10:32:04.765836][INFO][seed96] !0 = [0, 1, 2, 3, 4, 5, 6, 7, 8]
[2024-10-14T10:32:04.766108][INFO][seed96] 0 = []
[2024-10-14T10:32:04.767610][INFO][seed96] U cardinality: 9
[2024-10-14T10:32:04.767662][INFO][seed110] Saved model to: /mnt/beegfs/rcabanas/dev/credici/papers/zeros/models/s3/simple_nparents1_nzr10_zdr05_ysize3_110.uai
[2024-10-14T10:32:04.768055][INFO][seed106] PN(V1,V0) in [0.0, 1.0] 
[2024-10-14T10:32:04.768902][INFO][seed94] Saved queries to: /mnt/beegfs/rcabanas/dev/credici/papers/zeros/models/s3/simple_nparents1_nzr10_zdr05_ysize3_94_query.csv
[2024-10-14T10:32:04.769269][INFO][seed38] PN(V1,V0) in [0.0, 1.0] 
[2024-10-14T10:32:04.769008][INFO][seed94] Closing log file
[2024-10-14T10:32:04.769094][INFO][seed94] Closed log file
[2024-10-14T10:32:04.772218][INFO][seed110] Saved queries to: /mnt/beegfs/rcabanas/dev/credici/papers/zeros/models/s3/simple_nparents1_nzr10_zdr05_ysize3_110_query.csv
[2024-10-14T10:32:04.772389][INFO][seed110] Closing log file
[2024-10-14T10:32:04.772477][INFO][seed110] Closed log file
[2024-10-14T10:32:04.774680][INFO][seed96] 
[P([3]) [0.192, 0.808], P([2]) [0.014, 0.074, 0.011, 0.167, 0.01, 0.004, 0.662, 0.041, 0.017], P([1, 3]) [1.0, 0.0, 0.0, 1.0], P([0, 1, 2]) [1.0, 0.0, 0.0, 1.0, 0.0, 0.0, 1.0, 0.0, 0.0, 0.0, 1.0, 0.0, 1.0, 0.0, 0.0, 0.0, 0.0, 1.0, 0.0, 1.0, 0.0, 1.0, 0.0, 0.0, 0.0, 1.0, 0.0, 0.0, 1.0, 0.0, 0.0, 1.0, 0.0, 0.0, 0.0, 1.0, 0.0, 0.0, 1.0, 1.0, 0.0, 0.0, 0.0, 0.0, 1.0, 0.0, 1.0, 0.0, 0.0, 0.0, 1.0, 0.0, 0.0, 1.0]]

[2024-10-14T10:32:04.780861][INFO][seed69] Saved data to: /mnt/beegfs/rcabanas/dev/credici/papers/zeros/models/s3/simple_nparents1_nzr10_zdr05_ysize3_69.csv
1 1.0 0.5 180
/mnt/beegfs/rcabanas/dev/credici/papers/zeros/code/GenerateNparents.java
[2024-10-14T10:32:04.799188][INFO][seed69] Saved model to: /mnt/beegfs/rcabanas/dev/credici/papers/zeros/models/s3/simple_nparents1_nzr10_zdr05_ysize3_69.uai
[2024-10-14T10:32:04.803454][INFO][seed69] Saved queries to: /mnt/beegfs/rcabanas/dev/credici/papers/zeros/models/s3/simple_nparents1_nzr10_zdr05_ysize3_69_query.csv
[2024-10-14T10:32:04.803549][INFO][seed69] Closing log file
[2024-10-14T10:32:04.803633][INFO][seed69] Closed log file
['genn.py', '1', '1.0', '0.5', '151', '3']
[2024-10-14T10:32:04.805980][INFO][seed106] Saved data to: /mnt/beegfs/rcabanas/dev/credici/papers/zeros/models/s3/simple_nparents1_nzr10_zdr05_ysize3_106.csv
[2024-10-14T10:32:04.813560][INFO][seed38] Saved data to: /mnt/beegfs/rcabanas/dev/credici/papers/zeros/models/s3/simple_nparents1_nzr10_zdr05_ysize3_38.csv
[2024-10-14T10:32:04.822769][INFO][seed106] Saved model to: /mnt/beegfs/rcabanas/dev/credici/papers/zeros/models/s3/simple_nparents1_nzr10_zdr05_ysize3_106.uai
[2024-10-14T10:32:04.828399][INFO][seed38] Saved model to: /mnt/beegfs/rcabanas/dev/credici/papers/zeros/models/s3/simple_nparents1_nzr10_zdr05_ysize3_38.uai
['genn.py', '1', '1.0', '0.5', '86', '3']
[2024-10-14T10:32:04.836063][INFO][seed38] Saved queries to: /mnt/beegfs/rcabanas/dev/credici/papers/zeros/models/s3/simple_nparents1_nzr10_zdr05_ysize3_38_query.csv
[2024-10-14T10:32:04.836114][INFO][seed38] Closing log file
[2024-10-14T10:32:04.836139][INFO][seed38] Closed log file
[2024-10-14T10:32:04.836142][INFO][seed106] Saved queries to: /mnt/beegfs/rcabanas/dev/credici/papers/zeros/models/s3/simple_nparents1_nzr10_zdr05_ysize3_106_query.csv
[2024-10-14T10:32:04.836262][INFO][seed106] Closing log file
[2024-10-14T10:32:04.836288][INFO][seed106] Closed log file
1 1.0 0.5 151
/mnt/beegfs/rcabanas/dev/credici/papers/zeros/code/GenerateNparents.java
1 1.0 0.5 86
/mnt/beegfs/rcabanas/dev/credici/papers/zeros/code/GenerateNparents.java
[2024-10-14T10:32:04.884599][INFO][seed164] U cardinality: 9
[2024-10-14T10:32:04.889136][INFO][seed164] !0 = [0, 1, 2, 3, 4, 5, 6, 7, 8]
[2024-10-14T10:32:04.889406][INFO][seed164] 0 = []
[2024-10-14T10:32:04.891660][INFO][seed164] U cardinality: 9
[2024-10-14T10:32:04.898088][INFO][seed156] U cardinality: 9
[2024-10-14T10:32:04.898191][INFO][seed164] 
[P([3]) [0.789, 0.211], P([2]) [0.089, 0.002, 0.02, 0.195, 0.001, 0.002, 0.052, 0.514, 0.125], P([1, 3]) [1.0, 0.0, 0.0, 1.0], P([0, 1, 2]) [1.0, 0.0, 0.0, 1.0, 0.0, 0.0, 1.0, 0.0, 0.0, 0.0, 1.0, 0.0, 1.0, 0.0, 0.0, 0.0, 0.0, 1.0, 0.0, 1.0, 0.0, 1.0, 0.0, 0.0, 0.0, 1.0, 0.0, 0.0, 1.0, 0.0, 0.0, 1.0, 0.0, 0.0, 0.0, 1.0, 0.0, 0.0, 1.0, 1.0, 0.0, 0.0, 0.0, 0.0, 1.0, 0.0, 1.0, 0.0, 0.0, 0.0, 1.0, 0.0, 0.0, 1.0]]

[2024-10-14T10:32:04.902500][INFO][seed156] !0 = [0, 1, 2, 3, 4, 5, 6, 7, 8]
[2024-10-14T10:32:04.902804][INFO][seed156] 0 = []
[2024-10-14T10:32:04.906174][INFO][seed156] U cardinality: 9
[2024-10-14T10:32:04.913011][INFO][seed156] 
[P([3]) [0.689, 0.311], P([2]) [0.12, 0.001, 0.002, 0.001, 0.001, 0.005, 0.202, 0.291, 0.377], P([1, 3]) [1.0, 0.0, 0.0, 1.0], P([0, 1, 2]) [1.0, 0.0, 0.0, 1.0, 0.0, 0.0, 1.0, 0.0, 0.0, 0.0, 1.0, 0.0, 1.0, 0.0, 0.0, 0.0, 0.0, 1.0, 0.0, 1.0, 0.0, 1.0, 0.0, 0.0, 0.0, 1.0, 0.0, 0.0, 1.0, 0.0, 0.0, 1.0, 0.0, 0.0, 0.0, 1.0, 0.0, 0.0, 1.0, 1.0, 0.0, 0.0, 0.0, 0.0, 1.0, 0.0, 1.0, 0.0, 0.0, 0.0, 1.0, 0.0, 0.0, 1.0]]

['genn.py', '1', '1.0', '0.5', '36', '3']
['genn.py', '1', '1.0', '0.5', '166', '3']
['genn.py', '1', '1.0', '0.5', '149', '3']
1 1.0 0.5 36
/mnt/beegfs/rcabanas/dev/credici/papers/zeros/code/GenerateNparents.java
[2024-10-14T10:32:04.956910][INFO][seed96] Sampled 1000 data instances
1 1.0 0.5 166
/mnt/beegfs/rcabanas/dev/credici/papers/zeros/code/GenerateNparents.java
[2024-10-14T10:32:04.957169][INFO][seed96] Starting exact inference 
1 1.0 0.5 149
/mnt/beegfs/rcabanas/dev/credici/papers/zeros/code/GenerateNparents.java
['genn.py', '1', '1.0', '0.5', '116', '3']
1 1.0 0.5 116
/mnt/beegfs/rcabanas/dev/credici/papers/zeros/code/GenerateNparents.java
['genn.py', '1', '1.0', '0.5', '91', '3']
['genn.py', '1', '1.0', '0.5', '144', '3']
[2024-10-14T10:32:05.095901][INFO][seed164] Sampled 1000 data instances
[2024-10-14T10:32:05.096164][INFO][seed164] Starting exact inference 
['genn.py', '1', '1.0', '0.5', '131', '3']
1 1.0 0.5 91
/mnt/beegfs/rcabanas/dev/credici/papers/zeros/code/GenerateNparents.java
1 1.0 0.5 144
/mnt/beegfs/rcabanas/dev/credici/papers/zeros/code/GenerateNparents.java
[2024-10-14T10:32:05.121691][INFO][seed156] Sampled 1000 data instances
[2024-10-14T10:32:05.121927][INFO][seed156] Starting exact inference 
1 1.0 0.5 131
/mnt/beegfs/rcabanas/dev/credici/papers/zeros/code/GenerateNparents.java
['genn.py', '1', '1.0', '0.5', '14', '3']
['genn.py', '1', '1.0', '0.5', '111', '3']
1 1.0 0.5 14
/mnt/beegfs/rcabanas/dev/credici/papers/zeros/code/GenerateNparents.java
1 1.0 0.5 111
/mnt/beegfs/rcabanas/dev/credici/papers/zeros/code/GenerateNparents.java
['genn.py', '1', '1.0', '0.5', '64', '3']
1 1.0 0.5 64
/mnt/beegfs/rcabanas/dev/credici/papers/zeros/code/GenerateNparents.java
['genn.py', '1', '1.0', '0.5', '39', '3']
1 1.0 0.5 39
/mnt/beegfs/rcabanas/dev/credici/papers/zeros/code/GenerateNparents.java
['genn.py', '1', '1.0', '0.5', '137', '3']
['genn.py', '1', '1.0', '0.5', '63', '3']
['genn.py', '1', '1.0', '0.5', '80', '3']
1 1.0 0.5 80
1 1.0 0.5 137
1 1.0 0.5 63
/mnt/beegfs/rcabanas/dev/credici/papers/zeros/code/GenerateNparents.java
/mnt/beegfs/rcabanas/dev/credici/papers/zeros/code/GenerateNparents.java
/mnt/beegfs/rcabanas/dev/credici/papers/zeros/code/GenerateNparents.java
['genn.py', '1', '1.0', '0.5', '157', '3']
1 1.0 0.5 157
/mnt/beegfs/rcabanas/dev/credici/papers/zeros/code/GenerateNparents.java
['genn.py', '1', '1.0', '0.5', '87', '3']
1 1.0 0.5 87
/mnt/beegfs/rcabanas/dev/credici/papers/zeros/code/GenerateNparents.java
['genn.py', '1', '1.0', '0.5', '165', '3']
['genn.py', '1', '1.0', '0.5', '66', '3']
['genn.py', '1', '1.0', '0.5', '20', '3']
['genn.py', '1', '1.0', '0.5', '145', '3']
['genn.py', '1', '1.0', '0.5', '109', '3']
['genn.py', '1', '1.0', '0.5', '30', '3']
1 1.0 0.5 165
/mnt/beegfs/rcabanas/dev/credici/papers/zeros/code/GenerateNparents.java
Removed 000
Removed 000
Removed 000
Removed 000
Removed 000
Removed 000
Removed 000
Removed 000
Removed 000
Removed 000
Removed 000
Removed 000
1 1.0 0.5 66
1 1.0 0.5 20
/mnt/beegfs/rcabanas/dev/credici/papers/zeros/code/GenerateNparents.java
1 1.0 0.5 145
/mnt/beegfs/rcabanas/dev/credici/papers/zeros/code/GenerateNparents.java
/mnt/beegfs/rcabanas/dev/credici/papers/zeros/code/GenerateNparents.java
Error in variable: 2
[2024-10-14T10:32:05.860898][INFO][seed96] No feasible solution... resampling
['genn.py', '1', '1.0', '0.5', '173', '3']
1 1.0 0.5 109
/mnt/beegfs/rcabanas/dev/credici/papers/zeros/code/GenerateNparents.java
['genn.py', '1', '1.0', '0.5', '59', '3']
['genn.py', '1', '1.0', '0.5', '128', '3']
1 1.0 0.5 30
/mnt/beegfs/rcabanas/dev/credici/papers/zeros/code/GenerateNparents.java
1 1.0 0.5 173
/mnt/beegfs/rcabanas/dev/credici/papers/zeros/code/GenerateNparents.java
1 1.0 0.5 59
/mnt/beegfs/rcabanas/dev/credici/papers/zeros/code/GenerateNparents.java
1 1.0 0.5 128
/mnt/beegfs/rcabanas/dev/credici/papers/zeros/code/GenerateNparents.java
['genn.py', '1', '1.0', '0.5', '31', '3']
['genn.py', '1', '1.0', '0.5', '24', '3']
[2024-10-14T10:32:05.924169][INFO][seed96] Sampled 1100 data instances
[2024-10-14T10:32:05.924396][INFO][seed96] Starting exact inference 
['genn.py', '1', '1.0', '0.5', '125', '3']
['genn.py', '1', '1.0', '0.5', '130', '3']
['genn.py', '1', '1.0', '0.5', '199', '3']
['genn.py', '1', '1.0', '0.5', '47', '3']
['genn.py', '1', '1.0', '0.5', '177', '3']
['genn.py', '1', '1.0', '0.5', '56', '3']
['genn.py', '1', '1.0', '0.5', '103', '3']
['genn.py', '1', '1.0', '0.5', '113', '3']
['genn.py', '1', '1.0', '0.5', '172', '3']
['genn.py', '1', '1.0', '0.5', '89', '3']
['genn.py', '1', '1.0', '0.5', '132', '3']
1 1.0 0.5 31
/mnt/beegfs/rcabanas/dev/credici/papers/zeros/code/GenerateNparents.java
['genn.py', '1', '1.0', '0.5', '176', '3']
1 1.0 0.5 24
/mnt/beegfs/rcabanas/dev/credici/papers/zeros/code/GenerateNparents.java
1 1.0 0.5 130
1 1.0 0.5 125
/mnt/beegfs/rcabanas/dev/credici/papers/zeros/code/GenerateNparents.java
/mnt/beegfs/rcabanas/dev/credici/papers/zeros/code/GenerateNparents.java
1 1.0 0.5 199
/mnt/beegfs/rcabanas/dev/credici/papers/zeros/code/GenerateNparents.java
1 1.0 0.5 47
/mnt/beegfs/rcabanas/dev/credici/papers/zeros/code/GenerateNparents.java
1 1.0 0.5 177
/mnt/beegfs/rcabanas/dev/credici/papers/zeros/code/GenerateNparents.java
1 1.0 0.5 56
/mnt/beegfs/rcabanas/dev/credici/papers/zeros/code/GenerateNparents.java
1 1.0 0.5 103
/mnt/beegfs/rcabanas/dev/credici/papers/zeros/code/GenerateNparents.java
1 1.0 0.5 113
1 1.0 0.5 172
/mnt/beegfs/rcabanas/dev/credici/papers/zeros/code/GenerateNparents.java
/mnt/beegfs/rcabanas/dev/credici/papers/zeros/code/GenerateNparents.java
1 1.0 0.5 89
/mnt/beegfs/rcabanas/dev/credici/papers/zeros/code/GenerateNparents.java
1 1.0 0.5 132
/mnt/beegfs/rcabanas/dev/credici/papers/zeros/code/GenerateNparents.java
1 1.0 0.5 176
/mnt/beegfs/rcabanas/dev/credici/papers/zeros/code/GenerateNparents.java
['genn.py', '1', '1.0', '0.5', '161', '3']
[2024-10-14T10:32:06.153457][INFO][seed156] PS(V1,V0) in [0.0, 1.0]
1 1.0 0.5 161
/mnt/beegfs/rcabanas/dev/credici/papers/zeros/code/GenerateNparents.java
[2024-10-14T10:32:06.156241][INFO][seed164] PS(V1,V0) in [0.0, 1.0]
[2024-10-14T10:32:06.163014][INFO][seed156] PN(V1,V0) in [0.0, 0.4041335692504612] 
[2024-10-14T10:32:06.168139][INFO][seed164] PN(V1,V0) in [0.0, 0.22835692910767724] 
[2024-10-14T10:32:06.184799][INFO][seed96] PS(V1,V0) in [0.0, 1.0]
[2024-10-14T10:32:06.193407][INFO][seed156] Saved data to: /mnt/beegfs/rcabanas/dev/credici/papers/zeros/models/s3/simple_nparents1_nzr10_zdr05_ysize3_156.csv
[2024-10-14T10:32:06.196258][INFO][seed164] Saved data to: /mnt/beegfs/rcabanas/dev/credici/papers/zeros/models/s3/simple_nparents1_nzr10_zdr05_ysize3_164.csv
[2024-10-14T10:32:06.209086][INFO][seed96] PN(V1,V0) in [0.0, 0.6523036611107067] 
[2024-10-14T10:32:06.210674][INFO][seed164] Saved model to: /mnt/beegfs/rcabanas/dev/credici/papers/zeros/models/s3/simple_nparents1_nzr10_zdr05_ysize3_164.uai
[2024-10-14T10:32:06.214809][INFO][seed164] Saved queries to: /mnt/beegfs/rcabanas/dev/credici/papers/zeros/models/s3/simple_nparents1_nzr10_zdr05_ysize3_164_query.csv
[2024-10-14T10:32:06.214915][INFO][seed164] Closing log file
[2024-10-14T10:32:06.214995][INFO][seed164] Closed log file
[2024-10-14T10:32:06.216778][INFO][seed156] Saved model to: /mnt/beegfs/rcabanas/dev/credici/papers/zeros/models/s3/simple_nparents1_nzr10_zdr05_ysize3_156.uai
[2024-10-14T10:32:06.220409][INFO][seed156] Saved queries to: /mnt/beegfs/rcabanas/dev/credici/papers/zeros/models/s3/simple_nparents1_nzr10_zdr05_ysize3_156_query.csv
[2024-10-14T10:32:06.220454][INFO][seed156] Closing log file
[2024-10-14T10:32:06.220478][INFO][seed156] Closed log file
[2024-10-14T10:32:06.238758][INFO][seed96] Saved data to: /mnt/beegfs/rcabanas/dev/credici/papers/zeros/models/s3/simple_nparents1_nzr10_zdr05_ysize3_96.csv
[2024-10-14T10:32:06.248344][INFO][seed96] Saved model to: /mnt/beegfs/rcabanas/dev/credici/papers/zeros/models/s3/simple_nparents1_nzr10_zdr05_ysize3_96.uai
[2024-10-14T10:32:06.251986][INFO][seed96] Saved queries to: /mnt/beegfs/rcabanas/dev/credici/papers/zeros/models/s3/simple_nparents1_nzr10_zdr05_ysize3_96_query.csv
[2024-10-14T10:32:06.252084][INFO][seed96] Closing log file
[2024-10-14T10:32:06.252159][INFO][seed96] Closed log file
['genn.py', '1', '1.0', '0.5', '182', '3']
['genn.py', '1', '1.0', '0.5', '140', '3']
1 1.0 0.5 182
/mnt/beegfs/rcabanas/dev/credici/papers/zeros/code/GenerateNparents.java
['genn.py', '1', '1.0', '0.5', '146', '3']
1 1.0 0.5 140
/mnt/beegfs/rcabanas/dev/credici/papers/zeros/code/GenerateNparents.java
1 1.0 0.5 146
/mnt/beegfs/rcabanas/dev/credici/papers/zeros/code/GenerateNparents.java
[2024-10-14T10:32:06.998977][INFO][seed83] Set up logging
[2024-10-14T10:32:07.027351][INFO][seed83] args: -np;1;-nzr;1.0;-zdr;0.5;-o;/mnt/beegfs/rcabanas/dev/credici/papers/zeros/models/s3;-rw;-s;83;-ys;3
[2024-10-14T10:32:07.037003][INFO][seed83] Starting logger with seed 83
[2024-10-14T10:32:07.049733][INFO][seed83] simple_nparents1_nzr10_zdr05_ysize3_83
[2024-10-14T10:32:07.076761][INFO][seed62] Set up logging
[2024-10-14T10:32:07.111677][INFO][seed62] args: -np;1;-nzr;1.0;-zdr;0.5;-o;/mnt/beegfs/rcabanas/dev/credici/papers/zeros/models/s3;-rw;-s;62;-ys;3
[2024-10-14T10:32:07.114130][INFO][seed62] Starting logger with seed 62
[2024-10-14T10:32:07.143240][INFO][seed62] simple_nparents1_nzr10_zdr05_ysize3_62
[2024-10-14T10:32:07.137314][INFO][seed7] Set up logging
[2024-10-14T10:32:07.163679][INFO][seed7] args: -np;1;-nzr;1.0;-zdr;0.5;-o;/mnt/beegfs/rcabanas/dev/credici/papers/zeros/models/s3;-rw;-s;7;-ys;3
[2024-10-14T10:32:07.177544][INFO][seed7] Starting logger with seed 7
[2024-10-14T10:32:07.184386][INFO][seed7] simple_nparents1_nzr10_zdr05_ysize3_7
[2024-10-14T10:32:07.192803][INFO][seed162] Set up logging
[2024-10-14T10:32:07.215014][INFO][seed162] args: -np;1;-nzr;1.0;-zdr;0.5;-o;/mnt/beegfs/rcabanas/dev/credici/papers/zeros/models/s3;-rw;-s;162;-ys;3
[2024-10-14T10:32:07.220883][INFO][seed162] Starting logger with seed 162
[2024-10-14T10:32:07.251209][INFO][seed162] simple_nparents1_nzr10_zdr05_ysize3_162
[2024-10-14T10:32:07.273882][INFO][seed191] Set up logging
[2024-10-14T10:32:07.300078][INFO][seed191] args: -np;1;-nzr;1.0;-zdr;0.5;-o;/mnt/beegfs/rcabanas/dev/credici/papers/zeros/models/s3;-rw;-s;191;-ys;3
[2024-10-14T10:32:07.310126][INFO][seed191] Starting logger with seed 191
[2024-10-14T10:32:07.316120][INFO][seed191] simple_nparents1_nzr10_zdr05_ysize3_191
[2024-10-14T10:32:07.322642][INFO][seed170] Set up logging
[2024-10-14T10:32:07.337507][INFO][seed170] args: -np;1;-nzr;1.0;-zdr;0.5;-o;/mnt/beegfs/rcabanas/dev/credici/papers/zeros/models/s3;-rw;-s;170;-ys;3
[2024-10-14T10:32:07.348171][INFO][seed170] Starting logger with seed 170
[2024-10-14T10:32:07.361466][INFO][seed170] simple_nparents1_nzr10_zdr05_ysize3_170
[2024-10-14T10:32:07.401922][INFO][seed99] Set up logging
[2024-10-14T10:32:07.421240][INFO][seed99] args: -np;1;-nzr;1.0;-zdr;0.5;-o;/mnt/beegfs/rcabanas/dev/credici/papers/zeros/models/s3;-rw;-s;99;-ys;3
[2024-10-14T10:32:07.423684][INFO][seed99] Starting logger with seed 99
[2024-10-14T10:32:07.441682][INFO][seed99] simple_nparents1_nzr10_zdr05_ysize3_99
[2024-10-14T10:32:07.517467][INFO][seed83] U cardinality: 9
[2024-10-14T10:32:07.523489][INFO][seed83] !0 = [0, 1, 2, 3, 4, 5, 6, 7, 8]
[2024-10-14T10:32:07.524133][INFO][seed83] 0 = []
[2024-10-14T10:32:07.527171][INFO][seed83] U cardinality: 9
[2024-10-14T10:32:07.534479][INFO][seed83] 
[P([3]) [0.444, 0.556], P([2]) [0.338, 0.002, 0.007, 0.028, 0.002, 0.001, 0.002, 0.618, 0.002], P([1, 3]) [1.0, 0.0, 0.0, 1.0], P([0, 1, 2]) [1.0, 0.0, 0.0, 1.0, 0.0, 0.0, 1.0, 0.0, 0.0, 0.0, 1.0, 0.0, 1.0, 0.0, 0.0, 0.0, 0.0, 1.0, 0.0, 1.0, 0.0, 1.0, 0.0, 0.0, 0.0, 1.0, 0.0, 0.0, 1.0, 0.0, 0.0, 1.0, 0.0, 0.0, 0.0, 1.0, 0.0, 0.0, 1.0, 1.0, 0.0, 0.0, 0.0, 0.0, 1.0, 0.0, 1.0, 0.0, 0.0, 0.0, 1.0, 0.0, 0.0, 1.0]]

[2024-10-14T10:32:07.503261][INFO][seed19] Set up logging
[2024-10-14T10:32:07.538972][INFO][seed19] args: -np;1;-nzr;1.0;-zdr;0.5;-o;/mnt/beegfs/rcabanas/dev/credici/papers/zeros/models/s3;-rw;-s;19;-ys;3
[2024-10-14T10:32:07.547993][INFO][seed19] Starting logger with seed 19
[2024-10-14T10:32:07.561395][INFO][seed7] U cardinality: 9
[2024-10-14T10:32:07.564310][INFO][seed162] U cardinality: 9
[2024-10-14T10:32:07.567529][INFO][seed62] U cardinality: 9
[2024-10-14T10:32:07.567544][INFO][seed7] !0 = [0, 1, 2, 3, 4, 5, 6, 7, 8]
[2024-10-14T10:32:07.568133][INFO][seed7] 0 = []
[2024-10-14T10:32:07.572236][INFO][seed7] U cardinality: 9
[2024-10-14T10:32:07.573165][INFO][seed162] !0 = [0, 1, 2, 3, 4, 5, 6, 7, 8]
[2024-10-14T10:32:07.573875][INFO][seed162] 0 = []
[2024-10-14T10:32:07.573720][INFO][seed62] !0 = [0, 1, 2, 3, 4, 5, 6, 7, 8]
[2024-10-14T10:32:07.574919][INFO][seed62] 0 = []
[2024-10-14T10:32:07.576328][INFO][seed162] U cardinality: 9
[2024-10-14T10:32:07.578975][INFO][seed62] U cardinality: 9
[2024-10-14T10:32:07.578975][INFO][seed7] 
[P([3]) [0.104, 0.896], P([2]) [0.001, 0.002, 0.002, 0.001, 0.028, 0.001, 0.001, 0.963, 0.001], P([1, 3]) [1.0, 0.0, 0.0, 1.0], P([0, 1, 2]) [1.0, 0.0, 0.0, 1.0, 0.0, 0.0, 1.0, 0.0, 0.0, 0.0, 1.0, 0.0, 1.0, 0.0, 0.0, 0.0, 0.0, 1.0, 0.0, 1.0, 0.0, 1.0, 0.0, 0.0, 0.0, 1.0, 0.0, 0.0, 1.0, 0.0, 0.0, 1.0, 0.0, 0.0, 0.0, 1.0, 0.0, 0.0, 1.0, 1.0, 0.0, 0.0, 0.0, 0.0, 1.0, 0.0, 1.0, 0.0, 0.0, 0.0, 1.0, 0.0, 0.0, 1.0]]

[2024-10-14T10:32:07.580446][INFO][seed19] simple_nparents1_nzr10_zdr05_ysize3_19
[2024-10-14T10:32:07.582826][INFO][seed162] 
[P([3]) [0.019, 0.981], P([2]) [0.171, 0.012, 0.462, 0.021, 0.003, 0.246, 0.042, 0.01, 0.033], P([1, 3]) [1.0, 0.0, 0.0, 1.0], P([0, 1, 2]) [1.0, 0.0, 0.0, 1.0, 0.0, 0.0, 1.0, 0.0, 0.0, 0.0, 1.0, 0.0, 1.0, 0.0, 0.0, 0.0, 0.0, 1.0, 0.0, 1.0, 0.0, 1.0, 0.0, 0.0, 0.0, 1.0, 0.0, 0.0, 1.0, 0.0, 0.0, 1.0, 0.0, 0.0, 0.0, 1.0, 0.0, 0.0, 1.0, 1.0, 0.0, 0.0, 0.0, 0.0, 1.0, 0.0, 1.0, 0.0, 0.0, 0.0, 1.0, 0.0, 0.0, 1.0]]

[2024-10-14T10:32:07.585478][INFO][seed62] 
[P([3]) [0.411, 0.589], P([2]) [0.055, 0.008, 0.039, 0.476, 0.028, 0.196, 0.019, 0.175, 0.004], P([1, 3]) [1.0, 0.0, 0.0, 1.0], P([0, 1, 2]) [1.0, 0.0, 0.0, 1.0, 0.0, 0.0, 1.0, 0.0, 0.0, 0.0, 1.0, 0.0, 1.0, 0.0, 0.0, 0.0, 0.0, 1.0, 0.0, 1.0, 0.0, 1.0, 0.0, 0.0, 0.0, 1.0, 0.0, 0.0, 1.0, 0.0, 0.0, 1.0, 0.0, 0.0, 0.0, 1.0, 0.0, 0.0, 1.0, 1.0, 0.0, 0.0, 0.0, 0.0, 1.0, 0.0, 1.0, 0.0, 0.0, 0.0, 1.0, 0.0, 0.0, 1.0]]

[2024-10-14T10:32:07.559154][INFO][seed180] Set up logging
[2024-10-14T10:32:07.591970][INFO][seed180] args: -np;1;-nzr;1.0;-zdr;0.5;-o;/mnt/beegfs/rcabanas/dev/credici/papers/zeros/models/s3;-rw;-s;180;-ys;3
[2024-10-14T10:32:07.594153][INFO][seed180] Starting logger with seed 180
[2024-10-14T10:32:07.575865][INFO][seed151] Set up logging
[2024-10-14T10:32:07.600290][INFO][seed151] args: -np;1;-nzr;1.0;-zdr;0.5;-o;/mnt/beegfs/rcabanas/dev/credici/papers/zeros/models/s3;-rw;-s;151;-ys;3
[2024-10-14T10:32:07.600327][INFO][seed191] U cardinality: 9
[2024-10-14T10:32:07.604380][INFO][seed151] Starting logger with seed 151
[2024-10-14T10:32:07.606803][INFO][seed191] !0 = [0, 1, 2, 3, 4, 5, 6, 7, 8]
[2024-10-14T10:32:07.609165][INFO][seed191] 0 = []
[2024-10-14T10:32:07.609769][INFO][seed180] simple_nparents1_nzr10_zdr05_ysize3_180
[2024-10-14T10:32:07.611908][INFO][seed191] U cardinality: 9
[2024-10-14T10:32:07.618468][INFO][seed191] 
[P([3]) [0.631, 0.369], P([2]) [0.01, 0.334, 0.001, 0.001, 0.04, 0.004, 0.607, 0.001, 0.002], P([1, 3]) [1.0, 0.0, 0.0, 1.0], P([0, 1, 2]) [1.0, 0.0, 0.0, 1.0, 0.0, 0.0, 1.0, 0.0, 0.0, 0.0, 1.0, 0.0, 1.0, 0.0, 0.0, 0.0, 0.0, 1.0, 0.0, 1.0, 0.0, 1.0, 0.0, 0.0, 0.0, 1.0, 0.0, 0.0, 1.0, 0.0, 0.0, 1.0, 0.0, 0.0, 0.0, 1.0, 0.0, 0.0, 1.0, 1.0, 0.0, 0.0, 0.0, 0.0, 1.0, 0.0, 1.0, 0.0, 0.0, 0.0, 1.0, 0.0, 0.0, 1.0]]

[2024-10-14T10:32:07.620704][INFO][seed151] simple_nparents1_nzr10_zdr05_ysize3_151
[2024-10-14T10:32:07.644360][INFO][seed170] U cardinality: 9
[2024-10-14T10:32:07.650932][INFO][seed170] !0 = [0, 1, 2, 3, 4, 5, 6, 7, 8]
[2024-10-14T10:32:07.651632][INFO][seed170] 0 = []
[2024-10-14T10:32:07.622998][INFO][seed86] Set up logging
[2024-10-14T10:32:07.655024][INFO][seed86] args: -np;1;-nzr;1.0;-zdr;0.5;-o;/mnt/beegfs/rcabanas/dev/credici/papers/zeros/models/s3;-rw;-s;86;-ys;3
[2024-10-14T10:32:07.655943][INFO][seed170] U cardinality: 9
[2024-10-14T10:32:07.667837][INFO][seed86] Starting logger with seed 86
[2024-10-14T10:32:07.673844][INFO][seed170] 
[P([3]) [0.38, 0.62], P([2]) [0.075, 0.38, 0.001, 0.098, 0.004, 0.142, 0.02, 0.273, 0.007], P([1, 3]) [1.0, 0.0, 0.0, 1.0], P([0, 1, 2]) [1.0, 0.0, 0.0, 1.0, 0.0, 0.0, 1.0, 0.0, 0.0, 0.0, 1.0, 0.0, 1.0, 0.0, 0.0, 0.0, 0.0, 1.0, 0.0, 1.0, 0.0, 1.0, 0.0, 0.0, 0.0, 1.0, 0.0, 0.0, 1.0, 0.0, 0.0, 1.0, 0.0, 0.0, 0.0, 1.0, 0.0, 0.0, 1.0, 1.0, 0.0, 0.0, 0.0, 0.0, 1.0, 0.0, 1.0, 0.0, 0.0, 0.0, 1.0, 0.0, 0.0, 1.0]]

[2024-10-14T10:32:07.693264][INFO][seed86] simple_nparents1_nzr10_zdr05_ysize3_86
[2024-10-14T10:32:07.726611][INFO][seed99] U cardinality: 9
[2024-10-14T10:32:07.736099][INFO][seed99] !0 = [0, 1, 2, 3, 4, 5, 6, 7, 8]
[2024-10-14T10:32:07.736814][INFO][seed99] 0 = []
[2024-10-14T10:32:07.739162][INFO][seed99] U cardinality: 9
[2024-10-14T10:32:07.753556][INFO][seed99] 
[P([3]) [0.397, 0.603], P([2]) [0.054, 0.001, 0.003, 0.002, 0.001, 0.001, 0.783, 0.001, 0.154], P([1, 3]) [1.0, 0.0, 0.0, 1.0], P([0, 1, 2]) [1.0, 0.0, 0.0, 1.0, 0.0, 0.0, 1.0, 0.0, 0.0, 0.0, 1.0, 0.0, 1.0, 0.0, 0.0, 0.0, 0.0, 1.0, 0.0, 1.0, 0.0, 1.0, 0.0, 0.0, 0.0, 1.0, 0.0, 0.0, 1.0, 0.0, 0.0, 1.0, 0.0, 0.0, 0.0, 1.0, 0.0, 0.0, 1.0, 1.0, 0.0, 0.0, 0.0, 0.0, 1.0, 0.0, 1.0, 0.0, 0.0, 0.0, 1.0, 0.0, 0.0, 1.0]]

[2024-10-14T10:32:07.730179][INFO][seed149] Set up logging
[2024-10-14T10:32:07.758733][INFO][seed149] args: -np;1;-nzr;1.0;-zdr;0.5;-o;/mnt/beegfs/rcabanas/dev/credici/papers/zeros/models/s3;-rw;-s;149;-ys;3
[2024-10-14T10:32:07.767727][INFO][seed149] Starting logger with seed 149
[2024-10-14T10:32:07.780169][INFO][seed149] simple_nparents1_nzr10_zdr05_ysize3_149
[2024-10-14T10:32:07.756633][INFO][seed166] Set up logging
[2024-10-14T10:32:07.787237][INFO][seed166] args: -np;1;-nzr;1.0;-zdr;0.5;-o;/mnt/beegfs/rcabanas/dev/credici/papers/zeros/models/s3;-rw;-s;166;-ys;3
[2024-10-14T10:32:07.786480][INFO][seed83] Sampled 1000 data instances
[2024-10-14T10:32:07.786632][INFO][seed83] Starting exact inference 
[2024-10-14T10:32:07.793932][INFO][seed166] Starting logger with seed 166
[2024-10-14T10:32:07.803351][INFO][seed166] simple_nparents1_nzr10_zdr05_ysize3_166
[2024-10-14T10:32:07.827501][INFO][seed162] Sampled 1000 data instances
[2024-10-14T10:32:07.828052][INFO][seed162] Starting exact inference 
[2024-10-14T10:32:07.828477][INFO][seed62] Sampled 1000 data instances
[2024-10-14T10:32:07.828817][INFO][seed62] Starting exact inference 
[2024-10-14T10:32:07.813790][INFO][seed36] Set up logging
[2024-10-14T10:32:07.843769][INFO][seed36] args: -np;1;-nzr;1.0;-zdr;0.5;-o;/mnt/beegfs/rcabanas/dev/credici/papers/zeros/models/s3;-rw;-s;36;-ys;3
[2024-10-14T10:32:07.848276][INFO][seed36] Starting logger with seed 36
[2024-10-14T10:32:07.848654][INFO][seed7] Sampled 1000 data instances
[2024-10-14T10:32:07.848855][INFO][seed7] Starting exact inference 
[2024-10-14T10:32:07.863483][INFO][seed191] Sampled 1000 data instances
[2024-10-14T10:32:07.864050][INFO][seed191] Starting exact inference 
[2024-10-14T10:32:07.878728][INFO][seed36] simple_nparents1_nzr10_zdr05_ysize3_36
[2024-10-14T10:32:07.895696][INFO][seed180] U cardinality: 9
[2024-10-14T10:32:07.899283][INFO][seed19] U cardinality: 9
[2024-10-14T10:32:07.902331][INFO][seed180] !0 = [0, 1, 2, 3, 4, 5, 6, 7, 8]
[2024-10-14T10:32:07.903050][INFO][seed180] 0 = []
[2024-10-14T10:32:07.905380][INFO][seed180] U cardinality: 9
[2024-10-14T10:32:07.909156][INFO][seed19] !0 = [0, 1, 2, 3, 4, 5, 6, 7, 8]
[2024-10-14T10:32:07.910155][INFO][seed19] 0 = []
[2024-10-14T10:32:07.912623][INFO][seed180] 
[P([3]) [0.842, 0.158], P([2]) [0.459, 0.007, 0.064, 0.091, 0.003, 0.004, 0.001, 0.003, 0.368], P([1, 3]) [1.0, 0.0, 0.0, 1.0], P([0, 1, 2]) [1.0, 0.0, 0.0, 1.0, 0.0, 0.0, 1.0, 0.0, 0.0, 0.0, 1.0, 0.0, 1.0, 0.0, 0.0, 0.0, 0.0, 1.0, 0.0, 1.0, 0.0, 1.0, 0.0, 0.0, 0.0, 1.0, 0.0, 0.0, 1.0, 0.0, 0.0, 1.0, 0.0, 0.0, 0.0, 1.0, 0.0, 0.0, 1.0, 1.0, 0.0, 0.0, 0.0, 0.0, 1.0, 0.0, 1.0, 0.0, 0.0, 0.0, 1.0, 0.0, 0.0, 1.0]]

[2024-10-14T10:32:07.913169][INFO][seed19] U cardinality: 9
[2024-10-14T10:32:07.929727][INFO][seed151] U cardinality: 9
[2024-10-14T10:32:07.942721][INFO][seed19] 
[P([3]) [0.453, 0.547], P([2]) [0.013, 0.399, 0.562, 0.002, 0.008, 0.012, 0.001, 0.002, 0.001], P([1, 3]) [1.0, 0.0, 0.0, 1.0], P([0, 1, 2]) [1.0, 0.0, 0.0, 1.0, 0.0, 0.0, 1.0, 0.0, 0.0, 0.0, 1.0, 0.0, 1.0, 0.0, 0.0, 0.0, 0.0, 1.0, 0.0, 1.0, 0.0, 1.0, 0.0, 0.0, 0.0, 1.0, 0.0, 0.0, 1.0, 0.0, 0.0, 1.0, 0.0, 0.0, 0.0, 1.0, 0.0, 0.0, 1.0, 1.0, 0.0, 0.0, 0.0, 0.0, 1.0, 0.0, 1.0, 0.0, 0.0, 0.0, 1.0, 0.0, 0.0, 1.0]]

[2024-10-14T10:32:07.943773][INFO][seed170] Sampled 1000 data instances
[2024-10-14T10:32:07.944201][INFO][seed170] Starting exact inference 
[2024-10-14T10:32:07.951222][INFO][seed151] !0 = [0, 1, 2, 3, 4, 5, 6, 7, 8]
[2024-10-14T10:32:07.952455][INFO][seed151] 0 = []
[2024-10-14T10:32:07.954681][INFO][seed151] U cardinality: 9
[2024-10-14T10:32:07.961680][INFO][seed151] 
[P([3]) [0.846, 0.154], P([2]) [0.021, 0.002, 0.426, 0.004, 0.002, 0.052, 0.47, 0.006, 0.017], P([1, 3]) [1.0, 0.0, 0.0, 1.0], P([0, 1, 2]) [1.0, 0.0, 0.0, 1.0, 0.0, 0.0, 1.0, 0.0, 0.0, 0.0, 1.0, 0.0, 1.0, 0.0, 0.0, 0.0, 0.0, 1.0, 0.0, 1.0, 0.0, 1.0, 0.0, 0.0, 0.0, 1.0, 0.0, 0.0, 1.0, 0.0, 0.0, 1.0, 0.0, 0.0, 0.0, 1.0, 0.0, 0.0, 1.0, 1.0, 0.0, 0.0, 0.0, 0.0, 1.0, 0.0, 1.0, 0.0, 0.0, 0.0, 1.0, 0.0, 0.0, 1.0]]

[2024-10-14T10:32:07.963581][INFO][seed91] Set up logging
[2024-10-14T10:32:07.991369][INFO][seed91] args: -np;1;-nzr;1.0;-zdr;0.5;-o;/mnt/beegfs/rcabanas/dev/credici/papers/zeros/models/s3;-rw;-s;91;-ys;3
[2024-10-14T10:32:08.001941][INFO][seed91] Starting logger with seed 91
[2024-10-14T10:32:08.010394][INFO][seed86] U cardinality: 9
[2024-10-14T10:32:08.011468][INFO][seed91] simple_nparents1_nzr10_zdr05_ysize3_91
[2024-10-14T10:32:08.018700][INFO][seed86] !0 = [0, 1, 2, 3, 4, 5, 6, 7, 8]
[2024-10-14T10:32:08.019299][INFO][seed86] 0 = []
[2024-10-14T10:32:08.021892][INFO][seed86] U cardinality: 9
[2024-10-14T10:32:08.040057][INFO][seed99] Sampled 1000 data instances
[2024-10-14T10:32:08.040211][INFO][seed99] Starting exact inference 
[2024-10-14T10:32:08.045879][INFO][seed86] 
[P([3]) [0.941, 0.059], P([2]) [0.002, 0.001, 0.002, 0.004, 0.257, 0.122, 0.007, 0.004, 0.601], P([1, 3]) [1.0, 0.0, 0.0, 1.0], P([0, 1, 2]) [1.0, 0.0, 0.0, 1.0, 0.0, 0.0, 1.0, 0.0, 0.0, 0.0, 1.0, 0.0, 1.0, 0.0, 0.0, 0.0, 0.0, 1.0, 0.0, 1.0, 0.0, 1.0, 0.0, 0.0, 0.0, 1.0, 0.0, 0.0, 1.0, 0.0, 0.0, 1.0, 0.0, 0.0, 0.0, 1.0, 0.0, 0.0, 1.0, 1.0, 0.0, 0.0, 0.0, 0.0, 1.0, 0.0, 1.0, 0.0, 0.0, 0.0, 1.0, 0.0, 0.0, 1.0]]

[2024-10-14T10:32:08.050397][INFO][seed116] Set up logging
[2024-10-14T10:32:08.077376][INFO][seed116] args: -np;1;-nzr;1.0;-zdr;0.5;-o;/mnt/beegfs/rcabanas/dev/credici/papers/zeros/models/s3;-rw;-s;116;-ys;3
[2024-10-14T10:32:08.052373][INFO][seed111] Set up logging
[2024-10-14T10:32:08.082616][INFO][seed111] args: -np;1;-nzr;1.0;-zdr;0.5;-o;/mnt/beegfs/rcabanas/dev/credici/papers/zeros/models/s3;-rw;-s;111;-ys;3
[2024-10-14T10:32:08.086759][INFO][seed111] Starting logger with seed 111
[2024-10-14T10:32:08.087724][INFO][seed116] Starting logger with seed 116
[2024-10-14T10:32:08.053382][INFO][seed131] Set up logging
[2024-10-14T10:32:08.092442][INFO][seed131] args: -np;1;-nzr;1.0;-zdr;0.5;-o;/mnt/beegfs/rcabanas/dev/credici/papers/zeros/models/s3;-rw;-s;131;-ys;3
[2024-10-14T10:32:08.097154][INFO][seed131] Starting logger with seed 131
[2024-10-14T10:32:08.100928][INFO][seed116] simple_nparents1_nzr10_zdr05_ysize3_116
[2024-10-14T10:32:08.102408][INFO][seed111] simple_nparents1_nzr10_zdr05_ysize3_111
[2024-10-14T10:32:08.081978][INFO][seed144] Set up logging
[2024-10-14T10:32:08.110831][INFO][seed144] args: -np;1;-nzr;1.0;-zdr;0.5;-o;/mnt/beegfs/rcabanas/dev/credici/papers/zeros/models/s3;-rw;-s;144;-ys;3
[2024-10-14T10:32:08.114186][INFO][seed131] simple_nparents1_nzr10_zdr05_ysize3_131
[2024-10-14T10:32:08.112828][INFO][seed144] Starting logger with seed 144
[2024-10-14T10:32:08.133032][INFO][seed144] simple_nparents1_nzr10_zdr05_ysize3_144
[2024-10-14T10:32:08.142829][INFO][seed166] U cardinality: 9
[2024-10-14T10:32:08.148861][INFO][seed166] !0 = [0, 1, 2, 3, 4, 5, 6, 7, 8]
[2024-10-14T10:32:08.149584][INFO][seed166] 0 = []
[2024-10-14T10:32:08.153867][INFO][seed166] U cardinality: 9
[2024-10-14T10:32:08.156106][INFO][seed36] U cardinality: 9
[2024-10-14T10:32:08.158546][INFO][seed149] U cardinality: 9
[2024-10-14T10:32:08.163683][INFO][seed166] 
[P([3]) [0.801, 0.199], P([2]) [0.001, 0.755, 0.216, 0.001, 0.022, 0.001, 0.001, 0.002, 0.001], P([1, 3]) [1.0, 0.0, 0.0, 1.0], P([0, 1, 2]) [1.0, 0.0, 0.0, 1.0, 0.0, 0.0, 1.0, 0.0, 0.0, 0.0, 1.0, 0.0, 1.0, 0.0, 0.0, 0.0, 0.0, 1.0, 0.0, 1.0, 0.0, 1.0, 0.0, 0.0, 0.0, 1.0, 0.0, 0.0, 1.0, 0.0, 0.0, 1.0, 0.0, 0.0, 0.0, 1.0, 0.0, 0.0, 1.0, 1.0, 0.0, 0.0, 0.0, 0.0, 1.0, 0.0, 1.0, 0.0, 0.0, 0.0, 1.0, 0.0, 0.0, 1.0]]

[2024-10-14T10:32:08.163138][INFO][seed180] Sampled 1000 data instances
[2024-10-14T10:32:08.163273][INFO][seed180] Starting exact inference 
[2024-10-14T10:32:08.164703][INFO][seed149] !0 = [0, 1, 2, 3, 4, 5, 6, 7, 8]
[2024-10-14T10:32:08.165276][INFO][seed36] !0 = [0, 1, 2, 3, 4, 5, 6, 7, 8]
[2024-10-14T10:32:08.165278][INFO][seed149] 0 = []
[2024-10-14T10:32:08.165940][INFO][seed36] 0 = []
[2024-10-14T10:32:08.168648][INFO][seed36] U cardinality: 9
[2024-10-14T10:32:08.169443][INFO][seed149] U cardinality: 9
[2024-10-14T10:32:08.175307][INFO][seed36] 
[P([3]) [0.414, 0.586], P([2]) [0.001, 0.002, 0.952, 0.001, 0.002, 0.002, 0.002, 0.002, 0.036], P([1, 3]) [1.0, 0.0, 0.0, 1.0], P([0, 1, 2]) [1.0, 0.0, 0.0, 1.0, 0.0, 0.0, 1.0, 0.0, 0.0, 0.0, 1.0, 0.0, 1.0, 0.0, 0.0, 0.0, 0.0, 1.0, 0.0, 1.0, 0.0, 1.0, 0.0, 0.0, 0.0, 1.0, 0.0, 0.0, 1.0, 0.0, 0.0, 1.0, 0.0, 0.0, 0.0, 1.0, 0.0, 0.0, 1.0, 1.0, 0.0, 0.0, 0.0, 0.0, 1.0, 0.0, 1.0, 0.0, 0.0, 0.0, 1.0, 0.0, 0.0, 1.0]]

[2024-10-14T10:32:08.181450][INFO][seed149] 
[P([3]) [0.256, 0.744], P([2]) [0.007, 0.532, 0.028, 0.021, 0.178, 0.001, 0.229, 0.002, 0.002], P([1, 3]) [1.0, 0.0, 0.0, 1.0], P([0, 1, 2]) [1.0, 0.0, 0.0, 1.0, 0.0, 0.0, 1.0, 0.0, 0.0, 0.0, 1.0, 0.0, 1.0, 0.0, 0.0, 0.0, 0.0, 1.0, 0.0, 1.0, 0.0, 1.0, 0.0, 0.0, 0.0, 1.0, 0.0, 0.0, 1.0, 0.0, 0.0, 1.0, 0.0, 0.0, 0.0, 1.0, 0.0, 0.0, 1.0, 1.0, 0.0, 0.0, 0.0, 0.0, 1.0, 0.0, 1.0, 0.0, 0.0, 0.0, 1.0, 0.0, 0.0, 1.0]]

[2024-10-14T10:32:08.182942][INFO][seed19] Sampled 1000 data instances
[2024-10-14T10:32:08.183347][INFO][seed19] Starting exact inference 
[2024-10-14T10:32:08.208366][INFO][seed151] Sampled 1000 data instances
[2024-10-14T10:32:08.208756][INFO][seed151] Starting exact inference 
[2024-10-14T10:32:08.283451][INFO][seed86] Sampled 1000 data instances
[2024-10-14T10:32:08.283815][INFO][seed86] Starting exact inference 
[2024-10-14T10:32:08.269753][INFO][seed64] Set up logging
[2024-10-14T10:32:08.305053][INFO][seed64] args: -np;1;-nzr;1.0;-zdr;0.5;-o;/mnt/beegfs/rcabanas/dev/credici/papers/zeros/models/s3;-rw;-s;64;-ys;3
[2024-10-14T10:32:08.307474][INFO][seed64] Starting logger with seed 64
[2024-10-14T10:32:08.322654][INFO][seed64] simple_nparents1_nzr10_zdr05_ysize3_64
[2024-10-14T10:32:08.361356][INFO][seed91] U cardinality: 9
[2024-10-14T10:32:08.339112][INFO][seed39] Set up logging
[2024-10-14T10:32:08.370709][INFO][seed91] !0 = [0, 1, 2, 3, 4, 5, 6, 7, 8]
[2024-10-14T10:32:08.371429][INFO][seed39] args: -np;1;-nzr;1.0;-zdr;0.5;-o;/mnt/beegfs/rcabanas/dev/credici/papers/zeros/models/s3;-rw;-s;39;-ys;3
[2024-10-14T10:32:08.371884][INFO][seed91] 0 = []
[2024-10-14T10:32:08.373584][INFO][seed39] Starting logger with seed 39
[2024-10-14T10:32:08.378083][INFO][seed91] U cardinality: 9
[2024-10-14T10:32:08.385724][INFO][seed39] simple_nparents1_nzr10_zdr05_ysize3_39
[2024-10-14T10:32:08.390499][INFO][seed91] 
[P([3]) [0.083, 0.917], P([2]) [0.002, 0.002, 0.002, 0.072, 0.232, 0.003, 0.001, 0.646, 0.04], P([1, 3]) [1.0, 0.0, 0.0, 1.0], P([0, 1, 2]) [1.0, 0.0, 0.0, 1.0, 0.0, 0.0, 1.0, 0.0, 0.0, 0.0, 1.0, 0.0, 1.0, 0.0, 0.0, 0.0, 0.0, 1.0, 0.0, 1.0, 0.0, 1.0, 0.0, 0.0, 0.0, 1.0, 0.0, 0.0, 1.0, 0.0, 0.0, 1.0, 0.0, 0.0, 0.0, 1.0, 0.0, 0.0, 1.0, 1.0, 0.0, 0.0, 0.0, 0.0, 1.0, 0.0, 1.0, 0.0, 0.0, 0.0, 1.0, 0.0, 0.0, 1.0]]

[2024-10-14T10:32:08.435081][INFO][seed166] Sampled 1000 data instances
[2024-10-14T10:32:08.435508][INFO][seed166] Starting exact inference 
[2024-10-14T10:32:08.447369][INFO][seed116] U cardinality: 9
[2024-10-14T10:32:08.447835][INFO][seed149] Sampled 1000 data instances
[2024-10-14T10:32:08.448263][INFO][seed149] Starting exact inference 
[2024-10-14T10:32:08.448213][INFO][seed36] Sampled 1000 data instances
[2024-10-14T10:32:08.448594][INFO][seed36] Starting exact inference 
[2024-10-14T10:32:08.453565][INFO][seed116] !0 = [0, 1, 2, 3, 4, 5, 6, 7, 8]
[2024-10-14T10:32:08.454114][INFO][seed116] 0 = []
[2024-10-14T10:32:08.456495][INFO][seed116] U cardinality: 9
[2024-10-14T10:32:08.462765][INFO][seed131] U cardinality: 9
[2024-10-14T10:32:08.467133][INFO][seed116] 
[P([3]) [0.574, 0.426], P([2]) [0.613, 0.002, 0.01, 0.002, 0.126, 0.012, 0.154, 0.057, 0.024], P([1, 3]) [1.0, 0.0, 0.0, 1.0], P([0, 1, 2]) [1.0, 0.0, 0.0, 1.0, 0.0, 0.0, 1.0, 0.0, 0.0, 0.0, 1.0, 0.0, 1.0, 0.0, 0.0, 0.0, 0.0, 1.0, 0.0, 1.0, 0.0, 1.0, 0.0, 0.0, 0.0, 1.0, 0.0, 0.0, 1.0, 0.0, 0.0, 1.0, 0.0, 0.0, 0.0, 1.0, 0.0, 0.0, 1.0, 1.0, 0.0, 0.0, 0.0, 0.0, 1.0, 0.0, 1.0, 0.0, 0.0, 0.0, 1.0, 0.0, 0.0, 1.0]]

[2024-10-14T10:32:08.468613][INFO][seed111] U cardinality: 9
[2024-10-14T10:32:08.470282][INFO][seed131] !0 = [0, 1, 2, 3, 4, 5, 6, 7, 8]
[2024-10-14T10:32:08.471025][INFO][seed131] 0 = []
[2024-10-14T10:32:08.473633][INFO][seed131] U cardinality: 9
[2024-10-14T10:32:08.474556][INFO][seed111] !0 = [0, 1, 2, 3, 4, 5, 6, 7, 8]
[2024-10-14T10:32:08.475207][INFO][seed111] 0 = []
[2024-10-14T10:32:08.475067][INFO][seed144] U cardinality: 9
[2024-10-14T10:32:08.477365][INFO][seed111] U cardinality: 9
[2024-10-14T10:32:08.489112][INFO][seed144] !0 = [0, 1, 2, 3, 4, 5, 6, 7, 8]
[2024-10-14T10:32:08.489700][INFO][seed144] 0 = []
[2024-10-14T10:32:08.490288][INFO][seed131] 
[P([3]) [0.918, 0.082], P([2]) [0.006, 0.185, 0.018, 0.004, 0.16, 0.065, 0.003, 0.543, 0.016], P([1, 3]) [1.0, 0.0, 0.0, 1.0], P([0, 1, 2]) [1.0, 0.0, 0.0, 1.0, 0.0, 0.0, 1.0, 0.0, 0.0, 0.0, 1.0, 0.0, 1.0, 0.0, 0.0, 0.0, 0.0, 1.0, 0.0, 1.0, 0.0, 1.0, 0.0, 0.0, 0.0, 1.0, 0.0, 0.0, 1.0, 0.0, 0.0, 1.0, 0.0, 0.0, 0.0, 1.0, 0.0, 0.0, 1.0, 1.0, 0.0, 0.0, 0.0, 0.0, 1.0, 0.0, 1.0, 0.0, 0.0, 0.0, 1.0, 0.0, 0.0, 1.0]]

[2024-10-14T10:32:08.491669][INFO][seed144] U cardinality: 9
[2024-10-14T10:32:08.494981][INFO][seed111] 
[P([3]) [0.163, 0.837], P([2]) [0.003, 0.002, 0.571, 0.08, 0.003, 0.328, 0.01, 0.001, 0.002], P([1, 3]) [1.0, 0.0, 0.0, 1.0], P([0, 1, 2]) [1.0, 0.0, 0.0, 1.0, 0.0, 0.0, 1.0, 0.0, 0.0, 0.0, 1.0, 0.0, 1.0, 0.0, 0.0, 0.0, 0.0, 1.0, 0.0, 1.0, 0.0, 1.0, 0.0, 0.0, 0.0, 1.0, 0.0, 0.0, 1.0, 0.0, 0.0, 1.0, 0.0, 0.0, 0.0, 1.0, 0.0, 0.0, 1.0, 1.0, 0.0, 0.0, 0.0, 0.0, 1.0, 0.0, 1.0, 0.0, 0.0, 0.0, 1.0, 0.0, 0.0, 1.0]]

[2024-10-14T10:32:08.499599][INFO][seed144] 
[P([3]) [0.767, 0.233], P([2]) [0.001, 0.001, 0.001, 0.002, 0.002, 0.045, 0.831, 0.002, 0.115], P([1, 3]) [1.0, 0.0, 0.0, 1.0], P([0, 1, 2]) [1.0, 0.0, 0.0, 1.0, 0.0, 0.0, 1.0, 0.0, 0.0, 0.0, 1.0, 0.0, 1.0, 0.0, 0.0, 0.0, 0.0, 1.0, 0.0, 1.0, 0.0, 1.0, 0.0, 0.0, 0.0, 1.0, 0.0, 0.0, 1.0, 0.0, 0.0, 1.0, 0.0, 0.0, 0.0, 1.0, 0.0, 0.0, 1.0, 1.0, 0.0, 0.0, 0.0, 0.0, 1.0, 0.0, 1.0, 0.0, 0.0, 0.0, 1.0, 0.0, 0.0, 1.0]]

[2024-10-14T10:32:08.493269][INFO][seed80] Set up logging
[2024-10-14T10:32:08.519928][INFO][seed80] args: -np;1;-nzr;1.0;-zdr;0.5;-o;/mnt/beegfs/rcabanas/dev/credici/papers/zeros/models/s3;-rw;-s;80;-ys;3
[2024-10-14T10:32:08.522852][INFO][seed80] Starting logger with seed 80
[2024-10-14T10:32:08.501481][INFO][seed157] Set up logging
[2024-10-14T10:32:08.531102][INFO][seed157] args: -np;1;-nzr;1.0;-zdr;0.5;-o;/mnt/beegfs/rcabanas/dev/credici/papers/zeros/models/s3;-rw;-s;157;-ys;3
[2024-10-14T10:32:08.533590][INFO][seed157] Starting logger with seed 157
[2024-10-14T10:32:08.549077][INFO][seed80] simple_nparents1_nzr10_zdr05_ysize3_80
[2024-10-14T10:32:08.548126][INFO][seed157] simple_nparents1_nzr10_zdr05_ysize3_157
[2024-10-14T10:32:08.543184][INFO][seed63] Set up logging
[2024-10-14T10:32:08.525135][INFO][seed87] Set up logging
[2024-10-14T10:32:08.556954][INFO][seed87] args: -np;1;-nzr;1.0;-zdr;0.5;-o;/mnt/beegfs/rcabanas/dev/credici/papers/zeros/models/s3;-rw;-s;87;-ys;3
[2024-10-14T10:32:08.556978][INFO][seed63] args: -np;1;-nzr;1.0;-zdr;0.5;-o;/mnt/beegfs/rcabanas/dev/credici/papers/zeros/models/s3;-rw;-s;63;-ys;3
[2024-10-14T10:32:08.559254][INFO][seed87] Starting logger with seed 87
[2024-10-14T10:32:08.567615][INFO][seed63] Starting logger with seed 63
[2024-10-14T10:32:08.541649][INFO][seed137] Set up logging
[2024-10-14T10:32:08.573602][INFO][seed137] args: -np;1;-nzr;1.0;-zdr;0.5;-o;/mnt/beegfs/rcabanas/dev/credici/papers/zeros/models/s3;-rw;-s;137;-ys;3
[2024-10-14T10:32:08.574970][INFO][seed87] simple_nparents1_nzr10_zdr05_ysize3_87
[2024-10-14T10:32:08.576379][INFO][seed137] Starting logger with seed 137
[2024-10-14T10:32:08.579625][INFO][seed63] simple_nparents1_nzr10_zdr05_ysize3_63
[2024-10-14T10:32:08.592025][INFO][seed64] U cardinality: 9
[2024-10-14T10:32:08.593433][INFO][seed137] simple_nparents1_nzr10_zdr05_ysize3_137
[2024-10-14T10:32:08.597760][INFO][seed64] !0 = [0, 1, 2, 3, 4, 5, 6, 7, 8]
[2024-10-14T10:32:08.599005][INFO][seed64] 0 = []
[2024-10-14T10:32:08.578116][INFO][seed182] Set up logging
[2024-10-14T10:32:08.600409][INFO][seed182] args: -np;1;-nzr;1.0;-zdr;0.5;-o;/mnt/beegfs/rcabanas/dev/credici/papers/zeros/models/s3;-rw;-s;182;-ys;3
[2024-10-14T10:32:08.601164][INFO][seed64] U cardinality: 9
[2024-10-14T10:32:08.601729][INFO][seed182] Starting logger with seed 182
[2024-10-14T10:32:08.607247][INFO][seed64] 
[P([3]) [0.701, 0.299], P([2]) [0.003, 0.002, 0.004, 0.101, 0.084, 0.232, 0.005, 0.553, 0.016], P([1, 3]) [1.0, 0.0, 0.0, 1.0], P([0, 1, 2]) [1.0, 0.0, 0.0, 1.0, 0.0, 0.0, 1.0, 0.0, 0.0, 0.0, 1.0, 0.0, 1.0, 0.0, 0.0, 0.0, 0.0, 1.0, 0.0, 1.0, 0.0, 1.0, 0.0, 0.0, 0.0, 1.0, 0.0, 0.0, 1.0, 0.0, 0.0, 1.0, 0.0, 0.0, 0.0, 1.0, 0.0, 0.0, 1.0, 1.0, 0.0, 0.0, 0.0, 0.0, 1.0, 0.0, 1.0, 0.0, 0.0, 0.0, 1.0, 0.0, 0.0, 1.0]]

[2024-10-14T10:32:08.608238][INFO][seed182] simple_nparents1_nzr10_zdr05_ysize3_182
[2024-10-14T10:32:08.591154][INFO][seed140] Set up logging
[2024-10-14T10:32:08.617883][INFO][seed140] args: -np;1;-nzr;1.0;-zdr;0.5;-o;/mnt/beegfs/rcabanas/dev/credici/papers/zeros/models/s3;-rw;-s;140;-ys;3
[2024-10-14T10:32:08.619387][INFO][seed140] Starting logger with seed 140
[2024-10-14T10:32:08.627061][INFO][seed140] simple_nparents1_nzr10_zdr05_ysize3_140
[2024-10-14T10:32:08.653264][INFO][seed91] Sampled 1000 data instances
[2024-10-14T10:32:08.653378][INFO][seed91] Starting exact inference 
[2024-10-14T10:32:08.666724][INFO][seed146] Set up logging
[2024-10-14T10:32:08.693341][INFO][seed146] args: -np;1;-nzr;1.0;-zdr;0.5;-o;/mnt/beegfs/rcabanas/dev/credici/papers/zeros/models/s3;-rw;-s;146;-ys;3
[2024-10-14T10:32:08.695755][INFO][seed146] Starting logger with seed 146
[2024-10-14T10:32:08.708329][INFO][seed116] Sampled 1000 data instances
[2024-10-14T10:32:08.708673][INFO][seed116] Starting exact inference 
[2024-10-14T10:32:08.710117][INFO][seed146] simple_nparents1_nzr10_zdr05_ysize3_146
[2024-10-14T10:32:08.729698][INFO][seed144] Sampled 1000 data instances
[2024-10-14T10:32:08.729993][INFO][seed144] Starting exact inference 
[2024-10-14T10:32:08.737090][INFO][seed111] Sampled 1000 data instances
[2024-10-14T10:32:08.737404][INFO][seed111] Starting exact inference 
[2024-10-14T10:32:08.743875][INFO][seed131] Sampled 1000 data instances
[2024-10-14T10:32:08.744250][INFO][seed131] Starting exact inference 
[2024-10-14T10:32:08.755944][INFO][seed39] U cardinality: 9
[2024-10-14T10:32:08.763723][INFO][seed39] !0 = [0, 1, 2, 3, 4, 5, 6, 7, 8]
[2024-10-14T10:32:08.764215][INFO][seed39] 0 = []
[2024-10-14T10:32:08.768112][INFO][seed39] U cardinality: 9
[2024-10-14T10:32:08.779440][INFO][seed39] 
[P([3]) [0.79, 0.21], P([2]) [0.001, 0.004, 0.005, 0.248, 0.641, 0.014, 0.082, 0.003, 0.002], P([1, 3]) [1.0, 0.0, 0.0, 1.0], P([0, 1, 2]) [1.0, 0.0, 0.0, 1.0, 0.0, 0.0, 1.0, 0.0, 0.0, 0.0, 1.0, 0.0, 1.0, 0.0, 0.0, 0.0, 0.0, 1.0, 0.0, 1.0, 0.0, 1.0, 0.0, 0.0, 0.0, 1.0, 0.0, 0.0, 1.0, 0.0, 0.0, 1.0, 0.0, 0.0, 0.0, 1.0, 0.0, 0.0, 1.0, 1.0, 0.0, 0.0, 0.0, 0.0, 1.0, 0.0, 1.0, 0.0, 0.0, 0.0, 1.0, 0.0, 0.0, 1.0]]

[2024-10-14T10:32:08.822629][INFO][seed64] Sampled 1000 data instances
[2024-10-14T10:32:08.822962][INFO][seed64] Starting exact inference 
[2024-10-14T10:32:08.830645][INFO][seed182] U cardinality: 9
[2024-10-14T10:32:08.830658][INFO][seed140] U cardinality: 9
[2024-10-14T10:32:08.835224][INFO][seed182] !0 = [0, 1, 2, 3, 4, 5, 6, 7, 8]
[2024-10-14T10:32:08.835500][INFO][seed140] !0 = [0, 1, 2, 3, 4, 5, 6, 7, 8]
[2024-10-14T10:32:08.835509][INFO][seed182] 0 = []
[2024-10-14T10:32:08.836270][INFO][seed140] 0 = []
[2024-10-14T10:32:08.837816][INFO][seed182] U cardinality: 9
[2024-10-14T10:32:08.838517][INFO][seed140] U cardinality: 9
[2024-10-14T10:32:08.843918][INFO][seed182] 
[P([3]) [0.252, 0.748], P([2]) [0.208, 0.002, 0.004, 0.001, 0.075, 0.001, 0.7, 0.008, 0.001], P([1, 3]) [1.0, 0.0, 0.0, 1.0], P([0, 1, 2]) [1.0, 0.0, 0.0, 1.0, 0.0, 0.0, 1.0, 0.0, 0.0, 0.0, 1.0, 0.0, 1.0, 0.0, 0.0, 0.0, 0.0, 1.0, 0.0, 1.0, 0.0, 1.0, 0.0, 0.0, 0.0, 1.0, 0.0, 0.0, 1.0, 0.0, 0.0, 1.0, 0.0, 0.0, 0.0, 1.0, 0.0, 0.0, 1.0, 1.0, 0.0, 0.0, 0.0, 0.0, 1.0, 0.0, 1.0, 0.0, 0.0, 0.0, 1.0, 0.0, 0.0, 1.0]]

[2024-10-14T10:32:08.844420][INFO][seed140] 
[P([3]) [0.258, 0.742], P([2]) [0.048, 0.191, 0.038, 0.01, 0.23, 0.001, 0.008, 0.042, 0.432], P([1, 3]) [1.0, 0.0, 0.0, 1.0], P([0, 1, 2]) [1.0, 0.0, 0.0, 1.0, 0.0, 0.0, 1.0, 0.0, 0.0, 0.0, 1.0, 0.0, 1.0, 0.0, 0.0, 0.0, 0.0, 1.0, 0.0, 1.0, 0.0, 1.0, 0.0, 0.0, 0.0, 1.0, 0.0, 0.0, 1.0, 0.0, 0.0, 1.0, 0.0, 0.0, 0.0, 1.0, 0.0, 0.0, 1.0, 1.0, 0.0, 0.0, 0.0, 0.0, 1.0, 0.0, 1.0, 0.0, 0.0, 0.0, 1.0, 0.0, 0.0, 1.0]]

[2024-10-14T10:32:08.883391][INFO][seed146] U cardinality: 9
[2024-10-14T10:32:08.887937][INFO][seed146] !0 = [0, 1, 2, 3, 4, 5, 6, 7, 8]
[2024-10-14T10:32:08.888210][INFO][seed146] 0 = []
[2024-10-14T10:32:08.889902][INFO][seed146] U cardinality: 9
[2024-10-14T10:32:08.897852][INFO][seed146] 
[P([3]) [0.954, 0.046], P([2]) [0.002, 0.001, 0.312, 0.243, 0.081, 0.001, 0.01, 0.349, 0.001], P([1, 3]) [1.0, 0.0, 0.0, 1.0], P([0, 1, 2]) [1.0, 0.0, 0.0, 1.0, 0.0, 0.0, 1.0, 0.0, 0.0, 0.0, 1.0, 0.0, 1.0, 0.0, 0.0, 0.0, 0.0, 1.0, 0.0, 1.0, 0.0, 1.0, 0.0, 0.0, 0.0, 1.0, 0.0, 0.0, 1.0, 0.0, 0.0, 1.0, 0.0, 0.0, 0.0, 1.0, 0.0, 0.0, 1.0, 1.0, 0.0, 0.0, 0.0, 0.0, 1.0, 0.0, 1.0, 0.0, 0.0, 0.0, 1.0, 0.0, 0.0, 1.0]]

[2024-10-14T10:32:08.950280][INFO][seed87] U cardinality: 9
[2024-10-14T10:32:08.957673][INFO][seed87] !0 = [0, 1, 2, 3, 4, 5, 6, 7, 8]
[2024-10-14T10:32:08.958157][INFO][seed87] 0 = []
[2024-10-14T10:32:08.960999][INFO][seed87] U cardinality: 9
[2024-10-14T10:32:08.969030][INFO][seed80] U cardinality: 9
[2024-10-14T10:32:08.976596][INFO][seed80] !0 = [0, 1, 2, 3, 4, 5, 6, 7, 8]
[2024-10-14T10:32:08.977151][INFO][seed87] 
[P([3]) [0.737, 0.263], P([2]) [0.684, 0.002, 0.002, 0.123, 0.137, 0.034, 0.002, 0.002, 0.014], P([1, 3]) [1.0, 0.0, 0.0, 1.0], P([0, 1, 2]) [1.0, 0.0, 0.0, 1.0, 0.0, 0.0, 1.0, 0.0, 0.0, 0.0, 1.0, 0.0, 1.0, 0.0, 0.0, 0.0, 0.0, 1.0, 0.0, 1.0, 0.0, 1.0, 0.0, 0.0, 0.0, 1.0, 0.0, 0.0, 1.0, 0.0, 0.0, 1.0, 0.0, 0.0, 0.0, 1.0, 0.0, 0.0, 1.0, 1.0, 0.0, 0.0, 0.0, 0.0, 1.0, 0.0, 1.0, 0.0, 0.0, 0.0, 1.0, 0.0, 0.0, 1.0]]

[2024-10-14T10:32:08.977063][INFO][seed80] 0 = []
[2024-10-14T10:32:08.980724][INFO][seed80] U cardinality: 9
[2024-10-14T10:32:08.995620][INFO][seed80] 
[P([3]) [0.648, 0.352], P([2]) [0.202, 0.001, 0.498, 0.032, 0.194, 0.039, 0.006, 0.025, 0.003], P([1, 3]) [1.0, 0.0, 0.0, 1.0], P([0, 1, 2]) [1.0, 0.0, 0.0, 1.0, 0.0, 0.0, 1.0, 0.0, 0.0, 0.0, 1.0, 0.0, 1.0, 0.0, 0.0, 0.0, 0.0, 1.0, 0.0, 1.0, 0.0, 1.0, 0.0, 0.0, 0.0, 1.0, 0.0, 0.0, 1.0, 0.0, 0.0, 1.0, 0.0, 0.0, 0.0, 1.0, 0.0, 0.0, 1.0, 1.0, 0.0, 0.0, 0.0, 0.0, 1.0, 0.0, 1.0, 0.0, 0.0, 0.0, 1.0, 0.0, 0.0, 1.0]]

[2024-10-14T10:32:08.971899][INFO][seed47] Set up logging
[2024-10-14T10:32:08.999170][INFO][seed47] args: -np;1;-nzr;1.0;-zdr;0.5;-o;/mnt/beegfs/rcabanas/dev/credici/papers/zeros/models/s3;-rw;-s;47;-ys;3
[2024-10-14T10:32:09.001584][INFO][seed47] Starting logger with seed 47
[2024-10-14T10:32:09.001484][INFO][seed137] U cardinality: 9
[2024-10-14T10:32:09.008570][INFO][seed137] !0 = [0, 1, 2, 3, 4, 5, 6, 7, 8]
[2024-10-14T10:32:09.009634][INFO][seed137] 0 = []
[2024-10-14T10:32:09.012557][INFO][seed137] U cardinality: 9
[2024-10-14T10:32:09.009152][INFO][seed157] U cardinality: 9
[2024-10-14T10:32:09.014874][INFO][seed47] simple_nparents1_nzr10_zdr05_ysize3_47
[2024-10-14T10:32:09.015301][INFO][seed157] !0 = [0, 1, 2, 3, 4, 5, 6, 7, 8]
[2024-10-14T10:32:08.984166][INFO][seed165] Set up logging
[2024-10-14T10:32:08.995097][INFO][seed145] Set up logging
[2024-10-14T10:32:09.015756][INFO][seed157] 0 = []
[2024-10-14T10:32:09.016447][INFO][seed165] args: -np;1;-nzr;1.0;-zdr;0.5;-o;/mnt/beegfs/rcabanas/dev/credici/papers/zeros/models/s3;-rw;-s;165;-ys;3
[2024-10-14T10:32:09.018901][INFO][seed165] Starting logger with seed 165
[2024-10-14T10:32:09.018026][INFO][seed145] args: -np;1;-nzr;1.0;-zdr;0.5;-o;/mnt/beegfs/rcabanas/dev/credici/papers/zeros/models/s3;-rw;-s;145;-ys;3
[2024-10-14T10:32:09.017775][INFO][seed157] U cardinality: 9
[2024-10-14T10:32:09.022533][INFO][seed145] Starting logger with seed 145
[2024-10-14T10:32:09.023106][INFO][seed137] 
[P([3]) [0.871, 0.129], P([2]) [0.023, 0.128, 0.011, 0.007, 0.007, 0.005, 0.014, 0.012, 0.793], P([1, 3]) [1.0, 0.0, 0.0, 1.0], P([0, 1, 2]) [1.0, 0.0, 0.0, 1.0, 0.0, 0.0, 1.0, 0.0, 0.0, 0.0, 1.0, 0.0, 1.0, 0.0, 0.0, 0.0, 0.0, 1.0, 0.0, 1.0, 0.0, 1.0, 0.0, 0.0, 0.0, 1.0, 0.0, 0.0, 1.0, 0.0, 0.0, 1.0, 0.0, 0.0, 0.0, 1.0, 0.0, 0.0, 1.0, 1.0, 0.0, 0.0, 0.0, 0.0, 1.0, 0.0, 1.0, 0.0, 0.0, 0.0, 1.0, 0.0, 0.0, 1.0]]

[2024-10-14T10:32:09.027552][INFO][seed39] Sampled 1000 data instances
[2024-10-14T10:32:09.027864][INFO][seed39] Starting exact inference 
[2024-10-14T10:32:09.001714][INFO][seed20] Set up logging
[2024-10-14T10:32:09.029656][INFO][seed20] args: -np;1;-nzr;1.0;-zdr;0.5;-o;/mnt/beegfs/rcabanas/dev/credici/papers/zeros/models/s3;-rw;-s;20;-ys;3
[2024-10-14T10:32:09.032282][INFO][seed157] 
[P([3]) [0.893, 0.107], P([2]) [0.006, 0.047, 0.256, 0.155, 0.097, 0.053, 0.138, 0.014, 0.234], P([1, 3]) [1.0, 0.0, 0.0, 1.0], P([0, 1, 2]) [1.0, 0.0, 0.0, 1.0, 0.0, 0.0, 1.0, 0.0, 0.0, 0.0, 1.0, 0.0, 1.0, 0.0, 0.0, 0.0, 0.0, 1.0, 0.0, 1.0, 0.0, 1.0, 0.0, 0.0, 0.0, 1.0, 0.0, 0.0, 1.0, 0.0, 0.0, 1.0, 0.0, 0.0, 0.0, 1.0, 0.0, 0.0, 1.0, 1.0, 0.0, 0.0, 0.0, 0.0, 1.0, 0.0, 1.0, 0.0, 0.0, 0.0, 1.0, 0.0, 0.0, 1.0]]

[2024-10-14T10:32:09.033683][INFO][seed165] simple_nparents1_nzr10_zdr05_ysize3_165
[2024-10-14T10:32:09.034045][INFO][seed20] Starting logger with seed 20
[2024-10-14T10:32:09.036540][INFO][seed145] simple_nparents1_nzr10_zdr05_ysize3_145
[2024-10-14T10:32:09.044719][INFO][seed63] U cardinality: 9
[2024-10-14T10:32:09.047668][INFO][seed182] Sampled 1000 data instances
[2024-10-14T10:32:09.047749][INFO][seed182] Starting exact inference 
[2024-10-14T10:32:09.048666][INFO][seed20] simple_nparents1_nzr10_zdr05_ysize3_20
[2024-10-14T10:32:09.053064][INFO][seed140] Sampled 1000 data instances
[2024-10-14T10:32:09.053304][INFO][seed140] Starting exact inference 
[2024-10-14T10:32:09.061074][INFO][seed63] !0 = [0, 1, 2, 3, 4, 5, 6, 7, 8]
[2024-10-14T10:32:09.061728][INFO][seed63] 0 = []
[2024-10-14T10:32:09.039194][INFO][seed125] Set up logging
[2024-10-14T10:32:09.065967][INFO][seed125] args: -np;1;-nzr;1.0;-zdr;0.5;-o;/mnt/beegfs/rcabanas/dev/credici/papers/zeros/models/s3;-rw;-s;125;-ys;3
[2024-10-14T10:32:09.065935][INFO][seed63] U cardinality: 9
[2024-10-14T10:32:09.036653][INFO][seed109] Set up logging
[2024-10-14T10:32:09.068532][INFO][seed109] args: -np;1;-nzr;1.0;-zdr;0.5;-o;/mnt/beegfs/rcabanas/dev/credici/papers/zeros/models/s3;-rw;-s;109;-ys;3
[2024-10-14T10:32:09.072236][INFO][seed109] Starting logger with seed 109
[2024-10-14T10:32:09.068507][INFO][seed125] Starting logger with seed 125
[2024-10-14T10:32:09.037105][INFO][seed66] Set up logging
[2024-10-14T10:32:09.075362][INFO][seed66] args: -np;1;-nzr;1.0;-zdr;0.5;-o;/mnt/beegfs/rcabanas/dev/credici/papers/zeros/models/s3;-rw;-s;66;-ys;3
[2024-10-14T10:32:09.077318][INFO][seed63] 
[P([3]) [0.794, 0.206], P([2]) [0.495, 0.014, 0.026, 0.018, 0.002, 0.374, 0.001, 0.016, 0.054], P([1, 3]) [1.0, 0.0, 0.0, 1.0], P([0, 1, 2]) [1.0, 0.0, 0.0, 1.0, 0.0, 0.0, 1.0, 0.0, 0.0, 0.0, 1.0, 0.0, 1.0, 0.0, 0.0, 0.0, 0.0, 1.0, 0.0, 1.0, 0.0, 1.0, 0.0, 0.0, 0.0, 1.0, 0.0, 0.0, 1.0, 0.0, 0.0, 1.0, 0.0, 0.0, 0.0, 1.0, 0.0, 0.0, 1.0, 1.0, 0.0, 0.0, 0.0, 0.0, 1.0, 0.0, 1.0, 0.0, 0.0, 0.0, 1.0, 0.0, 0.0, 1.0]]

[2024-10-14T10:32:09.078242][INFO][seed66] Starting logger with seed 66
[2024-10-14T10:32:09.080627][INFO][seed109] simple_nparents1_nzr10_zdr05_ysize3_109
[2024-10-14T10:32:09.082194][INFO][seed146] Sampled 1000 data instances
[2024-10-14T10:32:09.082432][INFO][seed146] Starting exact inference 
[2024-10-14T10:32:09.087047][INFO][seed125] simple_nparents1_nzr10_zdr05_ysize3_125
[2024-10-14T10:32:09.095139][INFO][seed66] simple_nparents1_nzr10_zdr05_ysize3_66
[2024-10-14T10:32:09.088832][INFO][seed103] Set up logging
[2024-10-14T10:32:09.076085][INFO][seed56] Set up logging
[2024-10-14T10:32:09.101879][INFO][seed56] args: -np;1;-nzr;1.0;-zdr;0.5;-o;/mnt/beegfs/rcabanas/dev/credici/papers/zeros/models/s3;-rw;-s;56;-ys;3
[2024-10-14T10:32:09.104208][INFO][seed103] args: -np;1;-nzr;1.0;-zdr;0.5;-o;/mnt/beegfs/rcabanas/dev/credici/papers/zeros/models/s3;-rw;-s;103;-ys;3
[2024-10-14T10:32:09.121649][INFO][seed56] Starting logger with seed 56
[2024-10-14T10:32:09.122397][INFO][seed103] Starting logger with seed 103
[2024-10-14T10:32:09.128362][INFO][seed103] simple_nparents1_nzr10_zdr05_ysize3_103
[2024-10-14T10:32:09.138841][INFO][seed56] simple_nparents1_nzr10_zdr05_ysize3_56
[2024-10-14T10:32:09.125869][INFO][seed130] Set up logging
[2024-10-14T10:32:09.156685][INFO][seed130] args: -np;1;-nzr;1.0;-zdr;0.5;-o;/mnt/beegfs/rcabanas/dev/credici/papers/zeros/models/s3;-rw;-s;130;-ys;3
[2024-10-14T10:32:09.160512][INFO][seed130] Starting logger with seed 130
[2024-10-14T10:32:09.132482][INFO][seed113] Set up logging
[2024-10-14T10:32:09.164882][INFO][seed113] args: -np;1;-nzr;1.0;-zdr;0.5;-o;/mnt/beegfs/rcabanas/dev/credici/papers/zeros/models/s3;-rw;-s;113;-ys;3
[2024-10-14T10:32:09.131165][INFO][seed176] Set up logging
[2024-10-14T10:32:09.165965][INFO][seed176] args: -np;1;-nzr;1.0;-zdr;0.5;-o;/mnt/beegfs/rcabanas/dev/credici/papers/zeros/models/s3;-rw;-s;176;-ys;3
[2024-10-14T10:32:09.168181][INFO][seed113] Starting logger with seed 113
[2024-10-14T10:32:09.140711][INFO][seed173] Set up logging
[2024-10-14T10:32:09.168990][INFO][seed176] Starting logger with seed 176
[2024-10-14T10:32:09.169405][INFO][seed173] args: -np;1;-nzr;1.0;-zdr;0.5;-o;/mnt/beegfs/rcabanas/dev/credici/papers/zeros/models/s3;-rw;-s;173;-ys;3
[2024-10-14T10:32:09.173079][INFO][seed173] Starting logger with seed 173
[2024-10-14T10:32:09.176549][INFO][seed130] simple_nparents1_nzr10_zdr05_ysize3_130
[2024-10-14T10:32:09.184064][INFO][seed176] simple_nparents1_nzr10_zdr05_ysize3_176
[2024-10-14T10:32:09.186942][INFO][seed173] simple_nparents1_nzr10_zdr05_ysize3_173
[2024-10-14T10:32:09.186336][INFO][seed113] simple_nparents1_nzr10_zdr05_ysize3_113
[2024-10-14T10:32:09.193941][INFO][seed87] Sampled 1000 data instances
[2024-10-14T10:32:09.194224][INFO][seed87] Starting exact inference 
[2024-10-14T10:32:09.171988][INFO][seed89] Set up logging
[2024-10-14T10:32:09.178726][INFO][seed177] Set up logging
[2024-10-14T10:32:09.205170][INFO][seed177] args: -np;1;-nzr;1.0;-zdr;0.5;-o;/mnt/beegfs/rcabanas/dev/credici/papers/zeros/models/s3;-rw;-s;177;-ys;3
[2024-10-14T10:32:09.204763][INFO][seed89] args: -np;1;-nzr;1.0;-zdr;0.5;-o;/mnt/beegfs/rcabanas/dev/credici/papers/zeros/models/s3;-rw;-s;89;-ys;3
[2024-10-14T10:32:09.177022][INFO][seed30] Set up logging
[2024-10-14T10:32:09.208176][INFO][seed177] Starting logger with seed 177
[2024-10-14T10:32:09.208465][INFO][seed30] args: -np;1;-nzr;1.0;-zdr;0.5;-o;/mnt/beegfs/rcabanas/dev/credici/papers/zeros/models/s3;-rw;-s;30;-ys;3
[2024-10-14T10:32:09.173346][INFO][seed31] Set up logging
[2024-10-14T10:32:09.209017][INFO][seed31] args: -np;1;-nzr;1.0;-zdr;0.5;-o;/mnt/beegfs/rcabanas/dev/credici/papers/zeros/models/s3;-rw;-s;31;-ys;3
[2024-10-14T10:32:09.209552][INFO][seed89] Starting logger with seed 89
[2024-10-14T10:32:09.177435][INFO][seed172] Set up logging
[2024-10-14T10:32:09.211489][INFO][seed172] args: -np;1;-nzr;1.0;-zdr;0.5;-o;/mnt/beegfs/rcabanas/dev/credici/papers/zeros/models/s3;-rw;-s;172;-ys;3
[2024-10-14T10:32:09.212373][INFO][seed30] Starting logger with seed 30
[2024-10-14T10:32:09.218133][INFO][seed31] Starting logger with seed 31
[2024-10-14T10:32:09.218223][INFO][seed172] Starting logger with seed 172
[2024-10-14T10:32:09.187512][INFO][seed161] Set up logging
[2024-10-14T10:32:09.223585][INFO][seed31] simple_nparents1_nzr10_zdr05_ysize3_31
[2024-10-14T10:32:09.222657][INFO][seed161] args: -np;1;-nzr;1.0;-zdr;0.5;-o;/mnt/beegfs/rcabanas/dev/credici/papers/zeros/models/s3;-rw;-s;161;-ys;3
[2024-10-14T10:32:09.224444][INFO][seed177] simple_nparents1_nzr10_zdr05_ysize3_177
[2024-10-14T10:32:09.225202][INFO][seed161] Starting logger with seed 161
[2024-10-14T10:32:09.227470][INFO][seed80] Sampled 1000 data instances
[2024-10-14T10:32:09.227833][INFO][seed80] Starting exact inference 
[2024-10-14T10:32:09.229448][INFO][seed30] simple_nparents1_nzr10_zdr05_ysize3_30
[2024-10-14T10:32:09.201049][INFO][seed199] Set up logging
[2024-10-14T10:32:09.232674][INFO][seed199] args: -np;1;-nzr;1.0;-zdr;0.5;-o;/mnt/beegfs/rcabanas/dev/credici/papers/zeros/models/s3;-rw;-s;199;-ys;3
[2024-10-14T10:32:09.234769][INFO][seed172] simple_nparents1_nzr10_zdr05_ysize3_172
[2024-10-14T10:32:09.236701][INFO][seed199] Starting logger with seed 199
[2024-10-14T10:32:09.237644][INFO][seed161] simple_nparents1_nzr10_zdr05_ysize3_161
[2024-10-14T10:32:09.248566][INFO][seed199] simple_nparents1_nzr10_zdr05_ysize3_199
[2024-10-14T10:32:09.228157][INFO][seed59] Set up logging
[2024-10-14T10:32:09.258608][INFO][seed59] args: -np;1;-nzr;1.0;-zdr;0.5;-o;/mnt/beegfs/rcabanas/dev/credici/papers/zeros/models/s3;-rw;-s;59;-ys;3
[2024-10-14T10:32:09.233013][INFO][seed24] Set up logging
[2024-10-14T10:32:09.268513][INFO][seed137] Sampled 1000 data instances
[2024-10-14T10:32:09.268635][INFO][seed137] Starting exact inference 
[2024-10-14T10:32:09.270612][INFO][seed24] args: -np;1;-nzr;1.0;-zdr;0.5;-o;/mnt/beegfs/rcabanas/dev/credici/papers/zeros/models/s3;-rw;-s;24;-ys;3
[2024-10-14T10:32:09.271649][INFO][seed59] Starting logger with seed 59
[2024-10-14T10:32:09.272247][INFO][seed157] Sampled 1000 data instances
[2024-10-14T10:32:09.275448][INFO][seed24] Starting logger with seed 24
[2024-10-14T10:32:09.274704][INFO][seed89] simple_nparents1_nzr10_zdr05_ysize3_89
[2024-10-14T10:32:09.272536][INFO][seed157] Starting exact inference 
[2024-10-14T10:32:09.280913][INFO][seed24] simple_nparents1_nzr10_zdr05_ysize3_24
[2024-10-14T10:32:09.286665][INFO][seed59] simple_nparents1_nzr10_zdr05_ysize3_59
[2024-10-14T10:32:09.304399][INFO][seed83] PS(V1,V0) in [0.0, 1.0]
[2024-10-14T10:32:09.317067][INFO][seed83] PN(V1,V0) in [0.0, 0.5429178286529607] 
[2024-10-14T10:32:09.364474][INFO][seed63] Sampled 1000 data instances
[2024-10-14T10:32:09.365977][INFO][seed83] Saved data to: /mnt/beegfs/rcabanas/dev/credici/papers/zeros/models/s3/simple_nparents1_nzr10_zdr05_ysize3_83.csv
[2024-10-14T10:32:09.364792][INFO][seed63] Starting exact inference 
[2024-10-14T10:32:09.398834][INFO][seed83] Saved model to: /mnt/beegfs/rcabanas/dev/credici/papers/zeros/models/s3/simple_nparents1_nzr10_zdr05_ysize3_83.uai
[2024-10-14T10:32:09.377066][INFO][seed128] Set up logging
[2024-10-14T10:32:09.408812][INFO][seed128] args: -np;1;-nzr;1.0;-zdr;0.5;-o;/mnt/beegfs/rcabanas/dev/credici/papers/zeros/models/s3;-rw;-s;128;-ys;3
[2024-10-14T10:32:09.413418][INFO][seed128] Starting logger with seed 128
[2024-10-14T10:32:09.415046][INFO][seed83] Saved queries to: /mnt/beegfs/rcabanas/dev/credici/papers/zeros/models/s3/simple_nparents1_nzr10_zdr05_ysize3_83_query.csv
[2024-10-14T10:32:09.415341][INFO][seed83] Closing log file
[2024-10-14T10:32:09.415435][INFO][seed83] Closed log file
[2024-10-14T10:32:09.388508][INFO][seed132] Set up logging
[2024-10-14T10:32:09.420149][INFO][seed132] args: -np;1;-nzr;1.0;-zdr;0.5;-o;/mnt/beegfs/rcabanas/dev/credici/papers/zeros/models/s3;-rw;-s;132;-ys;3
[2024-10-14T10:32:09.426586][INFO][seed128] simple_nparents1_nzr10_zdr05_ysize3_128
[2024-10-14T10:32:09.423970][INFO][seed132] Starting logger with seed 132
[2024-10-14T10:32:09.458124][INFO][seed132] simple_nparents1_nzr10_zdr05_ysize3_132
[2024-10-14T10:32:09.471589][INFO][seed47] U cardinality: 9
[2024-10-14T10:32:09.475827][INFO][seed145] U cardinality: 9
[2024-10-14T10:32:09.479269][INFO][seed47] !0 = [0, 1, 2, 3, 4, 5, 6, 7, 8]
[2024-10-14T10:32:09.479700][INFO][seed47] 0 = []
[2024-10-14T10:32:09.481486][INFO][seed47] U cardinality: 9
[2024-10-14T10:32:09.482578][INFO][seed162] PS(V1,V0) in [0.0, 0.049400370502778776]
[2024-10-14T10:32:09.484938][INFO][seed145] !0 = [0, 1, 2, 3, 4, 5, 6, 7, 8]
[2024-10-14T10:32:09.485357][INFO][seed145] 0 = []
[2024-10-14T10:32:09.487337][INFO][seed145] U cardinality: 9
[2024-10-14T10:32:09.497610][INFO][seed47] 
[P([3]) [0.153, 0.847], P([2]) [0.001, 0.003, 0.001, 0.003, 0.001, 0.432, 0.264, 0.186, 0.109], P([1, 3]) [1.0, 0.0, 0.0, 1.0], P([0, 1, 2]) [1.0, 0.0, 0.0, 1.0, 0.0, 0.0, 1.0, 0.0, 0.0, 0.0, 1.0, 0.0, 1.0, 0.0, 0.0, 0.0, 0.0, 1.0, 0.0, 1.0, 0.0, 1.0, 0.0, 0.0, 0.0, 1.0, 0.0, 0.0, 1.0, 0.0, 0.0, 1.0, 0.0, 0.0, 0.0, 1.0, 0.0, 0.0, 1.0, 1.0, 0.0, 0.0, 0.0, 0.0, 1.0, 0.0, 1.0, 0.0, 0.0, 0.0, 1.0, 0.0, 0.0, 1.0]]

[2024-10-14T10:32:09.501213][INFO][seed145] 
[P([3]) [0.563, 0.437], P([2]) [0.107, 0.001, 0.037, 0.123, 0.016, 0.711, 0.002, 0.002, 0.001], P([1, 3]) [1.0, 0.0, 0.0, 1.0], P([0, 1, 2]) [1.0, 0.0, 0.0, 1.0, 0.0, 0.0, 1.0, 0.0, 0.0, 0.0, 1.0, 0.0, 1.0, 0.0, 0.0, 0.0, 0.0, 1.0, 0.0, 1.0, 0.0, 1.0, 0.0, 0.0, 0.0, 1.0, 0.0, 0.0, 1.0, 0.0, 0.0, 1.0, 0.0, 0.0, 0.0, 1.0, 0.0, 0.0, 1.0, 1.0, 0.0, 0.0, 0.0, 0.0, 1.0, 0.0, 1.0, 0.0, 0.0, 0.0, 1.0, 0.0, 0.0, 1.0]]

[2024-10-14T10:32:09.508073][INFO][seed162] PN(V1,V0) in [0.0, 1.0] 
[2024-10-14T10:32:09.517238][INFO][seed66] U cardinality: 9
[2024-10-14T10:32:09.525079][INFO][seed66] !0 = [0, 1, 2, 3, 4, 5, 6, 7, 8]
[2024-10-14T10:32:09.525549][INFO][seed66] 0 = []
[2024-10-14T10:32:09.527691][INFO][seed66] U cardinality: 9
[2024-10-14T10:32:09.528720][INFO][seed165] U cardinality: 9
[2024-10-14T10:32:09.529909][INFO][seed125] U cardinality: 9
[2024-10-14T10:32:09.528882][INFO][seed7] No feasible solution... resampling
[2024-10-14T10:32:09.546125][INFO][seed165] !0 = [0, 1, 2, 3, 4, 5, 6, 7, 8]
[2024-10-14T10:32:09.546574][INFO][seed165] 0 = []
[2024-10-14T10:32:09.548475][INFO][seed165] U cardinality: 9
[2024-10-14T10:32:09.546970][INFO][seed125] !0 = [0, 1, 2, 3, 4, 5, 6, 7, 8]
[2024-10-14T10:32:09.548878][INFO][seed20] U cardinality: 9
[2024-10-14T10:32:09.550649][INFO][seed62] PS(V1,V0) in [0.0, 1.0]
[2024-10-14T10:32:09.547441][INFO][seed125] 0 = []
[2024-10-14T10:32:09.552042][INFO][seed66] 
[P([3]) [0.707, 0.293], P([2]) [0.002, 0.001, 0.002, 0.794, 0.014, 0.001, 0.001, 0.184, 0.001], P([1, 3]) [1.0, 0.0, 0.0, 1.0], P([0, 1, 2]) [1.0, 0.0, 0.0, 1.0, 0.0, 0.0, 1.0, 0.0, 0.0, 0.0, 1.0, 0.0, 1.0, 0.0, 0.0, 0.0, 0.0, 1.0, 0.0, 1.0, 0.0, 1.0, 0.0, 0.0, 0.0, 1.0, 0.0, 0.0, 1.0, 0.0, 0.0, 1.0, 0.0, 0.0, 0.0, 1.0, 0.0, 0.0, 1.0, 1.0, 0.0, 0.0, 0.0, 0.0, 1.0, 0.0, 1.0, 0.0, 0.0, 0.0, 1.0, 0.0, 0.0, 1.0]]
[2024-10-14T10:32:09.549319][INFO][seed125] U cardinality: 9

[2024-10-14T10:32:09.556278][INFO][seed20] !0 = [0, 1, 2, 3, 4, 5, 6, 7, 8]
[2024-10-14T10:32:09.556700][INFO][seed20] 0 = []
[2024-10-14T10:32:09.558780][INFO][seed20] U cardinality: 9
[2024-10-14T10:32:09.565944][INFO][seed162] Saved data to: /mnt/beegfs/rcabanas/dev/credici/papers/zeros/models/s3/simple_nparents1_nzr10_zdr05_ysize3_162.csv
[2024-10-14T10:32:09.573067][INFO][seed62] PN(V1,V0) in [0.0, 0.46151542377957466] 
[2024-10-14T10:32:09.574125][INFO][seed165] 
[P([3]) [0.584, 0.416], P([2]) [0.205, 0.325, 0.001, 0.008, 0.007, 0.003, 0.393, 0.029, 0.029], P([1, 3]) [1.0, 0.0, 0.0, 1.0], P([0, 1, 2]) [1.0, 0.0, 0.0, 1.0, 0.0, 0.0, 1.0, 0.0, 0.0, 0.0, 1.0, 0.0, 1.0, 0.0, 0.0, 0.0, 0.0, 1.0, 0.0, 1.0, 0.0, 1.0, 0.0, 0.0, 0.0, 1.0, 0.0, 0.0, 1.0, 0.0, 0.0, 1.0, 0.0, 0.0, 0.0, 1.0, 0.0, 0.0, 1.0, 1.0, 0.0, 0.0, 0.0, 0.0, 1.0, 0.0, 1.0, 0.0, 0.0, 0.0, 1.0, 0.0, 0.0, 1.0]]

[2024-10-14T10:32:09.574198][INFO][seed125] 
[P([3]) [0.195, 0.805], P([2]) [0.036, 0.003, 0.869, 0.005, 0.005, 0.033, 0.015, 0.017, 0.017], P([1, 3]) [1.0, 0.0, 0.0, 1.0], P([0, 1, 2]) [1.0, 0.0, 0.0, 1.0, 0.0, 0.0, 1.0, 0.0, 0.0, 0.0, 1.0, 0.0, 1.0, 0.0, 0.0, 0.0, 0.0, 1.0, 0.0, 1.0, 0.0, 1.0, 0.0, 0.0, 0.0, 1.0, 0.0, 0.0, 1.0, 0.0, 0.0, 1.0, 0.0, 0.0, 0.0, 1.0, 0.0, 0.0, 1.0, 1.0, 0.0, 0.0, 0.0, 0.0, 1.0, 0.0, 1.0, 0.0, 0.0, 0.0, 1.0, 0.0, 0.0, 1.0]]

[2024-10-14T10:32:09.586753][INFO][seed20] 
[P([3]) [0.745, 0.255], P([2]) [0.788, 0.035, 0.001, 0.113, 0.002, 0.05, 0.002, 0.006, 0.003], P([1, 3]) [1.0, 0.0, 0.0, 1.0], P([0, 1, 2]) [1.0, 0.0, 0.0, 1.0, 0.0, 0.0, 1.0, 0.0, 0.0, 0.0, 1.0, 0.0, 1.0, 0.0, 0.0, 0.0, 0.0, 1.0, 0.0, 1.0, 0.0, 1.0, 0.0, 0.0, 0.0, 1.0, 0.0, 0.0, 1.0, 0.0, 0.0, 1.0, 0.0, 0.0, 0.0, 1.0, 0.0, 0.0, 1.0, 1.0, 0.0, 0.0, 0.0, 0.0, 1.0, 0.0, 1.0, 0.0, 0.0, 0.0, 1.0, 0.0, 0.0, 1.0]]

[2024-10-14T10:32:09.589572][INFO][seed109] U cardinality: 9
[2024-10-14T10:32:09.599784][INFO][seed7] Sampled 1100 data instances
[2024-10-14T10:32:09.602811][INFO][seed109] !0 = [0, 1, 2, 3, 4, 5, 6, 7, 8]
[2024-10-14T10:32:09.603317][INFO][seed109] 0 = []
[2024-10-14T10:32:09.605448][INFO][seed109] U cardinality: 9
[2024-10-14T10:32:09.605780][INFO][seed162] Saved model to: /mnt/beegfs/rcabanas/dev/credici/papers/zeros/models/s3/simple_nparents1_nzr10_zdr05_ysize3_162.uai
[2024-10-14T10:32:09.612033][INFO][seed162] Saved queries to: /mnt/beegfs/rcabanas/dev/credici/papers/zeros/models/s3/simple_nparents1_nzr10_zdr05_ysize3_162_query.csv
[2024-10-14T10:32:09.612337][INFO][seed162] Closing log file
[2024-10-14T10:32:09.612423][INFO][seed162] Closed log file
[2024-10-14T10:32:09.618785][INFO][seed7] Starting exact inference 
[2024-10-14T10:32:09.619633][INFO][seed109] 
[P([3]) [0.248, 0.752], P([2]) [0.007, 0.001, 0.087, 0.089, 0.003, 0.075, 0.004, 0.694, 0.04], P([1, 3]) [1.0, 0.0, 0.0, 1.0], P([0, 1, 2]) [1.0, 0.0, 0.0, 1.0, 0.0, 0.0, 1.0, 0.0, 0.0, 0.0, 1.0, 0.0, 1.0, 0.0, 0.0, 0.0, 0.0, 1.0, 0.0, 1.0, 0.0, 1.0, 0.0, 0.0, 0.0, 1.0, 0.0, 0.0, 1.0, 0.0, 0.0, 1.0, 0.0, 0.0, 0.0, 1.0, 0.0, 0.0, 1.0, 1.0, 0.0, 0.0, 0.0, 0.0, 1.0, 0.0, 1.0, 0.0, 0.0, 0.0, 1.0, 0.0, 0.0, 1.0]]

[2024-10-14T10:32:09.620897][INFO][seed62] Saved data to: /mnt/beegfs/rcabanas/dev/credici/papers/zeros/models/s3/simple_nparents1_nzr10_zdr05_ysize3_62.csv
[2024-10-14T10:32:09.637166][INFO][seed103] U cardinality: 9
[2024-10-14T10:32:09.638837][INFO][seed56] U cardinality: 9
[2024-10-14T10:32:09.647270][INFO][seed62] Saved model to: /mnt/beegfs/rcabanas/dev/credici/papers/zeros/models/s3/simple_nparents1_nzr10_zdr05_ysize3_62.uai
[2024-10-14T10:32:09.649059][INFO][seed56] !0 = [0, 1, 2, 3, 4, 5, 6, 7, 8]
[2024-10-14T10:32:09.649612][INFO][seed56] 0 = []
[2024-10-14T10:32:09.651526][INFO][seed103] !0 = [0, 1, 2, 3, 4, 5, 6, 7, 8]
[2024-10-14T10:32:09.651783][INFO][seed56] U cardinality: 9
[2024-10-14T10:32:09.652515][INFO][seed103] 0 = []
[2024-10-14T10:32:09.653164][INFO][seed62] Saved queries to: /mnt/beegfs/rcabanas/dev/credici/papers/zeros/models/s3/simple_nparents1_nzr10_zdr05_ysize3_62_query.csv
[2024-10-14T10:32:09.653270][INFO][seed113] U cardinality: 9
[2024-10-14T10:32:09.653379][INFO][seed62] Closing log file
[2024-10-14T10:32:09.653463][INFO][seed62] Closed log file
[2024-10-14T10:32:09.654469][INFO][seed103] U cardinality: 9
[2024-10-14T10:32:09.655580][INFO][seed191] PS(V1,V0) in [0.0, 1.0]
[2024-10-14T10:32:09.665325][INFO][seed113] !0 = [0, 1, 2, 3, 4, 5, 6, 7, 8]
[2024-10-14T10:32:09.665882][INFO][seed113] 0 = []
[2024-10-14T10:32:09.667857][INFO][seed113] U cardinality: 9
[2024-10-14T10:32:09.671923][INFO][seed103] 
[P([3]) [0.423, 0.577], P([2]) [0.35, 0.015, 0.005, 0.002, 0.005, 0.301, 0.008, 0.013, 0.301], P([1, 3]) [1.0, 0.0, 0.0, 1.0], P([0, 1, 2]) [1.0, 0.0, 0.0, 1.0, 0.0, 0.0, 1.0, 0.0, 0.0, 0.0, 1.0, 0.0, 1.0, 0.0, 0.0, 0.0, 0.0, 1.0, 0.0, 1.0, 0.0, 1.0, 0.0, 0.0, 0.0, 1.0, 0.0, 0.0, 1.0, 0.0, 0.0, 1.0, 0.0, 0.0, 0.0, 1.0, 0.0, 0.0, 1.0, 1.0, 0.0, 0.0, 0.0, 0.0, 1.0, 0.0, 1.0, 0.0, 0.0, 0.0, 1.0, 0.0, 0.0, 1.0]]

[2024-10-14T10:32:09.672601][INFO][seed56] 
[2024-10-14T10:32:09.674852][INFO][seed130] U cardinality: 9
[P([3]) [0.819, 0.181], P([2]) [0.002, 0.033, 0.001, 0.416, 0.001, 0.013, 0.248, 0.284, 0.002], P([1, 3]) [1.0, 0.0, 0.0, 1.0], P([0, 1, 2]) [1.0, 0.0, 0.0, 1.0, 0.0, 0.0, 1.0, 0.0, 0.0, 0.0, 1.0, 0.0, 1.0, 0.0, 0.0, 0.0, 0.0, 1.0, 0.0, 1.0, 0.0, 1.0, 0.0, 0.0, 0.0, 1.0, 0.0, 0.0, 1.0, 0.0, 0.0, 1.0, 0.0, 0.0, 0.0, 1.0, 0.0, 0.0, 1.0, 1.0, 0.0, 0.0, 0.0, 0.0, 1.0, 0.0, 1.0, 0.0, 0.0, 0.0, 1.0, 0.0, 0.0, 1.0]]

[2024-10-14T10:32:09.677294][INFO][seed191] PN(V1,V0) in [0.0, 0.9534739086655215] 
[2024-10-14T10:32:09.683082][INFO][seed30] U cardinality: 9
[2024-10-14T10:32:09.684893][INFO][seed130] !0 = [0, 1, 2, 3, 4, 5, 6, 7, 8]
[2024-10-14T10:32:09.685205][INFO][seed173] U cardinality: 9
[2024-10-14T10:32:09.685989][INFO][seed113] 
[P([3]) [0.959, 0.041], P([2]) [0.006, 0.002, 0.003, 0.146, 0.487, 0.084, 0.001, 0.254, 0.017], P([1, 3]) [1.0, 0.0, 0.0, 1.0], P([0, 1, 2]) [1.0, 0.0, 0.0, 1.0, 0.0, 0.0, 1.0, 0.0, 0.0, 0.0, 1.0, 0.0, 1.0, 0.0, 0.0, 0.0, 0.0, 1.0, 0.0, 1.0, 0.0, 1.0, 0.0, 0.0, 0.0, 1.0, 0.0, 0.0, 1.0, 0.0, 0.0, 1.0, 0.0, 0.0, 0.0, 1.0, 0.0, 0.0, 1.0, 1.0, 0.0, 0.0, 0.0, 0.0, 1.0, 0.0, 1.0, 0.0, 0.0, 0.0, 1.0, 0.0, 0.0, 1.0]]

[2024-10-14T10:32:09.685370][INFO][seed130] 0 = []
[2024-10-14T10:32:09.687857][INFO][seed176] U cardinality: 9
[2024-10-14T10:32:09.687538][INFO][seed130] U cardinality: 9
[2024-10-14T10:32:09.697250][INFO][seed172] U cardinality: 9
[2024-10-14T10:32:09.698060][INFO][seed30] !0 = [0, 1, 2, 3, 4, 5, 6, 7, 8]
[2024-10-14T10:32:09.698549][INFO][seed30] 0 = []
[2024-10-14T10:32:09.698814][INFO][seed173] !0 = [0, 1, 2, 3, 4, 5, 6, 7, 8]
[2024-10-14T10:32:09.699223][INFO][seed173] 0 = []
[2024-10-14T10:32:09.700200][INFO][seed176] !0 = [0, 1, 2, 3, 4, 5, 6, 7, 8]
[2024-10-14T10:32:09.700726][INFO][seed176] 0 = []
[2024-10-14T10:32:09.702779][INFO][seed176] U cardinality: 9
[2024-10-14T10:32:09.700573][INFO][seed30] U cardinality: 9
[2024-10-14T10:32:09.700713][INFO][seed89] U cardinality: 9
[2024-10-14T10:32:09.701431][INFO][seed173] U cardinality: 9
[2024-10-14T10:32:09.704680][INFO][seed172] !0 = [0, 1, 2, 3, 4, 5, 6, 7, 8]
[2024-10-14T10:32:09.705074][INFO][seed161] U cardinality: 9
[2024-10-14T10:32:09.706808][INFO][seed130] 
[P([3]) [0.875, 0.125], P([2]) [0.26, 0.221, 0.335, 0.001, 0.136, 0.007, 0.002, 0.002, 0.036], P([1, 3]) [1.0, 0.0, 0.0, 1.0], P([0, 1, 2]) [1.0, 0.0, 0.0, 1.0, 0.0, 0.0, 1.0, 0.0, 0.0, 0.0, 1.0, 0.0, 1.0, 0.0, 0.0, 0.0, 0.0, 1.0, 0.0, 1.0, 0.0, 1.0, 0.0, 0.0, 0.0, 1.0, 0.0, 0.0, 1.0, 0.0, 0.0, 1.0, 0.0, 0.0, 0.0, 1.0, 0.0, 0.0, 1.0, 1.0, 0.0, 0.0, 0.0, 0.0, 1.0, 0.0, 1.0, 0.0, 0.0, 0.0, 1.0, 0.0, 0.0, 1.0]]

[2024-10-14T10:32:09.705153][INFO][seed172] 0 = []
[2024-10-14T10:32:09.708436][INFO][seed89] !0 = [0, 1, 2, 3, 4, 5, 6, 7, 8]
[2024-10-14T10:32:09.707260][INFO][seed172] U cardinality: 9
[2024-10-14T10:32:09.712173][INFO][seed161] !0 = [0, 1, 2, 3, 4, 5, 6, 7, 8]
[2024-10-14T10:32:09.708905][INFO][seed89] 0 = []
[2024-10-14T10:32:09.712645][INFO][seed161] 0 = []
[2024-10-14T10:32:09.710873][INFO][seed89] U cardinality: 9
[2024-10-14T10:32:09.714327][INFO][seed30] 
[P([3]) [0.483, 0.517], P([2]) [0.065, 0.001, 0.001, 0.871, 0.002, 0.001, 0.042, 0.004, 0.013], P([1, 3]) [1.0, 0.0, 0.0, 1.0], P([0, 1, 2]) [1.0, 0.0, 0.0, 1.0, 0.0, 0.0, 1.0, 0.0, 0.0, 0.0, 1.0, 0.0, 1.0, 0.0, 0.0, 0.0, 0.0, 1.0, 0.0, 1.0, 0.0, 1.0, 0.0, 0.0, 0.0, 1.0, 0.0, 0.0, 1.0, 0.0, 0.0, 1.0, 0.0, 0.0, 0.0, 1.0, 0.0, 0.0, 1.0, 1.0, 0.0, 0.0, 0.0, 0.0, 1.0, 0.0, 1.0, 0.0, 0.0, 0.0, 1.0, 0.0, 0.0, 1.0]]

[2024-10-14T10:32:09.714841][INFO][seed161] U cardinality: 9
[2024-10-14T10:32:09.717822][INFO][seed47] Sampled 1000 data instances
[2024-10-14T10:32:09.718228][INFO][seed173] 
[P([3]) [0.17, 0.83], P([2]) [0.001, 0.49, 0.421, 0.013, 0.001, 0.061, 0.01, 0.001, 0.002], P([1, 3]) [1.0, 0.0, 0.0, 1.0], P([0, 1, 2]) [1.0, 0.0, 0.0, 1.0, 0.0, 0.0, 1.0, 0.0, 0.0, 0.0, 1.0, 0.0, 1.0, 0.0, 0.0, 0.0, 0.0, 1.0, 0.0, 1.0, 0.0, 1.0, 0.0, 0.0, 0.0, 1.0, 0.0, 0.0, 1.0, 0.0, 0.0, 1.0, 0.0, 0.0, 0.0, 1.0, 0.0, 0.0, 1.0, 1.0, 0.0, 0.0, 0.0, 0.0, 1.0, 0.0, 1.0, 0.0, 0.0, 0.0, 1.0, 0.0, 0.0, 1.0]]

[2024-10-14T10:32:09.718181][INFO][seed145] Sampled 1000 data instances
[2024-10-14T10:32:09.718301][INFO][seed145] Starting exact inference 
[2024-10-14T10:32:09.718080][INFO][seed47] Starting exact inference 
[2024-10-14T10:32:09.724065][INFO][seed176] 
[P([3]) [0.339, 0.661], P([2]) [0.001, 0.009, 0.001, 0.002, 0.001, 0.017, 0.002, 0.026, 0.941], P([1, 3]) [1.0, 0.0, 0.0, 1.0], P([0, 1, 2]) [1.0, 0.0, 0.0, 1.0, 0.0, 0.0, 1.0, 0.0, 0.0, 0.0, 1.0, 0.0, 1.0, 0.0, 0.0, 0.0, 0.0, 1.0, 0.0, 1.0, 0.0, 1.0, 0.0, 0.0, 0.0, 1.0, 0.0, 0.0, 1.0, 0.0, 0.0, 1.0, 0.0, 0.0, 0.0, 1.0, 0.0, 0.0, 1.0, 1.0, 0.0, 0.0, 0.0, 0.0, 1.0, 0.0, 1.0, 0.0, 0.0, 0.0, 1.0, 0.0, 0.0, 1.0]]

[2024-10-14T10:32:09.723995][INFO][seed191] Saved data to: /mnt/beegfs/rcabanas/dev/credici/papers/zeros/models/s3/simple_nparents1_nzr10_zdr05_ysize3_191.csv
[2024-10-14T10:32:09.724682][INFO][seed31] U cardinality: 9
[2024-10-14T10:32:09.724692][INFO][seed172] 
[P([3]) [0.374, 0.626], P([2]) [0.541, 0.063, 0.004, 0.038, 0.012, 0.002, 0.325, 0.002, 0.013], P([1, 3]) [1.0, 0.0, 0.0, 1.0], P([0, 1, 2]) [1.0, 0.0, 0.0, 1.0, 0.0, 0.0, 1.0, 0.0, 0.0, 0.0, 1.0, 0.0, 1.0, 0.0, 0.0, 0.0, 0.0, 1.0, 0.0, 1.0, 0.0, 1.0, 0.0, 0.0, 0.0, 1.0, 0.0, 0.0, 1.0, 0.0, 0.0, 1.0, 0.0, 0.0, 0.0, 1.0, 0.0, 0.0, 1.0, 1.0, 0.0, 0.0, 0.0, 0.0, 1.0, 0.0, 1.0, 0.0, 0.0, 0.0, 1.0, 0.0, 0.0, 1.0]]

[2024-10-14T10:32:09.725547][INFO][seed177] U cardinality: 9
[2024-10-14T10:32:09.728554][INFO][seed89] 
[P([3]) [0.491, 0.509], P([2]) [0.001, 0.003, 0.026, 0.405, 0.001, 0.018, 0.537, 0.002, 0.007], P([1, 3]) [1.0, 0.0, 0.0, 1.0], P([0, 1, 2]) [1.0, 0.0, 0.0, 1.0, 0.0, 0.0, 1.0, 0.0, 0.0, 0.0, 1.0, 0.0, 1.0, 0.0, 0.0, 0.0, 0.0, 1.0, 0.0, 1.0, 0.0, 1.0, 0.0, 0.0, 0.0, 1.0, 0.0, 0.0, 1.0, 0.0, 0.0, 1.0, 0.0, 0.0, 0.0, 1.0, 0.0, 0.0, 1.0, 1.0, 0.0, 0.0, 0.0, 0.0, 1.0, 0.0, 1.0, 0.0, 0.0, 0.0, 1.0, 0.0, 0.0, 1.0]]

[2024-10-14T10:32:09.731044][INFO][seed161] 
[P([3]) [0.596, 0.404], P([2]) [0.001, 0.001, 0.001, 0.001, 0.002, 0.116, 0.002, 0.875, 0.001], P([1, 3]) [1.0, 0.0, 0.0, 1.0], P([0, 1, 2]) [1.0, 0.0, 0.0, 1.0, 0.0, 0.0, 1.0, 0.0, 0.0, 0.0, 1.0, 0.0, 1.0, 0.0, 0.0, 0.0, 0.0, 1.0, 0.0, 1.0, 0.0, 1.0, 0.0, 0.0, 0.0, 1.0, 0.0, 0.0, 1.0, 0.0, 0.0, 1.0, 0.0, 0.0, 0.0, 1.0, 0.0, 0.0, 1.0, 1.0, 0.0, 0.0, 0.0, 0.0, 1.0, 0.0, 1.0, 0.0, 0.0, 0.0, 1.0, 0.0, 0.0, 1.0]]

[2024-10-14T10:32:09.732914][INFO][seed31] !0 = [0, 1, 2, 3, 4, 5, 6, 7, 8]
[2024-10-14T10:32:09.733007][INFO][seed177] !0 = [0, 1, 2, 3, 4, 5, 6, 7, 8]
[2024-10-14T10:32:09.733389][INFO][seed31] 0 = []
[2024-10-14T10:32:09.733457][INFO][seed177] 0 = []
[2024-10-14T10:32:09.735455][INFO][seed31] U cardinality: 9
[2024-10-14T10:32:09.735491][INFO][seed177] U cardinality: 9
[2024-10-14T10:32:09.744500][INFO][seed199] U cardinality: 9
[2024-10-14T10:32:09.748084][INFO][seed191] Saved model to: /mnt/beegfs/rcabanas/dev/credici/papers/zeros/models/s3/simple_nparents1_nzr10_zdr05_ysize3_191.uai
[2024-10-14T10:32:09.750557][INFO][seed31] 
[2024-10-14T10:32:09.751459][INFO][seed199] !0 = [0, 1, 2, 3, 4, 5, 6, 7, 8]
[2024-10-14T10:32:09.750613][INFO][seed177] 
[P([3]) [0.457, 0.543], P([2]) [0.031, 0.002, 0.026, 0.026, 0.025, 0.003, 0.066, 0.001, 0.82], P([1, 3]) [1.0, 0.0, 0.0, 1.0], P([0, 1, 2]) [1.0, 0.0, 0.0, 1.0, 0.0, 0.0, 1.0, 0.0, 0.0, 0.0, 1.0, 0.0, 1.0, 0.0, 0.0, 0.0, 0.0, 1.0, 0.0, 1.0, 0.0, 1.0, 0.0, 0.0, 0.0, 1.0, 0.0, 0.0, 1.0, 0.0, 0.0, 1.0, 0.0, 0.0, 0.0, 1.0, 0.0, 0.0, 1.0, 1.0, 0.0, 0.0, 0.0, 0.0, 1.0, 0.0, 1.0, 0.0, 0.0, 0.0, 1.0, 0.0, 0.0, 1.0]]

[P([3]) [0.687, 0.313], P([2]) [0.001, 0.001, 0.936, 0.003, 0.002, 0.001, 0.041, 0.002, 0.013], P([1, 3]) [1.0, 0.0, 0.0, 1.0], P([0, 1, 2]) [1.0, 0.0, 0.0, 1.0, 0.0, 0.0, 1.0, 0.0, 0.0, 0.0, 1.0, 0.0, 1.0, 0.0, 0.0, 0.0, 0.0, 1.0, 0.0, 1.0, 0.0, 1.0, 0.0, 0.0, 0.0, 1.0, 0.0, 0.0, 1.0, 0.0, 0.0, 1.0, 0.0, 0.0, 0.0, 1.0, 0.0, 0.0, 1.0, 1.0, 0.0, 0.0, 0.0, 0.0, 1.0, 0.0, 1.0, 0.0, 0.0, 0.0, 1.0, 0.0, 0.0, 1.0]]

[2024-10-14T10:32:09.752211][INFO][seed99] PS(V1,V0) in [0.0, 0.0]
[2024-10-14T10:32:09.752004][INFO][seed199] 0 = []
[2024-10-14T10:32:09.754222][INFO][seed191] Saved queries to: /mnt/beegfs/rcabanas/dev/credici/papers/zeros/models/s3/simple_nparents1_nzr10_zdr05_ysize3_191_query.csv
[2024-10-14T10:32:09.757177][INFO][seed24] U cardinality: 9
[2024-10-14T10:32:09.756160][INFO][seed199] U cardinality: 9
[2024-10-14T10:32:09.754486][INFO][seed191] Closing log file
[2024-10-14T10:32:09.754574][INFO][seed191] Closed log file
[2024-10-14T10:32:09.770761][INFO][seed24] !0 = [0, 1, 2, 3, 4, 5, 6, 7, 8]
[2024-10-14T10:32:09.771494][INFO][seed199] 
[P([3]) [0.113, 0.887], P([2]) [0.001, 0.744, 0.002, 0.001, 0.001, 0.003, 0.025, 0.001, 0.222], P([1, 3]) [1.0, 0.0, 0.0, 1.0], P([0, 1, 2]) [1.0, 0.0, 0.0, 1.0, 0.0, 0.0, 1.0, 0.0, 0.0, 0.0, 1.0, 0.0, 1.0, 0.0, 0.0, 0.0, 0.0, 1.0, 0.0, 1.0, 0.0, 1.0, 0.0, 0.0, 0.0, 1.0, 0.0, 0.0, 1.0, 0.0, 0.0, 1.0, 0.0, 0.0, 0.0, 1.0, 0.0, 0.0, 1.0, 1.0, 0.0, 0.0, 0.0, 0.0, 1.0, 0.0, 1.0, 0.0, 0.0, 0.0, 1.0, 0.0, 0.0, 1.0]]

[2024-10-14T10:32:09.771347][INFO][seed24] 0 = []
[2024-10-14T10:32:09.773680][INFO][seed24] U cardinality: 9
[2024-10-14T10:32:09.776155][INFO][seed99] No feasible solution... resampling
[2024-10-14T10:32:09.779046][INFO][seed59] U cardinality: 9
[2024-10-14T10:32:09.784997][INFO][seed125] Sampled 1000 data instances
[2024-10-14T10:32:09.785273][INFO][seed125] Starting exact inference 
[2024-10-14T10:32:09.783182][INFO][seed7] No feasible solution... resampling
[2024-10-14T10:32:09.789058][INFO][seed24] 
[P([3]) [0.074, 0.926], P([2]) [0.157, 0.027, 0.09, 0.074, 0.306, 0.121, 0.099, 0.097, 0.029], P([1, 3]) [1.0, 0.0, 0.0, 1.0], P([0, 1, 2]) [1.0, 0.0, 0.0, 1.0, 0.0, 0.0, 1.0, 0.0, 0.0, 0.0, 1.0, 0.0, 1.0, 0.0, 0.0, 0.0, 0.0, 1.0, 0.0, 1.0, 0.0, 1.0, 0.0, 0.0, 0.0, 1.0, 0.0, 0.0, 1.0, 0.0, 0.0, 1.0, 0.0, 0.0, 0.0, 1.0, 0.0, 0.0, 1.0, 1.0, 0.0, 0.0, 0.0, 0.0, 1.0, 0.0, 1.0, 0.0, 0.0, 0.0, 1.0, 0.0, 0.0, 1.0]]

[2024-10-14T10:32:09.794508][INFO][seed59] !0 = [0, 1, 2, 3, 4, 5, 6, 7, 8]
[2024-10-14T10:32:09.796889][INFO][seed165] Sampled 1000 data instances
[2024-10-14T10:32:09.797200][INFO][seed165] Starting exact inference 
[2024-10-14T10:32:09.797691][INFO][seed20] Sampled 1000 data instances
[2024-10-14T10:32:09.795027][INFO][seed59] 0 = []
[2024-10-14T10:32:09.797975][INFO][seed20] Starting exact inference 
[2024-10-14T10:32:09.797507][INFO][seed59] U cardinality: 9
[2024-10-14T10:32:09.806450][INFO][seed66] Sampled 1000 data instances
[2024-10-14T10:32:09.806724][INFO][seed66] Starting exact inference 
[2024-10-14T10:32:09.823511][INFO][seed59] 
[P([3]) [0.026, 0.974], P([2]) [0.005, 0.127, 0.536, 0.276, 0.001, 0.024, 0.025, 0.003, 0.003], P([1, 3]) [1.0, 0.0, 0.0, 1.0], P([0, 1, 2]) [1.0, 0.0, 0.0, 1.0, 0.0, 0.0, 1.0, 0.0, 0.0, 0.0, 1.0, 0.0, 1.0, 0.0, 0.0, 0.0, 0.0, 1.0, 0.0, 1.0, 0.0, 1.0, 0.0, 0.0, 0.0, 1.0, 0.0, 0.0, 1.0, 0.0, 0.0, 1.0, 0.0, 0.0, 0.0, 1.0, 0.0, 0.0, 1.0, 1.0, 0.0, 0.0, 0.0, 0.0, 1.0, 0.0, 1.0, 0.0, 0.0, 0.0, 1.0, 0.0, 0.0, 1.0]]

[2024-10-14T10:32:09.829623][INFO][seed170] PS(V1,V0) in [0.203106939756808, 1.0]
[2024-10-14T10:32:09.844492][INFO][seed7] Sampled 1200 data instances
[2024-10-14T10:32:09.844804][INFO][seed7] Starting exact inference 
[2024-10-14T10:32:09.847039][INFO][seed170] PN(V1,V0) in [0.13408008790135514, 0.6601452814064216] 
[2024-10-14T10:32:09.853787][INFO][seed109] Sampled 1000 data instances
[2024-10-14T10:32:09.854096][INFO][seed109] Starting exact inference 
[2024-10-14T10:32:09.841216][INFO][seed99] Sampled 1100 data instances
[2024-10-14T10:32:09.859166][INFO][seed99] Starting exact inference 
[2024-10-14T10:32:09.863089][INFO][seed128] U cardinality: 9
[2024-10-14T10:32:09.874178][INFO][seed128] !0 = [0, 1, 2, 3, 4, 5, 6, 7, 8]
[2024-10-14T10:32:09.874699][INFO][seed128] 0 = []
[2024-10-14T10:32:09.876882][INFO][seed128] U cardinality: 9
[2024-10-14T10:32:09.888316][INFO][seed128] 
[P([3]) [0.714, 0.286], P([2]) [0.004, 0.079, 0.011, 0.886, 0.001, 0.004, 0.002, 0.001, 0.012], P([1, 3]) [1.0, 0.0, 0.0, 1.0], P([0, 1, 2]) [1.0, 0.0, 0.0, 1.0, 0.0, 0.0, 1.0, 0.0, 0.0, 0.0, 1.0, 0.0, 1.0, 0.0, 0.0, 0.0, 0.0, 1.0, 0.0, 1.0, 0.0, 1.0, 0.0, 0.0, 0.0, 1.0, 0.0, 0.0, 1.0, 0.0, 0.0, 1.0, 0.0, 0.0, 0.0, 1.0, 0.0, 0.0, 1.0, 1.0, 0.0, 0.0, 0.0, 0.0, 1.0, 0.0, 1.0, 0.0, 0.0, 0.0, 1.0, 0.0, 0.0, 1.0]]

[2024-10-14T10:32:09.901634][INFO][seed170] Saved data to: /mnt/beegfs/rcabanas/dev/credici/papers/zeros/models/s3/simple_nparents1_nzr10_zdr05_ysize3_170.csv
[2024-10-14T10:32:09.910176][INFO][seed103] Sampled 1000 data instances
[2024-10-14T10:32:09.910520][INFO][seed103] Starting exact inference 
[2024-10-14T10:32:09.924025][INFO][seed170] Saved model to: /mnt/beegfs/rcabanas/dev/credici/papers/zeros/models/s3/simple_nparents1_nzr10_zdr05_ysize3_170.uai
[2024-10-14T10:32:09.924147][INFO][seed113] Sampled 1000 data instances
[2024-10-14T10:32:09.924465][INFO][seed113] Starting exact inference 
[2024-10-14T10:32:09.935631][INFO][seed56] Sampled 1000 data instances
[2024-10-14T10:32:09.935928][INFO][seed56] Starting exact inference 
[2024-10-14T10:32:09.939063][INFO][seed130] Sampled 1000 data instances
[2024-10-14T10:32:09.939421][INFO][seed130] Starting exact inference 
[2024-10-14T10:32:09.940211][INFO][seed173] Sampled 1000 data instances
[2024-10-14T10:32:09.940555][INFO][seed173] Starting exact inference 
[2024-10-14T10:32:09.942235][INFO][seed170] Saved queries to: /mnt/beegfs/rcabanas/dev/credici/papers/zeros/models/s3/simple_nparents1_nzr10_zdr05_ysize3_170_query.csv
[2024-10-14T10:32:09.942315][INFO][seed170] Closing log file
[2024-10-14T10:32:09.942340][INFO][seed170] Closed log file
[2024-10-14T10:32:09.954566][INFO][seed89] Sampled 1000 data instances
[2024-10-14T10:32:09.954883][INFO][seed89] Starting exact inference 
[2024-10-14T10:32:09.961733][INFO][seed172] Sampled 1000 data instances
[2024-10-14T10:32:09.962042][INFO][seed132] U cardinality: 9
[2024-10-14T10:32:09.962213][INFO][seed30] Sampled 1000 data instances
[2024-10-14T10:32:09.962444][INFO][seed172] Starting exact inference 
[2024-10-14T10:32:09.962510][INFO][seed30] Starting exact inference 
['genn.py', '1', '1.0', '0.5', '174', '3']
[2024-10-14T10:32:09.968154][INFO][seed176] Sampled 1000 data instances
[2024-10-14T10:32:09.968442][INFO][seed176] Starting exact inference 
[2024-10-14T10:32:09.976830][INFO][seed132] !0 = [0, 1, 2, 3, 4, 5, 6, 7, 8]
[2024-10-14T10:32:09.977438][INFO][seed132] 0 = []
[2024-10-14T10:32:09.979585][INFO][seed132] U cardinality: 9
[2024-10-14T10:32:09.984006][INFO][seed31] Sampled 1000 data instances
[2024-10-14T10:32:09.984135][INFO][seed31] Starting exact inference 
[2024-10-14T10:32:09.985487][INFO][seed161] Sampled 1000 data instances
[2024-10-14T10:32:09.985915][INFO][seed161] Starting exact inference 
[2024-10-14T10:32:09.988300][INFO][seed177] Sampled 1000 data instances
[2024-10-14T10:32:09.988603][INFO][seed177] Starting exact inference 
[2024-10-14T10:32:09.994390][INFO][seed132] 
[P([3]) [0.105, 0.895], P([2]) [0.001, 0.404, 0.001, 0.04, 0.107, 0.179, 0.001, 0.002, 0.265], P([1, 3]) [1.0, 0.0, 0.0, 1.0], P([0, 1, 2]) [1.0, 0.0, 0.0, 1.0, 0.0, 0.0, 1.0, 0.0, 0.0, 0.0, 1.0, 0.0, 1.0, 0.0, 0.0, 0.0, 0.0, 1.0, 0.0, 1.0, 0.0, 1.0, 0.0, 0.0, 0.0, 1.0, 0.0, 0.0, 1.0, 0.0, 0.0, 1.0, 0.0, 0.0, 0.0, 1.0, 0.0, 0.0, 1.0, 1.0, 0.0, 0.0, 0.0, 0.0, 1.0, 0.0, 1.0, 0.0, 0.0, 0.0, 1.0, 0.0, 0.0, 1.0]]

[2024-10-14T10:32:09.996638][INFO][seed7] No feasible solution... resampling
1 1.0 0.5 174
/mnt/beegfs/rcabanas/dev/credici/papers/zeros/code/GenerateNparents.java
[2024-10-14T10:32:10.028124][INFO][seed24] Sampled 1000 data instances
[2024-10-14T10:32:10.028491][INFO][seed24] Starting exact inference 
[2024-10-14T10:32:10.030770][INFO][seed99] PS(V1,V0) in [0.0, 0.025978524419812955]
[2024-10-14T10:32:10.037213][INFO][seed99] PN(V1,V0) in [0.0, 1.0] 
[2024-10-14T10:32:10.039852][INFO][seed199] Sampled 1000 data instances
[2024-10-14T10:32:10.040142][INFO][seed199] Starting exact inference 
[2024-10-14T10:32:10.061475][INFO][seed140] PS(V1,V0) in [0.0, 1.0]
[2024-10-14T10:32:10.063169][INFO][seed59] Sampled 1000 data instances
[2024-10-14T10:32:10.063276][INFO][seed59] Starting exact inference 
[2024-10-14T10:32:10.070312][INFO][seed7] Sampled 1300 data instances
[2024-10-14T10:32:10.072111][INFO][seed7] Starting exact inference 
[2024-10-14T10:32:10.073261][INFO][seed140] PN(V1,V0) in [0.0, 0.5471706493737231] 
[2024-10-14T10:32:10.086139][INFO][seed99] Saved data to: /mnt/beegfs/rcabanas/dev/credici/papers/zeros/models/s3/simple_nparents1_nzr10_zdr05_ysize3_99.csv
[2024-10-14T10:32:10.096311][INFO][seed182] PS(V1,V0) in [0.0, 0.4303578690524604]
[2024-10-14T10:32:10.107170][INFO][seed180] PS(V1,V0) in [0.0, 0.04122977470804395]
[2024-10-14T10:32:10.107514][INFO][seed182] PN(V1,V0) in [0.0, 1.0] 
[2024-10-14T10:32:10.112846][INFO][seed99] Saved model to: /mnt/beegfs/rcabanas/dev/credici/papers/zeros/models/s3/simple_nparents1_nzr10_zdr05_ysize3_99.uai
[2024-10-14T10:32:10.116196][INFO][seed140] Saved data to: /mnt/beegfs/rcabanas/dev/credici/papers/zeros/models/s3/simple_nparents1_nzr10_zdr05_ysize3_140.csv
[2024-10-14T10:32:10.117681][INFO][seed128] Sampled 1000 data instances
[2024-10-14T10:32:10.117958][INFO][seed128] Starting exact inference 
[2024-10-14T10:32:10.126367][INFO][seed140] Saved model to: /mnt/beegfs/rcabanas/dev/credici/papers/zeros/models/s3/simple_nparents1_nzr10_zdr05_ysize3_140.uai
[2024-10-14T10:32:10.128690][INFO][seed146] PS(V1,V0) in [0.0, 1.0]
[2024-10-14T10:32:10.128706][INFO][seed99] Saved queries to: /mnt/beegfs/rcabanas/dev/credici/papers/zeros/models/s3/simple_nparents1_nzr10_zdr05_ysize3_99_query.csv
[2024-10-14T10:32:10.128808][INFO][seed99] Closing log file
[2024-10-14T10:32:10.129539][INFO][seed180] PN(V1,V0) in [0.0, 1.0] 
[2024-10-14T10:32:10.129696][INFO][seed140] Saved queries to: /mnt/beegfs/rcabanas/dev/credici/papers/zeros/models/s3/simple_nparents1_nzr10_zdr05_ysize3_140_query.csv
[2024-10-14T10:32:10.128835][INFO][seed99] Closed log file
[2024-10-14T10:32:10.129784][INFO][seed140] Closing log file
[2024-10-14T10:32:10.129864][INFO][seed140] Closed log file
[2024-10-14T10:32:10.136706][INFO][seed182] Saved data to: /mnt/beegfs/rcabanas/dev/credici/papers/zeros/models/s3/simple_nparents1_nzr10_zdr05_ysize3_182.csv
['genn.py', '1', '1.0', '0.5', '139', '3']
[2024-10-14T10:32:10.149572][INFO][seed146] PN(V1,V0) in [0.0, 0.5859073903479912] 
[2024-10-14T10:32:10.156222][INFO][seed182] Saved model to: /mnt/beegfs/rcabanas/dev/credici/papers/zeros/models/s3/simple_nparents1_nzr10_zdr05_ysize3_182.uai
[2024-10-14T10:32:10.160651][INFO][seed182] Saved queries to: /mnt/beegfs/rcabanas/dev/credici/papers/zeros/models/s3/simple_nparents1_nzr10_zdr05_ysize3_182_query.csv
[2024-10-14T10:32:10.160693][INFO][seed182] Closing log file
[2024-10-14T10:32:10.160717][INFO][seed182] Closed log file
[2024-10-14T10:32:10.176804][INFO][seed180] Saved data to: /mnt/beegfs/rcabanas/dev/credici/papers/zeros/models/s3/simple_nparents1_nzr10_zdr05_ysize3_180.csv
[2024-10-14T10:32:10.178757][INFO][seed146] Saved data to: /mnt/beegfs/rcabanas/dev/credici/papers/zeros/models/s3/simple_nparents1_nzr10_zdr05_ysize3_146.csv
1 1.0 0.5 139
/mnt/beegfs/rcabanas/dev/credici/papers/zeros/code/GenerateNparents.java
[2024-10-14T10:32:10.198094][INFO][seed146] Saved model to: /mnt/beegfs/rcabanas/dev/credici/papers/zeros/models/s3/simple_nparents1_nzr10_zdr05_ysize3_146.uai
[2024-10-14T10:32:10.202116][INFO][seed146] Saved queries to: /mnt/beegfs/rcabanas/dev/credici/papers/zeros/models/s3/simple_nparents1_nzr10_zdr05_ysize3_146_query.csv
[2024-10-14T10:32:10.202170][INFO][seed146] Closing log file
[2024-10-14T10:32:10.202194][INFO][seed146] Closed log file
[2024-10-14T10:32:10.203823][INFO][seed180] Saved model to: /mnt/beegfs/rcabanas/dev/credici/papers/zeros/models/s3/simple_nparents1_nzr10_zdr05_ysize3_180.uai
[2024-10-14T10:32:10.208914][INFO][seed180] Saved queries to: /mnt/beegfs/rcabanas/dev/credici/papers/zeros/models/s3/simple_nparents1_nzr10_zdr05_ysize3_180_query.csv
[2024-10-14T10:32:10.209155][INFO][seed180] Closing log file
[2024-10-14T10:32:10.209244][INFO][seed180] Closed log file
[2024-10-14T10:32:10.208633][INFO][seed7] No feasible solution... resampling
[2024-10-14T10:32:10.221882][INFO][seed86] PS(V1,V0) in [0.0, 1.0]
[2024-10-14T10:32:10.230122][INFO][seed19] PS(V1,V0) in [0.38006249806627274, 0.41138372368841725]
['genn.py', '1', '1.0', '0.5', '74', '3']
[2024-10-14T10:32:10.234114][INFO][seed151] PS(V1,V0) in [0.0, 0.01497318754787938]
[2024-10-14T10:32:10.237475][INFO][seed36] PS(V1,V0) in [0.0, 0.005605381165919282]
[2024-10-14T10:32:10.239493][INFO][seed86] PN(V1,V0) in [0.0, 0.03898005246141646] 
[2024-10-14T10:32:10.246845][INFO][seed36] PN(V1,V0) in [0.0, 1.0] 
[2024-10-14T10:32:10.249541][INFO][seed19] PN(V1,V0) in [0.9238637218280729, 1.0] 
[2024-10-14T10:32:10.251718][INFO][seed151] PN(V1,V0) in [0.0, 1.0] 
[2024-10-14T10:32:10.271190][INFO][seed7] Sampled 1400 data instances
1 1.0 0.5 74
/mnt/beegfs/rcabanas/dev/credici/papers/zeros/code/GenerateNparents.java
[2024-10-14T10:32:10.283794][INFO][seed7] Starting exact inference 
[2024-10-14T10:32:10.299841][INFO][seed132] Sampled 1000 data instances
[2024-10-14T10:32:10.300][INFO][seed132] Starting exact inference 
[2024-10-14T10:32:10.301253][INFO][seed86] Saved data to: /mnt/beegfs/rcabanas/dev/credici/papers/zeros/models/s3/simple_nparents1_nzr10_zdr05_ysize3_86.csv
[2024-10-14T10:32:10.303962][INFO][seed36] Saved data to: /mnt/beegfs/rcabanas/dev/credici/papers/zeros/models/s3/simple_nparents1_nzr10_zdr05_ysize3_36.csv
[2024-10-14T10:32:10.304994][INFO][seed19] Saved data to: /mnt/beegfs/rcabanas/dev/credici/papers/zeros/models/s3/simple_nparents1_nzr10_zdr05_ysize3_19.csv
[2024-10-14T10:32:10.304981][INFO][seed151] Saved data to: /mnt/beegfs/rcabanas/dev/credici/papers/zeros/models/s3/simple_nparents1_nzr10_zdr05_ysize3_151.csv
['genn.py', '1', '1.0', '0.5', '61', '3']
[2024-10-14T10:32:10.341453][INFO][seed151] Saved model to: /mnt/beegfs/rcabanas/dev/credici/papers/zeros/models/s3/simple_nparents1_nzr10_zdr05_ysize3_151.uai
[2024-10-14T10:32:10.340622][INFO][seed86] Saved model to: /mnt/beegfs/rcabanas/dev/credici/papers/zeros/models/s3/simple_nparents1_nzr10_zdr05_ysize3_86.uai
[2024-10-14T10:32:10.343146][INFO][seed36] Saved model to: /mnt/beegfs/rcabanas/dev/credici/papers/zeros/models/s3/simple_nparents1_nzr10_zdr05_ysize3_36.uai
[2024-10-14T10:32:10.344625][INFO][seed19] Saved model to: /mnt/beegfs/rcabanas/dev/credici/papers/zeros/models/s3/simple_nparents1_nzr10_zdr05_ysize3_19.uai
[2024-10-14T10:32:10.349852][INFO][seed86] Saved queries to: /mnt/beegfs/rcabanas/dev/credici/papers/zeros/models/s3/simple_nparents1_nzr10_zdr05_ysize3_86_query.csv
[2024-10-14T10:32:10.350061][INFO][seed86] Closing log file
[2024-10-14T10:32:10.350413][INFO][seed86] Closed log file
[2024-10-14T10:32:10.356005][INFO][seed151] Saved queries to: /mnt/beegfs/rcabanas/dev/credici/papers/zeros/models/s3/simple_nparents1_nzr10_zdr05_ysize3_151_query.csv
[2024-10-14T10:32:10.356102][INFO][seed151] Closing log file
[2024-10-14T10:32:10.356127][INFO][seed151] Closed log file
[2024-10-14T10:32:10.358278][INFO][seed36] Saved queries to: /mnt/beegfs/rcabanas/dev/credici/papers/zeros/models/s3/simple_nparents1_nzr10_zdr05_ysize3_36_query.csv
[2024-10-14T10:32:10.358355][INFO][seed36] Closing log file
[2024-10-14T10:32:10.358380][INFO][seed36] Closed log file
1 1.0 0.5 61
/mnt/beegfs/rcabanas/dev/credici/papers/zeros/code/GenerateNparents.java
[2024-10-14T10:32:10.375547][INFO][seed19] Saved queries to: /mnt/beegfs/rcabanas/dev/credici/papers/zeros/models/s3/simple_nparents1_nzr10_zdr05_ysize3_19_query.csv
[2024-10-14T10:32:10.375634][INFO][seed19] Closing log file
[2024-10-14T10:32:10.375661][INFO][seed19] Closed log file
[2024-10-14T10:32:10.438776][INFO][seed7] PS(V1,V0) in [0.4575342465753425, 1.0]
[2024-10-14T10:32:10.462998][INFO][seed7] PN(V1,V0) in [0.003353278984779728, 0.007329022930805992] 
['genn.py', '1', '1.0', '0.5', '120', '3']
['genn.py', '1', '1.0', '0.5', '134', '3']
[2024-10-14T10:32:10.506184][INFO][seed7] Saved data to: /mnt/beegfs/rcabanas/dev/credici/papers/zeros/models/s3/simple_nparents1_nzr10_zdr05_ysize3_7.csv
1 1.0 0.5 120
/mnt/beegfs/rcabanas/dev/credici/papers/zeros/code/GenerateNparents.java
['genn.py', '1', '1.0', '0.5', '73', '3']
[2024-10-14T10:32:10.541755][INFO][seed7] Saved model to: /mnt/beegfs/rcabanas/dev/credici/papers/zeros/models/s3/simple_nparents1_nzr10_zdr05_ysize3_7.uai
1 1.0 0.5 134
/mnt/beegfs/rcabanas/dev/credici/papers/zeros/code/GenerateNparents.java
[2024-10-14T10:32:10.547759][INFO][seed7] Saved queries to: /mnt/beegfs/rcabanas/dev/credici/papers/zeros/models/s3/simple_nparents1_nzr10_zdr05_ysize3_7_query.csv
[2024-10-14T10:32:10.547837][INFO][seed7] Closing log file
[2024-10-14T10:32:10.547862][INFO][seed7] Closed log file
[2024-10-14T10:32:10.554197][INFO][seed149] PS(V1,V0) in [0.48931590550087656, 1.0]
[2024-10-14T10:32:10.573450][INFO][seed149] PN(V1,V0) in [0.39939076225559644, 0.8162227259846982] 
1 1.0 0.5 73
/mnt/beegfs/rcabanas/dev/credici/papers/zeros/code/GenerateNparents.java
[2024-10-14T10:32:10.587204][INFO][seed166] PS(V1,V0) in [0.7590598446594066, 0.7730323862829794]
['genn.py', '1', '1.0', '0.5', '184', '3']
[2024-10-14T10:32:10.599703][INFO][seed166] PN(V1,V0) in [0.9819250242661139, 1.0] 
[2024-10-14T10:32:10.626381][INFO][seed149] Saved data to: /mnt/beegfs/rcabanas/dev/credici/papers/zeros/models/s3/simple_nparents1_nzr10_zdr05_ysize3_149.csv
1 1.0 0.5 184
/mnt/beegfs/rcabanas/dev/credici/papers/zeros/code/GenerateNparents.java
[2024-10-14T10:32:10.655936][INFO][seed166] Saved data to: /mnt/beegfs/rcabanas/dev/credici/papers/zeros/models/s3/simple_nparents1_nzr10_zdr05_ysize3_166.csv
[2024-10-14T10:32:10.661037][INFO][seed149] Saved model to: /mnt/beegfs/rcabanas/dev/credici/papers/zeros/models/s3/simple_nparents1_nzr10_zdr05_ysize3_149.uai
[2024-10-14T10:32:10.669133][INFO][seed149] Saved queries to: /mnt/beegfs/rcabanas/dev/credici/papers/zeros/models/s3/simple_nparents1_nzr10_zdr05_ysize3_149_query.csv
[2024-10-14T10:32:10.669199][INFO][seed149] Closing log file
[2024-10-14T10:32:10.669249][INFO][seed149] Closed log file
[2024-10-14T10:32:10.684207][INFO][seed166] Saved model to: /mnt/beegfs/rcabanas/dev/credici/papers/zeros/models/s3/simple_nparents1_nzr10_zdr05_ysize3_166.uai
[2024-10-14T10:32:10.691314][INFO][seed166] Saved queries to: /mnt/beegfs/rcabanas/dev/credici/papers/zeros/models/s3/simple_nparents1_nzr10_zdr05_ysize3_166_query.csv
[2024-10-14T10:32:10.691521][INFO][seed166] Closing log file
[2024-10-14T10:32:10.691608][INFO][seed166] Closed log file
['genn.py', '1', '1.0', '0.5', '98', '3']
1 1.0 0.5 98
/mnt/beegfs/rcabanas/dev/credici/papers/zeros/code/GenerateNparents.java
['genn.py', '1', '1.0', '0.5', '82', '3']
[2024-10-14T10:32:10.827192][INFO][seed91] No feasible solution... resampling
1 1.0 0.5 82
/mnt/beegfs/rcabanas/dev/credici/papers/zeros/code/GenerateNparents.java
[2024-10-14T10:32:10.890903][INFO][seed91] Sampled 1100 data instances
[2024-10-14T10:32:10.891192][INFO][seed91] Starting exact inference 
['genn.py', '1', '1.0', '0.5', '3', '3']
['genn.py', '1', '1.0', '0.5', '2', '3']
['genn.py', '1', '1.0', '0.5', '148', '3']
[2024-10-14T10:32:10.986302][INFO][seed144] PS(V1,V0) in [0.0, 1.0]
[2024-10-14T10:32:10.996852][INFO][seed144] PN(V1,V0) in [0.0, 0.583710407239819] 
1 1.0 0.5 148
1 1.0 0.5 3
/mnt/beegfs/rcabanas/dev/credici/papers/zeros/code/GenerateNparents.java
1 1.0 0.5 2
/mnt/beegfs/rcabanas/dev/credici/papers/zeros/code/GenerateNparents.java
/mnt/beegfs/rcabanas/dev/credici/papers/zeros/code/GenerateNparents.java
[2024-10-14T10:32:11.054360][INFO][seed144] Saved data to: /mnt/beegfs/rcabanas/dev/credici/papers/zeros/models/s3/simple_nparents1_nzr10_zdr05_ysize3_144.csv
[2024-10-14T10:32:11.066587][INFO][seed111] PS(V1,V0) in [0.0, 0.01042113542113542]
[2024-10-14T10:32:11.077855][INFO][seed111] PN(V1,V0) in [0.0, 1.0] 
[2024-10-14T10:32:11.092938][INFO][seed144] Saved model to: /mnt/beegfs/rcabanas/dev/credici/papers/zeros/models/s3/simple_nparents1_nzr10_zdr05_ysize3_144.uai
['genn.py', '1', '1.0', '0.5', '88', '3']
[2024-10-14T10:32:11.107129][INFO][seed144] Saved queries to: /mnt/beegfs/rcabanas/dev/credici/papers/zeros/models/s3/simple_nparents1_nzr10_zdr05_ysize3_144_query.csv
[2024-10-14T10:32:11.107198][INFO][seed144] Closing log file
[2024-10-14T10:32:11.109492][INFO][seed64] PS(V1,V0) in [0.0, 1.0]
[2024-10-14T10:32:11.107223][INFO][seed144] Closed log file
[2024-10-14T10:32:11.116882][INFO][seed91] PS(V1,V0) in [0.0, 1.0]
[2024-10-14T10:32:11.125906][INFO][seed64] PN(V1,V0) in [0.0, 0.011071841866574924] 
[2024-10-14T10:32:11.126244][INFO][seed111] Saved data to: /mnt/beegfs/rcabanas/dev/credici/papers/zeros/models/s3/simple_nparents1_nzr10_zdr05_ysize3_111.csv
[2024-10-14T10:32:11.132387][INFO][seed91] PN(V1,V0) in [0.0, 0.01276808433296983] 
1 1.0 0.5 88
/mnt/beegfs/rcabanas/dev/credici/papers/zeros/code/GenerateNparents.java
[2024-10-14T10:32:11.145844][INFO][seed116] PS(V1,V0) in [0.0, 0.35002568878042517]
[2024-10-14T10:32:11.157452][INFO][seed116] PN(V1,V0) in [0.0, 1.0] 
[2024-10-14T10:32:11.169384][INFO][seed131] PS(V1,V0) in [0.3019090823173613, 1.0]
[2024-10-14T10:32:11.169919][INFO][seed111] Saved model to: /mnt/beegfs/rcabanas/dev/credici/papers/zeros/models/s3/simple_nparents1_nzr10_zdr05_ysize3_111.uai
[2024-10-14T10:32:11.171664][INFO][seed64] Saved data to: /mnt/beegfs/rcabanas/dev/credici/papers/zeros/models/s3/simple_nparents1_nzr10_zdr05_ysize3_64.csv
[2024-10-14T10:32:11.176098][INFO][seed111] Saved queries to: /mnt/beegfs/rcabanas/dev/credici/papers/zeros/models/s3/simple_nparents1_nzr10_zdr05_ysize3_111_query.csv
[2024-10-14T10:32:11.176325][INFO][seed111] Closing log file
[2024-10-14T10:32:11.176410][INFO][seed111] Closed log file
[2024-10-14T10:32:11.178048][INFO][seed91] Saved data to: /mnt/beegfs/rcabanas/dev/credici/papers/zeros/models/s3/simple_nparents1_nzr10_zdr05_ysize3_91.csv
[2024-10-14T10:32:11.180425][INFO][seed131] PN(V1,V0) in [0.07496450655308763, 0.24830159456510262] 
['genn.py', '1', '1.0', '0.5', '155', '3']
[2024-10-14T10:32:11.206662][INFO][seed64] Saved model to: /mnt/beegfs/rcabanas/dev/credici/papers/zeros/models/s3/simple_nparents1_nzr10_zdr05_ysize3_64.uai
[2024-10-14T10:32:11.212238][INFO][seed64] Saved queries to: /mnt/beegfs/rcabanas/dev/credici/papers/zeros/models/s3/simple_nparents1_nzr10_zdr05_ysize3_64_query.csv
[2024-10-14T10:32:11.212422][INFO][seed64] Closing log file
[2024-10-14T10:32:11.212504][INFO][seed64] Closed log file
[2024-10-14T10:32:11.224178][INFO][seed116] Saved data to: /mnt/beegfs/rcabanas/dev/credici/papers/zeros/models/s3/simple_nparents1_nzr10_zdr05_ysize3_116.csv
[2024-10-14T10:32:11.226726][INFO][seed91] Saved model to: /mnt/beegfs/rcabanas/dev/credici/papers/zeros/models/s3/simple_nparents1_nzr10_zdr05_ysize3_91.uai
[2024-10-14T10:32:11.227344][INFO][seed131] Saved data to: /mnt/beegfs/rcabanas/dev/credici/papers/zeros/models/s3/simple_nparents1_nzr10_zdr05_ysize3_131.csv
1 1.0 0.5 155
/mnt/beegfs/rcabanas/dev/credici/papers/zeros/code/GenerateNparents.java
[2024-10-14T10:32:11.233322][INFO][seed91] Saved queries to: /mnt/beegfs/rcabanas/dev/credici/papers/zeros/models/s3/simple_nparents1_nzr10_zdr05_ysize3_91_query.csv
[2024-10-14T10:32:11.233559][INFO][seed91] Closing log file
[2024-10-14T10:32:11.233651][INFO][seed91] Closed log file
[2024-10-14T10:32:11.246543][INFO][seed116] Saved model to: /mnt/beegfs/rcabanas/dev/credici/papers/zeros/models/s3/simple_nparents1_nzr10_zdr05_ysize3_116.uai
[2024-10-14T10:32:11.252134][INFO][seed116] Saved queries to: /mnt/beegfs/rcabanas/dev/credici/papers/zeros/models/s3/simple_nparents1_nzr10_zdr05_ysize3_116_query.csv
[2024-10-14T10:32:11.252385][INFO][seed116] Closing log file
[2024-10-14T10:32:11.252471][INFO][seed116] Closed log file
[2024-10-14T10:32:11.262289][INFO][seed131] Saved model to: /mnt/beegfs/rcabanas/dev/credici/papers/zeros/models/s3/simple_nparents1_nzr10_zdr05_ysize3_131.uai
[2024-10-14T10:32:11.267788][INFO][seed131] Saved queries to: /mnt/beegfs/rcabanas/dev/credici/papers/zeros/models/s3/simple_nparents1_nzr10_zdr05_ysize3_131_query.csv
[2024-10-14T10:32:11.267997][INFO][seed131] Closing log file
[2024-10-14T10:32:11.268082][INFO][seed131] Closed log file
['genn.py', '1', '1.0', '0.5', '44', '3']
1 1.0 0.5 44
/mnt/beegfs/rcabanas/dev/credici/papers/zeros/code/GenerateNparents.java
['genn.py', '1', '1.0', '0.5', '129', '3']
Removed 000
Removed 000
Removed 000
Removed 000
Removed 000
Removed 000
Removed 000
Removed 000
Removed 000
Removed 000
Removed 000
Removed 000
Error in variable: 2
[2024-10-14T10:32:11.351539][INFO][seed137] No feasible solution... resampling
1 1.0 0.5 129
/mnt/beegfs/rcabanas/dev/credici/papers/zeros/code/GenerateNparents.java
[2024-10-14T10:32:11.466195][INFO][seed39] PS(V1,V0) in [0.0, 1.0]
[2024-10-14T10:32:11.479060][INFO][seed39] PN(V1,V0) in [0.0, 0.01078171113319195] 
[2024-10-14T10:32:11.484324][INFO][seed137] Sampled 1100 data instances
[2024-10-14T10:32:11.484593][INFO][seed137] Starting exact inference 
[2024-10-14T10:32:11.525951][INFO][seed39] Saved data to: /mnt/beegfs/rcabanas/dev/credici/papers/zeros/models/s3/simple_nparents1_nzr10_zdr05_ysize3_39.csv
[2024-10-14T10:32:11.560324][INFO][seed39] Saved model to: /mnt/beegfs/rcabanas/dev/credici/papers/zeros/models/s3/simple_nparents1_nzr10_zdr05_ysize3_39.uai
[2024-10-14T10:32:11.566127][INFO][seed39] Saved queries to: /mnt/beegfs/rcabanas/dev/credici/papers/zeros/models/s3/simple_nparents1_nzr10_zdr05_ysize3_39_query.csv
[2024-10-14T10:32:11.566363][INFO][seed39] Closing log file
[2024-10-14T10:32:11.566451][INFO][seed39] Closed log file
[2024-10-14T10:32:11.610278][INFO][seed87] PS(V1,V0) in [0.0, 0.2736483483928307]
[2024-10-14T10:32:11.635172][INFO][seed87] PN(V1,V0) in [0.0, 1.0] 
['genn.py', '1', '1.0', '0.5', '52', '3']
['genn.py', '1', '1.0', '0.5', '192', '3']
[2024-10-14T10:32:11.679699][INFO][seed87] Saved data to: /mnt/beegfs/rcabanas/dev/credici/papers/zeros/models/s3/simple_nparents1_nzr10_zdr05_ysize3_87.csv
1 1.0 0.5 52
/mnt/beegfs/rcabanas/dev/credici/papers/zeros/code/GenerateNparents.java
1 1.0 0.5 192
/mnt/beegfs/rcabanas/dev/credici/papers/zeros/code/GenerateNparents.java
[2024-10-14T10:32:11.695965][INFO][seed87] Saved model to: /mnt/beegfs/rcabanas/dev/credici/papers/zeros/models/s3/simple_nparents1_nzr10_zdr05_ysize3_87.uai
[2024-10-14T10:32:11.700831][INFO][seed87] Saved queries to: /mnt/beegfs/rcabanas/dev/credici/papers/zeros/models/s3/simple_nparents1_nzr10_zdr05_ysize3_87_query.csv
[2024-10-14T10:32:11.701071][INFO][seed87] Closing log file
[2024-10-14T10:32:11.701159][INFO][seed87] Closed log file
[2024-10-14T10:32:11.702391][INFO][seed157] PS(V1,V0) in [0.0, 0.44249783174327845]
['genn.py', '1', '1.0', '0.5', '160', '3']
[2024-10-14T10:32:11.711489][INFO][seed80] PS(V1,V0) in [0.0, 0.300342242729074]
[2024-10-14T10:32:11.714412][INFO][seed157] PN(V1,V0) in [0.0, 1.0] 
['genn.py', '1', '1.0', '0.5', '58', '3']
['genn.py', '1', '1.0', '0.5', '200', '3']
['genn.py', '1', '1.0', '0.5', '50', '3']
[2024-10-14T10:32:11.731335][INFO][seed80] PN(V1,V0) in [0.0, 1.0] 
[2024-10-14T10:32:11.732189][INFO][seed63] PS(V1,V0) in [0.0, 0.04773269689737471]
[2024-10-14T10:32:11.746292][INFO][seed63] PN(V1,V0) in [0.0, 1.0] 
1 1.0 0.5 160
/mnt/beegfs/rcabanas/dev/credici/papers/zeros/code/GenerateNparents.java
1 1.0 0.5 58
/mnt/beegfs/rcabanas/dev/credici/papers/zeros/code/GenerateNparents.java
1 1.0 0.5 200
/mnt/beegfs/rcabanas/dev/credici/papers/zeros/code/GenerateNparents.java
1 1.0 0.5 50
/mnt/beegfs/rcabanas/dev/credici/papers/zeros/code/GenerateNparents.java
[2024-10-14T10:32:11.765966][INFO][seed80] Saved data to: /mnt/beegfs/rcabanas/dev/credici/papers/zeros/models/s3/simple_nparents1_nzr10_zdr05_ysize3_80.csv
[2024-10-14T10:32:11.765962][INFO][seed157] Saved data to: /mnt/beegfs/rcabanas/dev/credici/papers/zeros/models/s3/simple_nparents1_nzr10_zdr05_ysize3_157.csv
[2024-10-14T10:32:11.795971][INFO][seed157] Saved model to: /mnt/beegfs/rcabanas/dev/credici/papers/zeros/models/s3/simple_nparents1_nzr10_zdr05_ysize3_157.uai
[2024-10-14T10:32:11.795762][INFO][seed80] Saved model to: /mnt/beegfs/rcabanas/dev/credici/papers/zeros/models/s3/simple_nparents1_nzr10_zdr05_ysize3_80.uai
[2024-10-14T10:32:11.801141][INFO][seed80] Saved queries to: /mnt/beegfs/rcabanas/dev/credici/papers/zeros/models/s3/simple_nparents1_nzr10_zdr05_ysize3_80_query.csv
[2024-10-14T10:32:11.801370][INFO][seed80] Closing log file
[2024-10-14T10:32:11.801456][INFO][seed80] Closed log file
[2024-10-14T10:32:11.802897][INFO][seed157] Saved queries to: /mnt/beegfs/rcabanas/dev/credici/papers/zeros/models/s3/simple_nparents1_nzr10_zdr05_ysize3_157_query.csv
[2024-10-14T10:32:11.803182][INFO][seed157] Closing log file
[2024-10-14T10:32:11.803270][INFO][seed157] Closed log file
[2024-10-14T10:32:11.804390][INFO][seed63] Saved data to: /mnt/beegfs/rcabanas/dev/credici/papers/zeros/models/s3/simple_nparents1_nzr10_zdr05_ysize3_63.csv
[2024-10-14T10:32:11.820483][INFO][seed63] Saved model to: /mnt/beegfs/rcabanas/dev/credici/papers/zeros/models/s3/simple_nparents1_nzr10_zdr05_ysize3_63.uai
[2024-10-14T10:32:11.825406][INFO][seed63] Saved queries to: /mnt/beegfs/rcabanas/dev/credici/papers/zeros/models/s3/simple_nparents1_nzr10_zdr05_ysize3_63_query.csv
[2024-10-14T10:32:11.825641][INFO][seed63] Closing log file
[2024-10-14T10:32:11.825730][INFO][seed63] Closed log file
Removed 000
Removed 000
Removed 000
Removed 000
Removed 000
Removed 000
Removed 000
Removed 000
Removed 000
[2024-10-14T10:32:11.854116][INFO][seed137] PS(V1,V0) in [0.0, 1.0]
Error in variable: 2
[2024-10-14T10:32:11.859634][INFO][seed30] No feasible solution... resampling
Removed 000
[2024-10-14T10:32:11.868713][INFO][seed137] PN(V1,V0) in [0.0, 0.6994869948699488] 
Removed 000
Removed 000
Removed 000
Removed 000
Removed 000
Removed 000
Removed 000
Removed 000
Removed 000
Removed 000
Removed 000
Error in variable: 2
[2024-10-14T10:32:11.882237][INFO][seed113] No feasible solution... resampling
[2024-10-14T10:32:11.906840][INFO][seed145] PS(V1,V0) in [0.0, 0.10270976167156384]
[2024-10-14T10:32:11.920366][INFO][seed145] PN(V1,V0) in [0.0, 1.0] 
[2024-10-14T10:32:11.925035][INFO][seed137] Saved data to: /mnt/beegfs/rcabanas/dev/credici/papers/zeros/models/s3/simple_nparents1_nzr10_zdr05_ysize3_137.csv
Removed 000
Removed 000
Removed 000
Removed 000
Removed 000
[2024-10-14T10:32:11.920358][INFO][seed47] No feasible solution... resampling
Error in variable: 2
[2024-10-14T10:32:11.945148][INFO][seed59] No feasible solution... resampling
Removed 000
Removed 000
Removed 000
Removed 000
Removed 000
Removed 000
Removed 000
Removed 000
Removed 000
Removed 000
Removed 000
Removed 000
[2024-10-14T10:32:11.952345][INFO][seed137] Saved model to: /mnt/beegfs/rcabanas/dev/credici/papers/zeros/models/s3/simple_nparents1_nzr10_zdr05_ysize3_137.uai
Error in variable: 2
[2024-10-14T10:32:11.958747][INFO][seed173] No feasible solution... resampling
[2024-10-14T10:32:11.959665][INFO][seed30] Sampled 1100 data instances
[2024-10-14T10:32:11.960052][INFO][seed30] Starting exact inference 
[2024-10-14T10:32:11.966008][INFO][seed145] Saved data to: /mnt/beegfs/rcabanas/dev/credici/papers/zeros/models/s3/simple_nparents1_nzr10_zdr05_ysize3_145.csv
[2024-10-14T10:32:11.966232][INFO][seed137] Saved queries to: /mnt/beegfs/rcabanas/dev/credici/papers/zeros/models/s3/simple_nparents1_nzr10_zdr05_ysize3_137_query.csv
[2024-10-14T10:32:11.966358][INFO][seed137] Closing log file
[2024-10-14T10:32:11.966384][INFO][seed137] Closed log file
[2024-10-14T10:32:11.968934][INFO][seed113] Sampled 1100 data instances
[2024-10-14T10:32:11.971775][INFO][seed113] Starting exact inference 
[2024-10-14T10:32:11.986217][INFO][seed145] Saved model to: /mnt/beegfs/rcabanas/dev/credici/papers/zeros/models/s3/simple_nparents1_nzr10_zdr05_ysize3_145.uai
[2024-10-14T10:32:11.991360][INFO][seed20] PS(V1,V0) in [0.0, 0.09223300970873786]
[2024-10-14T10:32:11.994042][INFO][seed66] PS(V1,V0) in [0.0, 1.0]
[2024-10-14T10:32:11.995470][INFO][seed125] PS(V1,V0) in [0.0, 0.02081247398440752]
[2024-10-14T10:32:11.995768][INFO][seed165] PS(V1,V0) in [0.0, 0.6702508306254336]
[2024-10-14T10:32:12.002190][INFO][seed145] Saved queries to: /mnt/beegfs/rcabanas/dev/credici/papers/zeros/models/s3/simple_nparents1_nzr10_zdr05_ysize3_145_query.csv
[2024-10-14T10:32:12.002279][INFO][seed145] Closing log file
[2024-10-14T10:32:12.002306][INFO][seed145] Closed log file
[2024-10-14T10:32:12.008391][INFO][seed47] Sampled 1100 data instances
[2024-10-14T10:32:12.008803][INFO][seed47] Starting exact inference 
[2024-10-14T10:32:12.014049][INFO][seed66] PN(V1,V0) in [0.0, 0.02352813027612875] 
[2024-10-14T10:32:12.014365][INFO][seed165] PN(V1,V0) in [0.0, 1.0] 
[2024-10-14T10:32:12.017793][INFO][seed20] PN(V1,V0) in [0.0, 1.0] 
[2024-10-14T10:32:12.022686][INFO][seed125] PN(V1,V0) in [0.0, 1.0] 
['genn.py', '1', '1.0', '0.5', '135', '3']
[2024-10-14T10:32:12.046077][INFO][seed125] Saved data to: /mnt/beegfs/rcabanas/dev/credici/papers/zeros/models/s3/simple_nparents1_nzr10_zdr05_ysize3_125.csv
[2024-10-14T10:32:12.049638][INFO][seed59] Sampled 1100 data instances
[2024-10-14T10:32:12.050066][INFO][seed59] Starting exact inference 
[2024-10-14T10:32:12.052394][INFO][seed173] Sampled 1100 data instances
[2024-10-14T10:32:12.053819][INFO][seed109] PS(V1,V0) in [0.0, 1.0]
[2024-10-14T10:32:12.053967][INFO][seed165] Saved data to: /mnt/beegfs/rcabanas/dev/credici/papers/zeros/models/s3/simple_nparents1_nzr10_zdr05_ysize3_165.csv
[2024-10-14T10:32:12.060009][INFO][seed66] Saved data to: /mnt/beegfs/rcabanas/dev/credici/papers/zeros/models/s3/simple_nparents1_nzr10_zdr05_ysize3_66.csv
[2024-10-14T10:32:12.065821][INFO][seed173] Starting exact inference 
[2024-10-14T10:32:12.066102][INFO][seed20] Saved data to: /mnt/beegfs/rcabanas/dev/credici/papers/zeros/models/s3/simple_nparents1_nzr10_zdr05_ysize3_20.csv
[2024-10-14T10:32:12.075873][INFO][seed66] Saved model to: /mnt/beegfs/rcabanas/dev/credici/papers/zeros/models/s3/simple_nparents1_nzr10_zdr05_ysize3_66.uai
[2024-10-14T10:32:12.077530][INFO][seed130] PS(V1,V0) in [0.22169607734329722, 0.45484813732381346]
[2024-10-14T10:32:12.078228][INFO][seed109] PN(V1,V0) in [0.0, 0.10738502567594406] 
[2024-10-14T10:32:12.077432][INFO][seed165] Saved model to: /mnt/beegfs/rcabanas/dev/credici/papers/zeros/models/s3/simple_nparents1_nzr10_zdr05_ysize3_165.uai
1 1.0 0.5 135
[2024-10-14T10:32:12.079301][INFO][seed125] Saved model to: /mnt/beegfs/rcabanas/dev/credici/papers/zeros/models/s3/simple_nparents1_nzr10_zdr05_ysize3_125.uai
/mnt/beegfs/rcabanas/dev/credici/papers/zeros/code/GenerateNparents.java
[2024-10-14T10:32:12.082534][INFO][seed66] Saved queries to: /mnt/beegfs/rcabanas/dev/credici/papers/zeros/models/s3/simple_nparents1_nzr10_zdr05_ysize3_66_query.csv
[2024-10-14T10:32:12.082802][INFO][seed66] Closing log file
[2024-10-14T10:32:12.082890][INFO][seed66] Closed log file
[2024-10-14T10:32:12.083868][INFO][seed165] Saved queries to: /mnt/beegfs/rcabanas/dev/credici/papers/zeros/models/s3/simple_nparents1_nzr10_zdr05_ysize3_165_query.csv
[2024-10-14T10:32:12.092069][INFO][seed20] Saved model to: /mnt/beegfs/rcabanas/dev/credici/papers/zeros/models/s3/simple_nparents1_nzr10_zdr05_ysize3_20.uai
[2024-10-14T10:32:12.084755][INFO][seed125] Saved queries to: /mnt/beegfs/rcabanas/dev/credici/papers/zeros/models/s3/simple_nparents1_nzr10_zdr05_ysize3_125_query.csv
[2024-10-14T10:32:12.084852][INFO][seed125] Closing log file
[2024-10-14T10:32:12.084877][INFO][seed125] Closed log file
[2024-10-14T10:32:12.084107][INFO][seed165] Closing log file
[2024-10-14T10:32:12.093228][INFO][seed56] PS(V1,V0) in [0.0, 1.0]
[2024-10-14T10:32:12.094792][INFO][seed130] PN(V1,V0) in [0.4874068049342551, 1.0] 
[2024-10-14T10:32:12.097002][INFO][seed20] Saved queries to: /mnt/beegfs/rcabanas/dev/credici/papers/zeros/models/s3/simple_nparents1_nzr10_zdr05_ysize3_20_query.csv
[2024-10-14T10:32:12.084196][INFO][seed165] Closed log file
[2024-10-14T10:32:12.097324][INFO][seed20] Closing log file
[2024-10-14T10:32:12.097415][INFO][seed20] Closed log file
[2024-10-14T10:32:12.102131][INFO][seed103] PS(V1,V0) in [0.0, 0.0988012119615334]
[2024-10-14T10:32:12.114315][INFO][seed56] PN(V1,V0) in [0.0, 0.09616831807349807] 
[2024-10-14T10:32:12.124205][INFO][seed31] PS(V1,V0) in [0.0, 0.0]
[2024-10-14T10:32:12.129369][INFO][seed172] PS(V1,V0) in [0.0, 0.10092306670651129]
[2024-10-14T10:32:12.130089][INFO][seed103] PN(V1,V0) in [0.0, 1.0] 
[2024-10-14T10:32:12.140177][INFO][seed109] Saved data to: /mnt/beegfs/rcabanas/dev/credici/papers/zeros/models/s3/simple_nparents1_nzr10_zdr05_ysize3_109.csv
[2024-10-14T10:32:12.143145][INFO][seed172] PN(V1,V0) in [0.0, 1.0] 
[2024-10-14T10:32:12.146057][INFO][seed130] Saved data to: /mnt/beegfs/rcabanas/dev/credici/papers/zeros/models/s3/simple_nparents1_nzr10_zdr05_ysize3_130.csv
[2024-10-14T10:32:12.148854][INFO][seed31] No feasible solution... resampling
[2024-10-14T10:32:12.156641][INFO][seed109] Saved model to: /mnt/beegfs/rcabanas/dev/credici/papers/zeros/models/s3/simple_nparents1_nzr10_zdr05_ysize3_109.uai
[2024-10-14T10:32:12.166031][INFO][seed103] Saved data to: /mnt/beegfs/rcabanas/dev/credici/papers/zeros/models/s3/simple_nparents1_nzr10_zdr05_ysize3_103.csv
[2024-10-14T10:32:12.166080][INFO][seed56] Saved data to: /mnt/beegfs/rcabanas/dev/credici/papers/zeros/models/s3/simple_nparents1_nzr10_zdr05_ysize3_56.csv
[2024-10-14T10:32:12.167887][INFO][seed109] Saved queries to: /mnt/beegfs/rcabanas/dev/credici/papers/zeros/models/s3/simple_nparents1_nzr10_zdr05_ysize3_109_query.csv
[2024-10-14T10:32:12.168024][INFO][seed109] Closing log file
[2024-10-14T10:32:12.168053][INFO][seed109] Closed log file
[2024-10-14T10:32:12.169074][INFO][seed177] PS(V1,V0) in [0.0, 0.28380187416332]
[2024-10-14T10:32:12.172999][INFO][seed161] PS(V1,V0) in [0.0, 1.0]
[2024-10-14T10:32:12.175277][INFO][seed130] Saved model to: /mnt/beegfs/rcabanas/dev/credici/papers/zeros/models/s3/simple_nparents1_nzr10_zdr05_ysize3_130.uai
[2024-10-14T10:32:12.185644][INFO][seed130] Saved queries to: /mnt/beegfs/rcabanas/dev/credici/papers/zeros/models/s3/simple_nparents1_nzr10_zdr05_ysize3_130_query.csv
['genn.py', '1', '1.0', '0.5', '0', '3']
[2024-10-14T10:32:12.186116][INFO][seed130] Closing log file
[2024-10-14T10:32:12.186158][INFO][seed130] Closed log file
[2024-10-14T10:32:12.186035][INFO][seed56] Saved model to: /mnt/beegfs/rcabanas/dev/credici/papers/zeros/models/s3/simple_nparents1_nzr10_zdr05_ysize3_56.uai
[2024-10-14T10:32:12.186137][INFO][seed172] Saved data to: /mnt/beegfs/rcabanas/dev/credici/papers/zeros/models/s3/simple_nparents1_nzr10_zdr05_ysize3_172.csv
[2024-10-14T10:32:12.188605][INFO][seed103] Saved model to: /mnt/beegfs/rcabanas/dev/credici/papers/zeros/models/s3/simple_nparents1_nzr10_zdr05_ysize3_103.uai
[2024-10-14T10:32:12.190423][INFO][seed177] PN(V1,V0) in [0.0, 1.0] 
[2024-10-14T10:32:12.190526][INFO][seed161] PN(V1,V0) in [0.0, 0.00557231628242075] 
[2024-10-14T10:32:12.195482][INFO][seed89] PS(V1,V0) in [0.0, 0.30005941770647654]
[2024-10-14T10:32:12.203195][INFO][seed47] No feasible solution... resampling
[2024-10-14T10:32:12.205466][INFO][seed103] Saved queries to: /mnt/beegfs/rcabanas/dev/credici/papers/zeros/models/s3/simple_nparents1_nzr10_zdr05_ysize3_103_query.csv
[2024-10-14T10:32:12.205590][INFO][seed103] Closing log file
[2024-10-14T10:32:12.205615][INFO][seed103] Closed log file
[2024-10-14T10:32:12.205802][INFO][seed56] Saved queries to: /mnt/beegfs/rcabanas/dev/credici/papers/zeros/models/s3/simple_nparents1_nzr10_zdr05_ysize3_56_query.csv
[2024-10-14T10:32:12.205937][INFO][seed56] Closing log file
[2024-10-14T10:32:12.205965][INFO][seed56] Closed log file
[2024-10-14T10:32:12.207476][INFO][seed176] PS(V1,V0) in [0.0, 1.0]
[2024-10-14T10:32:12.210592][INFO][seed89] PN(V1,V0) in [0.0, 1.0] 
Removed 000
Removed 000
Removed 000
Removed 000
Removed 000
Removed 000
Removed 000
Removed 000
Removed 000
Removed 000
[2024-10-14T10:32:12.222661][INFO][seed172] Saved model to: /mnt/beegfs/rcabanas/dev/credici/papers/zeros/models/s3/simple_nparents1_nzr10_zdr05_ysize3_172.uai
Removed 000
Removed 000
Removed 000
Removed 000
Removed 000
Removed 000
Removed 000
Removed 000
1 1.0 0.5 0
[2024-10-14T10:32:12.228577][INFO][seed172] Saved queries to: /mnt/beegfs/rcabanas/dev/credici/papers/zeros/models/s3/simple_nparents1_nzr10_zdr05_ysize3_172_query.csv
/mnt/beegfs/rcabanas/dev/credici/papers/zeros/code/GenerateNparents.java
[2024-10-14T10:32:12.228808][INFO][seed172] Closing log file
[2024-10-14T10:32:12.228899][INFO][seed172] Closed log file
[2024-10-14T10:32:12.233750][INFO][seed176] PN(V1,V0) in [0.0, 0.07271451952303017] 
Error in variable: 2
[2024-10-14T10:32:12.237918][INFO][seed132] No feasible solution... resampling
[2024-10-14T10:32:12.239073][INFO][seed177] Saved data to: /mnt/beegfs/rcabanas/dev/credici/papers/zeros/models/s3/simple_nparents1_nzr10_zdr05_ysize3_177.csv
[2024-10-14T10:32:12.244461][INFO][seed31] Sampled 1100 data instances
[2024-10-14T10:32:12.244730][INFO][seed31] Starting exact inference 
[2024-10-14T10:32:12.246070][INFO][seed161] Saved data to: /mnt/beegfs/rcabanas/dev/credici/papers/zeros/models/s3/simple_nparents1_nzr10_zdr05_ysize3_161.csv
[2024-10-14T10:32:12.256732][INFO][seed177] Saved model to: /mnt/beegfs/rcabanas/dev/credici/papers/zeros/models/s3/simple_nparents1_nzr10_zdr05_ysize3_177.uai
[2024-10-14T10:32:12.260244][INFO][seed161] Saved model to: /mnt/beegfs/rcabanas/dev/credici/papers/zeros/models/s3/simple_nparents1_nzr10_zdr05_ysize3_161.uai
[2024-10-14T10:32:12.261750][INFO][seed177] Saved queries to: /mnt/beegfs/rcabanas/dev/credici/papers/zeros/models/s3/simple_nparents1_nzr10_zdr05_ysize3_177_query.csv
[2024-10-14T10:32:12.261969][INFO][seed177] Closing log file
[2024-10-14T10:32:12.262055][INFO][seed177] Closed log file
[2024-10-14T10:32:12.265954][INFO][seed161] Saved queries to: /mnt/beegfs/rcabanas/dev/credici/papers/zeros/models/s3/simple_nparents1_nzr10_zdr05_ysize3_161_query.csv
[2024-10-14T10:32:12.265988][INFO][seed89] Saved data to: /mnt/beegfs/rcabanas/dev/credici/papers/zeros/models/s3/simple_nparents1_nzr10_zdr05_ysize3_89.csv
[2024-10-14T10:32:12.266251][INFO][seed161] Closing log file
[2024-10-14T10:32:12.266341][INFO][seed161] Closed log file
[2024-10-14T10:32:12.271037][INFO][seed47] Sampled 1200 data instances
[2024-10-14T10:32:12.271330][INFO][seed47] Starting exact inference 
[2024-10-14T10:32:12.277337][INFO][seed176] Saved data to: /mnt/beegfs/rcabanas/dev/credici/papers/zeros/models/s3/simple_nparents1_nzr10_zdr05_ysize3_176.csv
[2024-10-14T10:32:12.287356][INFO][seed89] Saved model to: /mnt/beegfs/rcabanas/dev/credici/papers/zeros/models/s3/simple_nparents1_nzr10_zdr05_ysize3_89.uai
[2024-10-14T10:32:12.288166][INFO][seed199] PS(V1,V0) in [0.6632519007155635, 1.0]
[2024-10-14T10:32:12.290348][INFO][seed24] PS(V1,V0) in [0.0, 1.0]
[2024-10-14T10:32:12.291798][INFO][seed89] Saved queries to: /mnt/beegfs/rcabanas/dev/credici/papers/zeros/models/s3/simple_nparents1_nzr10_zdr05_ysize3_89_query.csv
[2024-10-14T10:32:12.291981][INFO][seed89] Closing log file
[2024-10-14T10:32:12.292066][INFO][seed89] Closed log file
['genn.py', '1', '1.0', '0.5', '143', '3']
[2024-10-14T10:32:12.296437][INFO][seed176] Saved model to: /mnt/beegfs/rcabanas/dev/credici/papers/zeros/models/s3/simple_nparents1_nzr10_zdr05_ysize3_176.uai
['genn.py', '1', '1.0', '0.5', '8', '3']
[2024-10-14T10:32:12.305613][INFO][seed199] PN(V1,V0) in [0.6252157301890522, 0.9426519992095382] 
[2024-10-14T10:32:12.307418][INFO][seed176] Saved queries to: /mnt/beegfs/rcabanas/dev/credici/papers/zeros/models/s3/simple_nparents1_nzr10_zdr05_ysize3_176_query.csv
[2024-10-14T10:32:12.307509][INFO][seed176] Closing log file
[2024-10-14T10:32:12.307533][INFO][seed176] Closed log file
[2024-10-14T10:32:12.320669][INFO][seed24] PN(V1,V0) in [0.0, 0.5669834214047581] 
1 1.0 0.5 143
/mnt/beegfs/rcabanas/dev/credici/papers/zeros/code/GenerateNparents.java
1 1.0 0.5 8
/mnt/beegfs/rcabanas/dev/credici/papers/zeros/code/GenerateNparents.java
[2024-10-14T10:32:12.355351][INFO][seed199] Saved data to: /mnt/beegfs/rcabanas/dev/credici/papers/zeros/models/s3/simple_nparents1_nzr10_zdr05_ysize3_199.csv
[2024-10-14T10:32:12.360698][INFO][seed132] Sampled 1100 data instances
[2024-10-14T10:32:12.366279][INFO][seed24] Saved data to: /mnt/beegfs/rcabanas/dev/credici/papers/zeros/models/s3/simple_nparents1_nzr10_zdr05_ysize3_24.csv
[2024-10-14T10:32:12.373395][INFO][seed132] Starting exact inference 
[2024-10-14T10:32:12.376276][INFO][seed128] PS(V1,V0) in [0.0, 1.0]
[2024-10-14T10:32:12.376762][INFO][seed199] Saved model to: /mnt/beegfs/rcabanas/dev/credici/papers/zeros/models/s3/simple_nparents1_nzr10_zdr05_ysize3_199.uai
['genn.py', '1', '1.0', '0.5', '133', '3']
[2024-10-14T10:32:12.385221][INFO][seed30] PS(V1,V0) in [0.0, 0.07709064504417282]
[2024-10-14T10:32:12.387581][INFO][seed113] PS(V1,V0) in [0.0, 1.0]
[2024-10-14T10:32:12.387618][INFO][seed199] Saved queries to: /mnt/beegfs/rcabanas/dev/credici/papers/zeros/models/s3/simple_nparents1_nzr10_zdr05_ysize3_199_query.csv
[2024-10-14T10:32:12.387752][INFO][seed199] Closing log file
[2024-10-14T10:32:12.387781][INFO][seed199] Closed log file
[2024-10-14T10:32:12.396285][INFO][seed30] PN(V1,V0) in [0.0, 1.0] 
[2024-10-14T10:32:12.397608][INFO][seed24] Saved model to: /mnt/beegfs/rcabanas/dev/credici/papers/zeros/models/s3/simple_nparents1_nzr10_zdr05_ysize3_24.uai
[2024-10-14T10:32:12.399771][INFO][seed113] PN(V1,V0) in [0.0, 0.017202807991977168] 
[2024-10-14T10:32:12.406143][INFO][seed128] PN(V1,V0) in [0.0, 0.8231707317073171] 
[2024-10-14T10:32:12.410483][INFO][seed24] Saved queries to: /mnt/beegfs/rcabanas/dev/credici/papers/zeros/models/s3/simple_nparents1_nzr10_zdr05_ysize3_24_query.csv
[2024-10-14T10:32:12.410596][INFO][seed24] Closing log file
[2024-10-14T10:32:12.410623][INFO][seed24] Closed log file
1 1.0 0.5 133
/mnt/beegfs/rcabanas/dev/credici/papers/zeros/code/GenerateNparents.java
[2024-10-14T10:32:12.424900][INFO][seed173] PS(V1,V0) in [0.408602272212918, 0.5401824107183271]
[2024-10-14T10:32:12.436551][INFO][seed173] PN(V1,V0) in [0.7564153591553722, 1.0] 
[2024-10-14T10:32:12.437003][INFO][seed30] Saved data to: /mnt/beegfs/rcabanas/dev/credici/papers/zeros/models/s3/simple_nparents1_nzr10_zdr05_ysize3_30.csv
[2024-10-14T10:32:12.437484][INFO][seed113] Saved data to: /mnt/beegfs/rcabanas/dev/credici/papers/zeros/models/s3/simple_nparents1_nzr10_zdr05_ysize3_113.csv
['genn.py', '1', '1.0', '0.5', '117', '3']
['genn.py', '1', '1.0', '0.5', '193', '3']
[2024-10-14T10:32:12.449966][INFO][seed59] PS(V1,V0) in [0.0, 0.2075835949128314]
[2024-10-14T10:32:12.457190][INFO][seed30] Saved model to: /mnt/beegfs/rcabanas/dev/credici/papers/zeros/models/s3/simple_nparents1_nzr10_zdr05_ysize3_30.uai
[2024-10-14T10:32:12.458299][INFO][seed113] Saved model to: /mnt/beegfs/rcabanas/dev/credici/papers/zeros/models/s3/simple_nparents1_nzr10_zdr05_ysize3_113.uai
[2024-10-14T10:32:12.464662][INFO][seed59] PN(V1,V0) in [0.0, 1.0] 
[2024-10-14T10:32:12.465718][INFO][seed128] Saved data to: /mnt/beegfs/rcabanas/dev/credici/papers/zeros/models/s3/simple_nparents1_nzr10_zdr05_ysize3_128.csv
[2024-10-14T10:32:12.467106][INFO][seed30] Saved queries to: /mnt/beegfs/rcabanas/dev/credici/papers/zeros/models/s3/simple_nparents1_nzr10_zdr05_ysize3_30_query.csv
[2024-10-14T10:32:12.467218][INFO][seed30] Closing log file
[2024-10-14T10:32:12.467244][INFO][seed30] Closed log file
[2024-10-14T10:32:12.470971][INFO][seed113] Saved queries to: /mnt/beegfs/rcabanas/dev/credici/papers/zeros/models/s3/simple_nparents1_nzr10_zdr05_ysize3_113_query.csv
[2024-10-14T10:32:12.471267][INFO][seed113] Closing log file
[2024-10-14T10:32:12.471354][INFO][seed113] Closed log file
[2024-10-14T10:32:12.475921][INFO][seed173] Saved data to: /mnt/beegfs/rcabanas/dev/credici/papers/zeros/models/s3/simple_nparents1_nzr10_zdr05_ysize3_173.csv
[2024-10-14T10:32:12.477883][INFO][seed31] PS(V1,V0) in [0.0, 0.010001087074682032]
[2024-10-14T10:32:12.482500][INFO][seed47] PS(V1,V0) in [0.0, 1.0]
1 1.0 0.5 193
/mnt/beegfs/rcabanas/dev/credici/papers/zeros/code/GenerateNparents.java
1 1.0 0.5 117
/mnt/beegfs/rcabanas/dev/credici/papers/zeros/code/GenerateNparents.java
[2024-10-14T10:32:12.489302][INFO][seed128] Saved model to: /mnt/beegfs/rcabanas/dev/credici/papers/zeros/models/s3/simple_nparents1_nzr10_zdr05_ysize3_128.uai
[2024-10-14T10:32:12.489357][INFO][seed31] PN(V1,V0) in [0.0, 1.0] 
[2024-10-14T10:32:12.497838][INFO][seed173] Saved model to: /mnt/beegfs/rcabanas/dev/credici/papers/zeros/models/s3/simple_nparents1_nzr10_zdr05_ysize3_173.uai
[2024-10-14T10:32:12.504437][INFO][seed128] Saved queries to: /mnt/beegfs/rcabanas/dev/credici/papers/zeros/models/s3/simple_nparents1_nzr10_zdr05_ysize3_128_query.csv
[2024-10-14T10:32:12.504576][INFO][seed128] Closing log file
[2024-10-14T10:32:12.504606][INFO][seed128] Closed log file
[2024-10-14T10:32:12.505496][INFO][seed173] Saved queries to: /mnt/beegfs/rcabanas/dev/credici/papers/zeros/models/s3/simple_nparents1_nzr10_zdr05_ysize3_173_query.csv
[2024-10-14T10:32:12.505832][INFO][seed173] Closing log file
[2024-10-14T10:32:12.505921][INFO][seed173] Closed log file
[2024-10-14T10:32:12.507883][INFO][seed47] PN(V1,V0) in [0.0, 0.07894999999999999] 
[2024-10-14T10:32:12.519268][INFO][seed59] Saved data to: /mnt/beegfs/rcabanas/dev/credici/papers/zeros/models/s3/simple_nparents1_nzr10_zdr05_ysize3_59.csv
[2024-10-14T10:32:12.539202][INFO][seed31] Saved data to: /mnt/beegfs/rcabanas/dev/credici/papers/zeros/models/s3/simple_nparents1_nzr10_zdr05_ysize3_31.csv
[2024-10-14T10:32:12.540753][INFO][seed59] Saved model to: /mnt/beegfs/rcabanas/dev/credici/papers/zeros/models/s3/simple_nparents1_nzr10_zdr05_ysize3_59.uai
[2024-10-14T10:32:12.546448][INFO][seed47] Saved data to: /mnt/beegfs/rcabanas/dev/credici/papers/zeros/models/s3/simple_nparents1_nzr10_zdr05_ysize3_47.csv
[2024-10-14T10:32:12.550173][INFO][seed59] Saved queries to: /mnt/beegfs/rcabanas/dev/credici/papers/zeros/models/s3/simple_nparents1_nzr10_zdr05_ysize3_59_query.csv
[2024-10-14T10:32:12.550570][INFO][seed59] Closing log file
['genn.py', '1', '1.0', '0.5', '189', '3']
[2024-10-14T10:32:12.550663][INFO][seed59] Closed log file
[2024-10-14T10:32:12.555439][INFO][seed31] Saved model to: /mnt/beegfs/rcabanas/dev/credici/papers/zeros/models/s3/simple_nparents1_nzr10_zdr05_ysize3_31.uai
[2024-10-14T10:32:12.564515][INFO][seed31] Saved queries to: /mnt/beegfs/rcabanas/dev/credici/papers/zeros/models/s3/simple_nparents1_nzr10_zdr05_ysize3_31_query.csv
[2024-10-14T10:32:12.564624][INFO][seed31] Closing log file
[2024-10-14T10:32:12.564649][INFO][seed31] Closed log file
[2024-10-14T10:32:12.561980][INFO][seed134] Set up logging
[2024-10-14T10:32:12.571811][INFO][seed47] Saved model to: /mnt/beegfs/rcabanas/dev/credici/papers/zeros/models/s3/simple_nparents1_nzr10_zdr05_ysize3_47.uai
[2024-10-14T10:32:12.572677][INFO][seed134] args: -np;1;-nzr;1.0;-zdr;0.5;-o;/mnt/beegfs/rcabanas/dev/credici/papers/zeros/models/s3;-rw;-s;134;-ys;3
[2024-10-14T10:32:12.576154][INFO][seed47] Saved queries to: /mnt/beegfs/rcabanas/dev/credici/papers/zeros/models/s3/simple_nparents1_nzr10_zdr05_ysize3_47_query.csv
[2024-10-14T10:32:12.576427][INFO][seed47] Closing log file
[2024-10-14T10:32:12.576519][INFO][seed47] Closed log file
[2024-10-14T10:32:12.581975][INFO][seed134] Starting logger with seed 134
['genn.py', '1', '1.0', '0.5', '187', '3']
[2024-10-14T10:32:12.561946][INFO][seed120] Set up logging
[2024-10-14T10:32:12.589450][INFO][seed120] args: -np;1;-nzr;1.0;-zdr;0.5;-o;/mnt/beegfs/rcabanas/dev/credici/papers/zeros/models/s3;-rw;-s;120;-ys;3
[2024-10-14T10:32:12.590228][INFO][seed134] simple_nparents1_nzr10_zdr05_ysize3_134
1 1.0 0.5 189
/mnt/beegfs/rcabanas/dev/credici/papers/zeros/code/GenerateNparents.java
[2024-10-14T10:32:12.591017][INFO][seed120] Starting logger with seed 120
['genn.py', '1', '1.0', '0.5', '65', '3']
[2024-10-14T10:32:12.605786][INFO][seed120] simple_nparents1_nzr10_zdr05_ysize3_120
1 1.0 0.5 187
/mnt/beegfs/rcabanas/dev/credici/papers/zeros/code/GenerateNparents.java
['genn.py', '1', '1.0', '0.5', '15', '3']
['genn.py', '1', '1.0', '0.5', '141', '3']
1 1.0 0.5 65
/mnt/beegfs/rcabanas/dev/credici/papers/zeros/code/GenerateNparents.java
[2024-10-14T10:32:12.617371][INFO][seed184] Set up logging
[2024-10-14T10:32:12.645150][INFO][seed184] args: -np;1;-nzr;1.0;-zdr;0.5;-o;/mnt/beegfs/rcabanas/dev/credici/papers/zeros/models/s3;-rw;-s;184;-ys;3
[2024-10-14T10:32:12.646672][INFO][seed184] Starting logger with seed 184
['genn.py', '1', '1.0', '0.5', '78', '3']
[2024-10-14T10:32:12.658521][INFO][seed184] simple_nparents1_nzr10_zdr05_ysize3_184
['genn.py', '1', '1.0', '0.5', '115', '3']
1 1.0 0.5 15
/mnt/beegfs/rcabanas/dev/credici/papers/zeros/code/GenerateNparents.java
1 1.0 0.5 141
/mnt/beegfs/rcabanas/dev/credici/papers/zeros/code/GenerateNparents.java
1 1.0 0.5 78
/mnt/beegfs/rcabanas/dev/credici/papers/zeros/code/GenerateNparents.java
['genn.py', '1', '1.0', '0.5', '190', '3']
1 1.0 0.5 115
/mnt/beegfs/rcabanas/dev/credici/papers/zeros/code/GenerateNparents.java
['genn.py', '1', '1.0', '0.5', '158', '3']
['genn.py', '1', '1.0', '0.5', '75', '3']
1 1.0 0.5 190
/mnt/beegfs/rcabanas/dev/credici/papers/zeros/code/GenerateNparents.java
1 1.0 0.5 158
/mnt/beegfs/rcabanas/dev/credici/papers/zeros/code/GenerateNparents.java
1 1.0 0.5 75
/mnt/beegfs/rcabanas/dev/credici/papers/zeros/code/GenerateNparents.java
['genn.py', '1', '1.0', '0.5', '85', '3']
[2024-10-14T10:32:12.793193][INFO][seed120] U cardinality: 9
[2024-10-14T10:32:12.797546][INFO][seed120] !0 = [0, 1, 2, 3, 4, 5, 6, 7, 8]
[2024-10-14T10:32:12.797812][INFO][seed120] 0 = []
['genn.py', '1', '1.0', '0.5', '93', '3']
[2024-10-14T10:32:12.799303][INFO][seed120] U cardinality: 9
[2024-10-14T10:32:12.806874][INFO][seed120] 
[P([3]) [0.607, 0.393], P([2]) [0.635, 0.003, 0.158, 0.01, 0.002, 0.009, 0.002, 0.148, 0.033], P([1, 3]) [1.0, 0.0, 0.0, 1.0], P([0, 1, 2]) [1.0, 0.0, 0.0, 1.0, 0.0, 0.0, 1.0, 0.0, 0.0, 0.0, 1.0, 0.0, 1.0, 0.0, 0.0, 0.0, 0.0, 1.0, 0.0, 1.0, 0.0, 1.0, 0.0, 0.0, 0.0, 1.0, 0.0, 0.0, 1.0, 0.0, 0.0, 1.0, 0.0, 0.0, 0.0, 1.0, 0.0, 0.0, 1.0, 1.0, 0.0, 0.0, 0.0, 0.0, 1.0, 0.0, 1.0, 0.0, 0.0, 0.0, 1.0, 0.0, 0.0, 1.0]]

[2024-10-14T10:32:12.812505][INFO][seed132] PS(V1,V0) in [0.0, 1.0]
[2024-10-14T10:32:12.815309][INFO][seed134] U cardinality: 9
[2024-10-14T10:32:12.819858][INFO][seed134] !0 = [0, 1, 2, 3, 4, 5, 6, 7, 8]
[2024-10-14T10:32:12.820129][INFO][seed134] 0 = []
[2024-10-14T10:32:12.820349][INFO][seed184] U cardinality: 9
[2024-10-14T10:32:12.822434][INFO][seed134] U cardinality: 9
[2024-10-14T10:32:12.824523][INFO][seed184] !0 = [0, 1, 2, 3, 4, 5, 6, 7, 8]
[2024-10-14T10:32:12.824800][INFO][seed184] 0 = []
[2024-10-14T10:32:12.826298][INFO][seed184] U cardinality: 9
1 1.0 0.5 85
/mnt/beegfs/rcabanas/dev/credici/papers/zeros/code/GenerateNparents.java
[2024-10-14T10:32:12.829850][INFO][seed134] 
[P([3]) [0.306, 0.694], P([2]) [0.012, 0.009, 0.645, 0.01, 0.16, 0.138, 0.002, 0.002, 0.022], P([1, 3]) [1.0, 0.0, 0.0, 1.0], P([0, 1, 2]) [1.0, 0.0, 0.0, 1.0, 0.0, 0.0, 1.0, 0.0, 0.0, 0.0, 1.0, 0.0, 1.0, 0.0, 0.0, 0.0, 0.0, 1.0, 0.0, 1.0, 0.0, 1.0, 0.0, 0.0, 0.0, 1.0, 0.0, 0.0, 1.0, 0.0, 0.0, 1.0, 0.0, 0.0, 0.0, 1.0, 0.0, 0.0, 1.0, 1.0, 0.0, 0.0, 0.0, 0.0, 1.0, 0.0, 1.0, 0.0, 0.0, 0.0, 1.0, 0.0, 0.0, 1.0]]

['genn.py', '1', '1.0', '0.5', '97', '3']
[2024-10-14T10:32:12.834643][INFO][seed184] 
[P([3]) [0.976, 0.024], P([2]) [0.002, 0.023, 0.002, 0.001, 0.001, 0.968, 0.001, 0.001, 0.001], P([1, 3]) [1.0, 0.0, 0.0, 1.0], P([0, 1, 2]) [1.0, 0.0, 0.0, 1.0, 0.0, 0.0, 1.0, 0.0, 0.0, 0.0, 1.0, 0.0, 1.0, 0.0, 0.0, 0.0, 0.0, 1.0, 0.0, 1.0, 0.0, 1.0, 0.0, 0.0, 0.0, 1.0, 0.0, 0.0, 1.0, 0.0, 0.0, 1.0, 0.0, 0.0, 0.0, 1.0, 0.0, 0.0, 1.0, 1.0, 0.0, 0.0, 0.0, 0.0, 1.0, 0.0, 1.0, 0.0, 0.0, 0.0, 1.0, 0.0, 0.0, 1.0]]

1 1.0 0.5 93
/mnt/beegfs/rcabanas/dev/credici/papers/zeros/code/GenerateNparents.java
['genn.py', '1', '1.0', '0.5', '142', '3']
[2024-10-14T10:32:12.850192][INFO][seed132] PN(V1,V0) in [0.0, 0.8850075378878045] 
1 1.0 0.5 97
/mnt/beegfs/rcabanas/dev/credici/papers/zeros/code/GenerateNparents.java
1 1.0 0.5 142
/mnt/beegfs/rcabanas/dev/credici/papers/zeros/code/GenerateNparents.java
[2024-10-14T10:32:12.903099][INFO][seed132] Saved data to: /mnt/beegfs/rcabanas/dev/credici/papers/zeros/models/s3/simple_nparents1_nzr10_zdr05_ysize3_132.csv
[2024-10-14T10:32:12.926445][INFO][seed132] Saved model to: /mnt/beegfs/rcabanas/dev/credici/papers/zeros/models/s3/simple_nparents1_nzr10_zdr05_ysize3_132.uai
[2024-10-14T10:32:12.939713][INFO][seed132] Saved queries to: /mnt/beegfs/rcabanas/dev/credici/papers/zeros/models/s3/simple_nparents1_nzr10_zdr05_ysize3_132_query.csv
[2024-10-14T10:32:12.940014][INFO][seed132] Closing log file
[2024-10-14T10:32:12.940110][INFO][seed132] Closed log file
['genn.py', '1', '1.0', '0.5', '118', '3']
['genn.py', '1', '1.0', '0.5', '147', '3']
[2024-10-14T10:32:12.986275][INFO][seed120] Sampled 1000 data instances
[2024-10-14T10:32:12.986505][INFO][seed120] Starting exact inference 
['genn.py', '1', '1.0', '0.5', '123', '3']
1 1.0 0.5 118
/mnt/beegfs/rcabanas/dev/credici/papers/zeros/code/GenerateNparents.java
['genn.py', '1', '1.0', '0.5', '34', '3']
1 1.0 0.5 147
/mnt/beegfs/rcabanas/dev/credici/papers/zeros/code/GenerateNparents.java
[2024-10-14T10:32:13.021236][INFO][seed134] Sampled 1000 data instances
[2024-10-14T10:32:13.021471][INFO][seed134] Starting exact inference 
[2024-10-14T10:32:13.031011][INFO][seed184] Sampled 1000 data instances
1 1.0 0.5 123
[2024-10-14T10:32:13.031268][INFO][seed184] Starting exact inference 
/mnt/beegfs/rcabanas/dev/credici/papers/zeros/code/GenerateNparents.java
1 1.0 0.5 34
/mnt/beegfs/rcabanas/dev/credici/papers/zeros/code/GenerateNparents.java
['genn.py', '1', '1.0', '0.5', '179', '3']
['genn.py', '1', '1.0', '0.5', '107', '3']
['genn.py', '1', '1.0', '0.5', '16', '3']
1 1.0 0.5 179
/mnt/beegfs/rcabanas/dev/credici/papers/zeros/code/GenerateNparents.java
['genn.py', '1', '1.0', '0.5', '17', '3']
1 1.0 0.5 107
/mnt/beegfs/rcabanas/dev/credici/papers/zeros/code/GenerateNparents.java
1 1.0 0.5 16
/mnt/beegfs/rcabanas/dev/credici/papers/zeros/code/GenerateNparents.java
1 1.0 0.5 17
/mnt/beegfs/rcabanas/dev/credici/papers/zeros/code/GenerateNparents.java
[2024-10-14T10:32:13.291635][INFO][seed174] Set up logging
[2024-10-14T10:32:13.317711][INFO][seed174] args: -np;1;-nzr;1.0;-zdr;0.5;-o;/mnt/beegfs/rcabanas/dev/credici/papers/zeros/models/s3;-rw;-s;174;-ys;3
[2024-10-14T10:32:13.303789][INFO][seed139] Set up logging
[2024-10-14T10:32:13.319082][INFO][seed139] args: -np;1;-nzr;1.0;-zdr;0.5;-o;/mnt/beegfs/rcabanas/dev/credici/papers/zeros/models/s3;-rw;-s;139;-ys;3
[2024-10-14T10:32:13.322612][INFO][seed174] Starting logger with seed 174
[2024-10-14T10:32:13.327631][INFO][seed139] Starting logger with seed 139
[2024-10-14T10:32:13.344056][INFO][seed174] simple_nparents1_nzr10_zdr05_ysize3_174
[2024-10-14T10:32:13.348753][INFO][seed139] simple_nparents1_nzr10_zdr05_ysize3_139
[2024-10-14T10:32:13.454527][INFO][seed74] Set up logging
[2024-10-14T10:32:13.483882][INFO][seed74] args: -np;1;-nzr;1.0;-zdr;0.5;-o;/mnt/beegfs/rcabanas/dev/credici/papers/zeros/models/s3;-rw;-s;74;-ys;3
[2024-10-14T10:32:13.487377][INFO][seed74] Starting logger with seed 74
['genn.py', '1', '1.0', '0.5', '150', '3']
[2024-10-14T10:32:13.501093][INFO][seed74] simple_nparents1_nzr10_zdr05_ysize3_74
1 1.0 0.5 150
/mnt/beegfs/rcabanas/dev/credici/papers/zeros/code/GenerateNparents.java
[2024-10-14T10:32:13.608959][INFO][seed61] Set up logging
[2024-10-14T10:32:13.630721][INFO][seed61] args: -np;1;-nzr;1.0;-zdr;0.5;-o;/mnt/beegfs/rcabanas/dev/credici/papers/zeros/models/s3;-rw;-s;61;-ys;3
[2024-10-14T10:32:13.634350][INFO][seed61] Starting logger with seed 61
[2024-10-14T10:32:13.644883][INFO][seed61] simple_nparents1_nzr10_zdr05_ysize3_61
[2024-10-14T10:32:13.707846][INFO][seed174] U cardinality: 9
[2024-10-14T10:32:13.716201][INFO][seed174] !0 = [0, 1, 2, 3, 4, 5, 6, 7, 8]
[2024-10-14T10:32:13.716726][INFO][seed174] 0 = []
[2024-10-14T10:32:13.718854][INFO][seed174] U cardinality: 9
[2024-10-14T10:32:13.726870][INFO][seed174] 
[P([3]) [0.217, 0.783], P([2]) [0.013, 0.009, 0.782, 0.127, 0.003, 0.048, 0.006, 0.002, 0.01], P([1, 3]) [1.0, 0.0, 0.0, 1.0], P([0, 1, 2]) [1.0, 0.0, 0.0, 1.0, 0.0, 0.0, 1.0, 0.0, 0.0, 0.0, 1.0, 0.0, 1.0, 0.0, 0.0, 0.0, 0.0, 1.0, 0.0, 1.0, 0.0, 1.0, 0.0, 0.0, 0.0, 1.0, 0.0, 0.0, 1.0, 0.0, 0.0, 1.0, 0.0, 0.0, 0.0, 1.0, 0.0, 0.0, 1.0, 1.0, 0.0, 0.0, 0.0, 0.0, 1.0, 0.0, 1.0, 0.0, 0.0, 0.0, 1.0, 0.0, 0.0, 1.0]]

[2024-10-14T10:32:13.742004][INFO][seed139] U cardinality: 9
[2024-10-14T10:32:13.747824][INFO][seed139] !0 = [0, 1, 2, 3, 4, 5, 6, 7, 8]
[2024-10-14T10:32:13.748364][INFO][seed139] 0 = []
[2024-10-14T10:32:13.750554][INFO][seed139] U cardinality: 9
[2024-10-14T10:32:13.751016][INFO][seed74] U cardinality: 9
[2024-10-14T10:32:13.769637][INFO][seed74] !0 = [0, 1, 2, 3, 4, 5, 6, 7, 8]
[2024-10-14T10:32:13.770321][INFO][seed74] 0 = []
[2024-10-14T10:32:13.772506][INFO][seed74] U cardinality: 9
[2024-10-14T10:32:13.772582][INFO][seed139] 
[P([3]) [0.718, 0.282], P([2]) [0.144, 0.004, 0.085, 0.001, 0.043, 0.02, 0.7, 0.002, 0.001], P([1, 3]) [1.0, 0.0, 0.0, 1.0], P([0, 1, 2]) [1.0, 0.0, 0.0, 1.0, 0.0, 0.0, 1.0, 0.0, 0.0, 0.0, 1.0, 0.0, 1.0, 0.0, 0.0, 0.0, 0.0, 1.0, 0.0, 1.0, 0.0, 1.0, 0.0, 0.0, 0.0, 1.0, 0.0, 0.0, 1.0, 0.0, 0.0, 1.0, 0.0, 0.0, 0.0, 1.0, 0.0, 0.0, 1.0, 1.0, 0.0, 0.0, 0.0, 0.0, 1.0, 0.0, 1.0, 0.0, 0.0, 0.0, 1.0, 0.0, 0.0, 1.0]]

[2024-10-14T10:32:13.791515][INFO][seed74] 
[P([3]) [0.071, 0.929], P([2]) [0.003, 0.003, 0.014, 0.003, 0.002, 0.821, 0.025, 0.128, 0.001], P([1, 3]) [1.0, 0.0, 0.0, 1.0], P([0, 1, 2]) [1.0, 0.0, 0.0, 1.0, 0.0, 0.0, 1.0, 0.0, 0.0, 0.0, 1.0, 0.0, 1.0, 0.0, 0.0, 0.0, 0.0, 1.0, 0.0, 1.0, 0.0, 1.0, 0.0, 0.0, 0.0, 1.0, 0.0, 0.0, 1.0, 0.0, 0.0, 1.0, 0.0, 0.0, 0.0, 1.0, 0.0, 0.0, 1.0, 1.0, 0.0, 0.0, 0.0, 0.0, 1.0, 0.0, 1.0, 0.0, 0.0, 0.0, 1.0, 0.0, 0.0, 1.0]]

[2024-10-14T10:32:13.815437][INFO][seed184] PS(V1,V0) in [0.0, 0.0]
[2024-10-14T10:32:13.839590][INFO][seed184] No feasible solution... resampling
[2024-10-14T10:32:13.837913][INFO][seed82] Set up logging
[2024-10-14T10:32:13.854844][INFO][seed82] args: -np;1;-nzr;1.0;-zdr;0.5;-o;/mnt/beegfs/rcabanas/dev/credici/papers/zeros/models/s3;-rw;-s;82;-ys;3
[2024-10-14T10:32:13.824663][INFO][seed73] Set up logging
[2024-10-14T10:32:13.859021][INFO][seed73] args: -np;1;-nzr;1.0;-zdr;0.5;-o;/mnt/beegfs/rcabanas/dev/credici/papers/zeros/models/s3;-rw;-s;73;-ys;3
[2024-10-14T10:32:13.863426][INFO][seed73] Starting logger with seed 73
[2024-10-14T10:32:13.867344][INFO][seed82] Starting logger with seed 82
[2024-10-14T10:32:13.874100][INFO][seed82] simple_nparents1_nzr10_zdr05_ysize3_82
[2024-10-14T10:32:13.875011][INFO][seed120] PS(V1,V0) in [0.0, 0.18677346005467418]
[2024-10-14T10:32:13.882475][INFO][seed73] simple_nparents1_nzr10_zdr05_ysize3_73
[2024-10-14T10:32:13.886411][INFO][seed120] PN(V1,V0) in [0.0, 1.0] 
[2024-10-14T10:32:13.900213][INFO][seed184] Sampled 1100 data instances
[2024-10-14T10:32:13.900469][INFO][seed184] Starting exact inference 
[2024-10-14T10:32:13.916182][INFO][seed120] Saved data to: /mnt/beegfs/rcabanas/dev/credici/papers/zeros/models/s3/simple_nparents1_nzr10_zdr05_ysize3_120.csv
[2024-10-14T10:32:13.921843][INFO][seed134] PS(V1,V0) in [0.0, 0.2471497233555022]
[2024-10-14T10:32:13.907919][INFO][seed3] Set up logging
[2024-10-14T10:32:13.933661][INFO][seed3] args: -np;1;-nzr;1.0;-zdr;0.5;-o;/mnt/beegfs/rcabanas/dev/credici/papers/zeros/models/s3;-rw;-s;3;-ys;3
[2024-10-14T10:32:13.932860][INFO][seed120] Saved model to: /mnt/beegfs/rcabanas/dev/credici/papers/zeros/models/s3/simple_nparents1_nzr10_zdr05_ysize3_120.uai
[2024-10-14T10:32:13.932574][INFO][seed134] PN(V1,V0) in [0.0, 1.0] 
[2024-10-14T10:32:13.936172][INFO][seed120] Saved queries to: /mnt/beegfs/rcabanas/dev/credici/papers/zeros/models/s3/simple_nparents1_nzr10_zdr05_ysize3_120_query.csv
[2024-10-14T10:32:13.936211][INFO][seed120] Closing log file
[2024-10-14T10:32:13.936234][INFO][seed120] Closed log file
[2024-10-14T10:32:13.946335][INFO][seed3] Starting logger with seed 3
[2024-10-14T10:32:13.953698][INFO][seed3] simple_nparents1_nzr10_zdr05_ysize3_3
[2024-10-14T10:32:13.930452][INFO][seed98] Set up logging
[2024-10-14T10:32:13.962370][INFO][seed98] args: -np;1;-nzr;1.0;-zdr;0.5;-o;/mnt/beegfs/rcabanas/dev/credici/papers/zeros/models/s3;-rw;-s;98;-ys;3
[2024-10-14T10:32:13.974708][INFO][seed134] Saved data to: /mnt/beegfs/rcabanas/dev/credici/papers/zeros/models/s3/simple_nparents1_nzr10_zdr05_ysize3_134.csv
[2024-10-14T10:32:13.984031][INFO][seed134] Saved model to: /mnt/beegfs/rcabanas/dev/credici/papers/zeros/models/s3/simple_nparents1_nzr10_zdr05_ysize3_134.uai
[2024-10-14T10:32:13.987440][INFO][seed134] Saved queries to: /mnt/beegfs/rcabanas/dev/credici/papers/zeros/models/s3/simple_nparents1_nzr10_zdr05_ysize3_134_query.csv
[2024-10-14T10:32:13.987538][INFO][seed134] Closing log file
[2024-10-14T10:32:13.987624][INFO][seed134] Closed log file
[2024-10-14T10:32:13.989569][INFO][seed61] U cardinality: 9
[2024-10-14T10:32:13.992149][INFO][seed174] Sampled 1000 data instances
[2024-10-14T10:32:13.992612][INFO][seed174] Starting exact inference 
[2024-10-14T10:32:13.996394][INFO][seed61] !0 = [0, 1, 2, 3, 4, 5, 6, 7, 8]
[2024-10-14T10:32:13.997093][INFO][seed61] 0 = []
[2024-10-14T10:32:14.001424][INFO][seed61] U cardinality: 9
[2024-10-14T10:32:13.972374][INFO][seed2] Set up logging
[2024-10-14T10:32:14.004076][INFO][seed2] args: -np;1;-nzr;1.0;-zdr;0.5;-o;/mnt/beegfs/rcabanas/dev/credici/papers/zeros/models/s3;-rw;-s;2;-ys;3
[2024-10-14T10:32:14.008246][INFO][seed2] Starting logger with seed 2
[2024-10-14T10:32:14.020291][INFO][seed139] Sampled 1000 data instances
[2024-10-14T10:32:14.020428][INFO][seed139] Starting exact inference 
[2024-10-14T10:32:14.022263][INFO][seed61] 
[P([3]) [0.204, 0.796], P([2]) [0.083, 0.036, 0.061, 0.001, 0.001, 0.002, 0.804, 0.011, 0.001], P([1, 3]) [1.0, 0.0, 0.0, 1.0], P([0, 1, 2]) [1.0, 0.0, 0.0, 1.0, 0.0, 0.0, 1.0, 0.0, 0.0, 0.0, 1.0, 0.0, 1.0, 0.0, 0.0, 0.0, 0.0, 1.0, 0.0, 1.0, 0.0, 1.0, 0.0, 0.0, 0.0, 1.0, 0.0, 0.0, 1.0, 0.0, 0.0, 1.0, 0.0, 0.0, 0.0, 1.0, 0.0, 0.0, 1.0, 1.0, 0.0, 0.0, 0.0, 0.0, 1.0, 0.0, 1.0, 0.0, 0.0, 0.0, 1.0, 0.0, 0.0, 1.0]]

[2024-10-14T10:32:14.025840][INFO][seed2] simple_nparents1_nzr10_zdr05_ysize3_2
[2024-10-14T10:32:13.998636][INFO][seed148] Set up logging
[2024-10-14T10:32:14.040406][INFO][seed98] Starting logger with seed 98
[2024-10-14T10:32:14.044948][INFO][seed148] args: -np;1;-nzr;1.0;-zdr;0.5;-o;/mnt/beegfs/rcabanas/dev/credici/papers/zeros/models/s3;-rw;-s;148;-ys;3
[2024-10-14T10:32:14.047762][INFO][seed74] Sampled 1000 data instances
[2024-10-14T10:32:14.048128][INFO][seed74] Starting exact inference 
[2024-10-14T10:32:14.051339][INFO][seed148] Starting logger with seed 148
[2024-10-14T10:32:14.055342][INFO][seed98] simple_nparents1_nzr10_zdr05_ysize3_98
[2024-10-14T10:32:14.069558][INFO][seed148] simple_nparents1_nzr10_zdr05_ysize3_148
[2024-10-14T10:32:14.080617][INFO][seed184] PS(V1,V0) in [0.0, 1.0]
[2024-10-14T10:32:14.085823][INFO][seed184] PN(V1,V0) in [0.0, 0.43878561214387857] 
[2024-10-14T10:32:14.064473][INFO][seed155] Set up logging
[2024-10-14T10:32:14.093925][INFO][seed155] args: -np;1;-nzr;1.0;-zdr;0.5;-o;/mnt/beegfs/rcabanas/dev/credici/papers/zeros/models/s3;-rw;-s;155;-ys;3
[2024-10-14T10:32:14.062727][INFO][seed88] Set up logging
[2024-10-14T10:32:14.097643][INFO][seed88] args: -np;1;-nzr;1.0;-zdr;0.5;-o;/mnt/beegfs/rcabanas/dev/credici/papers/zeros/models/s3;-rw;-s;88;-ys;3
[2024-10-14T10:32:14.101015][INFO][seed88] Starting logger with seed 88
[2024-10-14T10:32:14.100767][INFO][seed155] Starting logger with seed 155
[2024-10-14T10:32:14.112074][INFO][seed155] simple_nparents1_nzr10_zdr05_ysize3_155
[2024-10-14T10:32:14.118990][INFO][seed184] Saved data to: /mnt/beegfs/rcabanas/dev/credici/papers/zeros/models/s3/simple_nparents1_nzr10_zdr05_ysize3_184.csv
[2024-10-14T10:32:14.131162][INFO][seed88] simple_nparents1_nzr10_zdr05_ysize3_88
[2024-10-14T10:32:14.137318][INFO][seed184] Saved model to: /mnt/beegfs/rcabanas/dev/credici/papers/zeros/models/s3/simple_nparents1_nzr10_zdr05_ysize3_184.uai
[2024-10-14T10:32:14.141246][INFO][seed184] Saved queries to: /mnt/beegfs/rcabanas/dev/credici/papers/zeros/models/s3/simple_nparents1_nzr10_zdr05_ysize3_184_query.csv
[2024-10-14T10:32:14.141287][INFO][seed184] Closing log file
[2024-10-14T10:32:14.141312][INFO][seed184] Closed log file
[2024-10-14T10:32:14.277103][INFO][seed73] U cardinality: 9
['genn.py', '1', '1.0', '0.5', '119', '3']
[2024-10-14T10:32:14.291865][INFO][seed73] !0 = [0, 1, 2, 3, 4, 5, 6, 7, 8]
[2024-10-14T10:32:14.292515][INFO][seed73] 0 = []
[2024-10-14T10:32:14.295192][INFO][seed73] U cardinality: 9
[2024-10-14T10:32:14.302256][INFO][seed73] 
[P([3]) [0.544, 0.456], P([2]) [0.46, 0.129, 0.016, 0.001, 0.004, 0.074, 0.006, 0.015, 0.295], P([1, 3]) [1.0, 0.0, 0.0, 1.0], P([0, 1, 2]) [1.0, 0.0, 0.0, 1.0, 0.0, 0.0, 1.0, 0.0, 0.0, 0.0, 1.0, 0.0, 1.0, 0.0, 0.0, 0.0, 0.0, 1.0, 0.0, 1.0, 0.0, 1.0, 0.0, 0.0, 0.0, 1.0, 0.0, 0.0, 1.0, 0.0, 0.0, 1.0, 0.0, 0.0, 0.0, 1.0, 0.0, 0.0, 1.0, 1.0, 0.0, 0.0, 0.0, 0.0, 1.0, 0.0, 1.0, 0.0, 0.0, 0.0, 1.0, 0.0, 0.0, 1.0]]

[2024-10-14T10:32:14.308465][INFO][seed61] Sampled 1000 data instances
[2024-10-14T10:32:14.308854][INFO][seed61] Starting exact inference 
1 1.0 0.5 119
/mnt/beegfs/rcabanas/dev/credici/papers/zeros/code/GenerateNparents.java
['genn.py', '1', '1.0', '0.5', '72', '3']
[2024-10-14T10:32:14.315783][INFO][seed44] Set up logging
[2024-10-14T10:32:14.342627][INFO][seed44] args: -np;1;-nzr;1.0;-zdr;0.5;-o;/mnt/beegfs/rcabanas/dev/credici/papers/zeros/models/s3;-rw;-s;44;-ys;3
[2024-10-14T10:32:14.316157][INFO][seed129] Set up logging
[2024-10-14T10:32:14.348289][INFO][seed129] args: -np;1;-nzr;1.0;-zdr;0.5;-o;/mnt/beegfs/rcabanas/dev/credici/papers/zeros/models/s3;-rw;-s;129;-ys;3
[2024-10-14T10:32:14.350180][INFO][seed44] Starting logger with seed 44
[2024-10-14T10:32:14.353111][INFO][seed129] Starting logger with seed 129
[2024-10-14T10:32:14.365564][INFO][seed82] U cardinality: 9
[2024-10-14T10:32:14.368107][INFO][seed44] simple_nparents1_nzr10_zdr05_ysize3_44
1 1.0 0.5 72
/mnt/beegfs/rcabanas/dev/credici/papers/zeros/code/GenerateNparents.java
[2024-10-14T10:32:14.372236][INFO][seed82] !0 = [0, 1, 2, 3, 4, 5, 6, 7, 8]
[2024-10-14T10:32:14.374381][INFO][seed2] U cardinality: 9
[2024-10-14T10:32:14.375169][INFO][seed98] U cardinality: 9
[2024-10-14T10:32:14.376023][INFO][seed82] 0 = []
[2024-10-14T10:32:14.378894][INFO][seed82] U cardinality: 9
[2024-10-14T10:32:14.380550][INFO][seed2] !0 = [0, 1, 2, 3, 4, 5, 6, 7, 8]
[2024-10-14T10:32:14.381158][INFO][seed2] 0 = []
[2024-10-14T10:32:14.381473][INFO][seed98] !0 = [0, 1, 2, 3, 4, 5, 6, 7, 8]
[2024-10-14T10:32:14.382109][INFO][seed98] 0 = []
[2024-10-14T10:32:14.383220][INFO][seed2] U cardinality: 9
[2024-10-14T10:32:14.384284][INFO][seed98] U cardinality: 9
[2024-10-14T10:32:14.382714][INFO][seed129] simple_nparents1_nzr10_zdr05_ysize3_129
[2024-10-14T10:32:14.385911][INFO][seed82] 
[P([3]) [0.24, 0.76], P([2]) [0.026, 0.001, 0.001, 0.138, 0.739, 0.001, 0.025, 0.067, 0.002], P([1, 3]) [1.0, 0.0, 0.0, 1.0], P([0, 1, 2]) [1.0, 0.0, 0.0, 1.0, 0.0, 0.0, 1.0, 0.0, 0.0, 0.0, 1.0, 0.0, 1.0, 0.0, 0.0, 0.0, 0.0, 1.0, 0.0, 1.0, 0.0, 1.0, 0.0, 0.0, 0.0, 1.0, 0.0, 0.0, 1.0, 0.0, 0.0, 1.0, 0.0, 0.0, 0.0, 1.0, 0.0, 0.0, 1.0, 1.0, 0.0, 0.0, 0.0, 0.0, 1.0, 0.0, 1.0, 0.0, 0.0, 0.0, 1.0, 0.0, 0.0, 1.0]]

[2024-10-14T10:32:14.389906][INFO][seed3] U cardinality: 9
[2024-10-14T10:32:14.398068][INFO][seed2] 
[P([3]) [0.698, 0.302], P([2]) [0.001, 0.069, 0.001, 0.341, 0.004, 0.001, 0.574, 0.001, 0.008], P([1, 3]) [1.0, 0.0, 0.0, 1.0], P([0, 1, 2]) [1.0, 0.0, 0.0, 1.0, 0.0, 0.0, 1.0, 0.0, 0.0, 0.0, 1.0, 0.0, 1.0, 0.0, 0.0, 0.0, 0.0, 1.0, 0.0, 1.0, 0.0, 1.0, 0.0, 0.0, 0.0, 1.0, 0.0, 0.0, 1.0, 0.0, 0.0, 1.0, 0.0, 0.0, 0.0, 1.0, 0.0, 0.0, 1.0, 1.0, 0.0, 0.0, 0.0, 0.0, 1.0, 0.0, 1.0, 0.0, 0.0, 0.0, 1.0, 0.0, 0.0, 1.0]]

[2024-10-14T10:32:14.400579][INFO][seed3] !0 = [0, 1, 2, 3, 4, 5, 6, 7, 8]
[2024-10-14T10:32:14.401103][INFO][seed3] 0 = []
[2024-10-14T10:32:14.401345][INFO][seed98] 
[P([3]) [0.601, 0.399], P([2]) [0.001, 0.001, 0.003, 0.081, 0.004, 0.001, 0.003, 0.903, 0.003], P([1, 3]) [1.0, 0.0, 0.0, 1.0], P([0, 1, 2]) [1.0, 0.0, 0.0, 1.0, 0.0, 0.0, 1.0, 0.0, 0.0, 0.0, 1.0, 0.0, 1.0, 0.0, 0.0, 0.0, 0.0, 1.0, 0.0, 1.0, 0.0, 1.0, 0.0, 0.0, 0.0, 1.0, 0.0, 0.0, 1.0, 0.0, 0.0, 1.0, 0.0, 0.0, 0.0, 1.0, 0.0, 0.0, 1.0, 1.0, 0.0, 0.0, 0.0, 0.0, 1.0, 0.0, 1.0, 0.0, 0.0, 0.0, 1.0, 0.0, 0.0, 1.0]]

[2024-10-14T10:32:14.408587][INFO][seed3] U cardinality: 9
[2024-10-14T10:32:14.413535][INFO][seed148] U cardinality: 9
[2024-10-14T10:32:14.415025][INFO][seed88] U cardinality: 9
[2024-10-14T10:32:14.416434][INFO][seed3] 
[P([3]) [0.493, 0.507], P([2]) [0.454, 0.467, 0.004, 0.002, 0.002, 0.003, 0.002, 0.023, 0.043], P([1, 3]) [1.0, 0.0, 0.0, 1.0], P([0, 1, 2]) [1.0, 0.0, 0.0, 1.0, 0.0, 0.0, 1.0, 0.0, 0.0, 0.0, 1.0, 0.0, 1.0, 0.0, 0.0, 0.0, 0.0, 1.0, 0.0, 1.0, 0.0, 1.0, 0.0, 0.0, 0.0, 1.0, 0.0, 0.0, 1.0, 0.0, 0.0, 1.0, 0.0, 0.0, 0.0, 1.0, 0.0, 0.0, 1.0, 1.0, 0.0, 0.0, 0.0, 0.0, 1.0, 0.0, 1.0, 0.0, 0.0, 0.0, 1.0, 0.0, 0.0, 1.0]]

[2024-10-14T10:32:14.420267][INFO][seed148] !0 = [0, 1, 2, 3, 4, 5, 6, 7, 8]
[2024-10-14T10:32:14.421001][INFO][seed148] 0 = []
[2024-10-14T10:32:14.423519][INFO][seed148] U cardinality: 9
[2024-10-14T10:32:14.424858][INFO][seed88] !0 = [0, 1, 2, 3, 4, 5, 6, 7, 8]
[2024-10-14T10:32:14.425726][INFO][seed88] 0 = []
[2024-10-14T10:32:14.428421][INFO][seed88] U cardinality: 9
[2024-10-14T10:32:14.430725][INFO][seed148] 
[P([3]) [0.052, 0.948], P([2]) [0.35, 0.583, 0.001, 0.013, 0.003, 0.001, 0.006, 0.04, 0.003], P([1, 3]) [1.0, 0.0, 0.0, 1.0], P([0, 1, 2]) [1.0, 0.0, 0.0, 1.0, 0.0, 0.0, 1.0, 0.0, 0.0, 0.0, 1.0, 0.0, 1.0, 0.0, 0.0, 0.0, 0.0, 1.0, 0.0, 1.0, 0.0, 1.0, 0.0, 0.0, 0.0, 1.0, 0.0, 0.0, 1.0, 0.0, 0.0, 1.0, 0.0, 0.0, 0.0, 1.0, 0.0, 0.0, 1.0, 1.0, 0.0, 0.0, 0.0, 0.0, 1.0, 0.0, 1.0, 0.0, 0.0, 0.0, 1.0, 0.0, 0.0, 1.0]]

[2024-10-14T10:32:14.435267][INFO][seed88] 
[P([3]) [0.287, 0.713], P([2]) [0.239, 0.001, 0.019, 0.061, 0.002, 0.525, 0.009, 0.13, 0.014], P([1, 3]) [1.0, 0.0, 0.0, 1.0], P([0, 1, 2]) [1.0, 0.0, 0.0, 1.0, 0.0, 0.0, 1.0, 0.0, 0.0, 0.0, 1.0, 0.0, 1.0, 0.0, 0.0, 0.0, 0.0, 1.0, 0.0, 1.0, 0.0, 1.0, 0.0, 0.0, 0.0, 1.0, 0.0, 0.0, 1.0, 0.0, 0.0, 1.0, 0.0, 0.0, 0.0, 1.0, 0.0, 0.0, 1.0, 1.0, 0.0, 0.0, 0.0, 0.0, 1.0, 0.0, 1.0, 0.0, 0.0, 0.0, 1.0, 0.0, 0.0, 1.0]]

[2024-10-14T10:32:14.465171][INFO][seed155] U cardinality: 9
[2024-10-14T10:32:14.471938][INFO][seed155] !0 = [0, 1, 2, 3, 4, 5, 6, 7, 8]
[2024-10-14T10:32:14.472536][INFO][seed155] 0 = []
[2024-10-14T10:32:14.478966][INFO][seed155] U cardinality: 9
[2024-10-14T10:32:14.485967][INFO][seed155] 
[P([3]) [0.335, 0.665], P([2]) [0.004, 0.001, 0.01, 0.001, 0.979, 0.001, 0.002, 0.001, 0.001], P([1, 3]) [1.0, 0.0, 0.0, 1.0], P([0, 1, 2]) [1.0, 0.0, 0.0, 1.0, 0.0, 0.0, 1.0, 0.0, 0.0, 0.0, 1.0, 0.0, 1.0, 0.0, 0.0, 0.0, 0.0, 1.0, 0.0, 1.0, 0.0, 1.0, 0.0, 0.0, 0.0, 1.0, 0.0, 0.0, 1.0, 0.0, 0.0, 1.0, 0.0, 0.0, 0.0, 1.0, 0.0, 0.0, 1.0, 1.0, 0.0, 0.0, 0.0, 0.0, 1.0, 0.0, 1.0, 0.0, 0.0, 0.0, 1.0, 0.0, 0.0, 1.0]]

[2024-10-14T10:32:14.504454][INFO][seed192] Set up logging
[2024-10-14T10:32:14.497783][INFO][seed52] Set up logging
[2024-10-14T10:32:14.530669][INFO][seed192] args: -np;1;-nzr;1.0;-zdr;0.5;-o;/mnt/beegfs/rcabanas/dev/credici/papers/zeros/models/s3;-rw;-s;192;-ys;3
[2024-10-14T10:32:14.531886][INFO][seed52] args: -np;1;-nzr;1.0;-zdr;0.5;-o;/mnt/beegfs/rcabanas/dev/credici/papers/zeros/models/s3;-rw;-s;52;-ys;3
[2024-10-14T10:32:14.533085][INFO][seed192] Starting logger with seed 192
[2024-10-14T10:32:14.536065][INFO][seed52] Starting logger with seed 52
['genn.py', '1', '1.0', '0.5', '32', '3']
[2024-10-14T10:32:14.553721][INFO][seed52] simple_nparents1_nzr10_zdr05_ysize3_52
[2024-10-14T10:32:14.558506][INFO][seed73] Sampled 1000 data instances
[2024-10-14T10:32:14.558670][INFO][seed73] Starting exact inference 
1 1.0 0.5 32
/mnt/beegfs/rcabanas/dev/credici/papers/zeros/code/GenerateNparents.java
[2024-10-14T10:32:14.608270][INFO][seed44] U cardinality: 9
[2024-10-14T10:32:14.615354][INFO][seed44] !0 = [0, 1, 2, 3, 4, 5, 6, 7, 8]
[2024-10-14T10:32:14.616038][INFO][seed44] 0 = []
[2024-10-14T10:32:14.618269][INFO][seed44] U cardinality: 9
[2024-10-14T10:32:14.623136][INFO][seed129] U cardinality: 9
[2024-10-14T10:32:14.626539][INFO][seed44] 
[P([3]) [0.947, 0.053], P([2]) [0.001, 0.002, 0.001, 0.001, 0.98, 0.003, 0.003, 0.008, 0.001], P([1, 3]) [1.0, 0.0, 0.0, 1.0], P([0, 1, 2]) [1.0, 0.0, 0.0, 1.0, 0.0, 0.0, 1.0, 0.0, 0.0, 0.0, 1.0, 0.0, 1.0, 0.0, 0.0, 0.0, 0.0, 1.0, 0.0, 1.0, 0.0, 1.0, 0.0, 0.0, 0.0, 1.0, 0.0, 0.0, 1.0, 0.0, 0.0, 1.0, 0.0, 0.0, 0.0, 1.0, 0.0, 0.0, 1.0, 1.0, 0.0, 0.0, 0.0, 0.0, 1.0, 0.0, 1.0, 0.0, 0.0, 0.0, 1.0, 0.0, 0.0, 1.0]]

[2024-10-14T10:32:14.632851][INFO][seed129] !0 = [0, 1, 2, 3, 4, 5, 6, 7, 8]
[2024-10-14T10:32:14.633587][INFO][seed129] 0 = []
[2024-10-14T10:32:14.636016][INFO][seed129] U cardinality: 9
[2024-10-14T10:32:14.646808][INFO][seed98] Sampled 1000 data instances
[2024-10-14T10:32:14.647129][INFO][seed98] Starting exact inference 
[2024-10-14T10:32:14.647338][INFO][seed2] Sampled 1000 data instances
[2024-10-14T10:32:14.647767][INFO][seed2] Starting exact inference 
[2024-10-14T10:32:14.650262][INFO][seed129] 
[P([3]) [0.51, 0.49], P([2]) [0.002, 0.02, 0.01, 0.766, 0.007, 0.003, 0.022, 0.167, 0.003], P([1, 3]) [1.0, 0.0, 0.0, 1.0], P([0, 1, 2]) [1.0, 0.0, 0.0, 1.0, 0.0, 0.0, 1.0, 0.0, 0.0, 0.0, 1.0, 0.0, 1.0, 0.0, 0.0, 0.0, 0.0, 1.0, 0.0, 1.0, 0.0, 1.0, 0.0, 0.0, 0.0, 1.0, 0.0, 0.0, 1.0, 0.0, 0.0, 1.0, 0.0, 0.0, 0.0, 1.0, 0.0, 0.0, 1.0, 1.0, 0.0, 0.0, 0.0, 0.0, 1.0, 0.0, 1.0, 0.0, 0.0, 0.0, 1.0, 0.0, 0.0, 1.0]]

[2024-10-14T10:32:14.651296][INFO][seed82] Sampled 1000 data instances
[2024-10-14T10:32:14.651628][INFO][seed82] Starting exact inference 
[2024-10-14T10:32:14.654902][INFO][seed192] simple_nparents1_nzr10_zdr05_ysize3_192
[2024-10-14T10:32:14.665506][INFO][seed148] Sampled 1000 data instances
[2024-10-14T10:32:14.665975][INFO][seed148] Starting exact inference 
[2024-10-14T10:32:14.666067][INFO][seed3] Sampled 1000 data instances
[2024-10-14T10:32:14.666585][INFO][seed3] Starting exact inference 
[2024-10-14T10:32:14.668265][INFO][seed88] Sampled 1000 data instances
[2024-10-14T10:32:14.668607][INFO][seed88] Starting exact inference 
[2024-10-14T10:32:14.657561][INFO][seed58] Set up logging
[2024-10-14T10:32:14.688499][INFO][seed58] args: -np;1;-nzr;1.0;-zdr;0.5;-o;/mnt/beegfs/rcabanas/dev/credici/papers/zeros/models/s3;-rw;-s;58;-ys;3
[2024-10-14T10:32:14.691342][INFO][seed58] Starting logger with seed 58
[2024-10-14T10:32:14.702618][INFO][seed58] simple_nparents1_nzr10_zdr05_ysize3_58
[2024-10-14T10:32:14.693403][INFO][seed50] Set up logging
[2024-10-14T10:32:14.710265][INFO][seed50] args: -np;1;-nzr;1.0;-zdr;0.5;-o;/mnt/beegfs/rcabanas/dev/credici/papers/zeros/models/s3;-rw;-s;50;-ys;3
[2024-10-14T10:32:14.677502][INFO][seed160] Set up logging
[2024-10-14T10:32:14.711772][INFO][seed160] args: -np;1;-nzr;1.0;-zdr;0.5;-o;/mnt/beegfs/rcabanas/dev/credici/papers/zeros/models/s3;-rw;-s;160;-ys;3
[2024-10-14T10:32:14.717426][INFO][seed160] Starting logger with seed 160
[2024-10-14T10:32:14.722818][INFO][seed160] simple_nparents1_nzr10_zdr05_ysize3_160
[2024-10-14T10:32:14.728397][INFO][seed50] Starting logger with seed 50
[2024-10-14T10:32:14.735025][INFO][seed50] simple_nparents1_nzr10_zdr05_ysize3_50
[2024-10-14T10:32:14.714478][INFO][seed200] Set up logging
[2024-10-14T10:32:14.742599][INFO][seed200] args: -np;1;-nzr;1.0;-zdr;0.5;-o;/mnt/beegfs/rcabanas/dev/credici/papers/zeros/models/s3;-rw;-s;200;-ys;3
[2024-10-14T10:32:14.743693][INFO][seed155] Sampled 1000 data instances
[2024-10-14T10:32:14.744219][INFO][seed155] Starting exact inference 
[2024-10-14T10:32:14.747452][INFO][seed200] Starting logger with seed 200
[2024-10-14T10:32:14.768610][INFO][seed200] simple_nparents1_nzr10_zdr05_ysize3_200
[2024-10-14T10:32:14.884095][INFO][seed129] Sampled 1000 data instances
[2024-10-14T10:32:14.884164][INFO][seed44] Sampled 1000 data instances
[2024-10-14T10:32:14.884511][INFO][seed129] Starting exact inference 
[2024-10-14T10:32:14.884539][INFO][seed44] Starting exact inference 
[2024-10-14T10:32:14.895134][INFO][seed52] U cardinality: 9
[2024-10-14T10:32:14.901489][INFO][seed52] !0 = [0, 1, 2, 3, 4, 5, 6, 7, 8]
[2024-10-14T10:32:14.902070][INFO][seed52] 0 = []
[2024-10-14T10:32:14.904320][INFO][seed52] U cardinality: 9
[2024-10-14T10:32:14.926855][INFO][seed52] 
[P([3]) [0.361, 0.639], P([2]) [0.008, 0.006, 0.001, 0.08, 0.002, 0.898, 0.003, 0.001, 0.001], P([1, 3]) [1.0, 0.0, 0.0, 1.0], P([0, 1, 2]) [1.0, 0.0, 0.0, 1.0, 0.0, 0.0, 1.0, 0.0, 0.0, 0.0, 1.0, 0.0, 1.0, 0.0, 0.0, 0.0, 0.0, 1.0, 0.0, 1.0, 0.0, 1.0, 0.0, 0.0, 0.0, 1.0, 0.0, 0.0, 1.0, 0.0, 0.0, 1.0, 0.0, 0.0, 0.0, 1.0, 0.0, 0.0, 1.0, 1.0, 0.0, 0.0, 0.0, 0.0, 1.0, 0.0, 1.0, 0.0, 0.0, 0.0, 1.0, 0.0, 0.0, 1.0]]

[2024-10-14T10:32:14.931539][INFO][seed135] Set up logging
[2024-10-14T10:32:14.961070][INFO][seed135] args: -np;1;-nzr;1.0;-zdr;0.5;-o;/mnt/beegfs/rcabanas/dev/credici/papers/zeros/models/s3;-rw;-s;135;-ys;3
[2024-10-14T10:32:14.963942][INFO][seed135] Starting logger with seed 135
[2024-10-14T10:32:14.980133][INFO][seed192] U cardinality: 9
[2024-10-14T10:32:14.983357][INFO][seed135] simple_nparents1_nzr10_zdr05_ysize3_135
[2024-10-14T10:32:14.987159][INFO][seed192] !0 = [0, 1, 2, 3, 4, 5, 6, 7, 8]
[2024-10-14T10:32:14.987837][INFO][seed192] 0 = []
[2024-10-14T10:32:14.992215][INFO][seed192] U cardinality: 9
[2024-10-14T10:32:15.004525][INFO][seed192] 
[P([3]) [0.502, 0.498], P([2]) [0.199, 0.278, 0.03, 0.114, 0.172, 0.058, 0.013, 0.114, 0.022], P([1, 3]) [1.0, 0.0, 0.0, 1.0], P([0, 1, 2]) [1.0, 0.0, 0.0, 1.0, 0.0, 0.0, 1.0, 0.0, 0.0, 0.0, 1.0, 0.0, 1.0, 0.0, 0.0, 0.0, 0.0, 1.0, 0.0, 1.0, 0.0, 1.0, 0.0, 0.0, 0.0, 1.0, 0.0, 0.0, 1.0, 0.0, 0.0, 1.0, 0.0, 0.0, 0.0, 1.0, 0.0, 0.0, 1.0, 1.0, 0.0, 0.0, 0.0, 0.0, 1.0, 0.0, 1.0, 0.0, 0.0, 0.0, 1.0, 0.0, 0.0, 1.0]]

[2024-10-14T10:32:15.108482][INFO][seed200] U cardinality: 9
[2024-10-14T10:32:15.107350][INFO][seed0] Set up logging
[2024-10-14T10:32:15.115592][INFO][seed200] !0 = [0, 1, 2, 3, 4, 5, 6, 7, 8]
[2024-10-14T10:32:15.116270][INFO][seed200] 0 = []
[2024-10-14T10:32:15.118757][INFO][seed200] U cardinality: 9
[2024-10-14T10:32:15.119520][INFO][seed0] args: -np;1;-nzr;1.0;-zdr;0.5;-o;/mnt/beegfs/rcabanas/dev/credici/papers/zeros/models/s3;-rw;-s;0;-ys;3
[2024-10-14T10:32:15.121068][INFO][seed160] U cardinality: 9
[2024-10-14T10:32:15.122260][INFO][seed0] Starting logger with seed 0
[2024-10-14T10:32:15.125906][INFO][seed58] U cardinality: 9
[2024-10-14T10:32:15.126295][INFO][seed200] 
[P([3]) [0.087, 0.913], P([2]) [0.002, 0.023, 0.008, 0.531, 0.148, 0.003, 0.142, 0.142, 0.001], P([1, 3]) [1.0, 0.0, 0.0, 1.0], P([0, 1, 2]) [1.0, 0.0, 0.0, 1.0, 0.0, 0.0, 1.0, 0.0, 0.0, 0.0, 1.0, 0.0, 1.0, 0.0, 0.0, 0.0, 0.0, 1.0, 0.0, 1.0, 0.0, 1.0, 0.0, 0.0, 0.0, 1.0, 0.0, 0.0, 1.0, 0.0, 0.0, 1.0, 0.0, 0.0, 0.0, 1.0, 0.0, 0.0, 1.0, 1.0, 0.0, 0.0, 0.0, 0.0, 1.0, 0.0, 1.0, 0.0, 0.0, 0.0, 1.0, 0.0, 0.0, 1.0]]

[2024-10-14T10:32:15.127487][INFO][seed160] !0 = [0, 1, 2, 3, 4, 5, 6, 7, 8]
[2024-10-14T10:32:15.128147][INFO][seed160] 0 = []
[2024-10-14T10:32:15.129010][INFO][seed50] U cardinality: 9
[2024-10-14T10:32:15.130544][INFO][seed160] U cardinality: 9
[2024-10-14T10:32:15.132428][INFO][seed58] !0 = [0, 1, 2, 3, 4, 5, 6, 7, 8]
[2024-10-14T10:32:15.132949][INFO][seed58] 0 = []
[2024-10-14T10:32:15.135632][INFO][seed50] !0 = [0, 1, 2, 3, 4, 5, 6, 7, 8]
[2024-10-14T10:32:15.137259][INFO][seed58] U cardinality: 9
[2024-10-14T10:32:15.138963][INFO][seed50] 0 = []
[2024-10-14T10:32:15.138870][INFO][seed160] 
[P([3]) [0.392, 0.608], P([2]) [0.057, 0.005, 0.005, 0.058, 0.004, 0.483, 0.009, 0.354, 0.025], P([1, 3]) [1.0, 0.0, 0.0, 1.0], P([0, 1, 2]) [1.0, 0.0, 0.0, 1.0, 0.0, 0.0, 1.0, 0.0, 0.0, 0.0, 1.0, 0.0, 1.0, 0.0, 0.0, 0.0, 0.0, 1.0, 0.0, 1.0, 0.0, 1.0, 0.0, 0.0, 0.0, 1.0, 0.0, 0.0, 1.0, 0.0, 0.0, 1.0, 0.0, 0.0, 0.0, 1.0, 0.0, 0.0, 1.0, 1.0, 0.0, 0.0, 0.0, 0.0, 1.0, 0.0, 1.0, 0.0, 0.0, 0.0, 1.0, 0.0, 0.0, 1.0]]

[2024-10-14T10:32:15.143195][INFO][seed50] U cardinality: 9
[2024-10-14T10:32:15.145944][INFO][seed58] 
[P([3]) [0.77, 0.23], P([2]) [0.001, 0.1, 0.003, 0.002, 0.001, 0.657, 0.001, 0.104, 0.131], P([1, 3]) [1.0, 0.0, 0.0, 1.0], P([0, 1, 2]) [1.0, 0.0, 0.0, 1.0, 0.0, 0.0, 1.0, 0.0, 0.0, 0.0, 1.0, 0.0, 1.0, 0.0, 0.0, 0.0, 0.0, 1.0, 0.0, 1.0, 0.0, 1.0, 0.0, 0.0, 0.0, 1.0, 0.0, 0.0, 1.0, 0.0, 0.0, 1.0, 0.0, 0.0, 0.0, 1.0, 0.0, 0.0, 1.0, 1.0, 0.0, 0.0, 0.0, 0.0, 1.0, 0.0, 1.0, 0.0, 0.0, 0.0, 1.0, 0.0, 0.0, 1.0]]

[2024-10-14T10:32:15.146195][INFO][seed0] simple_nparents1_nzr10_zdr05_ysize3_0
[2024-10-14T10:32:15.151179][INFO][seed52] Sampled 1000 data instances
[2024-10-14T10:32:15.151519][INFO][seed52] Starting exact inference 
[2024-10-14T10:32:15.151549][INFO][seed50] 
[P([3]) [0.645, 0.355], P([2]) [0.002, 0.629, 0.001, 0.001, 0.066, 0.082, 0.001, 0.002, 0.216], P([1, 3]) [1.0, 0.0, 0.0, 1.0], P([0, 1, 2]) [1.0, 0.0, 0.0, 1.0, 0.0, 0.0, 1.0, 0.0, 0.0, 0.0, 1.0, 0.0, 1.0, 0.0, 0.0, 0.0, 0.0, 1.0, 0.0, 1.0, 0.0, 1.0, 0.0, 0.0, 0.0, 1.0, 0.0, 0.0, 1.0, 0.0, 0.0, 1.0, 0.0, 0.0, 0.0, 1.0, 0.0, 0.0, 1.0, 1.0, 0.0, 0.0, 0.0, 0.0, 1.0, 0.0, 1.0, 0.0, 0.0, 0.0, 1.0, 0.0, 0.0, 1.0]]

[2024-10-14T10:32:15.162134][INFO][seed143] Set up logging
[2024-10-14T10:32:15.173969][INFO][seed143] args: -np;1;-nzr;1.0;-zdr;0.5;-o;/mnt/beegfs/rcabanas/dev/credici/papers/zeros/models/s3;-rw;-s;143;-ys;3
[2024-10-14T10:32:15.187516][INFO][seed143] Starting logger with seed 143
[2024-10-14T10:32:15.196600][INFO][seed143] simple_nparents1_nzr10_zdr05_ysize3_143
[2024-10-14T10:32:15.194990][INFO][seed8] Set up logging
[2024-10-14T10:32:15.225234][INFO][seed8] args: -np;1;-nzr;1.0;-zdr;0.5;-o;/mnt/beegfs/rcabanas/dev/credici/papers/zeros/models/s3;-rw;-s;8;-ys;3
[2024-10-14T10:32:15.228119][INFO][seed8] Starting logger with seed 8
[2024-10-14T10:32:15.240755][INFO][seed8] simple_nparents1_nzr10_zdr05_ysize3_8
[2024-10-14T10:32:15.264787][INFO][seed192] Sampled 1000 data instances
[2024-10-14T10:32:15.265147][INFO][seed192] Starting exact inference 
[2024-10-14T10:32:15.277231][INFO][seed133] Set up logging
[2024-10-14T10:32:15.306547][INFO][seed133] args: -np;1;-nzr;1.0;-zdr;0.5;-o;/mnt/beegfs/rcabanas/dev/credici/papers/zeros/models/s3;-rw;-s;133;-ys;3
[2024-10-14T10:32:15.317215][INFO][seed133] Starting logger with seed 133
[2024-10-14T10:32:15.321151][INFO][seed135] U cardinality: 9
[2024-10-14T10:32:15.324134][INFO][seed133] simple_nparents1_nzr10_zdr05_ysize3_133
[2024-10-14T10:32:15.328560][INFO][seed135] !0 = [0, 1, 2, 3, 4, 5, 6, 7, 8]
[2024-10-14T10:32:15.329054][INFO][seed135] 0 = []
[2024-10-14T10:32:15.331026][INFO][seed135] U cardinality: 9
[2024-10-14T10:32:15.351798][INFO][seed135] 
[P([3]) [0.101, 0.899], P([2]) [0.004, 0.004, 0.013, 0.107, 0.001, 0.319, 0.003, 0.525, 0.024], P([1, 3]) [1.0, 0.0, 0.0, 1.0], P([0, 1, 2]) [1.0, 0.0, 0.0, 1.0, 0.0, 0.0, 1.0, 0.0, 0.0, 0.0, 1.0, 0.0, 1.0, 0.0, 0.0, 0.0, 0.0, 1.0, 0.0, 1.0, 0.0, 1.0, 0.0, 0.0, 0.0, 1.0, 0.0, 0.0, 1.0, 0.0, 0.0, 1.0, 0.0, 0.0, 0.0, 1.0, 0.0, 0.0, 1.0, 1.0, 0.0, 0.0, 0.0, 0.0, 1.0, 0.0, 1.0, 0.0, 0.0, 0.0, 1.0, 0.0, 0.0, 1.0]]

[2024-10-14T10:32:15.376276][INFO][seed200] Sampled 1000 data instances
[2024-10-14T10:32:15.376410][INFO][seed200] Starting exact inference 
[2024-10-14T10:32:15.386168][INFO][seed160] Sampled 1000 data instances
[2024-10-14T10:32:15.387125][INFO][seed160] Starting exact inference 
[2024-10-14T10:32:15.387840][INFO][seed58] Sampled 1000 data instances
[2024-10-14T10:32:15.388198][INFO][seed58] Starting exact inference 
[2024-10-14T10:32:15.402827][INFO][seed50] Sampled 1000 data instances
[2024-10-14T10:32:15.403185][INFO][seed50] Starting exact inference 
[2024-10-14T10:32:15.399158][INFO][seed65] Set up logging
[2024-10-14T10:32:15.419024][INFO][seed65] args: -np;1;-nzr;1.0;-zdr;0.5;-o;/mnt/beegfs/rcabanas/dev/credici/papers/zeros/models/s3;-rw;-s;65;-ys;3
[2024-10-14T10:32:15.426303][INFO][seed65] Starting logger with seed 65
[2024-10-14T10:32:15.449488][INFO][seed65] simple_nparents1_nzr10_zdr05_ysize3_65
Removed 000
Removed 000
Removed 000
Removed 000
Removed 000
Removed 000
Removed 000
Removed 000
Removed 000
Removed 000
Removed 000
Removed 000
Error in variable: 2
[2024-10-14T10:32:15.471868][INFO][seed174] No feasible solution... resampling
[2024-10-14T10:32:15.454467][INFO][seed117] Set up logging
[2024-10-14T10:32:15.489913][INFO][seed117] args: -np;1;-nzr;1.0;-zdr;0.5;-o;/mnt/beegfs/rcabanas/dev/credici/papers/zeros/models/s3;-rw;-s;117;-ys;3
[2024-10-14T10:32:15.495134][INFO][seed117] Starting logger with seed 117
[2024-10-14T10:32:15.509610][INFO][seed117] simple_nparents1_nzr10_zdr05_ysize3_117
[2024-10-14T10:32:15.521312][INFO][seed193] Set up logging
[2024-10-14T10:32:15.537172][INFO][seed193] args: -np;1;-nzr;1.0;-zdr;0.5;-o;/mnt/beegfs/rcabanas/dev/credici/papers/zeros/models/s3;-rw;-s;193;-ys;3
[2024-10-14T10:32:15.545996][INFO][seed193] Starting logger with seed 193
[2024-10-14T10:32:15.554638][INFO][seed174] Sampled 1100 data instances
[2024-10-14T10:32:15.558650][INFO][seed174] Starting exact inference 
[2024-10-14T10:32:15.565866][INFO][seed193] simple_nparents1_nzr10_zdr05_ysize3_193
[2024-10-14T10:32:15.561025][INFO][seed78] Set up logging
[2024-10-14T10:32:15.582933][INFO][seed0] U cardinality: 9
[2024-10-14T10:32:15.583744][INFO][seed78] args: -np;1;-nzr;1.0;-zdr;0.5;-o;/mnt/beegfs/rcabanas/dev/credici/papers/zeros/models/s3;-rw;-s;78;-ys;3
[2024-10-14T10:32:15.588264][INFO][seed78] Starting logger with seed 78
[2024-10-14T10:32:15.588126][INFO][seed135] Sampled 1000 data instances
[2024-10-14T10:32:15.588451][INFO][seed135] Starting exact inference 
[2024-10-14T10:32:15.592168][INFO][seed0] !0 = [0, 1, 2, 3, 4, 5, 6, 7, 8]
[2024-10-14T10:32:15.592638][INFO][seed0] 0 = []
[2024-10-14T10:32:15.594554][INFO][seed0] U cardinality: 9
[2024-10-14T10:32:15.563285][INFO][seed189] Set up logging
[2024-10-14T10:32:15.597041][INFO][seed189] args: -np;1;-nzr;1.0;-zdr;0.5;-o;/mnt/beegfs/rcabanas/dev/credici/papers/zeros/models/s3;-rw;-s;189;-ys;3
[2024-10-14T10:32:15.601022][INFO][seed189] Starting logger with seed 189
[2024-10-14T10:32:15.604333][INFO][seed139] PS(V1,V0) in [0.0, 0.17051313528111958]
[2024-10-14T10:32:15.608605][INFO][seed0] 
[P([3]) [0.289, 0.711], P([2]) [0.001, 0.018, 0.018, 0.577, 0.048, 0.334, 0.002, 0.001, 0.001], P([1, 3]) [1.0, 0.0, 0.0, 1.0], P([0, 1, 2]) [1.0, 0.0, 0.0, 1.0, 0.0, 0.0, 1.0, 0.0, 0.0, 0.0, 1.0, 0.0, 1.0, 0.0, 0.0, 0.0, 0.0, 1.0, 0.0, 1.0, 0.0, 1.0, 0.0, 0.0, 0.0, 1.0, 0.0, 0.0, 1.0, 0.0, 0.0, 1.0, 0.0, 0.0, 0.0, 1.0, 0.0, 0.0, 1.0, 1.0, 0.0, 0.0, 0.0, 0.0, 1.0, 0.0, 1.0, 0.0, 0.0, 0.0, 1.0, 0.0, 0.0, 1.0]]

[2024-10-14T10:32:15.615680][INFO][seed139] PN(V1,V0) in [0.0, 1.0] 
[2024-10-14T10:32:15.616681][INFO][seed78] simple_nparents1_nzr10_zdr05_ysize3_78
[2024-10-14T10:32:15.617450][INFO][seed189] simple_nparents1_nzr10_zdr05_ysize3_189
[2024-10-14T10:32:15.666821][INFO][seed139] Saved data to: /mnt/beegfs/rcabanas/dev/credici/papers/zeros/models/s3/simple_nparents1_nzr10_zdr05_ysize3_139.csv
[2024-10-14T10:32:15.675388][INFO][seed143] U cardinality: 9
[2024-10-14T10:32:15.682668][INFO][seed143] !0 = [0, 1, 2, 3, 4, 5, 6, 7, 8]
[2024-10-14T10:32:15.685555][INFO][seed143] 0 = []
[2024-10-14T10:32:15.689225][INFO][seed143] U cardinality: 9
[2024-10-14T10:32:15.663668][INFO][seed141] Set up logging
[2024-10-14T10:32:15.693682][INFO][seed141] args: -np;1;-nzr;1.0;-zdr;0.5;-o;/mnt/beegfs/rcabanas/dev/credici/papers/zeros/models/s3;-rw;-s;141;-ys;3
[2024-10-14T10:32:15.695398][INFO][seed139] Saved model to: /mnt/beegfs/rcabanas/dev/credici/papers/zeros/models/s3/simple_nparents1_nzr10_zdr05_ysize3_139.uai
[2024-10-14T10:32:15.703223][INFO][seed141] Starting logger with seed 141
[2024-10-14T10:32:15.714607][INFO][seed139] Saved queries to: /mnt/beegfs/rcabanas/dev/credici/papers/zeros/models/s3/simple_nparents1_nzr10_zdr05_ysize3_139_query.csv
[2024-10-14T10:32:15.714686][INFO][seed139] Closing log file
[2024-10-14T10:32:15.714713][INFO][seed139] Closed log file
[2024-10-14T10:32:15.718480][INFO][seed141] simple_nparents1_nzr10_zdr05_ysize3_141
[2024-10-14T10:32:15.727450][INFO][seed143] 
[P([3]) [0.463, 0.537], P([2]) [0.552, 0.014, 0.009, 0.343, 0.072, 0.006, 0.001, 0.001, 0.002], P([1, 3]) [1.0, 0.0, 0.0, 1.0], P([0, 1, 2]) [1.0, 0.0, 0.0, 1.0, 0.0, 0.0, 1.0, 0.0, 0.0, 0.0, 1.0, 0.0, 1.0, 0.0, 0.0, 0.0, 0.0, 1.0, 0.0, 1.0, 0.0, 1.0, 0.0, 0.0, 0.0, 1.0, 0.0, 0.0, 1.0, 0.0, 0.0, 1.0, 0.0, 0.0, 0.0, 1.0, 0.0, 0.0, 1.0, 1.0, 0.0, 0.0, 0.0, 0.0, 1.0, 0.0, 1.0, 0.0, 0.0, 0.0, 1.0, 0.0, 0.0, 1.0]]

[2024-10-14T10:32:15.719517][INFO][seed187] Set up logging
[2024-10-14T10:32:15.746492][INFO][seed187] args: -np;1;-nzr;1.0;-zdr;0.5;-o;/mnt/beegfs/rcabanas/dev/credici/papers/zeros/models/s3;-rw;-s;187;-ys;3
[2024-10-14T10:32:15.722910][INFO][seed15] Set up logging
[2024-10-14T10:32:15.750692][INFO][seed15] args: -np;1;-nzr;1.0;-zdr;0.5;-o;/mnt/beegfs/rcabanas/dev/credici/papers/zeros/models/s3;-rw;-s;15;-ys;3
[2024-10-14T10:32:15.755224][INFO][seed15] Starting logger with seed 15
[2024-10-14T10:32:15.756719][INFO][seed8] U cardinality: 9
[2024-10-14T10:32:15.751125][INFO][seed187] Starting logger with seed 187
[2024-10-14T10:32:15.725374][INFO][seed115] Set up logging
[2024-10-14T10:32:15.754017][INFO][seed115] args: -np;1;-nzr;1.0;-zdr;0.5;-o;/mnt/beegfs/rcabanas/dev/credici/papers/zeros/models/s3;-rw;-s;115;-ys;3
[2024-10-14T10:32:15.759807][INFO][seed115] Starting logger with seed 115
[2024-10-14T10:32:15.763177][INFO][seed187] simple_nparents1_nzr10_zdr05_ysize3_187
[2024-10-14T10:32:15.766629][INFO][seed8] !0 = [0, 1, 2, 3, 4, 5, 6, 7, 8]
[2024-10-14T10:32:15.767080][INFO][seed8] 0 = []
[2024-10-14T10:32:15.767040][INFO][seed74] PS(V1,V0) in [0.0, 1.0]
[2024-10-14T10:32:15.771123][INFO][seed8] U cardinality: 9
[2024-10-14T10:32:15.771765][INFO][seed15] simple_nparents1_nzr10_zdr05_ysize3_15
[2024-10-14T10:32:15.777333][INFO][seed115] simple_nparents1_nzr10_zdr05_ysize3_115
[2024-10-14T10:32:15.779091][INFO][seed74] PN(V1,V0) in [0.0, 0.11264906303236796] 
[2024-10-14T10:32:15.748069][INFO][seed190] Set up logging
[2024-10-14T10:32:15.783874][INFO][seed190] args: -np;1;-nzr;1.0;-zdr;0.5;-o;/mnt/beegfs/rcabanas/dev/credici/papers/zeros/models/s3;-rw;-s;190;-ys;3
[2024-10-14T10:32:15.785093][INFO][seed8] 
[P([3]) [0.873, 0.127], P([2]) [0.013, 0.361, 0.007, 0.012, 0.128, 0.164, 0.254, 0.005, 0.056], P([1, 3]) [1.0, 0.0, 0.0, 1.0], P([0, 1, 2]) [1.0, 0.0, 0.0, 1.0, 0.0, 0.0, 1.0, 0.0, 0.0, 0.0, 1.0, 0.0, 1.0, 0.0, 0.0, 0.0, 0.0, 1.0, 0.0, 1.0, 0.0, 1.0, 0.0, 0.0, 0.0, 1.0, 0.0, 0.0, 1.0, 0.0, 0.0, 1.0, 0.0, 0.0, 0.0, 1.0, 0.0, 0.0, 1.0, 1.0, 0.0, 0.0, 0.0, 0.0, 1.0, 0.0, 1.0, 0.0, 0.0, 0.0, 1.0, 0.0, 0.0, 1.0]]

[2024-10-14T10:32:15.788251][INFO][seed190] Starting logger with seed 190
[2024-10-14T10:32:15.802490][INFO][seed190] simple_nparents1_nzr10_zdr05_ysize3_190
[2024-10-14T10:32:15.777460][INFO][seed85] Set up logging
[2024-10-14T10:32:15.811594][INFO][seed85] args: -np;1;-nzr;1.0;-zdr;0.5;-o;/mnt/beegfs/rcabanas/dev/credici/papers/zeros/models/s3;-rw;-s;85;-ys;3
[2024-10-14T10:32:15.785868][INFO][seed158] Set up logging
[2024-10-14T10:32:15.812913][INFO][seed158] args: -np;1;-nzr;1.0;-zdr;0.5;-o;/mnt/beegfs/rcabanas/dev/credici/papers/zeros/models/s3;-rw;-s;158;-ys;3
[2024-10-14T10:32:15.815784][INFO][seed85] Starting logger with seed 85
[2024-10-14T10:32:15.816129][INFO][seed158] Starting logger with seed 158
[2024-10-14T10:32:15.802337][INFO][seed93] Set up logging
[2024-10-14T10:32:15.822932][INFO][seed93] args: -np;1;-nzr;1.0;-zdr;0.5;-o;/mnt/beegfs/rcabanas/dev/credici/papers/zeros/models/s3;-rw;-s;93;-ys;3
[2024-10-14T10:32:15.830137][INFO][seed93] Starting logger with seed 93
[2024-10-14T10:32:15.833310][INFO][seed133] U cardinality: 9
[2024-10-14T10:32:15.834999][INFO][seed74] Saved data to: /mnt/beegfs/rcabanas/dev/credici/papers/zeros/models/s3/simple_nparents1_nzr10_zdr05_ysize3_74.csv
[2024-10-14T10:32:15.843108][INFO][seed133] !0 = [0, 1, 2, 3, 4, 5, 6, 7, 8]
[2024-10-14T10:32:15.843550][INFO][seed93] simple_nparents1_nzr10_zdr05_ysize3_93
[2024-10-14T10:32:15.843600][INFO][seed133] 0 = []
[2024-10-14T10:32:15.844548][INFO][seed85] simple_nparents1_nzr10_zdr05_ysize3_85
[2024-10-14T10:32:15.845886][INFO][seed158] simple_nparents1_nzr10_zdr05_ysize3_158
[2024-10-14T10:32:15.847040][INFO][seed133] U cardinality: 9
[2024-10-14T10:32:15.847438][INFO][seed0] Sampled 1000 data instances
[2024-10-14T10:32:15.847726][INFO][seed0] Starting exact inference 
[2024-10-14T10:32:15.842703][INFO][seed75] Set up logging
[2024-10-14T10:32:15.857566][INFO][seed75] args: -np;1;-nzr;1.0;-zdr;0.5;-o;/mnt/beegfs/rcabanas/dev/credici/papers/zeros/models/s3;-rw;-s;75;-ys;3
[2024-10-14T10:32:15.865143][INFO][seed74] Saved model to: /mnt/beegfs/rcabanas/dev/credici/papers/zeros/models/s3/simple_nparents1_nzr10_zdr05_ysize3_74.uai
[2024-10-14T10:32:15.868659][INFO][seed75] Starting logger with seed 75
[2024-10-14T10:32:15.870707][INFO][seed74] Saved queries to: /mnt/beegfs/rcabanas/dev/credici/papers/zeros/models/s3/simple_nparents1_nzr10_zdr05_ysize3_74_query.csv
[2024-10-14T10:32:15.870786][INFO][seed74] Closing log file
[2024-10-14T10:32:15.870811][INFO][seed74] Closed log file
[2024-10-14T10:32:15.842721][INFO][seed142] Set up logging
[2024-10-14T10:32:15.874708][INFO][seed142] args: -np;1;-nzr;1.0;-zdr;0.5;-o;/mnt/beegfs/rcabanas/dev/credici/papers/zeros/models/s3;-rw;-s;142;-ys;3
[2024-10-14T10:32:15.880336][INFO][seed75] simple_nparents1_nzr10_zdr05_ysize3_75
[2024-10-14T10:32:15.880615][INFO][seed142] Starting logger with seed 142
[2024-10-14T10:32:15.886153][INFO][seed133] 
[P([3]) [0.309, 0.691], P([2]) [0.001, 0.002, 0.451, 0.068, 0.284, 0.154, 0.006, 0.033, 0.001], P([1, 3]) [1.0, 0.0, 0.0, 1.0], P([0, 1, 2]) [1.0, 0.0, 0.0, 1.0, 0.0, 0.0, 1.0, 0.0, 0.0, 0.0, 1.0, 0.0, 1.0, 0.0, 0.0, 0.0, 0.0, 1.0, 0.0, 1.0, 0.0, 1.0, 0.0, 0.0, 0.0, 1.0, 0.0, 0.0, 1.0, 0.0, 0.0, 1.0, 0.0, 0.0, 0.0, 1.0, 0.0, 0.0, 1.0, 1.0, 0.0, 0.0, 0.0, 0.0, 1.0, 0.0, 1.0, 0.0, 0.0, 0.0, 1.0, 0.0, 0.0, 1.0]]

[2024-10-14T10:32:15.899551][INFO][seed142] simple_nparents1_nzr10_zdr05_ysize3_142
[2024-10-14T10:32:15.932733][INFO][seed117] U cardinality: 9
[2024-10-14T10:32:15.944022][INFO][seed97] Set up logging
[2024-10-14T10:32:15.955844][INFO][seed97] args: -np;1;-nzr;1.0;-zdr;0.5;-o;/mnt/beegfs/rcabanas/dev/credici/papers/zeros/models/s3;-rw;-s;97;-ys;3
[2024-10-14T10:32:15.956786][INFO][seed117] !0 = [0, 1, 2, 3, 4, 5, 6, 7, 8]
[2024-10-14T10:32:15.957188][INFO][seed117] 0 = []
[2024-10-14T10:32:15.958870][INFO][seed117] U cardinality: 9
[2024-10-14T10:32:15.965191][INFO][seed97] Starting logger with seed 97
[2024-10-14T10:32:15.970323][INFO][seed143] Sampled 1000 data instances
[2024-10-14T10:32:15.971554][INFO][seed65] U cardinality: 9
[2024-10-14T10:32:15.970636][INFO][seed143] Starting exact inference 
[2024-10-14T10:32:15.979179][INFO][seed97] simple_nparents1_nzr10_zdr05_ysize3_97
[2024-10-14T10:32:15.980613][INFO][seed117] 
[P([3]) [0.222, 0.778], P([2]) [0.001, 0.001, 0.002, 0.019, 0.005, 0.799, 0.004, 0.017, 0.152], P([1, 3]) [1.0, 0.0, 0.0, 1.0], P([0, 1, 2]) [1.0, 0.0, 0.0, 1.0, 0.0, 0.0, 1.0, 0.0, 0.0, 0.0, 1.0, 0.0, 1.0, 0.0, 0.0, 0.0, 0.0, 1.0, 0.0, 1.0, 0.0, 1.0, 0.0, 0.0, 0.0, 1.0, 0.0, 0.0, 1.0, 0.0, 0.0, 1.0, 0.0, 0.0, 0.0, 1.0, 0.0, 0.0, 1.0, 1.0, 0.0, 0.0, 0.0, 0.0, 1.0, 0.0, 1.0, 0.0, 0.0, 0.0, 1.0, 0.0, 0.0, 1.0]]

[2024-10-14T10:32:15.983068][INFO][seed65] !0 = [0, 1, 2, 3, 4, 5, 6, 7, 8]
[2024-10-14T10:32:15.983542][INFO][seed65] 0 = []
[2024-10-14T10:32:15.987019][INFO][seed65] U cardinality: 9
[2024-10-14T10:32:15.964276][INFO][seed34] Set up logging
[2024-10-14T10:32:15.995997][INFO][seed34] args: -np;1;-nzr;1.0;-zdr;0.5;-o;/mnt/beegfs/rcabanas/dev/credici/papers/zeros/models/s3;-rw;-s;34;-ys;3
[2024-10-14T10:32:15.999456][INFO][seed34] Starting logger with seed 34
[2024-10-14T10:32:16.003021][INFO][seed65] 
[P([3]) [0.906, 0.094], P([2]) [0.001, 0.432, 0.006, 0.044, 0.003, 0.03, 0.004, 0.002, 0.478], P([1, 3]) [1.0, 0.0, 0.0, 1.0], P([0, 1, 2]) [1.0, 0.0, 0.0, 1.0, 0.0, 0.0, 1.0, 0.0, 0.0, 0.0, 1.0, 0.0, 1.0, 0.0, 0.0, 0.0, 0.0, 1.0, 0.0, 1.0, 0.0, 1.0, 0.0, 0.0, 0.0, 1.0, 0.0, 0.0, 1.0, 0.0, 0.0, 1.0, 0.0, 0.0, 0.0, 1.0, 0.0, 0.0, 1.0, 1.0, 0.0, 0.0, 0.0, 0.0, 1.0, 0.0, 1.0, 0.0, 0.0, 0.0, 1.0, 0.0, 0.0, 1.0]]

[2024-10-14T10:32:16.021703][INFO][seed34] simple_nparents1_nzr10_zdr05_ysize3_34
[2024-10-14T10:32:16.030486][INFO][seed8] Sampled 1000 data instances
[2024-10-14T10:32:16.030861][INFO][seed8] Starting exact inference 
[2024-10-14T10:32:16.032197][INFO][seed174] PS(V1,V0) in [0.0, 0.024021088064947276]
[2024-10-14T10:32:16.008841][INFO][seed118] Set up logging
[2024-10-14T10:32:16.037965][INFO][seed118] args: -np;1;-nzr;1.0;-zdr;0.5;-o;/mnt/beegfs/rcabanas/dev/credici/papers/zeros/models/s3;-rw;-s;118;-ys;3
[2024-10-14T10:32:16.009751][INFO][seed147] Set up logging
[2024-10-14T10:32:16.038945][INFO][seed147] args: -np;1;-nzr;1.0;-zdr;0.5;-o;/mnt/beegfs/rcabanas/dev/credici/papers/zeros/models/s3;-rw;-s;147;-ys;3
[2024-10-14T10:32:16.042456][INFO][seed118] Starting logger with seed 118
[2024-10-14T10:32:16.042978][INFO][seed147] Starting logger with seed 147
[2024-10-14T10:32:16.035238][INFO][seed123] Set up logging
[2024-10-14T10:32:16.052793][INFO][seed174] PN(V1,V0) in [0.0, 1.0] 
[2024-10-14T10:32:16.054119][INFO][seed123] args: -np;1;-nzr;1.0;-zdr;0.5;-o;/mnt/beegfs/rcabanas/dev/credici/papers/zeros/models/s3;-rw;-s;123;-ys;3
[2024-10-14T10:32:16.056266][INFO][seed123] Starting logger with seed 123
[2024-10-14T10:32:16.057402][INFO][seed147] simple_nparents1_nzr10_zdr05_ysize3_147
[2024-10-14T10:32:16.058435][INFO][seed118] simple_nparents1_nzr10_zdr05_ysize3_118
[2024-10-14T10:32:16.062188][INFO][seed123] simple_nparents1_nzr10_zdr05_ysize3_123
[2024-10-14T10:32:16.030718][INFO][seed179] Set up logging
[2024-10-14T10:32:16.064030][INFO][seed193] U cardinality: 9
[2024-10-14T10:32:16.064263][INFO][seed179] args: -np;1;-nzr;1.0;-zdr;0.5;-o;/mnt/beegfs/rcabanas/dev/credici/papers/zeros/models/s3;-rw;-s;179;-ys;3
[2024-10-14T10:32:16.086823][INFO][seed179] Starting logger with seed 179
[2024-10-14T10:32:16.090626][INFO][seed193] !0 = [0, 1, 2, 3, 4, 5, 6, 7, 8]
[2024-10-14T10:32:16.091093][INFO][seed193] 0 = []
[2024-10-14T10:32:16.093073][INFO][seed193] U cardinality: 9
[2024-10-14T10:32:16.102628][INFO][seed78] U cardinality: 9
[2024-10-14T10:32:16.108124][INFO][seed193] 
[P([3]) [0.297, 0.703], P([2]) [0.001, 0.003, 0.001, 0.002, 0.001, 0.985, 0.001, 0.001, 0.005], P([1, 3]) [1.0, 0.0, 0.0, 1.0], P([0, 1, 2]) [1.0, 0.0, 0.0, 1.0, 0.0, 0.0, 1.0, 0.0, 0.0, 0.0, 1.0, 0.0, 1.0, 0.0, 0.0, 0.0, 0.0, 1.0, 0.0, 1.0, 0.0, 1.0, 0.0, 0.0, 0.0, 1.0, 0.0, 0.0, 1.0, 0.0, 0.0, 1.0, 0.0, 0.0, 0.0, 1.0, 0.0, 0.0, 1.0, 1.0, 0.0, 0.0, 0.0, 0.0, 1.0, 0.0, 1.0, 0.0, 0.0, 0.0, 1.0, 0.0, 0.0, 1.0]]

[2024-10-14T10:32:16.111624][INFO][seed189] U cardinality: 9
[2024-10-14T10:32:16.113252][INFO][seed179] simple_nparents1_nzr10_zdr05_ysize3_179
[2024-10-14T10:32:16.115263][INFO][seed78] !0 = [0, 1, 2, 3, 4, 5, 6, 7, 8]
[2024-10-14T10:32:16.119154][INFO][seed189] !0 = [0, 1, 2, 3, 4, 5, 6, 7, 8]
[2024-10-14T10:32:16.115819][INFO][seed78] 0 = []
[2024-10-14T10:32:16.117804][INFO][seed78] U cardinality: 9
[2024-10-14T10:32:16.119593][INFO][seed189] 0 = []
[2024-10-14T10:32:16.121847][INFO][seed174] Saved data to: /mnt/beegfs/rcabanas/dev/credici/papers/zeros/models/s3/simple_nparents1_nzr10_zdr05_ysize3_174.csv
[2024-10-14T10:32:16.121571][INFO][seed189] U cardinality: 9
[2024-10-14T10:32:16.137056][INFO][seed78] 
[P([3]) [0.749, 0.251], P([2]) [0.221, 0.239, 0.02, 0.002, 0.099, 0.001, 0.001, 0.078, 0.339], P([1, 3]) [1.0, 0.0, 0.0, 1.0], P([0, 1, 2]) [1.0, 0.0, 0.0, 1.0, 0.0, 0.0, 1.0, 0.0, 0.0, 0.0, 1.0, 0.0, 1.0, 0.0, 0.0, 0.0, 0.0, 1.0, 0.0, 1.0, 0.0, 1.0, 0.0, 0.0, 0.0, 1.0, 0.0, 0.0, 1.0, 0.0, 0.0, 1.0, 0.0, 0.0, 0.0, 1.0, 0.0, 0.0, 1.0, 1.0, 0.0, 0.0, 0.0, 0.0, 1.0, 0.0, 1.0, 0.0, 0.0, 0.0, 1.0, 0.0, 0.0, 1.0]]

[2024-10-14T10:32:16.142767][INFO][seed133] Sampled 1000 data instances
[2024-10-14T10:32:16.142902][INFO][seed133] Starting exact inference 
[2024-10-14T10:32:16.144701][INFO][seed189] 
[P([3]) [0.223, 0.777], P([2]) [0.051, 0.366, 0.002, 0.028, 0.119, 0.06, 0.015, 0.343, 0.016], P([1, 3]) [1.0, 0.0, 0.0, 1.0], P([0, 1, 2]) [1.0, 0.0, 0.0, 1.0, 0.0, 0.0, 1.0, 0.0, 0.0, 0.0, 1.0, 0.0, 1.0, 0.0, 0.0, 0.0, 0.0, 1.0, 0.0, 1.0, 0.0, 1.0, 0.0, 0.0, 0.0, 1.0, 0.0, 0.0, 1.0, 0.0, 0.0, 1.0, 0.0, 0.0, 0.0, 1.0, 0.0, 0.0, 1.0, 1.0, 0.0, 0.0, 0.0, 0.0, 1.0, 0.0, 1.0, 0.0, 0.0, 0.0, 1.0, 0.0, 0.0, 1.0]]

[2024-10-14T10:32:16.159894][INFO][seed174] Saved model to: /mnt/beegfs/rcabanas/dev/credici/papers/zeros/models/s3/simple_nparents1_nzr10_zdr05_ysize3_174.uai
[2024-10-14T10:32:16.166191][INFO][seed174] Saved queries to: /mnt/beegfs/rcabanas/dev/credici/papers/zeros/models/s3/simple_nparents1_nzr10_zdr05_ysize3_174_query.csv
[2024-10-14T10:32:16.166274][INFO][seed174] Closing log file
[2024-10-14T10:32:16.166299][INFO][seed174] Closed log file
[2024-10-14T10:32:16.158297][INFO][seed16] Set up logging
[2024-10-14T10:32:16.159259][INFO][seed107] Set up logging
[2024-10-14T10:32:16.189147][INFO][seed16] args: -np;1;-nzr;1.0;-zdr;0.5;-o;/mnt/beegfs/rcabanas/dev/credici/papers/zeros/models/s3;-rw;-s;16;-ys;3
[2024-10-14T10:32:16.191310][INFO][seed107] args: -np;1;-nzr;1.0;-zdr;0.5;-o;/mnt/beegfs/rcabanas/dev/credici/papers/zeros/models/s3;-rw;-s;107;-ys;3
[2024-10-14T10:32:16.196852][INFO][seed16] Starting logger with seed 16
[2024-10-14T10:32:16.195284][INFO][seed107] Starting logger with seed 107
[2024-10-14T10:32:16.206876][INFO][seed117] Sampled 1000 data instances
[2024-10-14T10:32:16.207117][INFO][seed117] Starting exact inference 
[2024-10-14T10:32:16.208919][INFO][seed107] simple_nparents1_nzr10_zdr05_ysize3_107
[2024-10-14T10:32:16.210866][INFO][seed16] simple_nparents1_nzr10_zdr05_ysize3_16
[2024-10-14T10:32:16.181200][INFO][seed17] Set up logging
[2024-10-14T10:32:16.212558][INFO][seed17] args: -np;1;-nzr;1.0;-zdr;0.5;-o;/mnt/beegfs/rcabanas/dev/credici/papers/zeros/models/s3;-rw;-s;17;-ys;3
[2024-10-14T10:32:16.222298][INFO][seed17] Starting logger with seed 17
[2024-10-14T10:32:16.231209][INFO][seed141] U cardinality: 9
[2024-10-14T10:32:16.243604][INFO][seed141] !0 = [0, 1, 2, 3, 4, 5, 6, 7, 8]
[2024-10-14T10:32:16.244118][INFO][seed141] 0 = []
[2024-10-14T10:32:16.243465][INFO][seed17] simple_nparents1_nzr10_zdr05_ysize3_17
[2024-10-14T10:32:16.246128][INFO][seed141] U cardinality: 9
[2024-10-14T10:32:16.246450][INFO][seed190] U cardinality: 9
[2024-10-14T10:32:16.250296][INFO][seed15] U cardinality: 9
[2024-10-14T10:32:16.256349][INFO][seed190] !0 = [0, 1, 2, 3, 4, 5, 6, 7, 8]
[2024-10-14T10:32:16.256831][INFO][seed190] 0 = []
[2024-10-14T10:32:16.258259][INFO][seed15] !0 = [0, 1, 2, 3, 4, 5, 6, 7, 8]
[2024-10-14T10:32:16.258788][INFO][seed190] U cardinality: 9
[2024-10-14T10:32:16.259284][INFO][seed141] 
[P([3]) [0.724, 0.276], P([2]) [0.009, 0.311, 0.382, 0.116, 0.049, 0.021, 0.006, 0.103, 0.003], P([1, 3]) [1.0, 0.0, 0.0, 1.0], P([0, 1, 2]) [1.0, 0.0, 0.0, 1.0, 0.0, 0.0, 1.0, 0.0, 0.0, 0.0, 1.0, 0.0, 1.0, 0.0, 0.0, 0.0, 0.0, 1.0, 0.0, 1.0, 0.0, 1.0, 0.0, 0.0, 0.0, 1.0, 0.0, 0.0, 1.0, 0.0, 0.0, 1.0, 0.0, 0.0, 0.0, 1.0, 0.0, 0.0, 1.0, 1.0, 0.0, 0.0, 0.0, 0.0, 1.0, 0.0, 1.0, 0.0, 0.0, 0.0, 1.0, 0.0, 0.0, 1.0]]

[2024-10-14T10:32:16.258720][INFO][seed15] 0 = []
[2024-10-14T10:32:16.259745][INFO][seed61] PS(V1,V0) in [0.0, 0.2794210859919713]
[2024-10-14T10:32:16.260509][INFO][seed115] U cardinality: 9
[2024-10-14T10:32:16.262921][INFO][seed65] Sampled 1000 data instances
[2024-10-14T10:32:16.260777][INFO][seed15] U cardinality: 9
[2024-10-14T10:32:16.267472][INFO][seed115] !0 = [0, 1, 2, 3, 4, 5, 6, 7, 8]
[2024-10-14T10:32:16.263184][INFO][seed65] Starting exact inference 
[2024-10-14T10:32:16.271117][INFO][seed190] 
[2024-10-14T10:32:16.268471][INFO][seed115] 0 = []
[P([3]) [0.614, 0.386], P([2]) [0.001, 0.041, 0.004, 0.095, 0.043, 0.078, 0.727, 0.001, 0.01], P([1, 3]) [1.0, 0.0, 0.0, 1.0], P([0, 1, 2]) [1.0, 0.0, 0.0, 1.0, 0.0, 0.0, 1.0, 0.0, 0.0, 0.0, 1.0, 0.0, 1.0, 0.0, 0.0, 0.0, 0.0, 1.0, 0.0, 1.0, 0.0, 1.0, 0.0, 0.0, 0.0, 1.0, 0.0, 0.0, 1.0, 0.0, 0.0, 1.0, 0.0, 0.0, 0.0, 1.0, 0.0, 0.0, 1.0, 1.0, 0.0, 0.0, 0.0, 0.0, 1.0, 0.0, 1.0, 0.0, 0.0, 0.0, 1.0, 0.0, 0.0, 1.0]]

[2024-10-14T10:32:16.270419][INFO][seed115] U cardinality: 9
[2024-10-14T10:32:16.270624][INFO][seed119] Set up logging
[2024-10-14T10:32:16.283125][INFO][seed119] args: -np;1;-nzr;1.0;-zdr;0.5;-o;/mnt/beegfs/rcabanas/dev/credici/papers/zeros/models/s3;-rw;-s;119;-ys;3
[2024-10-14T10:32:16.286401][INFO][seed15] 
[P([3]) [0.74, 0.26], P([2]) [0.001, 0.001, 0.001, 0.001, 0.991, 0.002, 0.001, 0.001, 0.001], P([1, 3]) [1.0, 0.0, 0.0, 1.0], P([0, 1, 2]) [1.0, 0.0, 0.0, 1.0, 0.0, 0.0, 1.0, 0.0, 0.0, 0.0, 1.0, 0.0, 1.0, 0.0, 0.0, 0.0, 0.0, 1.0, 0.0, 1.0, 0.0, 1.0, 0.0, 0.0, 0.0, 1.0, 0.0, 0.0, 1.0, 0.0, 0.0, 1.0, 0.0, 0.0, 0.0, 1.0, 0.0, 0.0, 1.0, 1.0, 0.0, 0.0, 0.0, 0.0, 1.0, 0.0, 1.0, 0.0, 0.0, 0.0, 1.0, 0.0, 0.0, 1.0]]

[2024-10-14T10:32:16.286612][INFO][seed61] PN(V1,V0) in [0.0, 1.0] 
[2024-10-14T10:32:16.291749][INFO][seed115] 
[P([3]) [0.45, 0.55], P([2]) [0.019, 0.728, 0.009, 0.02, 0.002, 0.075, 0.025, 0.067, 0.055], P([1, 3]) [1.0, 0.0, 0.0, 1.0], P([0, 1, 2]) [1.0, 0.0, 0.0, 1.0, 0.0, 0.0, 1.0, 0.0, 0.0, 0.0, 1.0, 0.0, 1.0, 0.0, 0.0, 0.0, 0.0, 1.0, 0.0, 1.0, 0.0, 1.0, 0.0, 0.0, 0.0, 1.0, 0.0, 0.0, 1.0, 0.0, 0.0, 1.0, 0.0, 0.0, 0.0, 1.0, 0.0, 0.0, 1.0, 1.0, 0.0, 0.0, 0.0, 0.0, 1.0, 0.0, 1.0, 0.0, 0.0, 0.0, 1.0, 0.0, 0.0, 1.0]]

[2024-10-14T10:32:16.293836][INFO][seed119] Starting logger with seed 119
[2024-10-14T10:32:16.294021][INFO][seed187] U cardinality: 9
[2024-10-14T10:32:16.301225][INFO][seed119] simple_nparents1_nzr10_zdr05_ysize3_119
[2024-10-14T10:32:16.301702][INFO][seed187] !0 = [0, 1, 2, 3, 4, 5, 6, 7, 8]
['genn.py', '1', '1.0', '0.5', '27', '3']
[2024-10-14T10:32:16.302160][INFO][seed187] 0 = []
[2024-10-14T10:32:16.306286][INFO][seed187] U cardinality: 9
[2024-10-14T10:32:16.310403][INFO][seed158] U cardinality: 9
[2024-10-14T10:32:16.318760][INFO][seed158] !0 = [0, 1, 2, 3, 4, 5, 6, 7, 8]
[2024-10-14T10:32:16.319175][INFO][seed158] 0 = []
[2024-10-14T10:32:16.321076][INFO][seed158] U cardinality: 9
[2024-10-14T10:32:16.325425][INFO][seed187] 
[P([3]) [0.771, 0.229], P([2]) [0.098, 0.063, 0.004, 0.563, 0.14, 0.004, 0.056, 0.053, 0.019], P([1, 3]) [1.0, 0.0, 0.0, 1.0], P([0, 1, 2]) [1.0, 0.0, 0.0, 1.0, 0.0, 0.0, 1.0, 0.0, 0.0, 0.0, 1.0, 0.0, 1.0, 0.0, 0.0, 0.0, 0.0, 1.0, 0.0, 1.0, 0.0, 1.0, 0.0, 0.0, 0.0, 1.0, 0.0, 0.0, 1.0, 0.0, 0.0, 1.0, 0.0, 0.0, 0.0, 1.0, 0.0, 0.0, 1.0, 1.0, 0.0, 0.0, 0.0, 0.0, 1.0, 0.0, 1.0, 0.0, 0.0, 0.0, 1.0, 0.0, 0.0, 1.0]]

[2024-10-14T10:32:16.320307][INFO][seed72] Set up logging
[2024-10-14T10:32:16.334966][INFO][seed72] args: -np;1;-nzr;1.0;-zdr;0.5;-o;/mnt/beegfs/rcabanas/dev/credici/papers/zeros/models/s3;-rw;-s;72;-ys;3
[2024-10-14T10:32:16.337333][INFO][seed72] Starting logger with seed 72
[2024-10-14T10:32:16.338930][INFO][seed61] Saved data to: /mnt/beegfs/rcabanas/dev/credici/papers/zeros/models/s3/simple_nparents1_nzr10_zdr05_ysize3_61.csv
[2024-10-14T10:32:16.339770][INFO][seed193] Sampled 1000 data instances
[2024-10-14T10:32:16.342021][INFO][seed72] simple_nparents1_nzr10_zdr05_ysize3_72
1 1.0 0.5 27
[2024-10-14T10:32:16.340035][INFO][seed193] Starting exact inference 
/mnt/beegfs/rcabanas/dev/credici/papers/zeros/code/GenerateNparents.java
[2024-10-14T10:32:16.353602][INFO][seed93] U cardinality: 9
[2024-10-14T10:32:16.358326][INFO][seed158] 
[P([3]) [0.72, 0.28], P([2]) [0.003, 0.214, 0.1, 0.014, 0.001, 0.029, 0.618, 0.019, 0.002], P([1, 3]) [1.0, 0.0, 0.0, 1.0], P([0, 1, 2]) [1.0, 0.0, 0.0, 1.0, 0.0, 0.0, 1.0, 0.0, 0.0, 0.0, 1.0, 0.0, 1.0, 0.0, 0.0, 0.0, 0.0, 1.0, 0.0, 1.0, 0.0, 1.0, 0.0, 0.0, 0.0, 1.0, 0.0, 0.0, 1.0, 0.0, 0.0, 1.0, 0.0, 0.0, 0.0, 1.0, 0.0, 0.0, 1.0, 1.0, 0.0, 0.0, 0.0, 0.0, 1.0, 0.0, 1.0, 0.0, 0.0, 0.0, 1.0, 0.0, 0.0, 1.0]]

[2024-10-14T10:32:16.368820][INFO][seed75] U cardinality: 9
[2024-10-14T10:32:16.371990][INFO][seed142] U cardinality: 9
[2024-10-14T10:32:16.372877][INFO][seed78] Sampled 1000 data instances
[2024-10-14T10:32:16.373197][INFO][seed78] Starting exact inference 
[2024-10-14T10:32:16.376595][INFO][seed93] !0 = [0, 1, 2, 3, 4, 5, 6, 7, 8]
[2024-10-14T10:32:16.377387][INFO][seed93] 0 = []
[2024-10-14T10:32:16.380207][INFO][seed93] U cardinality: 9
[2024-10-14T10:32:16.379252][INFO][seed61] Saved model to: /mnt/beegfs/rcabanas/dev/credici/papers/zeros/models/s3/simple_nparents1_nzr10_zdr05_ysize3_61.uai
[2024-10-14T10:32:16.381138][INFO][seed85] U cardinality: 9
[2024-10-14T10:32:16.384494][INFO][seed75] !0 = [0, 1, 2, 3, 4, 5, 6, 7, 8]
[2024-10-14T10:32:16.386281][INFO][seed75] 0 = []
[2024-10-14T10:32:16.386697][INFO][seed61] Saved queries to: /mnt/beegfs/rcabanas/dev/credici/papers/zeros/models/s3/simple_nparents1_nzr10_zdr05_ysize3_61_query.csv
[2024-10-14T10:32:16.386803][INFO][seed61] Closing log file
[2024-10-14T10:32:16.386831][INFO][seed61] Closed log file
[2024-10-14T10:32:16.389474][INFO][seed75] U cardinality: 9
[2024-10-14T10:32:16.391479][INFO][seed142] !0 = [0, 1, 2, 3, 4, 5, 6, 7, 8]
[2024-10-14T10:32:16.392579][INFO][seed189] Sampled 1000 data instances
[2024-10-14T10:32:16.392051][INFO][seed142] 0 = []
[2024-10-14T10:32:16.394185][INFO][seed85] !0 = [0, 1, 2, 3, 4, 5, 6, 7, 8]
[2024-10-14T10:32:16.392938][INFO][seed189] Starting exact inference 
[2024-10-14T10:32:16.396044][INFO][seed93] 
[P([3]) [0.911, 0.089], P([2]) [0.914, 0.001, 0.005, 0.07, 0.004, 0.001, 0.002, 0.002, 0.001], P([1, 3]) [1.0, 0.0, 0.0, 1.0], P([0, 1, 2]) [1.0, 0.0, 0.0, 1.0, 0.0, 0.0, 1.0, 0.0, 0.0, 0.0, 1.0, 0.0, 1.0, 0.0, 0.0, 0.0, 0.0, 1.0, 0.0, 1.0, 0.0, 1.0, 0.0, 0.0, 0.0, 1.0, 0.0, 0.0, 1.0, 0.0, 0.0, 1.0, 0.0, 0.0, 0.0, 1.0, 0.0, 0.0, 1.0, 1.0, 0.0, 0.0, 0.0, 0.0, 1.0, 0.0, 1.0, 0.0, 0.0, 0.0, 1.0, 0.0, 0.0, 1.0]]

[2024-10-14T10:32:16.394161][INFO][seed142] U cardinality: 9
[2024-10-14T10:32:16.394728][INFO][seed85] 0 = []
[2024-10-14T10:32:16.396939][INFO][seed85] U cardinality: 9
[2024-10-14T10:32:16.409001][INFO][seed75] 
[P([3]) [0.864, 0.136], P([2]) [0.701, 0.003, 0.026, 0.003, 0.023, 0.001, 0.002, 0.009, 0.232], P([1, 3]) [1.0, 0.0, 0.0, 1.0], P([0, 1, 2]) [1.0, 0.0, 0.0, 1.0, 0.0, 0.0, 1.0, 0.0, 0.0, 0.0, 1.0, 0.0, 1.0, 0.0, 0.0, 0.0, 0.0, 1.0, 0.0, 1.0, 0.0, 1.0, 0.0, 0.0, 0.0, 1.0, 0.0, 0.0, 1.0, 0.0, 0.0, 1.0, 0.0, 0.0, 0.0, 1.0, 0.0, 0.0, 1.0, 1.0, 0.0, 0.0, 0.0, 0.0, 1.0, 0.0, 1.0, 0.0, 0.0, 0.0, 1.0, 0.0, 0.0, 1.0]]

[2024-10-14T10:32:16.418983][INFO][seed85] 
[P([3]) [0.328, 0.672], P([2]) [0.002, 0.012, 0.002, 0.001, 0.007, 0.887, 0.055, 0.002, 0.032], P([1, 3]) [1.0, 0.0, 0.0, 1.0], P([0, 1, 2]) [1.0, 0.0, 0.0, 1.0, 0.0, 0.0, 1.0, 0.0, 0.0, 0.0, 1.0, 0.0, 1.0, 0.0, 0.0, 0.0, 0.0, 1.0, 0.0, 1.0, 0.0, 1.0, 0.0, 0.0, 0.0, 1.0, 0.0, 0.0, 1.0, 0.0, 0.0, 1.0, 0.0, 0.0, 0.0, 1.0, 0.0, 0.0, 1.0, 1.0, 0.0, 0.0, 0.0, 0.0, 1.0, 0.0, 1.0, 0.0, 0.0, 0.0, 1.0, 0.0, 0.0, 1.0]]

[2024-10-14T10:32:16.425576][INFO][seed142] 
[P([3]) [0.667, 0.333], P([2]) [0.005, 0.001, 0.018, 0.132, 0.165, 0.001, 0.002, 0.673, 0.003], P([1, 3]) [1.0, 0.0, 0.0, 1.0], P([0, 1, 2]) [1.0, 0.0, 0.0, 1.0, 0.0, 0.0, 1.0, 0.0, 0.0, 0.0, 1.0, 0.0, 1.0, 0.0, 0.0, 0.0, 0.0, 1.0, 0.0, 1.0, 0.0, 1.0, 0.0, 0.0, 0.0, 1.0, 0.0, 0.0, 1.0, 0.0, 0.0, 1.0, 0.0, 0.0, 0.0, 1.0, 0.0, 0.0, 1.0, 1.0, 0.0, 0.0, 0.0, 0.0, 1.0, 0.0, 1.0, 0.0, 0.0, 0.0, 1.0, 0.0, 0.0, 1.0]]

['genn.py', '1', '1.0', '0.5', '152', '3']
[2024-10-14T10:32:16.477702][INFO][seed141] Sampled 1000 data instances
[2024-10-14T10:32:16.478018][INFO][seed141] Starting exact inference 
[2024-10-14T10:32:16.488222][INFO][seed190] Sampled 1000 data instances
[2024-10-14T10:32:16.488322][INFO][seed190] Starting exact inference 
1 1.0 0.5 152
[2024-10-14T10:32:16.490525][INFO][seed34] U cardinality: 9
/mnt/beegfs/rcabanas/dev/credici/papers/zeros/code/GenerateNparents.java
[2024-10-14T10:32:16.501601][INFO][seed34] !0 = [0, 1, 2, 3, 4, 5, 6, 7, 8]
[2024-10-14T10:32:16.502133][INFO][seed34] 0 = []
[2024-10-14T10:32:16.504094][INFO][seed34] U cardinality: 9
[2024-10-14T10:32:16.515672][INFO][seed115] Sampled 1000 data instances
[2024-10-14T10:32:16.516140][INFO][seed115] Starting exact inference 
[2024-10-14T10:32:16.519389][INFO][seed119] U cardinality: 9
[2024-10-14T10:32:16.524258][INFO][seed119] !0 = [0, 1, 2, 3, 4, 5, 6, 7, 8]
[2024-10-14T10:32:16.524557][INFO][seed119] 0 = []
[2024-10-14T10:32:16.525343][INFO][seed34] 
[P([3]) [0.409, 0.591], P([2]) [0.684, 0.001, 0.009, 0.002, 0.01, 0.06, 0.204, 0.002, 0.028], P([1, 3]) [1.0, 0.0, 0.0, 1.0], P([0, 1, 2]) [1.0, 0.0, 0.0, 1.0, 0.0, 0.0, 1.0, 0.0, 0.0, 0.0, 1.0, 0.0, 1.0, 0.0, 0.0, 0.0, 0.0, 1.0, 0.0, 1.0, 0.0, 1.0, 0.0, 0.0, 0.0, 1.0, 0.0, 0.0, 1.0, 0.0, 0.0, 1.0, 0.0, 0.0, 0.0, 1.0, 0.0, 0.0, 1.0, 1.0, 0.0, 0.0, 0.0, 0.0, 1.0, 0.0, 1.0, 0.0, 0.0, 0.0, 1.0, 0.0, 0.0, 1.0]]

[2024-10-14T10:32:16.526087][INFO][seed119] U cardinality: 9
[2024-10-14T10:32:16.533521][INFO][seed15] Sampled 1000 data instances
[2024-10-14T10:32:16.533815][INFO][seed15] Starting exact inference 
[2024-10-14T10:32:16.540222][INFO][seed97] U cardinality: 9
[2024-10-14T10:32:16.538682][INFO][seed119] 
[P([3]) [0.37, 0.63], P([2]) [0.087, 0.002, 0.246, 0.131, 0.154, 0.276, 0.018, 0.001, 0.085], P([1, 3]) [1.0, 0.0, 0.0, 1.0], P([0, 1, 2]) [1.0, 0.0, 0.0, 1.0, 0.0, 0.0, 1.0, 0.0, 0.0, 0.0, 1.0, 0.0, 1.0, 0.0, 0.0, 0.0, 0.0, 1.0, 0.0, 1.0, 0.0, 1.0, 0.0, 0.0, 0.0, 1.0, 0.0, 0.0, 1.0, 0.0, 0.0, 1.0, 0.0, 0.0, 0.0, 1.0, 0.0, 0.0, 1.0, 1.0, 0.0, 0.0, 0.0, 0.0, 1.0, 0.0, 1.0, 0.0, 0.0, 0.0, 1.0, 0.0, 0.0, 1.0]]

[2024-10-14T10:32:16.550131][INFO][seed97] !0 = [0, 1, 2, 3, 4, 5, 6, 7, 8]
[2024-10-14T10:32:16.551523][INFO][seed118] U cardinality: 9
[2024-10-14T10:32:16.550656][INFO][seed97] 0 = []
[2024-10-14T10:32:16.552584][INFO][seed73] PS(V1,V0) in [0.0, 0.30925040409482757]
[2024-10-14T10:32:16.552838][INFO][seed97] U cardinality: 9
[2024-10-14T10:32:16.557357][INFO][seed147] U cardinality: 9
[2024-10-14T10:32:16.558276][INFO][seed118] !0 = [0, 1, 2, 3, 4, 5, 6, 7, 8]
[2024-10-14T10:32:16.558827][INFO][seed118] 0 = []
[2024-10-14T10:32:16.561012][INFO][seed118] U cardinality: 9
[2024-10-14T10:32:16.561908][INFO][seed97] 
[P([3]) [0.986, 0.014], P([2]) [0.048, 0.014, 0.001, 0.385, 0.002, 0.004, 0.542, 0.003, 0.001], P([1, 3]) [1.0, 0.0, 0.0, 1.0], P([0, 1, 2]) [1.0, 0.0, 0.0, 1.0, 0.0, 0.0, 1.0, 0.0, 0.0, 0.0, 1.0, 0.0, 1.0, 0.0, 0.0, 0.0, 0.0, 1.0, 0.0, 1.0, 0.0, 1.0, 0.0, 0.0, 0.0, 1.0, 0.0, 0.0, 1.0, 0.0, 0.0, 1.0, 0.0, 0.0, 0.0, 1.0, 0.0, 0.0, 1.0, 1.0, 0.0, 0.0, 0.0, 0.0, 1.0, 0.0, 1.0, 0.0, 0.0, 0.0, 1.0, 0.0, 0.0, 1.0]]

[2024-10-14T10:32:16.562448][INFO][seed179] U cardinality: 9
[2024-10-14T10:32:16.564010][INFO][seed147] !0 = [0, 1, 2, 3, 4, 5, 6, 7, 8]
[2024-10-14T10:32:16.564494][INFO][seed147] 0 = []
[2024-10-14T10:32:16.566023][INFO][seed73] PN(V1,V0) in [0.0, 1.0] 
[2024-10-14T10:32:16.566926][INFO][seed147] U cardinality: 9
[2024-10-14T10:32:16.568721][INFO][seed123] U cardinality: 9
[2024-10-14T10:32:16.569224][INFO][seed179] !0 = [0, 1, 2, 3, 4, 5, 6, 7, 8]
[2024-10-14T10:32:16.569249][INFO][seed187] Sampled 1000 data instances
[2024-10-14T10:32:16.569662][INFO][seed179] 0 = []
[2024-10-14T10:32:16.570438][INFO][seed118] 
[P([3]) [0.165, 0.835], P([2]) [0.182, 0.028, 0.367, 0.038, 0.006, 0.276, 0.002, 0.017, 0.084], P([1, 3]) [1.0, 0.0, 0.0, 1.0], P([0, 1, 2]) [1.0, 0.0, 0.0, 1.0, 0.0, 0.0, 1.0, 0.0, 0.0, 0.0, 1.0, 0.0, 1.0, 0.0, 0.0, 0.0, 0.0, 1.0, 0.0, 1.0, 0.0, 1.0, 0.0, 0.0, 0.0, 1.0, 0.0, 0.0, 1.0, 0.0, 0.0, 1.0, 0.0, 0.0, 0.0, 1.0, 0.0, 0.0, 1.0, 1.0, 0.0, 0.0, 0.0, 0.0, 1.0, 0.0, 1.0, 0.0, 0.0, 0.0, 1.0, 0.0, 0.0, 1.0]]

[2024-10-14T10:32:16.569562][INFO][seed187] Starting exact inference 
[2024-10-14T10:32:16.571640][INFO][seed179] U cardinality: 9
[2024-10-14T10:32:16.577380][INFO][seed123] !0 = [0, 1, 2, 3, 4, 5, 6, 7, 8]
[2024-10-14T10:32:16.577870][INFO][seed123] 0 = []
[2024-10-14T10:32:16.579928][INFO][seed123] U cardinality: 9
[2024-10-14T10:32:16.583973][INFO][seed72] U cardinality: 9
[2024-10-14T10:32:16.585670][INFO][seed147] 
[P([3]) [0.972, 0.028], P([2]) [0.009, 0.952, 0.024, 0.001, 0.005, 0.001, 0.002, 0.004, 0.002], P([1, 3]) [1.0, 0.0, 0.0, 1.0], P([0, 1, 2]) [1.0, 0.0, 0.0, 1.0, 0.0, 0.0, 1.0, 0.0, 0.0, 0.0, 1.0, 0.0, 1.0, 0.0, 0.0, 0.0, 0.0, 1.0, 0.0, 1.0, 0.0, 1.0, 0.0, 0.0, 0.0, 1.0, 0.0, 0.0, 1.0, 0.0, 0.0, 1.0, 0.0, 0.0, 0.0, 1.0, 0.0, 0.0, 1.0, 1.0, 0.0, 0.0, 0.0, 0.0, 1.0, 0.0, 1.0, 0.0, 0.0, 0.0, 1.0, 0.0, 0.0, 1.0]]

[2024-10-14T10:32:16.589708][INFO][seed72] !0 = [0, 1, 2, 3, 4, 5, 6, 7, 8]
[2024-10-14T10:32:16.590713][INFO][seed179] 
[P([3]) [0.135, 0.865], P([2]) [0.001, 0.227, 0.003, 0.078, 0.203, 0.07, 0.413, 0.003, 0.002], P([1, 3]) [1.0, 0.0, 0.0, 1.0], P([0, 1, 2]) [1.0, 0.0, 0.0, 1.0, 0.0, 0.0, 1.0, 0.0, 0.0, 0.0, 1.0, 0.0, 1.0, 0.0, 0.0, 0.0, 0.0, 1.0, 0.0, 1.0, 0.0, 1.0, 0.0, 0.0, 0.0, 1.0, 0.0, 0.0, 1.0, 0.0, 0.0, 1.0, 0.0, 0.0, 0.0, 1.0, 0.0, 0.0, 1.0, 1.0, 0.0, 0.0, 0.0, 0.0, 1.0, 0.0, 1.0, 0.0, 0.0, 0.0, 1.0, 0.0, 0.0, 1.0]]

[2024-10-14T10:32:16.590][INFO][seed72] 0 = []
[2024-10-14T10:32:16.592280][INFO][seed72] U cardinality: 9
[2024-10-14T10:32:16.598798][INFO][seed123] 
[P([3]) [0.811, 0.189], P([2]) [0.001, 0.755, 0.21, 0.021, 0.004, 0.002, 0.003, 0.001, 0.003], P([1, 3]) [1.0, 0.0, 0.0, 1.0], P([0, 1, 2]) [1.0, 0.0, 0.0, 1.0, 0.0, 0.0, 1.0, 0.0, 0.0, 0.0, 1.0, 0.0, 1.0, 0.0, 0.0, 0.0, 0.0, 1.0, 0.0, 1.0, 0.0, 1.0, 0.0, 0.0, 0.0, 1.0, 0.0, 0.0, 1.0, 0.0, 0.0, 1.0, 0.0, 0.0, 0.0, 1.0, 0.0, 0.0, 1.0, 1.0, 0.0, 0.0, 0.0, 0.0, 1.0, 0.0, 1.0, 0.0, 0.0, 0.0, 1.0, 0.0, 0.0, 1.0]]

[2024-10-14T10:32:16.599946][INFO][seed72] 
[P([3]) [0.34, 0.66], P([2]) [0.016, 0.395, 0.002, 0.001, 0.58, 0.001, 0.002, 0.001, 0.002], P([1, 3]) [1.0, 0.0, 0.0, 1.0], P([0, 1, 2]) [1.0, 0.0, 0.0, 1.0, 0.0, 0.0, 1.0, 0.0, 0.0, 0.0, 1.0, 0.0, 1.0, 0.0, 0.0, 0.0, 0.0, 1.0, 0.0, 1.0, 0.0, 1.0, 0.0, 0.0, 0.0, 1.0, 0.0, 0.0, 1.0, 0.0, 0.0, 1.0, 0.0, 0.0, 0.0, 1.0, 0.0, 0.0, 1.0, 1.0, 0.0, 0.0, 0.0, 0.0, 1.0, 0.0, 1.0, 0.0, 0.0, 0.0, 1.0, 0.0, 0.0, 1.0]]

[2024-10-14T10:32:16.623976][INFO][seed73] Saved data to: /mnt/beegfs/rcabanas/dev/credici/papers/zeros/models/s3/simple_nparents1_nzr10_zdr05_ysize3_73.csv
[2024-10-14T10:32:16.602152][INFO][seed32] Set up logging
[2024-10-14T10:32:16.624816][INFO][seed32] args: -np;1;-nzr;1.0;-zdr;0.5;-o;/mnt/beegfs/rcabanas/dev/credici/papers/zeros/models/s3;-rw;-s;32;-ys;3
[2024-10-14T10:32:16.627706][INFO][seed32] Starting logger with seed 32
[2024-10-14T10:32:16.628459][INFO][seed158] Sampled 1000 data instances
[2024-10-14T10:32:16.628755][INFO][seed158] Starting exact inference 
[2024-10-14T10:32:16.639794][INFO][seed32] simple_nparents1_nzr10_zdr05_ysize3_32
[2024-10-14T10:32:16.646061][INFO][seed93] Sampled 1000 data instances
[2024-10-14T10:32:16.646402][INFO][seed93] Starting exact inference 
[2024-10-14T10:32:16.663470][INFO][seed73] Saved model to: /mnt/beegfs/rcabanas/dev/credici/papers/zeros/models/s3/simple_nparents1_nzr10_zdr05_ysize3_73.uai
[2024-10-14T10:32:16.664558][INFO][seed75] Sampled 1000 data instances
[2024-10-14T10:32:16.664683][INFO][seed75] Starting exact inference 
[2024-10-14T10:32:16.667524][INFO][seed85] Sampled 1000 data instances
[2024-10-14T10:32:16.668114][INFO][seed142] Sampled 1000 data instances
[2024-10-14T10:32:16.667893][INFO][seed85] Starting exact inference 
[2024-10-14T10:32:16.669808][INFO][seed73] Saved queries to: /mnt/beegfs/rcabanas/dev/credici/papers/zeros/models/s3/simple_nparents1_nzr10_zdr05_ysize3_73_query.csv
[2024-10-14T10:32:16.668409][INFO][seed142] Starting exact inference 
[2024-10-14T10:32:16.670061][INFO][seed73] Closing log file
[2024-10-14T10:32:16.670149][INFO][seed73] Closed log file
[2024-10-14T10:32:16.675384][INFO][seed16] U cardinality: 9
['genn.py', '1', '1.0', '0.5', '122', '3']
[2024-10-14T10:32:16.699089][INFO][seed16] !0 = [0, 1, 2, 3, 4, 5, 6, 7, 8]
[2024-10-14T10:32:16.699198][INFO][seed107] U cardinality: 9
[2024-10-14T10:32:16.699566][INFO][seed16] 0 = []
[2024-10-14T10:32:16.701944][INFO][seed16] U cardinality: 9
[2024-10-14T10:32:16.708624][INFO][seed107] !0 = [0, 1, 2, 3, 4, 5, 6, 7, 8]
[2024-10-14T10:32:16.709091][INFO][seed107] 0 = []
[2024-10-14T10:32:16.711092][INFO][seed107] U cardinality: 9
[2024-10-14T10:32:16.717404][INFO][seed16] 
[P([3]) [0.658, 0.342], P([2]) [0.577, 0.002, 0.001, 0.135, 0.001, 0.001, 0.002, 0.002, 0.279], P([1, 3]) [1.0, 0.0, 0.0, 1.0], P([0, 1, 2]) [1.0, 0.0, 0.0, 1.0, 0.0, 0.0, 1.0, 0.0, 0.0, 0.0, 1.0, 0.0, 1.0, 0.0, 0.0, 0.0, 0.0, 1.0, 0.0, 1.0, 0.0, 1.0, 0.0, 0.0, 0.0, 1.0, 0.0, 0.0, 1.0, 0.0, 0.0, 1.0, 0.0, 0.0, 0.0, 1.0, 0.0, 0.0, 1.0, 1.0, 0.0, 0.0, 0.0, 0.0, 1.0, 0.0, 1.0, 0.0, 0.0, 0.0, 1.0, 0.0, 0.0, 1.0]]

1 1.0 0.5 122
/mnt/beegfs/rcabanas/dev/credici/papers/zeros/code/GenerateNparents.java
[2024-10-14T10:32:16.729243][INFO][seed17] U cardinality: 9
[2024-10-14T10:32:16.751777][INFO][seed17] !0 = [0, 1, 2, 3, 4, 5, 6, 7, 8]
[2024-10-14T10:32:16.752242][INFO][seed17] 0 = []
[2024-10-14T10:32:16.754224][INFO][seed17] U cardinality: 9
[2024-10-14T10:32:16.757303][INFO][seed119] Sampled 1000 data instances
[2024-10-14T10:32:16.757542][INFO][seed119] Starting exact inference 
[2024-10-14T10:32:16.759911][INFO][seed107] 
[P([3]) [0.758, 0.242], P([2]) [0.001, 0.002, 0.001, 0.119, 0.001, 0.019, 0.001, 0.046, 0.81], P([1, 3]) [1.0, 0.0, 0.0, 1.0], P([0, 1, 2]) [1.0, 0.0, 0.0, 1.0, 0.0, 0.0, 1.0, 0.0, 0.0, 0.0, 1.0, 0.0, 1.0, 0.0, 0.0, 0.0, 0.0, 1.0, 0.0, 1.0, 0.0, 1.0, 0.0, 0.0, 0.0, 1.0, 0.0, 0.0, 1.0, 0.0, 0.0, 1.0, 0.0, 0.0, 0.0, 1.0, 0.0, 0.0, 1.0, 1.0, 0.0, 0.0, 0.0, 0.0, 1.0, 0.0, 1.0, 0.0, 0.0, 0.0, 1.0, 0.0, 0.0, 1.0]]

[2024-10-14T10:32:16.766818][INFO][seed34] Sampled 1000 data instances
[2024-10-14T10:32:16.767075][INFO][seed34] Starting exact inference 
[2024-10-14T10:32:16.776937][INFO][seed17] 
[P([3]) [0.862, 0.138], P([2]) [0.158, 0.017, 0.017, 0.002, 0.002, 0.703, 0.016, 0.002, 0.083], P([1, 3]) [1.0, 0.0, 0.0, 1.0], P([0, 1, 2]) [1.0, 0.0, 0.0, 1.0, 0.0, 0.0, 1.0, 0.0, 0.0, 0.0, 1.0, 0.0, 1.0, 0.0, 0.0, 0.0, 0.0, 1.0, 0.0, 1.0, 0.0, 1.0, 0.0, 0.0, 0.0, 1.0, 0.0, 0.0, 1.0, 0.0, 0.0, 1.0, 0.0, 0.0, 0.0, 1.0, 0.0, 0.0, 1.0, 1.0, 0.0, 0.0, 0.0, 0.0, 1.0, 0.0, 1.0, 0.0, 0.0, 0.0, 1.0, 0.0, 0.0, 1.0]]

[2024-10-14T10:32:16.788648][INFO][seed2] PS(V1,V0) in [0.0, 1.0]
[2024-10-14T10:32:16.794350][INFO][seed72] Sampled 1000 data instances
[2024-10-14T10:32:16.794626][INFO][seed72] Starting exact inference 
Removed 000
Removed 000
Removed 000
Removed 000
Removed 000
Removed 000
Removed 000
Removed 000
Removed 000
Removed 000
Removed 000
Removed 000
Removed 000
[2024-10-14T10:32:16.799556][INFO][seed2] PN(V1,V0) in [0.0, 0.677289769683985] 
[2024-10-14T10:32:16.804575][INFO][seed179] Sampled 1000 data instances
[2024-10-14T10:32:16.805115][INFO][seed118] Sampled 1000 data instances
Removed 000
[2024-10-14T10:32:16.814364][INFO][seed147] Sampled 1000 data instances
[2024-10-14T10:32:16.816759][INFO][seed97] Sampled 1000 data instances
[2024-10-14T10:32:16.804851][INFO][seed179] Starting exact inference 
[2024-10-14T10:32:16.805430][INFO][seed118] Starting exact inference 
Removed 000
Error in variable: 2
[2024-10-14T10:32:16.807752][INFO][seed129] No feasible solution... resampling
[2024-10-14T10:32:16.814671][INFO][seed147] Starting exact inference 
[2024-10-14T10:32:16.817231][INFO][seed97] Starting exact inference 
[2024-10-14T10:32:16.828379][INFO][seed32] U cardinality: 9
[2024-10-14T10:32:16.830671][INFO][seed123] Sampled 1000 data instances
[2024-10-14T10:32:16.833032][INFO][seed32] !0 = [0, 1, 2, 3, 4, 5, 6, 7, 8]
[2024-10-14T10:32:16.831057][INFO][seed123] Starting exact inference 
[2024-10-14T10:32:16.833310][INFO][seed32] 0 = []
[2024-10-14T10:32:16.834805][INFO][seed32] U cardinality: 9
[2024-10-14T10:32:16.840988][INFO][seed32] 
[P([3]) [0.405, 0.595], P([2]) [0.194, 0.088, 0.006, 0.242, 0.005, 0.443, 0.006, 0.012, 0.004], P([1, 3]) [1.0, 0.0, 0.0, 1.0], P([0, 1, 2]) [1.0, 0.0, 0.0, 1.0, 0.0, 0.0, 1.0, 0.0, 0.0, 0.0, 1.0, 0.0, 1.0, 0.0, 0.0, 0.0, 0.0, 1.0, 0.0, 1.0, 0.0, 1.0, 0.0, 0.0, 0.0, 1.0, 0.0, 0.0, 1.0, 0.0, 0.0, 1.0, 0.0, 0.0, 0.0, 1.0, 0.0, 0.0, 1.0, 1.0, 0.0, 0.0, 0.0, 0.0, 1.0, 0.0, 1.0, 0.0, 0.0, 0.0, 1.0, 0.0, 0.0, 1.0]]

[2024-10-14T10:32:16.860799][INFO][seed2] Saved data to: /mnt/beegfs/rcabanas/dev/credici/papers/zeros/models/s3/simple_nparents1_nzr10_zdr05_ysize3_2.csv
[2024-10-14T10:32:16.862850][INFO][seed148] PS(V1,V0) in [0.6113866678069012, 0.6803566083721725]
[2024-10-14T10:32:16.869869][INFO][seed148] PN(V1,V0) in [0.8986267793734091, 1.0] 
[2024-10-14T10:32:16.883806][INFO][seed129] Sampled 1100 data instances
[2024-10-14T10:32:16.890563][INFO][seed129] Starting exact inference 
[2024-10-14T10:32:16.895357][INFO][seed88] PS(V1,V0) in [0.0, 0.5156189575903407]
[2024-10-14T10:32:16.901077][INFO][seed2] Saved model to: /mnt/beegfs/rcabanas/dev/credici/papers/zeros/models/s3/simple_nparents1_nzr10_zdr05_ysize3_2.uai
[2024-10-14T10:32:16.907682][INFO][seed2] Saved queries to: /mnt/beegfs/rcabanas/dev/credici/papers/zeros/models/s3/simple_nparents1_nzr10_zdr05_ysize3_2_query.csv
[2024-10-14T10:32:16.907765][INFO][seed2] Closing log file
[2024-10-14T10:32:16.907792][INFO][seed2] Closed log file
[2024-10-14T10:32:16.909661][INFO][seed98] PS(V1,V0) in [0.0, 1.0]
[2024-10-14T10:32:16.915143][INFO][seed88] PN(V1,V0) in [0.0, 1.0] 
[2024-10-14T10:32:16.921352][INFO][seed148] Saved data to: /mnt/beegfs/rcabanas/dev/credici/papers/zeros/models/s3/simple_nparents1_nzr10_zdr05_ysize3_148.csv
[2024-10-14T10:32:16.926354][INFO][seed3] PS(V1,V0) in [0.4318322964447979, 0.5213824211982873]
[2024-10-14T10:32:16.933715][INFO][seed98] PN(V1,V0) in [0.0, 0.0055248618784530384] 
[2024-10-14T10:32:16.938431][INFO][seed3] PN(V1,V0) in [0.8282448331348087, 1.0] 
[2024-10-14T10:32:16.945874][INFO][seed148] Saved model to: /mnt/beegfs/rcabanas/dev/credici/papers/zeros/models/s3/simple_nparents1_nzr10_zdr05_ysize3_148.uai
[2024-10-14T10:32:16.949027][INFO][seed16] Sampled 1000 data instances
[2024-10-14T10:32:16.949304][INFO][seed16] Starting exact inference 
['genn.py', '1', '1.0', '0.5', '186', '3']
[2024-10-14T10:32:16.964324][INFO][seed88] Saved data to: /mnt/beegfs/rcabanas/dev/credici/papers/zeros/models/s3/simple_nparents1_nzr10_zdr05_ysize3_88.csv
[2024-10-14T10:32:16.968109][INFO][seed82] PS(V1,V0) in [0.0, 1.0]
[2024-10-14T10:32:16.935630][INFO][seed150] Set up logging
[2024-10-14T10:32:16.968020][INFO][seed148] Saved queries to: /mnt/beegfs/rcabanas/dev/credici/papers/zeros/models/s3/simple_nparents1_nzr10_zdr05_ysize3_148_query.csv
[2024-10-14T10:32:16.968102][INFO][seed148] Closing log file
[2024-10-14T10:32:16.968128][INFO][seed148] Closed log file
[2024-10-14T10:32:16.971314][INFO][seed150] args: -np;1;-nzr;1.0;-zdr;0.5;-o;/mnt/beegfs/rcabanas/dev/credici/papers/zeros/models/s3;-rw;-s;150;-ys;3
[2024-10-14T10:32:16.977834][INFO][seed150] Starting logger with seed 150
[2024-10-14T10:32:16.978685][INFO][seed82] PN(V1,V0) in [0.0, 0.019193834485289617] 
[2024-10-14T10:32:16.979343][INFO][seed107] Sampled 1000 data instances
[2024-10-14T10:32:16.979659][INFO][seed107] Starting exact inference 
[2024-10-14T10:32:16.992355][INFO][seed88] Saved model to: /mnt/beegfs/rcabanas/dev/credici/papers/zeros/models/s3/simple_nparents1_nzr10_zdr05_ysize3_88.uai
[2024-10-14T10:32:16.991931][INFO][seed98] Saved data to: /mnt/beegfs/rcabanas/dev/credici/papers/zeros/models/s3/simple_nparents1_nzr10_zdr05_ysize3_98.csv
[2024-10-14T10:32:16.993699][INFO][seed3] Saved data to: /mnt/beegfs/rcabanas/dev/credici/papers/zeros/models/s3/simple_nparents1_nzr10_zdr05_ysize3_3.csv
[2024-10-14T10:32:16.997666][INFO][seed17] Sampled 1000 data instances
[2024-10-14T10:32:16.998032][INFO][seed17] Starting exact inference 
1 1.0 0.5 186
[2024-10-14T10:32:17.000601][INFO][seed88] Saved queries to: /mnt/beegfs/rcabanas/dev/credici/papers/zeros/models/s3/simple_nparents1_nzr10_zdr05_ysize3_88_query.csv
/mnt/beegfs/rcabanas/dev/credici/papers/zeros/code/GenerateNparents.java
[2024-10-14T10:32:17.000885][INFO][seed88] Closing log file
[2024-10-14T10:32:17.000974][INFO][seed88] Closed log file
[2024-10-14T10:32:17.004160][INFO][seed155] PS(V1,V0) in [0.24455611390284754, 1.0]
[2024-10-14T10:32:17.014833][INFO][seed32] Sampled 1000 data instances
[2024-10-14T10:32:17.015071][INFO][seed32] Starting exact inference 
[2024-10-14T10:32:17.015300][INFO][seed155] PN(V1,V0) in [0.004440074203979847, 0.018155645888876498] 
[2024-10-14T10:32:17.023053][INFO][seed98] Saved model to: /mnt/beegfs/rcabanas/dev/credici/papers/zeros/models/s3/simple_nparents1_nzr10_zdr05_ysize3_98.uai
[2024-10-14T10:32:17.023411][INFO][seed3] Saved model to: /mnt/beegfs/rcabanas/dev/credici/papers/zeros/models/s3/simple_nparents1_nzr10_zdr05_ysize3_3.uai
[2024-10-14T10:32:17.036939][INFO][seed82] Saved data to: /mnt/beegfs/rcabanas/dev/credici/papers/zeros/models/s3/simple_nparents1_nzr10_zdr05_ysize3_82.csv
[2024-10-14T10:32:17.039115][INFO][seed98] Saved queries to: /mnt/beegfs/rcabanas/dev/credici/papers/zeros/models/s3/simple_nparents1_nzr10_zdr05_ysize3_98_query.csv
[2024-10-14T10:32:17.039197][INFO][seed98] Closing log file
[2024-10-14T10:32:17.039223][INFO][seed98] Closed log file
[2024-10-14T10:32:17.041085][INFO][seed3] Saved queries to: /mnt/beegfs/rcabanas/dev/credici/papers/zeros/models/s3/simple_nparents1_nzr10_zdr05_ysize3_3_query.csv
[2024-10-14T10:32:17.041175][INFO][seed3] Closing log file
[2024-10-14T10:32:17.041201][INFO][seed3] Closed log file
[2024-10-14T10:32:17.058143][INFO][seed82] Saved model to: /mnt/beegfs/rcabanas/dev/credici/papers/zeros/models/s3/simple_nparents1_nzr10_zdr05_ysize3_82.uai
[2024-10-14T10:32:17.058713][INFO][seed150] simple_nparents1_nzr10_zdr05_ysize3_150
[2024-10-14T10:32:17.063811][INFO][seed155] Saved data to: /mnt/beegfs/rcabanas/dev/credici/papers/zeros/models/s3/simple_nparents1_nzr10_zdr05_ysize3_155.csv
[2024-10-14T10:32:17.066301][INFO][seed82] Saved queries to: /mnt/beegfs/rcabanas/dev/credici/papers/zeros/models/s3/simple_nparents1_nzr10_zdr05_ysize3_82_query.csv
[2024-10-14T10:32:17.066522][INFO][seed82] Closing log file
[2024-10-14T10:32:17.066608][INFO][seed82] Closed log file
[2024-10-14T10:32:17.095077][INFO][seed155] Saved model to: /mnt/beegfs/rcabanas/dev/credici/papers/zeros/models/s3/simple_nparents1_nzr10_zdr05_ysize3_155.uai
[2024-10-14T10:32:17.107341][INFO][seed155] Saved queries to: /mnt/beegfs/rcabanas/dev/credici/papers/zeros/models/s3/simple_nparents1_nzr10_zdr05_ysize3_155_query.csv
[2024-10-14T10:32:17.107412][INFO][seed155] Closing log file
[2024-10-14T10:32:17.107438][INFO][seed155] Closed log file
[2024-10-14T10:32:17.138374][INFO][seed44] PS(V1,V0) in [1.0, 1.0]
[2024-10-14T10:32:17.144384][INFO][seed44] PN(V1,V0) in [0.0042899999999999995, 0.0042899999999999995] 
['genn.py', '1', '1.0', '0.5', '105', '3']
[2024-10-14T10:32:17.201792][INFO][seed44] Saved data to: /mnt/beegfs/rcabanas/dev/credici/papers/zeros/models/s3/simple_nparents1_nzr10_zdr05_ysize3_44.csv
1 1.0 0.5 105
/mnt/beegfs/rcabanas/dev/credici/papers/zeros/code/GenerateNparents.java
[2024-10-14T10:32:17.236699][INFO][seed44] Saved model to: /mnt/beegfs/rcabanas/dev/credici/papers/zeros/models/s3/simple_nparents1_nzr10_zdr05_ysize3_44.uai
[2024-10-14T10:32:17.243055][INFO][seed44] Saved queries to: /mnt/beegfs/rcabanas/dev/credici/papers/zeros/models/s3/simple_nparents1_nzr10_zdr05_ysize3_44_query.csv
[2024-10-14T10:32:17.243135][INFO][seed44] Closing log file
[2024-10-14T10:32:17.243160][INFO][seed44] Closed log file
[2024-10-14T10:32:17.331343][INFO][seed129] PS(V1,V0) in [0.0, 1.0]
[2024-10-14T10:32:17.348613][INFO][seed129] PN(V1,V0) in [0.0, 0.11143291235400248] 
[2024-10-14T10:32:17.403078][INFO][seed129] Saved data to: /mnt/beegfs/rcabanas/dev/credici/papers/zeros/models/s3/simple_nparents1_nzr10_zdr05_ysize3_129.csv
[2024-10-14T10:32:17.429912][INFO][seed129] Saved model to: /mnt/beegfs/rcabanas/dev/credici/papers/zeros/models/s3/simple_nparents1_nzr10_zdr05_ysize3_129.uai
[2024-10-14T10:32:17.438303][INFO][seed129] Saved queries to: /mnt/beegfs/rcabanas/dev/credici/papers/zeros/models/s3/simple_nparents1_nzr10_zdr05_ysize3_129_query.csv
[2024-10-14T10:32:17.438534][INFO][seed129] Closing log file
[2024-10-14T10:32:17.438618][INFO][seed129] Closed log file
[2024-10-14T10:32:17.519691][INFO][seed150] U cardinality: 9
[2024-10-14T10:32:17.535671][INFO][seed150] !0 = [0, 1, 2, 3, 4, 5, 6, 7, 8]
[2024-10-14T10:32:17.536361][INFO][seed150] 0 = []
[2024-10-14T10:32:17.538955][INFO][seed150] U cardinality: 9
['genn.py', '1', '1.0', '0.5', '121', '3']
[2024-10-14T10:32:17.558281][INFO][seed150] 
[P([3]) [0.641, 0.359], P([2]) [0.14, 0.079, 0.02, 0.014, 0.076, 0.59, 0.041, 0.009, 0.031], P([1, 3]) [1.0, 0.0, 0.0, 1.0], P([0, 1, 2]) [1.0, 0.0, 0.0, 1.0, 0.0, 0.0, 1.0, 0.0, 0.0, 0.0, 1.0, 0.0, 1.0, 0.0, 0.0, 0.0, 0.0, 1.0, 0.0, 1.0, 0.0, 1.0, 0.0, 0.0, 0.0, 1.0, 0.0, 0.0, 1.0, 0.0, 0.0, 1.0, 0.0, 0.0, 0.0, 1.0, 0.0, 0.0, 1.0, 1.0, 0.0, 0.0, 0.0, 0.0, 1.0, 0.0, 1.0, 0.0, 0.0, 0.0, 1.0, 0.0, 0.0, 1.0]]

1 1.0 0.5 121
/mnt/beegfs/rcabanas/dev/credici/papers/zeros/code/GenerateNparents.java
Removed 000
Removed 000
Removed 000
Removed 000
Removed 000
Removed 000
Removed 000
Removed 000
Removed 000
Removed 000
Removed 000
[2024-10-14T10:32:17.605628][INFO][seed52] PS(V1,V0) in [0.0, 0.5822085889570552]
Removed 000
Removed 000
[2024-10-14T10:32:17.617041][INFO][seed52] PN(V1,V0) in [0.0, 1.0] 
Removed 000
Removed 000
Error in variable: 2
[2024-10-14T10:32:17.606869][INFO][seed160] No feasible solution... resampling
[2024-10-14T10:32:17.660842][INFO][seed52] Saved data to: /mnt/beegfs/rcabanas/dev/credici/papers/zeros/models/s3/simple_nparents1_nzr10_zdr05_ysize3_52.csv
['genn.py', '1', '1.0', '0.5', '175', '3']
['genn.py', '1', '1.0', '0.5', '35', '3']
[2024-10-14T10:32:17.675712][INFO][seed160] Sampled 1100 data instances
[2024-10-14T10:32:17.675959][INFO][seed160] Starting exact inference 
[2024-10-14T10:32:17.687201][INFO][seed192] PS(V1,V0) in [0.23824579477432992, 1.0]
[2024-10-14T10:32:17.697699][INFO][seed52] Saved model to: /mnt/beegfs/rcabanas/dev/credici/papers/zeros/models/s3/simple_nparents1_nzr10_zdr05_ysize3_52.uai
[2024-10-14T10:32:17.699356][INFO][seed192] PN(V1,V0) in [0.23484609727912598, 0.9857302937983682] 
[2024-10-14T10:32:17.703704][INFO][seed52] Saved queries to: /mnt/beegfs/rcabanas/dev/credici/papers/zeros/models/s3/simple_nparents1_nzr10_zdr05_ysize3_52_query.csv
[2024-10-14T10:32:17.703924][INFO][seed52] Closing log file
[2024-10-14T10:32:17.704008][INFO][seed52] Closed log file
1 1.0 0.5 175
/mnt/beegfs/rcabanas/dev/credici/papers/zeros/code/GenerateNparents.java
1 1.0 0.5 35
/mnt/beegfs/rcabanas/dev/credici/papers/zeros/code/GenerateNparents.java
[2024-10-14T10:32:17.751019][INFO][seed119] PS(V1,V0) in [0.0, 0.495431031812409]
[2024-10-14T10:32:17.757829][INFO][seed192] Saved data to: /mnt/beegfs/rcabanas/dev/credici/papers/zeros/models/s3/simple_nparents1_nzr10_zdr05_ysize3_192.csv
['genn.py', '1', '1.0', '0.5', '138', '3']
['genn.py', '1', '1.0', '0.5', '57', '3']
['genn.py', '1', '1.0', '0.5', '45', '3']
['genn.py', '1', '1.0', '0.5', '195', '3']
[2024-10-14T10:32:17.769978][INFO][seed119] PN(V1,V0) in [0.0, 1.0] 
[2024-10-14T10:32:17.778638][INFO][seed192] Saved model to: /mnt/beegfs/rcabanas/dev/credici/papers/zeros/models/s3/simple_nparents1_nzr10_zdr05_ysize3_192.uai
[2024-10-14T10:32:17.784167][INFO][seed192] Saved queries to: /mnt/beegfs/rcabanas/dev/credici/papers/zeros/models/s3/simple_nparents1_nzr10_zdr05_ysize3_192_query.csv
[2024-10-14T10:32:17.784366][INFO][seed192] Closing log file
[2024-10-14T10:32:17.784449][INFO][seed192] Closed log file
1 1.0 0.5 57
1 1.0 0.5 138
1 1.0 0.5 45
1 1.0 0.5 195
/mnt/beegfs/rcabanas/dev/credici/papers/zeros/code/GenerateNparents.java
/mnt/beegfs/rcabanas/dev/credici/papers/zeros/code/GenerateNparents.java
[2024-10-14T10:32:17.804572][INFO][seed119] Saved data to: /mnt/beegfs/rcabanas/dev/credici/papers/zeros/models/s3/simple_nparents1_nzr10_zdr05_ysize3_119.csv
/mnt/beegfs/rcabanas/dev/credici/papers/zeros/code/GenerateNparents.java
/mnt/beegfs/rcabanas/dev/credici/papers/zeros/code/GenerateNparents.java
[2024-10-14T10:32:17.818623][INFO][seed119] Saved model to: /mnt/beegfs/rcabanas/dev/credici/papers/zeros/models/s3/simple_nparents1_nzr10_zdr05_ysize3_119.uai
['genn.py', '1', '1.0', '0.5', '194', '3']
[2024-10-14T10:32:17.823495][INFO][seed150] Sampled 1000 data instances
[2024-10-14T10:32:17.823633][INFO][seed150] Starting exact inference 
[2024-10-14T10:32:17.831507][INFO][seed119] Saved queries to: /mnt/beegfs/rcabanas/dev/credici/papers/zeros/models/s3/simple_nparents1_nzr10_zdr05_ysize3_119_query.csv
[2024-10-14T10:32:17.831559][INFO][seed119] Closing log file
[2024-10-14T10:32:17.831583][INFO][seed119] Closed log file
[2024-10-14T10:32:17.840138][INFO][seed72] PS(V1,V0) in [0.9405427176156672, 1.0]
[2024-10-14T10:32:17.859892][INFO][seed72] PN(V1,V0) in [0.3826788750281652, 0.40687027591716346] 
1 1.0 0.5 194
/mnt/beegfs/rcabanas/dev/credici/papers/zeros/code/GenerateNparents.java
[2024-10-14T10:32:17.880872][INFO][seed72] Saved data to: /mnt/beegfs/rcabanas/dev/credici/papers/zeros/models/s3/simple_nparents1_nzr10_zdr05_ysize3_72.csv
[2024-10-14T10:32:17.900315][INFO][seed72] Saved model to: /mnt/beegfs/rcabanas/dev/credici/papers/zeros/models/s3/simple_nparents1_nzr10_zdr05_ysize3_72.uai
[2024-10-14T10:32:17.904238][INFO][seed72] Saved queries to: /mnt/beegfs/rcabanas/dev/credici/papers/zeros/models/s3/simple_nparents1_nzr10_zdr05_ysize3_72_query.csv
[2024-10-14T10:32:17.904346][INFO][seed72] Closing log file
[2024-10-14T10:32:17.904426][INFO][seed72] Closed log file
['genn.py', '1', '1.0', '0.5', '90', '3']
1 1.0 0.5 90
/mnt/beegfs/rcabanas/dev/credici/papers/zeros/code/GenerateNparents.java
[2024-10-14T10:32:17.975466][INFO][seed58] PS(V1,V0) in [0.0, 1.0]
[2024-10-14T10:32:18.003989][INFO][seed58] PN(V1,V0) in [0.0, 0.5399081889530579] 
[2024-10-14T10:32:18.030785][INFO][seed200] PS(V1,V0) in [0.0, 1.0]
[2024-10-14T10:32:18.034905][INFO][seed32] PS(V1,V0) in [0.0, 0.44545218968644734]
[2024-10-14T10:32:18.043730][INFO][seed58] Saved data to: /mnt/beegfs/rcabanas/dev/credici/papers/zeros/models/s3/simple_nparents1_nzr10_zdr05_ysize3_58.csv
[2024-10-14T10:32:18.046164][INFO][seed32] PN(V1,V0) in [0.0, 1.0] 
[2024-10-14T10:32:18.055020][INFO][seed200] PN(V1,V0) in [0.0, 0.15807777426493838] 
[2024-10-14T10:32:18.075577][INFO][seed32] Saved data to: /mnt/beegfs/rcabanas/dev/credici/papers/zeros/models/s3/simple_nparents1_nzr10_zdr05_ysize3_32.csv
[2024-10-14T10:32:18.076598][INFO][seed58] Saved model to: /mnt/beegfs/rcabanas/dev/credici/papers/zeros/models/s3/simple_nparents1_nzr10_zdr05_ysize3_58.uai
[2024-10-14T10:32:18.083210][INFO][seed58] Saved queries to: /mnt/beegfs/rcabanas/dev/credici/papers/zeros/models/s3/simple_nparents1_nzr10_zdr05_ysize3_58_query.csv
[2024-10-14T10:32:18.083396][INFO][seed58] Closing log file
[2024-10-14T10:32:18.083480][INFO][seed58] Closed log file
[2024-10-14T10:32:18.089904][INFO][seed50] PS(V1,V0) in [0.5829732929473086, 1.0]
[2024-10-14T10:32:18.094975][INFO][seed32] Saved model to: /mnt/beegfs/rcabanas/dev/credici/papers/zeros/models/s3/simple_nparents1_nzr10_zdr05_ysize3_32.uai
[2024-10-14T10:32:18.099378][INFO][seed32] Saved queries to: /mnt/beegfs/rcabanas/dev/credici/papers/zeros/models/s3/simple_nparents1_nzr10_zdr05_ysize3_32_query.csv
[2024-10-14T10:32:18.099489][INFO][seed32] Closing log file
[2024-10-14T10:32:18.099566][INFO][seed32] Closed log file
[2024-10-14T10:32:18.106380][INFO][seed200] Saved data to: /mnt/beegfs/rcabanas/dev/credici/papers/zeros/models/s3/simple_nparents1_nzr10_zdr05_ysize3_200.csv
[2024-10-14T10:32:18.107114][INFO][seed50] PN(V1,V0) in [0.5202738861369157, 0.8924489207843352] 
[2024-10-14T10:32:18.130371][INFO][seed200] Saved model to: /mnt/beegfs/rcabanas/dev/credici/papers/zeros/models/s3/simple_nparents1_nzr10_zdr05_ysize3_200.uai
[2024-10-14T10:32:18.137912][INFO][seed200] Saved queries to: /mnt/beegfs/rcabanas/dev/credici/papers/zeros/models/s3/simple_nparents1_nzr10_zdr05_ysize3_200_query.csv
[2024-10-14T10:32:18.138187][INFO][seed200] Closing log file
[2024-10-14T10:32:18.138279][INFO][seed200] Closed log file
[2024-10-14T10:32:18.148389][INFO][seed160] PS(V1,V0) in [0.0, 1.0]
[2024-10-14T10:32:18.160584][INFO][seed50] Saved data to: /mnt/beegfs/rcabanas/dev/credici/papers/zeros/models/s3/simple_nparents1_nzr10_zdr05_ysize3_50.csv
[2024-10-14T10:32:18.161613][INFO][seed160] PN(V1,V0) in [0.0, 0.11812356740987705] 
['genn.py', '1', '1.0', '0.5', '168', '3']
[2024-10-14T10:32:18.196121][INFO][seed50] Saved model to: /mnt/beegfs/rcabanas/dev/credici/papers/zeros/models/s3/simple_nparents1_nzr10_zdr05_ysize3_50.uai
[2024-10-14T10:32:18.206587][INFO][seed50] Saved queries to: /mnt/beegfs/rcabanas/dev/credici/papers/zeros/models/s3/simple_nparents1_nzr10_zdr05_ysize3_50_query.csv
[2024-10-14T10:32:18.206671][INFO][seed50] Closing log file
[2024-10-14T10:32:18.206698][INFO][seed50] Closed log file
[2024-10-14T10:32:18.216958][INFO][seed160] Saved data to: /mnt/beegfs/rcabanas/dev/credici/papers/zeros/models/s3/simple_nparents1_nzr10_zdr05_ysize3_160.csv
['genn.py', '1', '1.0', '0.5', '183', '3']
1 1.0 0.5 168
/mnt/beegfs/rcabanas/dev/credici/papers/zeros/code/GenerateNparents.java
[2024-10-14T10:32:18.255916][INFO][seed160] Saved model to: /mnt/beegfs/rcabanas/dev/credici/papers/zeros/models/s3/simple_nparents1_nzr10_zdr05_ysize3_160.uai
1 1.0 0.5 183
/mnt/beegfs/rcabanas/dev/credici/papers/zeros/code/GenerateNparents.java
[2024-10-14T10:32:18.260657][INFO][seed160] Saved queries to: /mnt/beegfs/rcabanas/dev/credici/papers/zeros/models/s3/simple_nparents1_nzr10_zdr05_ysize3_160_query.csv
[2024-10-14T10:32:18.260726][INFO][seed160] Closing log file
[2024-10-14T10:32:18.260758][INFO][seed160] Closed log file
['genn.py', '1', '1.0', '0.5', '77', '3']
[2024-10-14T10:32:18.266774][INFO][seed135] PS(V1,V0) in [0.0, 1.0]
[2024-10-14T10:32:18.279920][INFO][seed135] PN(V1,V0) in [0.0, 0.02028289823139423] 
1 1.0 0.5 77
/mnt/beegfs/rcabanas/dev/credici/papers/zeros/code/GenerateNparents.java
['genn.py', '1', '1.0', '0.5', '79', '3']
[2024-10-14T10:32:18.326552][INFO][seed135] Saved data to: /mnt/beegfs/rcabanas/dev/credici/papers/zeros/models/s3/simple_nparents1_nzr10_zdr05_ysize3_135.csv
1 1.0 0.5 79
/mnt/beegfs/rcabanas/dev/credici/papers/zeros/code/GenerateNparents.java
[2024-10-14T10:32:18.363275][INFO][seed135] Saved model to: /mnt/beegfs/rcabanas/dev/credici/papers/zeros/models/s3/simple_nparents1_nzr10_zdr05_ysize3_135.uai
[2024-10-14T10:32:18.378862][INFO][seed135] Saved queries to: /mnt/beegfs/rcabanas/dev/credici/papers/zeros/models/s3/simple_nparents1_nzr10_zdr05_ysize3_135_query.csv
[2024-10-14T10:32:18.378947][INFO][seed135] Closing log file
[2024-10-14T10:32:18.378972][INFO][seed135] Closed log file
[2024-10-14T10:32:18.452094][INFO][seed0] PS(V1,V0) in [0.0, 0.967551622418879]
[2024-10-14T10:32:18.470051][INFO][seed0] PN(V1,V0) in [0.0, 1.0] 
['genn.py', '1', '1.0', '0.5', '181', '3']
[2024-10-14T10:32:18.518231][INFO][seed0] Saved data to: /mnt/beegfs/rcabanas/dev/credici/papers/zeros/models/s3/simple_nparents1_nzr10_zdr05_ysize3_0.csv
[2024-10-14T10:32:18.529297][INFO][seed143] PS(V1,V0) in [0.0, 0.16974117729971636]
[2024-10-14T10:32:18.532345][INFO][seed8] PS(V1,V0) in [0.0, 1.0]
[2024-10-14T10:32:18.540480][INFO][seed143] PN(V1,V0) in [0.0, 1.0] 
1 1.0 0.5 181
/mnt/beegfs/rcabanas/dev/credici/papers/zeros/code/GenerateNparents.java
[2024-10-14T10:32:18.550416][INFO][seed8] PN(V1,V0) in [0.0, 0.7930657930657931] 
[2024-10-14T10:32:18.554264][INFO][seed133] PS(V1,V0) in [0.0, 0.7454808061203765]
[2024-10-14T10:32:18.567580][INFO][seed0] Saved model to: /mnt/beegfs/rcabanas/dev/credici/papers/zeros/models/s3/simple_nparents1_nzr10_zdr05_ysize3_0.uai
[2024-10-14T10:32:18.573412][INFO][seed0] Saved queries to: /mnt/beegfs/rcabanas/dev/credici/papers/zeros/models/s3/simple_nparents1_nzr10_zdr05_ysize3_0_query.csv
[2024-10-14T10:32:18.573632][INFO][seed0] Closing log file
[2024-10-14T10:32:18.573720][INFO][seed0] Closed log file
[2024-10-14T10:32:18.579104][INFO][seed133] PN(V1,V0) in [0.0, 1.0] 
[2024-10-14T10:32:18.599808][INFO][seed143] Saved data to: /mnt/beegfs/rcabanas/dev/credici/papers/zeros/models/s3/simple_nparents1_nzr10_zdr05_ysize3_143.csv
[2024-10-14T10:32:18.604766][INFO][seed8] Saved data to: /mnt/beegfs/rcabanas/dev/credici/papers/zeros/models/s3/simple_nparents1_nzr10_zdr05_ysize3_8.csv
[2024-10-14T10:32:18.606568][INFO][seed117] PS(V1,V0) in [0.0, 1.0]
[2024-10-14T10:32:18.618877][INFO][seed117] PN(V1,V0) in [0.0, 0.3668711656441718] 
['genn.py', '1', '1.0', '0.5', '104', '3']
[2024-10-14T10:32:18.622915][INFO][seed143] Saved model to: /mnt/beegfs/rcabanas/dev/credici/papers/zeros/models/s3/simple_nparents1_nzr10_zdr05_ysize3_143.uai
[2024-10-14T10:32:18.630585][INFO][seed143] Saved queries to: /mnt/beegfs/rcabanas/dev/credici/papers/zeros/models/s3/simple_nparents1_nzr10_zdr05_ysize3_143_query.csv
[2024-10-14T10:32:18.630923][INFO][seed143] Closing log file
[2024-10-14T10:32:18.631010][INFO][seed143] Closed log file
[2024-10-14T10:32:18.633510][INFO][seed8] Saved model to: /mnt/beegfs/rcabanas/dev/credici/papers/zeros/models/s3/simple_nparents1_nzr10_zdr05_ysize3_8.uai
[2024-10-14T10:32:18.638641][INFO][seed133] Saved data to: /mnt/beegfs/rcabanas/dev/credici/papers/zeros/models/s3/simple_nparents1_nzr10_zdr05_ysize3_133.csv
[2024-10-14T10:32:18.640100][INFO][seed8] Saved queries to: /mnt/beegfs/rcabanas/dev/credici/papers/zeros/models/s3/simple_nparents1_nzr10_zdr05_ysize3_8_query.csv
[2024-10-14T10:32:18.640377][INFO][seed8] Closing log file
[2024-10-14T10:32:18.640463][INFO][seed8] Closed log file
Removed 000
Removed 000
Removed 000
Removed 000
Removed 000
Removed 000
Removed 000
Removed 000
Removed 000
Removed 000
Removed 000
Removed 000
Removed 000
Removed 000
Removed 000
1 1.0 0.5 104
Error in variable: 2
/mnt/beegfs/rcabanas/dev/credici/papers/zeros/code/GenerateNparents.java
[2024-10-14T10:32:18.666404][INFO][seed190] No feasible solution... resampling
[2024-10-14T10:32:18.667348][INFO][seed193] No feasible solution... resampling
[2024-10-14T10:32:18.670761][INFO][seed117] Saved data to: /mnt/beegfs/rcabanas/dev/credici/papers/zeros/models/s3/simple_nparents1_nzr10_zdr05_ysize3_117.csv
[2024-10-14T10:32:18.670939][INFO][seed133] Saved model to: /mnt/beegfs/rcabanas/dev/credici/papers/zeros/models/s3/simple_nparents1_nzr10_zdr05_ysize3_133.uai
[2024-10-14T10:32:18.680364][INFO][seed133] Saved queries to: /mnt/beegfs/rcabanas/dev/credici/papers/zeros/models/s3/simple_nparents1_nzr10_zdr05_ysize3_133_query.csv
[2024-10-14T10:32:18.680447][INFO][seed133] Closing log file
[2024-10-14T10:32:18.680473][INFO][seed133] Closed log file
['genn.py', '1', '1.0', '0.5', '92', '3']
[2024-10-14T10:32:18.697201][INFO][seed117] Saved model to: /mnt/beegfs/rcabanas/dev/credici/papers/zeros/models/s3/simple_nparents1_nzr10_zdr05_ysize3_117.uai
['genn.py', '1', '1.0', '0.5', '169', '3']
[2024-10-14T10:32:18.703824][INFO][seed117] Saved queries to: /mnt/beegfs/rcabanas/dev/credici/papers/zeros/models/s3/simple_nparents1_nzr10_zdr05_ysize3_117_query.csv
[2024-10-14T10:32:18.703899][INFO][seed117] Closing log file
[2024-10-14T10:32:18.703924][INFO][seed117] Closed log file
1 1.0 0.5 92
/mnt/beegfs/rcabanas/dev/credici/papers/zeros/code/GenerateNparents.java
1 1.0 0.5 169
/mnt/beegfs/rcabanas/dev/credici/papers/zeros/code/GenerateNparents.java
[2024-10-14T10:32:18.754455][INFO][seed78] PS(V1,V0) in [0.0, 0.9089875833672879]
[2024-10-14T10:32:18.763805][INFO][seed193] Sampled 1100 data instances
[2024-10-14T10:32:18.764182][INFO][seed193] Starting exact inference 
[2024-10-14T10:32:18.770221][INFO][seed78] PN(V1,V0) in [0.0, 1.0] 
[2024-10-14T10:32:18.772475][INFO][seed65] PS(V1,V0) in [0.0, 0.8660351190616111]
[2024-10-14T10:32:18.783813][INFO][seed190] Sampled 1100 data instances
[2024-10-14T10:32:18.784144][INFO][seed190] Starting exact inference 
[2024-10-14T10:32:18.784555][INFO][seed189] PS(V1,V0) in [0.593061453409182, 1.0]
['genn.py', '1', '1.0', '0.5', '171', '3']
[2024-10-14T10:32:18.789826][INFO][seed65] PN(V1,V0) in [0.0, 1.0] 
[2024-10-14T10:32:18.796278][INFO][seed189] PN(V1,V0) in [0.26197751377369843, 0.44173755058221165] 
1 1.0 0.5 171
[2024-10-14T10:32:18.826706][INFO][seed78] Saved data to: /mnt/beegfs/rcabanas/dev/credici/papers/zeros/models/s3/simple_nparents1_nzr10_zdr05_ysize3_78.csv
Removed 000
/mnt/beegfs/rcabanas/dev/credici/papers/zeros/code/GenerateNparents.java
Error in variable: 2
[2024-10-14T10:32:18.834921][INFO][seed97] No feasible solution... resampling
[2024-10-14T10:32:18.845406][INFO][seed65] Saved data to: /mnt/beegfs/rcabanas/dev/credici/papers/zeros/models/s3/simple_nparents1_nzr10_zdr05_ysize3_65.csv
[2024-10-14T10:32:18.847293][INFO][seed78] Saved model to: /mnt/beegfs/rcabanas/dev/credici/papers/zeros/models/s3/simple_nparents1_nzr10_zdr05_ysize3_78.uai
[2024-10-14T10:32:18.847531][INFO][seed189] Saved data to: /mnt/beegfs/rcabanas/dev/credici/papers/zeros/models/s3/simple_nparents1_nzr10_zdr05_ysize3_189.csv
[2024-10-14T10:32:18.862198][INFO][seed78] Saved queries to: /mnt/beegfs/rcabanas/dev/credici/papers/zeros/models/s3/simple_nparents1_nzr10_zdr05_ysize3_78_query.csv
[2024-10-14T10:32:18.862305][INFO][seed78] Closing log file
[2024-10-14T10:32:18.862332][INFO][seed78] Closed log file
[2024-10-14T10:32:18.867711][INFO][seed189] Saved model to: /mnt/beegfs/rcabanas/dev/credici/papers/zeros/models/s3/simple_nparents1_nzr10_zdr05_ysize3_189.uai
[2024-10-14T10:32:18.880101][INFO][seed189] Saved queries to: /mnt/beegfs/rcabanas/dev/credici/papers/zeros/models/s3/simple_nparents1_nzr10_zdr05_ysize3_189_query.csv
[2024-10-14T10:32:18.880217][INFO][seed189] Closing log file
[2024-10-14T10:32:18.880246][INFO][seed189] Closed log file
['genn.py', '1', '1.0', '0.5', '188', '3']
[2024-10-14T10:32:18.892672][INFO][seed65] Saved model to: /mnt/beegfs/rcabanas/dev/credici/papers/zeros/models/s3/simple_nparents1_nzr10_zdr05_ysize3_65.uai
[2024-10-14T10:32:18.901050][INFO][seed65] Saved queries to: /mnt/beegfs/rcabanas/dev/credici/papers/zeros/models/s3/simple_nparents1_nzr10_zdr05_ysize3_65_query.csv
[2024-10-14T10:32:18.901150][INFO][seed65] Closing log file
[2024-10-14T10:32:18.901177][INFO][seed65] Closed log file
1 1.0 0.5 188
/mnt/beegfs/rcabanas/dev/credici/papers/zeros/code/GenerateNparents.java
[2024-10-14T10:32:18.913402][INFO][seed15] PS(V1,V0) in [0.0, 1.0]
[2024-10-14T10:32:18.932101][INFO][seed141] PS(V1,V0) in [0.20992252681764004, 0.6997914183551848]
[2024-10-14T10:32:18.932524][INFO][seed15] PN(V1,V0) in [0.0, 0.0027203372816703474] 
[2024-10-14T10:32:18.945981][INFO][seed141] PN(V1,V0) in [0.29997870981477537, 1.0] 
[2024-10-14T10:32:18.949196][INFO][seed97] Sampled 1100 data instances
[2024-10-14T10:32:18.949539][INFO][seed97] Starting exact inference 
[2024-10-14T10:32:18.966594][INFO][seed142] PS(V1,V0) in [0.0, 1.0]
[2024-10-14T10:32:18.968778][INFO][seed93] PS(V1,V0) in [0.0, 0.0]
[2024-10-14T10:32:18.980313][INFO][seed142] PN(V1,V0) in [0.0, 0.04276804989206045] 
[2024-10-14T10:32:18.986018][INFO][seed15] Saved data to: /mnt/beegfs/rcabanas/dev/credici/papers/zeros/models/s3/simple_nparents1_nzr10_zdr05_ysize3_15.csv
[2024-10-14T10:32:18.989635][INFO][seed158] PS(V1,V0) in [0.0, 0.714895207249852]
[2024-10-14T10:32:19.008232][INFO][seed115] PS(V1,V0) in [0.6956927503920984, 0.9918858313134324]
[2024-10-14T10:32:19.011087][INFO][seed158] PN(V1,V0) in [0.0, 1.0] 
[2024-10-14T10:32:19.007810][INFO][seed93] No feasible solution... resampling
[2024-10-14T10:32:19.022646][INFO][seed115] PN(V1,V0) in [0.7013838976516865, 1.0] 
[2024-10-14T10:32:19.030115][INFO][seed142] Saved data to: /mnt/beegfs/rcabanas/dev/credici/papers/zeros/models/s3/simple_nparents1_nzr10_zdr05_ysize3_142.csv
[2024-10-14T10:32:19.041106][INFO][seed15] Saved model to: /mnt/beegfs/rcabanas/dev/credici/papers/zeros/models/s3/simple_nparents1_nzr10_zdr05_ysize3_15.uai
[2024-10-14T10:32:19.041141][INFO][seed141] Saved data to: /mnt/beegfs/rcabanas/dev/credici/papers/zeros/models/s3/simple_nparents1_nzr10_zdr05_ysize3_141.csv
[2024-10-14T10:32:19.046906][INFO][seed15] Saved queries to: /mnt/beegfs/rcabanas/dev/credici/papers/zeros/models/s3/simple_nparents1_nzr10_zdr05_ysize3_15_query.csv
[2024-10-14T10:32:19.047237][INFO][seed15] Closing log file
[2024-10-14T10:32:19.047325][INFO][seed15] Closed log file
[2024-10-14T10:32:19.058247][INFO][seed142] Saved model to: /mnt/beegfs/rcabanas/dev/credici/papers/zeros/models/s3/simple_nparents1_nzr10_zdr05_ysize3_142.uai
[2024-10-14T10:32:19.061584][INFO][seed141] Saved model to: /mnt/beegfs/rcabanas/dev/credici/papers/zeros/models/s3/simple_nparents1_nzr10_zdr05_ysize3_141.uai
[2024-10-14T10:32:19.064109][INFO][seed142] Saved queries to: /mnt/beegfs/rcabanas/dev/credici/papers/zeros/models/s3/simple_nparents1_nzr10_zdr05_ysize3_142_query.csv
[2024-10-14T10:32:19.064383][INFO][seed142] Closing log file
[2024-10-14T10:32:19.064472][INFO][seed142] Closed log file
[2024-10-14T10:32:19.067044][INFO][seed158] Saved data to: /mnt/beegfs/rcabanas/dev/credici/papers/zeros/models/s3/simple_nparents1_nzr10_zdr05_ysize3_158.csv
[2024-10-14T10:32:19.070281][INFO][seed193] PS(V1,V0) in [0.0, 0.8609271523178808]
[2024-10-14T10:32:19.076454][INFO][seed141] Saved queries to: /mnt/beegfs/rcabanas/dev/credici/papers/zeros/models/s3/simple_nparents1_nzr10_zdr05_ysize3_141_query.csv
[2024-10-14T10:32:19.076543][INFO][seed141] Closing log file
[2024-10-14T10:32:19.076569][INFO][seed141] Closed log file
[2024-10-14T10:32:19.082341][INFO][seed93] Sampled 1100 data instances
[2024-10-14T10:32:19.082818][INFO][seed93] Starting exact inference 
[2024-10-14T10:32:19.086097][INFO][seed115] Saved data to: /mnt/beegfs/rcabanas/dev/credici/papers/zeros/models/s3/simple_nparents1_nzr10_zdr05_ysize3_115.csv
[2024-10-14T10:32:19.090223][INFO][seed193] PN(V1,V0) in [0.0, 1.0] 
[2024-10-14T10:32:19.095213][INFO][seed158] Saved model to: /mnt/beegfs/rcabanas/dev/credici/papers/zeros/models/s3/simple_nparents1_nzr10_zdr05_ysize3_158.uai
[2024-10-14T10:32:19.100515][INFO][seed158] Saved queries to: /mnt/beegfs/rcabanas/dev/credici/papers/zeros/models/s3/simple_nparents1_nzr10_zdr05_ysize3_158_query.csv
[2024-10-14T10:32:19.100811][INFO][seed158] Closing log file
[2024-10-14T10:32:19.100900][INFO][seed158] Closed log file
[2024-10-14T10:32:19.108266][INFO][seed115] Saved model to: /mnt/beegfs/rcabanas/dev/credici/papers/zeros/models/s3/simple_nparents1_nzr10_zdr05_ysize3_115.uai
[2024-10-14T10:32:19.113769][INFO][seed115] Saved queries to: /mnt/beegfs/rcabanas/dev/credici/papers/zeros/models/s3/simple_nparents1_nzr10_zdr05_ysize3_115_query.csv
[2024-10-14T10:32:19.114038][INFO][seed115] Closing log file
[2024-10-14T10:32:19.114128][INFO][seed115] Closed log file
[2024-10-14T10:32:19.134757][INFO][seed187] PS(V1,V0) in [0.0, 1.0]
['genn.py', '1', '1.0', '0.5', '108', '3']
[2024-10-14T10:32:19.141907][INFO][seed193] Saved data to: /mnt/beegfs/rcabanas/dev/credici/papers/zeros/models/s3/simple_nparents1_nzr10_zdr05_ysize3_193.csv
['genn.py', '1', '1.0', '0.5', '48', '3']
[2024-10-14T10:32:19.157016][INFO][seed193] Saved model to: /mnt/beegfs/rcabanas/dev/credici/papers/zeros/models/s3/simple_nparents1_nzr10_zdr05_ysize3_193.uai
[2024-10-14T10:32:19.162021][INFO][seed187] PN(V1,V0) in [0.0, 0.6591981599714479] 
[2024-10-14T10:32:19.166241][INFO][seed193] Saved queries to: /mnt/beegfs/rcabanas/dev/credici/papers/zeros/models/s3/simple_nparents1_nzr10_zdr05_ysize3_193_query.csv
[2024-10-14T10:32:19.166199][INFO][seed85] PS(V1,V0) in [0.0, 0.9138078902229845]
[2024-10-14T10:32:19.166559][INFO][seed193] Closing log file
[2024-10-14T10:32:19.166867][INFO][seed147] PS(V1,V0) in [0.9044732015488078, 0.9234257183615243]
[2024-10-14T10:32:19.166648][INFO][seed193] Closed log file
[2024-10-14T10:32:19.167634][INFO][seed179] PS(V1,V0) in [0.0, 1.0]
[2024-10-14T10:32:19.167914][INFO][seed123] PS(V1,V0) in [0.7860731417960488, 0.817692268014649]
[2024-10-14T10:32:19.169455][INFO][seed190] PS(V1,V0) in [0.0, 1.0]
[2024-10-14T10:32:19.170918][INFO][seed118] PS(V1,V0) in [0.0, 0.08160889206265427]
[2024-10-14T10:32:19.171796][INFO][seed34] PS(V1,V0) in [0.0, 0.013463619581131835]
[2024-10-14T10:32:19.172208][INFO][seed75] PS(V1,V0) in [0.0, 0.043511893250821894]
[2024-10-14T10:32:19.178061][INFO][seed147] PN(V1,V0) in [0.9794758620689655, 1.0] 
[2024-10-14T10:32:19.178875][INFO][seed85] PN(V1,V0) in [0.0, 1.0] 
1 1.0 0.5 108
/mnt/beegfs/rcabanas/dev/credici/papers/zeros/code/GenerateNparents.java
[2024-10-14T10:32:19.182306][INFO][seed190] PN(V1,V0) in [0.0, 0.4518430439952437] 
1 1.0 0.5 48
/mnt/beegfs/rcabanas/dev/credici/papers/zeros/code/GenerateNparents.java
[2024-10-14T10:32:19.184253][INFO][seed34] PN(V1,V0) in [0.0, 1.0] 
[2024-10-14T10:32:19.190883][INFO][seed75] PN(V1,V0) in [0.0, 1.0] 
[2024-10-14T10:32:19.190997][INFO][seed179] PN(V1,V0) in [0.0, 0.45581659140981173] 
[2024-10-14T10:32:19.192980][INFO][seed123] PN(V1,V0) in [0.9613312642721068, 1.0] 
[2024-10-14T10:32:19.194245][INFO][seed118] PN(V1,V0) in [0.0, 1.0] 
['genn.py', '1', '1.0', '0.5', '178', '3']
['genn.py', '1', '1.0', '0.5', '185', '3']
[2024-10-14T10:32:19.206062][INFO][seed187] Saved data to: /mnt/beegfs/rcabanas/dev/credici/papers/zeros/models/s3/simple_nparents1_nzr10_zdr05_ysize3_187.csv
[2024-10-14T10:32:19.224772][INFO][seed187] Saved model to: /mnt/beegfs/rcabanas/dev/credici/papers/zeros/models/s3/simple_nparents1_nzr10_zdr05_ysize3_187.uai
[2024-10-14T10:32:19.224641][INFO][seed147] Saved data to: /mnt/beegfs/rcabanas/dev/credici/papers/zeros/models/s3/simple_nparents1_nzr10_zdr05_ysize3_147.csv
[2024-10-14T10:32:19.232146][INFO][seed179] Saved data to: /mnt/beegfs/rcabanas/dev/credici/papers/zeros/models/s3/simple_nparents1_nzr10_zdr05_ysize3_179.csv
[2024-10-14T10:32:19.236075][INFO][seed75] Saved data to: /mnt/beegfs/rcabanas/dev/credici/papers/zeros/models/s3/simple_nparents1_nzr10_zdr05_ysize3_75.csv
[2024-10-14T10:32:19.238025][INFO][seed118] Saved data to: /mnt/beegfs/rcabanas/dev/credici/papers/zeros/models/s3/simple_nparents1_nzr10_zdr05_ysize3_118.csv
1 1.0 0.5 178
/mnt/beegfs/rcabanas/dev/credici/papers/zeros/code/GenerateNparents.java
[2024-10-14T10:32:19.239697][INFO][seed187] Saved queries to: /mnt/beegfs/rcabanas/dev/credici/papers/zeros/models/s3/simple_nparents1_nzr10_zdr05_ysize3_187_query.csv
[2024-10-14T10:32:19.239825][INFO][seed187] Closing log file
[2024-10-14T10:32:19.239851][INFO][seed187] Closed log file
[2024-10-14T10:32:19.240702][INFO][seed190] Saved data to: /mnt/beegfs/rcabanas/dev/credici/papers/zeros/models/s3/simple_nparents1_nzr10_zdr05_ysize3_190.csv
[2024-10-14T10:32:19.243007][INFO][seed34] Saved data to: /mnt/beegfs/rcabanas/dev/credici/papers/zeros/models/s3/simple_nparents1_nzr10_zdr05_ysize3_34.csv
1 1.0 0.5 185
/mnt/beegfs/rcabanas/dev/credici/papers/zeros/code/GenerateNparents.java
[2024-10-14T10:32:19.244033][INFO][seed123] Saved data to: /mnt/beegfs/rcabanas/dev/credici/papers/zeros/models/s3/simple_nparents1_nzr10_zdr05_ysize3_123.csv
[2024-10-14T10:32:19.245014][INFO][seed85] Saved data to: /mnt/beegfs/rcabanas/dev/credici/papers/zeros/models/s3/simple_nparents1_nzr10_zdr05_ysize3_85.csv
[2024-10-14T10:32:19.245918][INFO][seed147] Saved model to: /mnt/beegfs/rcabanas/dev/credici/papers/zeros/models/s3/simple_nparents1_nzr10_zdr05_ysize3_147.uai
[2024-10-14T10:32:19.250989][INFO][seed147] Saved queries to: /mnt/beegfs/rcabanas/dev/credici/papers/zeros/models/s3/simple_nparents1_nzr10_zdr05_ysize3_147_query.csv
[2024-10-14T10:32:19.251147][INFO][seed147] Closing log file
[2024-10-14T10:32:19.251233][INFO][seed147] Closed log file
['genn.py', '1', '1.0', '0.5', '26', '3']
[2024-10-14T10:32:19.258612][INFO][seed97] PS(V1,V0) in [0.0, 0.0]
[2024-10-14T10:32:19.259777][INFO][seed118] Saved model to: /mnt/beegfs/rcabanas/dev/credici/papers/zeros/models/s3/simple_nparents1_nzr10_zdr05_ysize3_118.uai
[2024-10-14T10:32:19.262508][INFO][seed75] Saved model to: /mnt/beegfs/rcabanas/dev/credici/papers/zeros/models/s3/simple_nparents1_nzr10_zdr05_ysize3_75.uai
[2024-10-14T10:32:19.264564][INFO][seed97] No feasible solution... resampling
[2024-10-14T10:32:19.270540][INFO][seed75] Saved queries to: /mnt/beegfs/rcabanas/dev/credici/papers/zeros/models/s3/simple_nparents1_nzr10_zdr05_ysize3_75_query.csv
[2024-10-14T10:32:19.270638][INFO][seed75] Closing log file
[2024-10-14T10:32:19.270666][INFO][seed75] Closed log file
[2024-10-14T10:32:19.271086][INFO][seed118] Saved queries to: /mnt/beegfs/rcabanas/dev/credici/papers/zeros/models/s3/simple_nparents1_nzr10_zdr05_ysize3_118_query.csv
[2024-10-14T10:32:19.271201][INFO][seed118] Closing log file
[2024-10-14T10:32:19.271227][INFO][seed118] Closed log file
[2024-10-14T10:32:19.280286][INFO][seed85] Saved model to: /mnt/beegfs/rcabanas/dev/credici/papers/zeros/models/s3/simple_nparents1_nzr10_zdr05_ysize3_85.uai
[2024-10-14T10:32:19.280339][INFO][seed190] Saved model to: /mnt/beegfs/rcabanas/dev/credici/papers/zeros/models/s3/simple_nparents1_nzr10_zdr05_ysize3_190.uai
[2024-10-14T10:32:19.280431][INFO][seed34] Saved model to: /mnt/beegfs/rcabanas/dev/credici/papers/zeros/models/s3/simple_nparents1_nzr10_zdr05_ysize3_34.uai
[2024-10-14T10:32:19.282016][INFO][seed123] Saved model to: /mnt/beegfs/rcabanas/dev/credici/papers/zeros/models/s3/simple_nparents1_nzr10_zdr05_ysize3_123.uai
[2024-10-14T10:32:19.282678][INFO][seed179] Saved model to: /mnt/beegfs/rcabanas/dev/credici/papers/zeros/models/s3/simple_nparents1_nzr10_zdr05_ysize3_179.uai
[2024-10-14T10:32:19.284439][INFO][seed93] PS(V1,V0) in [0.0, 0.0]
[2024-10-14T10:32:19.290879][INFO][seed93] No feasible solution... resampling
1 1.0 0.5 26
/mnt/beegfs/rcabanas/dev/credici/papers/zeros/code/GenerateNparents.java
[2024-10-14T10:32:19.292559][INFO][seed123] Saved queries to: /mnt/beegfs/rcabanas/dev/credici/papers/zeros/models/s3/simple_nparents1_nzr10_zdr05_ysize3_123_query.csv
[2024-10-14T10:32:19.292659][INFO][seed123] Closing log file
[2024-10-14T10:32:19.292685][INFO][seed123] Closed log file
[2024-10-14T10:32:19.292035][INFO][seed190] Saved queries to: /mnt/beegfs/rcabanas/dev/credici/papers/zeros/models/s3/simple_nparents1_nzr10_zdr05_ysize3_190_query.csv
[2024-10-14T10:32:19.292129][INFO][seed190] Closing log file
[2024-10-14T10:32:19.292155][INFO][seed190] Closed log file
[2024-10-14T10:32:19.293121][INFO][seed34] Saved queries to: /mnt/beegfs/rcabanas/dev/credici/papers/zeros/models/s3/simple_nparents1_nzr10_zdr05_ysize3_34_query.csv
[2024-10-14T10:32:19.293218][INFO][seed34] Closing log file
[2024-10-14T10:32:19.293245][INFO][seed34] Closed log file
[2024-10-14T10:32:19.293541][INFO][seed179] Saved queries to: /mnt/beegfs/rcabanas/dev/credici/papers/zeros/models/s3/simple_nparents1_nzr10_zdr05_ysize3_179_query.csv
[2024-10-14T10:32:19.293941][INFO][seed179] Closing log file
[2024-10-14T10:32:19.294029][INFO][seed179] Closed log file
[2024-10-14T10:32:19.293719][INFO][seed85] Saved queries to: /mnt/beegfs/rcabanas/dev/credici/papers/zeros/models/s3/simple_nparents1_nzr10_zdr05_ysize3_85_query.csv
[2024-10-14T10:32:19.293853][INFO][seed85] Closing log file
[2024-10-14T10:32:19.293880][INFO][seed85] Closed log file
['genn.py', '1', '1.0', '0.5', '136', '3']
[2024-10-14T10:32:19.307829][INFO][seed16] PS(V1,V0) in [0.0, 0.0049572185250577215]
[2024-10-14T10:32:19.319076][INFO][seed16] PN(V1,V0) in [0.0, 1.0] 
1 1.0 0.5 136
/mnt/beegfs/rcabanas/dev/credici/papers/zeros/code/GenerateNparents.java
[2024-10-14T10:32:19.362544][INFO][seed93] Sampled 1200 data instances
[2024-10-14T10:32:19.362857][INFO][seed93] Starting exact inference 
[2024-10-14T10:32:19.363208][INFO][seed97] Sampled 1200 data instances
[2024-10-14T10:32:19.363520][INFO][seed97] Starting exact inference 
[2024-10-14T10:32:19.366007][INFO][seed16] Saved data to: /mnt/beegfs/rcabanas/dev/credici/papers/zeros/models/s3/simple_nparents1_nzr10_zdr05_ysize3_16.csv
[2024-10-14T10:32:19.347812][INFO][seed27] Set up logging
[2024-10-14T10:32:19.370296][INFO][seed17] PS(V1,V0) in [0.0, 0.038227004868050224]
[2024-10-14T10:32:19.370784][INFO][seed27] args: -np;1;-nzr;1.0;-zdr;0.5;-o;/mnt/beegfs/rcabanas/dev/credici/papers/zeros/models/s3;-rw;-s;27;-ys;3
[2024-10-14T10:32:19.372868][INFO][seed107] PS(V1,V0) in [0.0, 1.0]
[2024-10-14T10:32:19.373953][INFO][seed27] Starting logger with seed 27
[2024-10-14T10:32:19.377375][INFO][seed16] Saved model to: /mnt/beegfs/rcabanas/dev/credici/papers/zeros/models/s3/simple_nparents1_nzr10_zdr05_ysize3_16.uai
[2024-10-14T10:32:19.381531][INFO][seed16] Saved queries to: /mnt/beegfs/rcabanas/dev/credici/papers/zeros/models/s3/simple_nparents1_nzr10_zdr05_ysize3_16_query.csv
[2024-10-14T10:32:19.381644][INFO][seed16] Closing log file
[2024-10-14T10:32:19.381730][INFO][seed16] Closed log file
['genn.py', '1', '1.0', '0.5', '84', '3']
[2024-10-14T10:32:19.392170][INFO][seed17] PN(V1,V0) in [0.0, 1.0] 
[2024-10-14T10:32:19.397766][INFO][seed107] PN(V1,V0) in [0.0, 0.1025] 
[2024-10-14T10:32:19.398319][INFO][seed27] simple_nparents1_nzr10_zdr05_ysize3_27
['genn.py', '1', '1.0', '0.5', '60', '3']
1 1.0 0.5 84
/mnt/beegfs/rcabanas/dev/credici/papers/zeros/code/GenerateNparents.java
[2024-10-14T10:32:19.442995][INFO][seed17] Saved data to: /mnt/beegfs/rcabanas/dev/credici/papers/zeros/models/s3/simple_nparents1_nzr10_zdr05_ysize3_17.csv
[2024-10-14T10:32:19.442331][INFO][seed107] Saved data to: /mnt/beegfs/rcabanas/dev/credici/papers/zeros/models/s3/simple_nparents1_nzr10_zdr05_ysize3_107.csv
[2024-10-14T10:32:19.456151][INFO][seed107] Saved model to: /mnt/beegfs/rcabanas/dev/credici/papers/zeros/models/s3/simple_nparents1_nzr10_zdr05_ysize3_107.uai
[2024-10-14T10:32:19.456227][INFO][seed17] Saved model to: /mnt/beegfs/rcabanas/dev/credici/papers/zeros/models/s3/simple_nparents1_nzr10_zdr05_ysize3_17.uai
1 1.0 0.5 60
/mnt/beegfs/rcabanas/dev/credici/papers/zeros/code/GenerateNparents.java
[2024-10-14T10:32:19.467398][INFO][seed17] Saved queries to: /mnt/beegfs/rcabanas/dev/credici/papers/zeros/models/s3/simple_nparents1_nzr10_zdr05_ysize3_17_query.csv
[2024-10-14T10:32:19.467480][INFO][seed17] Closing log file
[2024-10-14T10:32:19.467505][INFO][seed17] Closed log file
[2024-10-14T10:32:19.467659][INFO][seed107] Saved queries to: /mnt/beegfs/rcabanas/dev/credici/papers/zeros/models/s3/simple_nparents1_nzr10_zdr05_ysize3_107_query.csv
[2024-10-14T10:32:19.467774][INFO][seed107] Closing log file
[2024-10-14T10:32:19.467801][INFO][seed107] Closed log file
[2024-10-14T10:32:19.453866][INFO][seed152] Set up logging
[2024-10-14T10:32:19.488844][INFO][seed152] args: -np;1;-nzr;1.0;-zdr;0.5;-o;/mnt/beegfs/rcabanas/dev/credici/papers/zeros/models/s3;-rw;-s;152;-ys;3
[2024-10-14T10:32:19.491112][INFO][seed152] Starting logger with seed 152
[2024-10-14T10:32:19.500981][INFO][seed152] simple_nparents1_nzr10_zdr05_ysize3_152
['genn.py', '1', '1.0', '0.5', '197', '3']
[2024-10-14T10:32:19.539561][INFO][seed97] PS(V1,V0) in [0.0, 0.7374631268436579]
[2024-10-14T10:32:19.546968][INFO][seed97] PN(V1,V0) in [0.0, 1.0] 
['genn.py', '1', '1.0', '0.5', '196', '3']
[2024-10-14T10:32:19.551026][INFO][seed93] PS(V1,V0) in [0.0, 0.009714704677290666]
[2024-10-14T10:32:19.560857][INFO][seed93] PN(V1,V0) in [0.0, 1.0] 
1 1.0 0.5 197
/mnt/beegfs/rcabanas/dev/credici/papers/zeros/code/GenerateNparents.java
[2024-10-14T10:32:19.586031][INFO][seed97] Saved data to: /mnt/beegfs/rcabanas/dev/credici/papers/zeros/models/s3/simple_nparents1_nzr10_zdr05_ysize3_97.csv
1 1.0 0.5 196
/mnt/beegfs/rcabanas/dev/credici/papers/zeros/code/GenerateNparents.java
[2024-10-14T10:32:19.600497][INFO][seed97] Saved model to: /mnt/beegfs/rcabanas/dev/credici/papers/zeros/models/s3/simple_nparents1_nzr10_zdr05_ysize3_97.uai
[2024-10-14T10:32:19.606173][INFO][seed93] Saved data to: /mnt/beegfs/rcabanas/dev/credici/papers/zeros/models/s3/simple_nparents1_nzr10_zdr05_ysize3_93.csv
[2024-10-14T10:32:19.618954][INFO][seed97] Saved queries to: /mnt/beegfs/rcabanas/dev/credici/papers/zeros/models/s3/simple_nparents1_nzr10_zdr05_ysize3_97_query.csv
[2024-10-14T10:32:19.619042][INFO][seed97] Closing log file
[2024-10-14T10:32:19.619069][INFO][seed97] Closed log file
[2024-10-14T10:32:19.626121][INFO][seed93] Saved model to: /mnt/beegfs/rcabanas/dev/credici/papers/zeros/models/s3/simple_nparents1_nzr10_zdr05_ysize3_93.uai
[2024-10-14T10:32:19.630238][INFO][seed93] Saved queries to: /mnt/beegfs/rcabanas/dev/credici/papers/zeros/models/s3/simple_nparents1_nzr10_zdr05_ysize3_93_query.csv
[2024-10-14T10:32:19.630355][INFO][seed93] Closing log file
[2024-10-14T10:32:19.630438][INFO][seed93] Closed log file
[2024-10-14T10:32:19.722246][INFO][seed27] U cardinality: 9
[2024-10-14T10:32:19.731355][INFO][seed27] !0 = [0, 1, 2, 3, 4, 5, 6, 7, 8]
[2024-10-14T10:32:19.731896][INFO][seed27] 0 = []
[2024-10-14T10:32:19.733810][INFO][seed27] U cardinality: 9
[2024-10-14T10:32:19.750252][INFO][seed27] 
[P([3]) [0.132, 0.868], P([2]) [0.093, 0.224, 0.028, 0.002, 0.03, 0.427, 0.054, 0.134, 0.008], P([1, 3]) [1.0, 0.0, 0.0, 1.0], P([0, 1, 2]) [1.0, 0.0, 0.0, 1.0, 0.0, 0.0, 1.0, 0.0, 0.0, 0.0, 1.0, 0.0, 1.0, 0.0, 0.0, 0.0, 0.0, 1.0, 0.0, 1.0, 0.0, 1.0, 0.0, 0.0, 0.0, 1.0, 0.0, 0.0, 1.0, 0.0, 0.0, 1.0, 0.0, 0.0, 0.0, 1.0, 0.0, 0.0, 1.0, 1.0, 0.0, 0.0, 0.0, 0.0, 1.0, 0.0, 1.0, 0.0, 0.0, 0.0, 1.0, 0.0, 0.0, 1.0]]

[2024-10-14T10:32:19.806271][INFO][seed152] U cardinality: 9
[2024-10-14T10:32:19.822727][INFO][seed152] !0 = [0, 1, 2, 3, 4, 5, 6, 7, 8]
[2024-10-14T10:32:19.823276][INFO][seed152] 0 = []
[2024-10-14T10:32:19.827688][INFO][seed152] U cardinality: 9
[2024-10-14T10:32:19.834583][INFO][seed152] 
[P([3]) [0.131, 0.869], P([2]) [0.002, 0.021, 0.004, 0.031, 0.005, 0.859, 0.074, 0.001, 0.003], P([1, 3]) [1.0, 0.0, 0.0, 1.0], P([0, 1, 2]) [1.0, 0.0, 0.0, 1.0, 0.0, 0.0, 1.0, 0.0, 0.0, 0.0, 1.0, 0.0, 1.0, 0.0, 0.0, 0.0, 0.0, 1.0, 0.0, 1.0, 0.0, 1.0, 0.0, 0.0, 0.0, 1.0, 0.0, 0.0, 1.0, 0.0, 0.0, 1.0, 0.0, 0.0, 0.0, 1.0, 0.0, 0.0, 1.0, 1.0, 0.0, 0.0, 0.0, 0.0, 1.0, 0.0, 1.0, 0.0, 0.0, 0.0, 1.0, 0.0, 0.0, 1.0]]

[2024-10-14T10:32:19.859977][INFO][seed122] Set up logging
[2024-10-14T10:32:19.882945][INFO][seed122] args: -np;1;-nzr;1.0;-zdr;0.5;-o;/mnt/beegfs/rcabanas/dev/credici/papers/zeros/models/s3;-rw;-s;122;-ys;3
[2024-10-14T10:32:19.885734][INFO][seed122] Starting logger with seed 122
[2024-10-14T10:32:19.900159][INFO][seed122] simple_nparents1_nzr10_zdr05_ysize3_122
[2024-10-14T10:32:19.963427][INFO][seed27] Sampled 1000 data instances
[2024-10-14T10:32:19.963714][INFO][seed27] Starting exact inference 
[2024-10-14T10:32:19.970571][INFO][seed150] PS(V1,V0) in [0.0, 0.5544742463802517]
[2024-10-14T10:32:19.987263][INFO][seed150] PN(V1,V0) in [0.0, 1.0] 
[2024-10-14T10:32:20.038004][INFO][seed150] Saved data to: /mnt/beegfs/rcabanas/dev/credici/papers/zeros/models/s3/simple_nparents1_nzr10_zdr05_ysize3_150.csv
[2024-10-14T10:32:20.040358][INFO][seed152] Sampled 1000 data instances
[2024-10-14T10:32:20.040679][INFO][seed152] Starting exact inference 
[2024-10-14T10:32:20.049374][INFO][seed150] Saved model to: /mnt/beegfs/rcabanas/dev/credici/papers/zeros/models/s3/simple_nparents1_nzr10_zdr05_ysize3_150.uai
[2024-10-14T10:32:20.053704][INFO][seed150] Saved queries to: /mnt/beegfs/rcabanas/dev/credici/papers/zeros/models/s3/simple_nparents1_nzr10_zdr05_ysize3_150_query.csv
[2024-10-14T10:32:20.053970][INFO][seed150] Closing log file
[2024-10-14T10:32:20.054079][INFO][seed150] Closed log file
[2024-10-14T10:32:20.099438][INFO][seed186] Set up logging
[2024-10-14T10:32:20.123889][INFO][seed186] args: -np;1;-nzr;1.0;-zdr;0.5;-o;/mnt/beegfs/rcabanas/dev/credici/papers/zeros/models/s3;-rw;-s;186;-ys;3
[2024-10-14T10:32:20.127402][INFO][seed186] Starting logger with seed 186
[2024-10-14T10:32:20.144328][INFO][seed186] simple_nparents1_nzr10_zdr05_ysize3_186
[2024-10-14T10:32:20.176622][INFO][seed122] U cardinality: 9
[2024-10-14T10:32:20.181933][INFO][seed122] !0 = [0, 1, 2, 3, 4, 5, 6, 7, 8]
[2024-10-14T10:32:20.182400][INFO][seed122] 0 = []
[2024-10-14T10:32:20.186246][INFO][seed122] U cardinality: 9
[2024-10-14T10:32:20.235129][INFO][seed122] 
[P([3]) [0.017, 0.983], P([2]) [0.002, 0.003, 0.011, 0.003, 0.059, 0.044, 0.001, 0.001, 0.876], P([1, 3]) [1.0, 0.0, 0.0, 1.0], P([0, 1, 2]) [1.0, 0.0, 0.0, 1.0, 0.0, 0.0, 1.0, 0.0, 0.0, 0.0, 1.0, 0.0, 1.0, 0.0, 0.0, 0.0, 0.0, 1.0, 0.0, 1.0, 0.0, 1.0, 0.0, 0.0, 0.0, 1.0, 0.0, 0.0, 1.0, 0.0, 0.0, 1.0, 0.0, 0.0, 0.0, 1.0, 0.0, 0.0, 1.0, 1.0, 0.0, 0.0, 0.0, 0.0, 1.0, 0.0, 1.0, 0.0, 0.0, 0.0, 1.0, 0.0, 0.0, 1.0]]

[2024-10-14T10:32:20.291513][INFO][seed168] Set up logging
[2024-10-14T10:32:20.304396][INFO][seed168] args: -np;1;-nzr;1.0;-zdr;0.5;-o;/mnt/beegfs/rcabanas/dev/credici/papers/zeros/models/s3;-rw;-s;168;-ys;3
[2024-10-14T10:32:20.307881][INFO][seed168] Starting logger with seed 168
[2024-10-14T10:32:20.293031][INFO][seed77] Set up logging
[2024-10-14T10:32:20.311525][INFO][seed77] args: -np;1;-nzr;1.0;-zdr;0.5;-o;/mnt/beegfs/rcabanas/dev/credici/papers/zeros/models/s3;-rw;-s;77;-ys;3
[2024-10-14T10:32:20.312952][INFO][seed77] Starting logger with seed 77
[2024-10-14T10:32:20.320923][INFO][seed168] simple_nparents1_nzr10_zdr05_ysize3_168
[2024-10-14T10:32:20.328752][INFO][seed77] simple_nparents1_nzr10_zdr05_ysize3_77
[2024-10-14T10:32:20.353883][INFO][seed105] Set up logging
[2024-10-14T10:32:20.369439][INFO][seed105] args: -np;1;-nzr;1.0;-zdr;0.5;-o;/mnt/beegfs/rcabanas/dev/credici/papers/zeros/models/s3;-rw;-s;105;-ys;3
[2024-10-14T10:32:20.374190][INFO][seed105] Starting logger with seed 105
[2024-10-14T10:32:20.382576][INFO][seed105] simple_nparents1_nzr10_zdr05_ysize3_105
[2024-10-14T10:32:20.457319][INFO][seed186] U cardinality: 9
[2024-10-14T10:32:20.463184][INFO][seed186] !0 = [0, 1, 2, 3, 4, 5, 6, 7, 8]
[2024-10-14T10:32:20.463652][INFO][seed186] 0 = []
[2024-10-14T10:32:20.465494][INFO][seed186] U cardinality: 9
[2024-10-14T10:32:20.467388][INFO][seed122] Sampled 1000 data instances
[2024-10-14T10:32:20.467486][INFO][seed122] Starting exact inference 
[2024-10-14T10:32:20.476284][INFO][seed186] 
[P([3]) [0.567, 0.433], P([2]) [0.007, 0.002, 0.293, 0.002, 0.069, 0.003, 0.265, 0.218, 0.141], P([1, 3]) [1.0, 0.0, 0.0, 1.0], P([0, 1, 2]) [1.0, 0.0, 0.0, 1.0, 0.0, 0.0, 1.0, 0.0, 0.0, 0.0, 1.0, 0.0, 1.0, 0.0, 0.0, 0.0, 0.0, 1.0, 0.0, 1.0, 0.0, 1.0, 0.0, 0.0, 0.0, 1.0, 0.0, 0.0, 1.0, 0.0, 0.0, 1.0, 0.0, 0.0, 0.0, 1.0, 0.0, 0.0, 1.0, 1.0, 0.0, 0.0, 0.0, 0.0, 1.0, 0.0, 1.0, 0.0, 0.0, 0.0, 1.0, 0.0, 0.0, 1.0]]

[2024-10-14T10:32:20.487425][INFO][seed168] U cardinality: 9
[2024-10-14T10:32:20.491815][INFO][seed168] !0 = [0, 1, 2, 3, 4, 5, 6, 7, 8]
[2024-10-14T10:32:20.492092][INFO][seed168] 0 = []
[2024-10-14T10:32:20.493606][INFO][seed168] U cardinality: 9
[2024-10-14T10:32:20.501724][INFO][seed168] 
[P([3]) [0.031, 0.969], P([2]) [0.032, 0.186, 0.022, 0.039, 0.062, 0.351, 0.054, 0.207, 0.047], P([1, 3]) [1.0, 0.0, 0.0, 1.0], P([0, 1, 2]) [1.0, 0.0, 0.0, 1.0, 0.0, 0.0, 1.0, 0.0, 0.0, 0.0, 1.0, 0.0, 1.0, 0.0, 0.0, 0.0, 0.0, 1.0, 0.0, 1.0, 0.0, 1.0, 0.0, 0.0, 0.0, 1.0, 0.0, 0.0, 1.0, 0.0, 0.0, 1.0, 0.0, 0.0, 0.0, 1.0, 0.0, 0.0, 1.0, 1.0, 0.0, 0.0, 0.0, 0.0, 1.0, 0.0, 1.0, 0.0, 0.0, 0.0, 1.0, 0.0, 0.0, 1.0]]

[2024-10-14T10:32:20.512889][INFO][seed77] U cardinality: 9
[2024-10-14T10:32:20.517316][INFO][seed77] !0 = [0, 1, 2, 3, 4, 5, 6, 7, 8]
[2024-10-14T10:32:20.517599][INFO][seed77] 0 = []
[2024-10-14T10:32:20.519091][INFO][seed77] U cardinality: 9
[2024-10-14T10:32:20.527217][INFO][seed77] 
[P([3]) [0.858, 0.142], P([2]) [0.004, 0.001, 0.001, 0.002, 0.969, 0.001, 0.001, 0.002, 0.019], P([1, 3]) [1.0, 0.0, 0.0, 1.0], P([0, 1, 2]) [1.0, 0.0, 0.0, 1.0, 0.0, 0.0, 1.0, 0.0, 0.0, 0.0, 1.0, 0.0, 1.0, 0.0, 0.0, 0.0, 0.0, 1.0, 0.0, 1.0, 0.0, 1.0, 0.0, 0.0, 0.0, 1.0, 0.0, 0.0, 1.0, 0.0, 0.0, 1.0, 0.0, 0.0, 0.0, 1.0, 0.0, 0.0, 1.0, 1.0, 0.0, 0.0, 0.0, 0.0, 1.0, 0.0, 1.0, 0.0, 0.0, 0.0, 1.0, 0.0, 0.0, 1.0]]

[2024-10-14T10:32:20.517166][INFO][seed45] Set up logging
[2024-10-14T10:32:20.550246][INFO][seed45] args: -np;1;-nzr;1.0;-zdr;0.5;-o;/mnt/beegfs/rcabanas/dev/credici/papers/zeros/models/s3;-rw;-s;45;-ys;3
[2024-10-14T10:32:20.553058][INFO][seed45] Starting logger with seed 45
[2024-10-14T10:32:20.567180][INFO][seed45] simple_nparents1_nzr10_zdr05_ysize3_45
[2024-10-14T10:32:20.572633][INFO][seed195] Set up logging
[2024-10-14T10:32:20.594937][INFO][seed195] args: -np;1;-nzr;1.0;-zdr;0.5;-o;/mnt/beegfs/rcabanas/dev/credici/papers/zeros/models/s3;-rw;-s;195;-ys;3
[2024-10-14T10:32:20.596673][INFO][seed195] Starting logger with seed 195
[2024-10-14T10:32:20.582141][INFO][seed181] Set up logging
[2024-10-14T10:32:20.606659][INFO][seed181] args: -np;1;-nzr;1.0;-zdr;0.5;-o;/mnt/beegfs/rcabanas/dev/credici/papers/zeros/models/s3;-rw;-s;181;-ys;3
[2024-10-14T10:32:20.608363][INFO][seed181] Starting logger with seed 181
[2024-10-14T10:32:20.609419][INFO][seed195] simple_nparents1_nzr10_zdr05_ysize3_195
[2024-10-14T10:32:20.618150][INFO][seed181] simple_nparents1_nzr10_zdr05_ysize3_181
[2024-10-14T10:32:20.610093][INFO][seed175] Set up logging
[2024-10-14T10:32:20.595734][INFO][seed121] Set up logging
[2024-10-14T10:32:20.626200][INFO][seed121] args: -np;1;-nzr;1.0;-zdr;0.5;-o;/mnt/beegfs/rcabanas/dev/credici/papers/zeros/models/s3;-rw;-s;121;-ys;3
[2024-10-14T10:32:20.633082][INFO][seed175] args: -np;1;-nzr;1.0;-zdr;0.5;-o;/mnt/beegfs/rcabanas/dev/credici/papers/zeros/models/s3;-rw;-s;175;-ys;3
[2024-10-14T10:32:20.643474][INFO][seed121] Starting logger with seed 121
[2024-10-14T10:32:20.643995][INFO][seed175] Starting logger with seed 175
[2024-10-14T10:32:20.648945][INFO][seed121] simple_nparents1_nzr10_zdr05_ysize3_121
[2024-10-14T10:32:20.649858][INFO][seed175] simple_nparents1_nzr10_zdr05_ysize3_175
[2024-10-14T10:32:20.652634][INFO][seed138] Set up logging
[2024-10-14T10:32:20.675049][INFO][seed138] args: -np;1;-nzr;1.0;-zdr;0.5;-o;/mnt/beegfs/rcabanas/dev/credici/papers/zeros/models/s3;-rw;-s;138;-ys;3
[2024-10-14T10:32:20.676820][INFO][seed138] Starting logger with seed 138
[2024-10-14T10:32:20.683943][INFO][seed105] U cardinality: 9
[2024-10-14T10:32:20.687620][INFO][seed186] Sampled 1000 data instances
[2024-10-14T10:32:20.687985][INFO][seed186] Starting exact inference 
[2024-10-14T10:32:20.683644][INFO][seed138] simple_nparents1_nzr10_zdr05_ysize3_138
[2024-10-14T10:32:20.689017][INFO][seed168] Sampled 1000 data instances
[2024-10-14T10:32:20.689280][INFO][seed168] Starting exact inference 
[2024-10-14T10:32:20.690068][INFO][seed105] !0 = [0, 1, 2, 3, 4, 5, 6, 7, 8]
[2024-10-14T10:32:20.693333][INFO][seed105] 0 = []
[2024-10-14T10:32:20.662668][INFO][seed194] Set up logging
[2024-10-14T10:32:20.695951][INFO][seed194] args: -np;1;-nzr;1.0;-zdr;0.5;-o;/mnt/beegfs/rcabanas/dev/credici/papers/zeros/models/s3;-rw;-s;194;-ys;3
[2024-10-14T10:32:20.697244][INFO][seed105] U cardinality: 9
[2024-10-14T10:32:20.697889][INFO][seed194] Starting logger with seed 194
[2024-10-14T10:32:20.671808][INFO][seed35] Set up logging
[2024-10-14T10:32:20.698416][INFO][seed35] args: -np;1;-nzr;1.0;-zdr;0.5;-o;/mnt/beegfs/rcabanas/dev/credici/papers/zeros/models/s3;-rw;-s;35;-ys;3
[2024-10-14T10:32:20.672752][INFO][seed57] Set up logging
[2024-10-14T10:32:20.699731][INFO][seed57] args: -np;1;-nzr;1.0;-zdr;0.5;-o;/mnt/beegfs/rcabanas/dev/credici/papers/zeros/models/s3;-rw;-s;57;-ys;3
[2024-10-14T10:32:20.702599][INFO][seed35] Starting logger with seed 35
[2024-10-14T10:32:20.703835][INFO][seed57] Starting logger with seed 57
[2024-10-14T10:32:20.707786][INFO][seed105] 
[P([3]) [0.571, 0.429], P([2]) [0.134, 0.181, 0.007, 0.005, 0.068, 0.006, 0.015, 0.015, 0.569], P([1, 3]) [1.0, 0.0, 0.0, 1.0], P([0, 1, 2]) [1.0, 0.0, 0.0, 1.0, 0.0, 0.0, 1.0, 0.0, 0.0, 0.0, 1.0, 0.0, 1.0, 0.0, 0.0, 0.0, 0.0, 1.0, 0.0, 1.0, 0.0, 1.0, 0.0, 0.0, 0.0, 1.0, 0.0, 0.0, 1.0, 0.0, 0.0, 1.0, 0.0, 0.0, 0.0, 1.0, 0.0, 0.0, 1.0, 1.0, 0.0, 0.0, 0.0, 0.0, 1.0, 0.0, 1.0, 0.0, 0.0, 0.0, 1.0, 0.0, 0.0, 1.0]]

[2024-10-14T10:32:20.711610][INFO][seed77] Sampled 1000 data instances
[2024-10-14T10:32:20.711842][INFO][seed77] Starting exact inference 
[2024-10-14T10:32:20.716659][INFO][seed194] simple_nparents1_nzr10_zdr05_ysize3_194
[2024-10-14T10:32:20.718846][INFO][seed35] simple_nparents1_nzr10_zdr05_ysize3_35
[2024-10-14T10:32:20.720349][INFO][seed57] simple_nparents1_nzr10_zdr05_ysize3_57
[2024-10-14T10:32:20.817573][INFO][seed181] U cardinality: 9
[2024-10-14T10:32:20.821812][INFO][seed181] !0 = [0, 1, 2, 3, 4, 5, 6, 7, 8]
[2024-10-14T10:32:20.822088][INFO][seed181] 0 = []
[2024-10-14T10:32:20.824337][INFO][seed181] U cardinality: 9
[2024-10-14T10:32:20.832677][INFO][seed181] 
[P([3]) [0.637, 0.363], P([2]) [0.339, 0.002, 0.175, 0.001, 0.013, 0.015, 0.223, 0.227, 0.005], P([1, 3]) [1.0, 0.0, 0.0, 1.0], P([0, 1, 2]) [1.0, 0.0, 0.0, 1.0, 0.0, 0.0, 1.0, 0.0, 0.0, 0.0, 1.0, 0.0, 1.0, 0.0, 0.0, 0.0, 0.0, 1.0, 0.0, 1.0, 0.0, 1.0, 0.0, 0.0, 0.0, 1.0, 0.0, 0.0, 1.0, 0.0, 0.0, 1.0, 0.0, 0.0, 0.0, 1.0, 0.0, 0.0, 1.0, 1.0, 0.0, 0.0, 0.0, 0.0, 1.0, 0.0, 1.0, 0.0, 0.0, 0.0, 1.0, 0.0, 0.0, 1.0]]

[2024-10-14T10:32:20.908871][INFO][seed45] U cardinality: 9
[2024-10-14T10:32:20.914462][INFO][seed45] !0 = [0, 1, 2, 3, 4, 5, 6, 7, 8]
[2024-10-14T10:32:20.914892][INFO][seed45] 0 = []
[2024-10-14T10:32:20.916699][INFO][seed45] U cardinality: 9
[2024-10-14T10:32:20.922827][INFO][seed45] 
[P([3]) [0.257, 0.743], P([2]) [0.006, 0.005, 0.004, 0.009, 0.859, 0.003, 0.03, 0.003, 0.081], P([1, 3]) [1.0, 0.0, 0.0, 1.0], P([0, 1, 2]) [1.0, 0.0, 0.0, 1.0, 0.0, 0.0, 1.0, 0.0, 0.0, 0.0, 1.0, 0.0, 1.0, 0.0, 0.0, 0.0, 0.0, 1.0, 0.0, 1.0, 0.0, 1.0, 0.0, 0.0, 0.0, 1.0, 0.0, 0.0, 1.0, 0.0, 0.0, 1.0, 0.0, 0.0, 0.0, 1.0, 0.0, 0.0, 1.0, 1.0, 0.0, 0.0, 0.0, 0.0, 1.0, 0.0, 1.0, 0.0, 0.0, 0.0, 1.0, 0.0, 0.0, 1.0]]

[2024-10-14T10:32:20.930727][INFO][seed105] Sampled 1000 data instances
[2024-10-14T10:32:20.931018][INFO][seed105] Starting exact inference 
[2024-10-14T10:32:20.953950][INFO][seed195] U cardinality: 9
[2024-10-14T10:32:20.925342][INFO][seed90] Set up logging
[2024-10-14T10:32:20.956757][INFO][seed90] args: -np;1;-nzr;1.0;-zdr;0.5;-o;/mnt/beegfs/rcabanas/dev/credici/papers/zeros/models/s3;-rw;-s;90;-ys;3
[2024-10-14T10:32:20.958905][INFO][seed90] Starting logger with seed 90
[2024-10-14T10:32:20.959357][INFO][seed195] !0 = [0, 1, 2, 3, 4, 5, 6, 7, 8]
[2024-10-14T10:32:20.959744][INFO][seed195] 0 = []
[2024-10-14T10:32:20.961496][INFO][seed195] U cardinality: 9
[2024-10-14T10:32:20.967491][INFO][seed195] 
[P([3]) [0.706, 0.294], P([2]) [0.001, 0.089, 0.001, 0.235, 0.371, 0.011, 0.022, 0.268, 0.002], P([1, 3]) [1.0, 0.0, 0.0, 1.0], P([0, 1, 2]) [1.0, 0.0, 0.0, 1.0, 0.0, 0.0, 1.0, 0.0, 0.0, 0.0, 1.0, 0.0, 1.0, 0.0, 0.0, 0.0, 0.0, 1.0, 0.0, 1.0, 0.0, 1.0, 0.0, 0.0, 0.0, 1.0, 0.0, 0.0, 1.0, 0.0, 0.0, 1.0, 0.0, 0.0, 0.0, 1.0, 0.0, 0.0, 1.0, 1.0, 0.0, 0.0, 0.0, 0.0, 1.0, 0.0, 1.0, 0.0, 0.0, 0.0, 1.0, 0.0, 0.0, 1.0]]

[2024-10-14T10:32:20.973126][INFO][seed90] simple_nparents1_nzr10_zdr05_ysize3_90
[2024-10-14T10:32:20.983887][INFO][seed121] U cardinality: 9
[2024-10-14T10:32:20.989082][INFO][seed121] !0 = [0, 1, 2, 3, 4, 5, 6, 7, 8]
[2024-10-14T10:32:20.992269][INFO][seed121] 0 = []
[2024-10-14T10:32:20.996054][INFO][seed121] U cardinality: 9
[2024-10-14T10:32:21.009069][INFO][seed175] U cardinality: 9
[2024-10-14T10:32:21.012258][INFO][seed121] 
[P([3]) [0.403, 0.597], P([2]) [0.01, 0.099, 0.014, 0.13, 0.075, 0.153, 0.514, 0.002, 0.003], P([1, 3]) [1.0, 0.0, 0.0, 1.0], P([0, 1, 2]) [1.0, 0.0, 0.0, 1.0, 0.0, 0.0, 1.0, 0.0, 0.0, 0.0, 1.0, 0.0, 1.0, 0.0, 0.0, 0.0, 0.0, 1.0, 0.0, 1.0, 0.0, 1.0, 0.0, 0.0, 0.0, 1.0, 0.0, 0.0, 1.0, 0.0, 0.0, 1.0, 0.0, 0.0, 0.0, 1.0, 0.0, 0.0, 1.0, 1.0, 0.0, 0.0, 0.0, 0.0, 1.0, 0.0, 1.0, 0.0, 0.0, 0.0, 1.0, 0.0, 0.0, 1.0]]

[2024-10-14T10:32:21.015151][INFO][seed175] !0 = [0, 1, 2, 3, 4, 5, 6, 7, 8]
[2024-10-14T10:32:21.017077][INFO][seed138] U cardinality: 9
[2024-10-14T10:32:21.018128][INFO][seed175] 0 = []
[2024-10-14T10:32:21.021815][INFO][seed175] U cardinality: 9
[2024-10-14T10:32:21.024244][INFO][seed35] U cardinality: 9
[2024-10-14T10:32:21.025359][INFO][seed138] !0 = [0, 1, 2, 3, 4, 5, 6, 7, 8]
[2024-10-14T10:32:21.025858][INFO][seed138] 0 = []
[2024-10-14T10:32:21.028016][INFO][seed138] U cardinality: 9
[2024-10-14T10:32:21.030651][INFO][seed35] !0 = [0, 1, 2, 3, 4, 5, 6, 7, 8]
[2024-10-14T10:32:21.031138][INFO][seed35] 0 = []
[2024-10-14T10:32:21.033226][INFO][seed35] U cardinality: 9
[2024-10-14T10:32:21.037368][INFO][seed181] Sampled 1000 data instances
[2024-10-14T10:32:21.037608][INFO][seed181] Starting exact inference 
[2024-10-14T10:32:21.042147][INFO][seed57] U cardinality: 9
[2024-10-14T10:32:21.042113][INFO][seed175] 
[P([3]) [0.422, 0.578], P([2]) [0.001, 0.024, 0.662, 0.017, 0.003, 0.01, 0.105, 0.03, 0.148], P([1, 3]) [1.0, 0.0, 0.0, 1.0], P([0, 1, 2]) [1.0, 0.0, 0.0, 1.0, 0.0, 0.0, 1.0, 0.0, 0.0, 0.0, 1.0, 0.0, 1.0, 0.0, 0.0, 0.0, 0.0, 1.0, 0.0, 1.0, 0.0, 1.0, 0.0, 0.0, 0.0, 1.0, 0.0, 0.0, 1.0, 0.0, 0.0, 1.0, 0.0, 0.0, 0.0, 1.0, 0.0, 0.0, 1.0, 1.0, 0.0, 0.0, 0.0, 0.0, 1.0, 0.0, 1.0, 0.0, 0.0, 0.0, 1.0, 0.0, 0.0, 1.0]]

[2024-10-14T10:32:21.050694][INFO][seed57] !0 = [0, 1, 2, 3, 4, 5, 6, 7, 8]
[2024-10-14T10:32:21.051241][INFO][seed57] 0 = []
[2024-10-14T10:32:21.053454][INFO][seed57] U cardinality: 9
[2024-10-14T10:32:21.053642][INFO][seed138] 
[P([3]) [0.514, 0.486], P([2]) [0.296, 0.11, 0.307, 0.017, 0.015, 0.001, 0.059, 0.163, 0.032], P([1, 3]) [1.0, 0.0, 0.0, 1.0], P([0, 1, 2]) [1.0, 0.0, 0.0, 1.0, 0.0, 0.0, 1.0, 0.0, 0.0, 0.0, 1.0, 0.0, 1.0, 0.0, 0.0, 0.0, 0.0, 1.0, 0.0, 1.0, 0.0, 1.0, 0.0, 0.0, 0.0, 1.0, 0.0, 0.0, 1.0, 0.0, 0.0, 1.0, 0.0, 0.0, 0.0, 1.0, 0.0, 0.0, 1.0, 1.0, 0.0, 0.0, 0.0, 0.0, 1.0, 0.0, 1.0, 0.0, 0.0, 0.0, 1.0, 0.0, 0.0, 1.0]]

[2024-10-14T10:32:21.053928][INFO][seed35] 
[P([3]) [0.613, 0.387], P([2]) [0.013, 0.003, 0.016, 0.194, 0.156, 0.003, 0.002, 0.564, 0.049], P([1, 3]) [1.0, 0.0, 0.0, 1.0], P([0, 1, 2]) [1.0, 0.0, 0.0, 1.0, 0.0, 0.0, 1.0, 0.0, 0.0, 0.0, 1.0, 0.0, 1.0, 0.0, 0.0, 0.0, 0.0, 1.0, 0.0, 1.0, 0.0, 1.0, 0.0, 0.0, 0.0, 1.0, 0.0, 0.0, 1.0, 0.0, 0.0, 1.0, 0.0, 0.0, 0.0, 1.0, 0.0, 0.0, 1.0, 1.0, 0.0, 0.0, 0.0, 0.0, 1.0, 0.0, 1.0, 0.0, 0.0, 0.0, 1.0, 0.0, 0.0, 1.0]]

[2024-10-14T10:32:21.062958][INFO][seed57] 
[P([3]) [0.615, 0.385], P([2]) [0.021, 0.083, 0.295, 0.142, 0.051, 0.002, 0.403, 0.002, 0.001], P([1, 3]) [1.0, 0.0, 0.0, 1.0], P([0, 1, 2]) [1.0, 0.0, 0.0, 1.0, 0.0, 0.0, 1.0, 0.0, 0.0, 0.0, 1.0, 0.0, 1.0, 0.0, 0.0, 0.0, 0.0, 1.0, 0.0, 1.0, 0.0, 1.0, 0.0, 0.0, 0.0, 1.0, 0.0, 0.0, 1.0, 0.0, 0.0, 1.0, 0.0, 0.0, 0.0, 1.0, 0.0, 0.0, 1.0, 1.0, 0.0, 0.0, 0.0, 0.0, 1.0, 0.0, 1.0, 0.0, 0.0, 0.0, 1.0, 0.0, 0.0, 1.0]]

[2024-10-14T10:32:21.072143][INFO][seed194] U cardinality: 9
[2024-10-14T10:32:21.051317][INFO][seed183] Set up logging
[2024-10-14T10:32:21.080494][INFO][seed183] args: -np;1;-nzr;1.0;-zdr;0.5;-o;/mnt/beegfs/rcabanas/dev/credici/papers/zeros/models/s3;-rw;-s;183;-ys;3
[2024-10-14T10:32:21.082494][INFO][seed183] Starting logger with seed 183
[2024-10-14T10:32:21.083824][INFO][seed194] !0 = [0, 1, 2, 3, 4, 5, 6, 7, 8]
[2024-10-14T10:32:21.084279][INFO][seed194] 0 = []
[2024-10-14T10:32:21.087303][INFO][seed194] U cardinality: 9
[2024-10-14T10:32:21.095002][INFO][seed194] 
[P([3]) [0.91, 0.09], P([2]) [0.001, 0.002, 0.355, 0.52, 0.008, 0.002, 0.001, 0.001, 0.11], P([1, 3]) [1.0, 0.0, 0.0, 1.0], P([0, 1, 2]) [1.0, 0.0, 0.0, 1.0, 0.0, 0.0, 1.0, 0.0, 0.0, 0.0, 1.0, 0.0, 1.0, 0.0, 0.0, 0.0, 0.0, 1.0, 0.0, 1.0, 0.0, 1.0, 0.0, 0.0, 0.0, 1.0, 0.0, 0.0, 1.0, 0.0, 0.0, 1.0, 0.0, 0.0, 0.0, 1.0, 0.0, 0.0, 1.0, 1.0, 0.0, 0.0, 0.0, 0.0, 1.0, 0.0, 1.0, 0.0, 0.0, 0.0, 1.0, 0.0, 0.0, 1.0]]

[2024-10-14T10:32:21.095492][INFO][seed183] simple_nparents1_nzr10_zdr05_ysize3_183
[2024-10-14T10:32:21.127271][INFO][seed45] Sampled 1000 data instances
[2024-10-14T10:32:21.127370][INFO][seed45] Starting exact inference 
[2024-10-14T10:32:21.192476][INFO][seed195] Sampled 1000 data instances
[2024-10-14T10:32:21.192751][INFO][seed195] Starting exact inference 
[2024-10-14T10:32:21.209226][INFO][seed121] Sampled 1000 data instances
[2024-10-14T10:32:21.209500][INFO][seed121] Starting exact inference 
Removed 000
Removed 000
Removed 000
Removed 000
Removed 000
Removed 000
Removed 000
Removed 000
Removed 000
Removed 000
Removed 000
Removed 000
Error in variable: 2
[2024-10-14T10:32:21.215245][INFO][seed152] No feasible solution... resampling
[2024-10-14T10:32:21.190900][INFO][seed79] Set up logging
[2024-10-14T10:32:21.224579][INFO][seed79] args: -np;1;-nzr;1.0;-zdr;0.5;-o;/mnt/beegfs/rcabanas/dev/credici/papers/zeros/models/s3;-rw;-s;79;-ys;3
[2024-10-14T10:32:21.204203][INFO][seed92] Set up logging
[2024-10-14T10:32:21.229258][INFO][seed92] args: -np;1;-nzr;1.0;-zdr;0.5;-o;/mnt/beegfs/rcabanas/dev/credici/papers/zeros/models/s3;-rw;-s;92;-ys;3
[2024-10-14T10:32:21.227600][INFO][seed79] Starting logger with seed 79
[2024-10-14T10:32:21.232489][INFO][seed92] Starting logger with seed 92
[2024-10-14T10:32:21.236672][INFO][seed79] simple_nparents1_nzr10_zdr05_ysize3_79
[2024-10-14T10:32:21.240507][INFO][seed90] U cardinality: 9
[2024-10-14T10:32:21.244916][INFO][seed92] simple_nparents1_nzr10_zdr05_ysize3_92
[2024-10-14T10:32:21.246178][INFO][seed90] !0 = [0, 1, 2, 3, 4, 5, 6, 7, 8]
[2024-10-14T10:32:21.246660][INFO][seed90] 0 = []
[2024-10-14T10:32:21.248672][INFO][seed90] U cardinality: 9
[2024-10-14T10:32:21.254497][INFO][seed90] 
[P([3]) [0.876, 0.124], P([2]) [0.041, 0.766, 0.002, 0.001, 0.001, 0.17, 0.003, 0.001, 0.015], P([1, 3]) [1.0, 0.0, 0.0, 1.0], P([0, 1, 2]) [1.0, 0.0, 0.0, 1.0, 0.0, 0.0, 1.0, 0.0, 0.0, 0.0, 1.0, 0.0, 1.0, 0.0, 0.0, 0.0, 0.0, 1.0, 0.0, 1.0, 0.0, 1.0, 0.0, 0.0, 0.0, 1.0, 0.0, 0.0, 1.0, 0.0, 0.0, 1.0, 0.0, 0.0, 0.0, 1.0, 0.0, 0.0, 1.0, 1.0, 0.0, 0.0, 0.0, 0.0, 1.0, 0.0, 1.0, 0.0, 0.0, 0.0, 1.0, 0.0, 0.0, 1.0]]

[2024-10-14T10:32:21.274835][INFO][seed35] Sampled 1000 data instances
[2024-10-14T10:32:21.274970][INFO][seed35] Starting exact inference 
[2024-10-14T10:32:21.254596][INFO][seed104] Set up logging
[2024-10-14T10:32:21.278006][INFO][seed104] args: -np;1;-nzr;1.0;-zdr;0.5;-o;/mnt/beegfs/rcabanas/dev/credici/papers/zeros/models/s3;-rw;-s;104;-ys;3
[2024-10-14T10:32:21.281649][INFO][seed104] Starting logger with seed 104
[2024-10-14T10:32:21.287814][INFO][seed175] Sampled 1000 data instances
[2024-10-14T10:32:21.287949][INFO][seed175] Starting exact inference 
[2024-10-14T10:32:21.287846][INFO][seed138] Sampled 1000 data instances
[2024-10-14T10:32:21.287974][INFO][seed138] Starting exact inference 
[2024-10-14T10:32:21.288888][INFO][seed152] Sampled 1100 data instances
[2024-10-14T10:32:21.289192][INFO][seed152] Starting exact inference 
[2024-10-14T10:32:21.289483][INFO][seed57] Sampled 1000 data instances
[2024-10-14T10:32:21.289807][INFO][seed57] Starting exact inference 
[2024-10-14T10:32:21.290336][INFO][seed183] U cardinality: 9
[2024-10-14T10:32:21.295474][INFO][seed104] simple_nparents1_nzr10_zdr05_ysize3_104
[2024-10-14T10:32:21.296023][INFO][seed183] !0 = [0, 1, 2, 3, 4, 5, 6, 7, 8]
[2024-10-14T10:32:21.296432][INFO][seed183] 0 = []
[2024-10-14T10:32:21.298858][INFO][seed183] U cardinality: 9
[2024-10-14T10:32:21.324846][INFO][seed183] 
[P([3]) [0.048, 0.952], P([2]) [0.107, 0.05, 0.036, 0.195, 0.024, 0.003, 0.001, 0.004, 0.58], P([1, 3]) [1.0, 0.0, 0.0, 1.0], P([0, 1, 2]) [1.0, 0.0, 0.0, 1.0, 0.0, 0.0, 1.0, 0.0, 0.0, 0.0, 1.0, 0.0, 1.0, 0.0, 0.0, 0.0, 0.0, 1.0, 0.0, 1.0, 0.0, 1.0, 0.0, 0.0, 0.0, 1.0, 0.0, 0.0, 1.0, 0.0, 0.0, 1.0, 0.0, 0.0, 0.0, 1.0, 0.0, 0.0, 1.0, 1.0, 0.0, 0.0, 0.0, 0.0, 1.0, 0.0, 1.0, 0.0, 0.0, 0.0, 1.0, 0.0, 0.0, 1.0]]

[2024-10-14T10:32:21.386364][INFO][seed194] Sampled 1000 data instances
[2024-10-14T10:32:21.386670][INFO][seed194] Starting exact inference 
[2024-10-14T10:32:21.453054][INFO][seed27] PS(V1,V0) in [0.0, 1.0]
[2024-10-14T10:32:21.475709][INFO][seed27] PN(V1,V0) in [0.0, 0.9414240712578753] 
[2024-10-14T10:32:21.486170][INFO][seed90] Sampled 1000 data instances
[2024-10-14T10:32:21.486290][INFO][seed90] Starting exact inference 
[2024-10-14T10:32:21.477506][INFO][seed188] Set up logging
[2024-10-14T10:32:21.489999][INFO][seed188] args: -np;1;-nzr;1.0;-zdr;0.5;-o;/mnt/beegfs/rcabanas/dev/credici/papers/zeros/models/s3;-rw;-s;188;-ys;3
Removed 000
Removed 000
Removed 000
Removed 000
Removed 000
Removed 000
Removed 000
Removed 000
Removed 000
Error in variable: 2
[2024-10-14T10:32:21.511549][INFO][seed77] No feasible solution... resampling
[2024-10-14T10:32:21.513667][INFO][seed188] Starting logger with seed 188
[2024-10-14T10:32:21.521159][INFO][seed188] simple_nparents1_nzr10_zdr05_ysize3_188
[2024-10-14T10:32:21.515344][INFO][seed169] Set up logging
[2024-10-14T10:32:21.530761][INFO][seed169] args: -np;1;-nzr;1.0;-zdr;0.5;-o;/mnt/beegfs/rcabanas/dev/credici/papers/zeros/models/s3;-rw;-s;169;-ys;3
[2024-10-14T10:32:21.540944][INFO][seed27] Saved data to: /mnt/beegfs/rcabanas/dev/credici/papers/zeros/models/s3/simple_nparents1_nzr10_zdr05_ysize3_27.csv
[2024-10-14T10:32:21.542642][INFO][seed169] Starting logger with seed 169
[2024-10-14T10:32:21.556129][INFO][seed27] Saved model to: /mnt/beegfs/rcabanas/dev/credici/papers/zeros/models/s3/simple_nparents1_nzr10_zdr05_ysize3_27.uai
[2024-10-14T10:32:21.556961][INFO][seed169] simple_nparents1_nzr10_zdr05_ysize3_169
[2024-10-14T10:32:21.557952][INFO][seed183] Sampled 1000 data instances
[2024-10-14T10:32:21.558232][INFO][seed183] Starting exact inference 
[2024-10-14T10:32:21.561007][INFO][seed27] Saved queries to: /mnt/beegfs/rcabanas/dev/credici/papers/zeros/models/s3/simple_nparents1_nzr10_zdr05_ysize3_27_query.csv
[2024-10-14T10:32:21.561275][INFO][seed27] Closing log file
[2024-10-14T10:32:21.561362][INFO][seed27] Closed log file
[2024-10-14T10:32:21.579365][INFO][seed77] Sampled 1100 data instances
[2024-10-14T10:32:21.579619][INFO][seed77] Starting exact inference 
[2024-10-14T10:32:21.583826][INFO][seed92] U cardinality: 9
[2024-10-14T10:32:21.588934][INFO][seed92] !0 = [0, 1, 2, 3, 4, 5, 6, 7, 8]
[2024-10-14T10:32:21.589229][INFO][seed92] 0 = []
[2024-10-14T10:32:21.590969][INFO][seed92] U cardinality: 9
[2024-10-14T10:32:21.601334][INFO][seed79] U cardinality: 9
[2024-10-14T10:32:21.602891][INFO][seed92] 
[P([3]) [0.894, 0.106], P([2]) [0.002, 0.057, 0.044, 0.001, 0.005, 0.002, 0.004, 0.001, 0.884], P([1, 3]) [1.0, 0.0, 0.0, 1.0], P([0, 1, 2]) [1.0, 0.0, 0.0, 1.0, 0.0, 0.0, 1.0, 0.0, 0.0, 0.0, 1.0, 0.0, 1.0, 0.0, 0.0, 0.0, 0.0, 1.0, 0.0, 1.0, 0.0, 1.0, 0.0, 0.0, 0.0, 1.0, 0.0, 0.0, 1.0, 0.0, 0.0, 1.0, 0.0, 0.0, 0.0, 1.0, 0.0, 0.0, 1.0, 1.0, 0.0, 0.0, 0.0, 0.0, 1.0, 0.0, 1.0, 0.0, 0.0, 0.0, 1.0, 0.0, 0.0, 1.0]]

[2024-10-14T10:32:21.608944][INFO][seed79] !0 = [0, 1, 2, 3, 4, 5, 6, 7, 8]
[2024-10-14T10:32:21.609440][INFO][seed79] 0 = []
[2024-10-14T10:32:21.611528][INFO][seed79] U cardinality: 9
[2024-10-14T10:32:21.587220][INFO][seed136] Set up logging
[2024-10-14T10:32:21.613144][INFO][seed136] args: -np;1;-nzr;1.0;-zdr;0.5;-o;/mnt/beegfs/rcabanas/dev/credici/papers/zeros/models/s3;-rw;-s;136;-ys;3
[2024-10-14T10:32:21.616273][INFO][seed104] U cardinality: 9
[2024-10-14T10:32:21.616885][INFO][seed136] Starting logger with seed 136
[2024-10-14T10:32:21.622205][INFO][seed104] !0 = [0, 1, 2, 3, 4, 5, 6, 7, 8]
[2024-10-14T10:32:21.622557][INFO][seed104] 0 = []
[2024-10-14T10:32:21.624292][INFO][seed104] U cardinality: 9
[2024-10-14T10:32:21.626159][INFO][seed79] 
[P([3]) [0.953, 0.047], P([2]) [0.501, 0.126, 0.007, 0.124, 0.002, 0.012, 0.219, 0.003, 0.006], P([1, 3]) [1.0, 0.0, 0.0, 1.0], P([0, 1, 2]) [1.0, 0.0, 0.0, 1.0, 0.0, 0.0, 1.0, 0.0, 0.0, 0.0, 1.0, 0.0, 1.0, 0.0, 0.0, 0.0, 0.0, 1.0, 0.0, 1.0, 0.0, 1.0, 0.0, 0.0, 0.0, 1.0, 0.0, 0.0, 1.0, 0.0, 0.0, 1.0, 0.0, 0.0, 0.0, 1.0, 0.0, 0.0, 1.0, 1.0, 0.0, 0.0, 0.0, 0.0, 1.0, 0.0, 1.0, 0.0, 0.0, 0.0, 1.0, 0.0, 0.0, 1.0]]

[2024-10-14T10:32:21.629756][INFO][seed136] simple_nparents1_nzr10_zdr05_ysize3_136
[2024-10-14T10:32:21.629479][INFO][seed152] PS(V1,V0) in [0.0, 1.0]
[2024-10-14T10:32:21.635990][INFO][seed104] 
[P([3]) [0.554, 0.446], P([2]) [0.008, 0.69, 0.014, 0.05, 0.083, 0.002, 0.013, 0.014, 0.126], P([1, 3]) [1.0, 0.0, 0.0, 1.0], P([0, 1, 2]) [1.0, 0.0, 0.0, 1.0, 0.0, 0.0, 1.0, 0.0, 0.0, 0.0, 1.0, 0.0, 1.0, 0.0, 0.0, 0.0, 0.0, 1.0, 0.0, 1.0, 0.0, 1.0, 0.0, 0.0, 0.0, 1.0, 0.0, 0.0, 1.0, 0.0, 0.0, 1.0, 0.0, 0.0, 0.0, 1.0, 0.0, 0.0, 1.0, 1.0, 0.0, 0.0, 0.0, 0.0, 1.0, 0.0, 1.0, 0.0, 0.0, 0.0, 1.0, 0.0, 0.0, 1.0]]

[2024-10-14T10:32:21.641058][INFO][seed152] PN(V1,V0) in [0.0, 0.6050295857988166] 
[2024-10-14T10:32:21.660488][INFO][seed168] PS(V1,V0) in [0.0, 1.0]
[2024-10-14T10:32:21.672308][INFO][seed168] PN(V1,V0) in [0.0, 0.4220554036962996] 
[2024-10-14T10:32:21.650733][INFO][seed171] Set up logging
[2024-10-14T10:32:21.676557][INFO][seed171] args: -np;1;-nzr;1.0;-zdr;0.5;-o;/mnt/beegfs/rcabanas/dev/credici/papers/zeros/models/s3;-rw;-s;171;-ys;3
[2024-10-14T10:32:21.679353][INFO][seed171] Starting logger with seed 171
[2024-10-14T10:32:21.694073][INFO][seed171] simple_nparents1_nzr10_zdr05_ysize3_171
[2024-10-14T10:32:21.695619][INFO][seed152] Saved data to: /mnt/beegfs/rcabanas/dev/credici/papers/zeros/models/s3/simple_nparents1_nzr10_zdr05_ysize3_152.csv
[2024-10-14T10:32:21.714374][INFO][seed152] Saved model to: /mnt/beegfs/rcabanas/dev/credici/papers/zeros/models/s3/simple_nparents1_nzr10_zdr05_ysize3_152.uai
[2024-10-14T10:32:21.714338][INFO][seed168] Saved data to: /mnt/beegfs/rcabanas/dev/credici/papers/zeros/models/s3/simple_nparents1_nzr10_zdr05_ysize3_168.csv
[2024-10-14T10:32:21.719727][INFO][seed152] Saved queries to: /mnt/beegfs/rcabanas/dev/credici/papers/zeros/models/s3/simple_nparents1_nzr10_zdr05_ysize3_152_query.csv
[2024-10-14T10:32:21.719939][INFO][seed152] Closing log file
[2024-10-14T10:32:21.720024][INFO][seed152] Closed log file
[2024-10-14T10:32:21.724784][INFO][seed168] Saved model to: /mnt/beegfs/rcabanas/dev/credici/papers/zeros/models/s3/simple_nparents1_nzr10_zdr05_ysize3_168.uai
[2024-10-14T10:32:21.737187][INFO][seed168] Saved queries to: /mnt/beegfs/rcabanas/dev/credici/papers/zeros/models/s3/simple_nparents1_nzr10_zdr05_ysize3_168_query.csv
[2024-10-14T10:32:21.737236][INFO][seed168] Closing log file
[2024-10-14T10:32:21.737260][INFO][seed168] Closed log file
[2024-10-14T10:32:21.732211][INFO][seed197] Set up logging
[2024-10-14T10:32:21.747401][INFO][seed197] args: -np;1;-nzr;1.0;-zdr;0.5;-o;/mnt/beegfs/rcabanas/dev/credici/papers/zeros/models/s3;-rw;-s;197;-ys;3
[2024-10-14T10:32:21.743915][INFO][seed60] Set up logging
[2024-10-14T10:32:21.756489][INFO][seed197] Starting logger with seed 197
[2024-10-14T10:32:21.756802][INFO][seed60] args: -np;1;-nzr;1.0;-zdr;0.5;-o;/mnt/beegfs/rcabanas/dev/credici/papers/zeros/models/s3;-rw;-s;60;-ys;3
[2024-10-14T10:32:21.761837][INFO][seed197] simple_nparents1_nzr10_zdr05_ysize3_197
[2024-10-14T10:32:21.766904][INFO][seed60] Starting logger with seed 60
[2024-10-14T10:32:21.776757][INFO][seed60] simple_nparents1_nzr10_zdr05_ysize3_60
[2024-10-14T10:32:21.784759][INFO][seed122] PS(V1,V0) in [0.0, 0.5178129453236331]
[2024-10-14T10:32:21.778149][INFO][seed178] Set up logging
[2024-10-14T10:32:21.804279][INFO][seed122] PN(V1,V0) in [0.0, 1.0] 
[2024-10-14T10:32:21.804191][INFO][seed178] args: -np;1;-nzr;1.0;-zdr;0.5;-o;/mnt/beegfs/rcabanas/dev/credici/papers/zeros/models/s3;-rw;-s;178;-ys;3
[2024-10-14T10:32:21.806803][INFO][seed178] Starting logger with seed 178
[2024-10-14T10:32:21.777957][INFO][seed48] Set up logging
[2024-10-14T10:32:21.809703][INFO][seed48] args: -np;1;-nzr;1.0;-zdr;0.5;-o;/mnt/beegfs/rcabanas/dev/credici/papers/zeros/models/s3;-rw;-s;48;-ys;3
[2024-10-14T10:32:21.782020][INFO][seed84] Set up logging
[2024-10-14T10:32:21.812853][INFO][seed84] args: -np;1;-nzr;1.0;-zdr;0.5;-o;/mnt/beegfs/rcabanas/dev/credici/papers/zeros/models/s3;-rw;-s;84;-ys;3
[2024-10-14T10:32:21.814401][INFO][seed48] Starting logger with seed 48
[2024-10-14T10:32:21.819360][INFO][seed48] simple_nparents1_nzr10_zdr05_ysize3_48
[2024-10-14T10:32:21.815558][INFO][seed84] Starting logger with seed 84
[2024-10-14T10:32:21.822123][INFO][seed92] Sampled 1000 data instances
[2024-10-14T10:32:21.822304][INFO][seed178] simple_nparents1_nzr10_zdr05_ysize3_178
[2024-10-14T10:32:21.822412][INFO][seed92] Starting exact inference 
[2024-10-14T10:32:21.826314][INFO][seed79] Sampled 1000 data instances
[2024-10-14T10:32:21.826606][INFO][seed79] Starting exact inference 
[2024-10-14T10:32:21.833189][INFO][seed84] simple_nparents1_nzr10_zdr05_ysize3_84
[2024-10-14T10:32:21.833496][INFO][seed122] Saved data to: /mnt/beegfs/rcabanas/dev/credici/papers/zeros/models/s3/simple_nparents1_nzr10_zdr05_ysize3_122.csv
[2024-10-14T10:32:21.823165][INFO][seed185] Set up logging
[2024-10-14T10:32:21.838855][INFO][seed104] Sampled 1000 data instances
[2024-10-14T10:32:21.839070][INFO][seed185] args: -np;1;-nzr;1.0;-zdr;0.5;-o;/mnt/beegfs/rcabanas/dev/credici/papers/zeros/models/s3;-rw;-s;185;-ys;3
[2024-10-14T10:32:21.839146][INFO][seed104] Starting exact inference 
[2024-10-14T10:32:21.841180][INFO][seed185] Starting logger with seed 185
[2024-10-14T10:32:21.847467][INFO][seed122] Saved model to: /mnt/beegfs/rcabanas/dev/credici/papers/zeros/models/s3/simple_nparents1_nzr10_zdr05_ysize3_122.uai
[2024-10-14T10:32:21.852443][INFO][seed122] Saved queries to: /mnt/beegfs/rcabanas/dev/credici/papers/zeros/models/s3/simple_nparents1_nzr10_zdr05_ysize3_122_query.csv
[2024-10-14T10:32:21.852625][INFO][seed122] Closing log file
[2024-10-14T10:32:21.832324][INFO][seed108] Set up logging
[2024-10-14T10:32:21.853865][INFO][seed108] args: -np;1;-nzr;1.0;-zdr;0.5;-o;/mnt/beegfs/rcabanas/dev/credici/papers/zeros/models/s3;-rw;-s;108;-ys;3
[2024-10-14T10:32:21.852720][INFO][seed122] Closed log file
[2024-10-14T10:32:21.854125][INFO][seed185] simple_nparents1_nzr10_zdr05_ysize3_185
[2024-10-14T10:32:21.857124][INFO][seed77] PS(V1,V0) in [0.0, 1.0]
[2024-10-14T10:32:21.866908][INFO][seed77] PN(V1,V0) in [0.0, 0.005518356983434691] 
[2024-10-14T10:32:21.867794][INFO][seed108] Starting logger with seed 108
[2024-10-14T10:32:21.874283][INFO][seed108] simple_nparents1_nzr10_zdr05_ysize3_108
[2024-10-14T10:32:21.896938][INFO][seed77] Saved data to: /mnt/beegfs/rcabanas/dev/credici/papers/zeros/models/s3/simple_nparents1_nzr10_zdr05_ysize3_77.csv
[2024-10-14T10:32:21.915122][INFO][seed188] U cardinality: 9
[2024-10-14T10:32:21.915846][INFO][seed136] U cardinality: 9
[2024-10-14T10:32:21.917138][INFO][seed77] Saved model to: /mnt/beegfs/rcabanas/dev/credici/papers/zeros/models/s3/simple_nparents1_nzr10_zdr05_ysize3_77.uai
[2024-10-14T10:32:21.920988][INFO][seed77] Saved queries to: /mnt/beegfs/rcabanas/dev/credici/papers/zeros/models/s3/simple_nparents1_nzr10_zdr05_ysize3_77_query.csv
[2024-10-14T10:32:21.921030][INFO][seed77] Closing log file
[2024-10-14T10:32:21.921054][INFO][seed77] Closed log file
[2024-10-14T10:32:21.924841][INFO][seed136] !0 = [0, 1, 2, 3, 4, 5, 6, 7, 8]
[2024-10-14T10:32:21.925078][INFO][seed188] !0 = [0, 1, 2, 3, 4, 5, 6, 7, 8]
[2024-10-14T10:32:21.925134][INFO][seed136] 0 = []
[2024-10-14T10:32:21.925501][INFO][seed188] 0 = []
[2024-10-14T10:32:21.926892][INFO][seed136] U cardinality: 9
[2024-10-14T10:32:21.931238][INFO][seed188] U cardinality: 9
[2024-10-14T10:32:21.938110][INFO][seed136] 
[P([3]) [0.078, 0.922], P([2]) [0.037, 0.002, 0.006, 0.016, 0.003, 0.914, 0.004, 0.001, 0.017], P([1, 3]) [1.0, 0.0, 0.0, 1.0], P([0, 1, 2]) [1.0, 0.0, 0.0, 1.0, 0.0, 0.0, 1.0, 0.0, 0.0, 0.0, 1.0, 0.0, 1.0, 0.0, 0.0, 0.0, 0.0, 1.0, 0.0, 1.0, 0.0, 1.0, 0.0, 0.0, 0.0, 1.0, 0.0, 0.0, 1.0, 0.0, 0.0, 1.0, 0.0, 0.0, 0.0, 1.0, 0.0, 0.0, 1.0, 1.0, 0.0, 0.0, 0.0, 0.0, 1.0, 0.0, 1.0, 0.0, 0.0, 0.0, 1.0, 0.0, 0.0, 1.0]]

[2024-10-14T10:32:21.939321][INFO][seed169] U cardinality: 9
[2024-10-14T10:32:21.941909][INFO][seed188] 
[P([3]) [0.427, 0.573], P([2]) [0.004, 0.487, 0.008, 0.013, 0.001, 0.003, 0.034, 0.298, 0.152], P([1, 3]) [1.0, 0.0, 0.0, 1.0], P([0, 1, 2]) [1.0, 0.0, 0.0, 1.0, 0.0, 0.0, 1.0, 0.0, 0.0, 0.0, 1.0, 0.0, 1.0, 0.0, 0.0, 0.0, 0.0, 1.0, 0.0, 1.0, 0.0, 1.0, 0.0, 0.0, 0.0, 1.0, 0.0, 0.0, 1.0, 0.0, 0.0, 1.0, 0.0, 0.0, 0.0, 1.0, 0.0, 0.0, 1.0, 1.0, 0.0, 0.0, 0.0, 0.0, 1.0, 0.0, 1.0, 0.0, 0.0, 0.0, 1.0, 0.0, 0.0, 1.0]]

[2024-10-14T10:32:21.950032][INFO][seed169] !0 = [0, 1, 2, 3, 4, 5, 6, 7, 8]
[2024-10-14T10:32:21.950538][INFO][seed169] 0 = []
[2024-10-14T10:32:21.952483][INFO][seed169] U cardinality: 9
[2024-10-14T10:32:21.953728][INFO][seed181] PS(V1,V0) in [0.0, 0.4593368783234282]
[2024-10-14T10:32:21.963342][INFO][seed181] PN(V1,V0) in [0.0, 1.0] 
[2024-10-14T10:32:21.965524][INFO][seed169] 
[P([3]) [0.235, 0.765], P([2]) [0.001, 0.903, 0.008, 0.018, 0.002, 0.003, 0.002, 0.001, 0.062], P([1, 3]) [1.0, 0.0, 0.0, 1.0], P([0, 1, 2]) [1.0, 0.0, 0.0, 1.0, 0.0, 0.0, 1.0, 0.0, 0.0, 0.0, 1.0, 0.0, 1.0, 0.0, 0.0, 0.0, 0.0, 1.0, 0.0, 1.0, 0.0, 1.0, 0.0, 0.0, 0.0, 1.0, 0.0, 0.0, 1.0, 0.0, 0.0, 1.0, 0.0, 0.0, 0.0, 1.0, 0.0, 0.0, 1.0, 1.0, 0.0, 0.0, 0.0, 0.0, 1.0, 0.0, 1.0, 0.0, 0.0, 0.0, 1.0, 0.0, 0.0, 1.0]]

[2024-10-14T10:32:21.968217][INFO][seed26] Set up logging
[2024-10-14T10:32:21.986430][INFO][seed26] args: -np;1;-nzr;1.0;-zdr;0.5;-o;/mnt/beegfs/rcabanas/dev/credici/papers/zeros/models/s3;-rw;-s;26;-ys;3
[2024-10-14T10:32:21.993315][INFO][seed26] Starting logger with seed 26
[2024-10-14T10:32:21.999059][INFO][seed181] Saved data to: /mnt/beegfs/rcabanas/dev/credici/papers/zeros/models/s3/simple_nparents1_nzr10_zdr05_ysize3_181.csv
[2024-10-14T10:32:22.008356][INFO][seed26] simple_nparents1_nzr10_zdr05_ysize3_26
[2024-10-14T10:32:22.008918][INFO][seed181] Saved model to: /mnt/beegfs/rcabanas/dev/credici/papers/zeros/models/s3/simple_nparents1_nzr10_zdr05_ysize3_181.uai
[2024-10-14T10:32:22.020341][INFO][seed181] Saved queries to: /mnt/beegfs/rcabanas/dev/credici/papers/zeros/models/s3/simple_nparents1_nzr10_zdr05_ysize3_181_query.csv
[2024-10-14T10:32:22.020411][INFO][seed181] Closing log file
[2024-10-14T10:32:22.020437][INFO][seed181] Closed log file
[2024-10-14T10:32:22.079454][INFO][seed171] U cardinality: 9
[2024-10-14T10:32:22.087727][INFO][seed171] !0 = [0, 1, 2, 3, 4, 5, 6, 7, 8]
[2024-10-14T10:32:22.088209][INFO][seed171] 0 = []
[2024-10-14T10:32:22.077658][INFO][seed196] Set up logging
[2024-10-14T10:32:22.090276][INFO][seed171] U cardinality: 9
[2024-10-14T10:32:22.091776][INFO][seed196] args: -np;1;-nzr;1.0;-zdr;0.5;-o;/mnt/beegfs/rcabanas/dev/credici/papers/zeros/models/s3;-rw;-s;196;-ys;3
[2024-10-14T10:32:22.099312][INFO][seed196] Starting logger with seed 196
[2024-10-14T10:32:22.103468][INFO][seed171] 
[P([3]) [0.176, 0.824], P([2]) [0.002, 0.442, 0.256, 0.001, 0.109, 0.01, 0.153, 0.02, 0.007], P([1, 3]) [1.0, 0.0, 0.0, 1.0], P([0, 1, 2]) [1.0, 0.0, 0.0, 1.0, 0.0, 0.0, 1.0, 0.0, 0.0, 0.0, 1.0, 0.0, 1.0, 0.0, 0.0, 0.0, 0.0, 1.0, 0.0, 1.0, 0.0, 1.0, 0.0, 0.0, 0.0, 1.0, 0.0, 0.0, 1.0, 0.0, 0.0, 1.0, 0.0, 0.0, 0.0, 1.0, 0.0, 0.0, 1.0, 1.0, 0.0, 0.0, 0.0, 0.0, 1.0, 0.0, 1.0, 0.0, 0.0, 0.0, 1.0, 0.0, 0.0, 1.0]]

[2024-10-14T10:32:22.104449][INFO][seed196] simple_nparents1_nzr10_zdr05_ysize3_196
[2024-10-14T10:32:22.127165][INFO][seed197] U cardinality: 9
[2024-10-14T10:32:22.133542][INFO][seed197] !0 = [0, 1, 2, 3, 4, 5, 6, 7, 8]
[2024-10-14T10:32:22.133842][INFO][seed197] 0 = []
[2024-10-14T10:32:22.136764][INFO][seed197] U cardinality: 9
[2024-10-14T10:32:22.141440][INFO][seed136] Sampled 1000 data instances
[2024-10-14T10:32:22.141680][INFO][seed136] Starting exact inference 
[2024-10-14T10:32:22.149462][INFO][seed188] Sampled 1000 data instances
[2024-10-14T10:32:22.149734][INFO][seed188] Starting exact inference 
[2024-10-14T10:32:22.152597][INFO][seed197] 
[P([3]) [0.522, 0.478], P([2]) [0.005, 0.002, 0.004, 0.007, 0.006, 0.503, 0.003, 0.403, 0.067], P([1, 3]) [1.0, 0.0, 0.0, 1.0], P([0, 1, 2]) [1.0, 0.0, 0.0, 1.0, 0.0, 0.0, 1.0, 0.0, 0.0, 0.0, 1.0, 0.0, 1.0, 0.0, 0.0, 0.0, 0.0, 1.0, 0.0, 1.0, 0.0, 1.0, 0.0, 0.0, 0.0, 1.0, 0.0, 0.0, 1.0, 0.0, 0.0, 1.0, 0.0, 0.0, 0.0, 1.0, 0.0, 0.0, 1.0, 1.0, 0.0, 0.0, 0.0, 0.0, 1.0, 0.0, 1.0, 0.0, 0.0, 0.0, 1.0, 0.0, 0.0, 1.0]]

[2024-10-14T10:32:22.171580][INFO][seed60] U cardinality: 9
[2024-10-14T10:32:22.177918][INFO][seed60] !0 = [0, 1, 2, 3, 4, 5, 6, 7, 8]
[2024-10-14T10:32:22.180532][INFO][seed60] 0 = []
[2024-10-14T10:32:22.182252][INFO][seed60] U cardinality: 9
[2024-10-14T10:32:22.190548][INFO][seed169] Sampled 1000 data instances
[2024-10-14T10:32:22.190836][INFO][seed169] Starting exact inference 
[2024-10-14T10:32:22.201886][INFO][seed60] 
[P([3]) [0.998, 0.002], P([2]) [0.003, 0.925, 0.003, 0.001, 0.001, 0.005, 0.007, 0.001, 0.054], P([1, 3]) [1.0, 0.0, 0.0, 1.0], P([0, 1, 2]) [1.0, 0.0, 0.0, 1.0, 0.0, 0.0, 1.0, 0.0, 0.0, 0.0, 1.0, 0.0, 1.0, 0.0, 0.0, 0.0, 0.0, 1.0, 0.0, 1.0, 0.0, 1.0, 0.0, 0.0, 0.0, 1.0, 0.0, 0.0, 1.0, 0.0, 0.0, 1.0, 0.0, 0.0, 0.0, 1.0, 0.0, 0.0, 1.0, 1.0, 0.0, 0.0, 0.0, 0.0, 1.0, 0.0, 1.0, 0.0, 0.0, 0.0, 1.0, 0.0, 0.0, 1.0]]

[2024-10-14T10:32:22.209967][INFO][seed84] U cardinality: 9
[2024-10-14T10:32:22.214476][INFO][seed178] U cardinality: 9
[2024-10-14T10:32:22.216552][INFO][seed84] !0 = [0, 1, 2, 3, 4, 5, 6, 7, 8]
[2024-10-14T10:32:22.216885][INFO][seed84] 0 = []
[2024-10-14T10:32:22.216907][INFO][seed48] U cardinality: 9
[2024-10-14T10:32:22.218497][INFO][seed84] U cardinality: 9
[2024-10-14T10:32:22.220070][INFO][seed178] !0 = [0, 1, 2, 3, 4, 5, 6, 7, 8]
[2024-10-14T10:32:22.220383][INFO][seed178] 0 = []
[2024-10-14T10:32:22.222567][INFO][seed178] U cardinality: 9
[2024-10-14T10:32:22.223681][INFO][seed48] !0 = [0, 1, 2, 3, 4, 5, 6, 7, 8]
[2024-10-14T10:32:22.224119][INFO][seed48] 0 = []
[2024-10-14T10:32:22.226086][INFO][seed48] U cardinality: 9
[2024-10-14T10:32:22.228568][INFO][seed84] 
[P([3]) [0.532, 0.468], P([2]) [0.016, 0.194, 0.101, 0.016, 0.002, 0.158, 0.001, 0.508, 0.004], P([1, 3]) [1.0, 0.0, 0.0, 1.0], P([0, 1, 2]) [1.0, 0.0, 0.0, 1.0, 0.0, 0.0, 1.0, 0.0, 0.0, 0.0, 1.0, 0.0, 1.0, 0.0, 0.0, 0.0, 0.0, 1.0, 0.0, 1.0, 0.0, 1.0, 0.0, 0.0, 0.0, 1.0, 0.0, 0.0, 1.0, 0.0, 0.0, 1.0, 0.0, 0.0, 0.0, 1.0, 0.0, 0.0, 1.0, 1.0, 0.0, 0.0, 0.0, 0.0, 1.0, 0.0, 1.0, 0.0, 0.0, 0.0, 1.0, 0.0, 0.0, 1.0]]

[2024-10-14T10:32:22.234619][INFO][seed178] 
[P([3]) [0.928, 0.072], P([2]) [0.126, 0.068, 0.058, 0.002, 0.085, 0.004, 0.422, 0.044, 0.191], P([1, 3]) [1.0, 0.0, 0.0, 1.0], P([0, 1, 2]) [1.0, 0.0, 0.0, 1.0, 0.0, 0.0, 1.0, 0.0, 0.0, 0.0, 1.0, 0.0, 1.0, 0.0, 0.0, 0.0, 0.0, 1.0, 0.0, 1.0, 0.0, 1.0, 0.0, 0.0, 0.0, 1.0, 0.0, 0.0, 1.0, 0.0, 0.0, 1.0, 0.0, 0.0, 0.0, 1.0, 0.0, 0.0, 1.0, 1.0, 0.0, 0.0, 0.0, 0.0, 1.0, 0.0, 1.0, 0.0, 0.0, 0.0, 1.0, 0.0, 0.0, 1.0]]

[2024-10-14T10:32:22.236087][INFO][seed48] 
[P([3]) [0.236, 0.764], P([2]) [0.092, 0.381, 0.015, 0.04, 0.001, 0.027, 0.388, 0.007, 0.049], P([1, 3]) [1.0, 0.0, 0.0, 1.0], P([0, 1, 2]) [1.0, 0.0, 0.0, 1.0, 0.0, 0.0, 1.0, 0.0, 0.0, 0.0, 1.0, 0.0, 1.0, 0.0, 0.0, 0.0, 0.0, 1.0, 0.0, 1.0, 0.0, 1.0, 0.0, 0.0, 0.0, 1.0, 0.0, 0.0, 1.0, 0.0, 0.0, 1.0, 0.0, 0.0, 0.0, 1.0, 0.0, 0.0, 1.0, 1.0, 0.0, 0.0, 0.0, 0.0, 1.0, 0.0, 1.0, 0.0, 0.0, 0.0, 1.0, 0.0, 0.0, 1.0]]

[2024-10-14T10:32:22.246627][INFO][seed185] U cardinality: 9
[2024-10-14T10:32:22.253733][INFO][seed185] !0 = [0, 1, 2, 3, 4, 5, 6, 7, 8]
[2024-10-14T10:32:22.254197][INFO][seed185] 0 = []
[2024-10-14T10:32:22.256121][INFO][seed185] U cardinality: 9
[2024-10-14T10:32:22.271279][INFO][seed108] U cardinality: 9
[2024-10-14T10:32:22.272411][INFO][seed185] 
[P([3]) [0.182, 0.818], P([2]) [0.848, 0.002, 0.001, 0.001, 0.001, 0.002, 0.143, 0.001, 0.001], P([1, 3]) [1.0, 0.0, 0.0, 1.0], P([0, 1, 2]) [1.0, 0.0, 0.0, 1.0, 0.0, 0.0, 1.0, 0.0, 0.0, 0.0, 1.0, 0.0, 1.0, 0.0, 0.0, 0.0, 0.0, 1.0, 0.0, 1.0, 0.0, 1.0, 0.0, 0.0, 0.0, 1.0, 0.0, 0.0, 1.0, 0.0, 0.0, 1.0, 0.0, 0.0, 0.0, 1.0, 0.0, 0.0, 1.0, 1.0, 0.0, 0.0, 0.0, 0.0, 1.0, 0.0, 1.0, 0.0, 0.0, 0.0, 1.0, 0.0, 0.0, 1.0]]

[2024-10-14T10:32:22.278087][INFO][seed108] !0 = [0, 1, 2, 3, 4, 5, 6, 7, 8]
[2024-10-14T10:32:22.278521][INFO][seed108] 0 = []
[2024-10-14T10:32:22.284157][INFO][seed108] U cardinality: 9
[2024-10-14T10:32:22.293076][INFO][seed108] 
[P([3]) [0.044, 0.956], P([2]) [0.013, 0.011, 0.002, 0.623, 0.006, 0.208, 0.002, 0.001, 0.134], P([1, 3]) [1.0, 0.0, 0.0, 1.0], P([0, 1, 2]) [1.0, 0.0, 0.0, 1.0, 0.0, 0.0, 1.0, 0.0, 0.0, 0.0, 1.0, 0.0, 1.0, 0.0, 0.0, 0.0, 0.0, 1.0, 0.0, 1.0, 0.0, 1.0, 0.0, 0.0, 0.0, 1.0, 0.0, 0.0, 1.0, 0.0, 0.0, 1.0, 0.0, 0.0, 0.0, 1.0, 0.0, 0.0, 1.0, 1.0, 0.0, 0.0, 0.0, 0.0, 1.0, 0.0, 1.0, 0.0, 0.0, 0.0, 1.0, 0.0, 0.0, 1.0]]

[2024-10-14T10:32:22.325055][INFO][seed171] Sampled 1000 data instances
[2024-10-14T10:32:22.325342][INFO][seed171] Starting exact inference 
[2024-10-14T10:32:22.351392][INFO][seed186] PS(V1,V0) in [0.0, 1.0]
[2024-10-14T10:32:22.364001][INFO][seed197] Sampled 1000 data instances
[2024-10-14T10:32:22.364272][INFO][seed197] Starting exact inference 
[2024-10-14T10:32:22.372949][INFO][seed186] PN(V1,V0) in [0.0, 0.9900930044480388] 
[2024-10-14T10:32:22.373201][INFO][seed26] U cardinality: 9
[2024-10-14T10:32:22.379421][INFO][seed26] !0 = [0, 1, 2, 3, 4, 5, 6, 7, 8]
[2024-10-14T10:32:22.379858][INFO][seed26] 0 = []
[2024-10-14T10:32:22.381761][INFO][seed26] U cardinality: 9
[2024-10-14T10:32:22.422695][INFO][seed26] 
[P([3]) [0.336, 0.664], P([2]) [0.001, 0.304, 0.004, 0.112, 0.547, 0.025, 0.002, 0.003, 0.002], P([1, 3]) [1.0, 0.0, 0.0, 1.0], P([0, 1, 2]) [1.0, 0.0, 0.0, 1.0, 0.0, 0.0, 1.0, 0.0, 0.0, 0.0, 1.0, 0.0, 1.0, 0.0, 0.0, 0.0, 0.0, 1.0, 0.0, 1.0, 0.0, 1.0, 0.0, 0.0, 0.0, 1.0, 0.0, 0.0, 1.0, 0.0, 0.0, 1.0, 0.0, 0.0, 0.0, 1.0, 0.0, 0.0, 1.0, 1.0, 0.0, 0.0, 0.0, 0.0, 1.0, 0.0, 1.0, 0.0, 0.0, 0.0, 1.0, 0.0, 0.0, 1.0]]

[2024-10-14T10:32:22.433918][INFO][seed60] Sampled 1000 data instances
[2024-10-14T10:32:22.434215][INFO][seed60] Starting exact inference 
[2024-10-14T10:32:22.435133][INFO][seed84] Sampled 1000 data instances
[2024-10-14T10:32:22.436129][INFO][seed186] Saved data to: /mnt/beegfs/rcabanas/dev/credici/papers/zeros/models/s3/simple_nparents1_nzr10_zdr05_ysize3_186.csv
[2024-10-14T10:32:22.435387][INFO][seed84] Starting exact inference 
[2024-10-14T10:32:22.438284][INFO][seed196] U cardinality: 9
[2024-10-14T10:32:22.444837][INFO][seed196] !0 = [0, 1, 2, 3, 4, 5, 6, 7, 8]
[2024-10-14T10:32:22.445168][INFO][seed196] 0 = []
[2024-10-14T10:32:22.447028][INFO][seed196] U cardinality: 9
[2024-10-14T10:32:22.447443][INFO][seed48] Sampled 1000 data instances
[2024-10-14T10:32:22.447538][INFO][seed48] Starting exact inference 
[2024-10-14T10:32:22.449663][INFO][seed178] Sampled 1000 data instances
[2024-10-14T10:32:22.449901][INFO][seed178] Starting exact inference 
[2024-10-14T10:32:22.456696][INFO][seed196] 
[P([3]) [0.318, 0.682], P([2]) [0.001, 0.001, 0.002, 0.015, 0.624, 0.18, 0.158, 0.018, 0.001], P([1, 3]) [1.0, 0.0, 0.0, 1.0], P([0, 1, 2]) [1.0, 0.0, 0.0, 1.0, 0.0, 0.0, 1.0, 0.0, 0.0, 0.0, 1.0, 0.0, 1.0, 0.0, 0.0, 0.0, 0.0, 1.0, 0.0, 1.0, 0.0, 1.0, 0.0, 0.0, 0.0, 1.0, 0.0, 0.0, 1.0, 0.0, 0.0, 1.0, 0.0, 0.0, 0.0, 1.0, 0.0, 0.0, 1.0, 1.0, 0.0, 0.0, 0.0, 0.0, 1.0, 0.0, 1.0, 0.0, 0.0, 0.0, 1.0, 0.0, 0.0, 1.0]]

[2024-10-14T10:32:22.461768][INFO][seed186] Saved model to: /mnt/beegfs/rcabanas/dev/credici/papers/zeros/models/s3/simple_nparents1_nzr10_zdr05_ysize3_186.uai
[2024-10-14T10:32:22.472389][INFO][seed186] Saved queries to: /mnt/beegfs/rcabanas/dev/credici/papers/zeros/models/s3/simple_nparents1_nzr10_zdr05_ysize3_186_query.csv
[2024-10-14T10:32:22.472459][INFO][seed186] Closing log file
[2024-10-14T10:32:22.472485][INFO][seed186] Closed log file
[2024-10-14T10:32:22.496522][INFO][seed185] Sampled 1000 data instances
[2024-10-14T10:32:22.496628][INFO][seed185] Starting exact inference 
[2024-10-14T10:32:22.508108][INFO][seed108] Sampled 1000 data instances
[2024-10-14T10:32:22.508391][INFO][seed108] Starting exact inference 
[2024-10-14T10:32:22.594240][INFO][seed105] PS(V1,V0) in [0.0, 0.8414443172920557]
[2024-10-14T10:32:22.607068][INFO][seed105] PN(V1,V0) in [0.0, 1.0] 
[2024-10-14T10:32:22.649578][INFO][seed26] Sampled 1000 data instances
[2024-10-14T10:32:22.649860][INFO][seed26] Starting exact inference 
[2024-10-14T10:32:22.654623][INFO][seed105] Saved data to: /mnt/beegfs/rcabanas/dev/credici/papers/zeros/models/s3/simple_nparents1_nzr10_zdr05_ysize3_105.csv
[2024-10-14T10:32:22.678231][INFO][seed105] Saved model to: /mnt/beegfs/rcabanas/dev/credici/papers/zeros/models/s3/simple_nparents1_nzr10_zdr05_ysize3_105.uai
[2024-10-14T10:32:22.681244][INFO][seed196] Sampled 1000 data instances
[2024-10-14T10:32:22.681523][INFO][seed196] Starting exact inference 
[2024-10-14T10:32:22.685191][INFO][seed105] Saved queries to: /mnt/beegfs/rcabanas/dev/credici/papers/zeros/models/s3/simple_nparents1_nzr10_zdr05_ysize3_105_query.csv
[2024-10-14T10:32:22.685268][INFO][seed105] Closing log file
[2024-10-14T10:32:22.685295][INFO][seed105] Closed log file
[2024-10-14T10:32:22.726142][INFO][seed195] PS(V1,V0) in [0.0, 1.0]
[2024-10-14T10:32:22.729200][INFO][seed45] PS(V1,V0) in [0.0, 1.0]
[2024-10-14T10:32:22.738606][INFO][seed195] PN(V1,V0) in [0.0, 0.11022772290753112] 
[2024-10-14T10:32:22.743565][INFO][seed45] PN(V1,V0) in [0.0, 0.0273774206358476] 
[2024-10-14T10:32:22.786478][INFO][seed195] Saved data to: /mnt/beegfs/rcabanas/dev/credici/papers/zeros/models/s3/simple_nparents1_nzr10_zdr05_ysize3_195.csv
[2024-10-14T10:32:22.787320][INFO][seed45] Saved data to: /mnt/beegfs/rcabanas/dev/credici/papers/zeros/models/s3/simple_nparents1_nzr10_zdr05_ysize3_45.csv
[2024-10-14T10:32:22.799900][INFO][seed195] Saved model to: /mnt/beegfs/rcabanas/dev/credici/papers/zeros/models/s3/simple_nparents1_nzr10_zdr05_ysize3_195.uai
[2024-10-14T10:32:22.808293][INFO][seed195] Saved queries to: /mnt/beegfs/rcabanas/dev/credici/papers/zeros/models/s3/simple_nparents1_nzr10_zdr05_ysize3_195_query.csv
[2024-10-14T10:32:22.808363][INFO][seed195] Closing log file
[2024-10-14T10:32:22.808388][INFO][seed195] Closed log file
[2024-10-14T10:32:22.808916][INFO][seed45] Saved model to: /mnt/beegfs/rcabanas/dev/credici/papers/zeros/models/s3/simple_nparents1_nzr10_zdr05_ysize3_45.uai
[2024-10-14T10:32:22.812999][INFO][seed45] Saved queries to: /mnt/beegfs/rcabanas/dev/credici/papers/zeros/models/s3/simple_nparents1_nzr10_zdr05_ysize3_45_query.csv
[2024-10-14T10:32:22.813213][INFO][seed45] Closing log file
[2024-10-14T10:32:22.813302][INFO][seed45] Closed log file
[2024-10-14T10:32:22.850752][INFO][seed121] PS(V1,V0) in [0.0, 1.0]
[2024-10-14T10:32:22.862807][INFO][seed121] PN(V1,V0) in [0.0, 0.625] 
[2024-10-14T10:32:22.871186][INFO][seed138] PS(V1,V0) in [0.009133310128785242, 0.4014061956143404]
[2024-10-14T10:32:22.881325][INFO][seed138] PN(V1,V0) in [0.022753286393118518, 1.0] 
[2024-10-14T10:32:22.906081][INFO][seed121] Saved data to: /mnt/beegfs/rcabanas/dev/credici/papers/zeros/models/s3/simple_nparents1_nzr10_zdr05_ysize3_121.csv
[2024-10-14T10:32:22.937448][INFO][seed121] Saved model to: /mnt/beegfs/rcabanas/dev/credici/papers/zeros/models/s3/simple_nparents1_nzr10_zdr05_ysize3_121.uai
[2024-10-14T10:32:22.941529][INFO][seed121] Saved queries to: /mnt/beegfs/rcabanas/dev/credici/papers/zeros/models/s3/simple_nparents1_nzr10_zdr05_ysize3_121_query.csv
[2024-10-14T10:32:22.941634][INFO][seed121] Closing log file
[2024-10-14T10:32:22.941718][INFO][seed121] Closed log file
[2024-10-14T10:32:22.949089][INFO][seed175] PS(V1,V0) in [0.0, 0.07886985927784444]
[2024-10-14T10:32:22.956998][INFO][seed138] Saved data to: /mnt/beegfs/rcabanas/dev/credici/papers/zeros/models/s3/simple_nparents1_nzr10_zdr05_ysize3_138.csv
[2024-10-14T10:32:22.960414][INFO][seed175] PN(V1,V0) in [0.0, 1.0] 
[2024-10-14T10:32:22.974941][INFO][seed138] Saved model to: /mnt/beegfs/rcabanas/dev/credici/papers/zeros/models/s3/simple_nparents1_nzr10_zdr05_ysize3_138.uai
[2024-10-14T10:32:22.980600][INFO][seed138] Saved queries to: /mnt/beegfs/rcabanas/dev/credici/papers/zeros/models/s3/simple_nparents1_nzr10_zdr05_ysize3_138_query.csv
[2024-10-14T10:32:22.980857][INFO][seed138] Closing log file
[2024-10-14T10:32:22.980954][INFO][seed138] Closed log file
[2024-10-14T10:32:22.981858][INFO][seed35] PS(V1,V0) in [0.0, 1.0]
[2024-10-14T10:32:23.004978][INFO][seed175] Saved data to: /mnt/beegfs/rcabanas/dev/credici/papers/zeros/models/s3/simple_nparents1_nzr10_zdr05_ysize3_175.csv
[2024-10-14T10:32:23.006722][INFO][seed194] PS(V1,V0) in [0.0, 0.0]
[2024-10-14T10:32:23.010371][INFO][seed35] PN(V1,V0) in [0.0, 0.0440533915916236] 
[2024-10-14T10:32:23.026224][INFO][seed175] Saved model to: /mnt/beegfs/rcabanas/dev/credici/papers/zeros/models/s3/simple_nparents1_nzr10_zdr05_ysize3_175.uai
[2024-10-14T10:32:23.031218][INFO][seed175] Saved queries to: /mnt/beegfs/rcabanas/dev/credici/papers/zeros/models/s3/simple_nparents1_nzr10_zdr05_ysize3_175_query.csv
[2024-10-14T10:32:23.031453][INFO][seed175] Closing log file
[2024-10-14T10:32:23.031547][INFO][seed175] Closed log file
[2024-10-14T10:32:23.031298][INFO][seed194] No feasible solution... resampling
[2024-10-14T10:32:23.033802][INFO][seed57] PS(V1,V0) in [0.0, 0.35775213246362275]
[2024-10-14T10:32:23.046034][INFO][seed35] Saved data to: /mnt/beegfs/rcabanas/dev/credici/papers/zeros/models/s3/simple_nparents1_nzr10_zdr05_ysize3_35.csv
[2024-10-14T10:32:23.061995][INFO][seed57] PN(V1,V0) in [0.0, 1.0] 
[2024-10-14T10:32:23.066243][INFO][seed35] Saved model to: /mnt/beegfs/rcabanas/dev/credici/papers/zeros/models/s3/simple_nparents1_nzr10_zdr05_ysize3_35.uai
[2024-10-14T10:32:23.070647][INFO][seed35] Saved queries to: /mnt/beegfs/rcabanas/dev/credici/papers/zeros/models/s3/simple_nparents1_nzr10_zdr05_ysize3_35_query.csv
[2024-10-14T10:32:23.070850][INFO][seed35] Closing log file
[2024-10-14T10:32:23.070944][INFO][seed35] Closed log file
[2024-10-14T10:32:23.071209][INFO][seed183] PS(V1,V0) in [0.0, 0.7618215271389145]
[2024-10-14T10:32:23.092017][INFO][seed90] PS(V1,V0) in [0.7260268786674238, 0.9879361473910026]
[2024-10-14T10:32:23.095623][INFO][seed194] Sampled 1100 data instances
[2024-10-14T10:32:23.095817][INFO][seed183] PN(V1,V0) in [0.0, 1.0] 
[2024-10-14T10:32:23.104368][INFO][seed57] Saved data to: /mnt/beegfs/rcabanas/dev/credici/papers/zeros/models/s3/simple_nparents1_nzr10_zdr05_ysize3_57.csv
[2024-10-14T10:32:23.105812][INFO][seed194] Starting exact inference 
[2024-10-14T10:32:23.113810][INFO][seed90] PN(V1,V0) in [0.7348925136353766, 1.0] 
[2024-10-14T10:32:23.122785][INFO][seed57] Saved model to: /mnt/beegfs/rcabanas/dev/credici/papers/zeros/models/s3/simple_nparents1_nzr10_zdr05_ysize3_57.uai
[2024-10-14T10:32:23.125931][INFO][seed183] Saved data to: /mnt/beegfs/rcabanas/dev/credici/papers/zeros/models/s3/simple_nparents1_nzr10_zdr05_ysize3_183.csv
[2024-10-14T10:32:23.129638][INFO][seed57] Saved queries to: /mnt/beegfs/rcabanas/dev/credici/papers/zeros/models/s3/simple_nparents1_nzr10_zdr05_ysize3_57_query.csv
[2024-10-14T10:32:23.129847][INFO][seed57] Closing log file
[2024-10-14T10:32:23.129934][INFO][seed57] Closed log file
[2024-10-14T10:32:23.144612][INFO][seed183] Saved model to: /mnt/beegfs/rcabanas/dev/credici/papers/zeros/models/s3/simple_nparents1_nzr10_zdr05_ysize3_183.uai
[2024-10-14T10:32:23.148680][INFO][seed183] Saved queries to: /mnt/beegfs/rcabanas/dev/credici/papers/zeros/models/s3/simple_nparents1_nzr10_zdr05_ysize3_183_query.csv
[2024-10-14T10:32:23.148857][INFO][seed183] Closing log file
[2024-10-14T10:32:23.148944][INFO][seed183] Closed log file
[2024-10-14T10:32:23.162938][INFO][seed90] Saved data to: /mnt/beegfs/rcabanas/dev/credici/papers/zeros/models/s3/simple_nparents1_nzr10_zdr05_ysize3_90.csv
[2024-10-14T10:32:23.176019][INFO][seed90] Saved model to: /mnt/beegfs/rcabanas/dev/credici/papers/zeros/models/s3/simple_nparents1_nzr10_zdr05_ysize3_90.uai
[2024-10-14T10:32:23.180136][INFO][seed90] Saved queries to: /mnt/beegfs/rcabanas/dev/credici/papers/zeros/models/s3/simple_nparents1_nzr10_zdr05_ysize3_90_query.csv
[2024-10-14T10:32:23.180349][INFO][seed90] Closing log file
[2024-10-14T10:32:23.180442][INFO][seed90] Closed log file
[2024-10-14T10:32:23.229002][INFO][seed92] PS(V1,V0) in [0.0, 0.8203373493975904]
[2024-10-14T10:32:23.249859][INFO][seed92] PN(V1,V0) in [0.0, 1.0] 
[2024-10-14T10:32:23.251911][INFO][seed104] PS(V1,V0) in [0.6942675159235668, 1.0]
[2024-10-14T10:32:23.277977][INFO][seed104] PN(V1,V0) in [0.6542920445177247, 0.9424206512778236] 
[2024-10-14T10:32:23.281951][INFO][seed194] PS(V1,V0) in [0.0, 0.0]
[2024-10-14T10:32:23.285110][INFO][seed194] No feasible solution... resampling
[2024-10-14T10:32:23.295003][INFO][seed92] Saved data to: /mnt/beegfs/rcabanas/dev/credici/papers/zeros/models/s3/simple_nparents1_nzr10_zdr05_ysize3_92.csv
[2024-10-14T10:32:23.305846][INFO][seed104] Saved data to: /mnt/beegfs/rcabanas/dev/credici/papers/zeros/models/s3/simple_nparents1_nzr10_zdr05_ysize3_104.csv
[2024-10-14T10:32:23.310508][INFO][seed92] Saved model to: /mnt/beegfs/rcabanas/dev/credici/papers/zeros/models/s3/simple_nparents1_nzr10_zdr05_ysize3_92.uai
[2024-10-14T10:32:23.323582][INFO][seed92] Saved queries to: /mnt/beegfs/rcabanas/dev/credici/papers/zeros/models/s3/simple_nparents1_nzr10_zdr05_ysize3_92_query.csv
[2024-10-14T10:32:23.323630][INFO][seed92] Closing log file
[2024-10-14T10:32:23.323655][INFO][seed92] Closed log file
[2024-10-14T10:32:23.329033][INFO][seed104] Saved model to: /mnt/beegfs/rcabanas/dev/credici/papers/zeros/models/s3/simple_nparents1_nzr10_zdr05_ysize3_104.uai
[2024-10-14T10:32:23.331564][INFO][seed194] Sampled 1200 data instances
[2024-10-14T10:32:23.333091][INFO][seed104] Saved queries to: /mnt/beegfs/rcabanas/dev/credici/papers/zeros/models/s3/simple_nparents1_nzr10_zdr05_ysize3_104_query.csv
[2024-10-14T10:32:23.333238][INFO][seed104] Closing log file
[2024-10-14T10:32:23.333321][INFO][seed104] Closed log file
[2024-10-14T10:32:23.334835][INFO][seed194] Starting exact inference 
[2024-10-14T10:32:23.349419][INFO][seed79] PS(V1,V0) in [0.0, 0.17693768878647279]
[2024-10-14T10:32:23.361698][INFO][seed79] PN(V1,V0) in [0.0, 1.0] 
[2024-10-14T10:32:23.388562][INFO][seed136] PS(V1,V0) in [0.0, 0.07869762009052417]
[2024-10-14T10:32:23.399483][INFO][seed136] PN(V1,V0) in [0.0, 1.0] 
[2024-10-14T10:32:23.404971][INFO][seed79] Saved data to: /mnt/beegfs/rcabanas/dev/credici/papers/zeros/models/s3/simple_nparents1_nzr10_zdr05_ysize3_79.csv
[2024-10-14T10:32:23.417812][INFO][seed79] Saved model to: /mnt/beegfs/rcabanas/dev/credici/papers/zeros/models/s3/simple_nparents1_nzr10_zdr05_ysize3_79.uai
[2024-10-14T10:32:23.422602][INFO][seed79] Saved queries to: /mnt/beegfs/rcabanas/dev/credici/papers/zeros/models/s3/simple_nparents1_nzr10_zdr05_ysize3_79_query.csv
[2024-10-14T10:32:23.422856][INFO][seed79] Closing log file
[2024-10-14T10:32:23.422943][INFO][seed79] Closed log file
[2024-10-14T10:32:23.433999][INFO][seed136] Saved data to: /mnt/beegfs/rcabanas/dev/credici/papers/zeros/models/s3/simple_nparents1_nzr10_zdr05_ysize3_136.csv
[2024-10-14T10:32:23.447845][INFO][seed136] Saved model to: /mnt/beegfs/rcabanas/dev/credici/papers/zeros/models/s3/simple_nparents1_nzr10_zdr05_ysize3_136.uai
[2024-10-14T10:32:23.460601][INFO][seed136] Saved queries to: /mnt/beegfs/rcabanas/dev/credici/papers/zeros/models/s3/simple_nparents1_nzr10_zdr05_ysize3_136_query.csv
[2024-10-14T10:32:23.460656][INFO][seed136] Closing log file
[2024-10-14T10:32:23.460681][INFO][seed136] Closed log file
[2024-10-14T10:32:23.470254][INFO][seed188] PS(V1,V0) in [0.49067596633741933, 1.0]
[2024-10-14T10:32:23.493133][INFO][seed188] PN(V1,V0) in [0.31076577172331704, 0.633342150509192] 
[2024-10-14T10:32:23.503371][INFO][seed194] PS(V1,V0) in [0.0, 0.029182820905839568]
[2024-10-14T10:32:23.507077][INFO][seed169] PS(V1,V0) in [0.9063300686580077, 1.0]
[2024-10-14T10:32:23.509448][INFO][seed194] PN(V1,V0) in [0.0, 1.0] 
Removed 000
Removed 000
Removed 000
Removed 000
Removed 000
Removed 000
Removed 000
Removed 000
Removed 000
Removed 000
Removed 000
Removed 000
Removed 000
Removed 000
Removed 000
Removed 000
Removed 000
Removed 000
Error in variable: 2
[2024-10-14T10:32:23.516154][INFO][seed48] No feasible solution... resampling
[2024-10-14T10:32:23.525926][INFO][seed188] Saved data to: /mnt/beegfs/rcabanas/dev/credici/papers/zeros/models/s3/simple_nparents1_nzr10_zdr05_ysize3_188.csv
[2024-10-14T10:32:23.531080][INFO][seed169] PN(V1,V0) in [0.892490852493037, 0.9847304898694774] 
[2024-10-14T10:32:23.536616][INFO][seed194] Saved data to: /mnt/beegfs/rcabanas/dev/credici/papers/zeros/models/s3/simple_nparents1_nzr10_zdr05_ysize3_194.csv
[2024-10-14T10:32:23.540004][INFO][seed188] Saved model to: /mnt/beegfs/rcabanas/dev/credici/papers/zeros/models/s3/simple_nparents1_nzr10_zdr05_ysize3_188.uai
[2024-10-14T10:32:23.546836][INFO][seed188] Saved queries to: /mnt/beegfs/rcabanas/dev/credici/papers/zeros/models/s3/simple_nparents1_nzr10_zdr05_ysize3_188_query.csv
[2024-10-14T10:32:23.547056][INFO][seed188] Closing log file
[2024-10-14T10:32:23.547142][INFO][seed188] Closed log file
[2024-10-14T10:32:23.553160][INFO][seed169] Saved data to: /mnt/beegfs/rcabanas/dev/credici/papers/zeros/models/s3/simple_nparents1_nzr10_zdr05_ysize3_169.csv
[2024-10-14T10:32:23.555342][INFO][seed194] Saved model to: /mnt/beegfs/rcabanas/dev/credici/papers/zeros/models/s3/simple_nparents1_nzr10_zdr05_ysize3_194.uai
[2024-10-14T10:32:23.559237][INFO][seed194] Saved queries to: /mnt/beegfs/rcabanas/dev/credici/papers/zeros/models/s3/simple_nparents1_nzr10_zdr05_ysize3_194_query.csv
[2024-10-14T10:32:23.559504][INFO][seed194] Closing log file
[2024-10-14T10:32:23.559599][INFO][seed194] Closed log file
[2024-10-14T10:32:23.569712][INFO][seed169] Saved model to: /mnt/beegfs/rcabanas/dev/credici/papers/zeros/models/s3/simple_nparents1_nzr10_zdr05_ysize3_169.uai
[2024-10-14T10:32:23.573590][INFO][seed169] Saved queries to: /mnt/beegfs/rcabanas/dev/credici/papers/zeros/models/s3/simple_nparents1_nzr10_zdr05_ysize3_169_query.csv
[2024-10-14T10:32:23.573767][INFO][seed169] Closing log file
[2024-10-14T10:32:23.573852][INFO][seed169] Closed log file
[2024-10-14T10:32:23.584705][INFO][seed48] Sampled 1100 data instances
[2024-10-14T10:32:23.584990][INFO][seed48] Starting exact inference 
[2024-10-14T10:32:23.587114][INFO][seed197] PS(V1,V0) in [0.0, 1.0]
[2024-10-14T10:32:23.597804][INFO][seed197] PN(V1,V0) in [0.0, 0.053689134594939396] 
[2024-10-14T10:32:23.603655][INFO][seed60] PS(V1,V0) in [1.0, 1.0]
[2024-10-14T10:32:23.621480][INFO][seed60] PN(V1,V0) in [0.93788, 0.93788] 
[2024-10-14T10:32:23.622227][INFO][seed84] PS(V1,V0) in [0.1475524943159021, 1.0]
[2024-10-14T10:32:23.628865][INFO][seed171] PS(V1,V0) in [0.41199561677277957, 0.7990928384170447]
[2024-10-14T10:32:23.640865][INFO][seed197] Saved data to: /mnt/beegfs/rcabanas/dev/credici/papers/zeros/models/s3/simple_nparents1_nzr10_zdr05_ysize3_197.csv
[2024-10-14T10:32:23.640899][INFO][seed171] PN(V1,V0) in [0.5155791629780069, 1.0] 
[2024-10-14T10:32:23.646156][INFO][seed60] Saved data to: /mnt/beegfs/rcabanas/dev/credici/papers/zeros/models/s3/simple_nparents1_nzr10_zdr05_ysize3_60.csv
[2024-10-14T10:32:23.648048][INFO][seed185] PS(V1,V0) in [0.0, 0.004076658912152431]
[2024-10-14T10:32:23.648437][INFO][seed84] PN(V1,V0) in [0.059230924099053756, 0.4014227233071606] 
[2024-10-14T10:32:23.650895][INFO][seed197] Saved model to: /mnt/beegfs/rcabanas/dev/credici/papers/zeros/models/s3/simple_nparents1_nzr10_zdr05_ysize3_197.uai
[2024-10-14T10:32:23.653268][INFO][seed185] PN(V1,V0) in [0.0, 1.0] 
[2024-10-14T10:32:23.654228][INFO][seed197] Saved queries to: /mnt/beegfs/rcabanas/dev/credici/papers/zeros/models/s3/simple_nparents1_nzr10_zdr05_ysize3_197_query.csv
[2024-10-14T10:32:23.654328][INFO][seed197] Closing log file
[2024-10-14T10:32:23.654413][INFO][seed197] Closed log file
[2024-10-14T10:32:23.664798][INFO][seed60] Saved model to: /mnt/beegfs/rcabanas/dev/credici/papers/zeros/models/s3/simple_nparents1_nzr10_zdr05_ysize3_60.uai
[2024-10-14T10:32:23.668556][INFO][seed60] Saved queries to: /mnt/beegfs/rcabanas/dev/credici/papers/zeros/models/s3/simple_nparents1_nzr10_zdr05_ysize3_60_query.csv
[2024-10-14T10:32:23.668674][INFO][seed60] Closing log file
[2024-10-14T10:32:23.668770][INFO][seed60] Closed log file
[2024-10-14T10:32:23.678838][INFO][seed84] Saved data to: /mnt/beegfs/rcabanas/dev/credici/papers/zeros/models/s3/simple_nparents1_nzr10_zdr05_ysize3_84.csv
[2024-10-14T10:32:23.680954][INFO][seed171] Saved data to: /mnt/beegfs/rcabanas/dev/credici/papers/zeros/models/s3/simple_nparents1_nzr10_zdr05_ysize3_171.csv
[2024-10-14T10:32:23.687834][INFO][seed84] Saved model to: /mnt/beegfs/rcabanas/dev/credici/papers/zeros/models/s3/simple_nparents1_nzr10_zdr05_ysize3_84.uai
[2024-10-14T10:32:23.691029][INFO][seed84] Saved queries to: /mnt/beegfs/rcabanas/dev/credici/papers/zeros/models/s3/simple_nparents1_nzr10_zdr05_ysize3_84_query.csv
[2024-10-14T10:32:23.691143][INFO][seed84] Closing log file
[2024-10-14T10:32:23.691206][INFO][seed171] Saved model to: /mnt/beegfs/rcabanas/dev/credici/papers/zeros/models/s3/simple_nparents1_nzr10_zdr05_ysize3_171.uai
[2024-10-14T10:32:23.691228][INFO][seed84] Closed log file
[2024-10-14T10:32:23.696906][INFO][seed185] Saved data to: /mnt/beegfs/rcabanas/dev/credici/papers/zeros/models/s3/simple_nparents1_nzr10_zdr05_ysize3_185.csv
[2024-10-14T10:32:23.702017][INFO][seed171] Saved queries to: /mnt/beegfs/rcabanas/dev/credici/papers/zeros/models/s3/simple_nparents1_nzr10_zdr05_ysize3_171_query.csv
[2024-10-14T10:32:23.702110][INFO][seed171] Closing log file
[2024-10-14T10:32:23.702136][INFO][seed171] Closed log file
[2024-10-14T10:32:23.698184][INFO][seed108] No feasible solution... resampling
[2024-10-14T10:32:23.707008][INFO][seed185] Saved model to: /mnt/beegfs/rcabanas/dev/credici/papers/zeros/models/s3/simple_nparents1_nzr10_zdr05_ysize3_185.uai
[2024-10-14T10:32:23.710538][INFO][seed185] Saved queries to: /mnt/beegfs/rcabanas/dev/credici/papers/zeros/models/s3/simple_nparents1_nzr10_zdr05_ysize3_185_query.csv
[2024-10-14T10:32:23.710657][INFO][seed185] Closing log file
[2024-10-14T10:32:23.710751][INFO][seed185] Closed log file
[2024-10-14T10:32:23.726028][INFO][seed178] PS(V1,V0) in [0.0, 0.6211452081681954]
[2024-10-14T10:32:23.752360][INFO][seed178] PN(V1,V0) in [0.0, 1.0] 
[2024-10-14T10:32:23.770315][INFO][seed108] Sampled 1100 data instances
[2024-10-14T10:32:23.770613][INFO][seed108] Starting exact inference 
[2024-10-14T10:32:23.787296][INFO][seed178] Saved data to: /mnt/beegfs/rcabanas/dev/credici/papers/zeros/models/s3/simple_nparents1_nzr10_zdr05_ysize3_178.csv
[2024-10-14T10:32:23.799672][INFO][seed178] Saved model to: /mnt/beegfs/rcabanas/dev/credici/papers/zeros/models/s3/simple_nparents1_nzr10_zdr05_ysize3_178.uai
[2024-10-14T10:32:23.804411][INFO][seed178] Saved queries to: /mnt/beegfs/rcabanas/dev/credici/papers/zeros/models/s3/simple_nparents1_nzr10_zdr05_ysize3_178_query.csv
[2024-10-14T10:32:23.804584][INFO][seed178] Closing log file
[2024-10-14T10:32:23.804674][INFO][seed178] Closed log file
[2024-10-14T10:32:23.833174][INFO][seed196] PS(V1,V0) in [0.0, 1.0]
[2024-10-14T10:32:23.857792][INFO][seed196] PN(V1,V0) in [0.0, 0.00499962008965884] 
[2024-10-14T10:32:23.864850][INFO][seed26] PS(V1,V0) in [0.5395574924572578, 1.0]
[2024-10-14T10:32:23.864792][INFO][seed48] PS(V1,V0) in [0.0, 0.77318]
[2024-10-14T10:32:23.875416][INFO][seed48] PN(V1,V0) in [0.0, 1.0] 
[2024-10-14T10:32:23.875894][INFO][seed26] PN(V1,V0) in [0.18657624760911143, 0.34579493421433954] 
[2024-10-14T10:32:23.894491][INFO][seed196] Saved data to: /mnt/beegfs/rcabanas/dev/credici/papers/zeros/models/s3/simple_nparents1_nzr10_zdr05_ysize3_196.csv
[2024-10-14T10:32:23.913492][INFO][seed196] Saved model to: /mnt/beegfs/rcabanas/dev/credici/papers/zeros/models/s3/simple_nparents1_nzr10_zdr05_ysize3_196.uai
[2024-10-14T10:32:23.916219][INFO][seed26] Saved data to: /mnt/beegfs/rcabanas/dev/credici/papers/zeros/models/s3/simple_nparents1_nzr10_zdr05_ysize3_26.csv
[2024-10-14T10:32:23.921865][INFO][seed48] Saved data to: /mnt/beegfs/rcabanas/dev/credici/papers/zeros/models/s3/simple_nparents1_nzr10_zdr05_ysize3_48.csv
[2024-10-14T10:32:23.924213][INFO][seed196] Saved queries to: /mnt/beegfs/rcabanas/dev/credici/papers/zeros/models/s3/simple_nparents1_nzr10_zdr05_ysize3_196_query.csv
[2024-10-14T10:32:23.924275][INFO][seed196] Closing log file
[2024-10-14T10:32:23.924299][INFO][seed196] Closed log file
[2024-10-14T10:32:23.931171][INFO][seed26] Saved model to: /mnt/beegfs/rcabanas/dev/credici/papers/zeros/models/s3/simple_nparents1_nzr10_zdr05_ysize3_26.uai
[2024-10-14T10:32:23.932530][INFO][seed48] Saved model to: /mnt/beegfs/rcabanas/dev/credici/papers/zeros/models/s3/simple_nparents1_nzr10_zdr05_ysize3_48.uai
[2024-10-14T10:32:23.944344][INFO][seed26] Saved queries to: /mnt/beegfs/rcabanas/dev/credici/papers/zeros/models/s3/simple_nparents1_nzr10_zdr05_ysize3_26_query.csv
[2024-10-14T10:32:23.944426][INFO][seed26] Closing log file
[2024-10-14T10:32:23.944452][INFO][seed26] Closed log file
[2024-10-14T10:32:23.944799][INFO][seed48] Saved queries to: /mnt/beegfs/rcabanas/dev/credici/papers/zeros/models/s3/simple_nparents1_nzr10_zdr05_ysize3_48_query.csv
[2024-10-14T10:32:23.944871][INFO][seed48] Closing log file
[2024-10-14T10:32:23.944897][INFO][seed48] Closed log file
[2024-10-14T10:32:23.962447][INFO][seed108] PS(V1,V0) in [0.0, 1.0]
[2024-10-14T10:32:23.986382][INFO][seed108] PN(V1,V0) in [0.0, 0.7726942628903413] 
[2024-10-14T10:32:24.022151][INFO][seed108] Saved data to: /mnt/beegfs/rcabanas/dev/credici/papers/zeros/models/s3/simple_nparents1_nzr10_zdr05_ysize3_108.csv
[2024-10-14T10:32:24.032296][INFO][seed108] Saved model to: /mnt/beegfs/rcabanas/dev/credici/papers/zeros/models/s3/simple_nparents1_nzr10_zdr05_ysize3_108.uai
[2024-10-14T10:32:24.035964][INFO][seed108] Saved queries to: /mnt/beegfs/rcabanas/dev/credici/papers/zeros/models/s3/simple_nparents1_nzr10_zdr05_ysize3_108_query.csv
[2024-10-14T10:32:24.036072][INFO][seed108] Closing log file
[2024-10-14T10:32:24.036161][INFO][seed108] Closed log file
