avg_exo_card,tw,exo_dag,avg_indegree,dag,num_exo_vars,exo_cc,endo_dag,exo_tw,endo_tw,endo_cc,avg_endo_indegree,datasize,max_exo_card,markovianity,ratio
8.666666666666666,3,([0  1  2  3  4  5  6  7  8  9  10  11  12]  [(8 0)  (9 1)  (10 2)  (6 3)  (11 4)  (12 5)  (6 7)]),1.1538461538461537,([0  1  2  3  4  5  6  7  8  9  10  11  12]  [(3 0)  (8 0)  (7 1)  (9 1)  (0 2)  (1 2)  (10 2)  (1 3)  (6 3)  (7 4)  (11 4)  (0 5)  (1 5)  (12 5)  (6 7)]),6,[8][9][10][6][11][12],([0  1  2  3  4  5  7]  [(3 0)  (7 1)  (0 2)  (1 2)  (1 3)  (7 4)  (0 5)  (1 5)]),1,2,[0][1][2][3 7][4][5],1.1428571428571428,3500,16,1,0.9956876330154082
