avg_exo_card,tw,exo_dag,avg_indegree,dag,num_exo_vars,exo_cc,endo_dag,exo_tw,endo_tw,endo_cc,avg_endo_indegree,datasize,max_exo_card,markovianity,ratio
12.666666666666666,3,([0  1  2  3  4  5  6  7  8  9  10  11  12  13]  [(1 0)  (10 2)  (3 4)  (3 5)  (11 6)  (12 7)  (13 8)  (1 9)]),1.3571428571428572,([0  1  2  3  4  5  6  7  8  9  10  11  12  13]  [(1 0)  (4 2)  (6 2)  (10 2)  (3 4)  (2 5)  (3 5)  (6 5)  (9 6)  (11 6)  (5 7)  (6 7)  (12 7)  (2 8)  (7 8)  (13 8)  (0 9)  (1 9)  (4 9)]),6,[1][10][3][11][12][13],([0  2  4  5  6  7  8  9]  [(4 2)  (6 2)  (2 5)  (6 5)  (9 6)  (5 7)  (6 7)  (2 8)  (7 8)  (0 9)  (4 9)]),1,3,[0 9][2][4 5][6][7][8],1.375,1000,16,1,0.9863724062551551
