avg_exo_card,exo_dag,avg_indegree,dag,num_exo_vars,exo_cc,endo_dag,exo_tw,endo_cc,avg_endo_indegree,datasize,max_exo_card,markovianity,ratio
10.0,([0  1  2  3  4  5  6  7  8  9  10  11  12]  [(10 0)  (9 2)  (9 3)  (11 4)  (12 5)  (7 6)  (1 8)  (7 8)]),1.3076923076923077,([0  1  2  3  4  5  6  7  8  9  10  11  12]  [(4 0)  (10 0)  (9 2)  (2 3)  (4 3)  (9 3)  (2 4)  (6 4)  (11 4)  (3 5)  (8 5)  (12 5)  (7 6)  (8 6)  (1 8)  (2 8)  (7 8)]),6,[10][1 7][9][11][12],([0  2  3  4  5  6  8]  [(4 0)  (2 3)  (4 3)  (2 4)  (6 4)  (3 5)  (8 5)  (8 6)  (2 8)]),2,[0][6 8][2 3][4][5],1.2857142857142858,1500,16,2,0.9847293124176031
