avg_exo_card,tw,exo_dag,avg_indegree,dag,num_exo_vars,exo_cc,endo_dag,exo_tw,endo_tw,endo_cc,avg_endo_indegree,datasize,max_exo_card,markovianity,ratio
8.333333333333334,3,([0  1  2  3  4  5  6  7  8  9  10  11]  [(7 0)  (8 1)  (3 2)  (9 4)  (10 5)  (11 6)]),1.1666666666666667,([0  1  2  3  4  5  6  7  8  9  10  11]  [(4 0)  (5 0)  (7 0)  (0 1)  (4 1)  (8 1)  (3 2)  (2 4)  (9 4)  (4 5)  (10 5)  (0 6)  (4 6)  (11 6)]),6,[7][8][3][9][10][11],([0  1  2  4  5  6]  [(4 0)  (5 0)  (0 1)  (4 1)  (2 4)  (4 5)  (0 6)  (4 6)]),1,2,[0][1][2][4][5][6],1.3333333333333333,1000,16,0,0.9955923001975487
