avg_exo_card,tw,exo_dag,avg_indegree,dag,num_exo_vars,exo_cc,endo_dag,exo_tw,endo_tw,endo_cc,avg_endo_indegree,datasize,max_exo_card,markovianity,ratio
10.333333333333334,3,([0  1  2  3  4  5  6  7  8  9  10  11  12]  [(9 1)  (10 2)  (11 3)  (12 4)  (6 5)  (6 7)  (0 8)]),1.3076923076923077,([0  1  2  3  4  5  6  7  8  9  10  11  12]  [(8 1)  (9 1)  (7 2)  (8 2)  (10 2)  (1 3)  (8 3)  (11 3)  (5 4)  (7 4)  (12 4)  (3 5)  (6 5)  (7 5)  (3 7)  (6 7)  (0 8)]),6,[0][9][10][11][12][6],([1  2  3  4  5  7  8]  [(8 1)  (7 2)  (8 2)  (1 3)  (8 3)  (5 4)  (7 4)  (3 5)  (7 5)  (3 7)]),1,2,[8][1][2][3][4][5 7],1.4285714285714286,1000,16,1,0.9932574845873431
