avg_exo_card,exo_dag,avg_indegree,dag,num_exo_vars,exo_cc,endo_dag,exo_tw,endo_cc,avg_endo_indegree,datasize,max_exo_card,markovianity,ratio
4.666666666666667,([0  1  2  3  4  5  6  7  8  9  10  11  12]  [(8 0)  (9 1)  (10 2)  (7 3)  (7 4)  (11 5)  (12 6)]),1.1538461538461537,([0  1  2  3  4  5  6  7  8  9  10  11  12]  [(1 0)  (8 0)  (5 1)  (6 1)  (9 1)  (4 2)  (10 2)  (2 3)  (4 3)  (7 3)  (7 4)  (3 5)  (11 5)  (2 6)  (12 6)]),6,[8][9][10][7][11][12],([0  1  2  3  4  5  6]  [(1 0)  (5 1)  (6 1)  (4 2)  (2 3)  (4 3)  (3 5)  (2 6)]),1,[0][1][2][3 4][5][6],1.1428571428571428,1000,8,1,0.9655019303315298
