avg_exo_card,exo_dag,avg_indegree,dag,num_exo_vars,exo_cc,endo_dag,exo_tw,endo_tw,endo_cc,avg_endo_indegree,datasize,max_exo_card,markovianity,ratio
9.428571428571429,([0  1  2  3  4  5  6  7  8  9  10  11  12  13]  [(9 0)  (10 1)  (4 2)  (11 3)  (12 5)  (13 6)  (4 7)  (8 7)]),1.2142857142857142,([0  1  2  3  4  5  6  7  8  9  10  11  12  13]  [(1 0)  (5 0)  (9 0)  (6 1)  (7 1)  (10 1)  (0 2)  (4 2)  (1 3)  (5 3)  (11 3)  (1 5)  (12 5)  (7 6)  (13 6)  (4 7)  (8 7)]),7,[9][10][4 8][11][12][13],([0  1  2  3  5  6  7]  [(1 0)  (5 0)  (6 1)  (7 1)  (0 2)  (1 3)  (5 3)  (1 5)  (7 6)]),2,2,[0][1][2 7][3][5][6],1.2857142857142858,1000,16,2,0.9961366740426554
