avg_exo_card,tw,exo_dag,avg_indegree,dag,num_exo_vars,exo_cc,endo_dag,exo_tw,endo_tw,endo_cc,avg_endo_indegree,datasize,max_exo_card,markovianity,ratio
10.0,4,([0  1  2  3  4  5  6  7  8  9  10  11  12  13  14]  [(9 0)  (10 1)  (11 2)  (3 4)  (12 5)  (3 6)  (13 7)  (14 8)]),1.3333333333333333,([0  1  2  3  4  5  6  7  8  9  10  11  12  13  14]  [(5 0)  (6 0)  (7 0)  (9 0)  (8 1)  (10 1)  (5 2)  (6 2)  (7 2)  (11 2)  (3 4)  (7 4)  (7 5)  (12 5)  (3 6)  (1 7)  (8 7)  (13 7)  (6 8)  (14 8)]),7,[9][10][11][3][12][13][14],([0  1  2  4  5  6  7  8]  [(5 0)  (6 0)  (7 0)  (8 1)  (5 2)  (6 2)  (7 2)  (7 4)  (7 5)  (1 7)  (8 7)  (6 8)]),1,3,[0][1][2][4 6][5][7][8],1.5,1500,32,1,0.9899618340665408
