avg_exo_card,exo_dag,avg_indegree,dag,num_exo_vars,exo_cc,endo_dag,exo_tw,endo_cc,avg_endo_indegree,datasize,max_exo_card,markovianity,ratio
8.0,([0  1  2  3  4  5  6  7  8  9  10  11  12  13  14  15  16]  [(5 0)  (10 1)  (11 2)  (12 3)  (13 4)  (14 6)  (15 7)  (5 8)  (16 9)]),1.3529411764705883,([0  1  2  3  4  5  6  7  8  9  10  11  12  13  14  15  16]  [(5 0)  (6 0)  (8 0)  (8 1)  (10 1)  (1 2)  (11 2)  (6 3)  (8 3)  (12 3)  (2 4)  (9 4)  (13 4)  (1 6)  (2 6)  (14 6)  (0 7)  (6 7)  (15 7)  (5 8)  (0 9)  (7 9)  (16 9)]),8,[5][10][11][12][13][14][15][16],([0  1  2  3  4  6  7  8  9]  [(6 0)  (8 0)  (8 1)  (1 2)  (6 3)  (8 3)  (2 4)  (9 4)  (1 6)  (2 6)  (0 7)  (6 7)  (0 9)  (7 9)]),1,[0 8][1][2][3][4][6][7][9],1.5555555555555556,2000,16,1,0.9597305858686179
