avg_exo_card,exo_dag,avg_indegree,dag,num_exo_vars,exo_cc,endo_dag,exo_tw,endo_cc,avg_endo_indegree,datasize,max_exo_card,markovianity,ratio
9.333333333333334,([0  1  2  3  4  5  6  7  8  9  10  11  12]  [(8 1)  (0 2)  (9 3)  (10 4)  (0 5)  (11 6)  (12 7)]),1.2307692307692308,([0  1  2  3  4  5  6  7  8  9  10  11  12]  [(2 1)  (8 1)  (0 2)  (2 3)  (5 3)  (9 3)  (1 4)  (10 4)  (0 5)  (1 5)  (1 6)  (4 6)  (11 6)  (3 7)  (6 7)  (12 7)]),6,[0][8][9][10][11][12],([1  2  3  4  5  6  7]  [(2 1)  (2 3)  (5 3)  (1 4)  (1 5)  (1 6)  (4 6)  (3 7)  (6 7)]),1,[2 5][1][3][4][6][7],1.2857142857142858,1000,16,1,0.994239376518234
