avg_exo_card,tw,exo_dag,avg_indegree,dag,num_exo_vars,exo_cc,endo_dag,exo_tw,endo_tw,endo_cc,avg_endo_indegree,datasize,max_exo_card,markovianity,ratio
45.5,4,([0  1  2  3  4  5  6  7  8  9  10  11  12  13  14  15  16]  [(11 0)  (12 1)  (13 2)  (3 4)  (6 4)  (14 5)  (3 7)  (15 8)  (6 9)  (16 10)]),1.4705882352941178,([0  1  2  3  4  5  6  7  8  9  10  11  12  13  14  15  16]  [(1 0)  (4 0)  (11 0)  (7 1)  (8 1)  (12 1)  (4 2)  (7 2)  (13 2)  (3 4)  (6 4)  (0 5)  (4 5)  (8 5)  (14 5)  (3 7)  (4 7)  (4 8)  (15 8)  (2 9)  (6 9)  (7 9)  (7 10)  (8 10)  (16 10)]),8,[11][12][13][3 6][14][15][16],([0  1  2  4  5  7  8  9  10]  [(1 0)  (4 0)  (7 1)  (8 1)  (4 2)  (7 2)  (0 5)  (4 5)  (8 5)  (4 7)  (4 8)  (2 9)  (7 9)  (7 10)  (8 10)]),2,3,[0][1][2][4 7 9][5][8][10],1.6666666666666667,5000,256,2,0.9910165199984159
