,num_vars,num_endo_vars,num_exo_vars,avg_exo_card,max_exo_card,tw,avg_endo_indegree,avg_indegree,max_indegree,datasize_obs
min,5.0,3.0,2.0,2.5,3.0,2.0,0.0,0.8,2.0,1000.0
max,17.0,9.0,8.0,51.66666666666666,256.0,4.0,1.6666666666666667,1.5,6.0,5500.0
mean,8.594713656387665,4.691629955947136,3.9030837004405288,8.41127019089574,17.669603524229075,2.8210526315789473,0.9673064820641913,1.130167716378522,3.960352422907489,1574.8898678414098
