,num_vars,num_endo_vars,num_exo_vars,avg_exo_card,max_exo_card,tw,avg_endo_indegree,avg_indegree,max_indegree,datasize_obs
min,6.0,4.0,2.0,4.0,4.0,2.0,0.5,0.8571428571428571,3.0,1000.0
max,11.0,6.0,5.0,15.0,36.0,4.0,1.3999999999999997,1.375,5.0,3500.0
mean,8.517241379310345,4.827586206896552,3.689655172413793,7.712643678160919,13.517241379310345,2.96,0.9896551724137931,1.1315382892969101,3.9310344827586206,1482.7586206896551
