avg_exo_card,exo_dag,avg_indegree,dag,num_exo_vars,exo_cc,endo_dag,exo_tw,endo_tw,endo_cc,avg_endo_indegree,datasize,max_exo_card,markovianity,ratio
8.666666666666666,([0  1  2  3  4  5  6  7  8  9  10  11  12]  [(5 0)  (8 1)  (9 2)  (10 3)  (5 4)  (11 6)  (12 7)]),1.1538461538461537,([0  1  2  3  4  5  6  7  8  9  10  11  12]  [(5 0)  (0 1)  (8 1)  (3 2)  (6 2)  (9 2)  (0 3)  (10 3)  (2 4)  (5 4)  (0 6)  (11 6)  (0 7)  (1 7)  (12 7)]),6,[5][8][9][10][11][12],([0  1  2  3  4  6  7]  [(0 1)  (3 2)  (6 2)  (0 3)  (2 4)  (0 6)  (0 7)  (1 7)]),1,2,[0 4][1][2][3][6][7],1.1428571428571428,1000,16,1,0.991229860533979
