avg_exo_card,tw,exo_dag,avg_indegree,dag,num_exo_vars,exo_cc,endo_dag,exo_tw,endo_tw,endo_cc,avg_endo_indegree,datasize,max_exo_card,markovianity,ratio
9.666666666666666,3,([0  1  2  3  4  5  6  7  8  9  10  11  12  13  14  15  16  17  18]  [(11 0)  (12 1)  (6 2)  (13 3)  (14 4)  (15 5)  (16 7)  (6 8)  (17 9)  (18 10)]),1.368421052631579,([0  1  2  3  4  5  6  7  8  9  10  11  12  13  14  15  16  17  18]  [(2 0)  (8 0)  (11 0)  (2 1)  (7 1)  (12 1)  (6 2)  (7 2)  (0 3)  (2 3)  (13 3)  (0 4)  (1 4)  (14 4)  (3 5)  (8 5)  (15 5)  (8 7)  (16 7)  (6 8)  (4 9)  (8 9)  (17 9)  (1 10)  (8 10)  (18 10)]),9,[11][12][6][13][14][15][16][17][18],([0  1  2  3  4  5  7  8  9  10]  [(2 0)  (8 0)  (2 1)  (7 1)  (7 2)  (0 3)  (2 3)  (0 4)  (1 4)  (3 5)  (8 5)  (8 7)  (4 9)  (8 9)  (1 10)  (8 10)]),1,3,[0][1][2 8][3][4][5][7][9][10],1.6,2000,16,1,0.9646849362387934
