avg_exo_card,exo_dag,avg_indegree,dag,num_exo_vars,exo_cc,endo_dag,exo_tw,endo_tw,endo_cc,avg_endo_indegree,datasize,max_exo_card,markovianity,ratio
17.0,([0  1  2  3  4  5  6  7  8  9  10  11]  [(5 0)  (9 1)  (4 2)  (10 3)  (4 6)  (5 7)  (11 8)]),1.3333333333333333,([0  1  2  3  4  5  6  7  8  9  10  11]  [(5 0)  (8 0)  (0 1)  (9 1)  (4 2)  (6 2)  (7 2)  (0 3)  (6 3)  (8 3)  (10 3)  (4 6)  (0 7)  (5 7)  (6 8)  (11 8)]),5,[5][9][4][10][11],([0  1  2  3  6  7  8]  [(8 0)  (0 1)  (6 2)  (7 2)  (0 3)  (6 3)  (8 3)  (0 7)  (6 8)]),1,3,[0 7][1][2 6][3][8],1.2857142857142858,1000,64,1,0.9773623671523696
