avg_exo_card,exo_dag,avg_indegree,dag,num_exo_vars,exo_cc,endo_dag,exo_tw,endo_cc,avg_endo_indegree,datasize,max_exo_card,markovianity,ratio
46.333333333333336,([0  1  2  3  4  5  6  7  8  9  10  11]  [(8 0)  (3 1)  (5 1)  (3 2)  (9 4)  (10 6)  (11 7)]),1.1666666666666667,([0  1  2  3  4  5  6  7  8  9  10  11]  [(7 0)  (8 0)  (3 1)  (5 1)  (3 2)  (4 2)  (0 4)  (9 4)  (1 6)  (2 6)  (4 6)  (10 6)  (1 7)  (11 7)]),6,[8][3 5][9][10][11],([0  1  2  4  6  7]  [(7 0)  (4 2)  (0 4)  (1 6)  (2 6)  (4 6)  (1 7)]),2,[0][1 2][4][6][7],1.1666666666666667,4000,256,2,0.9963778703912312
