avg_exo_card,exo_dag,avg_indegree,dag,num_exo_vars,exo_cc,endo_dag,exo_tw,endo_cc,avg_endo_indegree,datasize,max_exo_card,markovianity,ratio
9.571428571428571,([0  1  2  3  4  5  6  7  8  9  10  11  12  13  14  15]  [(12 1)  (13 2)  (14 3)  (0 5)  (15 6)  (0 7)  (8 9)  (4 10)  (4 11)]),1.25,([0  1  2  3  4  5  6  7  8  9  10  11  12  13  14  15]  [(2 1)  (7 1)  (12 1)  (7 2)  (13 2)  (7 3)  (14 3)  (0 5)  (3 5)  (1 6)  (11 6)  (15 6)  (0 7)  (3 9)  (5 9)  (8 9)  (4 10)  (5 10)  (4 11)  (10 11)]),7,[0][12][13][14][4][15][8],([1  2  3  5  6  7  9  10  11]  [(2 1)  (7 1)  (7 2)  (7 3)  (3 5)  (1 6)  (11 6)  (3 9)  (5 9)  (5 10)  (10 11)]),1,[5 7][1][2][3][10 11][6][9],1.2222222222222223,1500,16,1,0.9935261464308831
