avg_exo_card,exo_dag,avg_indegree,dag,num_exo_vars,exo_cc,endo_dag,exo_tw,endo_cc,avg_endo_indegree,datasize,max_exo_card,markovianity,ratio
8.333333333333334,([0  1  2  3  4  5  6  7  8  9  10  11]  [(5 0)  (7 1)  (8 2)  (9 3)  (10 4)  (11 6)]),1.1666666666666667,([0  1  2  3  4  5  6  7  8  9  10  11]  [(5 0)  (2 1)  (7 1)  (0 2)  (6 2)  (8 2)  (0 3)  (6 3)  (9 3)  (1 4)  (3 4)  (10 4)  (0 6)  (11 6)]),6,[5][7][8][9][10][11],([0  1  2  3  4  6]  [(2 1)  (0 2)  (6 2)  (0 3)  (6 3)  (1 4)  (3 4)  (0 6)]),1,[0][1][2][3][4][6],1.3333333333333333,1000,16,0,0.9964464508231504
