avg_exo_card,tw,exo_dag,avg_indegree,dag,num_exo_vars,exo_cc,endo_dag,exo_tw,endo_tw,endo_cc,avg_endo_indegree,datasize,max_exo_card,markovianity,ratio
9.666666666666666,3,([0  1  2  3  4  5  6  7  8  9  10  11]  [(7 0)  (2 1)  (8 3)  (9 4)  (10 5)  (11 6)]),1.1666666666666667,([0  1  2  3  4  5  6  7  8  9  10  11]  [(5 0)  (6 0)  (7 0)  (2 1)  (6 3)  (8 3)  (1 4)  (6 4)  (9 4)  (1 5)  (3 5)  (10 5)  (1 6)  (11 6)]),6,[7][2][8][9][10][11],([0  1  3  4  5  6]  [(5 0)  (6 0)  (6 3)  (1 4)  (6 4)  (1 5)  (3 5)  (1 6)]),1,3,[0][1][3][4][5][6],1.3333333333333333,1000,16,0,0.9926369334280023
