,N,dovar,obsvar,seed,exovarsize,method,time,query_time,lowerbound0,upperbound0,lowerbound1,upperbound1,target
0,6,0,-1,1234,6,CVE,,,,,,,4.0
1,6,0,-1,1234,6,CCVE,241.4442,14.036200000000003,0.035802977696698636,0.035802977696698636,0.16419702230330133,0.16419702230330133,4.0
2,6,0,-1,1234,6,CCALPeps,480.11620000000005,471.68,0.03582868830862649,0.03582868830862653,0.16417131169137347,0.1641713116913735,4.0
3,7,0,-1,1234,6,CVE,,,,,,,6.0
4,7,0,-1,1234,6,CCVE,246.9952,15.1334,0.1895472,0.1895472,0.0104528,0.0104528,6.0
5,7,0,-1,1234,6,CCALPeps,323.9018,314.9632,0.2,0.2,0.0,0.0,6.0
