0
['genn.py', '1', '0.6', '0.5', '68', '3']
['genn.py', '1', '0.6', '0.5', '25', '3']
['genn.py', '1', '0.6', '0.5', '102', '3']
['genn.py', '1', '0.6', '0.5', '66', '3']
['genn.py', '1', '0.6', '0.5', '82', '3']
['genn.py', '1', '0.6', '0.5', '127', '3']
['genn.py', '1', '0.6', '0.5', '49', '3']
['genn.py', '1', '0.6', '0.5', '126', '3']
['genn.py', '1', '0.6', '0.5', '52', '3']
1 0.6 0.5 68
['genn.py', '1', '0.6', '0.5', '43', '3']
['genn.py', '1', '0.6', '0.5', '166', '3']
['genn.py', '1', '0.6', '0.5', '72', '3']
['genn.py', '1', '0.6', '0.5', '16', '3']
['genn.py', '1', '0.6', '0.5', '51', '3']
['genn.py', '1', '0.6', '0.5', '138', '3']
['genn.py', '1', '0.6', '0.5', '38', '3']
['genn.py', '1', '0.6', '0.5', '140', '3']
['genn.py', '1', '0.6', '0.5', '104', '3']
['genn.py', '1', '0.6', '0.5', '5', '3']
['genn.py', '1', '0.6', '0.5', '81', '3']
['genn.py', '1', '0.6', '0.5', '64', '3']
1 0.6 0.5 25
1 0.6 0.5 102
/mnt/beegfs/rcabanas/dev/credici/papers/zeros/code/GenerateNparents.java
1 0.6 0.5 66
/mnt/beegfs/rcabanas/dev/credici/papers/zeros/code/GenerateNparents.java
1 0.6 0.5 82
/mnt/beegfs/rcabanas/dev/credici/papers/zeros/code/GenerateNparents.java
1 0.6 0.5 49
1 0.6 0.5 127
1 0.6 0.5 126
1 0.6 0.5 52
1 0.6 0.5 166
1 0.6 0.5 43
1 0.6 0.5 72
1 0.6 0.5 16
/mnt/beegfs/rcabanas/dev/credici/papers/zeros/code/GenerateNparents.java
1 0.6 0.5 51
/mnt/beegfs/rcabanas/dev/credici/papers/zeros/code/GenerateNparents.java
1 0.6 0.5 138
/mnt/beegfs/rcabanas/dev/credici/papers/zeros/code/GenerateNparents.java
1 0.6 0.5 38
1 0.6 0.5 140
1 0.6 0.5 104
/mnt/beegfs/rcabanas/dev/credici/papers/zeros/code/GenerateNparents.java
1 0.6 0.5 5
/mnt/beegfs/rcabanas/dev/credici/papers/zeros/code/GenerateNparents.java
1 0.6 0.5 81
1 0.6 0.5 64
/mnt/beegfs/rcabanas/dev/credici/papers/zeros/code/GenerateNparents.java
/mnt/beegfs/rcabanas/dev/credici/papers/zeros/code/GenerateNparents.java
/mnt/beegfs/rcabanas/dev/credici/papers/zeros/code/GenerateNparents.java
/mnt/beegfs/rcabanas/dev/credici/papers/zeros/code/GenerateNparents.java
/mnt/beegfs/rcabanas/dev/credici/papers/zeros/code/GenerateNparents.java
/mnt/beegfs/rcabanas/dev/credici/papers/zeros/code/GenerateNparents.java
/mnt/beegfs/rcabanas/dev/credici/papers/zeros/code/GenerateNparents.java
/mnt/beegfs/rcabanas/dev/credici/papers/zeros/code/GenerateNparents.java
/mnt/beegfs/rcabanas/dev/credici/papers/zeros/code/GenerateNparents.java
/mnt/beegfs/rcabanas/dev/credici/papers/zeros/code/GenerateNparents.java
/mnt/beegfs/rcabanas/dev/credici/papers/zeros/code/GenerateNparents.java
/mnt/beegfs/rcabanas/dev/credici/papers/zeros/code/GenerateNparents.java
/mnt/beegfs/rcabanas/dev/credici/papers/zeros/code/GenerateNparents.java
[2024-10-14T10:31:59.724726][INFO][seed102] Set up logging
[2024-10-14T10:31:59.743080][INFO][seed102] args: -np;1;-nzr;0.6;-zdr;0.5;-o;/mnt/beegfs/rcabanas/dev/credici/papers/zeros/models/s3;-rw;-s;102;-ys;3
[2024-10-14T10:31:59.725913][INFO][seed25] Set up logging
[2024-10-14T10:31:59.720750][INFO][seed68] Set up logging
[2024-10-14T10:31:59.725855][INFO][seed66] Set up logging
[2024-10-14T10:31:59.744026][INFO][seed25] args: -np;1;-nzr;0.6;-zdr;0.5;-o;/mnt/beegfs/rcabanas/dev/credici/papers/zeros/models/s3;-rw;-s;25;-ys;3
[2024-10-14T10:31:59.744901][INFO][seed102] Starting logger with seed 102
[2024-10-14T10:31:59.744952][INFO][seed68] args: -np;1;-nzr;0.6;-zdr;0.5;-o;/mnt/beegfs/rcabanas/dev/credici/papers/zeros/models/s3;-rw;-s;68;-ys;3
[2024-10-14T10:31:59.744743][INFO][seed66] args: -np;1;-nzr;0.6;-zdr;0.5;-o;/mnt/beegfs/rcabanas/dev/credici/papers/zeros/models/s3;-rw;-s;66;-ys;3
[2024-10-14T10:31:59.746237][INFO][seed68] Starting logger with seed 68
[2024-10-14T10:31:59.750585][INFO][seed68] simple_nparents1_nzr06_zdr05_ysize3_68
[2024-10-14T10:31:59.752070][INFO][seed25] Starting logger with seed 25
[2024-10-14T10:31:59.733800][INFO][seed52] Set up logging
[2024-10-14T10:31:59.755146][INFO][seed52] args: -np;1;-nzr;0.6;-zdr;0.5;-o;/mnt/beegfs/rcabanas/dev/credici/papers/zeros/models/s3;-rw;-s;52;-ys;3
[2024-10-14T10:31:59.757338][INFO][seed66] Starting logger with seed 66
[2024-10-14T10:31:59.758197][INFO][seed52] Starting logger with seed 52
[2024-10-14T10:31:59.761744][INFO][seed25] simple_nparents1_nzr06_zdr05_ysize3_25
[2024-10-14T10:31:59.765755][INFO][seed102] simple_nparents1_nzr06_zdr05_ysize3_102
[2024-10-14T10:31:59.767301][INFO][seed66] simple_nparents1_nzr06_zdr05_ysize3_66
[2024-10-14T10:31:59.771515][INFO][seed52] simple_nparents1_nzr06_zdr05_ysize3_52
[2024-10-14T10:31:59.862984][INFO][seed126] Set up logging
[2024-10-14T10:31:59.881118][INFO][seed126] args: -np;1;-nzr;0.6;-zdr;0.5;-o;/mnt/beegfs/rcabanas/dev/credici/papers/zeros/models/s3;-rw;-s;126;-ys;3
[2024-10-14T10:31:59.865235][INFO][seed72] Set up logging
[2024-10-14T10:31:59.896590][INFO][seed72] args: -np;1;-nzr;0.6;-zdr;0.5;-o;/mnt/beegfs/rcabanas/dev/credici/papers/zeros/models/s3;-rw;-s;72;-ys;3
[2024-10-14T10:31:59.888873][INFO][seed51] Set up logging
[2024-10-14T10:31:59.901359][INFO][seed126] Starting logger with seed 126
[2024-10-14T10:31:59.905770][INFO][seed126] simple_nparents1_nzr06_zdr05_ysize3_126
[2024-10-14T10:31:59.905183][INFO][seed51] args: -np;1;-nzr;0.6;-zdr;0.5;-o;/mnt/beegfs/rcabanas/dev/credici/papers/zeros/models/s3;-rw;-s;51;-ys;3
[2024-10-14T10:31:59.902527][INFO][seed72] Starting logger with seed 72
[2024-10-14T10:31:59.909918][INFO][seed38] Set up logging
[2024-10-14T10:31:59.910184][INFO][seed81] Set up logging
[2024-10-14T10:31:59.906258][INFO][seed138] Set up logging
[2024-10-14T10:31:59.909423][INFO][seed51] Starting logger with seed 51
[2024-10-14T10:31:59.906122][INFO][seed127] Set up logging
[2024-10-14T10:31:59.934986][INFO][seed127] args: -np;1;-nzr;0.6;-zdr;0.5;-o;/mnt/beegfs/rcabanas/dev/credici/papers/zeros/models/s3;-rw;-s;127;-ys;3
[2024-10-14T10:31:59.909037][INFO][seed72] simple_nparents1_nzr06_zdr05_ysize3_72
[2024-10-14T10:31:59.922396][INFO][seed38] args: -np;1;-nzr;0.6;-zdr;0.5;-o;/mnt/beegfs/rcabanas/dev/credici/papers/zeros/models/s3;-rw;-s;38;-ys;3
[2024-10-14T10:31:59.936245][INFO][seed38] Starting logger with seed 38
[2024-10-14T10:31:59.941843][INFO][seed38] simple_nparents1_nzr06_zdr05_ysize3_38
[2024-10-14T10:31:59.926983][INFO][seed104] Set up logging
[2024-10-14T10:31:59.941503][INFO][seed104] args: -np;1;-nzr;0.6;-zdr;0.5;-o;/mnt/beegfs/rcabanas/dev/credici/papers/zeros/models/s3;-rw;-s;104;-ys;3
[2024-10-14T10:31:59.949634][INFO][seed104] Starting logger with seed 104
[2024-10-14T10:31:59.954695][INFO][seed104] simple_nparents1_nzr06_zdr05_ysize3_104
[2024-10-14T10:31:59.924036][INFO][seed81] args: -np;1;-nzr;0.6;-zdr;0.5;-o;/mnt/beegfs/rcabanas/dev/credici/papers/zeros/models/s3;-rw;-s;81;-ys;3
[2024-10-14T10:31:59.936941][INFO][seed81] Starting logger with seed 81
[2024-10-14T10:31:59.943725][INFO][seed81] simple_nparents1_nzr06_zdr05_ysize3_81
[2024-10-14T10:31:59.939349][INFO][seed140] Set up logging
[2024-10-14T10:31:59.953054][INFO][seed140] args: -np;1;-nzr;0.6;-zdr;0.5;-o;/mnt/beegfs/rcabanas/dev/credici/papers/zeros/models/s3;-rw;-s;140;-ys;3
[2024-10-14T10:31:59.926865][INFO][seed138] args: -np;1;-nzr;0.6;-zdr;0.5;-o;/mnt/beegfs/rcabanas/dev/credici/papers/zeros/models/s3;-rw;-s;138;-ys;3
[2024-10-14T10:31:59.914561][INFO][seed51] simple_nparents1_nzr06_zdr05_ysize3_51
[2024-10-14T10:31:59.938154][INFO][seed127] Starting logger with seed 127
[2024-10-14T10:31:59.951168][INFO][seed127] simple_nparents1_nzr06_zdr05_ysize3_127
[2024-10-14T10:31:59.952062][INFO][seed64] Set up logging
[2024-10-14T10:31:59.976116][INFO][seed64] args: -np;1;-nzr;0.6;-zdr;0.5;-o;/mnt/beegfs/rcabanas/dev/credici/papers/zeros/models/s3;-rw;-s;64;-ys;3
[2024-10-14T10:31:59.980017][INFO][seed64] Starting logger with seed 64
[2024-10-14T10:31:59.967693][INFO][seed140] Starting logger with seed 140
[2024-10-14T10:31:59.936586][INFO][seed138] Starting logger with seed 138
[2024-10-14T10:31:59.983028][INFO][seed43] Set up logging
[2024-10-14T10:31:59.974158][INFO][seed140] simple_nparents1_nzr06_zdr05_ysize3_140
[2024-10-14T10:31:59.975939][INFO][seed16] Set up logging
[2024-10-14T10:32:00.010467][INFO][seed64] simple_nparents1_nzr06_zdr05_ysize3_64
[2024-10-14T10:31:59.954477][INFO][seed138] simple_nparents1_nzr06_zdr05_ysize3_138
[2024-10-14T10:32:00.017653][INFO][seed43] args: -np;1;-nzr;0.6;-zdr;0.5;-o;/mnt/beegfs/rcabanas/dev/credici/papers/zeros/models/s3;-rw;-s;43;-ys;3
[2024-10-14T10:32:00.009088][INFO][seed16] args: -np;1;-nzr;0.6;-zdr;0.5;-o;/mnt/beegfs/rcabanas/dev/credici/papers/zeros/models/s3;-rw;-s;16;-ys;3
[2024-10-14T10:32:00.009277][INFO][seed166] Set up logging
[2024-10-14T10:32:00.030474][INFO][seed16] Starting logger with seed 16
[2024-10-14T10:32:00.032365][INFO][seed166] args: -np;1;-nzr;0.6;-zdr;0.5;-o;/mnt/beegfs/rcabanas/dev/credici/papers/zeros/models/s3;-rw;-s;166;-ys;3
[2024-10-14T10:32:00.028455][INFO][seed43] Starting logger with seed 43
[2024-10-14T10:32:00.034235][INFO][seed43] simple_nparents1_nzr06_zdr05_ysize3_43
[2024-10-14T10:32:00.044087][INFO][seed166] Starting logger with seed 166
[2024-10-14T10:32:00.034777][INFO][seed5] Set up logging
[2024-10-14T10:32:00.045188][INFO][seed16] simple_nparents1_nzr06_zdr05_ysize3_16
[2024-10-14T10:32:00.047938][INFO][seed5] args: -np;1;-nzr;0.6;-zdr;0.5;-o;/mnt/beegfs/rcabanas/dev/credici/papers/zeros/models/s3;-rw;-s;5;-ys;3
[2024-10-14T10:32:00.050505][INFO][seed5] Starting logger with seed 5
[2024-10-14T10:32:00.014273][INFO][seed82] Set up logging
[2024-10-14T10:32:00.052205][INFO][seed82] args: -np;1;-nzr;0.6;-zdr;0.5;-o;/mnt/beegfs/rcabanas/dev/credici/papers/zeros/models/s3;-rw;-s;82;-ys;3
[2024-10-14T10:32:00.056035][INFO][seed82] Starting logger with seed 82
[2024-10-14T10:32:00.074593][INFO][seed82] simple_nparents1_nzr06_zdr05_ysize3_82
[2024-10-14T10:32:00.077359][INFO][seed166] simple_nparents1_nzr06_zdr05_ysize3_166
[2024-10-14T10:32:00.053607][INFO][seed49] Set up logging
[2024-10-14T10:32:00.084129][INFO][seed49] args: -np;1;-nzr;0.6;-zdr;0.5;-o;/mnt/beegfs/rcabanas/dev/credici/papers/zeros/models/s3;-rw;-s;49;-ys;3
[2024-10-14T10:32:00.114229][INFO][seed5] simple_nparents1_nzr06_zdr05_ysize3_5
[2024-10-14T10:32:00.129972][INFO][seed49] Starting logger with seed 49
[2024-10-14T10:32:00.138290][INFO][seed49] simple_nparents1_nzr06_zdr05_ysize3_49
[2024-10-14T10:32:00.203475][INFO][seed68] U cardinality: 9
[2024-10-14T10:32:00.203806][INFO][seed66] U cardinality: 9
[2024-10-14T10:32:00.204793][INFO][seed25] U cardinality: 9
[2024-10-14T10:32:00.209659][INFO][seed68] !0 = [0, 2, 5, 6, 8]
[2024-10-14T10:32:00.210105][INFO][seed66] !0 = [0, 1, 4, 6, 8]
[2024-10-14T10:32:00.210496][INFO][seed66] 0 = [2, 3, 5, 7]
[2024-10-14T10:32:00.210955][INFO][seed25] !0 = [4, 5, 6, 7, 8]
[2024-10-14T10:32:00.211369][INFO][seed25] 0 = [0, 1, 2, 3]
[2024-10-14T10:32:00.212755][INFO][seed68] 0 = [1, 3, 4, 7]
[2024-10-14T10:32:00.213831][INFO][seed66] U cardinality: 9
[2024-10-14T10:32:00.217924][INFO][seed102] U cardinality: 9
[2024-10-14T10:32:00.219080][INFO][seed68] Dropping state 3
[2024-10-14T10:32:00.220008][INFO][seed25] Dropping state 0
[2024-10-14T10:32:00.220080][INFO][seed68] Dropping state 1
[2024-10-14T10:32:00.224154][INFO][seed66] 
[P([3]) [0.707, 0.293], P([2]) [0.002, 0.001, 0.0, 0.0, 0.014, 0.0, 0.001, 0.0, 0.982], P([1, 3]) [1.0, 0.0, 0.0, 1.0], P([0, 1, 2]) [1.0, 0.0, 0.0, 1.0, 0.0, 0.0, 1.0, 0.0, 0.0, 0.0, 1.0, 0.0, 1.0, 0.0, 0.0, 0.0, 0.0, 1.0, 0.0, 1.0, 0.0, 1.0, 0.0, 0.0, 0.0, 1.0, 0.0, 0.0, 1.0, 0.0, 0.0, 1.0, 0.0, 0.0, 0.0, 1.0, 0.0, 0.0, 1.0, 1.0, 0.0, 0.0, 0.0, 0.0, 1.0, 0.0, 1.0, 0.0, 0.0, 0.0, 1.0, 0.0, 0.0, 1.0]]

[2024-10-14T10:32:00.224196][INFO][seed102] !0 = [0, 4, 6, 7, 8]
[2024-10-14T10:32:00.225863][INFO][seed25] U cardinality: 8
[2024-10-14T10:32:00.226096][INFO][seed68] U cardinality: 7
[2024-10-14T10:32:00.224583][INFO][seed102] 0 = [1, 2, 3, 5]
[2024-10-14T10:32:00.231128][INFO][seed102] Dropping state 5
[2024-10-14T10:32:00.232480][INFO][seed102] Dropping state 2
[2024-10-14T10:32:00.235360][INFO][seed102] U cardinality: 7
[2024-10-14T10:32:00.240595][INFO][seed68] 
[P([3]) [0.479, 0.521], P([2]) [0.09, 0.071, 0.0, 0.55, 0.002, 0.0, 0.287], P([1, 3]) [1.0, 0.0, 0.0, 1.0], P([0, 1, 2]) [1.0, 0.0, 0.0, 1.0, 0.0, 0.0, 1.0, 0.0, 0.0, 0.0, 0.0, 1.0, 0.0, 1.0, 0.0, 0.0, 1.0, 0.0, 0.0, 1.0, 0.0, 0.0, 0.0, 1.0, 0.0, 0.0, 1.0, 1.0, 0.0, 0.0, 0.0, 0.0, 1.0, 0.0, 1.0, 0.0, 0.0, 0.0, 1.0, 0.0, 0.0, 1.0]]

[2024-10-14T10:32:00.240848][INFO][seed25] 
[P([3]) [0.279, 0.721], P([2]) [0.0, 0.0, 0.0, 0.157, 0.186, 0.173, 0.036, 0.448], P([1, 3]) [1.0, 0.0, 0.0, 1.0], P([0, 1, 2]) [1.0, 0.0, 0.0, 0.0, 1.0, 0.0, 1.0, 0.0, 0.0, 0.0, 0.0, 1.0, 0.0, 1.0, 0.0, 1.0, 0.0, 0.0, 0.0, 1.0, 0.0, 0.0, 1.0, 0.0, 0.0, 1.0, 0.0, 0.0, 0.0, 1.0, 0.0, 0.0, 1.0, 1.0, 0.0, 0.0, 0.0, 0.0, 1.0, 0.0, 1.0, 0.0, 0.0, 0.0, 1.0, 0.0, 0.0, 1.0]]

[2024-10-14T10:32:00.252119][INFO][seed102] 
[P([3]) [0.782, 0.218], P([2]) [0.001, 0.0, 0.0, 0.001, 0.001, 0.556, 0.441], P([1, 3]) [1.0, 0.0, 0.0, 1.0], P([0, 1, 2]) [1.0, 0.0, 0.0, 1.0, 0.0, 0.0, 1.0, 0.0, 0.0, 0.0, 1.0, 0.0, 0.0, 1.0, 0.0, 1.0, 0.0, 0.0, 0.0, 1.0, 0.0, 0.0, 1.0, 0.0, 0.0, 0.0, 1.0, 1.0, 0.0, 0.0, 0.0, 0.0, 1.0, 0.0, 1.0, 0.0, 0.0, 0.0, 1.0, 0.0, 0.0, 1.0]]

[2024-10-14T10:32:00.259445][INFO][seed52] U cardinality: 9
[2024-10-14T10:32:00.264974][INFO][seed52] !0 = [0, 1, 2, 4, 8]
[2024-10-14T10:32:00.265376][INFO][seed52] 0 = [3, 5, 6, 7]
[2024-10-14T10:32:00.270983][INFO][seed52] Dropping state 6
[2024-10-14T10:32:00.274105][INFO][seed52] U cardinality: 8
[2024-10-14T10:32:00.290365][INFO][seed52] 
[P([3]) [0.361, 0.639], P([2]) [0.008, 0.006, 0.001, 0.0, 0.002, 0.0, 0.0, 0.983], P([1, 3]) [1.0, 0.0, 0.0, 1.0], P([0, 1, 2]) [1.0, 0.0, 0.0, 1.0, 0.0, 0.0, 1.0, 0.0, 0.0, 0.0, 1.0, 0.0, 1.0, 0.0, 0.0, 0.0, 0.0, 1.0, 0.0, 1.0, 0.0, 1.0, 0.0, 0.0, 0.0, 1.0, 0.0, 0.0, 1.0, 0.0, 0.0, 1.0, 0.0, 0.0, 0.0, 1.0, 0.0, 0.0, 1.0, 0.0, 1.0, 0.0, 0.0, 0.0, 1.0, 0.0, 0.0, 1.0]]

[2024-10-14T10:32:00.294766][INFO][seed104] U cardinality: 9
[2024-10-14T10:32:00.297164][INFO][seed38] U cardinality: 9
[2024-10-14T10:32:00.299167][INFO][seed64] U cardinality: 9
[2024-10-14T10:32:00.299946][INFO][seed104] !0 = [0, 4, 6, 7, 8]
[2024-10-14T10:32:00.301068][INFO][seed126] U cardinality: 9
[2024-10-14T10:32:00.301062][INFO][seed140] U cardinality: 9
[2024-10-14T10:32:00.301173][INFO][seed72] U cardinality: 9
[2024-10-14T10:32:00.302342][INFO][seed81] U cardinality: 9
[2024-10-14T10:32:00.302652][INFO][seed38] !0 = [0, 2, 5, 7, 8]
[2024-10-14T10:32:00.302806][INFO][seed104] 0 = [1, 2, 3, 5]
[2024-10-14T10:32:00.303919][INFO][seed127] U cardinality: 9
[2024-10-14T10:32:00.305559][INFO][seed38] 0 = [1, 3, 4, 6]
[2024-10-14T10:32:00.305814][INFO][seed138] U cardinality: 9
[2024-10-14T10:32:00.306154][INFO][seed51] U cardinality: 9
[2024-10-14T10:32:00.306286][INFO][seed72] !0 = [0, 1, 3, 4, 7]
[2024-10-14T10:32:00.306304][INFO][seed126] !0 = [0, 2, 4, 6, 8]
[2024-10-14T10:32:00.306762][INFO][seed72] 0 = [2, 5, 6, 8]
[2024-10-14T10:32:00.306725][INFO][seed64] !0 = [2, 3, 5, 6, 8]
[2024-10-14T10:32:00.306726][INFO][seed43] U cardinality: 9
[2024-10-14T10:32:00.307245][INFO][seed64] 0 = [0, 1, 4, 7]
[2024-10-14T10:32:00.307331][INFO][seed81] !0 = [1, 2, 4, 6, 8]
[2024-10-14T10:32:00.307758][INFO][seed81] 0 = [0, 3, 5, 7]
[2024-10-14T10:32:00.308514][INFO][seed140] !0 = [0, 2, 4, 5, 6]
[2024-10-14T10:32:00.308980][INFO][seed140] 0 = [1, 3, 7, 8]
[2024-10-14T10:32:00.309144][INFO][seed126] 0 = [1, 3, 5, 7]
[2024-10-14T10:32:00.309794][INFO][seed127] !0 = [0, 2, 3, 4, 8]
[2024-10-14T10:32:00.310307][INFO][seed127] 0 = [1, 5, 6, 7]
[2024-10-14T10:32:00.310350][INFO][seed104] Dropping state 5
[2024-10-14T10:32:00.311029][INFO][seed140] U cardinality: 9
[2024-10-14T10:32:00.311054][INFO][seed138] !0 = [1, 3, 5, 6, 8]
[2024-10-14T10:32:00.311294][INFO][seed51] !0 = [0, 2, 5, 7, 8]
[2024-10-14T10:32:00.311545][INFO][seed138] 0 = [0, 2, 4, 7]
[2024-10-14T10:32:00.311794][INFO][seed104] Dropping state 1
[2024-10-14T10:32:00.311847][INFO][seed43] !0 = [0, 2, 5, 6, 7]
[2024-10-14T10:32:00.312738][INFO][seed38] Dropping state 6
[2024-10-14T10:32:00.312824][INFO][seed126] U cardinality: 9
[2024-10-14T10:32:00.314152][INFO][seed51] 0 = [1, 3, 4, 6]
[2024-10-14T10:32:00.314460][INFO][seed38] Dropping state 4
[2024-10-14T10:32:00.314698][INFO][seed43] 0 = [1, 3, 4, 8]
[2024-10-14T10:32:00.314790][INFO][seed64] Dropping state 4
[2024-10-14T10:32:00.314950][INFO][seed104] U cardinality: 7
[2024-10-14T10:32:00.315381][INFO][seed38] Dropping state 1
[2024-10-14T10:32:00.316354][INFO][seed127] Dropping state 5
[2024-10-14T10:32:00.317149][INFO][seed138] Dropping state 7
[2024-10-14T10:32:00.317331][INFO][seed81] Dropping state 5
[2024-10-14T10:32:00.317114][INFO][seed140] 
[P([3]) [0.258, 0.742], P([2]) [0.048, 0.0, 0.038, 0.0, 0.23, 0.001, 0.683, 0.0, 0.0], P([1, 3]) [1.0, 0.0, 0.0, 1.0], P([0, 1, 2]) [1.0, 0.0, 0.0, 1.0, 0.0, 0.0, 1.0, 0.0, 0.0, 0.0, 1.0, 0.0, 1.0, 0.0, 0.0, 0.0, 0.0, 1.0, 0.0, 1.0, 0.0, 1.0, 0.0, 0.0, 0.0, 1.0, 0.0, 0.0, 1.0, 0.0, 0.0, 1.0, 0.0, 0.0, 0.0, 1.0, 0.0, 0.0, 1.0, 1.0, 0.0, 0.0, 0.0, 0.0, 1.0, 0.0, 1.0, 0.0, 0.0, 0.0, 1.0, 0.0, 0.0, 1.0]]

[2024-10-14T10:32:00.318300][INFO][seed138] Dropping state 2
[2024-10-14T10:32:00.317574][INFO][seed127] Dropping state 1
[2024-10-14T10:32:00.318103][INFO][seed72] Dropping state 6
[2024-10-14T10:32:00.318535][INFO][seed43] U cardinality: 9
[2024-10-14T10:32:00.320169][INFO][seed64] U cardinality: 8
[2024-10-14T10:32:00.322222][INFO][seed51] Dropping state 6
[2024-10-14T10:32:00.323563][INFO][seed166] U cardinality: 9
[2024-10-14T10:32:00.323916][INFO][seed51] Dropping state 3
[2024-10-14T10:32:00.318559][INFO][seed38] U cardinality: 6
[2024-10-14T10:32:00.318917][INFO][seed81] Dropping state 3
[2024-10-14T10:32:00.324602][INFO][seed64] 
[P([3]) [0.701, 0.299], P([2]) [0.0, 0.0, 0.004, 0.101, 0.232, 0.005, 0.0, 0.658], P([1, 3]) [1.0, 0.0, 0.0, 1.0], P([0, 1, 2]) [1.0, 0.0, 0.0, 1.0, 0.0, 0.0, 1.0, 0.0, 0.0, 0.0, 1.0, 0.0, 1.0, 0.0, 0.0, 0.0, 0.0, 1.0, 0.0, 1.0, 0.0, 1.0, 0.0, 0.0, 0.0, 1.0, 0.0, 0.0, 0.0, 1.0, 0.0, 0.0, 1.0, 1.0, 0.0, 0.0, 0.0, 0.0, 1.0, 0.0, 1.0, 0.0, 0.0, 0.0, 1.0, 0.0, 0.0, 1.0]]

[2024-10-14T10:32:00.318992][INFO][seed126] 
[P([3]) [0.58, 0.42], P([2]) [0.005, 0.0, 0.019, 0.0, 0.529, 0.0, 0.031, 0.0, 0.416], P([1, 3]) [1.0, 0.0, 0.0, 1.0], P([0, 1, 2]) [1.0, 0.0, 0.0, 1.0, 0.0, 0.0, 1.0, 0.0, 0.0, 0.0, 1.0, 0.0, 1.0, 0.0, 0.0, 0.0, 0.0, 1.0, 0.0, 1.0, 0.0, 1.0, 0.0, 0.0, 0.0, 1.0, 0.0, 0.0, 1.0, 0.0, 0.0, 1.0, 0.0, 0.0, 0.0, 1.0, 0.0, 0.0, 1.0, 1.0, 0.0, 0.0, 0.0, 0.0, 1.0, 0.0, 1.0, 0.0, 0.0, 0.0, 1.0, 0.0, 0.0, 1.0]]

[2024-10-14T10:32:00.319595][INFO][seed138] Dropping state 0
[2024-10-14T10:32:00.322562][INFO][seed138] U cardinality: 6
[2024-10-14T10:32:00.327443][INFO][seed138] 
[P([3]) [0.514, 0.486], P([2]) [0.11, 0.017, 0.0, 0.001, 0.059, 0.813], P([1, 3]) [1.0, 0.0, 0.0, 1.0], P([0, 1, 2]) [1.0, 0.0, 0.0, 0.0, 1.0, 0.0, 0.0, 1.0, 0.0, 1.0, 0.0, 0.0, 0.0, 1.0, 0.0, 0.0, 1.0, 0.0, 0.0, 1.0, 0.0, 0.0, 0.0, 1.0, 0.0, 0.0, 1.0, 1.0, 0.0, 0.0, 0.0, 0.0, 1.0, 0.0, 0.0, 1.0]]

[2024-10-14T10:32:00.320334][INFO][seed72] Dropping state 2
[2024-10-14T10:32:00.322440][INFO][seed82] U cardinality: 9
[2024-10-14T10:32:00.327658][INFO][seed82] !0 = [2, 3, 5, 6, 7]
[2024-10-14T10:32:00.328123][INFO][seed82] 0 = [0, 1, 4, 8]
[2024-10-14T10:32:00.323725][INFO][seed127] U cardinality: 7
[2024-10-14T10:32:00.324293][INFO][seed43] 
[P([3]) [0.029, 0.971], P([2]) [0.011, 0.0, 0.591, 0.0, 0.0, 0.001, 0.001, 0.396, 0.0], P([1, 3]) [1.0, 0.0, 0.0, 1.0], P([0, 1, 2]) [1.0, 0.0, 0.0, 1.0, 0.0, 0.0, 1.0, 0.0, 0.0, 0.0, 1.0, 0.0, 1.0, 0.0, 0.0, 0.0, 0.0, 1.0, 0.0, 1.0, 0.0, 1.0, 0.0, 0.0, 0.0, 1.0, 0.0, 0.0, 1.0, 0.0, 0.0, 1.0, 0.0, 0.0, 0.0, 1.0, 0.0, 0.0, 1.0, 1.0, 0.0, 0.0, 0.0, 0.0, 1.0, 0.0, 1.0, 0.0, 0.0, 0.0, 1.0, 0.0, 0.0, 1.0]]

[2024-10-14T10:32:00.321972][INFO][seed81] U cardinality: 7
[2024-10-14T10:32:00.330617][INFO][seed16] U cardinality: 9
[2024-10-14T10:32:00.328319][INFO][seed104] 
[P([3]) [0.554, 0.446], P([2]) [0.008, 0.0, 0.0, 0.083, 0.013, 0.014, 0.882], P([1, 3]) [1.0, 0.0, 0.0, 1.0], P([0, 1, 2]) [1.0, 0.0, 0.0, 1.0, 0.0, 0.0, 1.0, 0.0, 0.0, 0.0, 0.0, 1.0, 0.0, 1.0, 0.0, 1.0, 0.0, 0.0, 0.0, 1.0, 0.0, 0.0, 1.0, 0.0, 0.0, 0.0, 1.0, 1.0, 0.0, 0.0, 0.0, 0.0, 1.0, 0.0, 1.0, 0.0, 0.0, 0.0, 1.0, 0.0, 0.0, 1.0]]

[2024-10-14T10:32:00.323451][INFO][seed72] U cardinality: 7
[2024-10-14T10:32:00.329744][INFO][seed51] U cardinality: 7
[2024-10-14T10:32:00.328402][INFO][seed127] 
[P([3]) [0.784, 0.216], P([2]) [0.148, 0.274, 0.002, 0.349, 0.0, 0.0, 0.227], P([1, 3]) [1.0, 0.0, 0.0, 1.0], P([0, 1, 2]) [1.0, 0.0, 0.0, 1.0, 0.0, 0.0, 1.0, 0.0, 0.0, 0.0, 0.0, 1.0, 0.0, 1.0, 0.0, 1.0, 0.0, 0.0, 0.0, 1.0, 0.0, 0.0, 1.0, 0.0, 0.0, 0.0, 1.0, 1.0, 0.0, 0.0, 0.0, 0.0, 1.0, 0.0, 1.0, 0.0, 0.0, 0.0, 1.0, 0.0, 0.0, 1.0]]

[2024-10-14T10:32:00.331068][INFO][seed166] !0 = [0, 1, 3, 7, 8]
[2024-10-14T10:32:00.331557][INFO][seed166] 0 = [2, 4, 5, 6]
[2024-10-14T10:32:00.333326][INFO][seed38] 
[P([3]) [0.994, 0.006], P([2]) [0.27, 0.111, 0.0, 0.005, 0.002, 0.612], P([1, 3]) [1.0, 0.0, 0.0, 1.0], P([0, 1, 2]) [1.0, 0.0, 0.0, 1.0, 0.0, 0.0, 1.0, 0.0, 0.0, 0.0, 0.0, 1.0, 0.0, 1.0, 0.0, 1.0, 0.0, 0.0, 0.0, 1.0, 0.0, 0.0, 0.0, 1.0, 0.0, 0.0, 1.0, 0.0, 1.0, 0.0, 0.0, 0.0, 1.0, 0.0, 0.0, 1.0]]

[2024-10-14T10:32:00.334110][INFO][seed82] Dropping state 8
[2024-10-14T10:32:00.336078][INFO][seed16] !0 = [0, 1, 2, 3, 6]
[2024-10-14T10:32:00.335540][INFO][seed81] 
[P([3]) [0.853, 0.147], P([2]) [0.0, 0.377, 0.004, 0.003, 0.001, 0.0, 0.615], P([1, 3]) [1.0, 0.0, 0.0, 1.0], P([0, 1, 2]) [1.0, 0.0, 0.0, 1.0, 0.0, 0.0, 1.0, 0.0, 0.0, 0.0, 1.0, 0.0, 1.0, 0.0, 0.0, 0.0, 0.0, 1.0, 0.0, 1.0, 0.0, 0.0, 1.0, 0.0, 0.0, 0.0, 1.0, 1.0, 0.0, 0.0, 0.0, 0.0, 1.0, 0.0, 1.0, 0.0, 0.0, 0.0, 1.0, 0.0, 0.0, 1.0]]

[2024-10-14T10:32:00.336792][INFO][seed166] Dropping state 4
[2024-10-14T10:32:00.336972][INFO][seed72] 
[P([3]) [0.34, 0.66], P([2]) [0.016, 0.395, 0.001, 0.58, 0.0, 0.008, 0.0], P([1, 3]) [1.0, 0.0, 0.0, 1.0], P([0, 1, 2]) [1.0, 0.0, 0.0, 1.0, 0.0, 0.0, 1.0, 0.0, 0.0, 0.0, 1.0, 0.0, 0.0, 1.0, 0.0, 1.0, 0.0, 0.0, 0.0, 1.0, 0.0, 0.0, 1.0, 0.0, 0.0, 1.0, 0.0, 0.0, 0.0, 1.0, 0.0, 0.0, 1.0, 0.0, 1.0, 0.0, 0.0, 0.0, 1.0, 0.0, 0.0, 1.0]]

[2024-10-14T10:32:00.335197][INFO][seed82] Dropping state 0
[2024-10-14T10:32:00.336581][INFO][seed16] 0 = [4, 5, 7, 8]
[2024-10-14T10:32:00.337986][INFO][seed166] Dropping state 2
[2024-10-14T10:32:00.338310][INFO][seed82] U cardinality: 7
[2024-10-14T10:32:00.338642][INFO][seed49] U cardinality: 9
[2024-10-14T10:32:00.341146][INFO][seed51] 
[P([3]) [0.44, 0.56], P([2]) [0.003, 0.0, 0.048, 0.0, 0.315, 0.109, 0.525], P([1, 3]) [1.0, 0.0, 0.0, 1.0], P([0, 1, 2]) [1.0, 0.0, 0.0, 1.0, 0.0, 0.0, 1.0, 0.0, 0.0, 0.0, 1.0, 0.0, 1.0, 0.0, 0.0, 0.0, 0.0, 1.0, 0.0, 1.0, 0.0, 0.0, 1.0, 0.0, 0.0, 1.0, 0.0, 0.0, 0.0, 1.0, 0.0, 0.0, 1.0, 0.0, 1.0, 0.0, 0.0, 0.0, 1.0, 0.0, 0.0, 1.0]]

[2024-10-14T10:32:00.341292][INFO][seed5] U cardinality: 9
[2024-10-14T10:32:00.342558][INFO][seed16] Dropping state 8
[2024-10-14T10:32:00.343572][INFO][seed166] U cardinality: 7
[2024-10-14T10:32:00.343814][INFO][seed16] Dropping state 7
[2024-10-14T10:32:00.343778][INFO][seed82] 
[P([3]) [0.24, 0.76], P([2]) [0.0, 0.001, 0.138, 0.0, 0.001, 0.025, 0.835], P([1, 3]) [1.0, 0.0, 0.0, 1.0], P([0, 1, 2]) [1.0, 0.0, 0.0, 0.0, 1.0, 0.0, 1.0, 0.0, 0.0, 0.0, 0.0, 1.0, 0.0, 1.0, 0.0, 1.0, 0.0, 0.0, 0.0, 1.0, 0.0, 0.0, 1.0, 0.0, 0.0, 1.0, 0.0, 0.0, 0.0, 1.0, 0.0, 0.0, 1.0, 1.0, 0.0, 0.0, 0.0, 0.0, 1.0, 0.0, 1.0, 0.0]]

[2024-10-14T10:32:00.343950][INFO][seed49] !0 = [0, 3, 4, 5, 6]
[2024-10-14T10:32:00.344509][INFO][seed16] Dropping state 5
[2024-10-14T10:32:00.344413][INFO][seed49] 0 = [1, 2, 7, 8]
[2024-10-14T10:32:00.347334][INFO][seed16] U cardinality: 6
[2024-10-14T10:32:00.348838][INFO][seed5] !0 = [0, 2, 5, 6, 7]
[2024-10-14T10:32:00.349447][INFO][seed5] 0 = [1, 3, 4, 8]
[2024-10-14T10:32:00.349682][INFO][seed49] Dropping state 8
[2024-10-14T10:32:00.350790][INFO][seed49] Dropping state 2
[2024-10-14T10:32:00.351592][INFO][seed49] Dropping state 1
[2024-10-14T10:32:00.353843][INFO][seed16] 
[P([3]) [0.658, 0.342], P([2]) [0.577, 0.002, 0.001, 0.135, 0.0, 0.285], P([1, 3]) [1.0, 0.0, 0.0, 1.0], P([0, 1, 2]) [1.0, 0.0, 0.0, 1.0, 0.0, 0.0, 1.0, 0.0, 0.0, 0.0, 1.0, 0.0, 1.0, 0.0, 0.0, 0.0, 0.0, 1.0, 0.0, 1.0, 0.0, 1.0, 0.0, 0.0, 0.0, 1.0, 0.0, 0.0, 1.0, 0.0, 0.0, 0.0, 1.0, 1.0, 0.0, 0.0]]

[2024-10-14T10:32:00.354368][INFO][seed49] U cardinality: 6
[2024-10-14T10:32:00.354382][INFO][seed166] 
[P([3]) [0.801, 0.199], P([2]) [0.001, 0.755, 0.001, 0.0, 0.0, 0.002, 0.241], P([1, 3]) [1.0, 0.0, 0.0, 1.0], P([0, 1, 2]) [1.0, 0.0, 0.0, 1.0, 0.0, 0.0, 1.0, 0.0, 0.0, 0.0, 1.0, 0.0, 0.0, 1.0, 0.0, 1.0, 0.0, 0.0, 0.0, 1.0, 0.0, 0.0, 0.0, 1.0, 0.0, 0.0, 1.0, 1.0, 0.0, 0.0, 0.0, 0.0, 1.0, 0.0, 1.0, 0.0, 0.0, 0.0, 1.0, 0.0, 0.0, 1.0]]

[2024-10-14T10:32:00.356957][INFO][seed5] Dropping state 8
[2024-10-14T10:32:00.358124][INFO][seed5] Dropping state 4
[2024-10-14T10:32:00.359749][INFO][seed5] Dropping state 3
[2024-10-14T10:32:00.359730][INFO][seed49] 
[P([3]) [0.254, 0.746], P([2]) [0.002, 0.003, 0.231, 0.001, 0.763, 0.0], P([1, 3]) [1.0, 0.0, 0.0, 1.0], P([0, 1, 2]) [1.0, 0.0, 0.0, 1.0, 0.0, 0.0, 0.0, 1.0, 0.0, 1.0, 0.0, 0.0, 0.0, 1.0, 0.0, 0.0, 1.0, 0.0, 0.0, 1.0, 0.0, 0.0, 0.0, 1.0, 0.0, 0.0, 1.0, 1.0, 0.0, 0.0, 0.0, 0.0, 1.0, 0.0, 1.0, 0.0]]

[2024-10-14T10:32:00.365248][INFO][seed5] U cardinality: 6
[2024-10-14T10:32:00.376489][INFO][seed5] 
[P([3]) [0.487, 0.513], P([2]) [0.002, 0.0, 0.001, 0.005, 0.001, 0.991], P([1, 3]) [1.0, 0.0, 0.0, 1.0], P([0, 1, 2]) [1.0, 0.0, 0.0, 1.0, 0.0, 0.0, 1.0, 0.0, 0.0, 0.0, 1.0, 0.0, 1.0, 0.0, 0.0, 0.0, 0.0, 1.0, 0.0, 1.0, 0.0, 0.0, 0.0, 1.0, 0.0, 0.0, 1.0, 1.0, 0.0, 0.0, 0.0, 0.0, 1.0, 0.0, 1.0, 0.0]]

[2024-10-14T10:32:00.418562][INFO][seed68] Sampled 1000 data instances
[2024-10-14T10:32:00.418783][INFO][seed68] Starting exact inference 
[2024-10-14T10:32:00.430103][INFO][seed66] Sampled 1000 data instances
[2024-10-14T10:32:00.430320][INFO][seed66] Starting exact inference 
[2024-10-14T10:32:00.435309][INFO][seed25] Sampled 1000 data instances
[2024-10-14T10:32:00.435408][INFO][seed25] Starting exact inference 
[2024-10-14T10:32:00.458986][INFO][seed102] Sampled 1000 data instances
[2024-10-14T10:32:00.459079][INFO][seed102] Starting exact inference 
[2024-10-14T10:32:00.482506][INFO][seed52] Sampled 1000 data instances
[2024-10-14T10:32:00.482757][INFO][seed52] Starting exact inference 
[2024-10-14T10:32:00.511322][INFO][seed126] Sampled 1000 data instances
[2024-10-14T10:32:00.511628][INFO][seed126] Starting exact inference 
[2024-10-14T10:32:00.512799][INFO][seed127] Sampled 1000 data instances
[2024-10-14T10:32:00.513122][INFO][seed127] Starting exact inference 
[2024-10-14T10:32:00.514401][INFO][seed104] Sampled 1000 data instances
[2024-10-14T10:32:00.514655][INFO][seed104] Starting exact inference 
[2024-10-14T10:32:00.516808][INFO][seed64] Sampled 1000 data instances
[2024-10-14T10:32:00.517119][INFO][seed64] Starting exact inference 
[2024-10-14T10:32:00.518559][INFO][seed140] Sampled 1000 data instances
[2024-10-14T10:32:00.518845][INFO][seed140] Starting exact inference 
[2024-10-14T10:32:00.525670][INFO][seed38] Sampled 1000 data instances
[2024-10-14T10:32:00.526520][INFO][seed43] Sampled 1000 data instances
[2024-10-14T10:32:00.526790][INFO][seed43] Starting exact inference 
[2024-10-14T10:32:00.525912][INFO][seed38] Starting exact inference 
[2024-10-14T10:32:00.530049][INFO][seed51] Sampled 1000 data instances
[2024-10-14T10:32:00.530284][INFO][seed51] Starting exact inference 
[2024-10-14T10:32:00.537284][INFO][seed138] Sampled 1000 data instances
[2024-10-14T10:32:00.537387][INFO][seed138] Starting exact inference 
[2024-10-14T10:32:00.548163][INFO][seed82] Sampled 1000 data instances
[2024-10-14T10:32:00.547875][INFO][seed81] Sampled 1000 data instances
[2024-10-14T10:32:00.547970][INFO][seed81] Starting exact inference 
[2024-10-14T10:32:00.548565][INFO][seed49] Sampled 1000 data instances
[2024-10-14T10:32:00.548425][INFO][seed82] Starting exact inference 
[2024-10-14T10:32:00.548789][INFO][seed49] Starting exact inference 
[2024-10-14T10:32:00.559860][INFO][seed16] Sampled 1000 data instances
[2024-10-14T10:32:00.559952][INFO][seed16] Starting exact inference 
[2024-10-14T10:32:00.559959][INFO][seed72] Sampled 1000 data instances
[2024-10-14T10:32:00.560063][INFO][seed72] Starting exact inference 
[2024-10-14T10:32:00.560167][INFO][seed166] Sampled 1000 data instances
[2024-10-14T10:32:00.560266][INFO][seed166] Starting exact inference 
[2024-10-14T10:32:00.593575][INFO][seed5] Sampled 1000 data instances
[2024-10-14T10:32:00.593663][INFO][seed5] Starting exact inference 
Removed 000
Removed 000
Removed 000
Removed 000
Error in variable: 2
[2024-10-14T10:32:01.948374][INFO][seed138] No feasible solution... resampling
Error in variable: 2
[2024-10-14T10:32:01.952348][INFO][seed25] No feasible solution... resampling
Error in variable: 2
[2024-10-14T10:32:01.970720][INFO][seed5] No feasible solution... resampling
[2024-10-14T10:32:02.037564][INFO][seed66] PS(V1,V0) in [0.0, 1.0]
[2024-10-14T10:32:02.042727][INFO][seed138] Sampled 1100 data instances
[2024-10-14T10:32:02.042991][INFO][seed138] Starting exact inference 
[2024-10-14T10:32:02.052672][INFO][seed66] PN(V1,V0) in [0.0, 0.1464158617183528] 
[2024-10-14T10:32:02.058209][INFO][seed25] Sampled 1100 data instances
[2024-10-14T10:32:02.060184][INFO][seed25] Starting exact inference 
Error in variable: 2
[2024-10-14T10:32:02.060923][INFO][seed166] No feasible solution... resampling
[2024-10-14T10:32:02.063872][INFO][seed68] PS(V1,V0) in [0.0, 0.0]
[2024-10-14T10:32:02.066758][INFO][seed102] PS(V1,V0) in [0.0, 1.0]
[2024-10-14T10:32:02.067496][INFO][seed5] Sampled 1100 data instances
[2024-10-14T10:32:02.067758][INFO][seed5] Starting exact inference 
Removed 000
Removed 000
Removed 000
Removed 000
Removed 000
Removed 000
Removed 000
Removed 000
Removed 000
Removed 000
Removed 000
Removed 000
Removed 000
Removed 000
Removed 000
Error in variable: 2
[2024-10-14T10:32:02.083270][INFO][seed126] No feasible solution... resampling
[2024-10-14T10:32:02.078326][INFO][seed102] PN(V1,V0) in [0.0, 0.002164096447132998] 
[2024-10-14T10:32:02.082864][INFO][seed66] Saved data to: /mnt/beegfs/rcabanas/dev/credici/papers/zeros/models/s3/simple_nparents1_nzr06_zdr05_ysize3_66.csv
[2024-10-14T10:32:02.084036][INFO][seed68] No feasible solution... resampling
[2024-10-14T10:32:02.093177][INFO][seed66] Saved model to: /mnt/beegfs/rcabanas/dev/credici/papers/zeros/models/s3/simple_nparents1_nzr06_zdr05_ysize3_66.uai
[2024-10-14T10:32:02.102101][INFO][seed66] Saved queries to: /mnt/beegfs/rcabanas/dev/credici/papers/zeros/models/s3/simple_nparents1_nzr06_zdr05_ysize3_66_query.csv
[2024-10-14T10:32:02.102151][INFO][seed66] Closing log file
[2024-10-14T10:32:02.102175][INFO][seed66] Closed log file
[2024-10-14T10:32:02.102667][INFO][seed16] PS(V1,V0) in [0.0, 0.0]
[2024-10-14T10:32:02.111341][INFO][seed52] PS(V1,V0) in [0.0, 0.2899082568807339]
[2024-10-14T10:32:02.118324][INFO][seed102] Saved data to: /mnt/beegfs/rcabanas/dev/credici/papers/zeros/models/s3/simple_nparents1_nzr06_zdr05_ysize3_102.csv
[2024-10-14T10:32:02.123448][INFO][seed16] No feasible solution... resampling
[2024-10-14T10:32:02.133015][INFO][seed52] PN(V1,V0) in [0.0, 1.0] 
[2024-10-14T10:32:02.133127][INFO][seed82] No feasible solution... resampling
[2024-10-14T10:32:02.134430][INFO][seed49] PS(V1,V0) in [0.0, 0.0]
[2024-10-14T10:32:02.138293][INFO][seed102] Saved model to: /mnt/beegfs/rcabanas/dev/credici/papers/zeros/models/s3/simple_nparents1_nzr06_zdr05_ysize3_102.uai
[2024-10-14T10:32:02.139178][INFO][seed72] PS(V1,V0) in [0.9478954859699065, 1.0]
[2024-10-14T10:32:02.139255][INFO][seed127] PS(V1,V0) in [0.0, 0.0]
[2024-10-14T10:32:02.142431][INFO][seed102] Saved queries to: /mnt/beegfs/rcabanas/dev/credici/papers/zeros/models/s3/simple_nparents1_nzr06_zdr05_ysize3_102_query.csv
[2024-10-14T10:32:02.142473][INFO][seed102] Closing log file
[2024-10-14T10:32:02.142498][INFO][seed102] Closed log file
[2024-10-14T10:32:02.145161][INFO][seed127] PN(V1,V0) in [0.0, 0.0] 
[2024-10-14T10:32:02.145243][INFO][seed72] PN(V1,V0) in [0.38074527820316484, 0.4016743236345074] 
[2024-10-14T10:32:02.151265][INFO][seed166] Sampled 1100 data instances
[2024-10-14T10:32:02.154069][INFO][seed49] PN(V1,V0) in [0.0, 0.0] 
[2024-10-14T10:32:02.155145][INFO][seed126] Sampled 1100 data instances
[2024-10-14T10:32:02.156953][INFO][seed126] Starting exact inference 
[2024-10-14T10:32:02.157077][INFO][seed166] Starting exact inference 
[2024-10-14T10:32:02.161008][INFO][seed68] Sampled 1100 data instances
[2024-10-14T10:32:02.161262][INFO][seed68] Starting exact inference 
[2024-10-14T10:32:02.161651][INFO][seed38] PS(V1,V0) in [0.0, 0.0]
[2024-10-14T10:32:02.166281][INFO][seed52] Saved data to: /mnt/beegfs/rcabanas/dev/credici/papers/zeros/models/s3/simple_nparents1_nzr06_zdr05_ysize3_52.csv
Error in variable: 2
[2024-10-14T10:32:02.174414][INFO][seed5] No feasible solution... resampling
[2024-10-14T10:32:02.177236][INFO][seed127] Saved data to: /mnt/beegfs/rcabanas/dev/credici/papers/zeros/models/s3/simple_nparents1_nzr06_zdr05_ysize3_127.csv
[2024-10-14T10:32:02.177289][INFO][seed49] Saved data to: /mnt/beegfs/rcabanas/dev/credici/papers/zeros/models/s3/simple_nparents1_nzr06_zdr05_ysize3_49.csv
[2024-10-14T10:32:02.177252][INFO][seed72] Saved data to: /mnt/beegfs/rcabanas/dev/credici/papers/zeros/models/s3/simple_nparents1_nzr06_zdr05_ysize3_72.csv
[2024-10-14T10:32:02.179917][INFO][seed104] PS(V1,V0) in [0.0, 0.0]
[2024-10-14T10:32:02.184249][INFO][seed51] PS(V1,V0) in [0.0, 0.8905765654060758]
[2024-10-14T10:32:02.180040][INFO][seed43] PS(V1,V0) in [0.0, 0.9044318181818183]
[2024-10-14T10:32:02.186163][INFO][seed43] PN(V1,V0) in [0.0, 1.0] 
[2024-10-14T10:32:02.185473][INFO][seed52] Saved model to: /mnt/beegfs/rcabanas/dev/credici/papers/zeros/models/s3/simple_nparents1_nzr06_zdr05_ysize3_52.uai
[2024-10-14T10:32:02.178137][INFO][seed38] No feasible solution... resampling
[2024-10-14T10:32:02.188963][INFO][seed52] Saved queries to: /mnt/beegfs/rcabanas/dev/credici/papers/zeros/models/s3/simple_nparents1_nzr06_zdr05_ysize3_52_query.csv
[2024-10-14T10:32:02.189006][INFO][seed52] Closing log file
[2024-10-14T10:32:02.189029][INFO][seed52] Closed log file
[2024-10-14T10:32:02.191079][INFO][seed64] PS(V1,V0) in [0.0, 0.0]
[2024-10-14T10:32:02.198053][INFO][seed49] Saved model to: /mnt/beegfs/rcabanas/dev/credici/papers/zeros/models/s3/simple_nparents1_nzr06_zdr05_ysize3_49.uai
[2024-10-14T10:32:02.198403][INFO][seed81] PS(V1,V0) in [0.0, 0.8217097454034544]
[2024-10-14T10:32:02.198487][INFO][seed72] Saved model to: /mnt/beegfs/rcabanas/dev/credici/papers/zeros/models/s3/simple_nparents1_nzr06_zdr05_ysize3_72.uai
[2024-10-14T10:32:02.198504][INFO][seed127] Saved model to: /mnt/beegfs/rcabanas/dev/credici/papers/zeros/models/s3/simple_nparents1_nzr06_zdr05_ysize3_127.uai
[2024-10-14T10:32:02.198920][INFO][seed104] PN(V1,V0) in [0.0, 0.0] 
[2024-10-14T10:32:02.202156][INFO][seed51] PN(V1,V0) in [0.0, 0.23566565499138709] 
[2024-10-14T10:32:02.203841][INFO][seed49] Saved queries to: /mnt/beegfs/rcabanas/dev/credici/papers/zeros/models/s3/simple_nparents1_nzr06_zdr05_ysize3_49_query.csv
[2024-10-14T10:32:02.204076][INFO][seed49] Closing log file
[2024-10-14T10:32:02.203850][INFO][seed82] Sampled 1100 data instances
[2024-10-14T10:32:02.204164][INFO][seed49] Closed log file
[2024-10-14T10:32:02.204472][INFO][seed82] Starting exact inference 
[2024-10-14T10:32:02.205062][INFO][seed81] PN(V1,V0) in [0.0, 0.9862189271696467] 
[2024-10-14T10:32:02.209845][INFO][seed127] Saved queries to: /mnt/beegfs/rcabanas/dev/credici/papers/zeros/models/s3/simple_nparents1_nzr06_zdr05_ysize3_127_query.csv
[2024-10-14T10:32:02.210154][INFO][seed127] Closing log file
[2024-10-14T10:32:02.210240][INFO][seed127] Closed log file
[2024-10-14T10:32:02.209492][INFO][seed72] Saved queries to: /mnt/beegfs/rcabanas/dev/credici/papers/zeros/models/s3/simple_nparents1_nzr06_zdr05_ysize3_72_query.csv
[2024-10-14T10:32:02.210507][INFO][seed72] Closing log file
[2024-10-14T10:32:02.210602][INFO][seed72] Closed log file
[2024-10-14T10:32:02.220842][INFO][seed16] Sampled 1100 data instances
[2024-10-14T10:32:02.221173][INFO][seed16] Starting exact inference 
[2024-10-14T10:32:02.227926][INFO][seed5] Sampled 1200 data instances
[2024-10-14T10:32:02.228198][INFO][seed5] Starting exact inference 
[2024-10-14T10:32:02.228486][INFO][seed104] Saved data to: /mnt/beegfs/rcabanas/dev/credici/papers/zeros/models/s3/simple_nparents1_nzr06_zdr05_ysize3_104.csv
[2024-10-14T10:32:02.217465][INFO][seed64] No feasible solution... resampling
[2024-10-14T10:32:02.229826][INFO][seed140] PS(V1,V0) in [0.0, 1.0]
[2024-10-14T10:32:02.231629][INFO][seed43] Saved data to: /mnt/beegfs/rcabanas/dev/credici/papers/zeros/models/s3/simple_nparents1_nzr06_zdr05_ysize3_43.csv
[2024-10-14T10:32:02.237283][INFO][seed81] Saved data to: /mnt/beegfs/rcabanas/dev/credici/papers/zeros/models/s3/simple_nparents1_nzr06_zdr05_ysize3_81.csv
[2024-10-14T10:32:02.237549][INFO][seed51] Saved data to: /mnt/beegfs/rcabanas/dev/credici/papers/zeros/models/s3/simple_nparents1_nzr06_zdr05_ysize3_51.csv
[2024-10-14T10:32:02.242447][INFO][seed104] Saved model to: /mnt/beegfs/rcabanas/dev/credici/papers/zeros/models/s3/simple_nparents1_nzr06_zdr05_ysize3_104.uai
[2024-10-14T10:32:02.244480][INFO][seed43] Saved model to: /mnt/beegfs/rcabanas/dev/credici/papers/zeros/models/s3/simple_nparents1_nzr06_zdr05_ysize3_43.uai
[2024-10-14T10:32:02.246204][INFO][seed104] Saved queries to: /mnt/beegfs/rcabanas/dev/credici/papers/zeros/models/s3/simple_nparents1_nzr06_zdr05_ysize3_104_query.csv
[2024-10-14T10:32:02.246359][INFO][seed104] Closing log file
[2024-10-14T10:32:02.246446][INFO][seed104] Closed log file
[2024-10-14T10:32:02.248171][INFO][seed43] Saved queries to: /mnt/beegfs/rcabanas/dev/credici/papers/zeros/models/s3/simple_nparents1_nzr06_zdr05_ysize3_43_query.csv
[2024-10-14T10:32:02.248419][INFO][seed43] Closing log file
[2024-10-14T10:32:02.248503][INFO][seed43] Closed log file
[2024-10-14T10:32:02.253053][INFO][seed140] PN(V1,V0) in [0.0, 0.46956560600643543] 
[2024-10-14T10:32:02.257230][INFO][seed51] Saved model to: /mnt/beegfs/rcabanas/dev/credici/papers/zeros/models/s3/simple_nparents1_nzr06_zdr05_ysize3_51.uai
[2024-10-14T10:32:02.257462][INFO][seed38] Sampled 1100 data instances
[2024-10-14T10:32:02.257516][INFO][seed81] Saved model to: /mnt/beegfs/rcabanas/dev/credici/papers/zeros/models/s3/simple_nparents1_nzr06_zdr05_ysize3_81.uai
[2024-10-14T10:32:02.261340][INFO][seed51] Saved queries to: /mnt/beegfs/rcabanas/dev/credici/papers/zeros/models/s3/simple_nparents1_nzr06_zdr05_ysize3_51_query.csv
[2024-10-14T10:32:02.261592][INFO][seed51] Closing log file
[2024-10-14T10:32:02.261678][INFO][seed51] Closed log file
[2024-10-14T10:32:02.262521][INFO][seed81] Saved queries to: /mnt/beegfs/rcabanas/dev/credici/papers/zeros/models/s3/simple_nparents1_nzr06_zdr05_ysize3_81_query.csv
[2024-10-14T10:32:02.262780][INFO][seed81] Closing log file
[2024-10-14T10:32:02.262861][INFO][seed81] Closed log file
[2024-10-14T10:32:02.270057][INFO][seed38] Starting exact inference 
[2024-10-14T10:32:02.282963][INFO][seed138] PS(V1,V0) in [1.0, 1.0]
[2024-10-14T10:32:02.286529][INFO][seed140] Saved data to: /mnt/beegfs/rcabanas/dev/credici/papers/zeros/models/s3/simple_nparents1_nzr06_zdr05_ysize3_140.csv
[2024-10-14T10:32:02.295904][INFO][seed138] PN(V1,V0) in [0.9633436108256251, 0.9633436108256251] 
[2024-10-14T10:32:02.299372][INFO][seed25] No feasible solution... resampling
[2024-10-14T10:32:02.305988][INFO][seed140] Saved model to: /mnt/beegfs/rcabanas/dev/credici/papers/zeros/models/s3/simple_nparents1_nzr06_zdr05_ysize3_140.uai
[2024-10-14T10:32:02.314248][INFO][seed68] PS(V1,V0) in [0.0, 0.0]
[2024-10-14T10:32:02.317214][INFO][seed68] No feasible solution... resampling
[2024-10-14T10:32:02.318472][INFO][seed140] Saved queries to: /mnt/beegfs/rcabanas/dev/credici/papers/zeros/models/s3/simple_nparents1_nzr06_zdr05_ysize3_140_query.csv
[2024-10-14T10:32:02.318548][INFO][seed140] Closing log file
[2024-10-14T10:32:02.318574][INFO][seed140] Closed log file
[2024-10-14T10:32:02.323143][INFO][seed64] Sampled 1100 data instances
[2024-10-14T10:32:02.323934][INFO][seed64] Starting exact inference 
[2024-10-14T10:32:02.337247][INFO][seed138] Saved data to: /mnt/beegfs/rcabanas/dev/credici/papers/zeros/models/s3/simple_nparents1_nzr06_zdr05_ysize3_138.csv
[2024-10-14T10:32:02.349424][INFO][seed25] Sampled 1200 data instances
[2024-10-14T10:32:02.356367][INFO][seed25] Starting exact inference 
[2024-10-14T10:32:02.354569][INFO][seed82] No feasible solution... resampling
[2024-10-14T10:32:02.357615][INFO][seed138] Saved model to: /mnt/beegfs/rcabanas/dev/credici/papers/zeros/models/s3/simple_nparents1_nzr06_zdr05_ysize3_138.uai
[2024-10-14T10:32:02.361969][INFO][seed138] Saved queries to: /mnt/beegfs/rcabanas/dev/credici/papers/zeros/models/s3/simple_nparents1_nzr06_zdr05_ysize3_138_query.csv
[2024-10-14T10:32:02.362146][INFO][seed138] Closing log file
[2024-10-14T10:32:02.362231][INFO][seed138] Closed log file
[2024-10-14T10:32:02.379734][INFO][seed16] PS(V1,V0) in [0.0, 0.008735026272661225]
[2024-10-14T10:32:02.386013][INFO][seed16] PN(V1,V0) in [0.0, 1.0] 
[2024-10-14T10:32:02.392736][INFO][seed68] Sampled 1200 data instances
[2024-10-14T10:32:02.392955][INFO][seed68] Starting exact inference 
[2024-10-14T10:32:02.398771][INFO][seed38] PS(V1,V0) in [0.0, 0.0]
[2024-10-14T10:32:02.401629][INFO][seed38] No feasible solution... resampling
[2024-10-14T10:32:02.407879][INFO][seed82] Sampled 1200 data instances
[2024-10-14T10:32:02.413444][INFO][seed166] PS(V1,V0) in [1.0, 1.0]
[2024-10-14T10:32:02.417081][INFO][seed82] Starting exact inference 
[2024-10-14T10:32:02.417496][INFO][seed16] Saved data to: /mnt/beegfs/rcabanas/dev/credici/papers/zeros/models/s3/simple_nparents1_nzr06_zdr05_ysize3_16.csv
[2024-10-14T10:32:02.420426][INFO][seed166] PN(V1,V0) in [0.9935780533555648, 0.9935780533555648] 
[2024-10-14T10:32:02.431028][INFO][seed16] Saved model to: /mnt/beegfs/rcabanas/dev/credici/papers/zeros/models/s3/simple_nparents1_nzr06_zdr05_ysize3_16.uai
[2024-10-14T10:32:02.431267][INFO][seed5] PS(V1,V0) in [0.0, 0.31034482758620696]
[2024-10-14T10:32:02.435803][INFO][seed16] Saved queries to: /mnt/beegfs/rcabanas/dev/credici/papers/zeros/models/s3/simple_nparents1_nzr06_zdr05_ysize3_16_query.csv
[2024-10-14T10:32:02.435993][INFO][seed16] Closing log file
[2024-10-14T10:32:02.436089][INFO][seed16] Closed log file
[2024-10-14T10:32:02.453194][INFO][seed126] PS(V1,V0) in [0.0, 1.0]
[2024-10-14T10:32:02.453723][INFO][seed5] PN(V1,V0) in [0.0, 5.452452593953836E-4] 
[2024-10-14T10:32:02.457227][INFO][seed166] Saved data to: /mnt/beegfs/rcabanas/dev/credici/papers/zeros/models/s3/simple_nparents1_nzr06_zdr05_ysize3_166.csv
[2024-10-14T10:32:02.466640][INFO][seed126] PN(V1,V0) in [0.0, 0.04144207993733331] 
[2024-10-14T10:32:02.472585][INFO][seed166] Saved model to: /mnt/beegfs/rcabanas/dev/credici/papers/zeros/models/s3/simple_nparents1_nzr06_zdr05_ysize3_166.uai
[2024-10-14T10:32:02.479586][INFO][seed5] Saved data to: /mnt/beegfs/rcabanas/dev/credici/papers/zeros/models/s3/simple_nparents1_nzr06_zdr05_ysize3_5.csv
[2024-10-14T10:32:02.481081][INFO][seed64] PS(V1,V0) in [0.0, 0.0]
[2024-10-14T10:32:02.481210][INFO][seed166] Saved queries to: /mnt/beegfs/rcabanas/dev/credici/papers/zeros/models/s3/simple_nparents1_nzr06_zdr05_ysize3_166_query.csv
[2024-10-14T10:32:02.481440][INFO][seed166] Closing log file
[2024-10-14T10:32:02.481521][INFO][seed166] Closed log file
[2024-10-14T10:32:02.481478][INFO][seed38] Sampled 1200 data instances
[2024-10-14T10:32:02.481704][INFO][seed38] Starting exact inference 
[2024-10-14T10:32:02.485504][INFO][seed64] No feasible solution... resampling
[2024-10-14T10:32:02.492726][INFO][seed25] No feasible solution... resampling
[2024-10-14T10:32:02.497194][INFO][seed126] Saved data to: /mnt/beegfs/rcabanas/dev/credici/papers/zeros/models/s3/simple_nparents1_nzr06_zdr05_ysize3_126.csv
[2024-10-14T10:32:02.502847][INFO][seed5] Saved model to: /mnt/beegfs/rcabanas/dev/credici/papers/zeros/models/s3/simple_nparents1_nzr06_zdr05_ysize3_5.uai
[2024-10-14T10:32:02.507551][INFO][seed5] Saved queries to: /mnt/beegfs/rcabanas/dev/credici/papers/zeros/models/s3/simple_nparents1_nzr06_zdr05_ysize3_5_query.csv
[2024-10-14T10:32:02.507717][INFO][seed5] Closing log file
[2024-10-14T10:32:02.507810][INFO][seed5] Closed log file
[2024-10-14T10:32:02.507644][INFO][seed68] PS(V1,V0) in [0.0, 0.0]
[2024-10-14T10:32:02.508900][INFO][seed68] No feasible solution... resampling
[2024-10-14T10:32:02.518253][INFO][seed126] Saved model to: /mnt/beegfs/rcabanas/dev/credici/papers/zeros/models/s3/simple_nparents1_nzr06_zdr05_ysize3_126.uai
['genn.py', '1', '0.6', '0.5', '13', '3']
[2024-10-14T10:32:02.522562][INFO][seed126] Saved queries to: /mnt/beegfs/rcabanas/dev/credici/papers/zeros/models/s3/simple_nparents1_nzr06_zdr05_ysize3_126_query.csv
[2024-10-14T10:32:02.522783][INFO][seed126] Closing log file
[2024-10-14T10:32:02.522865][INFO][seed126] Closed log file
['genn.py', '1', '0.6', '0.5', '34', '3']
[2024-10-14T10:32:02.538459][INFO][seed25] Sampled 1300 data instances
[2024-10-14T10:32:02.538730][INFO][seed25] Starting exact inference 
[2024-10-14T10:32:02.552494][INFO][seed82] No feasible solution... resampling
1 0.6 0.5 13
/mnt/beegfs/rcabanas/dev/credici/papers/zeros/code/GenerateNparents.java
1 0.6 0.5 34
/mnt/beegfs/rcabanas/dev/credici/papers/zeros/code/GenerateNparents.java
[2024-10-14T10:32:02.574983][INFO][seed68] Sampled 1300 data instances
[2024-10-14T10:32:02.575422][INFO][seed68] Starting exact inference 
['genn.py', '1', '0.6', '0.5', '154', '3']
[2024-10-14T10:32:02.600711][INFO][seed64] Sampled 1200 data instances
[2024-10-14T10:32:02.600999][INFO][seed64] Starting exact inference 
[2024-10-14T10:32:02.613056][INFO][seed82] Sampled 1300 data instances
[2024-10-14T10:32:02.613345][INFO][seed82] Starting exact inference 
[2024-10-14T10:32:02.614307][INFO][seed38] PS(V1,V0) in [0.0, 0.0]
[2024-10-14T10:32:02.615701][INFO][seed38] No feasible solution... resampling
1 0.6 0.5 154
/mnt/beegfs/rcabanas/dev/credici/papers/zeros/code/GenerateNparents.java
['genn.py', '1', '0.6', '0.5', '161', '3']
['genn.py', '1', '0.6', '0.5', '164', '3']
[2024-10-14T10:32:02.657250][INFO][seed25] No feasible solution... resampling
1 0.6 0.5 161
/mnt/beegfs/rcabanas/dev/credici/papers/zeros/code/GenerateNparents.java
[2024-10-14T10:32:02.672928][INFO][seed68] PS(V1,V0) in [0.0, 0.0]
[2024-10-14T10:32:02.674115][INFO][seed68] No feasible solution... resampling
[2024-10-14T10:32:02.689142][INFO][seed38] Sampled 1300 data instances
[2024-10-14T10:32:02.691947][INFO][seed38] Starting exact inference 
['genn.py', '1', '0.6', '0.5', '107', '3']
1 0.6 0.5 164
/mnt/beegfs/rcabanas/dev/credici/papers/zeros/code/GenerateNparents.java
['genn.py', '1', '0.6', '0.5', '45', '3']
[2024-10-14T10:32:02.704440][INFO][seed25] Sampled 1400 data instances
[2024-10-14T10:32:02.713780][INFO][seed25] Starting exact inference 
1 0.6 0.5 107
/mnt/beegfs/rcabanas/dev/credici/papers/zeros/code/GenerateNparents.java
[2024-10-14T10:32:02.733527][INFO][seed64] PS(V1,V0) in [0.0, 0.0]
[2024-10-14T10:32:02.735144][INFO][seed64] No feasible solution... resampling
1 0.6 0.5 45
/mnt/beegfs/rcabanas/dev/credici/papers/zeros/code/GenerateNparents.java
[2024-10-14T10:32:02.745161][INFO][seed68] Sampled 1400 data instances
[2024-10-14T10:32:02.745373][INFO][seed68] Starting exact inference 
['genn.py', '1', '0.6', '0.5', '50', '3']
[2024-10-14T10:32:02.784227][INFO][seed82] PS(V1,V0) in [0.8863134657836645, 1.0]
['genn.py', '1', '0.6', '0.5', '192', '3']
[2024-10-14T10:32:02.792007][INFO][seed82] PN(V1,V0) in [0.009454511202948207, 0.010667231818021265] 
1 0.6 0.5 50
/mnt/beegfs/rcabanas/dev/credici/papers/zeros/code/GenerateNparents.java
['genn.py', '1', '0.6', '0.5', '4', '3']
[2024-10-14T10:32:02.813352][INFO][seed38] PS(V1,V0) in [0.0, 0.0]
[2024-10-14T10:32:02.815464][INFO][seed38] No feasible solution... resampling
['genn.py', '1', '0.6', '0.5', '90', '3']
1 0.6 0.5 192
/mnt/beegfs/rcabanas/dev/credici/papers/zeros/code/GenerateNparents.java
[2024-10-14T10:32:02.829205][INFO][seed82] Saved data to: /mnt/beegfs/rcabanas/dev/credici/papers/zeros/models/s3/simple_nparents1_nzr06_zdr05_ysize3_82.csv
1 0.6 0.5 4
/mnt/beegfs/rcabanas/dev/credici/papers/zeros/code/GenerateNparents.java
[2024-10-14T10:32:02.839069][INFO][seed25] No feasible solution... resampling
[2024-10-14T10:32:02.844354][INFO][seed82] Saved model to: /mnt/beegfs/rcabanas/dev/credici/papers/zeros/models/s3/simple_nparents1_nzr06_zdr05_ysize3_82.uai
[2024-10-14T10:32:02.848706][INFO][seed82] Saved queries to: /mnt/beegfs/rcabanas/dev/credici/papers/zeros/models/s3/simple_nparents1_nzr06_zdr05_ysize3_82_query.csv
[2024-10-14T10:32:02.848782][INFO][seed82] Closing log file
[2024-10-14T10:32:02.848808][INFO][seed82] Closed log file
[2024-10-14T10:32:02.851094][INFO][seed64] Sampled 1300 data instances
[2024-10-14T10:32:02.851381][INFO][seed64] Starting exact inference 
[2024-10-14T10:32:02.849939][INFO][seed68] PS(V1,V0) in [0.0, 0.0]
[2024-10-14T10:32:02.852379][INFO][seed68] No feasible solution... resampling
1 0.6 0.5 90
/mnt/beegfs/rcabanas/dev/credici/papers/zeros/code/GenerateNparents.java
[2024-10-14T10:32:02.880433][INFO][seed25] Sampled 1500 data instances
[2024-10-14T10:32:02.880678][INFO][seed25] Starting exact inference 
[2024-10-14T10:32:02.883306][INFO][seed38] Sampled 1400 data instances
[2024-10-14T10:32:02.883566][INFO][seed38] Starting exact inference 
[2024-10-14T10:32:02.917423][INFO][seed68] Sampled 1500 data instances
[2024-10-14T10:32:02.917655][INFO][seed68] Starting exact inference 
['genn.py', '1', '0.6', '0.5', '109', '3']
1 0.6 0.5 109
/mnt/beegfs/rcabanas/dev/credici/papers/zeros/code/GenerateNparents.java
[2024-10-14T10:32:02.962052][INFO][seed64] PS(V1,V0) in [0.0, 0.0]
[2024-10-14T10:32:02.963592][INFO][seed64] No feasible solution... resampling
['genn.py', '1', '0.6', '0.5', '129', '3']
[2024-10-14T10:32:02.991484][INFO][seed25] No feasible solution... resampling
[2024-10-14T10:32:02.994939][INFO][seed38] PS(V1,V0) in [0.0, 0.0]
['genn.py', '1', '0.6', '0.5', '0', '3']
['genn.py', '1', '0.6', '0.5', '1', '3']
[2024-10-14T10:32:02.998814][INFO][seed38] No feasible solution... resampling
1 0.6 0.5 129
/mnt/beegfs/rcabanas/dev/credici/papers/zeros/code/GenerateNparents.java
[2024-10-14T10:32:03.023294][INFO][seed64] Sampled 1400 data instances
[2024-10-14T10:32:03.023556][INFO][seed64] Starting exact inference 
[2024-10-14T10:32:03.028063][INFO][seed68] PS(V1,V0) in [0.0, 0.0]
[2024-10-14T10:32:03.029257][INFO][seed68] No feasible solution... resampling
1 0.6 0.5 0
/mnt/beegfs/rcabanas/dev/credici/papers/zeros/code/GenerateNparents.java
1 0.6 0.5 1
/mnt/beegfs/rcabanas/dev/credici/papers/zeros/code/GenerateNparents.java
[2024-10-14T10:32:03.043770][INFO][seed25] Sampled 1600 data instances
[2024-10-14T10:32:03.044024][INFO][seed25] Starting exact inference 
[2024-10-14T10:32:03.068754][INFO][seed38] Sampled 1500 data instances
[2024-10-14T10:32:03.077068][INFO][seed38] Starting exact inference 
['genn.py', '1', '0.6', '0.5', '85', '3']
[2024-10-14T10:32:03.096930][INFO][seed68] Sampled 1600 data instances
[2024-10-14T10:32:03.110472][INFO][seed68] Starting exact inference 
[2024-10-14T10:32:03.133951][INFO][seed64] PS(V1,V0) in [0.0, 0.0]
[2024-10-14T10:32:03.136876][INFO][seed64] No feasible solution... resampling
1 0.6 0.5 85
/mnt/beegfs/rcabanas/dev/credici/papers/zeros/code/GenerateNparents.java
[2024-10-14T10:32:03.157752][INFO][seed25] No feasible solution... resampling
[2024-10-14T10:32:03.186289][INFO][seed64] Sampled 1500 data instances
[2024-10-14T10:32:03.188910][INFO][seed64] Starting exact inference 
[2024-10-14T10:32:03.199055][INFO][seed38] PS(V1,V0) in [0.0, 0.0]
[2024-10-14T10:32:03.200174][INFO][seed38] No feasible solution... resampling
[2024-10-14T10:32:03.210160][INFO][seed25] Sampled 1700 data instances
[2024-10-14T10:32:03.213070][INFO][seed68] PS(V1,V0) in [0.0, 0.0]
[2024-10-14T10:32:03.214157][INFO][seed68] No feasible solution... resampling
[2024-10-14T10:32:03.216391][INFO][seed25] Starting exact inference 
['genn.py', '1', '0.6', '0.5', '163', '3']
[2024-10-14T10:32:03.270657][INFO][seed38] Sampled 1600 data instances
[2024-10-14T10:32:03.277073][INFO][seed38] Starting exact inference 
[2024-10-14T10:32:03.282466][INFO][seed68] Sampled 1700 data instances
[2024-10-14T10:32:03.295918][INFO][seed64] PS(V1,V0) in [0.0, 0.0]
[2024-10-14T10:32:03.298840][INFO][seed64] No feasible solution... resampling
1 0.6 0.5 163
/mnt/beegfs/rcabanas/dev/credici/papers/zeros/code/GenerateNparents.java
[2024-10-14T10:32:03.304044][INFO][seed68] Starting exact inference 
[2024-10-14T10:32:03.327745][INFO][seed25] No feasible solution... resampling
[2024-10-14T10:32:03.353187][INFO][seed64] Sampled 1600 data instances
[2024-10-14T10:32:03.353430][INFO][seed64] Starting exact inference 
[2024-10-14T10:32:03.382350][INFO][seed25] Sampled 1800 data instances
[2024-10-14T10:32:03.382594][INFO][seed25] Starting exact inference 
[2024-10-14T10:32:03.385211][INFO][seed38] PS(V1,V0) in [0.0, 0.0]
[2024-10-14T10:32:03.386342][INFO][seed38] No feasible solution... resampling
[2024-10-14T10:32:03.405097][INFO][seed68] PS(V1,V0) in [0.0, 0.0]
[2024-10-14T10:32:03.407305][INFO][seed68] No feasible solution... resampling
[2024-10-14T10:32:03.447351][INFO][seed38] Sampled 1700 data instances
[2024-10-14T10:32:03.452700][INFO][seed38] Starting exact inference 
[2024-10-14T10:32:03.473299][INFO][seed64] PS(V1,V0) in [0.0, 0.0]
[2024-10-14T10:32:03.474706][INFO][seed64] No feasible solution... resampling
[2024-10-14T10:32:03.480060][INFO][seed68] Sampled 1800 data instances
[2024-10-14T10:32:03.480690][INFO][seed68] Starting exact inference 
[2024-10-14T10:32:03.507876][INFO][seed25] No feasible solution... resampling
[2024-10-14T10:32:03.518612][INFO][seed64] Sampled 1700 data instances
[2024-10-14T10:32:03.518939][INFO][seed64] Starting exact inference 
[2024-10-14T10:32:03.556868][INFO][seed25] Sampled 1900 data instances
[2024-10-14T10:32:03.557042][INFO][seed25] Starting exact inference 
[2024-10-14T10:32:03.561704][INFO][seed68] PS(V1,V0) in [0.0, 0.0]
[2024-10-14T10:32:03.563500][INFO][seed68] No feasible solution... resampling
[2024-10-14T10:32:03.570803][INFO][seed38] PS(V1,V0) in [0.0, 0.0]
[2024-10-14T10:32:03.571873][INFO][seed38] No feasible solution... resampling
[2024-10-14T10:32:03.623325][INFO][seed38] Sampled 1800 data instances
[2024-10-14T10:32:03.625242][INFO][seed38] Starting exact inference 
[2024-10-14T10:32:03.624594][INFO][seed68] Sampled 1900 data instances
[2024-10-14T10:32:03.624810][INFO][seed68] Starting exact inference 
[2024-10-14T10:32:03.628825][INFO][seed25] No feasible solution... resampling
[2024-10-14T10:32:03.659392][INFO][seed64] PS(V1,V0) in [0.0, 0.0]
[2024-10-14T10:32:03.660795][INFO][seed64] No feasible solution... resampling
[2024-10-14T10:32:03.674706][INFO][seed25] Sampled 2000 data instances
[2024-10-14T10:32:03.674871][INFO][seed25] Starting exact inference 
[2024-10-14T10:32:03.708619][INFO][seed64] Sampled 1800 data instances
[2024-10-14T10:32:03.709669][INFO][seed68] PS(V1,V0) in [0.0, 0.0]
[2024-10-14T10:32:03.710599][INFO][seed68] No feasible solution... resampling
[2024-10-14T10:32:03.717073][INFO][seed64] Starting exact inference 
[2024-10-14T10:32:03.721052][INFO][seed38] PS(V1,V0) in [0.0, 0.0]
[2024-10-14T10:32:03.724695][INFO][seed38] No feasible solution... resampling
[2024-10-14T10:32:03.751252][INFO][seed25] No feasible solution... resampling
[2024-10-14T10:32:03.756440][INFO][seed68] Sampled 2000 data instances
[2024-10-14T10:32:03.766532][INFO][seed68] Starting exact inference 
[2024-10-14T10:32:03.786017][INFO][seed38] Sampled 1900 data instances
[2024-10-14T10:32:03.786271][INFO][seed38] Starting exact inference 
[2024-10-14T10:32:03.795743][INFO][seed25] Sampled 2100 data instances
[2024-10-14T10:32:03.795874][INFO][seed25] Starting exact inference 
[2024-10-14T10:32:03.822889][INFO][seed64] PS(V1,V0) in [0.0, 0.0]
[2024-10-14T10:32:03.825982][INFO][seed64] No feasible solution... resampling
[2024-10-14T10:32:03.869864][INFO][seed68] PS(V1,V0) in [0.0, 0.0]
[2024-10-14T10:32:03.873136][INFO][seed68] No feasible solution... resampling
[2024-10-14T10:32:03.868496][INFO][seed38] PS(V1,V0) in [0.0, 0.0]
[2024-10-14T10:32:03.869448][INFO][seed38] No feasible solution... resampling
[2024-10-14T10:32:03.881422][INFO][seed64] Sampled 1900 data instances
[2024-10-14T10:32:03.883672][INFO][seed64] Starting exact inference 
[2024-10-14T10:32:03.891220][INFO][seed25] No feasible solution... resampling
[2024-10-14T10:32:03.912671][INFO][seed38] Sampled 2000 data instances
[2024-10-14T10:32:03.914363][INFO][seed25] Sampled 2200 data instances
[2024-10-14T10:32:03.916742][INFO][seed38] Starting exact inference 
[2024-10-14T10:32:03.919790][INFO][seed25] Starting exact inference 
[2024-10-14T10:32:03.920563][INFO][seed68] Sampled 2100 data instances
[2024-10-14T10:32:03.920686][INFO][seed68] Starting exact inference 
Error in variable: 2
[2024-10-14T10:32:03.963899][INFO][seed38] No feasible solution... resampling
[2024-10-14T10:32:03.979381][INFO][seed64] PS(V1,V0) in [0.0, 0.0]
[2024-10-14T10:32:03.980598][INFO][seed64] No feasible solution... resampling
[2024-10-14T10:32:03.992469][INFO][seed68] PS(V1,V0) in [0.0, 0.0]
[2024-10-14T10:32:03.993325][INFO][seed68] No feasible solution... resampling
[2024-10-14T10:32:04.013852][INFO][seed38] Sampled 2100 data instances
[2024-10-14T10:32:04.014178][INFO][seed38] Starting exact inference 
[2024-10-14T10:32:04.012132][INFO][seed25] No feasible solution... resampling
[2024-10-14T10:32:04.023442][INFO][seed68] Sampled 2200 data instances
[2024-10-14T10:32:04.025239][INFO][seed64] Sampled 2000 data instances
[2024-10-14T10:32:04.031051][INFO][seed68] Starting exact inference 
[2024-10-14T10:32:04.035681][INFO][seed64] Starting exact inference 
[2024-10-14T10:32:04.036231][INFO][seed25] Sampled 2300 data instances
[2024-10-14T10:32:04.049353][INFO][seed25] Starting exact inference 
[2024-10-14T10:32:04.087191][INFO][seed38] PS(V1,V0) in [0.0, 0.0]
[2024-10-14T10:32:04.088199][INFO][seed38] No feasible solution... resampling
[2024-10-14T10:32:04.112439][INFO][seed68] PS(V1,V0) in [0.0, 0.0]
[2024-10-14T10:32:04.113266][INFO][seed68] No feasible solution... resampling
[2024-10-14T10:32:04.128436][INFO][seed25] No feasible solution... resampling
[2024-10-14T10:32:04.131999][INFO][seed64] PS(V1,V0) in [0.0, 0.0]
[2024-10-14T10:32:04.133133][INFO][seed64] No feasible solution... resampling
[2024-10-14T10:32:04.138134][INFO][seed38] Sampled 2200 data instances
[2024-10-14T10:32:04.138402][INFO][seed38] Starting exact inference 
[2024-10-14T10:32:04.150101][INFO][seed68] Sampled 2300 data instances
[2024-10-14T10:32:04.150231][INFO][seed68] Starting exact inference 
[2024-10-14T10:32:04.170969][INFO][seed25] Sampled 2400 data instances
[2024-10-14T10:32:04.171448][INFO][seed25] Starting exact inference 
[2024-10-14T10:32:04.174564][INFO][seed64] Sampled 2100 data instances
[2024-10-14T10:32:04.174872][INFO][seed64] Starting exact inference 
[2024-10-14T10:32:04.219768][INFO][seed68] PS(V1,V0) in [0.0, 0.0]
[2024-10-14T10:32:04.220588][INFO][seed68] No feasible solution... resampling
[2024-10-14T10:32:04.218930][INFO][seed38] PS(V1,V0) in [0.0, 0.0]
[2024-10-14T10:32:04.219873][INFO][seed38] No feasible solution... resampling
[2024-10-14T10:32:04.253059][INFO][seed25] No feasible solution... resampling
[2024-10-14T10:32:04.257150][INFO][seed38] Sampled 2300 data instances
[2024-10-14T10:32:04.257408][INFO][seed38] Starting exact inference 
[2024-10-14T10:32:04.266140][INFO][seed68] Sampled 2400 data instances
[2024-10-14T10:32:04.266317][INFO][seed68] Starting exact inference 
[2024-10-14T10:32:04.267887][INFO][seed64] PS(V1,V0) in [0.0, 0.0]
[2024-10-14T10:32:04.269018][INFO][seed64] No feasible solution... resampling
[2024-10-14T10:32:04.273996][INFO][seed25] Sampled 2500 data instances
[2024-10-14T10:32:04.276346][INFO][seed25] Starting exact inference 
[2024-10-14T10:32:04.308288][INFO][seed64] Sampled 2200 data instances
[2024-10-14T10:32:04.316862][INFO][seed64] Starting exact inference 
[2024-10-14T10:32:04.345473][INFO][seed68] PS(V1,V0) in [0.0, 0.0]
[2024-10-14T10:32:04.346283][INFO][seed68] No feasible solution... resampling
[2024-10-14T10:32:04.350480][INFO][seed38] PS(V1,V0) in [0.0, 0.0]
[2024-10-14T10:32:04.351444][INFO][seed38] No feasible solution... resampling
[2024-10-14T10:32:04.360622][INFO][seed25] No feasible solution... resampling
[2024-10-14T10:32:04.384665][INFO][seed68] Sampled 2500 data instances
[2024-10-14T10:32:04.385772][INFO][seed68] Starting exact inference 
[2024-10-14T10:32:04.393141][INFO][seed38] Sampled 2400 data instances
[2024-10-14T10:32:04.393387][INFO][seed38] Starting exact inference 
[2024-10-14T10:32:04.388078][INFO][seed25] Sampled 2600 data instances
[2024-10-14T10:32:04.396776][INFO][seed25] Starting exact inference 
[2024-10-14T10:32:04.415028][INFO][seed64] PS(V1,V0) in [0.0, 0.0]
[2024-10-14T10:32:04.416122][INFO][seed64] No feasible solution... resampling
[2024-10-14T10:32:04.444576][INFO][seed64] Sampled 2300 data instances
[2024-10-14T10:32:04.457274][INFO][seed64] Starting exact inference 
[2024-10-14T10:32:04.462686][INFO][seed68] PS(V1,V0) in [0.0, 0.0]
[2024-10-14T10:32:04.463467][INFO][seed68] No feasible solution... resampling
[2024-10-14T10:32:04.471765][INFO][seed38] PS(V1,V0) in [0.0, 0.0]
[2024-10-14T10:32:04.472659][INFO][seed38] No feasible solution... resampling
[2024-10-14T10:32:04.493989][INFO][seed68] Sampled 2600 data instances
[2024-10-14T10:32:04.493691][INFO][seed38] Sampled 2500 data instances
[2024-10-14T10:32:04.494643][INFO][seed68] Starting exact inference 
[2024-10-14T10:32:04.494227][INFO][seed38] Starting exact inference 
[2024-10-14T10:32:04.494998][INFO][seed25] No feasible solution... resampling
[2024-10-14T10:32:04.529411][INFO][seed25] Sampled 2700 data instances
[2024-10-14T10:32:04.529497][INFO][seed25] Starting exact inference 
[2024-10-14T10:32:04.535079][INFO][seed64] PS(V1,V0) in [0.0, 0.0]
[2024-10-14T10:32:04.536142][INFO][seed64] No feasible solution... resampling
[2024-10-14T10:32:04.572573][INFO][seed38] PS(V1,V0) in [0.0, 0.0]
[2024-10-14T10:32:04.572351][INFO][seed68] PS(V1,V0) in [0.0, 0.0]
[2024-10-14T10:32:04.573090][INFO][seed68] No feasible solution... resampling
[2024-10-14T10:32:04.575430][INFO][seed38] No feasible solution... resampling
[2024-10-14T10:32:04.561969][INFO][seed13] Set up logging
[2024-10-14T10:32:04.580933][INFO][seed13] args: -np;1;-nzr;0.6;-zdr;0.5;-o;/mnt/beegfs/rcabanas/dev/credici/papers/zeros/models/s3;-rw;-s;13;-ys;3
[2024-10-14T10:32:04.582433][INFO][seed13] Starting logger with seed 13
[2024-10-14T10:32:04.583056][INFO][seed64] Sampled 2400 data instances
[2024-10-14T10:32:04.583351][INFO][seed64] Starting exact inference 
[2024-10-14T10:32:04.597108][INFO][seed13] simple_nparents1_nzr06_zdr05_ysize3_13
[2024-10-14T10:32:04.600983][INFO][seed68] Sampled 2700 data instances
[2024-10-14T10:32:04.603970][INFO][seed38] Sampled 2600 data instances
[2024-10-14T10:32:04.604229][INFO][seed38] Starting exact inference 
[2024-10-14T10:32:04.601693][INFO][seed25] No feasible solution... resampling
[2024-10-14T10:32:04.611044][INFO][seed68] Starting exact inference 
[2024-10-14T10:32:04.627430][INFO][seed25] Sampled 2800 data instances
[2024-10-14T10:32:04.648844][INFO][seed25] Starting exact inference 
[2024-10-14T10:32:04.635849][INFO][seed34] Set up logging
[2024-10-14T10:32:04.657109][INFO][seed34] args: -np;1;-nzr;0.6;-zdr;0.5;-o;/mnt/beegfs/rcabanas/dev/credici/papers/zeros/models/s3;-rw;-s;34;-ys;3
[2024-10-14T10:32:04.658682][INFO][seed34] Starting logger with seed 34
[2024-10-14T10:32:04.673817][INFO][seed34] simple_nparents1_nzr06_zdr05_ysize3_34
[2024-10-14T10:32:04.671844][INFO][seed64] PS(V1,V0) in [0.0, 0.0]
[2024-10-14T10:32:04.672876][INFO][seed64] No feasible solution... resampling
[2024-10-14T10:32:04.663236][INFO][seed154] Set up logging
[2024-10-14T10:32:04.690177][INFO][seed154] args: -np;1;-nzr;0.6;-zdr;0.5;-o;/mnt/beegfs/rcabanas/dev/credici/papers/zeros/models/s3;-rw;-s;154;-ys;3
[2024-10-14T10:32:04.689215][INFO][seed68] PS(V1,V0) in [0.0, 0.0]
[2024-10-14T10:32:04.689944][INFO][seed68] No feasible solution... resampling
[2024-10-14T10:32:04.693806][INFO][seed38] PS(V1,V0) in [0.0, 0.0]
[2024-10-14T10:32:04.691861][INFO][seed154] Starting logger with seed 154
[2024-10-14T10:32:04.695985][INFO][seed38] No feasible solution... resampling
[2024-10-14T10:32:04.700241][INFO][seed154] simple_nparents1_nzr06_zdr05_ysize3_154
[2024-10-14T10:32:04.712388][INFO][seed64] Sampled 2500 data instances
[2024-10-14T10:32:04.712722][INFO][seed64] Starting exact inference 
[2024-10-14T10:32:04.717876][INFO][seed25] No feasible solution... resampling
[2024-10-14T10:32:04.723500][INFO][seed38] Sampled 2700 data instances
[2024-10-14T10:32:04.723520][INFO][seed68] Sampled 2800 data instances
[2024-10-14T10:32:04.723644][INFO][seed68] Starting exact inference 
[2024-10-14T10:32:04.736056][INFO][seed38] Starting exact inference 
[2024-10-14T10:32:04.753753][INFO][seed25] Sampled 2900 data instances
[2024-10-14T10:32:04.753897][INFO][seed25] Starting exact inference 
[2024-10-14T10:32:04.761382][INFO][seed13] U cardinality: 9
[2024-10-14T10:32:04.765278][INFO][seed13] !0 = [0, 1, 3, 6, 8]
[2024-10-14T10:32:04.765561][INFO][seed13] 0 = [2, 4, 5, 7]
[2024-10-14T10:32:04.771667][INFO][seed13] Dropping state 7
[2024-10-14T10:32:04.772803][INFO][seed13] Dropping state 5
[2024-10-14T10:32:04.776975][INFO][seed13] U cardinality: 7
[2024-10-14T10:32:04.790038][INFO][seed13] 
[P([3]) [0.151, 0.849], P([2]) [0.001, 0.001, 0.0, 0.75, 0.0, 0.001, 0.247], P([1, 3]) [1.0, 0.0, 0.0, 1.0], P([0, 1, 2]) [1.0, 0.0, 0.0, 1.0, 0.0, 0.0, 1.0, 0.0, 0.0, 0.0, 1.0, 0.0, 1.0, 0.0, 0.0, 0.0, 0.0, 1.0, 0.0, 1.0, 0.0, 1.0, 0.0, 0.0, 0.0, 1.0, 0.0, 0.0, 1.0, 0.0, 0.0, 0.0, 1.0, 1.0, 0.0, 0.0, 0.0, 0.0, 1.0, 0.0, 0.0, 1.0]]

[2024-10-14T10:32:04.792217][INFO][seed64] PS(V1,V0) in [0.0, 0.0]
[2024-10-14T10:32:04.793254][INFO][seed64] No feasible solution... resampling
[2024-10-14T10:32:04.792351][INFO][seed68] PS(V1,V0) in [0.0, 0.0]
[2024-10-14T10:32:04.793080][INFO][seed68] No feasible solution... resampling
[2024-10-14T10:32:04.813719][INFO][seed38] PS(V1,V0) in [0.0, 0.0]
[2024-10-14T10:32:04.814549][INFO][seed38] No feasible solution... resampling
[2024-10-14T10:32:04.824644][INFO][seed25] No feasible solution... resampling
[2024-10-14T10:32:04.831349][INFO][seed68] Sampled 2900 data instances
[2024-10-14T10:32:04.831482][INFO][seed68] Starting exact inference 
[2024-10-14T10:32:04.838850][INFO][seed38] Sampled 2800 data instances
[2024-10-14T10:32:04.839170][INFO][seed38] Starting exact inference 
[2024-10-14T10:32:04.840306][INFO][seed64] Sampled 2600 data instances
[2024-10-14T10:32:04.840552][INFO][seed64] Starting exact inference 
[2024-10-14T10:32:04.848176][INFO][seed25] Sampled 3000 data instances
[2024-10-14T10:32:04.853765][INFO][seed34] U cardinality: 9
[2024-10-14T10:32:04.857903][INFO][seed34] !0 = [3, 4, 5, 7, 8]
[2024-10-14T10:32:04.858266][INFO][seed25] Starting exact inference 
[2024-10-14T10:32:04.858194][INFO][seed34] 0 = [0, 1, 2, 6]
[2024-10-14T10:32:04.859728][INFO][seed34] U cardinality: 9
[2024-10-14T10:32:04.866685][INFO][seed34] 
[P([3]) [0.409, 0.591], P([2]) [0.0, 0.0, 0.0, 0.002, 0.01, 0.06, 0.0, 0.002, 0.926], P([1, 3]) [1.0, 0.0, 0.0, 1.0], P([0, 1, 2]) [1.0, 0.0, 0.0, 1.0, 0.0, 0.0, 1.0, 0.0, 0.0, 0.0, 1.0, 0.0, 1.0, 0.0, 0.0, 0.0, 0.0, 1.0, 0.0, 1.0, 0.0, 1.0, 0.0, 0.0, 0.0, 1.0, 0.0, 0.0, 1.0, 0.0, 0.0, 1.0, 0.0, 0.0, 0.0, 1.0, 0.0, 0.0, 1.0, 1.0, 0.0, 0.0, 0.0, 0.0, 1.0, 0.0, 1.0, 0.0, 0.0, 0.0, 1.0, 0.0, 0.0, 1.0]]

[2024-10-14T10:32:04.897612][INFO][seed68] PS(V1,V0) in [0.0, 0.0]
[2024-10-14T10:32:04.898290][INFO][seed68] No feasible solution... resampling
[2024-10-14T10:32:04.915796][INFO][seed154] U cardinality: 9
[2024-10-14T10:32:04.920572][INFO][seed154] !0 = [0, 2, 3, 6, 7]
[2024-10-14T10:32:04.920875][INFO][seed154] 0 = [1, 4, 5, 8]
[2024-10-14T10:32:04.918912][INFO][seed38] PS(V1,V0) in [0.0, 0.0]
[2024-10-14T10:32:04.919690][INFO][seed38] No feasible solution... resampling
[2024-10-14T10:32:04.925434][INFO][seed68] Sampled 3000 data instances
[2024-10-14T10:32:04.928034][INFO][seed154] Dropping state 8
[2024-10-14T10:32:04.932420][INFO][seed154] U cardinality: 8
[2024-10-14T10:32:04.936104][INFO][seed68] Starting exact inference 
[2024-10-14T10:32:04.941009][INFO][seed25] No feasible solution... resampling
[2024-10-14T10:32:04.944333][INFO][seed154] 
[P([3]) [0.539, 0.461], P([2]) [0.757, 0.0, 0.018, 0.003, 0.0, 0.0, 0.085, 0.137], P([1, 3]) [1.0, 0.0, 0.0, 1.0], P([0, 1, 2]) [1.0, 0.0, 0.0, 1.0, 0.0, 0.0, 1.0, 0.0, 0.0, 0.0, 1.0, 0.0, 1.0, 0.0, 0.0, 0.0, 0.0, 1.0, 0.0, 1.0, 0.0, 1.0, 0.0, 0.0, 0.0, 1.0, 0.0, 0.0, 1.0, 0.0, 0.0, 1.0, 0.0, 0.0, 0.0, 1.0, 0.0, 0.0, 1.0, 1.0, 0.0, 0.0, 0.0, 0.0, 1.0, 0.0, 1.0, 0.0]]

[2024-10-14T10:32:04.945182][INFO][seed38] Sampled 2900 data instances
[2024-10-14T10:32:04.946941][INFO][seed64] PS(V1,V0) in [0.0, 0.0]
[2024-10-14T10:32:04.947913][INFO][seed64] No feasible solution... resampling
[2024-10-14T10:32:04.952696][INFO][seed38] Starting exact inference 
[2024-10-14T10:32:04.967954][INFO][seed13] Sampled 1000 data instances
[2024-10-14T10:32:04.968203][INFO][seed13] Starting exact inference 
[2024-10-14T10:32:04.981234][INFO][seed25] Sampled 3100 data instances
[2024-10-14T10:32:04.981466][INFO][seed64] Sampled 2700 data instances
[2024-10-14T10:32:04.981746][INFO][seed64] Starting exact inference 
[2024-10-14T10:32:04.984767][INFO][seed25] Starting exact inference 
[2024-10-14T10:32:05.008890][INFO][seed68] PS(V1,V0) in [0.0, 0.0]
[2024-10-14T10:32:05.009690][INFO][seed68] No feasible solution... resampling
[2024-10-14T10:32:05.019980][INFO][seed38] PS(V1,V0) in [0.0, 0.0]
[2024-10-14T10:32:05.020730][INFO][seed38] No feasible solution... resampling
[2024-10-14T10:32:05.053477][INFO][seed68] Sampled 3100 data instances
[2024-10-14T10:32:05.053598][INFO][seed68] Starting exact inference 
[2024-10-14T10:32:05.030669][INFO][seed161] Set up logging
[2024-10-14T10:32:05.056166][INFO][seed161] args: -np;1;-nzr;0.6;-zdr;0.5;-o;/mnt/beegfs/rcabanas/dev/credici/papers/zeros/models/s3;-rw;-s;161;-ys;3
[2024-10-14T10:32:05.058137][INFO][seed161] Starting logger with seed 161
[2024-10-14T10:32:05.058966][INFO][seed34] Sampled 1000 data instances
[2024-10-14T10:32:05.059070][INFO][seed34] Starting exact inference 
[2024-10-14T10:32:05.057793][INFO][seed25] No feasible solution... resampling
[2024-10-14T10:32:05.062087][INFO][seed64] PS(V1,V0) in [0.0, 0.0]
[2024-10-14T10:32:05.064493][INFO][seed38] Sampled 3000 data instances
[2024-10-14T10:32:05.064723][INFO][seed38] Starting exact inference 
[2024-10-14T10:32:05.065462][INFO][seed64] No feasible solution... resampling
[2024-10-14T10:32:05.072987][INFO][seed161] simple_nparents1_nzr06_zdr05_ysize3_161
[2024-10-14T10:32:05.050500][INFO][seed164] Set up logging
[2024-10-14T10:32:05.083843][INFO][seed164] args: -np;1;-nzr;0.6;-zdr;0.5;-o;/mnt/beegfs/rcabanas/dev/credici/papers/zeros/models/s3;-rw;-s;164;-ys;3
[2024-10-14T10:32:05.085839][INFO][seed164] Starting logger with seed 164
[2024-10-14T10:32:05.090956][INFO][seed25] Sampled 3200 data instances
[2024-10-14T10:32:05.091362][INFO][seed64] Sampled 2800 data instances
[2024-10-14T10:32:05.073264][INFO][seed45] Set up logging
[2024-10-14T10:32:05.095059][INFO][seed45] args: -np;1;-nzr;0.6;-zdr;0.5;-o;/mnt/beegfs/rcabanas/dev/credici/papers/zeros/models/s3;-rw;-s;45;-ys;3
[2024-10-14T10:32:05.098830][INFO][seed45] Starting logger with seed 45
[2024-10-14T10:32:05.100241][INFO][seed164] simple_nparents1_nzr06_zdr05_ysize3_164
[2024-10-14T10:32:05.104028][INFO][seed64] Starting exact inference 
[2024-10-14T10:32:05.109344][INFO][seed25] Starting exact inference 
[2024-10-14T10:32:05.112687][INFO][seed45] simple_nparents1_nzr06_zdr05_ysize3_45
[2024-10-14T10:32:05.115585][INFO][seed154] Sampled 1000 data instances
[2024-10-14T10:32:05.115835][INFO][seed154] Starting exact inference 
[2024-10-14T10:32:05.132226][INFO][seed68] PS(V1,V0) in [0.0, 0.0]
[2024-10-14T10:32:05.132858][INFO][seed68] No feasible solution... resampling
[2024-10-14T10:32:05.138688][INFO][seed38] PS(V1,V0) in [0.0, 0.0]
[2024-10-14T10:32:05.106501][INFO][seed107] Set up logging
[2024-10-14T10:32:05.139559][INFO][seed107] args: -np;1;-nzr;0.6;-zdr;0.5;-o;/mnt/beegfs/rcabanas/dev/credici/papers/zeros/models/s3;-rw;-s;107;-ys;3
[2024-10-14T10:32:05.141187][INFO][seed38] No feasible solution... resampling
[2024-10-14T10:32:05.141755][INFO][seed107] Starting logger with seed 107
[2024-10-14T10:32:05.150040][INFO][seed107] simple_nparents1_nzr06_zdr05_ysize3_107
[2024-10-14T10:32:05.161085][INFO][seed68] Sampled 3200 data instances
[2024-10-14T10:32:05.166432][INFO][seed38] Sampled 3100 data instances
[2024-10-14T10:32:05.171048][INFO][seed68] Starting exact inference 
[2024-10-14T10:32:05.144915][INFO][seed50] Set up logging
[2024-10-14T10:32:05.177248][INFO][seed50] args: -np;1;-nzr;0.6;-zdr;0.5;-o;/mnt/beegfs/rcabanas/dev/credici/papers/zeros/models/s3;-rw;-s;50;-ys;3
[2024-10-14T10:32:05.177078][INFO][seed38] Starting exact inference 
[2024-10-14T10:32:05.177697][INFO][seed25] No feasible solution... resampling
[2024-10-14T10:32:05.179688][INFO][seed50] Starting logger with seed 50
[2024-10-14T10:32:05.185423][INFO][seed50] simple_nparents1_nzr06_zdr05_ysize3_50
[2024-10-14T10:32:05.196363][INFO][seed64] PS(V1,V0) in [0.0, 0.0]
[2024-10-14T10:32:05.198663][INFO][seed64] No feasible solution... resampling
[2024-10-14T10:32:05.174369][INFO][seed4] Set up logging
[2024-10-14T10:32:05.201341][INFO][seed4] args: -np;1;-nzr;0.6;-zdr;0.5;-o;/mnt/beegfs/rcabanas/dev/credici/papers/zeros/models/s3;-rw;-s;4;-ys;3
[2024-10-14T10:32:05.203489][INFO][seed4] Starting logger with seed 4
[2024-10-14T10:32:05.211575][INFO][seed4] simple_nparents1_nzr06_zdr05_ysize3_4
[2024-10-14T10:32:05.189564][INFO][seed192] Set up logging
[2024-10-14T10:32:05.218069][INFO][seed192] args: -np;1;-nzr;0.6;-zdr;0.5;-o;/mnt/beegfs/rcabanas/dev/credici/papers/zeros/models/s3;-rw;-s;192;-ys;3
[2024-10-14T10:32:05.219395][INFO][seed25] Sampled 3300 data instances
[2024-10-14T10:32:05.219511][INFO][seed25] Starting exact inference 
[2024-10-14T10:32:05.222278][INFO][seed192] Starting logger with seed 192
[2024-10-14T10:32:05.231462][INFO][seed64] Sampled 2900 data instances
[2024-10-14T10:32:05.223439][INFO][seed90] Set up logging
[2024-10-14T10:32:05.236556][INFO][seed192] simple_nparents1_nzr06_zdr05_ysize3_192
[2024-10-14T10:32:05.237512][INFO][seed90] args: -np;1;-nzr;0.6;-zdr;0.5;-o;/mnt/beegfs/rcabanas/dev/credici/papers/zeros/models/s3;-rw;-s;90;-ys;3
[2024-10-14T10:32:05.240322][INFO][seed68] PS(V1,V0) in [0.0, 0.0]
[2024-10-14T10:32:05.240955][INFO][seed68] No feasible solution... resampling
[2024-10-14T10:32:05.250059][INFO][seed64] Starting exact inference 
[2024-10-14T10:32:05.250475][INFO][seed90] Starting logger with seed 90
[2024-10-14T10:32:05.255449][INFO][seed38] PS(V1,V0) in [0.0, 0.0]
[2024-10-14T10:32:05.256822][INFO][seed38] No feasible solution... resampling
[2024-10-14T10:32:05.252212][INFO][seed109] Set up logging
[2024-10-14T10:32:05.265202][INFO][seed109] args: -np;1;-nzr;0.6;-zdr;0.5;-o;/mnt/beegfs/rcabanas/dev/credici/papers/zeros/models/s3;-rw;-s;109;-ys;3
[2024-10-14T10:32:05.279068][INFO][seed109] Starting logger with seed 109
[2024-10-14T10:32:05.287347][INFO][seed109] simple_nparents1_nzr06_zdr05_ysize3_109
[2024-10-14T10:32:05.290166][INFO][seed68] Sampled 3300 data instances
[2024-10-14T10:32:05.290404][INFO][seed68] Starting exact inference 
[2024-10-14T10:32:05.293598][INFO][seed38] Sampled 3200 data instances
[2024-10-14T10:32:05.293857][INFO][seed38] Starting exact inference 
[2024-10-14T10:32:05.297726][INFO][seed25] No feasible solution... resampling
[2024-10-14T10:32:05.312598][INFO][seed90] simple_nparents1_nzr06_zdr05_ysize3_90
[2024-10-14T10:32:05.331404][INFO][seed64] PS(V1,V0) in [0.0, 0.0]
[2024-10-14T10:32:05.332236][INFO][seed64] No feasible solution... resampling
[2024-10-14T10:32:05.337088][INFO][seed25] Sampled 3400 data instances
[2024-10-14T10:32:05.337203][INFO][seed25] Starting exact inference 
[2024-10-14T10:32:05.359860][INFO][seed161] U cardinality: 9
[2024-10-14T10:32:05.354761][INFO][seed129] Set up logging
[2024-10-14T10:32:05.364953][INFO][seed129] args: -np;1;-nzr;0.6;-zdr;0.5;-o;/mnt/beegfs/rcabanas/dev/credici/papers/zeros/models/s3;-rw;-s;129;-ys;3
[2024-10-14T10:32:05.354120][INFO][seed1] Set up logging
[2024-10-14T10:32:05.367221][INFO][seed1] args: -np;1;-nzr;0.6;-zdr;0.5;-o;/mnt/beegfs/rcabanas/dev/credici/papers/zeros/models/s3;-rw;-s;1;-ys;3
[2024-10-14T10:32:05.367228][INFO][seed161] !0 = [0, 2, 3, 4, 7]
[2024-10-14T10:32:05.367469][INFO][seed64] Sampled 3000 data instances
[2024-10-14T10:32:05.367674][INFO][seed161] 0 = [1, 5, 6, 8]
[2024-10-14T10:32:05.367070][INFO][seed38] PS(V1,V0) in [0.0, 0.0]
[2024-10-14T10:32:05.367706][INFO][seed38] No feasible solution... resampling
[2024-10-14T10:32:05.374174][INFO][seed64] Starting exact inference 
[2024-10-14T10:32:05.374136][INFO][seed161] Dropping state 8
[2024-10-14T10:32:05.375527][INFO][seed161] Dropping state 6
[2024-10-14T10:32:05.376669][INFO][seed161] Dropping state 5
[2024-10-14T10:32:05.376974][INFO][seed45] U cardinality: 9
[2024-10-14T10:32:05.378483][INFO][seed164] U cardinality: 9
[2024-10-14T10:32:05.378360][INFO][seed1] Starting logger with seed 1
[2024-10-14T10:32:05.382237][INFO][seed161] U cardinality: 6
[2024-10-14T10:32:05.382292][INFO][seed45] !0 = [1, 2, 3, 4, 7]
[2024-10-14T10:32:05.372169][INFO][seed68] PS(V1,V0) in [0.0, 0.0]
[2024-10-14T10:32:05.372793][INFO][seed68] No feasible solution... resampling
[2024-10-14T10:32:05.377355][INFO][seed129] Starting logger with seed 129
[2024-10-14T10:32:05.383661][INFO][seed164] !0 = [0, 1, 3, 7, 8]
[2024-10-14T10:32:05.382764][INFO][seed45] 0 = [0, 5, 6, 8]
[2024-10-14T10:32:05.384107][INFO][seed164] 0 = [2, 4, 5, 6]
[2024-10-14T10:32:05.385807][INFO][seed129] simple_nparents1_nzr06_zdr05_ysize3_129
[2024-10-14T10:32:05.387527][INFO][seed1] simple_nparents1_nzr06_zdr05_ysize3_1
[2024-10-14T10:32:05.389451][INFO][seed45] Dropping state 5
[2024-10-14T10:32:05.389698][INFO][seed161] 
[P([3]) [0.596, 0.404], P([2]) [0.001, 0.0, 0.001, 0.001, 0.002, 0.995], P([1, 3]) [1.0, 0.0, 0.0, 1.0], P([0, 1, 2]) [1.0, 0.0, 0.0, 1.0, 0.0, 0.0, 1.0, 0.0, 0.0, 0.0, 1.0, 0.0, 1.0, 0.0, 0.0, 0.0, 0.0, 1.0, 0.0, 1.0, 0.0, 1.0, 0.0, 0.0, 0.0, 1.0, 0.0, 0.0, 1.0, 0.0, 0.0, 0.0, 1.0, 0.0, 1.0, 0.0]]

[2024-10-14T10:32:05.389781][INFO][seed164] Dropping state 4
[2024-10-14T10:32:05.390980][INFO][seed164] Dropping state 2
[2024-10-14T10:32:05.393610][INFO][seed164] U cardinality: 7
[2024-10-14T10:32:05.394707][INFO][seed45] U cardinality: 8
[2024-10-14T10:32:05.372397][INFO][seed0] Set up logging
[2024-10-14T10:32:05.401954][INFO][seed0] args: -np;1;-nzr;0.6;-zdr;0.5;-o;/mnt/beegfs/rcabanas/dev/credici/papers/zeros/models/s3;-rw;-s;0;-ys;3
[2024-10-14T10:32:05.402402][INFO][seed38] Sampled 3300 data instances
[2024-10-14T10:32:05.403424][INFO][seed68] Sampled 3400 data instances
[2024-10-14T10:32:05.404642][INFO][seed164] 
[P([3]) [0.789, 0.211], P([2]) [0.089, 0.002, 0.195, 0.0, 0.0, 0.514, 0.2], P([1, 3]) [1.0, 0.0, 0.0, 1.0], P([0, 1, 2]) [1.0, 0.0, 0.0, 1.0, 0.0, 0.0, 1.0, 0.0, 0.0, 0.0, 1.0, 0.0, 0.0, 1.0, 0.0, 1.0, 0.0, 0.0, 0.0, 1.0, 0.0, 0.0, 0.0, 1.0, 0.0, 0.0, 1.0, 1.0, 0.0, 0.0, 0.0, 0.0, 1.0, 0.0, 1.0, 0.0, 0.0, 0.0, 1.0, 0.0, 0.0, 1.0]]

[2024-10-14T10:32:05.404111][INFO][seed0] Starting logger with seed 0
[2024-10-14T10:32:05.405758][INFO][seed45] 
[P([3]) [0.257, 0.743], P([2]) [0.0, 0.005, 0.004, 0.009, 0.859, 0.0, 0.123, 0.0], P([1, 3]) [1.0, 0.0, 0.0, 1.0], P([0, 1, 2]) [1.0, 0.0, 0.0, 1.0, 0.0, 0.0, 1.0, 0.0, 0.0, 0.0, 1.0, 0.0, 1.0, 0.0, 0.0, 0.0, 0.0, 1.0, 0.0, 1.0, 0.0, 1.0, 0.0, 0.0, 0.0, 1.0, 0.0, 0.0, 1.0, 0.0, 0.0, 0.0, 1.0, 1.0, 0.0, 0.0, 0.0, 0.0, 1.0, 0.0, 1.0, 0.0, 0.0, 0.0, 1.0, 0.0, 0.0, 1.0]]

[2024-10-14T10:32:05.412222][INFO][seed38] Starting exact inference 
[2024-10-14T10:32:05.410680][INFO][seed25] No feasible solution... resampling
[2024-10-14T10:32:05.414969][INFO][seed0] simple_nparents1_nzr06_zdr05_ysize3_0
[2024-10-14T10:32:05.421722][INFO][seed68] Starting exact inference 
[2024-10-14T10:32:05.430870][INFO][seed107] U cardinality: 9
[2024-10-14T10:32:05.439550][INFO][seed107] !0 = [0, 3, 4, 5, 8]
[2024-10-14T10:32:05.440068][INFO][seed107] 0 = [1, 2, 6, 7]
[2024-10-14T10:32:05.451383][INFO][seed25] Sampled 3500 data instances
[2024-10-14T10:32:05.451506][INFO][seed25] Starting exact inference 
[2024-10-14T10:32:05.457397][INFO][seed107] Dropping state 2
[2024-10-14T10:32:05.460435][INFO][seed107] U cardinality: 8
[2024-10-14T10:32:05.463155][INFO][seed50] U cardinality: 9
[2024-10-14T10:32:05.469146][INFO][seed107] 
[P([3]) [0.758, 0.242], P([2]) [0.001, 0.0, 0.119, 0.001, 0.019, 0.0, 0.0, 0.86], P([1, 3]) [1.0, 0.0, 0.0, 1.0], P([0, 1, 2]) [1.0, 0.0, 0.0, 1.0, 0.0, 0.0, 1.0, 0.0, 0.0, 0.0, 1.0, 0.0, 0.0, 1.0, 0.0, 1.0, 0.0, 0.0, 0.0, 1.0, 0.0, 0.0, 1.0, 0.0, 0.0, 1.0, 0.0, 0.0, 0.0, 1.0, 0.0, 0.0, 1.0, 1.0, 0.0, 0.0, 0.0, 0.0, 1.0, 0.0, 1.0, 0.0, 0.0, 0.0, 1.0, 0.0, 0.0, 1.0]]

[2024-10-14T10:32:05.469358][INFO][seed50] !0 = [1, 3, 6, 7, 8]
[2024-10-14T10:32:05.469664][INFO][seed68] PS(V1,V0) in [0.0, 0.0]
[2024-10-14T10:32:05.470246][INFO][seed68] No feasible solution... resampling
[2024-10-14T10:32:05.472324][INFO][seed50] 0 = [0, 2, 4, 5]
[2024-10-14T10:32:05.471446][INFO][seed64] PS(V1,V0) in [0.0, 0.0]
[2024-10-14T10:32:05.472298][INFO][seed64] No feasible solution... resampling
[2024-10-14T10:32:05.478707][INFO][seed4] U cardinality: 9
[2024-10-14T10:32:05.481438][INFO][seed50] Dropping state 4
[2024-10-14T10:32:05.483325][INFO][seed50] Dropping state 0
[2024-10-14T10:32:05.480530][INFO][seed38] PS(V1,V0) in [0.0, 0.0]
[2024-10-14T10:32:05.481187][INFO][seed38] No feasible solution... resampling
[2024-10-14T10:32:05.484617][INFO][seed4] !0 = [0, 2, 3, 5, 6]
[2024-10-14T10:32:05.485128][INFO][seed4] 0 = [1, 4, 7, 8]
[2024-10-14T10:32:05.486348][INFO][seed50] U cardinality: 7
[2024-10-14T10:32:05.494355][INFO][seed4] Dropping state 7
[2024-10-14T10:32:05.495319][INFO][seed192] U cardinality: 9
[2024-10-14T10:32:05.495624][INFO][seed4] Dropping state 1
[2024-10-14T10:32:05.496304][INFO][seed64] Sampled 3100 data instances
[2024-10-14T10:32:05.499343][INFO][seed4] U cardinality: 7
[2024-10-14T10:32:05.500322][INFO][seed68] Sampled 3500 data instances
[2024-10-14T10:32:05.500327][INFO][seed64] Starting exact inference 
[2024-10-14T10:32:05.500402][INFO][seed68] Starting exact inference 
[2024-10-14T10:32:05.501718][INFO][seed192] !0 = [0, 1, 3, 6, 8]
[2024-10-14T10:32:05.504495][INFO][seed50] 
[2024-10-14T10:32:05.502438][INFO][seed192] 0 = [2, 4, 5, 7]
[P([3]) [0.645, 0.355], P([2]) [0.629, 0.0, 0.001, 0.0, 0.001, 0.002, 0.367], P([1, 3]) [1.0, 0.0, 0.0, 1.0], P([0, 1, 2]) [1.0, 0.0, 0.0, 0.0, 1.0, 0.0, 1.0, 0.0, 0.0, 0.0, 0.0, 1.0, 0.0, 1.0, 0.0, 1.0, 0.0, 0.0, 0.0, 1.0, 0.0, 0.0, 0.0, 1.0, 0.0, 0.0, 1.0, 1.0, 0.0, 0.0, 0.0, 0.0, 1.0, 0.0, 1.0, 0.0, 0.0, 0.0, 1.0, 0.0, 0.0, 1.0]]

[2024-10-14T10:32:05.508644][INFO][seed192] Dropping state 7
[2024-10-14T10:32:05.509892][INFO][seed192] Dropping state 4
[2024-10-14T10:32:05.511223][INFO][seed192] Dropping state 2
[2024-10-14T10:32:05.513809][INFO][seed90] U cardinality: 9
[2024-10-14T10:32:05.514185][INFO][seed192] U cardinality: 6
[2024-10-14T10:32:05.521724][INFO][seed38] Sampled 3400 data instances
[2024-10-14T10:32:05.522806][INFO][seed4] 
[P([3]) [0.308, 0.692], P([2]) [0.002, 0.001, 0.001, 0.0, 0.001, 0.995, 0.0], P([1, 3]) [1.0, 0.0, 0.0, 1.0], P([0, 1, 2]) [1.0, 0.0, 0.0, 1.0, 0.0, 0.0, 1.0, 0.0, 0.0, 0.0, 0.0, 1.0, 0.0, 1.0, 0.0, 1.0, 0.0, 0.0, 0.0, 1.0, 0.0, 0.0, 1.0, 0.0, 0.0, 1.0, 0.0, 0.0, 0.0, 1.0, 0.0, 0.0, 1.0, 1.0, 0.0, 0.0, 0.0, 0.0, 1.0, 0.0, 0.0, 1.0]]

[2024-10-14T10:32:05.521924][INFO][seed90] !0 = [1, 4, 5, 7, 8]
[2024-10-14T10:32:05.522429][INFO][seed90] 0 = [0, 2, 3, 6]
[2024-10-14T10:32:05.523287][INFO][seed192] 
[P([3]) [0.502, 0.498], P([2]) [0.199, 0.278, 0.114, 0.0, 0.013, 0.396], P([1, 3]) [1.0, 0.0, 0.0, 1.0], P([0, 1, 2]) [1.0, 0.0, 0.0, 1.0, 0.0, 0.0, 1.0, 0.0, 0.0, 0.0, 1.0, 0.0, 0.0, 1.0, 0.0, 1.0, 0.0, 0.0, 0.0, 1.0, 0.0, 0.0, 0.0, 1.0, 0.0, 0.0, 1.0, 1.0, 0.0, 0.0, 0.0, 0.0, 1.0, 0.0, 0.0, 1.0]]

[2024-10-14T10:32:05.519312][INFO][seed25] No feasible solution... resampling
[2024-10-14T10:32:05.527040][INFO][seed38] Starting exact inference 
[2024-10-14T10:32:05.530443][INFO][seed90] Dropping state 6
[2024-10-14T10:32:05.532171][INFO][seed90] Dropping state 2
[2024-10-14T10:32:05.535029][INFO][seed90] U cardinality: 7
[2024-10-14T10:32:05.552501][INFO][seed90] 
[P([3]) [0.876, 0.124], P([2]) [0.0, 0.766, 0.0, 0.001, 0.17, 0.001, 0.062], P([1, 3]) [1.0, 0.0, 0.0, 1.0], P([0, 1, 2]) [1.0, 0.0, 0.0, 1.0, 0.0, 0.0, 1.0, 0.0, 0.0, 0.0, 1.0, 0.0, 0.0, 1.0, 0.0, 1.0, 0.0, 0.0, 0.0, 1.0, 0.0, 0.0, 1.0, 0.0, 0.0, 1.0, 0.0, 0.0, 0.0, 1.0, 0.0, 0.0, 1.0, 0.0, 1.0, 0.0, 0.0, 0.0, 1.0, 0.0, 0.0, 1.0]]

[2024-10-14T10:32:05.533246][INFO][seed85] Set up logging
[2024-10-14T10:32:05.558778][INFO][seed85] args: -np;1;-nzr;0.6;-zdr;0.5;-o;/mnt/beegfs/rcabanas/dev/credici/papers/zeros/models/s3;-rw;-s;85;-ys;3
[2024-10-14T10:32:05.560908][INFO][seed85] Starting logger with seed 85
[2024-10-14T10:32:05.564427][INFO][seed25] Sampled 3600 data instances
[2024-10-14T10:32:05.564553][INFO][seed25] Starting exact inference 
[2024-10-14T10:32:05.569422][INFO][seed109] U cardinality: 9
[2024-10-14T10:32:05.575031][INFO][seed85] simple_nparents1_nzr06_zdr05_ysize3_85
[2024-10-14T10:32:05.575701][INFO][seed109] !0 = [2, 3, 4, 6, 8]
[2024-10-14T10:32:05.576175][INFO][seed109] 0 = [0, 1, 5, 7]
Error in variable: 2
[2024-10-14T10:32:05.577368][INFO][seed38] No feasible solution... resampling
[2024-10-14T10:32:05.589164][INFO][seed68] PS(V1,V0) in [0.0, 0.0]
[2024-10-14T10:32:05.589752][INFO][seed68] No feasible solution... resampling
[2024-10-14T10:32:05.591508][INFO][seed109] Dropping state 5
[2024-10-14T10:32:05.594483][INFO][seed109] U cardinality: 8
[2024-10-14T10:32:05.595618][INFO][seed161] Sampled 1000 data instances
[2024-10-14T10:32:05.597554][INFO][seed164] Sampled 1000 data instances
[2024-10-14T10:32:05.595879][INFO][seed161] Starting exact inference 
[2024-10-14T10:32:05.597850][INFO][seed164] Starting exact inference 
[2024-10-14T10:32:05.602543][INFO][seed109] 
[P([3]) [0.248, 0.752], P([2]) [0.0, 0.0, 0.087, 0.089, 0.003, 0.004, 0.0, 0.817], P([1, 3]) [1.0, 0.0, 0.0, 1.0], P([0, 1, 2]) [1.0, 0.0, 0.0, 1.0, 0.0, 0.0, 1.0, 0.0, 0.0, 0.0, 1.0, 0.0, 1.0, 0.0, 0.0, 0.0, 0.0, 1.0, 0.0, 1.0, 0.0, 1.0, 0.0, 0.0, 0.0, 1.0, 0.0, 0.0, 1.0, 0.0, 0.0, 0.0, 1.0, 1.0, 0.0, 0.0, 0.0, 0.0, 1.0, 0.0, 1.0, 0.0, 0.0, 0.0, 1.0, 0.0, 0.0, 1.0]]

[2024-10-14T10:32:05.603051][INFO][seed45] Sampled 1000 data instances
[2024-10-14T10:32:05.603345][INFO][seed45] Starting exact inference 
[2024-10-14T10:32:05.603744][INFO][seed64] PS(V1,V0) in [0.0, 0.0]
[2024-10-14T10:32:05.604543][INFO][seed64] No feasible solution... resampling
[2024-10-14T10:32:05.609712][INFO][seed38] Sampled 3500 data instances
[2024-10-14T10:32:05.611357][INFO][seed38] Starting exact inference 
[2024-10-14T10:32:05.629815][INFO][seed68] Sampled 3600 data instances
[2024-10-14T10:32:05.629960][INFO][seed68] Starting exact inference 
[2024-10-14T10:32:05.629514][INFO][seed64] Sampled 3200 data instances
[2024-10-14T10:32:05.612846][INFO][seed163] Set up logging
[2024-10-14T10:32:05.642509][INFO][seed64] Starting exact inference 
[2024-10-14T10:32:05.642720][INFO][seed163] args: -np;1;-nzr;0.6;-zdr;0.5;-o;/mnt/beegfs/rcabanas/dev/credici/papers/zeros/models/s3;-rw;-s;163;-ys;3
[2024-10-14T10:32:05.644835][INFO][seed163] Starting logger with seed 163
[2024-10-14T10:32:05.655384][INFO][seed163] simple_nparents1_nzr06_zdr05_ysize3_163
[2024-10-14T10:32:05.659515][INFO][seed129] U cardinality: 9
[2024-10-14T10:32:05.657867][INFO][seed25] No feasible solution... resampling
[2024-10-14T10:32:05.665865][INFO][seed1] U cardinality: 9
[2024-10-14T10:32:05.668838][INFO][seed129] !0 = [1, 2, 4, 7, 8]
[2024-10-14T10:32:05.669325][INFO][seed129] 0 = [0, 3, 5, 6]
[2024-10-14T10:32:05.672137][INFO][seed1] !0 = [1, 2, 3, 5, 8]
[2024-10-14T10:32:05.672571][INFO][seed1] 0 = [0, 4, 6, 7]
[2024-10-14T10:32:05.675287][INFO][seed129] Dropping state 5
[2024-10-14T10:32:05.676693][INFO][seed129] Dropping state 3
[2024-10-14T10:32:05.680981][INFO][seed129] U cardinality: 7
[2024-10-14T10:32:05.681224][INFO][seed1] Dropping state 4
[2024-10-14T10:32:05.684143][INFO][seed1] U cardinality: 8
[2024-10-14T10:32:05.691562][INFO][seed38] PS(V1,V0) in [0.0, 0.0]
[2024-10-14T10:32:05.692356][INFO][seed38] No feasible solution... resampling
[2024-10-14T10:32:05.692124][INFO][seed68] PS(V1,V0) in [0.0, 0.0]
[2024-10-14T10:32:05.692711][INFO][seed68] No feasible solution... resampling
[2024-10-14T10:32:05.698707][INFO][seed107] Sampled 1000 data instances
[2024-10-14T10:32:05.699040][INFO][seed107] Starting exact inference 
[2024-10-14T10:32:05.700102][INFO][seed129] 
[P([3]) [0.51, 0.49], P([2]) [0.0, 0.02, 0.01, 0.007, 0.0, 0.167, 0.796], P([1, 3]) [1.0, 0.0, 0.0, 1.0], P([0, 1, 2]) [1.0, 0.0, 0.0, 1.0, 0.0, 0.0, 1.0, 0.0, 0.0, 0.0, 1.0, 0.0, 1.0, 0.0, 0.0, 0.0, 0.0, 1.0, 0.0, 1.0, 0.0, 0.0, 1.0, 0.0, 0.0, 0.0, 1.0, 1.0, 0.0, 0.0, 0.0, 0.0, 1.0, 0.0, 1.0, 0.0, 0.0, 0.0, 1.0, 0.0, 0.0, 1.0]]

[2024-10-14T10:32:05.703573][INFO][seed1] 
[P([3]) [0.915, 0.085], P([2]) [0.0, 0.017, 0.009, 0.218, 0.285, 0.0, 0.0, 0.471], P([1, 3]) [1.0, 0.0, 0.0, 1.0], P([0, 1, 2]) [1.0, 0.0, 0.0, 1.0, 0.0, 0.0, 1.0, 0.0, 0.0, 0.0, 1.0, 0.0, 1.0, 0.0, 0.0, 0.0, 0.0, 1.0, 0.0, 1.0, 0.0, 1.0, 0.0, 0.0, 0.0, 1.0, 0.0, 0.0, 0.0, 1.0, 0.0, 0.0, 1.0, 1.0, 0.0, 0.0, 0.0, 0.0, 1.0, 0.0, 1.0, 0.0, 0.0, 0.0, 1.0, 0.0, 0.0, 1.0]]

[2024-10-14T10:32:05.713150][INFO][seed25] Sampled 3700 data instances
[2024-10-14T10:32:05.713397][INFO][seed25] Starting exact inference 
[2024-10-14T10:32:05.716473][INFO][seed0] U cardinality: 9
[2024-10-14T10:32:05.718356][INFO][seed50] Sampled 1000 data instances
[2024-10-14T10:32:05.718454][INFO][seed50] Starting exact inference 
[2024-10-14T10:32:05.716468][INFO][seed64] PS(V1,V0) in [0.0, 0.0]
[2024-10-14T10:32:05.721468][INFO][seed192] Sampled 1000 data instances
[2024-10-14T10:32:05.721740][INFO][seed192] Starting exact inference 
[2024-10-14T10:32:05.721625][INFO][seed4] Sampled 1000 data instances
[2024-10-14T10:32:05.721890][INFO][seed4] Starting exact inference 
[2024-10-14T10:32:05.722034][INFO][seed0] !0 = [0, 3, 4, 6, 8]
[2024-10-14T10:32:05.722444][INFO][seed0] 0 = [1, 2, 5, 7]
[2024-10-14T10:32:05.719418][INFO][seed64] No feasible solution... resampling
[2024-10-14T10:32:05.732196][INFO][seed38] Sampled 3600 data instances
[2024-10-14T10:32:05.732449][INFO][seed38] Starting exact inference 
[2024-10-14T10:32:05.733710][INFO][seed0] Dropping state 7
[2024-10-14T10:32:05.735442][INFO][seed0] Dropping state 5
[2024-10-14T10:32:05.736156][INFO][seed0] Dropping state 1
[2024-10-14T10:32:05.739028][INFO][seed0] U cardinality: 6
[2024-10-14T10:32:05.738647][INFO][seed68] Sampled 3700 data instances
[2024-10-14T10:32:05.739070][INFO][seed68] Starting exact inference 
[2024-10-14T10:32:05.755477][INFO][seed90] Sampled 1000 data instances
[2024-10-14T10:32:05.755575][INFO][seed90] Starting exact inference 
[2024-10-14T10:32:05.757780][INFO][seed64] Sampled 3300 data instances
[2024-10-14T10:32:05.757994][INFO][seed64] Starting exact inference 
[2024-10-14T10:32:05.761807][INFO][seed0] 
[P([3]) [0.289, 0.711], P([2]) [0.001, 0.0, 0.577, 0.048, 0.002, 0.372], P([1, 3]) [1.0, 0.0, 0.0, 1.0], P([0, 1, 2]) [1.0, 0.0, 0.0, 1.0, 0.0, 0.0, 1.0, 0.0, 0.0, 0.0, 0.0, 1.0, 0.0, 1.0, 0.0, 1.0, 0.0, 0.0, 0.0, 1.0, 0.0, 0.0, 1.0, 0.0, 0.0, 0.0, 1.0, 1.0, 0.0, 0.0, 0.0, 0.0, 1.0, 0.0, 0.0, 1.0]]

Error in variable: 2
[2024-10-14T10:32:05.779400][INFO][seed13] No feasible solution... resampling
[2024-10-14T10:32:05.809507][INFO][seed38] PS(V1,V0) in [0.0, 0.0]
[2024-10-14T10:32:05.810135][INFO][seed38] No feasible solution... resampling
[2024-10-14T10:32:05.807044][INFO][seed68] PS(V1,V0) in [0.0, 0.0]
[2024-10-14T10:32:05.807574][INFO][seed68] No feasible solution... resampling
[2024-10-14T10:32:05.810750][INFO][seed25] No feasible solution... resampling
[2024-10-14T10:32:05.820079][INFO][seed85] U cardinality: 9
[2024-10-14T10:32:05.825005][INFO][seed85] !0 = [0, 1, 4, 5, 7]
[2024-10-14T10:32:05.825428][INFO][seed85] 0 = [2, 3, 6, 8]
[2024-10-14T10:32:05.831088][INFO][seed85] Dropping state 2
[2024-10-14T10:32:05.833784][INFO][seed109] Sampled 1000 data instances
[2024-10-14T10:32:05.834036][INFO][seed109] Starting exact inference 
[2024-10-14T10:32:05.836465][INFO][seed85] U cardinality: 8
[2024-10-14T10:32:05.832494][INFO][seed64] PS(V1,V0) in [0.0, 0.0]
[2024-10-14T10:32:05.833232][INFO][seed64] No feasible solution... resampling
[2024-10-14T10:32:05.844420][INFO][seed85] 
[P([3]) [0.328, 0.672], P([2]) [0.002, 0.012, 0.0, 0.007, 0.887, 0.0, 0.092, 0.0], P([1, 3]) [1.0, 0.0, 0.0, 1.0], P([0, 1, 2]) [1.0, 0.0, 0.0, 1.0, 0.0, 0.0, 1.0, 0.0, 0.0, 0.0, 1.0, 0.0, 0.0, 1.0, 0.0, 1.0, 0.0, 0.0, 0.0, 1.0, 0.0, 0.0, 1.0, 0.0, 0.0, 1.0, 0.0, 0.0, 0.0, 1.0, 0.0, 0.0, 1.0, 1.0, 0.0, 0.0, 0.0, 0.0, 1.0, 0.0, 1.0, 0.0, 0.0, 0.0, 1.0, 0.0, 0.0, 1.0]]

[2024-10-14T10:32:05.849075][INFO][seed38] Sampled 3700 data instances
[2024-10-14T10:32:05.850069][INFO][seed25] Sampled 3800 data instances
[2024-10-14T10:32:05.850358][INFO][seed38] Starting exact inference 
[2024-10-14T10:32:05.850181][INFO][seed25] Starting exact inference 
[2024-10-14T10:32:05.853213][INFO][seed68] Sampled 3800 data instances
[2024-10-14T10:32:05.857920][INFO][seed68] Starting exact inference 
[2024-10-14T10:32:05.867022][INFO][seed13] Sampled 1100 data instances
[2024-10-14T10:32:05.867245][INFO][seed13] Starting exact inference 
[2024-10-14T10:32:05.878275][INFO][seed64] Sampled 3400 data instances
[2024-10-14T10:32:05.878505][INFO][seed64] Starting exact inference 
[2024-10-14T10:32:05.897453][INFO][seed129] Sampled 1000 data instances
[2024-10-14T10:32:05.897551][INFO][seed129] Starting exact inference 
[2024-10-14T10:32:05.898237][INFO][seed1] Sampled 1000 data instances
[2024-10-14T10:32:05.898487][INFO][seed1] Starting exact inference 
[2024-10-14T10:32:05.909772][INFO][seed25] No feasible solution... resampling
[2024-10-14T10:32:05.910177][INFO][seed38] PS(V1,V0) in [0.0, 0.0]
[2024-10-14T10:32:05.910791][INFO][seed38] No feasible solution... resampling
[2024-10-14T10:32:05.928194][INFO][seed163] U cardinality: 9
[2024-10-14T10:32:05.923443][INFO][seed68] PS(V1,V0) in [0.0, 0.0]
[2024-10-14T10:32:05.923985][INFO][seed68] No feasible solution... resampling
[2024-10-14T10:32:05.934982][INFO][seed163] !0 = [0, 4, 5, 6, 7]
[2024-10-14T10:32:05.935447][INFO][seed163] 0 = [1, 2, 3, 8]
[2024-10-14T10:32:05.941847][INFO][seed163] Dropping state 8
[2024-10-14T10:32:05.943202][INFO][seed163] Dropping state 3
[2024-10-14T10:32:05.943339][INFO][seed25] Sampled 3900 data instances
[2024-10-14T10:32:05.943423][INFO][seed25] Starting exact inference 
[2024-10-14T10:32:05.944803][INFO][seed163] Dropping state 2
[2024-10-14T10:32:05.947015][INFO][seed38] Sampled 3800 data instances
[2024-10-14T10:32:05.947254][INFO][seed38] Starting exact inference 
[2024-10-14T10:32:05.950088][INFO][seed163] U cardinality: 6
[2024-10-14T10:32:05.951322][INFO][seed64] PS(V1,V0) in [0.0, 0.0]
[2024-10-14T10:32:05.952001][INFO][seed64] No feasible solution... resampling
[2024-10-14T10:32:05.956665][INFO][seed68] Sampled 3900 data instances
[2024-10-14T10:32:05.958399][INFO][seed68] Starting exact inference 
[2024-10-14T10:32:05.963236][INFO][seed0] Sampled 1000 data instances
[2024-10-14T10:32:05.963331][INFO][seed0] Starting exact inference 
[2024-10-14T10:32:05.977708][INFO][seed163] 
[P([3]) [0.188, 0.812], P([2]) [0.125, 0.0, 0.002, 0.001, 0.492, 0.38], P([1, 3]) [1.0, 0.0, 0.0, 1.0], P([0, 1, 2]) [1.0, 0.0, 0.0, 1.0, 0.0, 0.0, 1.0, 0.0, 0.0, 0.0, 1.0, 0.0, 0.0, 1.0, 0.0, 0.0, 1.0, 0.0, 0.0, 1.0, 0.0, 0.0, 0.0, 1.0, 0.0, 0.0, 1.0, 1.0, 0.0, 0.0, 0.0, 0.0, 1.0, 0.0, 1.0, 0.0]]

[2024-10-14T10:32:05.993255][INFO][seed64] Sampled 3500 data instances
[2024-10-14T10:32:05.993471][INFO][seed64] Starting exact inference 
[2024-10-14T10:32:06.017804][INFO][seed25] No feasible solution... resampling
[2024-10-14T10:32:06.030216][INFO][seed85] Sampled 1000 data instances
[2024-10-14T10:32:06.030465][INFO][seed85] Starting exact inference 
[2024-10-14T10:32:06.029383][INFO][seed38] PS(V1,V0) in [0.0, 0.0]
[2024-10-14T10:32:06.032054][INFO][seed38] No feasible solution... resampling
[2024-10-14T10:32:06.032458][INFO][seed68] PS(V1,V0) in [0.0, 0.0]
[2024-10-14T10:32:06.032971][INFO][seed68] No feasible solution... resampling
[2024-10-14T10:32:06.056800][INFO][seed34] No feasible solution... resampling
[2024-10-14T10:32:06.074151][INFO][seed25] Sampled 4000 data instances
[2024-10-14T10:32:06.074296][INFO][seed25] Starting exact inference 
[2024-10-14T10:32:06.076441][INFO][seed64] PS(V1,V0) in [0.0, 0.0]
[2024-10-14T10:32:06.077019][INFO][seed68] Sampled 4000 data instances
[2024-10-14T10:32:06.077876][INFO][seed64] No feasible solution... resampling
[2024-10-14T10:32:06.077238][INFO][seed13] No feasible solution... resampling
[2024-10-14T10:32:06.090043][INFO][seed68] Starting exact inference 
[2024-10-14T10:32:06.095475][INFO][seed38] Sampled 3900 data instances
[2024-10-14T10:32:06.101803][INFO][seed38] Starting exact inference 
[2024-10-14T10:32:06.107873][INFO][seed34] Sampled 1100 data instances
[2024-10-14T10:32:06.112387][INFO][seed64] Sampled 3600 data instances
[2024-10-14T10:32:06.114062][INFO][seed64] Starting exact inference 
[2024-10-14T10:32:06.115080][INFO][seed34] Starting exact inference 
[2024-10-14T10:32:06.121297][INFO][seed154] PS(V1,V0) in [0.0, 0.1994827881938489]
[2024-10-14T10:32:06.121601][INFO][seed25] No feasible solution... resampling
[2024-10-14T10:32:06.130719][INFO][seed13] Sampled 1200 data instances
[2024-10-14T10:32:06.134992][INFO][seed154] PN(V1,V0) in [0.0, 1.0] 
[2024-10-14T10:32:06.142500][INFO][seed13] Starting exact inference 
[2024-10-14T10:32:06.153275][INFO][seed25] Sampled 4100 data instances
[2024-10-14T10:32:06.153360][INFO][seed25] Starting exact inference 
[2024-10-14T10:32:06.151997][INFO][seed68] PS(V1,V0) in [0.0, 0.0]
[2024-10-14T10:32:06.152495][INFO][seed68] No feasible solution... resampling
[2024-10-14T10:32:06.158942][INFO][seed154] Saved data to: /mnt/beegfs/rcabanas/dev/credici/papers/zeros/models/s3/simple_nparents1_nzr06_zdr05_ysize3_154.csv
[2024-10-14T10:32:06.174748][INFO][seed154] Saved model to: /mnt/beegfs/rcabanas/dev/credici/papers/zeros/models/s3/simple_nparents1_nzr06_zdr05_ysize3_154.uai
[2024-10-14T10:32:06.177420][INFO][seed163] Sampled 1000 data instances
[2024-10-14T10:32:06.177668][INFO][seed163] Starting exact inference 
[2024-10-14T10:32:06.177783][INFO][seed154] Saved queries to: /mnt/beegfs/rcabanas/dev/credici/papers/zeros/models/s3/simple_nparents1_nzr06_zdr05_ysize3_154_query.csv
[2024-10-14T10:32:06.177872][INFO][seed154] Closing log file
[2024-10-14T10:32:06.177950][INFO][seed154] Closed log file
[2024-10-14T10:32:06.176359][INFO][seed38] PS(V1,V0) in [0.0, 0.0]
[2024-10-14T10:32:06.181091][INFO][seed38] PN(V1,V0) in [0.0, 0.0] 
[2024-10-14T10:32:06.196527][INFO][seed68] Sampled 4100 data instances
[2024-10-14T10:32:06.198453][INFO][seed64] PS(V1,V0) in [0.0, 0.0]
[2024-10-14T10:32:06.199168][INFO][seed64] No feasible solution... resampling
[2024-10-14T10:32:06.203780][INFO][seed68] Starting exact inference 
Error in variable: 2
[2024-10-14T10:32:06.202945][INFO][seed13] No feasible solution... resampling
[2024-10-14T10:32:06.208232][INFO][seed25] No feasible solution... resampling
[2024-10-14T10:32:06.231208][INFO][seed38] Saved data to: /mnt/beegfs/rcabanas/dev/credici/papers/zeros/models/s3/simple_nparents1_nzr06_zdr05_ysize3_38.csv
[2024-10-14T10:32:06.249275][INFO][seed38] Saved model to: /mnt/beegfs/rcabanas/dev/credici/papers/zeros/models/s3/simple_nparents1_nzr06_zdr05_ysize3_38.uai
[2024-10-14T10:32:06.249820][INFO][seed25] Sampled 4200 data instances
[2024-10-14T10:32:06.250072][INFO][seed25] Starting exact inference 
[2024-10-14T10:32:06.251499][INFO][seed64] Sampled 3700 data instances
[2024-10-14T10:32:06.252074][INFO][seed64] Starting exact inference 
[2024-10-14T10:32:06.258347][INFO][seed38] Saved queries to: /mnt/beegfs/rcabanas/dev/credici/papers/zeros/models/s3/simple_nparents1_nzr06_zdr05_ysize3_38_query.csv
[2024-10-14T10:32:06.258574][INFO][seed38] Closing log file
[2024-10-14T10:32:06.258650][INFO][seed38] Closed log file
[2024-10-14T10:32:06.265413][INFO][seed13] Sampled 1300 data instances
[2024-10-14T10:32:06.265928][INFO][seed13] Starting exact inference 
[2024-10-14T10:32:06.271940][INFO][seed68] PS(V1,V0) in [0.0, 0.0]
[2024-10-14T10:32:06.272492][INFO][seed68] No feasible solution... resampling
[2024-10-14T10:32:06.281303][INFO][seed34] No feasible solution... resampling
[2024-10-14T10:32:06.308475][INFO][seed68] Sampled 4200 data instances
[2024-10-14T10:32:06.308581][INFO][seed68] Starting exact inference 
[2024-10-14T10:32:06.330586][INFO][seed34] Sampled 1200 data instances
[2024-10-14T10:32:06.335845][INFO][seed25] No feasible solution... resampling
[2024-10-14T10:32:06.335280][INFO][seed64] PS(V1,V0) in [0.0, 0.0]
[2024-10-14T10:32:06.335976][INFO][seed64] No feasible solution... resampling
[2024-10-14T10:32:06.341799][INFO][seed34] Starting exact inference 
[2024-10-14T10:32:06.352486][INFO][seed68] PS(V1,V0) in [0.0, 0.0]
[2024-10-14T10:32:06.352975][INFO][seed68] No feasible solution... resampling
[2024-10-14T10:32:06.371344][INFO][seed25] Sampled 4300 data instances
[2024-10-14T10:32:06.371936][INFO][seed25] Starting exact inference 
[2024-10-14T10:32:06.378451][INFO][seed64] Sampled 3800 data instances
[2024-10-14T10:32:06.378669][INFO][seed64] Starting exact inference 
[2024-10-14T10:32:06.384336][INFO][seed13] No feasible solution... resampling
[2024-10-14T10:32:06.392545][INFO][seed68] Sampled 4300 data instances
[2024-10-14T10:32:06.392752][INFO][seed68] Starting exact inference 
[2024-10-14T10:32:06.436110][INFO][seed68] PS(V1,V0) in [0.0, 0.0]
[2024-10-14T10:32:06.436558][INFO][seed68] No feasible solution... resampling
[2024-10-14T10:32:06.445067][INFO][seed13] Sampled 1400 data instances
[2024-10-14T10:32:06.451884][INFO][seed25] No feasible solution... resampling
[2024-10-14T10:32:06.457508][INFO][seed13] Starting exact inference 
[2024-10-14T10:32:06.455886][INFO][seed64] PS(V1,V0) in [0.0, 0.0]
[2024-10-14T10:32:06.456545][INFO][seed64] No feasible solution... resampling
[2024-10-14T10:32:06.460679][INFO][seed34] No feasible solution... resampling
[2024-10-14T10:32:06.469846][INFO][seed68] Sampled 4400 data instances
[2024-10-14T10:32:06.469920][INFO][seed68] Starting exact inference 
[2024-10-14T10:32:06.496350][INFO][seed25] Sampled 4400 data instances
[2024-10-14T10:32:06.496479][INFO][seed25] Starting exact inference 
[2024-10-14T10:32:06.501501][INFO][seed64] Sampled 3900 data instances
[2024-10-14T10:32:06.507733][INFO][seed64] Starting exact inference 
[2024-10-14T10:32:06.519642][INFO][seed34] Sampled 1300 data instances
[2024-10-14T10:32:06.521216][INFO][seed34] Starting exact inference 
Removed 000
Removed 000
Removed 000
Removed 000
Removed 000
Removed 000
Error in variable: 2
[2024-10-14T10:32:06.528358][INFO][seed45] No feasible solution... resampling
[2024-10-14T10:32:06.520470][INFO][seed68] PS(V1,V0) in [0.0, 0.0]
[2024-10-14T10:32:06.520916][INFO][seed68] No feasible solution... resampling
[2024-10-14T10:32:06.553927][INFO][seed68] Sampled 4500 data instances
[2024-10-14T10:32:06.553999][INFO][seed68] Starting exact inference 
[2024-10-14T10:32:06.563826][INFO][seed13] No feasible solution... resampling
[2024-10-14T10:32:06.571850][INFO][seed161] PS(V1,V0) in [0.0, 0.19393939393939394]
[2024-10-14T10:32:06.578585][INFO][seed161] PN(V1,V0) in [0.0, 6.449077479619909E-4] 
['genn.py', '1', '0.6', '0.5', '146', '3']
[2024-10-14T10:32:06.589302][INFO][seed25] No feasible solution... resampling
[2024-10-14T10:32:06.595352][INFO][seed64] PS(V1,V0) in [0.0, 0.0]
[2024-10-14T10:32:06.595985][INFO][seed64] No feasible solution... resampling
[2024-10-14T10:32:06.603555][INFO][seed164] PS(V1,V0) in [0.0, 1.0]
[2024-10-14T10:32:06.619088][INFO][seed45] Sampled 1100 data instances
[2024-10-14T10:32:06.619682][INFO][seed45] Starting exact inference 
[2024-10-14T10:32:06.622899][INFO][seed164] PN(V1,V0) in [0.0, 0.18721263121367226] 
1 0.6 0.5 146
/mnt/beegfs/rcabanas/dev/credici/papers/zeros/code/GenerateNparents.java
[2024-10-14T10:32:06.628547][INFO][seed161] Saved data to: /mnt/beegfs/rcabanas/dev/credici/papers/zeros/models/s3/simple_nparents1_nzr06_zdr05_ysize3_161.csv
[2024-10-14T10:32:06.630395][INFO][seed13] Sampled 1500 data instances
[2024-10-14T10:32:06.627994][INFO][seed68] PS(V1,V0) in [0.0, 0.0]
[2024-10-14T10:32:06.628487][INFO][seed68] No feasible solution... resampling
[2024-10-14T10:32:06.632174][INFO][seed13] Starting exact inference 
[2024-10-14T10:32:06.634776][INFO][seed64] Sampled 4000 data instances
[2024-10-14T10:32:06.637219][INFO][seed64] Starting exact inference 
[2024-10-14T10:32:06.637288][INFO][seed25] Sampled 4500 data instances
[2024-10-14T10:32:06.637424][INFO][seed25] Starting exact inference 
[2024-10-14T10:32:06.639373][INFO][seed161] Saved model to: /mnt/beegfs/rcabanas/dev/credici/papers/zeros/models/s3/simple_nparents1_nzr06_zdr05_ysize3_161.uai
[2024-10-14T10:32:06.639459][INFO][seed34] No feasible solution... resampling
[2024-10-14T10:32:06.643006][INFO][seed161] Saved queries to: /mnt/beegfs/rcabanas/dev/credici/papers/zeros/models/s3/simple_nparents1_nzr06_zdr05_ysize3_161_query.csv
[2024-10-14T10:32:06.643255][INFO][seed161] Closing log file
[2024-10-14T10:32:06.643338][INFO][seed161] Closed log file
[2024-10-14T10:32:06.652217][INFO][seed164] Saved data to: /mnt/beegfs/rcabanas/dev/credici/papers/zeros/models/s3/simple_nparents1_nzr06_zdr05_ysize3_164.csv
[2024-10-14T10:32:06.662644][INFO][seed68] Sampled 4600 data instances
[2024-10-14T10:32:06.662724][INFO][seed68] Starting exact inference 
[2024-10-14T10:32:06.662900][INFO][seed164] Saved model to: /mnt/beegfs/rcabanas/dev/credici/papers/zeros/models/s3/simple_nparents1_nzr06_zdr05_ysize3_164.uai
[2024-10-14T10:32:06.666960][INFO][seed164] Saved queries to: /mnt/beegfs/rcabanas/dev/credici/papers/zeros/models/s3/simple_nparents1_nzr06_zdr05_ysize3_164_query.csv
[2024-10-14T10:32:06.667243][INFO][seed164] Closing log file
[2024-10-14T10:32:06.667358][INFO][seed164] Closed log file
['genn.py', '1', '0.6', '0.5', '128', '3']
[2024-10-14T10:32:06.684821][INFO][seed50] PS(V1,V0) in [0.48560110177490984, 1.0]
[2024-10-14T10:32:06.688629][INFO][seed50] PN(V1,V0) in [0.4739687957830506, 0.9760455527194188] 
[2024-10-14T10:32:06.694464][INFO][seed34] Sampled 1400 data instances
[2024-10-14T10:32:06.694880][INFO][seed34] Starting exact inference 
[2024-10-14T10:32:06.702038][INFO][seed64] PS(V1,V0) in [0.0, 0.0]
[2024-10-14T10:32:06.703031][INFO][seed64] No feasible solution... resampling
Error in variable: 2
[2024-10-14T10:32:06.702678][INFO][seed13] No feasible solution... resampling
[2024-10-14T10:32:06.706139][INFO][seed68] PS(V1,V0) in [0.0, 0.0]
[2024-10-14T10:32:06.706589][INFO][seed68] No feasible solution... resampling
[2024-10-14T10:32:06.710882][INFO][seed25] No feasible solution... resampling
Error in variable: 2
[2024-10-14T10:32:06.721106][INFO][seed109] No feasible solution... resampling
1 0.6 0.5 128
/mnt/beegfs/rcabanas/dev/credici/papers/zeros/code/GenerateNparents.java
[2024-10-14T10:32:06.725516][INFO][seed90] PS(V1,V0) in [1.0, 1.0]
[2024-10-14T10:32:06.730537][INFO][seed90] PN(V1,V0) in [0.9712890066775794, 0.9712890066775794] 
[2024-10-14T10:32:06.733058][INFO][seed192] PS(V1,V0) in [0.5852710266331093, 0.5852710266331093]
[2024-10-14T10:32:06.736046][INFO][seed64] Sampled 4100 data instances
[2024-10-14T10:32:06.736272][INFO][seed64] Starting exact inference 
[2024-10-14T10:32:06.737376][INFO][seed4] PS(V1,V0) in [0.0, 0.0]
[2024-10-14T10:32:06.737473][INFO][seed50] Saved data to: /mnt/beegfs/rcabanas/dev/credici/papers/zeros/models/s3/simple_nparents1_nzr06_zdr05_ysize3_50.csv
[2024-10-14T10:32:06.743257][INFO][seed68] Sampled 4700 data instances
[2024-10-14T10:32:06.743331][INFO][seed68] Starting exact inference 
[2024-10-14T10:32:06.744084][INFO][seed192] PN(V1,V0) in [1.0, 1.0] 
[2024-10-14T10:32:06.749376][INFO][seed50] Saved model to: /mnt/beegfs/rcabanas/dev/credici/papers/zeros/models/s3/simple_nparents1_nzr06_zdr05_ysize3_50.uai
[2024-10-14T10:32:06.754849][INFO][seed13] Sampled 1600 data instances
[2024-10-14T10:32:06.759559][INFO][seed107] PS(V1,V0) in [0.0, 0.0]
[2024-10-14T10:32:06.760085][INFO][seed4] No feasible solution... resampling
[2024-10-14T10:32:06.760372][INFO][seed25] Sampled 4600 data instances
[2024-10-14T10:32:06.760513][INFO][seed25] Starting exact inference 
[2024-10-14T10:32:06.760253][INFO][seed50] Saved queries to: /mnt/beegfs/rcabanas/dev/credici/papers/zeros/models/s3/simple_nparents1_nzr06_zdr05_ysize3_50_query.csv
[2024-10-14T10:32:06.760322][INFO][seed50] Closing log file
[2024-10-14T10:32:06.760347][INFO][seed50] Closed log file
[2024-10-14T10:32:06.762496][INFO][seed13] Starting exact inference 
[2024-10-14T10:32:06.778227][INFO][seed90] Saved data to: /mnt/beegfs/rcabanas/dev/credici/papers/zeros/models/s3/simple_nparents1_nzr06_zdr05_ysize3_90.csv
[2024-10-14T10:32:06.781388][INFO][seed107] No feasible solution... resampling
[2024-10-14T10:32:06.785136][INFO][seed192] Saved data to: /mnt/beegfs/rcabanas/dev/credici/papers/zeros/models/s3/simple_nparents1_nzr06_zdr05_ysize3_192.csv
[2024-10-14T10:32:06.779961][INFO][seed68] PS(V1,V0) in [0.0, 0.0]
[2024-10-14T10:32:06.780425][INFO][seed68] No feasible solution... resampling
[2024-10-14T10:32:06.792779][INFO][seed34] No feasible solution... resampling
[2024-10-14T10:32:06.792912][INFO][seed64] PS(V1,V0) in [0.0, 0.0]
[2024-10-14T10:32:06.793514][INFO][seed64] No feasible solution... resampling
[2024-10-14T10:32:06.797529][INFO][seed90] Saved model to: /mnt/beegfs/rcabanas/dev/credici/papers/zeros/models/s3/simple_nparents1_nzr06_zdr05_ysize3_90.uai
[2024-10-14T10:32:06.801130][INFO][seed192] Saved model to: /mnt/beegfs/rcabanas/dev/credici/papers/zeros/models/s3/simple_nparents1_nzr06_zdr05_ysize3_192.uai
[2024-10-14T10:32:06.802725][INFO][seed90] Saved queries to: /mnt/beegfs/rcabanas/dev/credici/papers/zeros/models/s3/simple_nparents1_nzr06_zdr05_ysize3_90_query.csv
[2024-10-14T10:32:06.802880][INFO][seed90] Closing log file
[2024-10-14T10:32:06.802961][INFO][seed90] Closed log file
[2024-10-14T10:32:06.815212][INFO][seed192] Saved queries to: /mnt/beegfs/rcabanas/dev/credici/papers/zeros/models/s3/simple_nparents1_nzr06_zdr05_ysize3_192_query.csv
[2024-10-14T10:32:06.815289][INFO][seed192] Closing log file
[2024-10-14T10:32:06.815314][INFO][seed192] Closed log file
[2024-10-14T10:32:06.823113][INFO][seed68] Sampled 4800 data instances
[2024-10-14T10:32:06.823704][INFO][seed68] Starting exact inference 
[2024-10-14T10:32:06.831927][INFO][seed109] Sampled 1100 data instances
[2024-10-14T10:32:06.833566][INFO][seed109] Starting exact inference 
[2024-10-14T10:32:06.837659][INFO][seed64] Sampled 4200 data instances
[2024-10-14T10:32:06.837901][INFO][seed64] Starting exact inference 
[2024-10-14T10:32:06.841605][INFO][seed25] No feasible solution... resampling
[2024-10-14T10:32:06.852929][INFO][seed4] Sampled 1100 data instances
[2024-10-14T10:32:06.853195][INFO][seed4] Starting exact inference 
[2024-10-14T10:32:06.854828][INFO][seed34] Sampled 1500 data instances
[2024-10-14T10:32:06.855098][INFO][seed34] Starting exact inference 
[2024-10-14T10:32:06.862834][INFO][seed107] Sampled 1100 data instances
[2024-10-14T10:32:06.863439][INFO][seed107] Starting exact inference 
[2024-10-14T10:32:06.863011][INFO][seed68] PS(V1,V0) in [0.0, 0.0]
[2024-10-14T10:32:06.863427][INFO][seed68] No feasible solution... resampling
[2024-10-14T10:32:06.879738][INFO][seed45] PS(V1,V0) in [0.0, 1.0]
[2024-10-14T10:32:06.897588][INFO][seed129] PS(V1,V0) in [0.0, 1.0]
[2024-10-14T10:32:06.899856][INFO][seed68] Sampled 4900 data instances
[2024-10-14T10:32:06.899929][INFO][seed68] Starting exact inference 
[2024-10-14T10:32:06.900106][INFO][seed45] PN(V1,V0) in [0.0, 0.0068652666113125016] 
[2024-10-14T10:32:06.900706][INFO][seed25] Sampled 4700 data instances
[2024-10-14T10:32:06.900862][INFO][seed25] Starting exact inference 
[2024-10-14T10:32:06.903625][INFO][seed129] PN(V1,V0) in [0.0, 0.14580467675378267] 
[2024-10-14T10:32:06.900063][INFO][seed64] PS(V1,V0) in [0.0, 0.0]
[2024-10-14T10:32:06.900594][INFO][seed64] No feasible solution... resampling
[2024-10-14T10:32:06.910839][INFO][seed13] PS(V1,V0) in [0.0, 0.19788918205804745]
[2024-10-14T10:32:06.916335][INFO][seed13] PN(V1,V0) in [0.0, 1.0] 
[2024-10-14T10:32:06.925729][INFO][seed45] Saved data to: /mnt/beegfs/rcabanas/dev/credici/papers/zeros/models/s3/simple_nparents1_nzr06_zdr05_ysize3_45.csv
[2024-10-14T10:32:06.934261][INFO][seed64] Sampled 4300 data instances
[2024-10-14T10:32:06.934455][INFO][seed64] Starting exact inference 
[2024-10-14T10:32:06.937255][INFO][seed129] Saved data to: /mnt/beegfs/rcabanas/dev/credici/papers/zeros/models/s3/simple_nparents1_nzr06_zdr05_ysize3_129.csv
[2024-10-14T10:32:06.937552][INFO][seed45] Saved model to: /mnt/beegfs/rcabanas/dev/credici/papers/zeros/models/s3/simple_nparents1_nzr06_zdr05_ysize3_45.uai
[2024-10-14T10:32:06.938686][INFO][seed0] PS(V1,V0) in [0.0, 0.0]
[2024-10-14T10:32:06.944330][INFO][seed0] PN(V1,V0) in [0.0, 0.0] 
[2024-10-14T10:32:06.942417][INFO][seed68] PS(V1,V0) in [0.0, 0.0]
[2024-10-14T10:32:06.942838][INFO][seed68] No feasible solution... resampling
[2024-10-14T10:32:06.950079][INFO][seed13] Saved data to: /mnt/beegfs/rcabanas/dev/credici/papers/zeros/models/s3/simple_nparents1_nzr06_zdr05_ysize3_13.csv
[2024-10-14T10:32:06.951723][INFO][seed45] Saved queries to: /mnt/beegfs/rcabanas/dev/credici/papers/zeros/models/s3/simple_nparents1_nzr06_zdr05_ysize3_45_query.csv
[2024-10-14T10:32:06.951814][INFO][seed45] Closing log file
[2024-10-14T10:32:06.951840][INFO][seed45] Closed log file
[2024-10-14T10:32:06.958284][INFO][seed129] Saved model to: /mnt/beegfs/rcabanas/dev/credici/papers/zeros/models/s3/simple_nparents1_nzr06_zdr05_ysize3_129.uai
[2024-10-14T10:32:06.962276][INFO][seed129] Saved queries to: /mnt/beegfs/rcabanas/dev/credici/papers/zeros/models/s3/simple_nparents1_nzr06_zdr05_ysize3_129_query.csv
[2024-10-14T10:32:06.962487][INFO][seed129] Closing log file
[2024-10-14T10:32:06.962769][INFO][seed129] Closed log file
[2024-10-14T10:32:06.968097][INFO][seed13] Saved model to: /mnt/beegfs/rcabanas/dev/credici/papers/zeros/models/s3/simple_nparents1_nzr06_zdr05_ysize3_13.uai
[2024-10-14T10:32:06.971503][INFO][seed13] Saved queries to: /mnt/beegfs/rcabanas/dev/credici/papers/zeros/models/s3/simple_nparents1_nzr06_zdr05_ysize3_13_query.csv
[2024-10-14T10:32:06.971603][INFO][seed13] Closing log file
[2024-10-14T10:32:06.971681][INFO][seed13] Closed log file
[2024-10-14T10:32:06.973680][INFO][seed25] No feasible solution... resampling
[2024-10-14T10:32:06.977655][INFO][seed64] PS(V1,V0) in [0.0, 0.0]
[2024-10-14T10:32:06.978162][INFO][seed64] No feasible solution... resampling
[2024-10-14T10:32:06.980658][INFO][seed68] Sampled 5000 data instances
[2024-10-14T10:32:06.980730][INFO][seed68] Starting exact inference 
[2024-10-14T10:32:06.982437][INFO][seed1] PS(V1,V0) in [0.0, 0.8389711064129669]
[2024-10-14T10:32:06.983369][INFO][seed4] PS(V1,V0) in [0.0, 0.0]
[2024-10-14T10:32:06.980174][INFO][seed34] No feasible solution... resampling
[2024-10-14T10:32:06.983921][INFO][seed0] Saved data to: /mnt/beegfs/rcabanas/dev/credici/papers/zeros/models/s3/simple_nparents1_nzr06_zdr05_ysize3_0.csv
[2024-10-14T10:32:06.988288][INFO][seed4] No feasible solution... resampling
[2024-10-14T10:32:06.990442][INFO][seed1] PN(V1,V0) in [0.0, 1.0] 
[2024-10-14T10:32:07.010403][INFO][seed0] Saved model to: /mnt/beegfs/rcabanas/dev/credici/papers/zeros/models/s3/simple_nparents1_nzr06_zdr05_ysize3_0.uai
[2024-10-14T10:32:07.011977][INFO][seed64] Sampled 4400 data instances
[2024-10-14T10:32:07.012195][INFO][seed64] Starting exact inference 
[2024-10-14T10:32:07.009337][INFO][seed85] PS(V1,V0) in [0.9255267025967663, 1.0]
[2024-10-14T10:32:07.014755][INFO][seed0] Saved queries to: /mnt/beegfs/rcabanas/dev/credici/papers/zeros/models/s3/simple_nparents1_nzr06_zdr05_ysize3_0_query.csv
[2024-10-14T10:32:07.014824][INFO][seed0] Closing log file
[2024-10-14T10:32:07.014847][INFO][seed0] Closed log file
[2024-10-14T10:32:07.017513][INFO][seed85] PN(V1,V0) in [0.1677173044481932, 0.18121282074047768] 
[2024-10-14T10:32:07.018134][INFO][seed107] PS(V1,V0) in [0.0, 0.0]
[2024-10-14T10:32:07.021371][INFO][seed107] No feasible solution... resampling
[2024-10-14T10:32:07.016789][INFO][seed68] PS(V1,V0) in [0.0, 0.0]
[2024-10-14T10:32:07.017212][INFO][seed68] No feasible solution... resampling
[2024-10-14T10:32:07.024472][INFO][seed25] Sampled 4800 data instances
[2024-10-14T10:32:07.026199][INFO][seed1] Saved data to: /mnt/beegfs/rcabanas/dev/credici/papers/zeros/models/s3/simple_nparents1_nzr06_zdr05_ysize3_1.csv
[2024-10-14T10:32:07.036350][INFO][seed25] Starting exact inference 
[2024-10-14T10:32:07.041881][INFO][seed34] Sampled 1600 data instances
[2024-10-14T10:32:07.042148][INFO][seed34] Starting exact inference 
[2024-10-14T10:32:07.045075][INFO][seed1] Saved model to: /mnt/beegfs/rcabanas/dev/credici/papers/zeros/models/s3/simple_nparents1_nzr06_zdr05_ysize3_1.uai
[2024-10-14T10:32:07.049628][INFO][seed1] Saved queries to: /mnt/beegfs/rcabanas/dev/credici/papers/zeros/models/s3/simple_nparents1_nzr06_zdr05_ysize3_1_query.csv
[2024-10-14T10:32:07.049840][INFO][seed1] Closing log file
[2024-10-14T10:32:07.049924][INFO][seed1] Closed log file
[2024-10-14T10:32:07.057346][INFO][seed68] Sampled 5100 data instances
[2024-10-14T10:32:07.057421][INFO][seed68] Starting exact inference 
[2024-10-14T10:32:07.057906][INFO][seed85] Saved data to: /mnt/beegfs/rcabanas/dev/credici/papers/zeros/models/s3/simple_nparents1_nzr06_zdr05_ysize3_85.csv
[2024-10-14T10:32:07.058703][INFO][seed4] Sampled 1200 data instances
[2024-10-14T10:32:07.058922][INFO][seed4] Starting exact inference 
[2024-10-14T10:32:07.072321][INFO][seed64] PS(V1,V0) in [0.0, 0.0]
[2024-10-14T10:32:07.072811][INFO][seed64] No feasible solution... resampling
['genn.py', '1', '0.6', '0.5', '119', '3']
[2024-10-14T10:32:07.091565][INFO][seed85] Saved model to: /mnt/beegfs/rcabanas/dev/credici/papers/zeros/models/s3/simple_nparents1_nzr06_zdr05_ysize3_85.uai
[2024-10-14T10:32:07.096127][INFO][seed85] Saved queries to: /mnt/beegfs/rcabanas/dev/credici/papers/zeros/models/s3/simple_nparents1_nzr06_zdr05_ysize3_85_query.csv
[2024-10-14T10:32:07.096198][INFO][seed85] Closing log file
[2024-10-14T10:32:07.096222][INFO][seed85] Closed log file
[2024-10-14T10:32:07.096670][INFO][seed68] PS(V1,V0) in [0.0, 0.0]
[2024-10-14T10:32:07.097097][INFO][seed68] No feasible solution... resampling
[2024-10-14T10:32:07.110265][INFO][seed64] Sampled 4500 data instances
[2024-10-14T10:32:07.110501][INFO][seed64] Starting exact inference 
[2024-10-14T10:32:07.114594][INFO][seed107] Sampled 1200 data instances
[2024-10-14T10:32:07.112288][INFO][seed25] No feasible solution... resampling
[2024-10-14T10:32:07.116583][INFO][seed163] PS(V1,V0) in [0.0, 1.0]
[2024-10-14T10:32:07.117052][INFO][seed107] Starting exact inference 
1 0.6 0.5 119
/mnt/beegfs/rcabanas/dev/credici/papers/zeros/code/GenerateNparents.java
[2024-10-14T10:32:07.135895][INFO][seed163] PN(V1,V0) in [0.0, 0.32694654971756226] 
[2024-10-14T10:32:07.135630][INFO][seed109] PS(V1,V0) in [0.0, 0.0739206827309237]
[2024-10-14T10:32:07.140531][INFO][seed109] PN(V1,V0) in [0.0, 1.0] 
[2024-10-14T10:32:07.143260][INFO][seed68] Sampled 5200 data instances
[2024-10-14T10:32:07.143470][INFO][seed68] Starting exact inference 
[2024-10-14T10:32:07.157231][INFO][seed163] Saved data to: /mnt/beegfs/rcabanas/dev/credici/papers/zeros/models/s3/simple_nparents1_nzr06_zdr05_ysize3_163.csv
[2024-10-14T10:32:07.165364][INFO][seed25] Sampled 4900 data instances
[2024-10-14T10:32:07.168353][INFO][seed25] Starting exact inference 
[2024-10-14T10:32:07.171649][INFO][seed34] No feasible solution... resampling
[2024-10-14T10:32:07.178921][INFO][seed163] Saved model to: /mnt/beegfs/rcabanas/dev/credici/papers/zeros/models/s3/simple_nparents1_nzr06_zdr05_ysize3_163.uai
[2024-10-14T10:32:07.182660][INFO][seed163] Saved queries to: /mnt/beegfs/rcabanas/dev/credici/papers/zeros/models/s3/simple_nparents1_nzr06_zdr05_ysize3_163_query.csv
[2024-10-14T10:32:07.182868][INFO][seed163] Closing log file
[2024-10-14T10:32:07.182949][INFO][seed163] Closed log file
[2024-10-14T10:32:07.187215][INFO][seed109] Saved data to: /mnt/beegfs/rcabanas/dev/credici/papers/zeros/models/s3/simple_nparents1_nzr06_zdr05_ysize3_109.csv
[2024-10-14T10:32:07.196998][INFO][seed109] Saved model to: /mnt/beegfs/rcabanas/dev/credici/papers/zeros/models/s3/simple_nparents1_nzr06_zdr05_ysize3_109.uai
['genn.py', '1', '0.6', '0.5', '31', '3']
[2024-10-14T10:32:07.195106][INFO][seed4] No feasible solution... resampling
[2024-10-14T10:32:07.193388][INFO][seed64] PS(V1,V0) in [0.0, 0.0]
[2024-10-14T10:32:07.194087][INFO][seed64] No feasible solution... resampling
['genn.py', '1', '0.6', '0.5', '118', '3']
[2024-10-14T10:32:07.195564][INFO][seed68] PS(V1,V0) in [0.0, 0.0]
[2024-10-14T10:32:07.195994][INFO][seed68] No feasible solution... resampling
[2024-10-14T10:32:07.201573][INFO][seed109] Saved queries to: /mnt/beegfs/rcabanas/dev/credici/papers/zeros/models/s3/simple_nparents1_nzr06_zdr05_ysize3_109_query.csv
[2024-10-14T10:32:07.201737][INFO][seed109] Closing log file
[2024-10-14T10:32:07.201820][INFO][seed109] Closed log file
['genn.py', '1', '0.6', '0.5', '162', '3']
[2024-10-14T10:32:07.228956][INFO][seed34] Sampled 1700 data instances
[2024-10-14T10:32:07.235637][INFO][seed68] Sampled 5300 data instances
[2024-10-14T10:32:07.235710][INFO][seed68] Starting exact inference 
[2024-10-14T10:32:07.230631][INFO][seed25] No feasible solution... resampling
[2024-10-14T10:32:07.236692][INFO][seed64] Sampled 4600 data instances
1 0.6 0.5 31
[2024-10-14T10:32:07.236893][INFO][seed64] Starting exact inference 
/mnt/beegfs/rcabanas/dev/credici/papers/zeros/code/GenerateNparents.java
[2024-10-14T10:32:07.238012][INFO][seed34] Starting exact inference 
1 0.6 0.5 118
/mnt/beegfs/rcabanas/dev/credici/papers/zeros/code/GenerateNparents.java
[2024-10-14T10:32:07.241148][INFO][seed4] Sampled 1300 data instances
[2024-10-14T10:32:07.241404][INFO][seed4] Starting exact inference 
[2024-10-14T10:32:07.250638][INFO][seed107] PS(V1,V0) in [0.0, 0.0]
[2024-10-14T10:32:07.253001][INFO][seed107] No feasible solution... resampling
1 0.6 0.5 162
/mnt/beegfs/rcabanas/dev/credici/papers/zeros/code/GenerateNparents.java
[2024-10-14T10:32:07.270424][INFO][seed25] Sampled 5000 data instances
[2024-10-14T10:32:07.270505][INFO][seed25] Starting exact inference 
[2024-10-14T10:32:07.275041][INFO][seed68] PS(V1,V0) in [0.0, 0.0]
[2024-10-14T10:32:07.275451][INFO][seed68] No feasible solution... resampling
[2024-10-14T10:32:07.315346][INFO][seed68] Sampled 5400 data instances
[2024-10-14T10:32:07.315420][INFO][seed68] Starting exact inference 
['genn.py', '1', '0.6', '0.5', '60', '3']
[2024-10-14T10:32:07.322919][INFO][seed107] Sampled 1300 data instances
[2024-10-14T10:32:07.320261][INFO][seed64] PS(V1,V0) in [0.0, 0.0]
[2024-10-14T10:32:07.320781][INFO][seed64] No feasible solution... resampling
[2024-10-14T10:32:07.318066][INFO][seed25] No feasible solution... resampling
['genn.py', '1', '0.6', '0.5', '63', '3']
[2024-10-14T10:32:07.337074][INFO][seed107] Starting exact inference 
[2024-10-14T10:32:07.342836][INFO][seed68] PS(V1,V0) in [0.0, 0.0]
[2024-10-14T10:32:07.343234][INFO][seed68] No feasible solution... resampling
1 0.6 0.5 60
/mnt/beegfs/rcabanas/dev/credici/papers/zeros/code/GenerateNparents.java
[2024-10-14T10:32:07.360373][INFO][seed25] Sampled 5100 data instances
[2024-10-14T10:32:07.360460][INFO][seed25] Starting exact inference 
[2024-10-14T10:32:07.362360][INFO][seed64] Sampled 4700 data instances
[2024-10-14T10:32:07.362608][INFO][seed64] Starting exact inference 
[2024-10-14T10:32:07.364515][INFO][seed34] No feasible solution... resampling
1 0.6 0.5 63
/mnt/beegfs/rcabanas/dev/credici/papers/zeros/code/GenerateNparents.java
['genn.py', '1', '0.6', '0.5', '198', '3']
['genn.py', '1', '0.6', '0.5', '27', '3']
[2024-10-14T10:32:07.383403][INFO][seed68] Sampled 5500 data instances
[2024-10-14T10:32:07.383480][INFO][seed68] Starting exact inference 
[2024-10-14T10:32:07.395767][INFO][seed4] PS(V1,V0) in [0.0, 0.0]
[2024-10-14T10:32:07.396872][INFO][seed4] No feasible solution... resampling
[2024-10-14T10:32:07.401476][INFO][seed25] No feasible solution... resampling
[2024-10-14T10:32:07.410810][INFO][seed64] PS(V1,V0) in [0.0, 0.0]
[2024-10-14T10:32:07.411316][INFO][seed64] No feasible solution... resampling
1 0.6 0.5 27
/mnt/beegfs/rcabanas/dev/credici/papers/zeros/code/GenerateNparents.java
1 0.6 0.5 198
/mnt/beegfs/rcabanas/dev/credici/papers/zeros/code/GenerateNparents.java
[2024-10-14T10:32:07.421038][INFO][seed34] Sampled 1800 data instances
[2024-10-14T10:32:07.422310][INFO][seed34] Starting exact inference 
[2024-10-14T10:32:07.417069][INFO][seed68] PS(V1,V0) in [0.0, 0.0]
[2024-10-14T10:32:07.417471][INFO][seed68] No feasible solution... resampling
[2024-10-14T10:32:07.434072][INFO][seed107] No feasible solution... resampling
[2024-10-14T10:32:07.440048][INFO][seed25] Sampled 5200 data instances
[2024-10-14T10:32:07.440127][INFO][seed25] Starting exact inference 
[2024-10-14T10:32:07.444675][INFO][seed4] Sampled 1400 data instances
[2024-10-14T10:32:07.446831][INFO][seed64] Sampled 4800 data instances
[2024-10-14T10:32:07.447136][INFO][seed64] Starting exact inference 
[2024-10-14T10:32:07.457072][INFO][seed4] Starting exact inference 
[2024-10-14T10:32:07.466580][INFO][seed68] Sampled 5600 data instances
[2024-10-14T10:32:07.466791][INFO][seed68] Starting exact inference 
['genn.py', '1', '0.6', '0.5', '125', '3']
['genn.py', '1', '0.6', '0.5', '106', '3']
[2024-10-14T10:32:07.504194][INFO][seed25] No feasible solution... resampling
[2024-10-14T10:32:07.504199][INFO][seed68] PS(V1,V0) in [0.0, 0.0]
[2024-10-14T10:32:07.504606][INFO][seed68] No feasible solution... resampling
1 0.6 0.5 125
/mnt/beegfs/rcabanas/dev/credici/papers/zeros/code/GenerateNparents.java
[2024-10-14T10:32:07.512359][INFO][seed64] PS(V1,V0) in [0.0, 0.0]
[2024-10-14T10:32:07.512852][INFO][seed64] No feasible solution... resampling
1 0.6 0.5 106
/mnt/beegfs/rcabanas/dev/credici/papers/zeros/code/GenerateNparents.java
[2024-10-14T10:32:07.534069][INFO][seed34] No feasible solution... resampling
[2024-10-14T10:32:07.536899][INFO][seed107] Sampled 1400 data instances
[2024-10-14T10:32:07.537167][INFO][seed107] Starting exact inference 
['genn.py', '1', '0.6', '0.5', '42', '3']
[2024-10-14T10:32:07.549812][INFO][seed25] Sampled 5300 data instances
[2024-10-14T10:32:07.549917][INFO][seed25] Starting exact inference 
[2024-10-14T10:32:07.551728][INFO][seed64] Sampled 4900 data instances
[2024-10-14T10:32:07.551984][INFO][seed64] Starting exact inference 
[2024-10-14T10:32:07.556842][INFO][seed4] PS(V1,V0) in [0.0, 0.0]
[2024-10-14T10:32:07.561223][INFO][seed4] No feasible solution... resampling
[2024-10-14T10:32:07.566982][INFO][seed68] Sampled 5700 data instances
[2024-10-14T10:32:07.567138][INFO][seed68] Starting exact inference 
[2024-10-14T10:32:07.582915][INFO][seed34] Sampled 1900 data instances
1 0.6 0.5 42
/mnt/beegfs/rcabanas/dev/credici/papers/zeros/code/GenerateNparents.java
[2024-10-14T10:32:07.590817][INFO][seed34] Starting exact inference 
[2024-10-14T10:32:07.601543][INFO][seed25] No feasible solution... resampling
[2024-10-14T10:32:07.602453][INFO][seed64] PS(V1,V0) in [0.0, 0.0]
[2024-10-14T10:32:07.603003][INFO][seed64] No feasible solution... resampling
['genn.py', '1', '0.6', '0.5', '35', '3']
[2024-10-14T10:32:07.624814][INFO][seed4] Sampled 1500 data instances
[2024-10-14T10:32:07.631460][INFO][seed4] Starting exact inference 
[2024-10-14T10:32:07.635741][INFO][seed107] No feasible solution... resampling
[2024-10-14T10:32:07.642030][INFO][seed64] Sampled 5000 data instances
[2024-10-14T10:32:07.642271][INFO][seed64] Starting exact inference 
[2024-10-14T10:32:07.642797][INFO][seed25] Sampled 5400 data instances
[2024-10-14T10:32:07.642878][INFO][seed25] Starting exact inference 
[2024-10-14T10:32:07.645599][INFO][seed68] PS(V1,V0) in [0.0, 0.0]
[2024-10-14T10:32:07.646004][INFO][seed68] No feasible solution... resampling
1 0.6 0.5 35
/mnt/beegfs/rcabanas/dev/credici/papers/zeros/code/GenerateNparents.java
['genn.py', '1', '0.6', '0.5', '53', '3']
[2024-10-14T10:32:07.672094][INFO][seed34] No feasible solution... resampling
[2024-10-14T10:32:07.685942][INFO][seed107] Sampled 1500 data instances
[2024-10-14T10:32:07.685862][INFO][seed64] PS(V1,V0) in [0.0, 0.0]
[2024-10-14T10:32:07.686377][INFO][seed64] No feasible solution... resampling
[2024-10-14T10:32:07.692540][INFO][seed68] Sampled 5800 data instances
[2024-10-14T10:32:07.692636][INFO][seed68] Starting exact inference 
1 0.6 0.5 53
/mnt/beegfs/rcabanas/dev/credici/papers/zeros/code/GenerateNparents.java
[2024-10-14T10:32:07.697073][INFO][seed107] Starting exact inference 
[2024-10-14T10:32:07.693211][INFO][seed25] No feasible solution... resampling
[2024-10-14T10:32:07.725789][INFO][seed34] Sampled 2000 data instances
[2024-10-14T10:32:07.726007][INFO][seed34] Starting exact inference 
[2024-10-14T10:32:07.726881][INFO][seed64] Sampled 5100 data instances
[2024-10-14T10:32:07.727218][INFO][seed64] Starting exact inference 
[2024-10-14T10:32:07.734888][INFO][seed25] Sampled 5500 data instances
[2024-10-14T10:32:07.734968][INFO][seed25] Starting exact inference 
[2024-10-14T10:32:07.735311][INFO][seed68] PS(V1,V0) in [0.0, 0.0]
[2024-10-14T10:32:07.735694][INFO][seed68] No feasible solution... resampling
[2024-10-14T10:32:07.752318][INFO][seed4] PS(V1,V0) in [0.0, 0.0]
[2024-10-14T10:32:07.753756][INFO][seed4] No feasible solution... resampling
[2024-10-14T10:32:07.775946][INFO][seed25] No feasible solution... resampling
[2024-10-14T10:32:07.772808][INFO][seed64] PS(V1,V0) in [0.0, 0.0]
[2024-10-14T10:32:07.773310][INFO][seed64] No feasible solution... resampling
[2024-10-14T10:32:07.778294][INFO][seed68] Sampled 5900 data instances
[2024-10-14T10:32:07.778370][INFO][seed68] Starting exact inference 
[2024-10-14T10:32:07.792472][INFO][seed107] PS(V1,V0) in [0.0, 0.0]
[2024-10-14T10:32:07.794471][INFO][seed107] No feasible solution... resampling
[2024-10-14T10:32:07.808975][INFO][seed34] No feasible solution... resampling
[2024-10-14T10:32:07.812441][INFO][seed64] Sampled 5200 data instances
[2024-10-14T10:32:07.812742][INFO][seed64] Starting exact inference 
[2024-10-14T10:32:07.815644][INFO][seed4] Sampled 1600 data instances
[2024-10-14T10:32:07.815954][INFO][seed4] Starting exact inference 
[2024-10-14T10:32:07.818054][INFO][seed25] Sampled 5600 data instances
[2024-10-14T10:32:07.818134][INFO][seed25] Starting exact inference 
[2024-10-14T10:32:07.815467][INFO][seed68] PS(V1,V0) in [0.0, 0.0]
[2024-10-14T10:32:07.815847][INFO][seed68] No feasible solution... resampling
[2024-10-14T10:32:07.847088][INFO][seed107] Sampled 1600 data instances
[2024-10-14T10:32:07.857078][INFO][seed107] Starting exact inference 
[2024-10-14T10:32:07.857236][INFO][seed34] Sampled 2100 data instances
[2024-10-14T10:32:07.860530][INFO][seed34] Starting exact inference 
[2024-10-14T10:32:07.865185][INFO][seed68] Sampled 6000 data instances
[2024-10-14T10:32:07.865390][INFO][seed68] Starting exact inference 
[2024-10-14T10:32:07.867327][INFO][seed64] PS(V1,V0) in [0.0, 0.0]
[2024-10-14T10:32:07.868049][INFO][seed64] No feasible solution... resampling
[2024-10-14T10:32:07.895223][INFO][seed25] No feasible solution... resampling
[2024-10-14T10:32:07.910849][INFO][seed64] Sampled 5300 data instances
[2024-10-14T10:32:07.911162][INFO][seed64] Starting exact inference 
[2024-10-14T10:32:07.906503][INFO][seed68] PS(V1,V0) in [0.0, 0.0]
[2024-10-14T10:32:07.906894][INFO][seed68] No feasible solution... resampling
[2024-10-14T10:32:07.919323][INFO][seed4] PS(V1,V0) in [0.0, 0.0]
[2024-10-14T10:32:07.920627][INFO][seed4] No feasible solution... resampling
[2024-10-14T10:32:07.950991][INFO][seed68] Sampled 6100 data instances
[2024-10-14T10:32:07.951226][INFO][seed68] Starting exact inference 
[2024-10-14T10:32:07.956062][INFO][seed34] No feasible solution... resampling
[2024-10-14T10:32:07.956974][INFO][seed107] PS(V1,V0) in [0.0, 0.0]
[2024-10-14T10:32:07.958744][INFO][seed107] No feasible solution... resampling
[2024-10-14T10:32:07.954747][INFO][seed64] PS(V1,V0) in [0.0, 0.0]
[2024-10-14T10:32:07.955232][INFO][seed64] No feasible solution... resampling
[2024-10-14T10:32:07.967175][INFO][seed25] Sampled 5700 data instances
[2024-10-14T10:32:07.967345][INFO][seed25] Starting exact inference 
[2024-10-14T10:32:07.985433][INFO][seed4] Sampled 1700 data instances
[2024-10-14T10:32:07.985748][INFO][seed4] Starting exact inference 
[2024-10-14T10:32:07.988411][INFO][seed68] PS(V1,V0) in [0.0, 0.0]
[2024-10-14T10:32:07.988783][INFO][seed68] No feasible solution... resampling
[2024-10-14T10:32:07.998069][INFO][seed34] Sampled 2200 data instances
[2024-10-14T10:32:07.998245][INFO][seed34] Starting exact inference 
[2024-10-14T10:32:08.017444][INFO][seed107] Sampled 1700 data instances
[2024-10-14T10:32:08.017690][INFO][seed107] Starting exact inference 
[2024-10-14T10:32:08.034785][INFO][seed68] Sampled 6200 data instances
[2024-10-14T10:32:08.034859][INFO][seed68] Starting exact inference 
[2024-10-14T10:32:08.043540][INFO][seed25] No feasible solution... resampling
[2024-10-14T10:32:08.073371][INFO][seed34] No feasible solution... resampling
[2024-10-14T10:32:08.075465][INFO][seed68] PS(V1,V0) in [0.0, 0.0]
[2024-10-14T10:32:08.075843][INFO][seed68] No feasible solution... resampling
[2024-10-14T10:32:08.092606][INFO][seed25] Sampled 5800 data instances
[2024-10-14T10:32:08.092850][INFO][seed25] Starting exact inference 
[2024-10-14T10:32:08.096184][INFO][seed64] Sampled 5400 data instances
[2024-10-14T10:32:08.096438][INFO][seed64] Starting exact inference 
[2024-10-14T10:32:08.099008][INFO][seed4] PS(V1,V0) in [0.0, 0.0]
[2024-10-14T10:32:08.101525][INFO][seed4] No feasible solution... resampling
[2024-10-14T10:32:08.115308][INFO][seed34] Sampled 2300 data instances
[2024-10-14T10:32:08.115481][INFO][seed34] Starting exact inference 
[2024-10-14T10:32:08.127376][INFO][seed68] Sampled 6300 data instances
[2024-10-14T10:32:08.127588][INFO][seed68] Starting exact inference 
[2024-10-14T10:32:08.143034][INFO][seed25] No feasible solution... resampling
[2024-10-14T10:32:08.144110][INFO][seed64] PS(V1,V0) in [0.0, 0.0]
[2024-10-14T10:32:08.144592][INFO][seed64] No feasible solution... resampling
[2024-10-14T10:32:08.157059][INFO][seed4] Sampled 1800 data instances
[2024-10-14T10:32:08.157376][INFO][seed4] Starting exact inference 
[2024-10-14T10:32:08.160761][INFO][seed68] PS(V1,V0) in [0.0, 0.0]
[2024-10-14T10:32:08.161152][INFO][seed68] No feasible solution... resampling
[2024-10-14T10:32:08.180539][INFO][seed107] PS(V1,V0) in [0.0, 1.0]
[2024-10-14T10:32:08.188180][INFO][seed107] PN(V1,V0) in [0.0, 0.32098765432098764] 
[2024-10-14T10:32:08.188346][INFO][seed25] Sampled 5900 data instances
[2024-10-14T10:32:08.188428][INFO][seed25] Starting exact inference 
[2024-10-14T10:32:08.190261][INFO][seed64] Sampled 5500 data instances
[2024-10-14T10:32:08.190531][INFO][seed64] Starting exact inference 
[2024-10-14T10:32:08.192660][INFO][seed34] No feasible solution... resampling
[2024-10-14T10:32:08.208385][INFO][seed68] Sampled 6400 data instances
[2024-10-14T10:32:08.208462][INFO][seed68] Starting exact inference 
[2024-10-14T10:32:08.214389][INFO][seed107] Saved data to: /mnt/beegfs/rcabanas/dev/credici/papers/zeros/models/s3/simple_nparents1_nzr06_zdr05_ysize3_107.csv
[2024-10-14T10:32:08.237479][INFO][seed107] Saved model to: /mnt/beegfs/rcabanas/dev/credici/papers/zeros/models/s3/simple_nparents1_nzr06_zdr05_ysize3_107.uai
[2024-10-14T10:32:08.239938][INFO][seed34] Sampled 2400 data instances
[2024-10-14T10:32:08.240151][INFO][seed34] Starting exact inference 
[2024-10-14T10:32:08.233141][INFO][seed64] PS(V1,V0) in [0.0, 0.0]
[2024-10-14T10:32:08.233629][INFO][seed64] No feasible solution... resampling
[2024-10-14T10:32:08.241564][INFO][seed107] Saved queries to: /mnt/beegfs/rcabanas/dev/credici/papers/zeros/models/s3/simple_nparents1_nzr06_zdr05_ysize3_107_query.csv
[2024-10-14T10:32:08.241641][INFO][seed107] Closing log file
[2024-10-14T10:32:08.241666][INFO][seed107] Closed log file
[2024-10-14T10:32:08.237187][INFO][seed25] No feasible solution... resampling
[2024-10-14T10:32:08.253197][INFO][seed68] PS(V1,V0) in [0.0, 0.0]
[2024-10-14T10:32:08.253570][INFO][seed68] No feasible solution... resampling
[2024-10-14T10:32:08.267417][INFO][seed4] PS(V1,V0) in [0.0, 0.0]
[2024-10-14T10:32:08.268653][INFO][seed4] No feasible solution... resampling
[2024-10-14T10:32:08.282550][INFO][seed64] Sampled 5600 data instances
[2024-10-14T10:32:08.282713][INFO][seed25] Sampled 6000 data instances
[2024-10-14T10:32:08.282876][INFO][seed64] Starting exact inference 
[2024-10-14T10:32:08.282796][INFO][seed25] Starting exact inference 
[2024-10-14T10:32:08.314647][INFO][seed34] No feasible solution... resampling
[2024-10-14T10:32:08.317398][INFO][seed25] No feasible solution... resampling
[2024-10-14T10:32:08.332323][INFO][seed68] Sampled 6500 data instances
[2024-10-14T10:32:08.332492][INFO][seed68] Starting exact inference 
[2024-10-14T10:32:08.335402][INFO][seed4] Sampled 1900 data instances
[2024-10-14T10:32:08.335702][INFO][seed4] Starting exact inference 
[2024-10-14T10:32:08.327606][INFO][seed64] PS(V1,V0) in [0.0, 0.0]
[2024-10-14T10:32:08.328107][INFO][seed64] No feasible solution... resampling
[2024-10-14T10:32:08.342971][INFO][seed34] Sampled 2500 data instances
[2024-10-14T10:32:08.358003][INFO][seed34] Starting exact inference 
[2024-10-14T10:32:08.363599][INFO][seed25] Sampled 6100 data instances
[2024-10-14T10:32:08.363687][INFO][seed25] Starting exact inference 
[2024-10-14T10:32:08.361447][INFO][seed68] PS(V1,V0) in [0.0, 0.0]
[2024-10-14T10:32:08.361818][INFO][seed68] No feasible solution... resampling
[2024-10-14T10:32:08.383815][INFO][seed64] Sampled 5700 data instances
[2024-10-14T10:32:08.384130][INFO][seed64] Starting exact inference 
[2024-10-14T10:32:08.412154][INFO][seed68] Sampled 6600 data instances
[2024-10-14T10:32:08.412227][INFO][seed68] Starting exact inference 
[2024-10-14T10:32:08.422225][INFO][seed25] No feasible solution... resampling
[2024-10-14T10:32:08.428769][INFO][seed4] No feasible solution... resampling
[2024-10-14T10:32:08.439646][INFO][seed34] No feasible solution... resampling
[2024-10-14T10:32:08.442259][INFO][seed64] PS(V1,V0) in [0.0, 0.0]
[2024-10-14T10:32:08.442771][INFO][seed64] No feasible solution... resampling
[2024-10-14T10:32:08.457759][INFO][seed68] PS(V1,V0) in [0.0, 0.0]
[2024-10-14T10:32:08.458172][INFO][seed68] No feasible solution... resampling
[2024-10-14T10:32:08.469691][INFO][seed25] Sampled 6200 data instances
[2024-10-14T10:32:08.469772][INFO][seed25] Starting exact inference 
[2024-10-14T10:32:08.476135][INFO][seed34] Sampled 2600 data instances
[2024-10-14T10:32:08.476226][INFO][seed34] Starting exact inference 
[2024-10-14T10:32:08.482121][INFO][seed4] Sampled 2000 data instances
[2024-10-14T10:32:08.482417][INFO][seed4] Starting exact inference 
[2024-10-14T10:32:08.503261][INFO][seed64] Sampled 5800 data instances
[2024-10-14T10:32:08.503547][INFO][seed64] Starting exact inference 
[2024-10-14T10:32:08.509492][INFO][seed68] Sampled 6700 data instances
[2024-10-14T10:32:08.509569][INFO][seed68] Starting exact inference 
[2024-10-14T10:32:08.508558][INFO][seed25] No feasible solution... resampling
[2024-10-14T10:32:08.549076][INFO][seed34] No feasible solution... resampling
[2024-10-14T10:32:08.550614][INFO][seed64] PS(V1,V0) in [0.0, 0.0]
[2024-10-14T10:32:08.551160][INFO][seed64] No feasible solution... resampling
[2024-10-14T10:32:08.556669][INFO][seed25] Sampled 6300 data instances
[2024-10-14T10:32:08.556762][INFO][seed25] Starting exact inference 
[2024-10-14T10:32:08.579590][INFO][seed4] PS(V1,V0) in [0.0, 0.0]
[2024-10-14T10:32:08.580972][INFO][seed4] No feasible solution... resampling
[2024-10-14T10:32:08.590808][INFO][seed68] PS(V1,V0) in [0.0, 0.0]
[2024-10-14T10:32:08.595349][INFO][seed34] Sampled 2700 data instances
[2024-10-14T10:32:08.595503][INFO][seed34] Starting exact inference 
[2024-10-14T10:32:08.594041][INFO][seed68] No feasible solution... resampling
[2024-10-14T10:32:08.600496][INFO][seed64] Sampled 5900 data instances
[2024-10-14T10:32:08.600785][INFO][seed64] Starting exact inference 
[2024-10-14T10:32:08.596427][INFO][seed25] No feasible solution... resampling
[2024-10-14T10:32:08.626429][INFO][seed4] Sampled 2100 data instances
[2024-10-14T10:32:08.610978][INFO][seed146] Set up logging
[2024-10-14T10:32:08.633117][INFO][seed4] Starting exact inference 
[2024-10-14T10:32:08.628891][INFO][seed146] args: -np;1;-nzr;0.6;-zdr;0.5;-o;/mnt/beegfs/rcabanas/dev/credici/papers/zeros/models/s3;-rw;-s;146;-ys;3
[2024-10-14T10:32:08.632595][INFO][seed146] Starting logger with seed 146
['genn.py', '1', '0.6', '0.5', '96', '3']
[2024-10-14T10:32:08.641232][INFO][seed146] simple_nparents1_nzr06_zdr05_ysize3_146
[2024-10-14T10:32:08.637952][INFO][seed64] PS(V1,V0) in [0.0, 0.0]
[2024-10-14T10:32:08.638460][INFO][seed64] No feasible solution... resampling
[2024-10-14T10:32:08.643433][INFO][seed25] Sampled 6400 data instances
[2024-10-14T10:32:08.643514][INFO][seed25] Starting exact inference 
[2024-10-14T10:32:08.651217][INFO][seed68] Sampled 6800 data instances
[2024-10-14T10:32:08.651317][INFO][seed68] Starting exact inference 
[2024-10-14T10:32:08.660174][INFO][seed34] No feasible solution... resampling
1 0.6 0.5 96
/mnt/beegfs/rcabanas/dev/credici/papers/zeros/code/GenerateNparents.java
[2024-10-14T10:32:08.680853][INFO][seed25] No feasible solution... resampling
[2024-10-14T10:32:08.688375][INFO][seed64] Sampled 6000 data instances
[2024-10-14T10:32:08.688646][INFO][seed64] Starting exact inference 
[2024-10-14T10:32:08.701058][INFO][seed34] Sampled 2800 data instances
[2024-10-14T10:32:08.701657][INFO][seed34] Starting exact inference 
[2024-10-14T10:32:08.721519][INFO][seed4] PS(V1,V0) in [0.0, 0.0]
[2024-10-14T10:32:08.723757][INFO][seed4] No feasible solution... resampling
[2024-10-14T10:32:08.731825][INFO][seed68] PS(V1,V0) in [0.0, 0.0]
[2024-10-14T10:32:08.732221][INFO][seed68] No feasible solution... resampling
[2024-10-14T10:32:08.736967][INFO][seed25] Sampled 6500 data instances
[2024-10-14T10:32:08.737207][INFO][seed25] Starting exact inference 
[2024-10-14T10:32:08.749444][INFO][seed64] PS(V1,V0) in [0.0, 0.0]
[2024-10-14T10:32:08.749915][INFO][seed64] No feasible solution... resampling
[2024-10-14T10:32:08.771132][INFO][seed34] No feasible solution... resampling
[2024-10-14T10:32:08.770957][INFO][seed25] No feasible solution... resampling
[2024-10-14T10:32:08.767790][INFO][seed4] Sampled 2200 data instances
[2024-10-14T10:32:08.777332][INFO][seed4] Starting exact inference 
[2024-10-14T10:32:08.802988][INFO][seed64] Sampled 6100 data instances
[2024-10-14T10:32:08.803292][INFO][seed64] Starting exact inference 
[2024-10-14T10:32:08.805614][INFO][seed34] Sampled 2900 data instances
[2024-10-14T10:32:08.811883][INFO][seed34] Starting exact inference 
[2024-10-14T10:32:08.815827][INFO][seed68] Sampled 6900 data instances
[2024-10-14T10:32:08.816034][INFO][seed68] Starting exact inference 
[2024-10-14T10:32:08.819968][INFO][seed25] Sampled 6600 data instances
[2024-10-14T10:32:08.820242][INFO][seed25] Starting exact inference 
[2024-10-14T10:32:08.851512][INFO][seed4] No feasible solution... resampling
[2024-10-14T10:32:08.852677][INFO][seed146] U cardinality: 9
[2024-10-14T10:32:08.857320][INFO][seed146] !0 = [3, 4, 5, 7, 8]
[2024-10-14T10:32:08.857599][INFO][seed146] 0 = [0, 1, 2, 6]
[2024-10-14T10:32:08.862801][INFO][seed146] Dropping state 6
[2024-10-14T10:32:08.864241][INFO][seed146] Dropping state 1
[2024-10-14T10:32:08.860215][INFO][seed25] No feasible solution... resampling
[2024-10-14T10:32:08.866693][INFO][seed146] U cardinality: 7
[2024-10-14T10:32:08.878868][INFO][seed146] 
[P([3]) [0.954, 0.046], P([2]) [0.0, 0.0, 0.243, 0.081, 0.001, 0.349, 0.326], P([1, 3]) [1.0, 0.0, 0.0, 1.0], P([0, 1, 2]) [1.0, 0.0, 0.0, 1.0, 0.0, 0.0, 1.0, 0.0, 0.0, 0.0, 0.0, 1.0, 0.0, 1.0, 0.0, 1.0, 0.0, 0.0, 0.0, 1.0, 0.0, 0.0, 1.0, 0.0, 0.0, 1.0, 0.0, 0.0, 0.0, 1.0, 0.0, 0.0, 1.0, 0.0, 1.0, 0.0, 0.0, 0.0, 1.0, 0.0, 0.0, 1.0]]

[2024-10-14T10:32:08.872631][INFO][seed68] PS(V1,V0) in [0.0, 0.0]
[2024-10-14T10:32:08.872992][INFO][seed68] No feasible solution... resampling
[2024-10-14T10:32:08.875451][INFO][seed64] PS(V1,V0) in [0.0, 0.0]
[2024-10-14T10:32:08.875914][INFO][seed64] No feasible solution... resampling
[2024-10-14T10:32:08.901107][INFO][seed4] Sampled 2300 data instances
[2024-10-14T10:32:08.901420][INFO][seed4] Starting exact inference 
[2024-10-14T10:32:08.899197][INFO][seed34] No feasible solution... resampling
[2024-10-14T10:32:08.909908][INFO][seed25] Sampled 6700 data instances
[2024-10-14T10:32:08.909989][INFO][seed25] Starting exact inference 
[2024-10-14T10:32:08.929745][INFO][seed64] Sampled 6200 data instances
[2024-10-14T10:32:08.930040][INFO][seed64] Starting exact inference 
[2024-10-14T10:32:08.933478][INFO][seed34] Sampled 3000 data instances
[2024-10-14T10:32:08.936465][INFO][seed68] Sampled 7000 data instances
[2024-10-14T10:32:08.936667][INFO][seed68] Starting exact inference 
[2024-10-14T10:32:08.940608][INFO][seed34] Starting exact inference 
[2024-10-14T10:32:08.943967][INFO][seed25] No feasible solution... resampling
[2024-10-14T10:32:08.979598][INFO][seed68] PS(V1,V0) in [0.0, 0.0]
[2024-10-14T10:32:08.979967][INFO][seed68] No feasible solution... resampling
[2024-10-14T10:32:08.988077][INFO][seed4] PS(V1,V0) in [0.0, 0.0]
[2024-10-14T10:32:08.990852][INFO][seed4] No feasible solution... resampling
[2024-10-14T10:32:09.002586][INFO][seed25] Sampled 6800 data instances
[2024-10-14T10:32:09.002825][INFO][seed25] Starting exact inference 
[2024-10-14T10:32:08.988531][INFO][seed128] Set up logging
[2024-10-14T10:32:09.017952][INFO][seed128] args: -np;1;-nzr;0.6;-zdr;0.5;-o;/mnt/beegfs/rcabanas/dev/credici/papers/zeros/models/s3;-rw;-s;128;-ys;3
[2024-10-14T10:32:09.019984][INFO][seed128] Starting logger with seed 128
[2024-10-14T10:32:09.018328][INFO][seed64] PS(V1,V0) in [0.0, 0.0]
[2024-10-14T10:32:09.018811][INFO][seed64] No feasible solution... resampling
[2024-10-14T10:32:09.019496][INFO][seed34] No feasible solution... resampling
[2024-10-14T10:32:09.027215][INFO][seed128] simple_nparents1_nzr06_zdr05_ysize3_128
[2024-10-14T10:32:09.033345][INFO][seed68] Sampled 7100 data instances
[2024-10-14T10:32:09.035813][INFO][seed68] Starting exact inference 
[2024-10-14T10:32:09.038720][INFO][seed25] No feasible solution... resampling
[2024-10-14T10:32:09.049028][INFO][seed34] Sampled 3100 data instances
[2024-10-14T10:32:09.052553][INFO][seed4] Sampled 2400 data instances
[2024-10-14T10:32:09.052855][INFO][seed4] Starting exact inference 
[2024-10-14T10:32:09.067128][INFO][seed146] Sampled 1000 data instances
[2024-10-14T10:32:09.067232][INFO][seed146] Starting exact inference 
[2024-10-14T10:32:09.070996][INFO][seed34] Starting exact inference 
[2024-10-14T10:32:09.070835][INFO][seed68] PS(V1,V0) in [0.0, 0.0]
[2024-10-14T10:32:09.071740][INFO][seed68] No feasible solution... resampling
[2024-10-14T10:32:09.084078][INFO][seed64] Sampled 6300 data instances
[2024-10-14T10:32:09.084376][INFO][seed64] Starting exact inference 
[2024-10-14T10:32:09.093572][INFO][seed25] Sampled 6900 data instances
[2024-10-14T10:32:09.093669][INFO][seed25] Starting exact inference 
[2024-10-14T10:32:09.123998][INFO][seed68] Sampled 7200 data instances
[2024-10-14T10:32:09.124093][INFO][seed68] Starting exact inference 
[2024-10-14T10:32:09.125324][INFO][seed25] No feasible solution... resampling
[2024-10-14T10:32:09.143049][INFO][seed4] PS(V1,V0) in [0.0, 0.0]
[2024-10-14T10:32:09.144168][INFO][seed4] No feasible solution... resampling
[2024-10-14T10:32:09.152536][INFO][seed34] No feasible solution... resampling
[2024-10-14T10:32:09.163663][INFO][seed68] PS(V1,V0) in [0.0, 0.0]
[2024-10-14T10:32:09.164053][INFO][seed68] No feasible solution... resampling
[2024-10-14T10:32:09.172128][INFO][seed64] PS(V1,V0) in [0.0, 0.0]
[2024-10-14T10:32:09.172603][INFO][seed64] No feasible solution... resampling
[2024-10-14T10:32:09.178496][INFO][seed25] Sampled 7000 data instances
[2024-10-14T10:32:09.178731][INFO][seed25] Starting exact inference 
[2024-10-14T10:32:09.194151][INFO][seed4] Sampled 2500 data instances
[2024-10-14T10:32:09.195557][INFO][seed34] Sampled 3200 data instances
[2024-10-14T10:32:09.195731][INFO][seed34] Starting exact inference 
[2024-10-14T10:32:09.197076][INFO][seed4] Starting exact inference 
[2024-10-14T10:32:09.223987][INFO][seed68] Sampled 7300 data instances
[2024-10-14T10:32:09.224194][INFO][seed68] Starting exact inference 
[2024-10-14T10:32:09.216316][INFO][seed25] No feasible solution... resampling
[2024-10-14T10:32:09.259706][INFO][seed64] Sampled 6400 data instances
[2024-10-14T10:32:09.262171][INFO][seed64] Starting exact inference 
[2024-10-14T10:32:09.259412][INFO][seed34] No feasible solution... resampling
[2024-10-14T10:32:09.274322][INFO][seed128] U cardinality: 9
[2024-10-14T10:32:09.272276][INFO][seed4] PS(V1,V0) in [0.0, 0.0]
[2024-10-14T10:32:09.273156][INFO][seed4] No feasible solution... resampling
[2024-10-14T10:32:09.280086][INFO][seed25] Sampled 7100 data instances
[2024-10-14T10:32:09.280336][INFO][seed25] Starting exact inference 
[2024-10-14T10:32:09.281622][INFO][seed128] !0 = [0, 1, 4, 5, 8]
[2024-10-14T10:32:09.282197][INFO][seed128] 0 = [2, 3, 6, 7]
[2024-10-14T10:32:09.277973][INFO][seed68] PS(V1,V0) in [0.0, 0.0]
[2024-10-14T10:32:09.278463][INFO][seed68] No feasible solution... resampling
[2024-10-14T10:32:09.289863][INFO][seed128] Dropping state 7
[2024-10-14T10:32:09.291777][INFO][seed128] Dropping state 2
[2024-10-14T10:32:09.295218][INFO][seed128] U cardinality: 7
[2024-10-14T10:32:09.304303][INFO][seed34] Sampled 3300 data instances
[2024-10-14T10:32:09.305477][INFO][seed34] Starting exact inference 
[2024-10-14T10:32:09.309006][INFO][seed4] Sampled 2600 data instances
[2024-10-14T10:32:09.284075][INFO][seed60] Set up logging
[2024-10-14T10:32:09.310849][INFO][seed60] args: -np;1;-nzr;0.6;-zdr;0.5;-o;/mnt/beegfs/rcabanas/dev/credici/papers/zeros/models/s3;-rw;-s;60;-ys;3
[2024-10-14T10:32:09.312252][INFO][seed128] 
[P([3]) [0.714, 0.286], P([2]) [0.004, 0.079, 0.0, 0.001, 0.004, 0.0, 0.912], P([1, 3]) [1.0, 0.0, 0.0, 1.0], P([0, 1, 2]) [1.0, 0.0, 0.0, 1.0, 0.0, 0.0, 1.0, 0.0, 0.0, 0.0, 1.0, 0.0, 0.0, 1.0, 0.0, 1.0, 0.0, 0.0, 0.0, 1.0, 0.0, 0.0, 1.0, 0.0, 0.0, 1.0, 0.0, 0.0, 0.0, 1.0, 0.0, 0.0, 1.0, 1.0, 0.0, 0.0, 0.0, 0.0, 1.0, 0.0, 0.0, 1.0]]

[2024-10-14T10:32:09.312570][INFO][seed60] Starting logger with seed 60
[2024-10-14T10:32:09.312937][INFO][seed25] No feasible solution... resampling
[2024-10-14T10:32:09.321531][INFO][seed4] Starting exact inference 
[2024-10-14T10:32:09.322142][INFO][seed60] simple_nparents1_nzr06_zdr05_ysize3_60
[2024-10-14T10:32:09.333146][INFO][seed68] Sampled 7400 data instances
[2024-10-14T10:32:09.333230][INFO][seed68] Starting exact inference 
[2024-10-14T10:32:09.338220][INFO][seed64] PS(V1,V0) in [0.0, 0.0]
[2024-10-14T10:32:09.338689][INFO][seed64] No feasible solution... resampling
[2024-10-14T10:32:09.366425][INFO][seed25] Sampled 7200 data instances
[2024-10-14T10:32:09.366511][INFO][seed25] Starting exact inference 
[2024-10-14T10:32:09.371508][INFO][seed68] PS(V1,V0) in [0.0, 0.0]
[2024-10-14T10:32:09.371877][INFO][seed68] No feasible solution... resampling
[2024-10-14T10:32:09.382637][INFO][seed34] No feasible solution... resampling
[2024-10-14T10:32:09.398015][INFO][seed25] No feasible solution... resampling
[2024-10-14T10:32:09.413040][INFO][seed4] PS(V1,V0) in [0.0, 0.0]
[2024-10-14T10:32:09.388880][INFO][seed119] Set up logging
[2024-10-14T10:32:09.417271][INFO][seed119] args: -np;1;-nzr;0.6;-zdr;0.5;-o;/mnt/beegfs/rcabanas/dev/credici/papers/zeros/models/s3;-rw;-s;119;-ys;3
[2024-10-14T10:32:09.417982][INFO][seed4] No feasible solution... resampling
[2024-10-14T10:32:09.419340][INFO][seed119] Starting logger with seed 119
[2024-10-14T10:32:09.427861][INFO][seed34] Sampled 3400 data instances
[2024-10-14T10:32:09.427976][INFO][seed34] Starting exact inference 
[2024-10-14T10:32:09.429065][INFO][seed119] simple_nparents1_nzr06_zdr05_ysize3_119
[2024-10-14T10:32:09.429401][INFO][seed64] Sampled 6500 data instances
[2024-10-14T10:32:09.429722][INFO][seed64] Starting exact inference 
[2024-10-14T10:32:09.431049][INFO][seed68] Sampled 7500 data instances
[2024-10-14T10:32:09.431138][INFO][seed68] Starting exact inference 
[2024-10-14T10:32:09.450754][INFO][seed4] Sampled 2700 data instances
[2024-10-14T10:32:09.451571][INFO][seed25] Sampled 7300 data instances
[2024-10-14T10:32:09.451652][INFO][seed25] Starting exact inference 
[2024-10-14T10:32:09.457081][INFO][seed4] Starting exact inference 
[2024-10-14T10:32:09.467733][INFO][seed68] PS(V1,V0) in [0.0, 0.0]
[2024-10-14T10:32:09.468120][INFO][seed68] No feasible solution... resampling
[2024-10-14T10:32:09.479904][INFO][seed64] PS(V1,V0) in [0.0, 0.0]
[2024-10-14T10:32:09.480398][INFO][seed64] No feasible solution... resampling
[2024-10-14T10:32:09.491752][INFO][seed25] No feasible solution... resampling
[2024-10-14T10:32:09.515042][INFO][seed128] Sampled 1000 data instances
[2024-10-14T10:32:09.497165][INFO][seed31] Set up logging
[2024-10-14T10:32:09.515366][INFO][seed128] Starting exact inference 
[2024-10-14T10:32:09.516087][INFO][seed31] args: -np;1;-nzr;0.6;-zdr;0.5;-o;/mnt/beegfs/rcabanas/dev/credici/papers/zeros/models/s3;-rw;-s;31;-ys;3
[2024-10-14T10:32:09.513882][INFO][seed34] No feasible solution... resampling
[2024-10-14T10:32:09.525971][INFO][seed60] U cardinality: 9
[2024-10-14T10:32:09.531772][INFO][seed60] !0 = [2, 4, 6, 7, 8]
[2024-10-14T10:32:09.532066][INFO][seed60] 0 = [0, 1, 3, 5]
[2024-10-14T10:32:09.512217][INFO][seed118] Set up logging
[2024-10-14T10:32:09.532997][INFO][seed118] args: -np;1;-nzr;0.6;-zdr;0.5;-o;/mnt/beegfs/rcabanas/dev/credici/papers/zeros/models/s3;-rw;-s;118;-ys;3
[2024-10-14T10:32:09.535179][INFO][seed118] Starting logger with seed 118
[2024-10-14T10:32:09.531287][INFO][seed31] Starting logger with seed 31
[2024-10-14T10:32:09.536357][INFO][seed64] Sampled 6600 data instances
[2024-10-14T10:32:09.536758][INFO][seed68] Sampled 7600 data instances
[2024-10-14T10:32:09.536591][INFO][seed64] Starting exact inference 
[2024-10-14T10:32:09.536960][INFO][seed68] Starting exact inference 
[2024-10-14T10:32:09.537609][INFO][seed31] simple_nparents1_nzr06_zdr05_ysize3_31
[2024-10-14T10:32:09.538168][INFO][seed60] Dropping state 3
[2024-10-14T10:32:09.539542][INFO][seed60] Dropping state 1
[2024-10-14T10:32:09.541808][INFO][seed60] U cardinality: 7
[2024-10-14T10:32:09.549529][INFO][seed118] simple_nparents1_nzr06_zdr05_ysize3_118
[2024-10-14T10:32:09.546950][INFO][seed4] PS(V1,V0) in [0.0, 0.0]
[2024-10-14T10:32:09.547926][INFO][seed4] No feasible solution... resampling
[2024-10-14T10:32:09.553804][INFO][seed25] Sampled 7400 data instances
[2024-10-14T10:32:09.554051][INFO][seed25] Starting exact inference 
[2024-10-14T10:32:09.555385][INFO][seed60] 
[P([3]) [0.998, 0.002], P([2]) [0.0, 0.003, 0.001, 0.0, 0.007, 0.001, 0.988], P([1, 3]) [1.0, 0.0, 0.0, 1.0], P([0, 1, 2]) [1.0, 0.0, 0.0, 1.0, 0.0, 0.0, 1.0, 0.0, 0.0, 0.0, 0.0, 1.0, 0.0, 1.0, 0.0, 0.0, 1.0, 0.0, 0.0, 1.0, 0.0, 0.0, 0.0, 1.0, 0.0, 0.0, 1.0, 1.0, 0.0, 0.0, 0.0, 0.0, 1.0, 0.0, 1.0, 0.0, 0.0, 0.0, 1.0, 0.0, 0.0, 1.0]]

[2024-10-14T10:32:09.559092][INFO][seed34] Sampled 3500 data instances
[2024-10-14T10:32:09.559260][INFO][seed34] Starting exact inference 
[2024-10-14T10:32:09.568518][INFO][seed68] PS(V1,V0) in [0.0, 0.0]
[2024-10-14T10:32:09.568915][INFO][seed68] No feasible solution... resampling
[2024-10-14T10:32:09.582019][INFO][seed4] Sampled 2800 data instances
[2024-10-14T10:32:09.593975][INFO][seed4] Starting exact inference 
[2024-10-14T10:32:09.582607][INFO][seed162] Set up logging
[2024-10-14T10:32:09.603585][INFO][seed64] PS(V1,V0) in [0.0, 0.0]
[2024-10-14T10:32:09.604067][INFO][seed64] No feasible solution... resampling
[2024-10-14T10:32:09.609506][INFO][seed162] args: -np;1;-nzr;0.6;-zdr;0.5;-o;/mnt/beegfs/rcabanas/dev/credici/papers/zeros/models/s3;-rw;-s;162;-ys;3
[2024-10-14T10:32:09.611913][INFO][seed162] Starting logger with seed 162
[2024-10-14T10:32:09.626095][INFO][seed68] Sampled 7700 data instances
[2024-10-14T10:32:09.626171][INFO][seed68] Starting exact inference 
[2024-10-14T10:32:09.629794][INFO][seed162] simple_nparents1_nzr06_zdr05_ysize3_162
[2024-10-14T10:32:09.633210][INFO][seed25] No feasible solution... resampling
[2024-10-14T10:32:09.652443][INFO][seed34] No feasible solution... resampling
[2024-10-14T10:32:09.660677][INFO][seed64] Sampled 6700 data instances
[2024-10-14T10:32:09.660915][INFO][seed64] Starting exact inference 
[2024-10-14T10:32:09.659579][INFO][seed68] PS(V1,V0) in [0.0, 0.0]
[2024-10-14T10:32:09.659965][INFO][seed68] No feasible solution... resampling
[2024-10-14T10:32:09.675931][INFO][seed4] PS(V1,V0) in [0.0, 0.0]
[2024-10-14T10:32:09.676907][INFO][seed4] No feasible solution... resampling
[2024-10-14T10:32:09.685795][INFO][seed34] Sampled 3600 data instances
[2024-10-14T10:32:09.692049][INFO][seed25] Sampled 7500 data instances
[2024-10-14T10:32:09.692139][INFO][seed25] Starting exact inference 
[2024-10-14T10:32:09.697995][INFO][seed34] Starting exact inference 
[2024-10-14T10:32:09.707114][INFO][seed119] U cardinality: 9
[2024-10-14T10:32:09.686965][INFO][seed63] Set up logging
[2024-10-14T10:32:09.709319][INFO][seed63] args: -np;1;-nzr;0.6;-zdr;0.5;-o;/mnt/beegfs/rcabanas/dev/credici/papers/zeros/models/s3;-rw;-s;63;-ys;3
[2024-10-14T10:32:09.704240][INFO][seed64] PS(V1,V0) in [0.0, 0.0]
[2024-10-14T10:32:09.704715][INFO][seed64] No feasible solution... resampling
[2024-10-14T10:32:09.714176][INFO][seed4] Sampled 2900 data instances
[2024-10-14T10:32:09.714442][INFO][seed4] Starting exact inference 
[2024-10-14T10:32:09.714532][INFO][seed119] !0 = [2, 5, 6, 7, 8]
[2024-10-14T10:32:09.715039][INFO][seed119] 0 = [0, 1, 3, 4]
[2024-10-14T10:32:09.711460][INFO][seed63] Starting logger with seed 63
[2024-10-14T10:32:09.716754][INFO][seed68] Sampled 7800 data instances
[2024-10-14T10:32:09.716827][INFO][seed68] Starting exact inference 
[2024-10-14T10:32:09.694909][INFO][seed27] Set up logging
[2024-10-14T10:32:09.722813][INFO][seed27] args: -np;1;-nzr;0.6;-zdr;0.5;-o;/mnt/beegfs/rcabanas/dev/credici/papers/zeros/models/s3;-rw;-s;27;-ys;3
[2024-10-14T10:32:09.724569][INFO][seed119] Dropping state 4
[2024-10-14T10:32:09.724943][INFO][seed27] Starting logger with seed 27
[2024-10-14T10:32:09.726629][INFO][seed119] Dropping state 0
[2024-10-14T10:32:09.729489][INFO][seed63] simple_nparents1_nzr06_zdr05_ysize3_63
[2024-10-14T10:32:09.729749][INFO][seed119] U cardinality: 7
[2024-10-14T10:32:09.735835][INFO][seed27] simple_nparents1_nzr06_zdr05_ysize3_27
[2024-10-14T10:32:09.743633][INFO][seed60] Sampled 1000 data instances
[2024-10-14T10:32:09.719032][INFO][seed198] Set up logging
[2024-10-14T10:32:09.743876][INFO][seed60] Starting exact inference 
[2024-10-14T10:32:09.737076][INFO][seed25] No feasible solution... resampling
[2024-10-14T10:32:09.744549][INFO][seed198] args: -np;1;-nzr;0.6;-zdr;0.5;-o;/mnt/beegfs/rcabanas/dev/credici/papers/zeros/models/s3;-rw;-s;198;-ys;3
[2024-10-14T10:32:09.750968][INFO][seed119] 
[P([3]) [0.37, 0.63], P([2]) [0.0, 0.246, 0.0, 0.276, 0.018, 0.001, 0.459], P([1, 3]) [1.0, 0.0, 0.0, 1.0], P([0, 1, 2]) [1.0, 0.0, 0.0, 0.0, 1.0, 0.0, 1.0, 0.0, 0.0, 0.0, 0.0, 1.0, 0.0, 1.0, 0.0, 1.0, 0.0, 0.0, 0.0, 1.0, 0.0, 0.0, 0.0, 1.0, 0.0, 0.0, 1.0, 1.0, 0.0, 0.0, 0.0, 0.0, 1.0, 0.0, 1.0, 0.0, 0.0, 0.0, 1.0, 0.0, 0.0, 1.0]]

[2024-10-14T10:32:09.748691][INFO][seed198] Starting logger with seed 198
[2024-10-14T10:32:09.753237][INFO][seed68] PS(V1,V0) in [0.0, 0.0]
[2024-10-14T10:32:09.753623][INFO][seed68] No feasible solution... resampling
[2024-10-14T10:32:09.767881][INFO][seed198] simple_nparents1_nzr06_zdr05_ysize3_198
[2024-10-14T10:32:09.763979][INFO][seed34] No feasible solution... resampling
[2024-10-14T10:32:09.771553][INFO][seed64] Sampled 6800 data instances
[2024-10-14T10:32:09.771807][INFO][seed64] Starting exact inference 
[2024-10-14T10:32:09.792709][INFO][seed25] Sampled 7600 data instances
[2024-10-14T10:32:09.792786][INFO][seed25] Starting exact inference 
[2024-10-14T10:32:09.807593][INFO][seed31] U cardinality: 9
[2024-10-14T10:32:09.809307][INFO][seed118] U cardinality: 9
[2024-10-14T10:32:09.807181][INFO][seed4] PS(V1,V0) in [0.0, 0.0]
[2024-10-14T10:32:09.808083][INFO][seed4] No feasible solution... resampling
[2024-10-14T10:32:09.813431][INFO][seed31] !0 = [3, 4, 6, 7, 8]
[2024-10-14T10:32:09.813898][INFO][seed31] 0 = [0, 1, 2, 5]
[2024-10-14T10:32:09.815264][INFO][seed118] !0 = [0, 1, 5, 7, 8]
[2024-10-14T10:32:09.815799][INFO][seed118] 0 = [2, 3, 4, 6]
[2024-10-14T10:32:09.816740][INFO][seed34] Sampled 3700 data instances
[2024-10-14T10:32:09.816973][INFO][seed34] Starting exact inference 
[2024-10-14T10:32:09.818084][INFO][seed68] Sampled 7900 data instances
[2024-10-14T10:32:09.818281][INFO][seed68] Starting exact inference 
[2024-10-14T10:32:09.815040][INFO][seed64] PS(V1,V0) in [0.0, 0.0]
[2024-10-14T10:32:09.815492][INFO][seed64] No feasible solution... resampling
[2024-10-14T10:32:09.800989][INFO][seed106] Set up logging
[2024-10-14T10:32:09.826972][INFO][seed106] args: -np;1;-nzr;0.6;-zdr;0.5;-o;/mnt/beegfs/rcabanas/dev/credici/papers/zeros/models/s3;-rw;-s;106;-ys;3
[2024-10-14T10:32:09.827088][INFO][seed118] Dropping state 3
[2024-10-14T10:32:09.827581][INFO][seed31] Dropping state 0
[2024-10-14T10:32:09.828983][INFO][seed118] Dropping state 2
[2024-10-14T10:32:09.829267][INFO][seed106] Starting logger with seed 106
[2024-10-14T10:32:09.830500][INFO][seed31] U cardinality: 8
[2024-10-14T10:32:09.832642][INFO][seed118] U cardinality: 7
[2024-10-14T10:32:09.842499][INFO][seed118] 
[P([3]) [0.165, 0.835], P([2]) [0.182, 0.028, 0.0, 0.276, 0.0, 0.017, 0.497], P([1, 3]) [1.0, 0.0, 0.0, 1.0], P([0, 1, 2]) [1.0, 0.0, 0.0, 1.0, 0.0, 0.0, 1.0, 0.0, 0.0, 0.0, 1.0, 0.0, 0.0, 1.0, 0.0, 0.0, 1.0, 0.0, 0.0, 1.0, 0.0, 0.0, 0.0, 1.0, 0.0, 0.0, 1.0, 1.0, 0.0, 0.0, 0.0, 0.0, 1.0, 0.0, 1.0, 0.0, 0.0, 0.0, 1.0, 0.0, 0.0, 1.0]]

[2024-10-14T10:32:09.844416][INFO][seed4] Sampled 3000 data instances
[2024-10-14T10:32:09.839711][INFO][seed25] No feasible solution... resampling
[2024-10-14T10:32:09.820593][INFO][seed42] Set up logging
[2024-10-14T10:32:09.845718][INFO][seed31] 
[P([3]) [0.687, 0.313], P([2]) [0.0, 0.0, 0.003, 0.002, 0.0, 0.041, 0.002, 0.952], P([1, 3]) [1.0, 0.0, 0.0, 1.0], P([0, 1, 2]) [1.0, 0.0, 0.0, 0.0, 1.0, 0.0, 1.0, 0.0, 0.0, 0.0, 0.0, 1.0, 0.0, 1.0, 0.0, 1.0, 0.0, 0.0, 0.0, 1.0, 0.0, 0.0, 1.0, 0.0, 0.0, 1.0, 0.0, 0.0, 0.0, 1.0, 0.0, 0.0, 1.0, 1.0, 0.0, 0.0, 0.0, 0.0, 1.0, 0.0, 1.0, 0.0, 0.0, 0.0, 1.0, 0.0, 0.0, 1.0]]

[2024-10-14T10:32:09.846018][INFO][seed42] args: -np;1;-nzr;0.6;-zdr;0.5;-o;/mnt/beegfs/rcabanas/dev/credici/papers/zeros/models/s3;-rw;-s;42;-ys;3
[2024-10-14T10:32:09.848655][INFO][seed42] Starting logger with seed 42
[2024-10-14T10:32:09.853053][INFO][seed106] simple_nparents1_nzr06_zdr05_ysize3_106
[2024-10-14T10:32:09.855333][INFO][seed4] Starting exact inference 
[2024-10-14T10:32:09.854767][INFO][seed68] PS(V1,V0) in [0.0, 0.0]
[2024-10-14T10:32:09.855176][INFO][seed68] No feasible solution... resampling
[2024-10-14T10:32:09.836593][INFO][seed125] Set up logging
[2024-10-14T10:32:09.863836][INFO][seed125] args: -np;1;-nzr;0.6;-zdr;0.5;-o;/mnt/beegfs/rcabanas/dev/credici/papers/zeros/models/s3;-rw;-s;125;-ys;3
[2024-10-14T10:32:09.868667][INFO][seed125] Starting logger with seed 125
[2024-10-14T10:32:09.873144][INFO][seed42] simple_nparents1_nzr06_zdr05_ysize3_42
[2024-10-14T10:32:09.875331][INFO][seed64] Sampled 6900 data instances
[2024-10-14T10:32:09.875639][INFO][seed64] Starting exact inference 
[2024-10-14T10:32:09.882853][INFO][seed125] simple_nparents1_nzr06_zdr05_ysize3_125
[2024-10-14T10:32:09.899269][INFO][seed162] U cardinality: 9
[2024-10-14T10:32:09.899266][INFO][seed34] No feasible solution... resampling
[2024-10-14T10:32:09.904058][INFO][seed25] Sampled 7700 data instances
[2024-10-14T10:32:09.904304][INFO][seed25] Starting exact inference 
[2024-10-14T10:32:09.904799][INFO][seed162] !0 = [4, 5, 6, 7, 8]
[2024-10-14T10:32:09.905259][INFO][seed162] 0 = [0, 1, 2, 3]
[2024-10-14T10:32:09.911050][INFO][seed162] Dropping state 2
[2024-10-14T10:32:09.912164][INFO][seed162] Dropping state 0
[2024-10-14T10:32:09.915078][INFO][seed162] U cardinality: 7
[2024-10-14T10:32:09.915695][INFO][seed68] Sampled 8000 data instances
[2024-10-14T10:32:09.915774][INFO][seed68] Starting exact inference 
[2024-10-14T10:32:09.924030][INFO][seed162] 
[P([3]) [0.019, 0.981], P([2]) [0.0, 0.0, 0.003, 0.246, 0.042, 0.01, 0.699], P([1, 3]) [1.0, 0.0, 0.0, 1.0], P([0, 1, 2]) [1.0, 0.0, 0.0, 0.0, 1.0, 0.0, 0.0, 1.0, 0.0, 1.0, 0.0, 0.0, 0.0, 1.0, 0.0, 0.0, 1.0, 0.0, 0.0, 1.0, 0.0, 0.0, 0.0, 1.0, 0.0, 0.0, 1.0, 1.0, 0.0, 0.0, 0.0, 0.0, 1.0, 0.0, 1.0, 0.0, 0.0, 0.0, 1.0, 0.0, 0.0, 1.0]]

[2024-10-14T10:32:09.930461][INFO][seed34] Sampled 3800 data instances
[2024-10-14T10:32:09.929340][INFO][seed64] PS(V1,V0) in [0.0, 0.0]
[2024-10-14T10:32:09.929830][INFO][seed64] No feasible solution... resampling
[2024-10-14T10:32:09.930850][INFO][seed4] PS(V1,V0) in [0.0, 0.0]
[2024-10-14T10:32:09.931860][INFO][seed4] No feasible solution... resampling
[2024-10-14T10:32:09.937958][INFO][seed34] Starting exact inference 
[2024-10-14T10:32:09.942824][INFO][seed25] No feasible solution... resampling
[2024-10-14T10:32:09.941014][INFO][seed35] Set up logging
[2024-10-14T10:32:09.957301][INFO][seed35] args: -np;1;-nzr;0.6;-zdr;0.5;-o;/mnt/beegfs/rcabanas/dev/credici/papers/zeros/models/s3;-rw;-s;35;-ys;3
[2024-10-14T10:32:09.953327][INFO][seed68] PS(V1,V0) in [0.0, 0.0]
[2024-10-14T10:32:09.953664][INFO][seed68] No feasible solution... resampling
[2024-10-14T10:32:09.958803][INFO][seed146] No feasible solution... resampling
[2024-10-14T10:32:09.968597][INFO][seed4] Sampled 3100 data instances
[2024-10-14T10:32:09.969400][INFO][seed119] Sampled 1000 data instances
[2024-10-14T10:32:09.969500][INFO][seed119] Starting exact inference 
[2024-10-14T10:32:09.969312][INFO][seed35] Starting logger with seed 35
[2024-10-14T10:32:09.948060][INFO][seed53] Set up logging
[2024-10-14T10:32:09.976246][INFO][seed53] args: -np;1;-nzr;0.6;-zdr;0.5;-o;/mnt/beegfs/rcabanas/dev/credici/papers/zeros/models/s3;-rw;-s;53;-ys;3
[2024-10-14T10:32:09.977089][INFO][seed4] Starting exact inference 
[2024-10-14T10:32:09.979438][INFO][seed35] simple_nparents1_nzr06_zdr05_ysize3_35
[2024-10-14T10:32:09.978017][INFO][seed53] Starting logger with seed 53
[2024-10-14T10:32:09.984979][INFO][seed63] U cardinality: 9
[2024-10-14T10:32:09.986608][INFO][seed53] simple_nparents1_nzr06_zdr05_ysize3_53
[2024-10-14T10:32:09.988869][INFO][seed64] Sampled 7000 data instances
[2024-10-14T10:32:09.989145][INFO][seed64] Starting exact inference 
[2024-10-14T10:32:09.990601][INFO][seed63] !0 = [1, 2, 6, 7, 8]
[2024-10-14T10:32:09.991012][INFO][seed63] 0 = [0, 3, 4, 5]
[2024-10-14T10:32:09.996802][INFO][seed63] Dropping state 5
[2024-10-14T10:32:09.998425][INFO][seed63] Dropping state 4
[2024-10-14T10:32:09.999646][INFO][seed63] Dropping state 0
[2024-10-14T10:32:10.002351][INFO][seed63] U cardinality: 6
[2024-10-14T10:32:10.004248][INFO][seed25] Sampled 7800 data instances
[2024-10-14T10:32:10.004348][INFO][seed25] Starting exact inference 
[2024-10-14T10:32:10.009149][INFO][seed63] 
[P([3]) [0.794, 0.206], P([2]) [0.014, 0.026, 0.0, 0.001, 0.016, 0.943], P([1, 3]) [1.0, 0.0, 0.0, 1.0], P([0, 1, 2]) [1.0, 0.0, 0.0, 0.0, 1.0, 0.0, 1.0, 0.0, 0.0, 0.0, 0.0, 1.0, 0.0, 1.0, 0.0, 1.0, 0.0, 0.0, 0.0, 0.0, 1.0, 1.0, 0.0, 0.0, 0.0, 0.0, 1.0, 0.0, 1.0, 0.0, 0.0, 0.0, 1.0, 0.0, 0.0, 1.0]]

[2024-10-14T10:32:10.013685][INFO][seed68] Sampled 8100 data instances
[2024-10-14T10:32:10.013757][INFO][seed68] Starting exact inference 
[2024-10-14T10:32:10.016207][INFO][seed27] U cardinality: 9
[2024-10-14T10:32:10.021863][INFO][seed27] !0 = [0, 1, 2, 5, 6]
[2024-10-14T10:32:10.022325][INFO][seed27] 0 = [3, 4, 7, 8]
[2024-10-14T10:32:10.023329][INFO][seed198] U cardinality: 9
[2024-10-14T10:32:10.028757][INFO][seed198] !0 = [1, 2, 4, 6, 7]
[2024-10-14T10:32:10.029299][INFO][seed198] 0 = [0, 3, 5, 8]
[2024-10-14T10:32:10.029895][INFO][seed27] Dropping state 7
[2024-10-14T10:32:10.031248][INFO][seed27] Dropping state 4
[2024-10-14T10:32:10.026106][INFO][seed34] No feasible solution... resampling
[2024-10-14T10:32:10.031020][INFO][seed146] Sampled 1100 data instances
[2024-10-14T10:32:10.031658][INFO][seed146] Starting exact inference 
[2024-10-14T10:32:10.032765][INFO][seed27] Dropping state 3
[2024-10-14T10:32:10.033658][INFO][seed31] Sampled 1000 data instances
[2024-10-14T10:32:10.033944][INFO][seed31] Starting exact inference 
[2024-10-14T10:32:10.034679][INFO][seed198] Dropping state 8
[2024-10-14T10:32:10.035924][INFO][seed198] Dropping state 5
[2024-10-14T10:32:10.037162][INFO][seed198] Dropping state 3
[2024-10-14T10:32:10.038242][INFO][seed27] U cardinality: 6
[2024-10-14T10:32:10.038712][INFO][seed118] Sampled 1000 data instances
[2024-10-14T10:32:10.038888][INFO][seed198] Dropping state 0
[2024-10-14T10:32:10.038971][INFO][seed118] Starting exact inference 
[2024-10-14T10:32:10.041927][INFO][seed198] U cardinality: 5
[2024-10-14T10:32:10.037462][INFO][seed64] PS(V1,V0) in [0.0, 0.0]
[2024-10-14T10:32:10.038109][INFO][seed64] No feasible solution... resampling
[2024-10-14T10:32:10.037707][INFO][seed25] No feasible solution... resampling
[2024-10-14T10:32:10.047914][INFO][seed198] 
[P([3]) [0.907, 0.093], P([2]) [0.001, 0.083, 0.019, 0.003, 0.894], P([1, 3]) [1.0, 0.0, 0.0, 1.0], P([0, 1, 2]) [1.0, 0.0, 0.0, 0.0, 1.0, 0.0, 1.0, 0.0, 0.0, 0.0, 0.0, 1.0, 0.0, 1.0, 0.0, 0.0, 1.0, 0.0, 0.0, 0.0, 1.0, 1.0, 0.0, 0.0, 0.0, 0.0, 1.0, 0.0, 1.0, 0.0]]

[2024-10-14T10:32:10.051018][INFO][seed27] 
[P([3]) [0.132, 0.868], P([2]) [0.093, 0.224, 0.028, 0.427, 0.228, 0.0], P([1, 3]) [1.0, 0.0, 0.0, 1.0], P([0, 1, 2]) [1.0, 0.0, 0.0, 1.0, 0.0, 0.0, 1.0, 0.0, 0.0, 0.0, 1.0, 0.0, 1.0, 0.0, 0.0, 0.0, 0.0, 1.0, 0.0, 1.0, 0.0, 0.0, 0.0, 1.0, 0.0, 0.0, 1.0, 1.0, 0.0, 0.0, 0.0, 0.0, 1.0, 0.0, 0.0, 1.0]]

[2024-10-14T10:32:10.063384][INFO][seed34] Sampled 3900 data instances
[2024-10-14T10:32:10.069559][INFO][seed34] Starting exact inference 
[2024-10-14T10:32:10.069814][INFO][seed4] PS(V1,V0) in [0.0, 0.0]
[2024-10-14T10:32:10.070563][INFO][seed4] No feasible solution... resampling
[2024-10-14T10:32:10.085397][INFO][seed68] PS(V1,V0) in [0.0, 0.0]
[2024-10-14T10:32:10.085747][INFO][seed68] No feasible solution... resampling
[2024-10-14T10:32:10.095769][INFO][seed25] Sampled 7900 data instances
[2024-10-14T10:32:10.095861][INFO][seed25] Starting exact inference 
[2024-10-14T10:32:10.109736][INFO][seed64] Sampled 7100 data instances
[2024-10-14T10:32:10.111152][INFO][seed64] Starting exact inference 
[2024-10-14T10:32:10.115072][INFO][seed125] U cardinality: 9
[2024-10-14T10:32:10.116759][INFO][seed106] U cardinality: 9
[2024-10-14T10:32:10.120783][INFO][seed125] !0 = [1, 2, 3, 4, 5]
[2024-10-14T10:32:10.121287][INFO][seed125] 0 = [0, 6, 7, 8]
[2024-10-14T10:32:10.122664][INFO][seed106] !0 = [1, 3, 4, 7, 8]
[2024-10-14T10:32:10.123190][INFO][seed106] 0 = [0, 2, 5, 6]
[2024-10-14T10:32:10.125746][INFO][seed4] Sampled 3200 data instances
[2024-10-14T10:32:10.127351][INFO][seed125] Dropping state 7
[2024-10-14T10:32:10.128437][INFO][seed125] Dropping state 6
[2024-10-14T10:32:10.129632][INFO][seed125] Dropping state 0
[2024-10-14T10:32:10.132425][INFO][seed125] U cardinality: 6
[2024-10-14T10:32:10.132384][INFO][seed106] Dropping state 6
[2024-10-14T10:32:10.133486][INFO][seed106] Dropping state 5
[2024-10-14T10:32:10.133006][INFO][seed4] Starting exact inference 
[2024-10-14T10:32:10.134313][INFO][seed106] Dropping state 0
[2024-10-14T10:32:10.129792][INFO][seed25] No feasible solution... resampling
[2024-10-14T10:32:10.137313][INFO][seed106] U cardinality: 6
[2024-10-14T10:32:10.137987][INFO][seed162] Sampled 1000 data instances
[2024-10-14T10:32:10.138303][INFO][seed162] Starting exact inference 
[2024-10-14T10:32:10.138533][INFO][seed125] 
[P([3]) [0.195, 0.805], P([2]) [0.003, 0.869, 0.005, 0.005, 0.118, 0.0], P([1, 3]) [1.0, 0.0, 0.0, 1.0], P([0, 1, 2]) [1.0, 0.0, 0.0, 0.0, 1.0, 0.0, 1.0, 0.0, 0.0, 0.0, 0.0, 1.0, 0.0, 1.0, 0.0, 1.0, 0.0, 0.0, 0.0, 1.0, 0.0, 0.0, 1.0, 0.0, 0.0, 1.0, 0.0, 0.0, 0.0, 1.0, 0.0, 0.0, 1.0, 0.0, 0.0, 1.0]]

[2024-10-14T10:32:10.139300][INFO][seed34] No feasible solution... resampling
[2024-10-14T10:32:10.146337][INFO][seed42] U cardinality: 9
[2024-10-14T10:32:10.146785][INFO][seed68] Sampled 8200 data instances
[2024-10-14T10:32:10.146893][INFO][seed68] Starting exact inference 
[2024-10-14T10:32:10.151966][INFO][seed42] !0 = [3, 4, 5, 6, 7]
[2024-10-14T10:32:10.152474][INFO][seed42] 0 = [0, 1, 2, 8]
[2024-10-14T10:32:10.151998][INFO][seed106] 
[P([3]) [0.038, 0.962], P([2]) [0.001, 0.0, 0.931, 0.002, 0.013, 0.053], P([1, 3]) [1.0, 0.0, 0.0, 1.0], P([0, 1, 2]) [1.0, 0.0, 0.0, 0.0, 1.0, 0.0, 1.0, 0.0, 0.0, 0.0, 0.0, 1.0, 0.0, 1.0, 0.0, 1.0, 0.0, 0.0, 0.0, 1.0, 0.0, 0.0, 1.0, 0.0, 0.0, 0.0, 1.0, 0.0, 1.0, 0.0, 0.0, 0.0, 1.0, 0.0, 0.0, 1.0]]

[2024-10-14T10:32:10.153534][INFO][seed64] PS(V1,V0) in [0.0, 0.0]
[2024-10-14T10:32:10.154051][INFO][seed64] No feasible solution... resampling
[2024-10-14T10:32:10.159861][INFO][seed42] Dropping state 8
[2024-10-14T10:32:10.161048][INFO][seed42] Dropping state 1
[2024-10-14T10:32:10.162355][INFO][seed42] Dropping state 0
[2024-10-14T10:32:10.165541][INFO][seed42] U cardinality: 6
[2024-10-14T10:32:10.167719][INFO][seed146] No feasible solution... resampling
[2024-10-14T10:32:10.184386][INFO][seed34] Sampled 4000 data instances
[2024-10-14T10:32:10.184498][INFO][seed34] Starting exact inference 
[2024-10-14T10:32:10.185830][INFO][seed42] 
[P([3]) [0.823, 0.177], P([2]) [0.0, 0.237, 0.018, 0.004, 0.019, 0.722], P([1, 3]) [1.0, 0.0, 0.0, 1.0], P([0, 1, 2]) [1.0, 0.0, 0.0, 0.0, 0.0, 1.0, 0.0, 1.0, 0.0, 1.0, 0.0, 0.0, 0.0, 1.0, 0.0, 0.0, 1.0, 0.0, 0.0, 1.0, 0.0, 0.0, 0.0, 1.0, 0.0, 0.0, 1.0, 1.0, 0.0, 0.0, 0.0, 0.0, 1.0, 0.0, 1.0, 0.0]]

[2024-10-14T10:32:10.181939][INFO][seed68] PS(V1,V0) in [0.0, 0.0]
[2024-10-14T10:32:10.182304][INFO][seed68] No feasible solution... resampling
[2024-10-14T10:32:10.197905][INFO][seed25] Sampled 8000 data instances
[2024-10-14T10:32:10.198145][INFO][seed25] Starting exact inference 
[2024-10-14T10:32:10.212947][INFO][seed64] Sampled 7200 data instances
[2024-10-14T10:32:10.213230][INFO][seed64] Starting exact inference 
[2024-10-14T10:32:10.215312][INFO][seed63] Sampled 1000 data instances
[2024-10-14T10:32:10.215404][INFO][seed63] Starting exact inference 
[2024-10-14T10:32:10.216737][INFO][seed146] Sampled 1200 data instances
[2024-10-14T10:32:10.218692][INFO][seed4] PS(V1,V0) in [0.0, 0.0]
[2024-10-14T10:32:10.219566][INFO][seed4] No feasible solution... resampling
[2024-10-14T10:32:10.225078][INFO][seed35] U cardinality: 9
[2024-10-14T10:32:10.227210][INFO][seed146] Starting exact inference 
[2024-10-14T10:32:10.232482][INFO][seed35] !0 = [0, 2, 4, 6, 7]
[2024-10-14T10:32:10.233][INFO][seed35] 0 = [1, 3, 5, 8]
[2024-10-14T10:32:10.238541][INFO][seed35] Dropping state 8
[2024-10-14T10:32:10.239030][INFO][seed198] Sampled 1000 data instances
[2024-10-14T10:32:10.239287][INFO][seed198] Starting exact inference 
[2024-10-14T10:32:10.240186][INFO][seed35] Dropping state 3
[2024-10-14T10:32:10.241675][INFO][seed35] Dropping state 1
[2024-10-14T10:32:10.242277][INFO][seed68] Sampled 8300 data instances
[2024-10-14T10:32:10.242351][INFO][seed68] Starting exact inference 
[2024-10-14T10:32:10.243931][INFO][seed53] U cardinality: 9
[2024-10-14T10:32:10.244067][INFO][seed27] Sampled 1000 data instances
[2024-10-14T10:32:10.244326][INFO][seed27] Starting exact inference 
[2024-10-14T10:32:10.244537][INFO][seed35] U cardinality: 6
[2024-10-14T10:32:10.251646][INFO][seed53] !0 = [1, 3, 5, 7, 8]
[2024-10-14T10:32:10.252168][INFO][seed53] 0 = [0, 2, 4, 6]
[2024-10-14T10:32:10.247744][INFO][seed25] No feasible solution... resampling
[2024-10-14T10:32:10.258300][INFO][seed35] 
[P([3]) [0.613, 0.387], P([2]) [0.013, 0.016, 0.156, 0.0, 0.002, 0.813], P([1, 3]) [1.0, 0.0, 0.0, 1.0], P([0, 1, 2]) [1.0, 0.0, 0.0, 1.0, 0.0, 0.0, 1.0, 0.0, 0.0, 0.0, 0.0, 1.0, 0.0, 1.0, 0.0, 0.0, 1.0, 0.0, 0.0, 1.0, 0.0, 0.0, 0.0, 1.0, 0.0, 0.0, 1.0, 1.0, 0.0, 0.0, 0.0, 0.0, 1.0, 0.0, 1.0, 0.0]]

[2024-10-14T10:32:10.260503][INFO][seed53] Dropping state 6
[2024-10-14T10:32:10.262192][INFO][seed53] Dropping state 4
[2024-10-14T10:32:10.262896][INFO][seed53] Dropping state 0
[2024-10-14T10:32:10.266385][INFO][seed53] U cardinality: 6
[2024-10-14T10:32:10.258585][INFO][seed34] No feasible solution... resampling
[2024-10-14T10:32:10.276037][INFO][seed4] Sampled 3300 data instances
[2024-10-14T10:32:10.276929][INFO][seed4] Starting exact inference 
[2024-10-14T10:32:10.276577][INFO][seed64] PS(V1,V0) in [0.0, 0.0]
[2024-10-14T10:32:10.277103][INFO][seed68] PS(V1,V0) in [0.0, 0.0]
[2024-10-14T10:32:10.277436][INFO][seed68] No feasible solution... resampling
[2024-10-14T10:32:10.287661][INFO][seed53] 
[P([3]) [0.566, 0.434], P([2]) [0.777, 0.0, 0.001, 0.011, 0.148, 0.063], P([1, 3]) [1.0, 0.0, 0.0, 1.0], P([0, 1, 2]) [1.0, 0.0, 0.0, 0.0, 1.0, 0.0, 1.0, 0.0, 0.0, 0.0, 0.0, 1.0, 0.0, 1.0, 0.0, 1.0, 0.0, 0.0, 0.0, 1.0, 0.0, 0.0, 0.0, 1.0, 0.0, 0.0, 1.0, 0.0, 1.0, 0.0, 0.0, 0.0, 1.0, 0.0, 0.0, 1.0]]

[2024-10-14T10:32:10.282263][INFO][seed64] No feasible solution... resampling
[2024-10-14T10:32:10.294372][INFO][seed34] Sampled 4100 data instances
[2024-10-14T10:32:10.307106][INFO][seed25] Sampled 8100 data instances
[2024-10-14T10:32:10.307201][INFO][seed25] Starting exact inference 
[2024-10-14T10:32:10.309003][INFO][seed34] Starting exact inference 
[2024-10-14T10:32:10.321081][INFO][seed125] Sampled 1000 data instances
[2024-10-14T10:32:10.321393][INFO][seed125] Starting exact inference 
[2024-10-14T10:32:10.340892][INFO][seed4] PS(V1,V0) in [0.0, 0.0]
[2024-10-14T10:32:10.342538][INFO][seed64] Sampled 7300 data instances
[2024-10-14T10:32:10.342813][INFO][seed64] Starting exact inference 
[2024-10-14T10:32:10.345002][INFO][seed4] No feasible solution... resampling
[2024-10-14T10:32:10.345560][INFO][seed68] Sampled 8400 data instances
[2024-10-14T10:32:10.345762][INFO][seed68] Starting exact inference 
[2024-10-14T10:32:10.345694][INFO][seed25] No feasible solution... resampling
[2024-10-14T10:32:10.356454][INFO][seed106] Sampled 1000 data instances
[2024-10-14T10:32:10.356703][INFO][seed106] Starting exact inference 
[2024-10-14T10:32:10.353464][INFO][seed146] No feasible solution... resampling
[2024-10-14T10:32:10.375352][INFO][seed68] PS(V1,V0) in [0.0, 0.0]
[2024-10-14T10:32:10.375686][INFO][seed68] No feasible solution... resampling
[2024-10-14T10:32:10.379309][INFO][seed34] No feasible solution... resampling
[2024-10-14T10:32:10.388470][INFO][seed42] Sampled 1000 data instances
[2024-10-14T10:32:10.388564][INFO][seed42] Starting exact inference 
[2024-10-14T10:32:10.410696][INFO][seed4] Sampled 3400 data instances
[2024-10-14T10:32:10.410933][INFO][seed4] Starting exact inference 
[2024-10-14T10:32:10.407625][INFO][seed25] Sampled 8200 data instances
[2024-10-14T10:32:10.403165][INFO][seed64] PS(V1,V0) in [0.0, 0.0]
[2024-10-14T10:32:10.403733][INFO][seed64] No feasible solution... resampling
[2024-10-14T10:32:10.407721][INFO][seed25] Starting exact inference 
[2024-10-14T10:32:10.419246][INFO][seed34] Sampled 4200 data instances
[2024-10-14T10:32:10.419461][INFO][seed34] Starting exact inference 
[2024-10-14T10:32:10.426129][INFO][seed146] Sampled 1300 data instances
[2024-10-14T10:32:10.426391][INFO][seed146] Starting exact inference 
Error in variable: 2
[2024-10-14T10:32:10.435226][INFO][seed128] No feasible solution... resampling
[2024-10-14T10:32:10.437201][INFO][seed68] Sampled 8500 data instances
[2024-10-14T10:32:10.437277][INFO][seed68] Starting exact inference 
[2024-10-14T10:32:10.447399][INFO][seed35] Sampled 1000 data instances
[2024-10-14T10:32:10.447693][INFO][seed35] Starting exact inference 
[2024-10-14T10:32:10.450228][INFO][seed25] No feasible solution... resampling
[2024-10-14T10:32:10.467914][INFO][seed68] PS(V1,V0) in [0.0, 0.0]
[2024-10-14T10:32:10.468258][INFO][seed68] No feasible solution... resampling
[2024-10-14T10:32:10.479221][INFO][seed64] Sampled 7400 data instances
[2024-10-14T10:32:10.479506][INFO][seed64] Starting exact inference 
[2024-10-14T10:32:10.482949][INFO][seed34] No feasible solution... resampling
[2024-10-14T10:32:10.486382][INFO][seed4] PS(V1,V0) in [0.0, 0.0]
[2024-10-14T10:32:10.487041][INFO][seed4] No feasible solution... resampling
[2024-10-14T10:32:10.498114][INFO][seed53] Sampled 1000 data instances
[2024-10-14T10:32:10.498360][INFO][seed53] Starting exact inference 
[2024-10-14T10:32:10.511026][INFO][seed25] Sampled 8300 data instances
[2024-10-14T10:32:10.511117][INFO][seed25] Starting exact inference 
[2024-10-14T10:32:10.519266][INFO][seed128] Sampled 1100 data instances
[2024-10-14T10:32:10.519605][INFO][seed128] Starting exact inference 
[2024-10-14T10:32:10.520343][INFO][seed34] Sampled 4300 data instances
[2024-10-14T10:32:10.520434][INFO][seed34] Starting exact inference 
[2024-10-14T10:32:10.527859][INFO][seed4] Sampled 3500 data instances
[2024-10-14T10:32:10.526588][INFO][seed64] PS(V1,V0) in [0.0, 0.0]
[2024-10-14T10:32:10.527043][INFO][seed64] No feasible solution... resampling
[2024-10-14T10:32:10.533356][INFO][seed68] Sampled 8600 data instances
[2024-10-14T10:32:10.533437][INFO][seed68] Starting exact inference 
[2024-10-14T10:32:10.537083][INFO][seed4] Starting exact inference 
[2024-10-14T10:32:10.539776][INFO][seed60] PS(V1,V0) in [0.0, 0.0]
[2024-10-14T10:32:10.543841][INFO][seed146] No feasible solution... resampling
[2024-10-14T10:32:10.543466][INFO][seed25] No feasible solution... resampling
[2024-10-14T10:32:10.558948][INFO][seed60] No feasible solution... resampling
[2024-10-14T10:32:10.561550][INFO][seed34] No feasible solution... resampling
[2024-10-14T10:32:10.561424][INFO][seed68] PS(V1,V0) in [0.0, 0.0]
[2024-10-14T10:32:10.561752][INFO][seed68] No feasible solution... resampling
[2024-10-14T10:32:10.588781][INFO][seed64] Sampled 7500 data instances
[2024-10-14T10:32:10.589007][INFO][seed64] Starting exact inference 
[2024-10-14T10:32:10.591432][INFO][seed146] Sampled 1400 data instances
[2024-10-14T10:32:10.591684][INFO][seed146] Starting exact inference 
[2024-10-14T10:32:10.595770][INFO][seed34] Sampled 4400 data instances
[2024-10-14T10:32:10.595854][INFO][seed34] Starting exact inference 
[2024-10-14T10:32:10.604872][INFO][seed25] Sampled 8400 data instances
[2024-10-14T10:32:10.605217][INFO][seed25] Starting exact inference 
[2024-10-14T10:32:10.611966][INFO][seed4] PS(V1,V0) in [0.0, 0.0]
[2024-10-14T10:32:10.612555][INFO][seed4] No feasible solution... resampling
[2024-10-14T10:32:10.629492][INFO][seed60] Sampled 1100 data instances
[2024-10-14T10:32:10.629733][INFO][seed60] Starting exact inference 
[2024-10-14T10:32:10.630092][INFO][seed68] Sampled 8700 data instances
[2024-10-14T10:32:10.630303][INFO][seed68] Starting exact inference 
[2024-10-14T10:32:10.643831][INFO][seed64] PS(V1,V0) in [0.0, 0.0]
[2024-10-14T10:32:10.644298][INFO][seed64] No feasible solution... resampling
[2024-10-14T10:32:10.650253][INFO][seed25] No feasible solution... resampling
[2024-10-14T10:32:10.655724][INFO][seed34] No feasible solution... resampling
[2024-10-14T10:32:10.660001][INFO][seed4] Sampled 3600 data instances
Error in variable: 2
[2024-10-14T10:32:10.667583][INFO][seed128] No feasible solution... resampling
[2024-10-14T10:32:10.673060][INFO][seed4] Starting exact inference 
[2024-10-14T10:32:10.690049][INFO][seed34] Sampled 4500 data instances
[2024-10-14T10:32:10.690133][INFO][seed34] Starting exact inference 
[2024-10-14T10:32:10.689965][INFO][seed68] PS(V1,V0) in [0.0, 0.0]
[2024-10-14T10:32:10.690308][INFO][seed68] No feasible solution... resampling
[2024-10-14T10:32:10.706027][INFO][seed146] No feasible solution... resampling
[2024-10-14T10:32:10.713324][INFO][seed64] Sampled 7600 data instances
[2024-10-14T10:32:10.713604][INFO][seed64] Starting exact inference 
[2024-10-14T10:32:10.717088][INFO][seed25] Sampled 8500 data instances
[2024-10-14T10:32:10.717352][INFO][seed25] Starting exact inference 
[2024-10-14T10:32:10.721005][INFO][seed128] Sampled 1200 data instances
[2024-10-14T10:32:10.721247][INFO][seed128] Starting exact inference 
[2024-10-14T10:32:10.730100][INFO][seed4] No feasible solution... resampling
[2024-10-14T10:32:10.745576][INFO][seed146] Sampled 1500 data instances
[2024-10-14T10:32:10.747159][INFO][seed146] Starting exact inference 
[2024-10-14T10:32:10.754163][INFO][seed68] Sampled 8800 data instances
[2024-10-14T10:32:10.754237][INFO][seed68] Starting exact inference 
[2024-10-14T10:32:10.751250][INFO][seed64] PS(V1,V0) in [0.0, 0.0]
[2024-10-14T10:32:10.751746][INFO][seed64] No feasible solution... resampling
[2024-10-14T10:32:10.764656][INFO][seed60] PS(V1,V0) in [0.0, 0.0]
[2024-10-14T10:32:10.767510][INFO][seed60] No feasible solution... resampling
[2024-10-14T10:32:10.774912][INFO][seed4] Sampled 3700 data instances
[2024-10-14T10:32:10.771667][INFO][seed34] No feasible solution... resampling
[2024-10-14T10:32:10.779350][INFO][seed4] Starting exact inference 
[2024-10-14T10:32:10.779203][INFO][seed25] No feasible solution... resampling
[2024-10-14T10:32:10.812056][INFO][seed34] Sampled 4600 data instances
[2024-10-14T10:32:10.812333][INFO][seed34] Starting exact inference 
Error in variable: 2
[2024-10-14T10:32:10.817558][INFO][seed128] No feasible solution... resampling
[2024-10-14T10:32:10.824352][INFO][seed64] Sampled 7700 data instances
[2024-10-14T10:32:10.824570][INFO][seed64] Starting exact inference 
[2024-10-14T10:32:10.823013][INFO][seed68] PS(V1,V0) in [0.0, 0.0]
[2024-10-14T10:32:10.823406][INFO][seed68] No feasible solution... resampling
[2024-10-14T10:32:10.842074][INFO][seed25] Sampled 8600 data instances
[2024-10-14T10:32:10.842158][INFO][seed25] Starting exact inference 
[2024-10-14T10:32:10.844535][INFO][seed60] Sampled 1200 data instances
[2024-10-14T10:32:10.844761][INFO][seed60] Starting exact inference 
[2024-10-14T10:32:10.847294][INFO][seed146] No feasible solution... resampling
[2024-10-14T10:32:10.846045][INFO][seed34] No feasible solution... resampling
[2024-10-14T10:32:10.856297][INFO][seed4] PS(V1,V0) in [0.0, 0.0]
[2024-10-14T10:32:10.856902][INFO][seed4] No feasible solution... resampling
[2024-10-14T10:32:10.861093][INFO][seed64] PS(V1,V0) in [0.0, 0.0]
[2024-10-14T10:32:10.861586][INFO][seed64] No feasible solution... resampling
[2024-10-14T10:32:10.871129][INFO][seed128] Sampled 1300 data instances
[2024-10-14T10:32:10.871363][INFO][seed128] Starting exact inference 
[2024-10-14T10:32:10.881935][INFO][seed34] Sampled 4700 data instances
[2024-10-14T10:32:10.882018][INFO][seed34] Starting exact inference 
[2024-10-14T10:32:10.880114][INFO][seed25] No feasible solution... resampling
[2024-10-14T10:32:10.889056][INFO][seed146] Sampled 1600 data instances
[2024-10-14T10:32:10.893849][INFO][seed68] Sampled 8900 data instances
[2024-10-14T10:32:10.894069][INFO][seed68] Starting exact inference 
[2024-10-14T10:32:10.901053][INFO][seed4] Sampled 3800 data instances
[2024-10-14T10:32:10.902188][INFO][seed146] Starting exact inference 
[2024-10-14T10:32:10.914369][INFO][seed4] Starting exact inference 
[2024-10-14T10:32:10.909959][INFO][seed34] No feasible solution... resampling
[2024-10-14T10:32:10.929428][INFO][seed64] Sampled 7800 data instances
[2024-10-14T10:32:10.929657][INFO][seed64] Starting exact inference 
[2024-10-14T10:32:10.927016][INFO][seed68] PS(V1,V0) in [0.0, 0.0]
[2024-10-14T10:32:10.927387][INFO][seed68] No feasible solution... resampling
[2024-10-14T10:32:10.944026][INFO][seed25] Sampled 8700 data instances
[2024-10-14T10:32:10.945710][INFO][seed34] Sampled 4800 data instances
[2024-10-14T10:32:10.945779][INFO][seed34] Starting exact inference 
[2024-10-14T10:32:10.944118][INFO][seed25] Starting exact inference 
Error in variable: 2
[2024-10-14T10:32:10.963114][INFO][seed118] No feasible solution... resampling
[2024-10-14T10:32:10.977013][INFO][seed60] PS(V1,V0) in [0.0, 0.0]
[2024-10-14T10:32:10.978119][INFO][seed60] No feasible solution... resampling
[2024-10-14T10:32:10.990433][INFO][seed64] PS(V1,V0) in [0.0, 0.0]
[2024-10-14T10:32:10.991097][INFO][seed64] No feasible solution... resampling
[2024-10-14T10:32:10.994482][INFO][seed68] Sampled 9000 data instances
[2024-10-14T10:32:10.994566][INFO][seed68] Starting exact inference 
[2024-10-14T10:32:10.990241][INFO][seed25] No feasible solution... resampling
[2024-10-14T10:32:10.991028][INFO][seed34] No feasible solution... resampling
[2024-10-14T10:32:10.971886][INFO][seed96] Set up logging
[2024-10-14T10:32:10.996813][INFO][seed96] args: -np;1;-nzr;0.6;-zdr;0.5;-o;/mnt/beegfs/rcabanas/dev/credici/papers/zeros/models/s3;-rw;-s;96;-ys;3
[2024-10-14T10:32:11.001955][INFO][seed146] No feasible solution... resampling
[2024-10-14T10:32:10.998224][INFO][seed4] PS(V1,V0) in [0.0, 0.0]
[2024-10-14T10:32:10.998799][INFO][seed4] No feasible solution... resampling
[2024-10-14T10:32:11.008215][INFO][seed96] Starting logger with seed 96
[2024-10-14T10:32:11.014378][INFO][seed96] simple_nparents1_nzr06_zdr05_ysize3_96
[2024-10-14T10:32:11.022658][INFO][seed60] Sampled 1300 data instances
[2024-10-14T10:32:11.023005][INFO][seed60] Starting exact inference 
[2024-10-14T10:32:11.025802][INFO][seed118] Sampled 1100 data instances
[2024-10-14T10:32:11.026082][INFO][seed118] Starting exact inference 
[2024-10-14T10:32:11.028125][INFO][seed34] Sampled 4900 data instances
[2024-10-14T10:32:11.028869][INFO][seed34] Starting exact inference 
[2024-10-14T10:32:11.026766][INFO][seed68] PS(V1,V0) in [0.0, 0.0]
[2024-10-14T10:32:11.027104][INFO][seed68] No feasible solution... resampling
[2024-10-14T10:32:11.040253][INFO][seed146] Sampled 1700 data instances
[2024-10-14T10:32:11.045880][INFO][seed4] Sampled 3900 data instances
[2024-10-14T10:32:11.051646][INFO][seed4] Starting exact inference 
[2024-10-14T10:32:11.055490][INFO][seed25] Sampled 8800 data instances
[2024-10-14T10:32:11.055577][INFO][seed25] Starting exact inference 
[2024-10-14T10:32:11.055596][INFO][seed64] Sampled 7900 data instances
[2024-10-14T10:32:11.055807][INFO][seed64] Starting exact inference 
[2024-10-14T10:32:11.057193][INFO][seed128] PS(V1,V0) in [0.970410145093111, 1.0]
[2024-10-14T10:32:11.060197][INFO][seed146] Starting exact inference 
[2024-10-14T10:32:11.074274][INFO][seed119] PS(V1,V0) in [0.0, 0.0]
[2024-10-14T10:32:11.072084][INFO][seed34] No feasible solution... resampling
[2024-10-14T10:32:11.063992][INFO][seed128] PN(V1,V0) in [0.9368037939781626, 0.9653689202602845] 
[2024-10-14T10:32:11.094401][INFO][seed119] No feasible solution... resampling
[2024-10-14T10:32:11.104086][INFO][seed68] Sampled 9100 data instances
[2024-10-14T10:32:11.104191][INFO][seed68] Starting exact inference 
[2024-10-14T10:32:11.104489][INFO][seed128] Saved data to: /mnt/beegfs/rcabanas/dev/credici/papers/zeros/models/s3/simple_nparents1_nzr06_zdr05_ysize3_128.csv
[2024-10-14T10:32:11.115792][INFO][seed34] Sampled 5000 data instances
[2024-10-14T10:32:11.116048][INFO][seed34] Starting exact inference 
[2024-10-14T10:32:11.129481][INFO][seed128] Saved model to: /mnt/beegfs/rcabanas/dev/credici/papers/zeros/models/s3/simple_nparents1_nzr06_zdr05_ysize3_128.uai
[2024-10-14T10:32:11.130764][INFO][seed25] No feasible solution... resampling
[2024-10-14T10:32:11.135677][INFO][seed128] Saved queries to: /mnt/beegfs/rcabanas/dev/credici/papers/zeros/models/s3/simple_nparents1_nzr06_zdr05_ysize3_128_query.csv
[2024-10-14T10:32:11.135775][INFO][seed128] Closing log file
[2024-10-14T10:32:11.135802][INFO][seed128] Closed log file
[2024-10-14T10:32:11.123561][INFO][seed64] PS(V1,V0) in [0.0, 0.0]
[2024-10-14T10:32:11.123973][INFO][seed64] No feasible solution... resampling
[2024-10-14T10:32:11.127524][INFO][seed4] PS(V1,V0) in [0.0, 0.0]
[2024-10-14T10:32:11.128087][INFO][seed4] No feasible solution... resampling
[2024-10-14T10:32:11.137979][INFO][seed60] PS(V1,V0) in [0.0, 0.0]
[2024-10-14T10:32:11.139067][INFO][seed60] No feasible solution... resampling
[2024-10-14T10:32:11.153100][INFO][seed146] No feasible solution... resampling
[2024-10-14T10:32:11.149158][INFO][seed34] No feasible solution... resampling
[2024-10-14T10:32:11.154979][INFO][seed31] No feasible solution... resampling
[2024-10-14T10:32:11.164371][INFO][seed119] Sampled 1100 data instances
[2024-10-14T10:32:11.177077][INFO][seed119] Starting exact inference 
[2024-10-14T10:32:11.172703][INFO][seed68] PS(V1,V0) in [0.0, 0.0]
[2024-10-14T10:32:11.173037][INFO][seed68] No feasible solution... resampling
[2024-10-14T10:32:11.186988][INFO][seed34] Sampled 5100 data instances
[2024-10-14T10:32:11.186676][INFO][seed4] Sampled 4000 data instances
[2024-10-14T10:32:11.187062][INFO][seed34] Starting exact inference 
[2024-10-14T10:32:11.187366][INFO][seed60] Sampled 1400 data instances
[2024-10-14T10:32:11.187183][INFO][seed4] Starting exact inference 
[2024-10-14T10:32:11.187602][INFO][seed60] Starting exact inference 
[2024-10-14T10:32:11.196557][INFO][seed25] Sampled 8900 data instances
[2024-10-14T10:32:11.196658][INFO][seed25] Starting exact inference 
[2024-10-14T10:32:11.201412][INFO][seed146] Sampled 1800 data instances
[2024-10-14T10:32:11.209975][INFO][seed146] Starting exact inference 
[2024-10-14T10:32:11.230596][INFO][seed34] No feasible solution... resampling
[2024-10-14T10:32:11.243381][INFO][seed68] Sampled 9200 data instances
[2024-10-14T10:32:11.243586][INFO][seed68] Starting exact inference 
[2024-10-14T10:32:11.245832][INFO][seed31] Sampled 1100 data instances
[2024-10-14T10:32:11.254834][INFO][seed64] Sampled 8000 data instances
[2024-10-14T10:32:11.255036][INFO][seed64] Starting exact inference 
[2024-10-14T10:32:11.257076][INFO][seed31] Starting exact inference 
[2024-10-14T10:32:11.260494][INFO][seed63] PS(V1,V0) in [0.0, 0.4571428571428572]
[2024-10-14T10:32:11.258995][INFO][seed4] PS(V1,V0) in [0.0, 0.0]
[2024-10-14T10:32:11.259645][INFO][seed4] No feasible solution... resampling
[2024-10-14T10:32:11.268313][INFO][seed63] PN(V1,V0) in [0.0, 1.0] 
[2024-10-14T10:32:11.269812][INFO][seed34] Sampled 5200 data instances
[2024-10-14T10:32:11.269888][INFO][seed34] Starting exact inference 
Error in variable: 2
[2024-10-14T10:32:11.267661][INFO][seed146] No feasible solution... resampling
[2024-10-14T10:32:11.273227][INFO][seed25] No feasible solution... resampling
[2024-10-14T10:32:11.277159][INFO][seed96] U cardinality: 9
[2024-10-14T10:32:11.280966][INFO][seed60] PS(V1,V0) in [0.0, 0.0]
[2024-10-14T10:32:11.282047][INFO][seed60] No feasible solution... resampling
[2024-10-14T10:32:11.283550][INFO][seed96] !0 = [2, 4, 5, 6, 8]
[2024-10-14T10:32:11.284802][INFO][seed96] 0 = [0, 1, 3, 7]
[2024-10-14T10:32:11.284125][INFO][seed118] PS(V1,V0) in [0.22852314336682, 0.2521359496760867]
[2024-10-14T10:32:11.284326][INFO][seed162] No feasible solution... resampling
[2024-10-14T10:32:11.280511][INFO][seed68] PS(V1,V0) in [0.0, 0.0]
[2024-10-14T10:32:11.280875][INFO][seed68] No feasible solution... resampling
Error in variable: 2
[2024-10-14T10:32:11.289183][INFO][seed106] No feasible solution... resampling
[2024-10-14T10:32:11.294264][INFO][seed96] Dropping state 7
[2024-10-14T10:32:11.295548][INFO][seed96] Dropping state 1
[2024-10-14T10:32:11.296776][INFO][seed4] Sampled 4100 data instances
[2024-10-14T10:32:11.297053][INFO][seed4] Starting exact inference 
[2024-10-14T10:32:11.297207][INFO][seed63] Saved data to: /mnt/beegfs/rcabanas/dev/credici/papers/zeros/models/s3/simple_nparents1_nzr06_zdr05_ysize3_63.csv
[2024-10-14T10:32:11.298447][INFO][seed96] U cardinality: 7
[2024-10-14T10:32:11.298641][INFO][seed118] PN(V1,V0) in [0.9063489108173525, 1.0] 
[2024-10-14T10:32:11.307862][INFO][seed64] PS(V1,V0) in [0.0, 0.0]
[2024-10-14T10:32:11.308380][INFO][seed64] No feasible solution... resampling
[2024-10-14T10:32:11.318206][INFO][seed96] 
[P([3]) [0.192, 0.808], P([2]) [0.0, 0.011, 0.0, 0.01, 0.004, 0.662, 0.313], P([1, 3]) [1.0, 0.0, 0.0, 1.0], P([0, 1, 2]) [1.0, 0.0, 0.0, 1.0, 0.0, 0.0, 1.0, 0.0, 0.0, 0.0, 0.0, 1.0, 0.0, 1.0, 0.0, 1.0, 0.0, 0.0, 0.0, 1.0, 0.0, 0.0, 1.0, 0.0, 0.0, 1.0, 0.0, 0.0, 0.0, 1.0, 0.0, 0.0, 1.0, 1.0, 0.0, 0.0, 0.0, 0.0, 1.0, 0.0, 0.0, 1.0]]

[2024-10-14T10:32:11.319992][INFO][seed146] Sampled 1900 data instances
[2024-10-14T10:32:11.320239][INFO][seed146] Starting exact inference 
[2024-10-14T10:32:11.322638][INFO][seed63] Saved model to: /mnt/beegfs/rcabanas/dev/credici/papers/zeros/models/s3/simple_nparents1_nzr06_zdr05_ysize3_63.uai
[2024-10-14T10:32:11.327858][INFO][seed63] Saved queries to: /mnt/beegfs/rcabanas/dev/credici/papers/zeros/models/s3/simple_nparents1_nzr06_zdr05_ysize3_63_query.csv
[2024-10-14T10:32:11.328137][INFO][seed63] Closing log file
[2024-10-14T10:32:11.328542][INFO][seed60] Sampled 1500 data instances
[2024-10-14T10:32:11.328223][INFO][seed63] Closed log file
[2024-10-14T10:32:11.334268][INFO][seed198] PS(V1,V0) in [0.4255187747035573, 0.4255187747035573]
[2024-10-14T10:32:11.339988][INFO][seed198] PN(V1,V0) in [0.03613042611878468, 0.03613042611878468] 
[2024-10-14T10:32:11.340988][INFO][seed60] Starting exact inference 
[2024-10-14T10:32:11.345649][INFO][seed25] Sampled 9000 data instances
[2024-10-14T10:32:11.346221][INFO][seed118] Saved data to: /mnt/beegfs/rcabanas/dev/credici/papers/zeros/models/s3/simple_nparents1_nzr06_zdr05_ysize3_118.csv
[2024-10-14T10:32:11.345893][INFO][seed25] Starting exact inference 
[2024-10-14T10:32:11.347961][INFO][seed162] Sampled 1100 data instances
[2024-10-14T10:32:11.348634][INFO][seed162] Starting exact inference 
[2024-10-14T10:32:11.349583][INFO][seed68] Sampled 9300 data instances
[2024-10-14T10:32:11.349669][INFO][seed68] Starting exact inference 
[2024-10-14T10:32:11.349398][INFO][seed119] PS(V1,V0) in [0.0, 0.007104348264221294]
[2024-10-14T10:32:11.354769][INFO][seed119] PN(V1,V0) in [0.0, 1.0] 
[2024-10-14T10:32:11.362038][INFO][seed118] Saved model to: /mnt/beegfs/rcabanas/dev/credici/papers/zeros/models/s3/simple_nparents1_nzr06_zdr05_ysize3_118.uai
[2024-10-14T10:32:11.359203][INFO][seed34] No feasible solution... resampling
[2024-10-14T10:32:11.365071][INFO][seed27] PS(V1,V0) in [0.6651570657974442, 0.6651570657974443]
[2024-10-14T10:32:11.366988][INFO][seed118] Saved queries to: /mnt/beegfs/rcabanas/dev/credici/papers/zeros/models/s3/simple_nparents1_nzr06_zdr05_ysize3_118_query.csv
[2024-10-14T10:32:11.367210][INFO][seed118] Closing log file
[2024-10-14T10:32:11.367297][INFO][seed118] Closed log file
[2024-10-14T10:32:11.371342][INFO][seed27] PN(V1,V0) in [1.0, 1.0] 
[2024-10-14T10:32:11.373134][INFO][seed106] Sampled 1100 data instances
[2024-10-14T10:32:11.373418][INFO][seed106] Starting exact inference 
[2024-10-14T10:32:11.377272][INFO][seed198] Saved data to: /mnt/beegfs/rcabanas/dev/credici/papers/zeros/models/s3/simple_nparents1_nzr06_zdr05_ysize3_198.csv
[2024-10-14T10:32:11.378332][INFO][seed4] PS(V1,V0) in [0.0, 0.0]
[2024-10-14T10:32:11.378853][INFO][seed4] No feasible solution... resampling
Error in variable: 2
[2024-10-14T10:32:11.382544][INFO][seed53] No feasible solution... resampling
[2024-10-14T10:32:11.386781][INFO][seed125] PS(V1,V0) in [0.0, 0.013194337133143939]
[2024-10-14T10:32:11.390913][INFO][seed125] PN(V1,V0) in [0.0, 1.0] 
[2024-10-14T10:32:11.390127][INFO][seed68] PS(V1,V0) in [0.0, 0.0]
[2024-10-14T10:32:11.390461][INFO][seed68] No feasible solution... resampling
[2024-10-14T10:32:11.396375][INFO][seed119] Saved data to: /mnt/beegfs/rcabanas/dev/credici/papers/zeros/models/s3/simple_nparents1_nzr06_zdr05_ysize3_119.csv
[2024-10-14T10:32:11.397759][INFO][seed198] Saved model to: /mnt/beegfs/rcabanas/dev/credici/papers/zeros/models/s3/simple_nparents1_nzr06_zdr05_ysize3_198.uai
[2024-10-14T10:32:11.401270][INFO][seed31] No feasible solution... resampling
[2024-10-14T10:32:11.403198][INFO][seed198] Saved queries to: /mnt/beegfs/rcabanas/dev/credici/papers/zeros/models/s3/simple_nparents1_nzr06_zdr05_ysize3_198_query.csv
[2024-10-14T10:32:11.403471][INFO][seed198] Closing log file
[2024-10-14T10:32:11.403556][INFO][seed198] Closed log file
[2024-10-14T10:32:11.409306][INFO][seed119] Saved model to: /mnt/beegfs/rcabanas/dev/credici/papers/zeros/models/s3/simple_nparents1_nzr06_zdr05_ysize3_119.uai
[2024-10-14T10:32:11.410581][INFO][seed34] Sampled 5300 data instances
[2024-10-14T10:32:11.413599][INFO][seed119] Saved queries to: /mnt/beegfs/rcabanas/dev/credici/papers/zeros/models/s3/simple_nparents1_nzr06_zdr05_ysize3_119_query.csv
[2024-10-14T10:32:11.413822][INFO][seed119] Closing log file
[2024-10-14T10:32:11.413904][INFO][seed119] Closed log file
[2024-10-14T10:32:11.411826][INFO][seed146] No feasible solution... resampling
[2024-10-14T10:32:11.417288][INFO][seed27] Saved data to: /mnt/beegfs/rcabanas/dev/credici/papers/zeros/models/s3/simple_nparents1_nzr06_zdr05_ysize3_27.csv
[2024-10-14T10:32:11.424582][INFO][seed60] PS(V1,V0) in [0.0, 0.0]
[2024-10-14T10:32:11.426323][INFO][seed60] No feasible solution... resampling
[2024-10-14T10:32:11.430291][INFO][seed27] Saved model to: /mnt/beegfs/rcabanas/dev/credici/papers/zeros/models/s3/simple_nparents1_nzr06_zdr05_ysize3_27.uai
[2024-10-14T10:32:11.430998][INFO][seed34] Starting exact inference 
[2024-10-14T10:32:11.431537][INFO][seed64] Sampled 8100 data instances
[2024-10-14T10:32:11.431744][INFO][seed64] Starting exact inference 
[2024-10-14T10:32:11.434256][INFO][seed27] Saved queries to: /mnt/beegfs/rcabanas/dev/credici/papers/zeros/models/s3/simple_nparents1_nzr06_zdr05_ysize3_27_query.csv
[2024-10-14T10:32:11.434537][INFO][seed27] Closing log file
[2024-10-14T10:32:11.434618][INFO][seed27] Closed log file
[2024-10-14T10:32:11.434434][INFO][seed125] Saved data to: /mnt/beegfs/rcabanas/dev/credici/papers/zeros/models/s3/simple_nparents1_nzr06_zdr05_ysize3_125.csv
[2024-10-14T10:32:11.435795][INFO][seed4] Sampled 4200 data instances
[2024-10-14T10:32:11.436047][INFO][seed4] Starting exact inference 
[2024-10-14T10:32:11.433154][INFO][seed25] No feasible solution... resampling
[2024-10-14T10:32:11.434759][INFO][seed42] No feasible solution... resampling
[2024-10-14T10:32:11.450692][INFO][seed146] Sampled 2000 data instances
[2024-10-14T10:32:11.455710][INFO][seed146] Starting exact inference 
[2024-10-14T10:32:11.457646][INFO][seed125] Saved model to: /mnt/beegfs/rcabanas/dev/credici/papers/zeros/models/s3/simple_nparents1_nzr06_zdr05_ysize3_125.uai
[2024-10-14T10:32:11.462035][INFO][seed125] Saved queries to: /mnt/beegfs/rcabanas/dev/credici/papers/zeros/models/s3/simple_nparents1_nzr06_zdr05_ysize3_125_query.csv
[2024-10-14T10:32:11.462281][INFO][seed125] Closing log file
[2024-10-14T10:32:11.462364][INFO][seed125] Closed log file
[2024-10-14T10:32:11.462920][INFO][seed68] Sampled 9400 data instances
[2024-10-14T10:32:11.463140][INFO][seed68] Starting exact inference 
[2024-10-14T10:32:11.466438][INFO][seed53] Sampled 1100 data instances
[2024-10-14T10:32:11.465104][INFO][seed64] PS(V1,V0) in [0.0, 0.0]
[2024-10-14T10:32:11.465499][INFO][seed64] No feasible solution... resampling
Error in variable: 2
[2024-10-14T10:32:11.467497][INFO][seed106] No feasible solution... resampling
[2024-10-14T10:32:11.473002][INFO][seed53] Starting exact inference 
[2024-10-14T10:32:11.482903][INFO][seed60] Sampled 1600 data instances
[2024-10-14T10:32:11.483291][INFO][seed60] Starting exact inference 
[2024-10-14T10:32:11.492858][INFO][seed31] Sampled 1200 data instances
[2024-10-14T10:32:11.500155][INFO][seed162] No feasible solution... resampling
[2024-10-14T10:32:11.499109][INFO][seed34] No feasible solution... resampling
[2024-10-14T10:32:11.510062][INFO][seed31] Starting exact inference 
[2024-10-14T10:32:11.508348][INFO][seed68] PS(V1,V0) in [0.0, 0.0]
[2024-10-14T10:32:11.508672][INFO][seed68] No feasible solution... resampling
[2024-10-14T10:32:11.515014][INFO][seed4] PS(V1,V0) in [0.0, 0.0]
[2024-10-14T10:32:11.515539][INFO][seed4] No feasible solution... resampling
[2024-10-14T10:32:11.521137][INFO][seed106] Sampled 1200 data instances
[2024-10-14T10:32:11.521365][INFO][seed106] Starting exact inference 
[2024-10-14T10:32:11.534295][INFO][seed35] PS(V1,V0) in [0.0, 0.0]
[2024-10-14T10:32:11.535395][INFO][seed96] Sampled 1000 data instances
[2024-10-14T10:32:11.535489][INFO][seed96] Starting exact inference 
[2024-10-14T10:32:11.537092][INFO][seed42] Sampled 1100 data instances
[2024-10-14T10:32:11.537364][INFO][seed42] Starting exact inference 
[2024-10-14T10:32:11.534270][INFO][seed146] No feasible solution... resampling
[2024-10-14T10:32:11.538536][INFO][seed64] Sampled 8200 data instances
[2024-10-14T10:32:11.538739][INFO][seed64] Starting exact inference 
[2024-10-14T10:32:11.545912][INFO][seed25] Sampled 9100 data instances
[2024-10-14T10:32:11.548110][INFO][seed25] Starting exact inference 
[2024-10-14T10:32:11.549822][INFO][seed34] Sampled 5400 data instances
[2024-10-14T10:32:11.550078][INFO][seed34] Starting exact inference 
[2024-10-14T10:32:11.553707][INFO][seed35] PN(V1,V0) in [0.0, 0.0] 
[2024-10-14T10:32:11.564479][INFO][seed162] Sampled 1200 data instances
[2024-10-14T10:32:11.564709][INFO][seed162] Starting exact inference 
[2024-10-14T10:32:11.565607][INFO][seed60] PS(V1,V0) in [0.0, 0.0]
[2024-10-14T10:32:11.566551][INFO][seed60] No feasible solution... resampling
[2024-10-14T10:32:11.572675][INFO][seed146] Sampled 2100 data instances
[2024-10-14T10:32:11.574183][INFO][seed4] Sampled 4300 data instances
[2024-10-14T10:32:11.574409][INFO][seed4] Starting exact inference 
['genn.py', '1', '0.6', '0.5', '199', '3']
[2024-10-14T10:32:11.577590][INFO][seed68] Sampled 9500 data instances
[2024-10-14T10:32:11.577670][INFO][seed68] Starting exact inference 
[2024-10-14T10:32:11.583082][INFO][seed146] Starting exact inference 
[2024-10-14T10:32:11.579848][INFO][seed64] PS(V1,V0) in [0.0, 0.0]
[2024-10-14T10:32:11.580266][INFO][seed64] No feasible solution... resampling
[2024-10-14T10:32:11.588242][INFO][seed35] Saved data to: /mnt/beegfs/rcabanas/dev/credici/papers/zeros/models/s3/simple_nparents1_nzr06_zdr05_ysize3_35.csv
[2024-10-14T10:32:11.579926][INFO][seed25] No feasible solution... resampling
[2024-10-14T10:32:11.599305][INFO][seed35] Saved model to: /mnt/beegfs/rcabanas/dev/credici/papers/zeros/models/s3/simple_nparents1_nzr06_zdr05_ysize3_35.uai
[2024-10-14T10:32:11.603162][INFO][seed35] Saved queries to: /mnt/beegfs/rcabanas/dev/credici/papers/zeros/models/s3/simple_nparents1_nzr06_zdr05_ysize3_35_query.csv
[2024-10-14T10:32:11.603383][INFO][seed35] Closing log file
[2024-10-14T10:32:11.603466][INFO][seed35] Closed log file
[2024-10-14T10:32:11.607119][INFO][seed34] No feasible solution... resampling
1 0.6 0.5 199
/mnt/beegfs/rcabanas/dev/credici/papers/zeros/code/GenerateNparents.java
[2024-10-14T10:32:11.626170][INFO][seed60] Sampled 1700 data instances
[2024-10-14T10:32:11.626393][INFO][seed60] Starting exact inference 
[2024-10-14T10:32:11.636440][INFO][seed31] No feasible solution... resampling
[2024-10-14T10:32:11.633355][INFO][seed4] PS(V1,V0) in [0.0, 0.0]
[2024-10-14T10:32:11.633944][INFO][seed4] No feasible solution... resampling
[2024-10-14T10:32:11.648424][INFO][seed34] Sampled 5500 data instances
[2024-10-14T10:32:11.648498][INFO][seed34] Starting exact inference 
[2024-10-14T10:32:11.650083][INFO][seed64] Sampled 8300 data instances
[2024-10-14T10:32:11.650281][INFO][seed64] Starting exact inference 
[2024-10-14T10:32:11.645966][INFO][seed68] PS(V1,V0) in [0.0, 0.0]
[2024-10-14T10:32:11.646303][INFO][seed68] No feasible solution... resampling
[2024-10-14T10:32:11.655634][INFO][seed25] Sampled 9200 data instances
[2024-10-14T10:32:11.655894][INFO][seed25] Starting exact inference 
[2024-10-14T10:32:11.661603][INFO][seed146] No feasible solution... resampling
[2024-10-14T10:32:11.679536][INFO][seed42] No feasible solution... resampling
[2024-10-14T10:32:11.682084][INFO][seed34] No feasible solution... resampling
[2024-10-14T10:32:11.693644][INFO][seed146] Sampled 2200 data instances
[2024-10-14T10:32:11.693099][INFO][seed25] No feasible solution... resampling
[2024-10-14T10:32:11.692340][INFO][seed64] PS(V1,V0) in [0.0, 0.0]
[2024-10-14T10:32:11.692738][INFO][seed64] No feasible solution... resampling
[2024-10-14T10:32:11.706185][INFO][seed146] Starting exact inference 
[2024-10-14T10:32:11.706477][INFO][seed106] No feasible solution... resampling
[2024-10-14T10:32:11.708180][INFO][seed4] Sampled 4400 data instances
[2024-10-14T10:32:11.713423][INFO][seed53] PS(V1,V0) in [0.9199389960877925, 1.0]
[2024-10-14T10:32:11.713108][INFO][seed162] No feasible solution... resampling
[2024-10-14T10:32:11.716272][INFO][seed31] Sampled 1300 data instances
[2024-10-14T10:32:11.717985][INFO][seed31] Starting exact inference 
[2024-10-14T10:32:11.718598][INFO][seed68] Sampled 9600 data instances
[2024-10-14T10:32:11.719414][INFO][seed4] Starting exact inference 
[2024-10-14T10:32:11.718686][INFO][seed68] Starting exact inference 
[2024-10-14T10:32:11.724596][INFO][seed34] Sampled 5600 data instances
[2024-10-14T10:32:11.724672][INFO][seed34] Starting exact inference 
[2024-10-14T10:32:11.725505][INFO][seed60] PS(V1,V0) in [0.0, 0.0]
[2024-10-14T10:32:11.727923][INFO][seed60] No feasible solution... resampling
[2024-10-14T10:32:11.733062][INFO][seed53] PN(V1,V0) in [0.7446593812396677, 0.8094660454730875] 
[2024-10-14T10:32:11.761419][INFO][seed25] Sampled 9300 data instances
[2024-10-14T10:32:11.761505][INFO][seed25] Starting exact inference 
[2024-10-14T10:32:11.760645][INFO][seed68] PS(V1,V0) in [0.0, 0.0]
[2024-10-14T10:32:11.760970][INFO][seed68] No feasible solution... resampling
[2024-10-14T10:32:11.765474][INFO][seed106] Sampled 1300 data instances
[2024-10-14T10:32:11.766070][INFO][seed64] Sampled 8400 data instances
[2024-10-14T10:32:11.765822][INFO][seed106] Starting exact inference 
[2024-10-14T10:32:11.766278][INFO][seed64] Starting exact inference 
[2024-10-14T10:32:11.769335][INFO][seed53] Saved data to: /mnt/beegfs/rcabanas/dev/credici/papers/zeros/models/s3/simple_nparents1_nzr06_zdr05_ysize3_53.csv
[2024-10-14T10:32:11.775781][INFO][seed162] Sampled 1300 data instances
[2024-10-14T10:32:11.776050][INFO][seed162] Starting exact inference 
[2024-10-14T10:32:11.777810][INFO][seed42] Sampled 1200 data instances
[2024-10-14T10:32:11.778076][INFO][seed42] Starting exact inference 
[2024-10-14T10:32:11.783030][INFO][seed53] Saved model to: /mnt/beegfs/rcabanas/dev/credici/papers/zeros/models/s3/simple_nparents1_nzr06_zdr05_ysize3_53.uai
['genn.py', '1', '0.6', '0.5', '69', '3']
[2024-10-14T10:32:11.786741][INFO][seed60] Sampled 1800 data instances
[2024-10-14T10:32:11.787531][INFO][seed60] Starting exact inference 
[2024-10-14T10:32:11.787995][INFO][seed53] Saved queries to: /mnt/beegfs/rcabanas/dev/credici/papers/zeros/models/s3/simple_nparents1_nzr06_zdr05_ysize3_53_query.csv
[2024-10-14T10:32:11.788226][INFO][seed53] Closing log file
[2024-10-14T10:32:11.788310][INFO][seed53] Closed log file
[2024-10-14T10:32:11.786907][INFO][seed146] No feasible solution... resampling
[2024-10-14T10:32:11.791136][INFO][seed4] PS(V1,V0) in [0.0, 0.0]
[2024-10-14T10:32:11.791591][INFO][seed4] No feasible solution... resampling
[2024-10-14T10:32:11.799302][INFO][seed34] No feasible solution... resampling
[2024-10-14T10:32:11.801986][INFO][seed25] No feasible solution... resampling
[2024-10-14T10:32:11.816258][INFO][seed64] PS(V1,V0) in [0.0, 0.0]
[2024-10-14T10:32:11.816838][INFO][seed64] No feasible solution... resampling
1 0.6 0.5 69
/mnt/beegfs/rcabanas/dev/credici/papers/zeros/code/GenerateNparents.java
[2024-10-14T10:32:11.834799][INFO][seed68] Sampled 9700 data instances
[2024-10-14T10:32:11.834999][INFO][seed68] Starting exact inference 
[2024-10-14T10:32:11.835064][INFO][seed31] No feasible solution... resampling
Error in variable: 2
[2024-10-14T10:32:11.834900][INFO][seed106] No feasible solution... resampling
[2024-10-14T10:32:11.837689][INFO][seed146] Sampled 2300 data instances
[2024-10-14T10:32:11.837901][INFO][seed146] Starting exact inference 
[2024-10-14T10:32:11.840906][INFO][seed34] Sampled 5700 data instances
[2024-10-14T10:32:11.840976][INFO][seed34] Starting exact inference 
[2024-10-14T10:32:11.847779][INFO][seed4] Sampled 4500 data instances
[2024-10-14T10:32:11.848019][INFO][seed4] Starting exact inference 
['genn.py', '1', '0.6', '0.5', '172', '3']
['genn.py', '1', '0.6', '0.5', '115', '3']
[2024-10-14T10:32:11.863841][INFO][seed60] PS(V1,V0) in [0.0, 0.0]
[2024-10-14T10:32:11.865507][INFO][seed60] No feasible solution... resampling
['genn.py', '1', '0.6', '0.5', '149', '3']
[2024-10-14T10:32:11.869893][INFO][seed68] PS(V1,V0) in [0.0, 0.0]
[2024-10-14T10:32:11.870223][INFO][seed68] No feasible solution... resampling
[2024-10-14T10:32:11.872452][INFO][seed25] Sampled 9400 data instances
[2024-10-14T10:32:11.872541][INFO][seed25] Starting exact inference 
['genn.py', '1', '0.6', '0.5', '30', '3']
[2024-10-14T10:32:11.881159][INFO][seed31] Sampled 1400 data instances
[2024-10-14T10:32:11.886398][INFO][seed106] Sampled 1400 data instances
[2024-10-14T10:32:11.888015][INFO][seed106] Starting exact inference 
[2024-10-14T10:32:11.894058][INFO][seed31] Starting exact inference 
1 0.6 0.5 115
1 0.6 0.5 172
/mnt/beegfs/rcabanas/dev/credici/papers/zeros/code/GenerateNparents.java
/mnt/beegfs/rcabanas/dev/credici/papers/zeros/code/GenerateNparents.java
[2024-10-14T10:32:11.892762][INFO][seed162] No feasible solution... resampling
1 0.6 0.5 149
/mnt/beegfs/rcabanas/dev/credici/papers/zeros/code/GenerateNparents.java
[2024-10-14T10:32:11.908226][INFO][seed25] No feasible solution... resampling
[2024-10-14T10:32:11.917118][INFO][seed64] Sampled 8500 data instances
[2024-10-14T10:32:11.916288][INFO][seed4] PS(V1,V0) in [0.0, 0.0]
[2024-10-14T10:32:11.916755][INFO][seed4] No feasible solution... resampling
[2024-10-14T10:32:11.917363][INFO][seed64] Starting exact inference 
[2024-10-14T10:32:11.918705][INFO][seed42] No feasible solution... resampling
1 0.6 0.5 30
/mnt/beegfs/rcabanas/dev/credici/papers/zeros/code/GenerateNparents.java
['genn.py', '1', '0.6', '0.5', '78', '3']
[2024-10-14T10:32:11.923109][INFO][seed146] No feasible solution... resampling
[2024-10-14T10:32:11.929433][INFO][seed34] No feasible solution... resampling
[2024-10-14T10:32:11.934490][INFO][seed60] Sampled 1900 data instances
[2024-10-14T10:32:11.935085][INFO][seed60] Starting exact inference 
[2024-10-14T10:32:11.940940][INFO][seed68] Sampled 9800 data instances
[2024-10-14T10:32:11.941025][INFO][seed68] Starting exact inference 
[2024-10-14T10:32:11.943281][INFO][seed162] Sampled 1400 data instances
[2024-10-14T10:32:11.943541][INFO][seed162] Starting exact inference 
[2024-10-14T10:32:11.954199][INFO][seed4] Sampled 4600 data instances
[2024-10-14T10:32:11.954451][INFO][seed4] Starting exact inference 
1 0.6 0.5 78
/mnt/beegfs/rcabanas/dev/credici/papers/zeros/code/GenerateNparents.java
Error in variable: 2
[2024-10-14T10:32:11.957412][INFO][seed106] No feasible solution... resampling
[2024-10-14T10:32:11.958162][INFO][seed64] PS(V1,V0) in [0.0, 0.0]
[2024-10-14T10:32:11.958552][INFO][seed64] No feasible solution... resampling
[2024-10-14T10:32:11.967446][INFO][seed146] Sampled 2400 data instances
[2024-10-14T10:32:11.967668][INFO][seed146] Starting exact inference 
[2024-10-14T10:32:11.982602][INFO][seed25] Sampled 9500 data instances
[2024-10-14T10:32:11.982815][INFO][seed25] Starting exact inference 
[2024-10-14T10:32:11.977576][INFO][seed68] PS(V1,V0) in [0.0, 0.0]
[2024-10-14T10:32:11.977893][INFO][seed68] No feasible solution... resampling
[2024-10-14T10:32:11.992906][INFO][seed31] No feasible solution... resampling
[2024-10-14T10:32:12.011842][INFO][seed34] Sampled 5800 data instances
[2024-10-14T10:32:12.012086][INFO][seed34] Starting exact inference 
[2024-10-14T10:32:12.004763][INFO][seed106] Sampled 1500 data instances
[2024-10-14T10:32:12.017607][INFO][seed106] Starting exact inference 
[2024-10-14T10:32:12.018054][INFO][seed42] Sampled 1300 data instances
[2024-10-14T10:32:12.018326][INFO][seed42] Starting exact inference 
[2024-10-14T10:32:12.021115][INFO][seed60] PS(V1,V0) in [0.0, 0.0]
[2024-10-14T10:32:12.021947][INFO][seed60] No feasible solution... resampling
[2024-10-14T10:32:12.029784][INFO][seed64] Sampled 8600 data instances
[2024-10-14T10:32:12.030012][INFO][seed64] Starting exact inference 
[2024-10-14T10:32:12.022465][INFO][seed25] No feasible solution... resampling
[2024-10-14T10:32:12.043205][INFO][seed31] Sampled 1500 data instances
[2024-10-14T10:32:12.043533][INFO][seed31] Starting exact inference 
[2024-10-14T10:32:12.038253][INFO][seed4] PS(V1,V0) in [0.0, 0.0]
[2024-10-14T10:32:12.038985][INFO][seed4] No feasible solution... resampling
['genn.py', '1', '0.6', '0.5', '17', '3']
[2024-10-14T10:32:12.041790][INFO][seed146] No feasible solution... resampling
[2024-10-14T10:32:12.043080][INFO][seed34] No feasible solution... resampling
[2024-10-14T10:32:12.059544][INFO][seed68] Sampled 9900 data instances
[2024-10-14T10:32:12.059755][INFO][seed68] Starting exact inference 
[2024-10-14T10:32:12.063100][INFO][seed162] No feasible solution... resampling
[2024-10-14T10:32:12.056467][INFO][seed60] Sampled 2000 data instances
[2024-10-14T10:32:12.069355][INFO][seed60] Starting exact inference 
[2024-10-14T10:32:12.075980][INFO][seed146] Sampled 2500 data instances
Error in variable: 2
[2024-10-14T10:32:12.074877][INFO][seed106] No feasible solution... resampling
1 0.6 0.5 17
[2024-10-14T10:32:12.084135][INFO][seed146] Starting exact inference 
/mnt/beegfs/rcabanas/dev/credici/papers/zeros/code/GenerateNparents.java
[2024-10-14T10:32:12.077507][INFO][seed64] PS(V1,V0) in [0.0, 0.0]
[2024-10-14T10:32:12.077908][INFO][seed64] No feasible solution... resampling
[2024-10-14T10:32:12.087921][INFO][seed34] Sampled 5900 data instances
[2024-10-14T10:32:12.088016][INFO][seed34] Starting exact inference 
[2024-10-14T10:32:12.094379][INFO][seed25] Sampled 9600 data instances
[2024-10-14T10:32:12.094473][INFO][seed25] Starting exact inference 
[2024-10-14T10:32:12.099155][INFO][seed4] Sampled 4700 data instances
[2024-10-14T10:32:12.107506][INFO][seed4] Starting exact inference 
[2024-10-14T10:32:12.122898][INFO][seed162] Sampled 1500 data instances
[2024-10-14T10:32:12.124679][INFO][seed162] Starting exact inference 
[2024-10-14T10:32:12.131308][INFO][seed106] Sampled 1600 data instances
[2024-10-14T10:32:12.137071][INFO][seed106] Starting exact inference 
[2024-10-14T10:32:12.133623][INFO][seed42] No feasible solution... resampling
[2024-10-14T10:32:12.132179][INFO][seed25] No feasible solution... resampling
[2024-10-14T10:32:12.152382][INFO][seed64] Sampled 8700 data instances
[2024-10-14T10:32:12.152617][INFO][seed64] Starting exact inference 
[2024-10-14T10:32:12.152183][INFO][seed60] PS(V1,V0) in [0.0, 0.0]
[2024-10-14T10:32:12.153138][INFO][seed60] No feasible solution... resampling
[2024-10-14T10:32:12.151737][INFO][seed68] PS(V1,V0) in [0.0, 0.0]
[2024-10-14T10:32:12.152083][INFO][seed68] No feasible solution... resampling
[2024-10-14T10:32:12.151869][INFO][seed34] No feasible solution... resampling
[2024-10-14T10:32:12.160502][INFO][seed31] No feasible solution... resampling
[2024-10-14T10:32:12.158204][INFO][seed146] No feasible solution... resampling
[2024-10-14T10:32:12.174193][INFO][seed4] PS(V1,V0) in [0.0, 0.0]
[2024-10-14T10:32:12.174664][INFO][seed4] No feasible solution... resampling
[2024-10-14T10:32:12.184927][INFO][seed42] Sampled 1400 data instances
[2024-10-14T10:32:12.185196][INFO][seed42] Starting exact inference 
[2024-10-14T10:32:12.189705][INFO][seed146] Sampled 2600 data instances
[2024-10-14T10:32:12.189807][INFO][seed146] Starting exact inference 
[2024-10-14T10:32:12.189986][INFO][seed64] PS(V1,V0) in [0.0, 0.0]
[2024-10-14T10:32:12.190412][INFO][seed64] No feasible solution... resampling
[2024-10-14T10:32:12.197530][INFO][seed60] Sampled 2100 data instances
[2024-10-14T10:32:12.198435][INFO][seed34] Sampled 6000 data instances
[2024-10-14T10:32:12.198540][INFO][seed34] Starting exact inference 
Error in variable: 2
[2024-10-14T10:32:12.197405][INFO][seed106] No feasible solution... resampling
[2024-10-14T10:32:12.202490][INFO][seed60] Starting exact inference 
[2024-10-14T10:32:12.205982][INFO][seed31] Sampled 1600 data instances
[2024-10-14T10:32:12.211359][INFO][seed25] Sampled 9700 data instances
[2024-10-14T10:32:12.211591][INFO][seed25] Starting exact inference 
[2024-10-14T10:32:12.213144][INFO][seed4] Sampled 4800 data instances
[2024-10-14T10:32:12.213395][INFO][seed4] Starting exact inference 
[2024-10-14T10:32:12.216063][INFO][seed31] Starting exact inference 
[2024-10-14T10:32:12.233934][INFO][seed68] Sampled 10000 data instances
[2024-10-14T10:32:12.234118][INFO][seed68] Starting exact inference 
[2024-10-14T10:32:12.239248][INFO][seed162] No feasible solution... resampling
[2024-10-14T10:32:12.252140][INFO][seed106] Sampled 1700 data instances
[2024-10-14T10:32:12.266470][INFO][seed68] PS(V1,V0) in [0.0, 0.0]
[2024-10-14T10:32:12.266786][INFO][seed68] No feasible solution... resampling
[2024-10-14T10:32:12.269308][INFO][seed64] Sampled 8800 data instances
[2024-10-14T10:32:12.269527][INFO][seed64] Starting exact inference 
[2024-10-14T10:32:12.266553][INFO][seed146] No feasible solution... resampling
[2024-10-14T10:32:12.266839][SEVERE][seed68] java.lang.IllegalStateException: Unable to generate compatible data
[2024-10-14T10:32:12.266856][INFO][seed68] Closing log file
[2024-10-14T10:32:12.266866][INFO][seed68] Closed log file
[2024-10-14T10:32:12.271179][INFO][seed60] PS(V1,V0) in [0.0, 0.0]
[2024-10-14T10:32:12.271955][INFO][seed60] No feasible solution... resampling
[2024-10-14T10:32:12.269392][INFO][seed34] No feasible solution... resampling
[2024-10-14T10:32:12.270660][INFO][seed106] Starting exact inference 
[2024-10-14T10:32:12.287594][INFO][seed162] Sampled 1600 data instances
[2024-10-14T10:32:12.282849][INFO][seed4] PS(V1,V0) in [0.0, 0.0]
[2024-10-14T10:32:12.283300][INFO][seed4] No feasible solution... resampling
['genn.py', '1', '0.6', '0.5', '87', '3']
[2024-10-14T10:32:12.293791][INFO][seed162] Starting exact inference 
[2024-10-14T10:32:12.295262][INFO][seed146] Sampled 2700 data instances
[2024-10-14T10:32:12.292118][INFO][seed25] No feasible solution... resampling
[2024-10-14T10:32:12.299142][INFO][seed42] No feasible solution... resampling
[2024-10-14T10:32:12.304672][INFO][seed146] Starting exact inference 
[2024-10-14T10:32:12.311608][INFO][seed60] Sampled 2200 data instances
[2024-10-14T10:32:12.322493][INFO][seed60] Starting exact inference 
[2024-10-14T10:32:12.322964][INFO][seed4] Sampled 4900 data instances
[2024-10-14T10:32:12.323219][INFO][seed4] Starting exact inference 
1 0.6 0.5 87
/mnt/beegfs/rcabanas/dev/credici/papers/zeros/code/GenerateNparents.java
[2024-10-14T10:32:12.333107][INFO][seed34] Sampled 6100 data instances
[2024-10-14T10:32:12.333356][INFO][seed34] Starting exact inference 
Error in variable: 2
[2024-10-14T10:32:12.336931][INFO][seed96] No feasible solution... resampling
[2024-10-14T10:32:12.333681][INFO][seed64] PS(V1,V0) in [0.0, 0.0]
[2024-10-14T10:32:12.334096][INFO][seed64] No feasible solution... resampling
[2024-10-14T10:32:12.336173][INFO][seed31] No feasible solution... resampling
Error in variable: 2
[2024-10-14T10:32:12.350369][INFO][seed106] No feasible solution... resampling
[2024-10-14T10:32:12.340584][INFO][seed42] Sampled 1500 data instances
[2024-10-14T10:32:12.354478][INFO][seed42] Starting exact inference 
[2024-10-14T10:32:12.377479][INFO][seed25] Sampled 9800 data instances
[2024-10-14T10:32:12.377682][INFO][seed25] Starting exact inference 
[2024-10-14T10:32:12.375047][INFO][seed34] No feasible solution... resampling
[2024-10-14T10:32:12.385492][INFO][seed146] No feasible solution... resampling
[2024-10-14T10:32:12.391749][INFO][seed31] Sampled 1700 data instances
[2024-10-14T10:32:12.392087][INFO][seed31] Starting exact inference 
[2024-10-14T10:32:12.390568][INFO][seed4] PS(V1,V0) in [0.0, 0.0]
[2024-10-14T10:32:12.391072][INFO][seed4] No feasible solution... resampling
[2024-10-14T10:32:12.396635][INFO][seed60] PS(V1,V0) in [0.0, 0.0]
[2024-10-14T10:32:12.397411][INFO][seed60] No feasible solution... resampling
[2024-10-14T10:32:12.404042][INFO][seed106] Sampled 1800 data instances
[2024-10-14T10:32:12.407816][INFO][seed64] Sampled 8900 data instances
[2024-10-14T10:32:12.408074][INFO][seed64] Starting exact inference 
[2024-10-14T10:32:12.416034][INFO][seed25] No feasible solution... resampling
[2024-10-14T10:32:12.413394][INFO][seed162] No feasible solution... resampling
[2024-10-14T10:32:12.417074][INFO][seed106] Starting exact inference 
[2024-10-14T10:32:12.407110][INFO][seed146] Sampled 2800 data instances
[2024-10-14T10:32:12.420825][INFO][seed146] Starting exact inference 
[2024-10-14T10:32:12.424311][INFO][seed34] Sampled 6200 data instances
[2024-10-14T10:32:12.424394][INFO][seed34] Starting exact inference 
[2024-10-14T10:32:12.428510][INFO][seed4] Sampled 5000 data instances
[2024-10-14T10:32:12.428821][INFO][seed4] Starting exact inference 
[2024-10-14T10:32:12.429222][INFO][seed96] Sampled 1100 data instances
[2024-10-14T10:32:12.429564][INFO][seed96] Starting exact inference 
[2024-10-14T10:32:12.438512][INFO][seed60] Sampled 2300 data instances
[2024-10-14T10:32:12.438618][INFO][seed60] Starting exact inference 
[2024-10-14T10:32:12.455167][INFO][seed42] No feasible solution... resampling
[2024-10-14T10:32:12.464329][INFO][seed162] Sampled 1700 data instances
[2024-10-14T10:32:12.464657][INFO][seed162] Starting exact inference 
[2024-10-14T10:32:12.464611][INFO][seed34] No feasible solution... resampling
Error in variable: 2
[2024-10-14T10:32:12.477383][INFO][seed106] No feasible solution... resampling
[2024-10-14T10:32:12.486351][INFO][seed146] No feasible solution... resampling
[2024-10-14T10:32:12.493365][INFO][seed25] Sampled 9900 data instances
[2024-10-14T10:32:12.493598][INFO][seed25] Starting exact inference 
[2024-10-14T10:32:12.490966][INFO][seed64] PS(V1,V0) in [0.0, 0.0]
[2024-10-14T10:32:12.491416][INFO][seed64] No feasible solution... resampling
[2024-10-14T10:32:12.504779][INFO][seed31] No feasible solution... resampling
[2024-10-14T10:32:12.493200][INFO][seed4] PS(V1,V0) in [0.0, 0.0]
[2024-10-14T10:32:12.493660][INFO][seed4] No feasible solution... resampling
[2024-10-14T10:32:12.511828][INFO][seed34] Sampled 6300 data instances
[2024-10-14T10:32:12.511914][INFO][seed34] Starting exact inference 
[2024-10-14T10:32:12.514974][INFO][seed146] Sampled 2900 data instances
[2024-10-14T10:32:12.516154][INFO][seed42] Sampled 1600 data instances
[2024-10-14T10:32:12.516462][INFO][seed42] Starting exact inference 
[2024-10-14T10:32:12.520981][INFO][seed146] Starting exact inference 
[2024-10-14T10:32:12.523676][INFO][seed60] PS(V1,V0) in [0.0, 0.0]
[2024-10-14T10:32:12.524447][INFO][seed60] No feasible solution... resampling
[2024-10-14T10:32:12.534393][INFO][seed106] Sampled 1900 data instances
[2024-10-14T10:32:12.534658][INFO][seed106] Starting exact inference 
Error in variable: 2
[2024-10-14T10:32:12.535346][INFO][seed96] No feasible solution... resampling
[2024-10-14T10:32:12.530399][INFO][seed25] No feasible solution... resampling
[2024-10-14T10:32:12.565258][INFO][seed31] Sampled 1800 data instances
[2024-10-14T10:32:12.569483][INFO][seed31] Starting exact inference 
[2024-10-14T10:32:12.575602][INFO][seed4] Sampled 5100 data instances
[2024-10-14T10:32:12.575894][INFO][seed4] Starting exact inference 
[2024-10-14T10:32:12.576173][INFO][seed96] Sampled 1200 data instances
[2024-10-14T10:32:12.576498][INFO][seed96] Starting exact inference 
[2024-10-14T10:32:12.572040][INFO][seed34] No feasible solution... resampling
[2024-10-14T10:32:12.578015][INFO][seed60] Sampled 2400 data instances
[2024-10-14T10:32:12.578193][INFO][seed60] Starting exact inference 
['genn.py', '1', '0.6', '0.5', '148', '3']
[2024-10-14T10:32:12.587479][INFO][seed146] No feasible solution... resampling
Error in variable: 2
[2024-10-14T10:32:12.597670][INFO][seed162] No feasible solution... resampling
[2024-10-14T10:32:12.589919][INFO][seed106] No feasible solution... resampling
[2024-10-14T10:32:12.603981][INFO][seed25] Sampled 10000 data instances
[2024-10-14T10:32:12.604074][INFO][seed25] Starting exact inference 
[2024-10-14T10:32:12.605641][INFO][seed42] No feasible solution... resampling
[2024-10-14T10:32:12.614621][INFO][seed64] Sampled 9000 data instances
[2024-10-14T10:32:12.614933][INFO][seed64] Starting exact inference 
[2024-10-14T10:32:12.616734][INFO][seed146] Sampled 3000 data instances
[2024-10-14T10:32:12.621010][INFO][seed146] Starting exact inference 
1 0.6 0.5 148
/mnt/beegfs/rcabanas/dev/credici/papers/zeros/code/GenerateNparents.java
[2024-10-14T10:32:12.640832][INFO][seed34] Sampled 6400 data instances
[2024-10-14T10:32:12.641013][INFO][seed34] Starting exact inference 
[2024-10-14T10:32:12.642682][INFO][seed106] Sampled 2000 data instances
[2024-10-14T10:32:12.643382][INFO][seed106] Starting exact inference 
[2024-10-14T10:32:12.644053][INFO][seed162] Sampled 1800 data instances
[2024-10-14T10:32:12.644421][INFO][seed60] PS(V1,V0) in [0.0, 0.0]
[2024-10-14T10:32:12.645192][INFO][seed60] No feasible solution... resampling
[2024-10-14T10:32:12.647655][INFO][seed162] Starting exact inference 
[2024-10-14T10:32:12.659937][INFO][seed25] No feasible solution... resampling
[2024-10-14T10:32:12.660026][SEVERE][seed25] java.lang.IllegalStateException: Unable to generate compatible data
[2024-10-14T10:32:12.660043][INFO][seed25] Closing log file
[2024-10-14T10:32:12.660053][INFO][seed25] Closed log file
Error in variable: 2
[2024-10-14T10:32:12.657415][INFO][seed96] No feasible solution... resampling
[2024-10-14T10:32:12.672304][INFO][seed42] Sampled 1700 data instances
[2024-10-14T10:32:12.672619][INFO][seed42] Starting exact inference 
[2024-10-14T10:32:12.672718][INFO][seed60] Sampled 2500 data instances
[2024-10-14T10:32:12.684211][INFO][seed4] PS(V1,V0) in [0.0, 0.0]
[2024-10-14T10:32:12.685466][INFO][seed4] No feasible solution... resampling
[2024-10-14T10:32:12.695487][INFO][seed60] Starting exact inference 
[2024-10-14T10:32:12.692170][INFO][seed31] No feasible solution... resampling
[2024-10-14T10:32:12.691791][INFO][seed146] No feasible solution... resampling
[2024-10-14T10:32:12.696774][INFO][seed64] PS(V1,V0) in [0.0, 0.0]
[2024-10-14T10:32:12.700374][INFO][seed96] Sampled 1300 data instances
[2024-10-14T10:32:12.700633][INFO][seed96] Starting exact inference 
[2024-10-14T10:32:12.697507][INFO][seed64] No feasible solution... resampling
Error in variable: 2
[2024-10-14T10:32:12.716837][INFO][seed106] No feasible solution... resampling
[2024-10-14T10:32:12.716059][INFO][seed34] No feasible solution... resampling
[2024-10-14T10:32:12.725303][INFO][seed4] Sampled 5200 data instances
[2024-10-14T10:32:12.725617][INFO][seed4] Starting exact inference 
[2024-10-14T10:32:12.730114][INFO][seed146] Sampled 3100 data instances
[2024-10-14T10:32:12.730228][INFO][seed146] Starting exact inference 
[2024-10-14T10:32:12.740018][INFO][seed31] Sampled 1900 data instances
[2024-10-14T10:32:12.741046][INFO][seed31] Starting exact inference 
[2024-10-14T10:32:12.759015][INFO][seed162] No feasible solution... resampling
[2024-10-14T10:32:12.763682][INFO][seed60] PS(V1,V0) in [0.0, 0.0]
[2024-10-14T10:32:12.764462][INFO][seed60] No feasible solution... resampling
[2024-10-14T10:32:12.777958][INFO][seed106] Sampled 2100 data instances
[2024-10-14T10:32:12.778283][INFO][seed106] Starting exact inference 
[2024-10-14T10:32:12.779509][INFO][seed34] Sampled 6500 data instances
Error in variable: 2
[2024-10-14T10:32:12.777452][INFO][seed96] No feasible solution... resampling
[2024-10-14T10:32:12.779641][INFO][seed34] Starting exact inference 
[2024-10-14T10:32:12.791805][INFO][seed42] No feasible solution... resampling
[2024-10-14T10:32:12.801436][INFO][seed146] No feasible solution... resampling
[2024-10-14T10:32:12.803404][INFO][seed64] Sampled 9100 data instances
[2024-10-14T10:32:12.803698][INFO][seed64] Starting exact inference 
[2024-10-14T10:32:12.804602][INFO][seed60] Sampled 2600 data instances
[2024-10-14T10:32:12.804765][INFO][seed60] Starting exact inference 
[2024-10-14T10:32:12.808244][INFO][seed4] PS(V1,V0) in [0.0, 0.0]
[2024-10-14T10:32:12.808720][INFO][seed4] No feasible solution... resampling
[2024-10-14T10:32:12.814078][INFO][seed162] Sampled 1900 data instances
[2024-10-14T10:32:12.816148][INFO][seed162] Starting exact inference 
[2024-10-14T10:32:12.820355][INFO][seed96] Sampled 1400 data instances
[2024-10-14T10:32:12.820852][INFO][seed96] Starting exact inference 
[2024-10-14T10:32:12.828927][INFO][seed31] No feasible solution... resampling
[2024-10-14T10:32:12.835024][INFO][seed146] Sampled 3200 data instances
[2024-10-14T10:32:12.830002][INFO][seed34] No feasible solution... resampling
[2024-10-14T10:32:12.839981][INFO][seed42] Sampled 1800 data instances
[2024-10-14T10:32:12.840085][INFO][seed146] Starting exact inference 
[2024-10-14T10:32:12.845208][INFO][seed42] Starting exact inference 
[2024-10-14T10:32:12.845864][INFO][seed64] PS(V1,V0) in [0.0, 0.0]
[2024-10-14T10:32:12.846260][INFO][seed64] No feasible solution... resampling
[2024-10-14T10:32:12.852418][INFO][seed4] Sampled 5300 data instances
[2024-10-14T10:32:12.852721][INFO][seed4] Starting exact inference 
[2024-10-14T10:32:12.874100][INFO][seed60] PS(V1,V0) in [0.0, 0.0]
[2024-10-14T10:32:12.876395][INFO][seed60] No feasible solution... resampling
[2024-10-14T10:32:12.879799][INFO][seed31] Sampled 2000 data instances
[2024-10-14T10:32:12.880546][INFO][seed31] Starting exact inference 
[2024-10-14T10:32:12.877930][INFO][seed106] No feasible solution... resampling
[2024-10-14T10:32:12.883191][INFO][seed34] Sampled 6600 data instances
[2024-10-14T10:32:12.883297][INFO][seed34] Starting exact inference 
Error in variable: 2
[2024-10-14T10:32:12.894037][INFO][seed96] No feasible solution... resampling
[2024-10-14T10:32:12.893382][INFO][seed4] PS(V1,V0) in [0.0, 0.0]
[2024-10-14T10:32:12.893915][INFO][seed4] No feasible solution... resampling
[2024-10-14T10:32:12.909703][INFO][seed60] Sampled 2700 data instances
[2024-10-14T10:32:12.915102][INFO][seed60] Starting exact inference 
[2024-10-14T10:32:12.912186][INFO][seed162] No feasible solution... resampling
[2024-10-14T10:32:12.927450][INFO][seed64] Sampled 9200 data instances
[2024-10-14T10:32:12.927757][INFO][seed64] Starting exact inference 
[2024-10-14T10:32:12.934054][INFO][seed106] Sampled 2200 data instances
[2024-10-14T10:32:12.934389][INFO][seed106] Starting exact inference 
[2024-10-14T10:32:12.930816][INFO][seed146] No feasible solution... resampling
[2024-10-14T10:32:12.938848][INFO][seed42] No feasible solution... resampling
[2024-10-14T10:32:12.934628][INFO][seed34] No feasible solution... resampling
[2024-10-14T10:32:12.943466][INFO][seed96] Sampled 1500 data instances
[2024-10-14T10:32:12.943816][INFO][seed96] Starting exact inference 
[2024-10-14T10:32:12.945812][INFO][seed4] Sampled 5400 data instances
[2024-10-14T10:32:12.946115][INFO][seed4] Starting exact inference 
[2024-10-14T10:32:12.956595][INFO][seed162] Sampled 2000 data instances
[2024-10-14T10:32:12.962764][INFO][seed146] Sampled 3300 data instances
[2024-10-14T10:32:12.964014][INFO][seed162] Starting exact inference 
[2024-10-14T10:32:12.965842][INFO][seed64] PS(V1,V0) in [0.0, 0.0]
[2024-10-14T10:32:12.966217][INFO][seed64] No feasible solution... resampling
[2024-10-14T10:32:12.971269][INFO][seed31] No feasible solution... resampling
['genn.py', '1', '0.6', '0.5', '57', '3']
[2024-10-14T10:32:12.978613][INFO][seed146] Starting exact inference 
[2024-10-14T10:32:12.984864][INFO][seed34] Sampled 6700 data instances
[2024-10-14T10:32:12.984941][INFO][seed34] Starting exact inference 
[2024-10-14T10:32:12.982808][INFO][seed4] PS(V1,V0) in [0.0, 0.0]
[2024-10-14T10:32:12.983340][INFO][seed4] No feasible solution... resampling
Error in variable: 2
[2024-10-14T10:32:12.985034][INFO][seed106] No feasible solution... resampling
[2024-10-14T10:32:12.996578][INFO][seed60] PS(V1,V0) in [0.0, 0.0]
[2024-10-14T10:32:12.997285][INFO][seed60] No feasible solution... resampling
[2024-10-14T10:32:13.003299][INFO][seed42] Sampled 1900 data instances
[2024-10-14T10:32:13.003825][INFO][seed42] Starting exact inference 
1 0.6 0.5 57
/mnt/beegfs/rcabanas/dev/credici/papers/zeros/code/GenerateNparents.java
[2024-10-14T10:32:13.017237][INFO][seed31] Sampled 2100 data instances
[2024-10-14T10:32:13.017577][INFO][seed31] Starting exact inference 
[2024-10-14T10:32:13.019402][INFO][seed60] Sampled 2800 data instances
[2024-10-14T10:32:13.019488][INFO][seed60] Starting exact inference 
[2024-10-14T10:32:13.018529][INFO][seed34] No feasible solution... resampling
Error in variable: 2
[2024-10-14T10:32:13.017443][INFO][seed96] No feasible solution... resampling
[2024-10-14T10:32:13.025707][INFO][seed4] Sampled 5500 data instances
[2024-10-14T10:32:13.026066][INFO][seed4] Starting exact inference 
[2024-10-14T10:32:13.039333][INFO][seed106] Sampled 2300 data instances
[2024-10-14T10:32:13.039664][INFO][seed106] Starting exact inference 
[2024-10-14T10:32:13.042268][INFO][seed64] Sampled 9300 data instances
[2024-10-14T10:32:13.043338][INFO][seed64] Starting exact inference 
[2024-10-14T10:32:13.047457][INFO][seed146] No feasible solution... resampling
[2024-10-14T10:32:13.072046][INFO][seed96] Sampled 1600 data instances
[2024-10-14T10:32:13.068957][INFO][seed162] No feasible solution... resampling
[2024-10-14T10:32:13.072370][INFO][seed96] Starting exact inference 
[2024-10-14T10:32:13.076134][INFO][seed34] Sampled 6800 data instances
[2024-10-14T10:32:13.076745][INFO][seed34] Starting exact inference 
[2024-10-14T10:32:13.072609][INFO][seed4] PS(V1,V0) in [0.0, 0.0]
[2024-10-14T10:32:13.073074][INFO][seed4] No feasible solution... resampling
[2024-10-14T10:32:13.085326][INFO][seed146] Sampled 3400 data instances
[2024-10-14T10:32:13.085466][INFO][seed146] Starting exact inference 
[2024-10-14T10:32:13.085454][INFO][seed64] PS(V1,V0) in [0.0, 0.0]
[2024-10-14T10:32:13.085845][INFO][seed64] No feasible solution... resampling
[2024-10-14T10:32:13.094002][INFO][seed42] No feasible solution... resampling
[2024-10-14T10:32:13.098664][INFO][seed60] PS(V1,V0) in [0.0, 0.0]
[2024-10-14T10:32:13.099347][INFO][seed60] No feasible solution... resampling
[2024-10-14T10:32:13.109520][INFO][seed162] Sampled 2100 data instances
[2024-10-14T10:32:13.109808][INFO][seed162] Starting exact inference 
[2024-10-14T10:32:13.110746][INFO][seed31] No feasible solution... resampling
[2024-10-14T10:32:13.115957][INFO][seed4] Sampled 5600 data instances
[2024-10-14T10:32:13.116272][INFO][seed4] Starting exact inference 
[2024-10-14T10:32:13.121635][INFO][seed60] Sampled 2900 data instances
[2024-10-14T10:32:13.113583][INFO][seed34] No feasible solution... resampling
[2024-10-14T10:32:13.134304][INFO][seed42] Sampled 2000 data instances
[2024-10-14T10:32:13.135486][INFO][seed60] Starting exact inference 
[2024-10-14T10:32:13.143696][INFO][seed106] No feasible solution... resampling
[2024-10-14T10:32:13.150056][INFO][seed42] Starting exact inference 
[2024-10-14T10:32:13.158177][INFO][seed31] Sampled 2200 data instances
[2024-10-14T10:32:13.153468][INFO][seed4] PS(V1,V0) in [0.0, 0.0]
[2024-10-14T10:32:13.153911][INFO][seed4] No feasible solution... resampling
[2024-10-14T10:32:13.158499][INFO][seed31] Starting exact inference 
[2024-10-14T10:32:13.155570][INFO][seed146] No feasible solution... resampling
[2024-10-14T10:32:13.165440][INFO][seed64] Sampled 9400 data instances
[2024-10-14T10:32:13.165733][INFO][seed64] Starting exact inference 
[2024-10-14T10:32:13.168041][INFO][seed34] Sampled 6900 data instances
[2024-10-14T10:32:13.168129][INFO][seed34] Starting exact inference 
[2024-10-14T10:32:13.168815][INFO][seed106] Sampled 2400 data instances
[2024-10-14T10:32:13.184319][INFO][seed106] Starting exact inference 
[2024-10-14T10:32:13.185936][INFO][seed146] Sampled 3500 data instances
[2024-10-14T10:32:13.191193][INFO][seed146] Starting exact inference 
[2024-10-14T10:32:13.197906][INFO][seed4] Sampled 5700 data instances
[2024-10-14T10:32:13.198227][INFO][seed4] Starting exact inference 
[2024-10-14T10:32:13.201215][INFO][seed60] PS(V1,V0) in [0.0, 0.0]
[2024-10-14T10:32:13.202041][INFO][seed60] No feasible solution... resampling
[2024-10-14T10:32:13.208281][INFO][seed162] No feasible solution... resampling
[2024-10-14T10:32:13.211211][INFO][seed34] No feasible solution... resampling
[2024-10-14T10:32:13.218670][INFO][seed64] PS(V1,V0) in [0.0, 0.0]
[2024-10-14T10:32:13.219081][INFO][seed64] No feasible solution... resampling
[2024-10-14T10:32:13.227256][INFO][seed42] No feasible solution... resampling
[2024-10-14T10:32:13.231524][INFO][seed60] Sampled 3000 data instances
[2024-10-14T10:32:13.240219][INFO][seed162] Sampled 2200 data instances
[2024-10-14T10:32:13.241519][INFO][seed60] Starting exact inference 
[2024-10-14T10:32:13.240656][INFO][seed31] No feasible solution... resampling
Error in variable: 2
[2024-10-14T10:32:13.237404][INFO][seed106] No feasible solution... resampling
Error in variable: 2
[2024-10-14T10:32:13.241421][INFO][seed146] No feasible solution... resampling
[2024-10-14T10:32:13.248379][INFO][seed162] Starting exact inference 
[2024-10-14T10:32:13.261766][INFO][seed106] Sampled 2500 data instances
[2024-10-14T10:32:13.265663][INFO][seed34] Sampled 7000 data instances
[2024-10-14T10:32:13.265748][INFO][seed34] Starting exact inference 
[2024-10-14T10:32:13.269695][INFO][seed4] PS(V1,V0) in [0.0, 0.0]
[2024-10-14T10:32:13.270193][INFO][seed4] No feasible solution... resampling
[2024-10-14T10:32:13.275057][INFO][seed106] Starting exact inference 
[2024-10-14T10:32:13.275163][INFO][seed42] Sampled 2100 data instances
[2024-10-14T10:32:13.275368][INFO][seed42] Starting exact inference 
[2024-10-14T10:32:13.281104][INFO][seed146] Sampled 3600 data instances
[2024-10-14T10:32:13.281269][INFO][seed31] Sampled 2300 data instances
[2024-10-14T10:32:13.281223][INFO][seed146] Starting exact inference 
[2024-10-14T10:32:13.294061][INFO][seed31] Starting exact inference 
[2024-10-14T10:32:13.299110][INFO][seed64] Sampled 9500 data instances
[2024-10-14T10:32:13.299407][INFO][seed64] Starting exact inference 
[2024-10-14T10:32:13.308452][INFO][seed96] PS(V1,V0) in [0.0, 0.0]
[2024-10-14T10:32:13.320914][INFO][seed96] PN(V1,V0) in [0.0, 0.0] 
[2024-10-14T10:32:13.313876][INFO][seed34] No feasible solution... resampling
[2024-10-14T10:32:13.323129][INFO][seed4] Sampled 5800 data instances
[2024-10-14T10:32:13.323471][INFO][seed4] Starting exact inference 
[2024-10-14T10:32:13.323583][INFO][seed60] PS(V1,V0) in [0.0, 0.0]
[2024-10-14T10:32:13.324275][INFO][seed60] No feasible solution... resampling
Error in variable: 2
[2024-10-14T10:32:13.334606][INFO][seed106] No feasible solution... resampling
[2024-10-14T10:32:13.342589][INFO][seed162] No feasible solution... resampling
[2024-10-14T10:32:13.353589][INFO][seed96] Saved data to: /mnt/beegfs/rcabanas/dev/credici/papers/zeros/models/s3/simple_nparents1_nzr06_zdr05_ysize3_96.csv
[2024-10-14T10:32:13.355071][INFO][seed106] Sampled 2600 data instances
[2024-10-14T10:32:13.347415][INFO][seed146] No feasible solution... resampling
[2024-10-14T10:32:13.357059][INFO][seed106] Starting exact inference 
[2024-10-14T10:32:13.351498][INFO][seed64] PS(V1,V0) in [0.0, 0.0]
[2024-10-14T10:32:13.352116][INFO][seed64] No feasible solution... resampling
[2024-10-14T10:32:13.357939][INFO][seed42] No feasible solution... resampling
[2024-10-14T10:32:13.364667][INFO][seed60] Sampled 3100 data instances
[2024-10-14T10:32:13.364764][INFO][seed60] Starting exact inference 
[2024-10-14T10:32:13.366262][INFO][seed4] PS(V1,V0) in [0.0, 0.0]
[2024-10-14T10:32:13.366749][INFO][seed4] No feasible solution... resampling
[2024-10-14T10:32:13.372049][INFO][seed96] Saved model to: /mnt/beegfs/rcabanas/dev/credici/papers/zeros/models/s3/simple_nparents1_nzr06_zdr05_ysize3_96.uai
[2024-10-14T10:32:13.375928][INFO][seed34] Sampled 7100 data instances
[2024-10-14T10:32:13.376170][INFO][seed34] Starting exact inference 
[2024-10-14T10:32:13.378997][INFO][seed31] No feasible solution... resampling
[2024-10-14T10:32:13.380738][INFO][seed96] Saved queries to: /mnt/beegfs/rcabanas/dev/credici/papers/zeros/models/s3/simple_nparents1_nzr06_zdr05_ysize3_96_query.csv
[2024-10-14T10:32:13.381043][INFO][seed96] Closing log file
[2024-10-14T10:32:13.381128][INFO][seed96] Closed log file
[2024-10-14T10:32:13.381092][INFO][seed162] Sampled 2300 data instances
[2024-10-14T10:32:13.394058][INFO][seed162] Starting exact inference 
[2024-10-14T10:32:13.396547][INFO][seed146] Sampled 3700 data instances
[2024-10-14T10:32:13.396671][INFO][seed146] Starting exact inference 
[2024-10-14T10:32:13.408258][INFO][seed42] Sampled 2200 data instances
[2024-10-14T10:32:13.411539][INFO][seed4] Sampled 5900 data instances
[2024-10-14T10:32:13.412212][INFO][seed4] Starting exact inference 
Error in variable: 2
[2024-10-14T10:32:13.412191][INFO][seed106] No feasible solution... resampling
[2024-10-14T10:32:13.417073][INFO][seed42] Starting exact inference 
[2024-10-14T10:32:13.427290][INFO][seed31] Sampled 2400 data instances
[2024-10-14T10:32:13.423030][INFO][seed34] No feasible solution... resampling
[2024-10-14T10:32:13.437089][INFO][seed31] Starting exact inference 
[2024-10-14T10:32:13.438377][INFO][seed64] Sampled 9600 data instances
[2024-10-14T10:32:13.438612][INFO][seed64] Starting exact inference 
[2024-10-14T10:32:13.436283][INFO][seed60] PS(V1,V0) in [0.0, 0.0]
[2024-10-14T10:32:13.436942][INFO][seed60] No feasible solution... resampling
[2024-10-14T10:32:13.445104][INFO][seed106] Sampled 2700 data instances
[2024-10-14T10:32:13.445364][INFO][seed106] Starting exact inference 
[2024-10-14T10:32:13.471619][INFO][seed60] Sampled 3200 data instances
[2024-10-14T10:32:13.465429][INFO][seed146] No feasible solution... resampling
[2024-10-14T10:32:13.466039][INFO][seed4] PS(V1,V0) in [0.0, 0.0]
[2024-10-14T10:32:13.466472][INFO][seed4] No feasible solution... resampling
[2024-10-14T10:32:13.475465][INFO][seed34] Sampled 7200 data instances
[2024-10-14T10:32:13.475541][INFO][seed34] Starting exact inference 
[2024-10-14T10:32:13.475658][INFO][seed162] No feasible solution... resampling
[2024-10-14T10:32:13.482489][INFO][seed60] Starting exact inference 
Error in variable: 2
[2024-10-14T10:32:13.497404][INFO][seed106] No feasible solution... resampling
[2024-10-14T10:32:13.498814][INFO][seed42] No feasible solution... resampling
[2024-10-14T10:32:13.499968][INFO][seed146] Sampled 3800 data instances
[2024-10-14T10:32:13.506199][INFO][seed146] Starting exact inference 
[2024-10-14T10:32:13.512651][INFO][seed4] Sampled 6000 data instances
[2024-10-14T10:32:13.512955][INFO][seed4] Starting exact inference 
[2024-10-14T10:32:13.515506][INFO][seed162] Sampled 2400 data instances
[2024-10-14T10:32:13.515815][INFO][seed162] Starting exact inference 
[2024-10-14T10:32:13.516531][INFO][seed34] No feasible solution... resampling
[2024-10-14T10:32:13.518208][INFO][seed64] PS(V1,V0) in [0.0, 0.0]
[2024-10-14T10:32:13.518654][INFO][seed64] No feasible solution... resampling
[2024-10-14T10:32:13.526952][INFO][seed31] No feasible solution... resampling
[2024-10-14T10:32:13.531902][INFO][seed106] Sampled 2800 data instances
[2024-10-14T10:32:13.532116][INFO][seed106] Starting exact inference 
[2024-10-14T10:32:13.543516][INFO][seed60] PS(V1,V0) in [0.0, 0.0]
[2024-10-14T10:32:13.544146][INFO][seed60] No feasible solution... resampling
[2024-10-14T10:32:13.555772][INFO][seed42] Sampled 2300 data instances
[2024-10-14T10:32:13.556114][INFO][seed42] Starting exact inference 
[2024-10-14T10:32:13.565036][INFO][seed31] Sampled 2500 data instances
[2024-10-14T10:32:13.567388][INFO][seed146] No feasible solution... resampling
[2024-10-14T10:32:13.564180][INFO][seed4] PS(V1,V0) in [0.0, 0.0]
[2024-10-14T10:32:13.564628][INFO][seed4] No feasible solution... resampling
[2024-10-14T10:32:13.569699][INFO][seed34] Sampled 7300 data instances
[2024-10-14T10:32:13.569776][INFO][seed34] Starting exact inference 
[2024-10-14T10:32:13.575142][INFO][seed31] Starting exact inference 
[2024-10-14T10:32:13.596536][INFO][seed60] Sampled 3300 data instances
[2024-10-14T10:32:13.596787][INFO][seed60] Starting exact inference 
Error in variable: 2
[2024-10-14T10:32:13.592407][INFO][seed106] No feasible solution... resampling
[2024-10-14T10:32:13.600512][INFO][seed162] No feasible solution... resampling
[2024-10-14T10:32:13.610992][INFO][seed4] Sampled 6100 data instances
[2024-10-14T10:32:13.611314][INFO][seed4] Starting exact inference 
[2024-10-14T10:32:13.605907][INFO][seed146] Sampled 3900 data instances
[2024-10-14T10:32:13.616863][INFO][seed146] Starting exact inference 
[2024-10-14T10:32:13.620254][INFO][seed34] No feasible solution... resampling
[2024-10-14T10:32:13.633145][INFO][seed106] Sampled 2900 data instances
[2024-10-14T10:32:13.634035][INFO][seed42] No feasible solution... resampling
[2024-10-14T10:32:13.634042][INFO][seed106] Starting exact inference 
[2024-10-14T10:32:13.641845][INFO][seed162] Sampled 2500 data instances
[2024-10-14T10:32:13.648906][INFO][seed162] Starting exact inference 
[2024-10-14T10:32:13.658674][INFO][seed64] Sampled 9700 data instances
[2024-10-14T10:32:13.658974][INFO][seed64] Starting exact inference 
[2024-10-14T10:32:13.655901][INFO][seed60] PS(V1,V0) in [0.0, 0.0]
[2024-10-14T10:32:13.656539][INFO][seed60] No feasible solution... resampling
[2024-10-14T10:32:13.671512][INFO][seed31] No feasible solution... resampling
[2024-10-14T10:32:13.667867][INFO][seed4] PS(V1,V0) in [0.0, 0.0]
[2024-10-14T10:32:13.668314][INFO][seed4] No feasible solution... resampling
[2024-10-14T10:32:13.676256][INFO][seed34] Sampled 7400 data instances
[2024-10-14T10:32:13.676329][INFO][seed34] Starting exact inference 
[2024-10-14T10:32:13.674231][INFO][seed146] No feasible solution... resampling
[2024-10-14T10:32:13.689063][INFO][seed60] Sampled 3400 data instances
[2024-10-14T10:32:13.695570][INFO][seed42] Sampled 2400 data instances
[2024-10-14T10:32:13.695887][INFO][seed42] Starting exact inference 
[2024-10-14T10:32:13.692359][INFO][seed60] Starting exact inference 
[2024-10-14T10:32:13.708546][INFO][seed31] Sampled 2600 data instances
[2024-10-14T10:32:13.709052][INFO][seed146] Sampled 4000 data instances
[2024-10-14T10:32:13.709148][INFO][seed146] Starting exact inference 
[2024-10-14T10:32:13.702322][INFO][seed64] PS(V1,V0) in [0.0, 0.0]
[2024-10-14T10:32:13.702698][INFO][seed64] No feasible solution... resampling
[2024-10-14T10:32:13.715522][INFO][seed31] Starting exact inference 
[2024-10-14T10:32:13.716008][INFO][seed4] Sampled 6200 data instances
[2024-10-14T10:32:13.716317][INFO][seed4] Starting exact inference 
[2024-10-14T10:32:13.731468][INFO][seed106] No feasible solution... resampling
[2024-10-14T10:32:13.742870][INFO][seed34] No feasible solution... resampling
[2024-10-14T10:32:13.742900][INFO][seed162] No feasible solution... resampling
[2024-10-14T10:32:13.757346][INFO][seed4] PS(V1,V0) in [0.0, 0.0]
[2024-10-14T10:32:13.757832][INFO][seed4] No feasible solution... resampling
[2024-10-14T10:32:13.766160][INFO][seed106] Sampled 3000 data instances
[2024-10-14T10:32:13.767878][INFO][seed106] Starting exact inference 
[2024-10-14T10:32:13.768980][INFO][seed60] PS(V1,V0) in [0.0, 0.0]
[2024-10-14T10:32:13.769581][INFO][seed60] No feasible solution... resampling
[2024-10-14T10:32:13.775753][INFO][seed42] No feasible solution... resampling
['genn.py', '1', '0.6', '0.5', '134', '3']
[2024-10-14T10:32:13.784028][INFO][seed64] Sampled 9800 data instances
[2024-10-14T10:32:13.784326][INFO][seed64] Starting exact inference 
[2024-10-14T10:32:13.783081][INFO][seed146] No feasible solution... resampling
[2024-10-14T10:32:13.788095][INFO][seed162] Sampled 2600 data instances
[2024-10-14T10:32:13.794049][INFO][seed60] Sampled 3500 data instances
[2024-10-14T10:32:13.794527][INFO][seed162] Starting exact inference 
[2024-10-14T10:32:13.799577][INFO][seed34] Sampled 7500 data instances
[2024-10-14T10:32:13.799673][INFO][seed34] Starting exact inference 
[2024-10-14T10:32:13.798372][INFO][seed31] No feasible solution... resampling
[2024-10-14T10:32:13.809976][INFO][seed60] Starting exact inference 
[2024-10-14T10:32:13.809943][INFO][seed4] Sampled 6300 data instances
[2024-10-14T10:32:13.810259][INFO][seed4] Starting exact inference 
Error in variable: 2
[2024-10-14T10:32:13.818663][INFO][seed106] No feasible solution... resampling
1 0.6 0.5 134
/mnt/beegfs/rcabanas/dev/credici/papers/zeros/code/GenerateNparents.java
[2024-10-14T10:32:13.826248][INFO][seed146] Sampled 4100 data instances
[2024-10-14T10:32:13.826347][INFO][seed146] Starting exact inference 
[2024-10-14T10:32:13.824982][INFO][seed64] PS(V1,V0) in [0.0, 0.0]
[2024-10-14T10:32:13.825365][INFO][seed64] No feasible solution... resampling
[2024-10-14T10:32:13.832488][INFO][seed31] Sampled 2700 data instances
[2024-10-14T10:32:13.832666][INFO][seed42] Sampled 2500 data instances
[2024-10-14T10:32:13.832910][INFO][seed42] Starting exact inference 
[2024-10-14T10:32:13.832751][INFO][seed31] Starting exact inference 
[2024-10-14T10:32:13.835755][INFO][seed34] No feasible solution... resampling
[2024-10-14T10:32:13.855393][INFO][seed106] Sampled 3100 data instances
[2024-10-14T10:32:13.855630][INFO][seed106] Starting exact inference 
[2024-10-14T10:32:13.848153][INFO][seed4] PS(V1,V0) in [0.0, 0.0]
[2024-10-14T10:32:13.848589][INFO][seed4] No feasible solution... resampling
[2024-10-14T10:32:13.873491][INFO][seed60] PS(V1,V0) in [0.0, 0.0]
[2024-10-14T10:32:13.874233][INFO][seed60] No feasible solution... resampling
[2024-10-14T10:32:13.878806][INFO][seed162] No feasible solution... resampling
[2024-10-14T10:32:13.881029][INFO][seed146] No feasible solution... resampling
[2024-10-14T10:32:13.892084][INFO][seed34] Sampled 7600 data instances
[2024-10-14T10:32:13.892165][INFO][seed34] Starting exact inference 
[2024-10-14T10:32:13.899870][INFO][seed4] Sampled 6400 data instances
[2024-10-14T10:32:13.900192][INFO][seed4] Starting exact inference 
[2024-10-14T10:32:13.911788][INFO][seed146] Sampled 4200 data instances
[2024-10-14T10:32:13.911876][INFO][seed146] Starting exact inference 
[2024-10-14T10:32:13.912286][INFO][seed64] Sampled 9900 data instances
[2024-10-14T10:32:13.912595][INFO][seed64] Starting exact inference 
[2024-10-14T10:32:13.917623][INFO][seed162] Sampled 2700 data instances
[2024-10-14T10:32:13.918211][INFO][seed162] Starting exact inference 
[2024-10-14T10:32:13.923647][INFO][seed60] Sampled 3600 data instances
[2024-10-14T10:32:13.923763][INFO][seed60] Starting exact inference 
[2024-10-14T10:32:13.922298][INFO][seed31] No feasible solution... resampling
[2024-10-14T10:32:13.927875][INFO][seed42] No feasible solution... resampling
[2024-10-14T10:32:13.934521][INFO][seed106] No feasible solution... resampling
[2024-10-14T10:32:13.944666][INFO][seed4] PS(V1,V0) in [0.0, 0.0]
[2024-10-14T10:32:13.945136][INFO][seed4] No feasible solution... resampling
[2024-10-14T10:32:13.951729][INFO][seed42] Sampled 2600 data instances
[2024-10-14T10:32:13.957084][INFO][seed42] Starting exact inference 
[2024-10-14T10:32:13.946584][INFO][seed31] Sampled 2800 data instances
[2024-10-14T10:32:13.957730][INFO][seed31] Starting exact inference 
[2024-10-14T10:32:13.952791][INFO][seed64] PS(V1,V0) in [0.0, 0.0]
[2024-10-14T10:32:13.953194][INFO][seed64] No feasible solution... resampling
[2024-10-14T10:32:13.965177][INFO][seed106] Sampled 3200 data instances
[2024-10-14T10:32:13.965464][INFO][seed34] No feasible solution... resampling
[2024-10-14T10:32:13.971757][INFO][seed106] Starting exact inference 
[2024-10-14T10:32:13.975641][INFO][seed146] No feasible solution... resampling
[2024-10-14T10:32:14.002130][INFO][seed4] Sampled 6500 data instances
[2024-10-14T10:32:14.001766][INFO][seed60] PS(V1,V0) in [0.0, 0.0]
[2024-10-14T10:32:14.002385][INFO][seed60] No feasible solution... resampling
[2024-10-14T10:32:14.002441][INFO][seed4] Starting exact inference 
[2024-10-14T10:32:14.005403][INFO][seed162] No feasible solution... resampling
[2024-10-14T10:32:14.007322][INFO][seed146] Sampled 4300 data instances
[2024-10-14T10:32:14.007398][INFO][seed146] Starting exact inference 
[2024-10-14T10:32:14.022230][INFO][seed34] Sampled 7700 data instances
[2024-10-14T10:32:14.022313][INFO][seed34] Starting exact inference 
[2024-10-14T10:32:14.005932][INFO][seed199] Set up logging
[2024-10-14T10:32:14.028651][INFO][seed199] args: -np;1;-nzr;0.6;-zdr;0.5;-o;/mnt/beegfs/rcabanas/dev/credici/papers/zeros/models/s3;-rw;-s;199;-ys;3
[2024-10-14T10:32:14.030466][INFO][seed199] Starting logger with seed 199
[2024-10-14T10:32:14.038742][INFO][seed42] No feasible solution... resampling
[2024-10-14T10:32:14.042451][INFO][seed60] Sampled 3700 data instances
[2024-10-14T10:32:14.042871][INFO][seed60] Starting exact inference 
[2024-10-14T10:32:14.038874][INFO][seed31] No feasible solution... resampling
[2024-10-14T10:32:14.037864][INFO][seed4] PS(V1,V0) in [0.0, 0.0]
[2024-10-14T10:32:14.038304][INFO][seed4] No feasible solution... resampling
[2024-10-14T10:32:14.043748][INFO][seed64] Sampled 10000 data instances
[2024-10-14T10:32:14.043970][INFO][seed64] Starting exact inference 
[2024-10-14T10:32:14.047459][INFO][seed199] simple_nparents1_nzr06_zdr05_ysize3_199
[2024-10-14T10:32:14.049560][INFO][seed162] Sampled 2800 data instances
[2024-10-14T10:32:14.050517][INFO][seed162] Starting exact inference 
[2024-10-14T10:32:14.057256][INFO][seed34] No feasible solution... resampling
[2024-10-14T10:32:14.058617][INFO][seed106] No feasible solution... resampling
[2024-10-14T10:32:14.071187][INFO][seed31] Sampled 2900 data instances
[2024-10-14T10:32:14.077078][INFO][seed31] Starting exact inference 
[2024-10-14T10:32:14.076316][INFO][seed146] No feasible solution... resampling
[2024-10-14T10:32:14.080707][INFO][seed42] Sampled 2700 data instances
[2024-10-14T10:32:14.081003][INFO][seed42] Starting exact inference 
[2024-10-14T10:32:14.085268][INFO][seed64] PS(V1,V0) in [0.0, 0.0]
[2024-10-14T10:32:14.085655][INFO][seed64] No feasible solution... resampling
[2024-10-14T10:32:14.085724][SEVERE][seed64] java.lang.IllegalStateException: Unable to generate compatible data
[2024-10-14T10:32:14.085738][INFO][seed64] Closing log file
[2024-10-14T10:32:14.085748][INFO][seed64] Closed log file
[2024-10-14T10:32:14.088474][INFO][seed4] Sampled 6600 data instances
[2024-10-14T10:32:14.088789][INFO][seed4] Starting exact inference 
[2024-10-14T10:32:14.089168][INFO][seed106] Sampled 3300 data instances
[2024-10-14T10:32:14.097073][INFO][seed106] Starting exact inference 
[2024-10-14T10:32:14.115550][INFO][seed34] Sampled 7800 data instances
[2024-10-14T10:32:14.115633][INFO][seed34] Starting exact inference 
[2024-10-14T10:32:14.115929][INFO][seed146] Sampled 4400 data instances
[2024-10-14T10:32:14.116147][INFO][seed146] Starting exact inference 
[2024-10-14T10:32:14.123454][INFO][seed60] PS(V1,V0) in [0.0, 0.0]
[2024-10-14T10:32:14.124][INFO][seed60] No feasible solution... resampling
[2024-10-14T10:32:14.138226][INFO][seed162] No feasible solution... resampling
[2024-10-14T10:32:14.144250][INFO][seed34] No feasible solution... resampling
[2024-10-14T10:32:14.150038][INFO][seed4] PS(V1,V0) in [0.0, 0.0]
[2024-10-14T10:32:14.150461][INFO][seed4] No feasible solution... resampling
[2024-10-14T10:32:14.152736][INFO][seed146] No feasible solution... resampling
[2024-10-14T10:32:14.159759][INFO][seed42] No feasible solution... resampling
[2024-10-14T10:32:14.165463][INFO][seed60] Sampled 3800 data instances
[2024-10-14T10:32:14.165677][INFO][seed60] Starting exact inference 
[2024-10-14T10:32:14.142158][INFO][seed69] Set up logging
[2024-10-14T10:32:14.167272][INFO][seed69] args: -np;1;-nzr;0.6;-zdr;0.5;-o;/mnt/beegfs/rcabanas/dev/credici/papers/zeros/models/s3;-rw;-s;69;-ys;3
[2024-10-14T10:32:14.167343][INFO][seed162] Sampled 2900 data instances
[2024-10-14T10:32:14.166435][INFO][seed31] No feasible solution... resampling
[2024-10-14T10:32:14.171108][INFO][seed69] Starting logger with seed 69
[2024-10-14T10:32:14.176820][INFO][seed162] Starting exact inference 
[2024-10-14T10:32:14.178571][INFO][seed106] No feasible solution... resampling
[2024-10-14T10:32:14.185397][INFO][seed146] Sampled 4500 data instances
[2024-10-14T10:32:14.185614][INFO][seed146] Starting exact inference 
[2024-10-14T10:32:14.190725][INFO][seed31] Sampled 3000 data instances
[2024-10-14T10:32:14.201421][INFO][seed4] Sampled 6700 data instances
[2024-10-14T10:32:14.201732][INFO][seed4] Starting exact inference 
[2024-10-14T10:32:14.202426][INFO][seed42] Sampled 2800 data instances
[2024-10-14T10:32:14.203387][INFO][seed42] Starting exact inference 
[2024-10-14T10:32:14.209582][INFO][seed34] Sampled 7900 data instances
[2024-10-14T10:32:14.209825][INFO][seed34] Starting exact inference 
[2024-10-14T10:32:14.210057][INFO][seed31] Starting exact inference 
[2024-10-14T10:32:14.210646][INFO][seed106] Sampled 3400 data instances
[2024-10-14T10:32:14.222766][INFO][seed69] simple_nparents1_nzr06_zdr05_ysize3_69
[2024-10-14T10:32:14.223389][INFO][seed60] PS(V1,V0) in [0.0, 0.0]
[2024-10-14T10:32:14.223927][INFO][seed60] No feasible solution... resampling
[2024-10-14T10:32:14.230059][INFO][seed106] Starting exact inference 
[2024-10-14T10:32:14.238311][INFO][seed4] PS(V1,V0) in [0.0, 0.0]
[2024-10-14T10:32:14.238775][INFO][seed4] No feasible solution... resampling
[2024-10-14T10:32:14.242155][INFO][seed146] No feasible solution... resampling
[2024-10-14T10:32:14.238622][INFO][seed30] Set up logging
[2024-10-14T10:32:14.250286][INFO][seed30] args: -np;1;-nzr;0.6;-zdr;0.5;-o;/mnt/beegfs/rcabanas/dev/credici/papers/zeros/models/s3;-rw;-s;30;-ys;3
[2024-10-14T10:32:14.251190][INFO][seed34] No feasible solution... resampling
[2024-10-14T10:32:14.258276][INFO][seed30] Starting logger with seed 30
[2024-10-14T10:32:14.242206][INFO][seed115] Set up logging
[2024-10-14T10:32:14.262645][INFO][seed115] args: -np;1;-nzr;0.6;-zdr;0.5;-o;/mnt/beegfs/rcabanas/dev/credici/papers/zeros/models/s3;-rw;-s;115;-ys;3
[2024-10-14T10:32:14.267078][INFO][seed60] Sampled 3900 data instances
[2024-10-14T10:32:14.267337][INFO][seed60] Starting exact inference 
[2024-10-14T10:32:14.269296][INFO][seed30] simple_nparents1_nzr06_zdr05_ysize3_30
[2024-10-14T10:32:14.266419][INFO][seed162] No feasible solution... resampling
[2024-10-14T10:32:14.275486][INFO][seed146] Sampled 4600 data instances
[2024-10-14T10:32:14.275562][INFO][seed146] Starting exact inference 
[2024-10-14T10:32:14.276093][INFO][seed199] U cardinality: 9
[2024-10-14T10:32:14.276202][INFO][seed115] Starting logger with seed 115
[2024-10-14T10:32:14.280035][INFO][seed31] No feasible solution... resampling
[2024-10-14T10:32:14.281780][INFO][seed199] !0 = [1, 2, 3, 4, 5]
[2024-10-14T10:32:14.282282][INFO][seed199] 0 = [0, 6, 7, 8]
[2024-10-14T10:32:14.272111][INFO][seed78] Set up logging
[2024-10-14T10:32:14.283190][INFO][seed78] args: -np;1;-nzr;0.6;-zdr;0.5;-o;/mnt/beegfs/rcabanas/dev/credici/papers/zeros/models/s3;-rw;-s;78;-ys;3
[2024-10-14T10:32:14.273569][INFO][seed149] Set up logging
[2024-10-14T10:32:14.287778][INFO][seed115] simple_nparents1_nzr06_zdr05_ysize3_115
[2024-10-14T10:32:14.288524][INFO][seed199] Dropping state 7
[2024-10-14T10:32:14.288738][INFO][seed149] args: -np;1;-nzr;0.6;-zdr;0.5;-o;/mnt/beegfs/rcabanas/dev/credici/papers/zeros/models/s3;-rw;-s;149;-ys;3
[2024-10-14T10:32:14.286519][INFO][seed42] No feasible solution... resampling
[2024-10-14T10:32:14.293424][INFO][seed149] Starting logger with seed 149
[2024-10-14T10:32:14.293821][INFO][seed199] U cardinality: 8
[2024-10-14T10:32:14.299486][INFO][seed199] 
[P([3]) [0.113, 0.887], P([2]) [0.0, 0.744, 0.002, 0.001, 0.001, 0.252, 0.0, 0.0], P([1, 3]) [1.0, 0.0, 0.0, 1.0], P([0, 1, 2]) [1.0, 0.0, 0.0, 1.0, 0.0, 0.0, 1.0, 0.0, 0.0, 0.0, 1.0, 0.0, 1.0, 0.0, 0.0, 0.0, 0.0, 1.0, 0.0, 1.0, 0.0, 1.0, 0.0, 0.0, 0.0, 1.0, 0.0, 0.0, 1.0, 0.0, 0.0, 1.0, 0.0, 0.0, 0.0, 1.0, 0.0, 0.0, 1.0, 1.0, 0.0, 0.0, 0.0, 0.0, 1.0, 0.0, 0.0, 1.0]]

[2024-10-14T10:32:14.299855][INFO][seed4] Sampled 6800 data instances
[2024-10-14T10:32:14.300156][INFO][seed4] Starting exact inference 
[2024-10-14T10:32:14.269002][INFO][seed172] Set up logging
[2024-10-14T10:32:14.300562][INFO][seed172] args: -np;1;-nzr;0.6;-zdr;0.5;-o;/mnt/beegfs/rcabanas/dev/credici/papers/zeros/models/s3;-rw;-s;172;-ys;3
[2024-10-14T10:32:14.297271][INFO][seed78] Starting logger with seed 78
[2024-10-14T10:32:14.305329][INFO][seed78] simple_nparents1_nzr06_zdr05_ysize3_78
[2024-10-14T10:32:14.302592][INFO][seed172] Starting logger with seed 172
[2024-10-14T10:32:14.307958][INFO][seed149] simple_nparents1_nzr06_zdr05_ysize3_149
[2024-10-14T10:32:14.310969][INFO][seed34] Sampled 8000 data instances
[2024-10-14T10:32:14.311056][INFO][seed34] Starting exact inference 
[2024-10-14T10:32:14.312370][INFO][seed172] simple_nparents1_nzr06_zdr05_ysize3_172
[2024-10-14T10:32:14.313123][INFO][seed162] Sampled 3000 data instances
[2024-10-14T10:32:14.313381][INFO][seed162] Starting exact inference 
[2024-10-14T10:32:14.313213][INFO][seed106] No feasible solution... resampling
[2024-10-14T10:32:14.319994][INFO][seed31] Sampled 3100 data instances
[2024-10-14T10:32:14.328133][INFO][seed31] Starting exact inference 
[2024-10-14T10:32:14.323325][INFO][seed60] PS(V1,V0) in [0.0, 0.0]
[2024-10-14T10:32:14.323861][INFO][seed60] No feasible solution... resampling
[2024-10-14T10:32:14.334503][INFO][seed42] Sampled 2900 data instances
[2024-10-14T10:32:14.334780][INFO][seed42] Starting exact inference 
[2024-10-14T10:32:14.329072][INFO][seed146] No feasible solution... resampling
[2024-10-14T10:32:14.338837][INFO][seed4] PS(V1,V0) in [0.0, 0.0]
[2024-10-14T10:32:14.339447][INFO][seed4] No feasible solution... resampling
[2024-10-14T10:32:14.344918][INFO][seed106] Sampled 3500 data instances
[2024-10-14T10:32:14.346485][INFO][seed34] No feasible solution... resampling
[2024-10-14T10:32:14.357080][INFO][seed106] Starting exact inference 
[2024-10-14T10:32:14.364751][INFO][seed146] Sampled 4700 data instances
[2024-10-14T10:32:14.364830][INFO][seed146] Starting exact inference 
[2024-10-14T10:32:14.373276][INFO][seed60] Sampled 4000 data instances
[2024-10-14T10:32:14.373398][INFO][seed60] Starting exact inference 
[2024-10-14T10:32:14.391044][INFO][seed69] U cardinality: 9
[2024-10-14T10:32:14.391839][INFO][seed4] Sampled 6900 data instances
[2024-10-14T10:32:14.392157][INFO][seed4] Starting exact inference 
[2024-10-14T10:32:14.395926][INFO][seed69] !0 = [0, 3, 5, 7, 8]
[2024-10-14T10:32:14.396327][INFO][seed69] 0 = [1, 2, 4, 6]
[2024-10-14T10:32:14.401477][INFO][seed69] Dropping state 6
[2024-10-14T10:32:14.404056][INFO][seed69] U cardinality: 8
[2024-10-14T10:32:14.405281][INFO][seed34] Sampled 8100 data instances
[2024-10-14T10:32:14.400931][INFO][seed31] No feasible solution... resampling
[2024-10-14T10:32:14.401616][INFO][seed162] No feasible solution... resampling
[2024-10-14T10:32:14.405357][INFO][seed34] Starting exact inference 
Error in variable: 2
[2024-10-14T10:32:14.399613][INFO][seed106] No feasible solution... resampling
[2024-10-14T10:32:14.408624][INFO][seed69] 
[P([3]) [0.275, 0.725], P([2]) [0.001, 0.0, 0.0, 0.001, 0.0, 0.034, 0.003, 0.961], P([1, 3]) [1.0, 0.0, 0.0, 1.0], P([0, 1, 2]) [1.0, 0.0, 0.0, 1.0, 0.0, 0.0, 1.0, 0.0, 0.0, 0.0, 1.0, 0.0, 1.0, 0.0, 0.0, 0.0, 0.0, 1.0, 0.0, 1.0, 0.0, 1.0, 0.0, 0.0, 0.0, 1.0, 0.0, 0.0, 1.0, 0.0, 0.0, 1.0, 0.0, 0.0, 0.0, 1.0, 0.0, 0.0, 1.0, 0.0, 1.0, 0.0, 0.0, 0.0, 1.0, 0.0, 0.0, 1.0]]

[2024-10-14T10:32:14.416159][INFO][seed42] No feasible solution... resampling
[2024-10-14T10:32:14.425448][INFO][seed146] No feasible solution... resampling
[2024-10-14T10:32:14.406506][INFO][seed17] Set up logging
[2024-10-14T10:32:14.435907][INFO][seed17] args: -np;1;-nzr;0.6;-zdr;0.5;-o;/mnt/beegfs/rcabanas/dev/credici/papers/zeros/models/s3;-rw;-s;17;-ys;3
[2024-10-14T10:32:14.436937][INFO][seed4] PS(V1,V0) in [0.0, 0.0]
[2024-10-14T10:32:14.435230][INFO][seed60] PS(V1,V0) in [0.0, 0.0]
[2024-10-14T10:32:14.435811][INFO][seed60] No feasible solution... resampling
[2024-10-14T10:32:14.439294][INFO][seed162] Sampled 3100 data instances
[2024-10-14T10:32:14.440220][INFO][seed106] Sampled 3600 data instances
[2024-10-14T10:32:14.437601][INFO][seed17] Starting logger with seed 17
[2024-10-14T10:32:14.437890][INFO][seed4] No feasible solution... resampling
[2024-10-14T10:32:14.439579][INFO][seed162] Starting exact inference 
[2024-10-14T10:32:14.440443][INFO][seed106] Starting exact inference 
[2024-10-14T10:32:14.440309][INFO][seed34] No feasible solution... resampling
[2024-10-14T10:32:14.445320][INFO][seed17] simple_nparents1_nzr06_zdr05_ysize3_17
[2024-10-14T10:32:14.448110][INFO][seed31] Sampled 3200 data instances
[2024-10-14T10:32:14.449619][INFO][seed42] Sampled 3000 data instances
[2024-10-14T10:32:14.452788][INFO][seed31] Starting exact inference 
[2024-10-14T10:32:14.457071][INFO][seed42] Starting exact inference 
[2024-10-14T10:32:14.467346][INFO][seed146] Sampled 4800 data instances
[2024-10-14T10:32:14.467588][INFO][seed146] Starting exact inference 
[2024-10-14T10:32:14.479262][INFO][seed60] Sampled 4100 data instances
[2024-10-14T10:32:14.479377][INFO][seed60] Starting exact inference 
['genn.py', '1', '0.6', '0.5', '19', '3']
Error in variable: 2
[2024-10-14T10:32:14.485200][INFO][seed106] No feasible solution... resampling
[2024-10-14T10:32:14.490548][INFO][seed4] Sampled 7000 data instances
[2024-10-14T10:32:14.490840][INFO][seed4] Starting exact inference 
[2024-10-14T10:32:14.499548][INFO][seed199] Sampled 1000 data instances
[2024-10-14T10:32:14.499872][INFO][seed199] Starting exact inference 
[2024-10-14T10:32:14.504519][INFO][seed34] Sampled 8200 data instances
[2024-10-14T10:32:14.504749][INFO][seed34] Starting exact inference 
[2024-10-14T10:32:14.500784][INFO][seed146] No feasible solution... resampling
[2024-10-14T10:32:14.514759][INFO][seed106] Sampled 3700 data instances
[2024-10-14T10:32:14.517682][INFO][seed115] U cardinality: 9
[2024-10-14T10:32:14.522807][INFO][seed115] !0 = [0, 1, 2, 5, 7]
[2024-10-14T10:32:14.523335][INFO][seed115] 0 = [3, 4, 6, 8]
1 0.6 0.5 19
/mnt/beegfs/rcabanas/dev/credici/papers/zeros/code/GenerateNparents.java
[2024-10-14T10:32:14.527836][INFO][seed106] Starting exact inference 
[2024-10-14T10:32:14.529057][INFO][seed149] U cardinality: 9
[2024-10-14T10:32:14.534007][INFO][seed149] !0 = [1, 4, 5, 7, 8]
[2024-10-14T10:32:14.534430][INFO][seed149] 0 = [0, 2, 3, 6]
[2024-10-14T10:32:14.535285][INFO][seed30] U cardinality: 9
[2024-10-14T10:32:14.533250][INFO][seed42] No feasible solution... resampling
[2024-10-14T10:32:14.537159][INFO][seed146] Sampled 4900 data instances
[2024-10-14T10:32:14.537245][INFO][seed146] Starting exact inference 
[2024-10-14T10:32:14.534622][INFO][seed162] No feasible solution... resampling
[2024-10-14T10:32:14.538699][INFO][seed115] Dropping state 8
[2024-10-14T10:32:14.539318][INFO][seed115] Dropping state 6
[2024-10-14T10:32:14.541436][INFO][seed115] U cardinality: 7
[2024-10-14T10:32:14.538687][INFO][seed31] No feasible solution... resampling
[2024-10-14T10:32:14.540404][INFO][seed30] !0 = [1, 3, 4, 6, 8]
[2024-10-14T10:32:14.535851][INFO][seed60] PS(V1,V0) in [0.0, 0.0]
[2024-10-14T10:32:14.536468][INFO][seed60] No feasible solution... resampling
[2024-10-14T10:32:14.541777][INFO][seed149] Dropping state 3
[2024-10-14T10:32:14.542943][INFO][seed149] Dropping state 2
[2024-10-14T10:32:14.540853][INFO][seed30] 0 = [0, 2, 5, 7]
[2024-10-14T10:32:14.543635][INFO][seed149] Dropping state 0
[2024-10-14T10:32:14.546244][INFO][seed115] 
[P([3]) [0.45, 0.55], P([2]) [0.019, 0.728, 0.009, 0.0, 0.0, 0.075, 0.169], P([1, 3]) [1.0, 0.0, 0.0, 1.0], P([0, 1, 2]) [1.0, 0.0, 0.0, 1.0, 0.0, 0.0, 1.0, 0.0, 0.0, 0.0, 1.0, 0.0, 1.0, 0.0, 0.0, 0.0, 0.0, 1.0, 0.0, 1.0, 0.0, 1.0, 0.0, 0.0, 0.0, 1.0, 0.0, 0.0, 1.0, 0.0, 0.0, 1.0, 0.0, 0.0, 0.0, 1.0, 0.0, 0.0, 1.0, 0.0, 1.0, 0.0]]

[2024-10-14T10:32:14.540493][INFO][seed4] PS(V1,V0) in [0.0, 0.0]
[2024-10-14T10:32:14.540959][INFO][seed4] No feasible solution... resampling
[2024-10-14T10:32:14.548916][INFO][seed30] Dropping state 7
[2024-10-14T10:32:14.548971][INFO][seed149] U cardinality: 6
[2024-10-14T10:32:14.550598][INFO][seed30] Dropping state 2
[2024-10-14T10:32:14.552496][INFO][seed172] U cardinality: 9
[2024-10-14T10:32:14.554129][INFO][seed30] U cardinality: 7
[2024-10-14T10:32:14.557498][INFO][seed172] !0 = [1, 2, 4, 6, 7]
[2024-10-14T10:32:14.558016][INFO][seed172] 0 = [0, 3, 5, 8]
[2024-10-14T10:32:14.560416][INFO][seed149] 
[P([3]) [0.256, 0.744], P([2]) [0.532, 0.178, 0.001, 0.0, 0.002, 0.287], P([1, 3]) [1.0, 0.0, 0.0, 1.0], P([0, 1, 2]) [1.0, 0.0, 0.0, 0.0, 1.0, 0.0, 0.0, 1.0, 0.0, 0.0, 1.0, 0.0, 0.0, 1.0, 0.0, 0.0, 0.0, 1.0, 0.0, 0.0, 1.0, 1.0, 0.0, 0.0, 0.0, 0.0, 1.0, 0.0, 1.0, 0.0, 0.0, 0.0, 1.0, 0.0, 0.0, 1.0]]

[2024-10-14T10:32:14.565897][INFO][seed78] U cardinality: 9
[2024-10-14T10:32:14.566655][INFO][seed172] Dropping state 8
[2024-10-14T10:32:14.568518][INFO][seed172] Dropping state 0
[2024-10-14T10:32:14.568483][INFO][seed42] Sampled 3100 data instances
[2024-10-14T10:32:14.569454][INFO][seed31] Sampled 3300 data instances
[2024-10-14T10:32:14.571337][INFO][seed172] U cardinality: 7
[2024-10-14T10:32:14.572834][INFO][seed30] 
[P([3]) [0.483, 0.517], P([2]) [0.0, 0.001, 0.871, 0.002, 0.0, 0.042, 0.084], P([1, 3]) [1.0, 0.0, 0.0, 1.0], P([0, 1, 2]) [1.0, 0.0, 0.0, 1.0, 0.0, 0.0, 1.0, 0.0, 0.0, 0.0, 1.0, 0.0, 0.0, 1.0, 0.0, 1.0, 0.0, 0.0, 0.0, 1.0, 0.0, 0.0, 1.0, 0.0, 0.0, 1.0, 0.0, 0.0, 0.0, 1.0, 0.0, 0.0, 1.0, 1.0, 0.0, 0.0, 0.0, 0.0, 1.0, 0.0, 0.0, 1.0]]

[2024-10-14T10:32:14.575081][INFO][seed60] Sampled 4200 data instances
[2024-10-14T10:32:14.575178][INFO][seed60] Starting exact inference 
[2024-10-14T10:32:14.569466][INFO][seed148] Set up logging
[2024-10-14T10:32:14.574304][INFO][seed162] Sampled 3200 data instances
[2024-10-14T10:32:14.577068][INFO][seed42] Starting exact inference 
[2024-10-14T10:32:14.577080][INFO][seed31] Starting exact inference 
[2024-10-14T10:32:14.574527][INFO][seed162] Starting exact inference 
[2024-10-14T10:32:14.577427][INFO][seed78] !0 = [1, 3, 4, 6, 8]
[2024-10-14T10:32:14.577877][INFO][seed78] 0 = [0, 2, 5, 7]
[2024-10-14T10:32:14.573983][INFO][seed146] No feasible solution... resampling
[2024-10-14T10:32:14.576819][INFO][seed34] No feasible solution... resampling
[2024-10-14T10:32:14.578323][INFO][seed148] args: -np;1;-nzr;0.6;-zdr;0.5;-o;/mnt/beegfs/rcabanas/dev/credici/papers/zeros/models/s3;-rw;-s;148;-ys;3
[2024-10-14T10:32:14.582677][INFO][seed172] 
[P([3]) [0.374, 0.626], P([2]) [0.063, 0.004, 0.0, 0.012, 0.0, 0.325, 0.596], P([1, 3]) [1.0, 0.0, 0.0, 1.0], P([0, 1, 2]) [1.0, 0.0, 0.0, 0.0, 1.0, 0.0, 1.0, 0.0, 0.0, 0.0, 0.0, 1.0, 0.0, 1.0, 0.0, 1.0, 0.0, 0.0, 0.0, 1.0, 0.0, 0.0, 1.0, 0.0, 0.0, 1.0, 0.0, 0.0, 0.0, 1.0, 0.0, 0.0, 1.0, 1.0, 0.0, 0.0, 0.0, 0.0, 1.0, 0.0, 1.0, 0.0]]

[2024-10-14T10:32:14.585386][INFO][seed78] Dropping state 0
[2024-10-14T10:32:14.589460][INFO][seed78] U cardinality: 8
[2024-10-14T10:32:14.590085][INFO][seed148] Starting logger with seed 148
[2024-10-14T10:32:14.596797][INFO][seed148] simple_nparents1_nzr06_zdr05_ysize3_148
[2024-10-14T10:32:14.600711][INFO][seed78] 
[P([3]) [0.749, 0.251], P([2]) [0.239, 0.0, 0.002, 0.099, 0.0, 0.001, 0.0, 0.659], P([1, 3]) [1.0, 0.0, 0.0, 1.0], P([0, 1, 2]) [1.0, 0.0, 0.0, 0.0, 1.0, 0.0, 1.0, 0.0, 0.0, 0.0, 0.0, 1.0, 0.0, 1.0, 0.0, 1.0, 0.0, 0.0, 0.0, 1.0, 0.0, 0.0, 1.0, 0.0, 0.0, 1.0, 0.0, 0.0, 0.0, 1.0, 0.0, 0.0, 1.0, 1.0, 0.0, 0.0, 0.0, 0.0, 1.0, 0.0, 1.0, 0.0, 0.0, 0.0, 1.0, 0.0, 0.0, 1.0]]

[2024-10-14T10:32:14.605143][INFO][seed4] Sampled 7100 data instances
[2024-10-14T10:32:14.605425][INFO][seed4] Starting exact inference 
[2024-10-14T10:32:14.610144][INFO][seed146] Sampled 5000 data instances
[2024-10-14T10:32:14.610229][INFO][seed146] Starting exact inference 
[2024-10-14T10:32:14.606175][INFO][seed106] No feasible solution... resampling
[2024-10-14T10:32:14.612089][INFO][seed69] Sampled 1000 data instances
[2024-10-14T10:32:14.612343][INFO][seed69] Starting exact inference 
[2024-10-14T10:32:14.609537][INFO][seed60] PS(V1,V0) in [0.0, 0.0]
[2024-10-14T10:32:14.610005][INFO][seed60] No feasible solution... resampling
[2024-10-14T10:32:14.639965][INFO][seed146] No feasible solution... resampling
[2024-10-14T10:32:14.647074][INFO][seed162] No feasible solution... resampling
[2024-10-14T10:32:14.645207][INFO][seed4] PS(V1,V0) in [0.0, 0.0]
[2024-10-14T10:32:14.645640][INFO][seed4] No feasible solution... resampling
[2024-10-14T10:32:14.649623][INFO][seed31] No feasible solution... resampling
[2024-10-14T10:32:14.655915][INFO][seed106] Sampled 3800 data instances
[2024-10-14T10:32:14.656174][INFO][seed106] Starting exact inference 
[2024-10-14T10:32:14.660927][INFO][seed60] Sampled 4300 data instances
[2024-10-14T10:32:14.661155][INFO][seed60] Starting exact inference 
[2024-10-14T10:32:14.658609][INFO][seed42] No feasible solution... resampling
[2024-10-14T10:32:14.671220][INFO][seed34] Sampled 8300 data instances
[2024-10-14T10:32:14.671437][INFO][seed34] Starting exact inference 
[2024-10-14T10:32:14.676047][INFO][seed146] Sampled 5100 data instances
[2024-10-14T10:32:14.676123][INFO][seed146] Starting exact inference 
[2024-10-14T10:32:14.679922][INFO][seed17] U cardinality: 9
[2024-10-14T10:32:14.683870][INFO][seed162] Sampled 3300 data instances
[2024-10-14T10:32:14.684123][INFO][seed162] Starting exact inference 
[2024-10-14T10:32:14.660978][INFO][seed87] Set up logging
[2024-10-14T10:32:14.688166][INFO][seed87] args: -np;1;-nzr;0.6;-zdr;0.5;-o;/mnt/beegfs/rcabanas/dev/credici/papers/zeros/models/s3;-rw;-s;87;-ys;3
[2024-10-14T10:32:14.689529][INFO][seed42] Sampled 3200 data instances
[2024-10-14T10:32:14.692563][INFO][seed87] Starting logger with seed 87
Error in variable: 2
[2024-10-14T10:32:14.693410][INFO][seed106] No feasible solution... resampling
[2024-10-14T10:32:14.694946][INFO][seed17] !0 = [0, 2, 3, 4, 7]
[2024-10-14T10:32:14.695218][INFO][seed17] 0 = [1, 5, 6, 8]
[2024-10-14T10:32:14.697068][INFO][seed42] Starting exact inference 
[2024-10-14T10:32:14.699471][INFO][seed31] Sampled 3400 data instances
[2024-10-14T10:32:14.699727][INFO][seed31] Starting exact inference 
[2024-10-14T10:32:14.700082][INFO][seed17] Dropping state 6
[2024-10-14T10:32:14.701093][INFO][seed17] Dropping state 5
[2024-10-14T10:32:14.702125][INFO][seed17] Dropping state 1
[2024-10-14T10:32:14.700034][INFO][seed60] PS(V1,V0) in [0.0, 0.0]
[2024-10-14T10:32:14.700527][INFO][seed60] No feasible solution... resampling
[2024-10-14T10:32:14.704625][INFO][seed17] U cardinality: 6
[2024-10-14T10:32:14.702804][INFO][seed4] Sampled 7200 data instances
[2024-10-14T10:32:14.705636][INFO][seed4] Starting exact inference 
[2024-10-14T10:32:14.707725][INFO][seed34] No feasible solution... resampling
[2024-10-14T10:32:14.714583][INFO][seed17] 
[P([3]) [0.862, 0.138], P([2]) [0.158, 0.017, 0.002, 0.002, 0.821, 0.0], P([1, 3]) [1.0, 0.0, 0.0, 1.0], P([0, 1, 2]) [1.0, 0.0, 0.0, 1.0, 0.0, 0.0, 1.0, 0.0, 0.0, 0.0, 0.0, 1.0, 0.0, 1.0, 0.0, 1.0, 0.0, 0.0, 0.0, 1.0, 0.0, 0.0, 1.0, 0.0, 0.0, 0.0, 1.0, 0.0, 1.0, 0.0, 0.0, 0.0, 1.0, 0.0, 0.0, 1.0]]

[2024-10-14T10:32:14.717661][INFO][seed87] simple_nparents1_nzr06_zdr05_ysize3_87
[2024-10-14T10:32:14.712330][INFO][seed146] No feasible solution... resampling
[2024-10-14T10:32:14.729179][INFO][seed115] Sampled 1000 data instances
[2024-10-14T10:32:14.729323][INFO][seed106] Sampled 3900 data instances
[2024-10-14T10:32:14.729511][INFO][seed115] Starting exact inference 
[2024-10-14T10:32:14.731392][INFO][seed60] Sampled 4400 data instances
[2024-10-14T10:32:14.731481][INFO][seed60] Starting exact inference 
[2024-10-14T10:32:14.750046][INFO][seed106] Starting exact inference 
[2024-10-14T10:32:14.751902][INFO][seed146] Sampled 5200 data instances
[2024-10-14T10:32:14.752713][INFO][seed146] Starting exact inference 
[2024-10-14T10:32:14.746478][INFO][seed4] PS(V1,V0) in [0.0, 0.0]
[2024-10-14T10:32:14.746926][INFO][seed4] No feasible solution... resampling
[2024-10-14T10:32:14.763290][INFO][seed162] No feasible solution... resampling
[2024-10-14T10:32:14.766455][INFO][seed149] Sampled 1000 data instances
[2024-10-14T10:32:14.766710][INFO][seed149] Starting exact inference 
[2024-10-14T10:32:14.775842][INFO][seed42] No feasible solution... resampling
[2024-10-14T10:32:14.776864][INFO][seed31] No feasible solution... resampling
[2024-10-14T10:32:14.777600][INFO][seed30] Sampled 1000 data instances
[2024-10-14T10:32:14.777707][INFO][seed30] Starting exact inference 
[2024-10-14T10:32:14.784137][INFO][seed60] PS(V1,V0) in [0.0, 0.0]
[2024-10-14T10:32:14.784653][INFO][seed60] No feasible solution... resampling
[2024-10-14T10:32:14.792765][INFO][seed34] Sampled 8400 data instances
[2024-10-14T10:32:14.794886][INFO][seed148] U cardinality: 9
[2024-10-14T10:32:14.797167][INFO][seed172] Sampled 1000 data instances
[2024-10-14T10:32:14.797475][INFO][seed172] Starting exact inference 
[2024-10-14T10:32:14.797624][INFO][seed34] Starting exact inference 
[2024-10-14T10:32:14.801494][INFO][seed148] !0 = [0, 2, 4, 7, 8]
[2024-10-14T10:32:14.801798][INFO][seed148] 0 = [1, 3, 5, 6]
[2024-10-14T10:32:14.803814][INFO][seed162] Sampled 3400 data instances
[2024-10-14T10:32:14.805066][INFO][seed146] No feasible solution... resampling
[2024-10-14T10:32:14.806773][INFO][seed148] Dropping state 6
[2024-10-14T10:32:14.807514][INFO][seed148] Dropping state 5
[2024-10-14T10:32:14.807596][INFO][seed42] Sampled 3300 data instances
[2024-10-14T10:32:14.809839][INFO][seed4] Sampled 7300 data instances
[2024-10-14T10:32:14.810119][INFO][seed4] Starting exact inference 
[2024-10-14T10:32:14.811859][INFO][seed148] U cardinality: 7
[2024-10-14T10:32:14.812504][INFO][seed42] Starting exact inference 
[2024-10-14T10:32:14.813512][INFO][seed78] Sampled 1000 data instances
[2024-10-14T10:32:14.813781][INFO][seed78] Starting exact inference 
[2024-10-14T10:32:14.815544][INFO][seed162] Starting exact inference 
[2024-10-14T10:32:14.815685][INFO][seed106] No feasible solution... resampling
[2024-10-14T10:32:14.819539][INFO][seed60] Sampled 4500 data instances
[2024-10-14T10:32:14.819491][INFO][seed31] Sampled 3500 data instances
[2024-10-14T10:32:14.819624][INFO][seed60] Starting exact inference 
[2024-10-14T10:32:14.819750][INFO][seed31] Starting exact inference 
[2024-10-14T10:32:14.826010][INFO][seed148] 
[P([3]) [0.052, 0.948], P([2]) [0.35, 0.0, 0.001, 0.0, 0.003, 0.04, 0.606], P([1, 3]) [1.0, 0.0, 0.0, 1.0], P([0, 1, 2]) [1.0, 0.0, 0.0, 1.0, 0.0, 0.0, 1.0, 0.0, 0.0, 0.0, 1.0, 0.0, 1.0, 0.0, 0.0, 0.0, 0.0, 1.0, 0.0, 1.0, 0.0, 1.0, 0.0, 0.0, 0.0, 1.0, 0.0, 0.0, 1.0, 0.0, 0.0, 0.0, 1.0, 0.0, 1.0, 0.0, 0.0, 0.0, 1.0, 0.0, 0.0, 1.0]]

[2024-10-14T10:32:14.829740][INFO][seed34] No feasible solution... resampling
[2024-10-14T10:32:14.843247][INFO][seed146] Sampled 5300 data instances
[2024-10-14T10:32:14.843333][INFO][seed146] Starting exact inference 
[2024-10-14T10:32:14.862684][INFO][seed106] Sampled 4000 data instances
[2024-10-14T10:32:14.862919][INFO][seed106] Starting exact inference 
[2024-10-14T10:32:14.859625][INFO][seed60] PS(V1,V0) in [0.0, 0.0]
[2024-10-14T10:32:14.860130][INFO][seed60] No feasible solution... resampling
[2024-10-14T10:32:14.869991][INFO][seed4] PS(V1,V0) in [0.0, 0.0]
[2024-10-14T10:32:14.870420][INFO][seed4] No feasible solution... resampling
[2024-10-14T10:32:14.893165][INFO][seed34] Sampled 8500 data instances
[2024-10-14T10:32:14.893261][INFO][seed34] Starting exact inference 
[2024-10-14T10:32:14.894218][INFO][seed162] No feasible solution... resampling
[2024-10-14T10:32:14.894491][INFO][seed60] Sampled 4600 data instances
[2024-10-14T10:32:14.894575][INFO][seed60] Starting exact inference 
[2024-10-14T10:32:14.898569][INFO][seed31] No feasible solution... resampling
[2024-10-14T10:32:14.898252][INFO][seed146] No feasible solution... resampling
[2024-10-14T10:32:14.918177][INFO][seed17] Sampled 1000 data instances
[2024-10-14T10:32:14.918274][INFO][seed17] Starting exact inference 
Error in variable: 2
[2024-10-14T10:32:14.917345][INFO][seed106] No feasible solution... resampling
[2024-10-14T10:32:14.928893][INFO][seed162] Sampled 3500 data instances
[2024-10-14T10:32:14.933288][INFO][seed4] Sampled 7400 data instances
[2024-10-14T10:32:14.933577][INFO][seed4] Starting exact inference 
[2024-10-14T10:32:14.937090][INFO][seed146] Sampled 5400 data instances
[2024-10-14T10:32:14.937072][INFO][seed162] Starting exact inference 
[2024-10-14T10:32:14.937176][INFO][seed146] Starting exact inference 
[2024-10-14T10:32:14.929762][INFO][seed34] No feasible solution... resampling
[2024-10-14T10:32:14.941431][INFO][seed31] Sampled 3600 data instances
[2024-10-14T10:32:14.941661][INFO][seed31] Starting exact inference 
[2024-10-14T10:32:14.938815][INFO][seed42] No feasible solution... resampling
[2024-10-14T10:32:14.953672][INFO][seed87] U cardinality: 9
[2024-10-14T10:32:14.950062][INFO][seed60] PS(V1,V0) in [0.0, 0.0]
[2024-10-14T10:32:14.950606][INFO][seed60] No feasible solution... resampling
[2024-10-14T10:32:14.960602][INFO][seed87] !0 = [0, 3, 5, 6, 7]
[2024-10-14T10:32:14.961153][INFO][seed87] 0 = [1, 2, 4, 8]
[2024-10-14T10:32:14.961664][INFO][seed106] Sampled 4100 data instances
[2024-10-14T10:32:14.962054][INFO][seed106] Starting exact inference 
[2024-10-14T10:32:14.966540][INFO][seed87] Dropping state 4
[2024-10-14T10:32:14.968172][INFO][seed87] Dropping state 1
[2024-10-14T10:32:14.971012][INFO][seed87] U cardinality: 7
[2024-10-14T10:32:14.967433][INFO][seed146] No feasible solution... resampling
[2024-10-14T10:32:14.979894][INFO][seed42] Sampled 3400 data instances
[2024-10-14T10:32:14.980160][INFO][seed42] Starting exact inference 
[2024-10-14T10:32:14.984763][INFO][seed87] 
[P([3]) [0.737, 0.263], P([2]) [0.684, 0.0, 0.123, 0.034, 0.002, 0.157, 0.0], P([1, 3]) [1.0, 0.0, 0.0, 1.0], P([0, 1, 2]) [1.0, 0.0, 0.0, 1.0, 0.0, 0.0, 1.0, 0.0, 0.0, 0.0, 0.0, 1.0, 0.0, 1.0, 0.0, 1.0, 0.0, 0.0, 0.0, 1.0, 0.0, 0.0, 0.0, 1.0, 0.0, 0.0, 1.0, 1.0, 0.0, 0.0, 0.0, 0.0, 1.0, 0.0, 1.0, 0.0, 0.0, 0.0, 1.0, 0.0, 0.0, 1.0]]

[2024-10-14T10:32:14.985107][INFO][seed60] Sampled 4700 data instances
[2024-10-14T10:32:14.985199][INFO][seed60] Starting exact inference 
[2024-10-14T10:32:14.993293][INFO][seed34] Sampled 8600 data instances
[2024-10-14T10:32:14.993378][INFO][seed34] Starting exact inference 
[2024-10-14T10:32:14.979735][INFO][seed57] Set up logging
[2024-10-14T10:32:14.997680][INFO][seed57] args: -np;1;-nzr;0.6;-zdr;0.5;-o;/mnt/beegfs/rcabanas/dev/credici/papers/zeros/models/s3;-rw;-s;57;-ys;3
[2024-10-14T10:32:15.000584][INFO][seed57] Starting logger with seed 57
[2024-10-14T10:32:14.998009][INFO][seed4] PS(V1,V0) in [0.0, 0.0]
[2024-10-14T10:32:14.998436][INFO][seed4] No feasible solution... resampling
[2024-10-14T10:32:15.008139][INFO][seed146] Sampled 5500 data instances
[2024-10-14T10:32:15.008227][INFO][seed146] Starting exact inference 
[2024-10-14T10:32:15.009824][INFO][seed57] simple_nparents1_nzr06_zdr05_ysize3_57
[2024-10-14T10:32:15.016530][INFO][seed162] No feasible solution... resampling
[2024-10-14T10:32:15.016321][INFO][seed31] No feasible solution... resampling
[2024-10-14T10:32:15.024921][INFO][seed148] Sampled 1000 data instances
[2024-10-14T10:32:15.024998][INFO][seed148] Starting exact inference 
[2024-10-14T10:32:15.027940][INFO][seed60] PS(V1,V0) in [0.0, 0.0]
[2024-10-14T10:32:15.028488][INFO][seed60] No feasible solution... resampling
[2024-10-14T10:32:15.035377][INFO][seed146] No feasible solution... resampling
[2024-10-14T10:32:15.043445][INFO][seed106] No feasible solution... resampling
[2024-10-14T10:32:15.050475][INFO][seed162] Sampled 3600 data instances
[2024-10-14T10:32:15.047312][INFO][seed42] No feasible solution... resampling
[2024-10-14T10:32:15.058812][INFO][seed162] Starting exact inference 
[2024-10-14T10:32:15.058995][INFO][seed4] Sampled 7500 data instances
[2024-10-14T10:32:15.059271][INFO][seed4] Starting exact inference 
[2024-10-14T10:32:15.061776][INFO][seed31] Sampled 3700 data instances
[2024-10-14T10:32:15.068277][INFO][seed60] Sampled 4800 data instances
[2024-10-14T10:32:15.068514][INFO][seed60] Starting exact inference 
[2024-10-14T10:32:15.069759][INFO][seed34] No feasible solution... resampling
[2024-10-14T10:32:15.074058][INFO][seed31] Starting exact inference 
[2024-10-14T10:32:15.076446][INFO][seed146] Sampled 5600 data instances
[2024-10-14T10:32:15.076524][INFO][seed146] Starting exact inference 
[2024-10-14T10:32:15.085503][INFO][seed42] Sampled 3500 data instances
[2024-10-14T10:32:15.086690][INFO][seed42] Starting exact inference 
[2024-10-14T10:32:15.088307][INFO][seed106] Sampled 4200 data instances
[2024-10-14T10:32:15.088757][INFO][seed106] Starting exact inference 
[2024-10-14T10:32:15.099506][INFO][seed4] PS(V1,V0) in [0.0, 0.0]
[2024-10-14T10:32:15.100046][INFO][seed4] No feasible solution... resampling
[2024-10-14T10:32:15.104657][INFO][seed60] PS(V1,V0) in [0.0, 0.0]
[2024-10-14T10:32:15.105100][INFO][seed60] No feasible solution... resampling
[2024-10-14T10:32:15.116863][INFO][seed146] No feasible solution... resampling
[2024-10-14T10:32:15.139071][INFO][seed34] Sampled 8700 data instances
[2024-10-14T10:32:15.139361][INFO][seed60] Sampled 4900 data instances
[2024-10-14T10:32:15.139310][INFO][seed34] Starting exact inference 
[2024-10-14T10:32:15.139436][INFO][seed60] Starting exact inference 
[2024-10-14T10:32:15.138611][INFO][seed162] No feasible solution... resampling
Error in variable: 2
[2024-10-14T10:32:15.140254][INFO][seed106] No feasible solution... resampling
[2024-10-14T10:32:15.151675][INFO][seed31] No feasible solution... resampling
[2024-10-14T10:32:15.157962][INFO][seed146] Sampled 5700 data instances
[2024-10-14T10:32:15.158903][INFO][seed4] Sampled 7600 data instances
[2024-10-14T10:32:15.158852][INFO][seed146] Starting exact inference 
[2024-10-14T10:32:15.159211][INFO][seed4] Starting exact inference 
[2024-10-14T10:32:15.174449][INFO][seed87] Sampled 1000 data instances
[2024-10-14T10:32:15.174790][INFO][seed87] Starting exact inference 
[2024-10-14T10:32:15.179385][INFO][seed106] Sampled 4300 data instances
[2024-10-14T10:32:15.179635][INFO][seed106] Starting exact inference 
[2024-10-14T10:32:15.176346][INFO][seed60] PS(V1,V0) in [0.0, 0.0]
[2024-10-14T10:32:15.176806][INFO][seed60] No feasible solution... resampling
[2024-10-14T10:32:15.178577][INFO][seed42] No feasible solution... resampling
[2024-10-14T10:32:15.186572][INFO][seed146] No feasible solution... resampling
[2024-10-14T10:32:15.192098][INFO][seed57] U cardinality: 9
[2024-10-14T10:32:15.193276][INFO][seed162] Sampled 3700 data instances
[2024-10-14T10:32:15.196658][INFO][seed57] !0 = [0, 1, 2, 4, 7]
[2024-10-14T10:32:15.196936][INFO][seed57] 0 = [3, 5, 6, 8]
[2024-10-14T10:32:15.197204][INFO][seed162] Starting exact inference 
[2024-10-14T10:32:15.199631][INFO][seed31] Sampled 3800 data instances
[2024-10-14T10:32:15.199920][INFO][seed31] Starting exact inference 
[2024-10-14T10:32:15.201396][INFO][seed57] Dropping state 8
[2024-10-14T10:32:15.202103][INFO][seed57] Dropping state 3
[2024-10-14T10:32:15.204355][INFO][seed57] U cardinality: 7
[2024-10-14T10:32:15.212122][INFO][seed60] Sampled 5000 data instances
[2024-10-14T10:32:15.212194][INFO][seed60] Starting exact inference 
[2024-10-14T10:32:15.212127][INFO][seed57] 
[P([3]) [0.615, 0.385], P([2]) [0.021, 0.083, 0.295, 0.051, 0.0, 0.0, 0.55], P([1, 3]) [1.0, 0.0, 0.0, 1.0], P([0, 1, 2]) [1.0, 0.0, 0.0, 1.0, 0.0, 0.0, 1.0, 0.0, 0.0, 0.0, 1.0, 0.0, 1.0, 0.0, 0.0, 0.0, 0.0, 1.0, 0.0, 1.0, 0.0, 0.0, 1.0, 0.0, 0.0, 1.0, 0.0, 0.0, 0.0, 1.0, 0.0, 0.0, 1.0, 1.0, 0.0, 0.0, 0.0, 0.0, 1.0, 0.0, 1.0, 0.0]]

[2024-10-14T10:32:15.217255][INFO][seed42] Sampled 3600 data instances
[2024-10-14T10:32:15.215844][INFO][seed34] No feasible solution... resampling
[2024-10-14T10:32:15.217496][INFO][seed42] Starting exact inference 
[2024-10-14T10:32:15.228240][INFO][seed146] Sampled 5800 data instances
[2024-10-14T10:32:15.228318][INFO][seed146] Starting exact inference 
Error in variable: 2
[2024-10-14T10:32:15.225612][INFO][seed106] No feasible solution... resampling
[2024-10-14T10:32:15.236295][INFO][seed4] PS(V1,V0) in [0.0, 0.0]
[2024-10-14T10:32:15.236713][INFO][seed4] No feasible solution... resampling
[2024-10-14T10:32:15.244749][INFO][seed60] PS(V1,V0) in [0.0, 0.0]
[2024-10-14T10:32:15.245194][INFO][seed60] No feasible solution... resampling
[2024-10-14T10:32:15.257273][INFO][seed106] Sampled 4400 data instances
[2024-10-14T10:32:15.257583][INFO][seed106] Starting exact inference 
[2024-10-14T10:32:15.263253][INFO][seed146] No feasible solution... resampling
[2024-10-14T10:32:15.270622][INFO][seed162] No feasible solution... resampling
[2024-10-14T10:32:15.274381][INFO][seed31] No feasible solution... resampling
[2024-10-14T10:32:15.278773][INFO][seed42] No feasible solution... resampling
[2024-10-14T10:32:15.290950][INFO][seed60] Sampled 5100 data instances
[2024-10-14T10:32:15.291037][INFO][seed60] Starting exact inference 
[2024-10-14T10:32:15.294550][INFO][seed4] Sampled 7700 data instances
[2024-10-14T10:32:15.295270][INFO][seed4] Starting exact inference 
Error in variable: 2
[2024-10-14T10:32:15.290288][INFO][seed106] No feasible solution... resampling
[2024-10-14T10:32:15.297595][INFO][seed34] Sampled 8800 data instances
[2024-10-14T10:32:15.297806][INFO][seed34] Starting exact inference 
[2024-10-14T10:32:15.303783][INFO][seed162] Sampled 3800 data instances
[2024-10-14T10:32:15.304050][INFO][seed162] Starting exact inference 
[2024-10-14T10:32:15.306793][INFO][seed146] Sampled 5900 data instances
[2024-10-14T10:32:15.306872][INFO][seed146] Starting exact inference 
[2024-10-14T10:32:15.309882][INFO][seed31] Sampled 3900 data instances
[2024-10-14T10:32:15.321310][INFO][seed106] Sampled 4500 data instances
[2024-10-14T10:32:15.321571][INFO][seed106] Starting exact inference 
[2024-10-14T10:32:15.328087][INFO][seed31] Starting exact inference 
[2024-10-14T10:32:15.330648][INFO][seed42] Sampled 3700 data instances
[2024-10-14T10:32:15.330885][INFO][seed42] Starting exact inference 
[2024-10-14T10:32:15.325026][INFO][seed60] PS(V1,V0) in [0.0, 0.0]
[2024-10-14T10:32:15.325468][INFO][seed60] No feasible solution... resampling
[2024-10-14T10:32:15.333994][INFO][seed4] PS(V1,V0) in [0.0, 0.0]
[2024-10-14T10:32:15.334438][INFO][seed4] No feasible solution... resampling
[2024-10-14T10:32:15.338357][INFO][seed146] No feasible solution... resampling
[2024-10-14T10:32:15.347414][INFO][seed34] No feasible solution... resampling
[2024-10-14T10:32:15.371316][INFO][seed60] Sampled 5200 data instances
[2024-10-14T10:32:15.371540][INFO][seed60] Starting exact inference 
Error in variable: 2
[2024-10-14T10:32:15.371457][INFO][seed106] No feasible solution... resampling
[2024-10-14T10:32:15.388581][INFO][seed146] Sampled 6000 data instances
[2024-10-14T10:32:15.388835][INFO][seed146] Starting exact inference 
[2024-10-14T10:32:15.387482][INFO][seed162] No feasible solution... resampling
[2024-10-14T10:32:15.394192][INFO][seed31] No feasible solution... resampling
[2024-10-14T10:32:15.397288][INFO][seed57] Sampled 1000 data instances
[2024-10-14T10:32:15.397541][INFO][seed57] Starting exact inference 
[2024-10-14T10:32:15.401200][INFO][seed4] Sampled 7800 data instances
[2024-10-14T10:32:15.401786][INFO][seed4] Starting exact inference 
[2024-10-14T10:32:15.407451][INFO][seed60] PS(V1,V0) in [0.0, 0.0]
[2024-10-14T10:32:15.407935][INFO][seed60] No feasible solution... resampling
[2024-10-14T10:32:15.411396][INFO][seed42] No feasible solution... resampling
[2024-10-14T10:32:15.415813][INFO][seed34] Sampled 8900 data instances
[2024-10-14T10:32:15.415908][INFO][seed34] Starting exact inference 
[2024-10-14T10:32:15.423833][INFO][seed146] No feasible solution... resampling
[2024-10-14T10:32:15.431912][INFO][seed31] Sampled 4000 data instances
[2024-10-14T10:32:15.432240][INFO][seed31] Starting exact inference 
[2024-10-14T10:32:15.432334][INFO][seed162] Sampled 3900 data instances
[2024-10-14T10:32:15.432572][INFO][seed162] Starting exact inference 
[2024-10-14T10:32:15.434213][INFO][seed106] Sampled 4600 data instances
[2024-10-14T10:32:15.434483][INFO][seed106] Starting exact inference 
[2024-10-14T10:32:15.445605][INFO][seed60] Sampled 5300 data instances
[2024-10-14T10:32:15.445691][INFO][seed60] Starting exact inference 
[2024-10-14T10:32:15.461291][INFO][seed42] Sampled 3800 data instances
[2024-10-14T10:32:15.461514][INFO][seed42] Starting exact inference 
[2024-10-14T10:32:15.458626][INFO][seed34] No feasible solution... resampling
[2024-10-14T10:32:15.468314][INFO][seed146] Sampled 6100 data instances
[2024-10-14T10:32:15.468390][INFO][seed146] Starting exact inference 
[2024-10-14T10:32:15.464128][INFO][seed4] PS(V1,V0) in [0.0, 0.0]
[2024-10-14T10:32:15.464567][INFO][seed4] No feasible solution... resampling
[2024-10-14T10:32:15.474683][INFO][seed60] PS(V1,V0) in [0.0, 0.0]
[2024-10-14T10:32:15.475101][INFO][seed60] No feasible solution... resampling
Error in variable: 2
[2024-10-14T10:32:15.477377][INFO][seed106] No feasible solution... resampling
[2024-10-14T10:32:15.513952][INFO][seed60] Sampled 5400 data instances
[2024-10-14T10:32:15.514028][INFO][seed60] Starting exact inference 
[2024-10-14T10:32:15.513][INFO][seed31] No feasible solution... resampling
[2024-10-14T10:32:15.518464][INFO][seed162] No feasible solution... resampling
[2024-10-14T10:32:15.517937][INFO][seed146] No feasible solution... resampling
[2024-10-14T10:32:15.523579][INFO][seed106] Sampled 4700 data instances
[2024-10-14T10:32:15.525143][INFO][seed34] Sampled 9000 data instances
[2024-10-14T10:32:15.525231][INFO][seed34] Starting exact inference 
[2024-10-14T10:32:15.525624][INFO][seed199] PS(V1,V0) in [0.6616726296958856, 1.0]
[2024-10-14T10:32:15.536061][INFO][seed106] Starting exact inference 
[2024-10-14T10:32:15.538124][INFO][seed4] Sampled 7900 data instances
[2024-10-14T10:32:15.538422][INFO][seed4] Starting exact inference 
[2024-10-14T10:32:15.544499][INFO][seed199] PN(V1,V0) in [0.6246569558792485, 0.9440574203082119] 
[2024-10-14T10:32:15.541271][INFO][seed60] PS(V1,V0) in [0.0, 0.0]
[2024-10-14T10:32:15.541700][INFO][seed60] No feasible solution... resampling
[2024-10-14T10:32:15.546655][INFO][seed31] Sampled 4100 data instances
[2024-10-14T10:32:15.546952][INFO][seed31] Starting exact inference 
[2024-10-14T10:32:15.553076][INFO][seed162] Sampled 4000 data instances
[2024-10-14T10:32:15.553343][INFO][seed162] Starting exact inference 
[2024-10-14T10:32:15.558387][INFO][seed42] No feasible solution... resampling
[2024-10-14T10:32:15.562273][INFO][seed146] Sampled 6200 data instances
[2024-10-14T10:32:15.562348][INFO][seed146] Starting exact inference 
[2024-10-14T10:32:15.575141][INFO][seed69] No feasible solution... resampling
[2024-10-14T10:32:15.577208][INFO][seed199] Saved data to: /mnt/beegfs/rcabanas/dev/credici/papers/zeros/models/s3/simple_nparents1_nzr06_zdr05_ysize3_199.csv
Error in variable: 2
[2024-10-14T10:32:15.577336][INFO][seed106] No feasible solution... resampling
[2024-10-14T10:32:15.582743][INFO][seed60] Sampled 5500 data instances
[2024-10-14T10:32:15.582819][INFO][seed60] Starting exact inference 
[2024-10-14T10:32:15.578357][INFO][seed4] PS(V1,V0) in [0.0, 0.0]
[2024-10-14T10:32:15.578776][INFO][seed4] No feasible solution... resampling
[2024-10-14T10:32:15.597705][INFO][seed199] Saved model to: /mnt/beegfs/rcabanas/dev/credici/papers/zeros/models/s3/simple_nparents1_nzr06_zdr05_ysize3_199.uai
[2024-10-14T10:32:15.593794][INFO][seed34] No feasible solution... resampling
[2024-10-14T10:32:15.594426][INFO][seed146] No feasible solution... resampling
[2024-10-14T10:32:15.602410][INFO][seed199] Saved queries to: /mnt/beegfs/rcabanas/dev/credici/papers/zeros/models/s3/simple_nparents1_nzr06_zdr05_ysize3_199_query.csv
[2024-10-14T10:32:15.602705][INFO][seed199] Closing log file
[2024-10-14T10:32:15.602786][INFO][seed199] Closed log file
[2024-10-14T10:32:15.604947][INFO][seed42] Sampled 3900 data instances
[2024-10-14T10:32:15.608550][INFO][seed42] Starting exact inference 
[2024-10-14T10:32:15.616560][INFO][seed106] Sampled 4800 data instances
[2024-10-14T10:32:15.617616][INFO][seed106] Starting exact inference 
[2024-10-14T10:32:15.614853][INFO][seed60] PS(V1,V0) in [0.0, 0.0]
[2024-10-14T10:32:15.615282][INFO][seed60] No feasible solution... resampling
[2024-10-14T10:32:15.627674][INFO][seed162] No feasible solution... resampling
[2024-10-14T10:32:15.631710][INFO][seed31] No feasible solution... resampling
[2024-10-14T10:32:15.639137][INFO][seed146] Sampled 6300 data instances
[2024-10-14T10:32:15.639219][INFO][seed146] Starting exact inference 
[2024-10-14T10:32:15.641909][INFO][seed4] Sampled 8000 data instances
[2024-10-14T10:32:15.642212][INFO][seed4] Starting exact inference 
[2024-10-14T10:32:15.661264][INFO][seed60] Sampled 5600 data instances
[2024-10-14T10:32:15.661485][INFO][seed60] Starting exact inference 
[2024-10-14T10:32:15.666930][INFO][seed69] Sampled 1100 data instances
[2024-10-14T10:32:15.671512][INFO][seed162] Sampled 4100 data instances
[2024-10-14T10:32:15.672599][INFO][seed162] Starting exact inference 
[2024-10-14T10:32:15.670804][INFO][seed42] No feasible solution... resampling
[2024-10-14T10:32:15.676791][INFO][seed31] Sampled 4200 data instances
[2024-10-14T10:32:15.677059][INFO][seed31] Starting exact inference 
[2024-10-14T10:32:15.677075][INFO][seed69] Starting exact inference 
[2024-10-14T10:32:15.675270][INFO][seed146] No feasible solution... resampling
[2024-10-14T10:32:15.683178][INFO][seed4] PS(V1,V0) in [0.0, 0.0]
[2024-10-14T10:32:15.683567][INFO][seed4] No feasible solution... resampling
[2024-10-14T10:32:15.696440][INFO][seed60] PS(V1,V0) in [0.0, 0.0]
[2024-10-14T10:32:15.696851][INFO][seed60] No feasible solution... resampling
[2024-10-14T10:32:15.717583][INFO][seed42] Sampled 4000 data instances
[2024-10-14T10:32:15.717806][INFO][seed42] Starting exact inference 
[2024-10-14T10:32:15.718011][INFO][seed34] Sampled 9100 data instances
[2024-10-14T10:32:15.718700][INFO][seed34] Starting exact inference 
[2024-10-14T10:32:15.728579][INFO][seed146] Sampled 6400 data instances
[2024-10-14T10:32:15.728804][INFO][seed146] Starting exact inference 
[2024-10-14T10:32:15.729952][INFO][seed149] PS(V1,V0) in [1.0, 1.0]
[2024-10-14T10:32:15.736160][INFO][seed60] Sampled 5700 data instances
[2024-10-14T10:32:15.736233][INFO][seed60] Starting exact inference 
[2024-10-14T10:32:15.731555][INFO][seed106] No feasible solution... resampling
[2024-10-14T10:32:15.739675][INFO][seed149] PN(V1,V0) in [0.7859164236565009, 0.7859164236565009] 
[2024-10-14T10:32:15.744923][INFO][seed31] No feasible solution... resampling
[2024-10-14T10:32:15.749476][INFO][seed4] Sampled 8100 data instances
[2024-10-14T10:32:15.749770][INFO][seed4] Starting exact inference 
[2024-10-14T10:32:15.758287][INFO][seed162] No feasible solution... resampling
[2024-10-14T10:32:15.761868][INFO][seed30] No feasible solution... resampling
Error in variable: 2
[2024-10-14T10:32:15.775797][INFO][seed17] No feasible solution... resampling
[2024-10-14T10:32:15.769232][INFO][seed146] No feasible solution... resampling
[2024-10-14T10:32:15.780111][INFO][seed106] Sampled 4900 data instances
[2024-10-14T10:32:15.780347][INFO][seed106] Starting exact inference 
[2024-10-14T10:32:15.782532][INFO][seed31] Sampled 4300 data instances
[2024-10-14T10:32:15.783646][INFO][seed31] Starting exact inference 
[2024-10-14T10:32:15.783074][INFO][seed42] No feasible solution... resampling
[2024-10-14T10:32:15.787611][INFO][seed149] Saved data to: /mnt/beegfs/rcabanas/dev/credici/papers/zeros/models/s3/simple_nparents1_nzr06_zdr05_ysize3_149.csv
[2024-10-14T10:32:15.784468][INFO][seed60] PS(V1,V0) in [0.0, 0.0]
[2024-10-14T10:32:15.784922][INFO][seed60] No feasible solution... resampling
[2024-10-14T10:32:15.791948][INFO][seed34] No feasible solution... resampling
[2024-10-14T10:32:15.797860][INFO][seed115] PS(V1,V0) in [0.8651183274828047, 0.9645341381588322]
[2024-10-14T10:32:15.800994][INFO][seed149] Saved model to: /mnt/beegfs/rcabanas/dev/credici/papers/zeros/models/s3/simple_nparents1_nzr06_zdr05_ysize3_149.uai
[2024-10-14T10:32:15.805167][INFO][seed149] Saved queries to: /mnt/beegfs/rcabanas/dev/credici/papers/zeros/models/s3/simple_nparents1_nzr06_zdr05_ysize3_149_query.csv
[2024-10-14T10:32:15.805439][INFO][seed149] Closing log file
[2024-10-14T10:32:15.805542][INFO][seed149] Closed log file
[2024-10-14T10:32:15.813392][INFO][seed162] Sampled 4200 data instances
[2024-10-14T10:32:15.818154][INFO][seed162] Starting exact inference 
[2024-10-14T10:32:15.818517][INFO][seed146] Sampled 6500 data instances
[2024-10-14T10:32:15.818603][INFO][seed146] Starting exact inference 
[2024-10-14T10:32:15.818867][INFO][seed115] PN(V1,V0) in [0.7455099512206013, 0.8311808632948977] 
[2024-10-14T10:32:15.818088][INFO][seed4] PS(V1,V0) in [0.0, 0.0]
[2024-10-14T10:32:15.818502][INFO][seed4] No feasible solution... resampling
[2024-10-14T10:32:15.825896][INFO][seed60] Sampled 5800 data instances
[2024-10-14T10:32:15.825972][INFO][seed60] Starting exact inference 
[2024-10-14T10:32:15.830617][INFO][seed42] Sampled 4100 data instances
[2024-10-14T10:32:15.831017][INFO][seed172] PS(V1,V0) in [0.9221956224350205, 1.0]
[2024-10-14T10:32:15.830849][INFO][seed42] Starting exact inference 
[2024-10-14T10:32:15.835715][INFO][seed69] No feasible solution... resampling
[2024-10-14T10:32:15.839833][INFO][seed172] PN(V1,V0) in [0.08271726126568299, 0.08969600294487562] 
[2024-10-14T10:32:15.851425][INFO][seed115] Saved data to: /mnt/beegfs/rcabanas/dev/credici/papers/zeros/models/s3/simple_nparents1_nzr06_zdr05_ysize3_115.csv
[2024-10-14T10:32:15.855335][INFO][seed106] No feasible solution... resampling
[2024-10-14T10:32:15.858390][INFO][seed30] Sampled 1100 data instances
[2024-10-14T10:32:15.860694][INFO][seed30] Starting exact inference 
[2024-10-14T10:32:15.861927][INFO][seed115] Saved model to: /mnt/beegfs/rcabanas/dev/credici/papers/zeros/models/s3/simple_nparents1_nzr06_zdr05_ysize3_115.uai
[2024-10-14T10:32:15.862791][INFO][seed17] Sampled 1100 data instances
[2024-10-14T10:32:15.857861][INFO][seed31] No feasible solution... resampling
[2024-10-14T10:32:15.864727][INFO][seed17] Starting exact inference 
[2024-10-14T10:32:15.861544][INFO][seed60] PS(V1,V0) in [0.0, 0.0]
[2024-10-14T10:32:15.861950][INFO][seed60] No feasible solution... resampling
[2024-10-14T10:32:15.865480][INFO][seed115] Saved queries to: /mnt/beegfs/rcabanas/dev/credici/papers/zeros/models/s3/simple_nparents1_nzr06_zdr05_ysize3_115_query.csv
[2024-10-14T10:32:15.865625][INFO][seed115] Closing log file
[2024-10-14T10:32:15.865708][INFO][seed115] Closed log file
[2024-10-14T10:32:15.865562][INFO][seed34] Sampled 9200 data instances
[2024-10-14T10:32:15.868244][INFO][seed34] Starting exact inference 
[2024-10-14T10:32:15.877251][INFO][seed172] Saved data to: /mnt/beegfs/rcabanas/dev/credici/papers/zeros/models/s3/simple_nparents1_nzr06_zdr05_ysize3_172.csv
[2024-10-14T10:32:15.882474][INFO][seed146] No feasible solution... resampling
[2024-10-14T10:32:15.885636][INFO][seed162] No feasible solution... resampling
[2024-10-14T10:32:15.896065][INFO][seed31] Sampled 4400 data instances
[2024-10-14T10:32:15.896358][INFO][seed31] Starting exact inference 
[2024-10-14T10:32:15.900104][INFO][seed106] Sampled 5000 data instances
[2024-10-14T10:32:15.900351][INFO][seed106] Starting exact inference 
[2024-10-14T10:32:15.900148][INFO][seed172] Saved model to: /mnt/beegfs/rcabanas/dev/credici/papers/zeros/models/s3/simple_nparents1_nzr06_zdr05_ysize3_172.uai
[2024-10-14T10:32:15.904252][INFO][seed172] Saved queries to: /mnt/beegfs/rcabanas/dev/credici/papers/zeros/models/s3/simple_nparents1_nzr06_zdr05_ysize3_172_query.csv
[2024-10-14T10:32:15.904306][INFO][seed172] Closing log file
[2024-10-14T10:32:15.904331][INFO][seed172] Closed log file
[2024-10-14T10:32:15.904701][INFO][seed60] Sampled 5900 data instances
[2024-10-14T10:32:15.904776][INFO][seed60] Starting exact inference 
[2024-10-14T10:32:15.912131][INFO][seed4] Sampled 8200 data instances
[2024-10-14T10:32:15.912440][INFO][seed4] Starting exact inference 
[2024-10-14T10:32:15.906783][INFO][seed34] No feasible solution... resampling
[2024-10-14T10:32:15.911498][INFO][seed42] No feasible solution... resampling
[2024-10-14T10:32:15.913073][INFO][seed78] PS(V1,V0) in [0.0, 1.0]
[2024-10-14T10:32:15.920461][INFO][seed162] Sampled 4300 data instances
[2024-10-14T10:32:15.920587][INFO][seed78] PN(V1,V0) in [0.0, 0.6064888054699021] 
[2024-10-14T10:32:15.920682][INFO][seed162] Starting exact inference 
[2024-10-14T10:32:15.922001][INFO][seed69] Sampled 1200 data instances
[2024-10-14T10:32:15.929184][INFO][seed146] Sampled 6600 data instances
[2024-10-14T10:32:15.929263][INFO][seed146] Starting exact inference 
[2024-10-14T10:32:15.935064][INFO][seed69] Starting exact inference 
[2024-10-14T10:32:15.937778][INFO][seed148] PS(V1,V0) in [0.0, 0.029562619772291743]
[2024-10-14T10:32:15.942460][INFO][seed148] PN(V1,V0) in [0.0, 0.22361969729268816] 
[2024-10-14T10:32:15.946908][INFO][seed42] Sampled 4200 data instances
[2024-10-14T10:32:15.943596][INFO][seed60] PS(V1,V0) in [0.0, 0.0]
[2024-10-14T10:32:15.943999][INFO][seed60] No feasible solution... resampling
[2024-10-14T10:32:15.950995][INFO][seed42] Starting exact inference 
[2024-10-14T10:32:15.949960][INFO][seed4] PS(V1,V0) in [0.0, 0.0]
[2024-10-14T10:32:15.957246][INFO][seed78] Saved data to: /mnt/beegfs/rcabanas/dev/credici/papers/zeros/models/s3/simple_nparents1_nzr06_zdr05_ysize3_78.csv
[2024-10-14T10:32:15.950384][INFO][seed4] No feasible solution... resampling
Error in variable: 2
[2024-10-14T10:32:15.960786][INFO][seed87] No feasible solution... resampling
[2024-10-14T10:32:15.971135][INFO][seed148] Saved data to: /mnt/beegfs/rcabanas/dev/credici/papers/zeros/models/s3/simple_nparents1_nzr06_zdr05_ysize3_148.csv
[2024-10-14T10:32:15.975277][INFO][seed34] Sampled 9300 data instances
[2024-10-14T10:32:15.975358][INFO][seed34] Starting exact inference 
[2024-10-14T10:32:15.980221][INFO][seed78] Saved model to: /mnt/beegfs/rcabanas/dev/credici/papers/zeros/models/s3/simple_nparents1_nzr06_zdr05_ysize3_78.uai
Error in variable: 2
[2024-10-14T10:32:15.980635][INFO][seed17] No feasible solution... resampling
[2024-10-14T10:32:15.978737][INFO][seed162] No feasible solution... resampling
[2024-10-14T10:32:15.984689][INFO][seed78] Saved queries to: /mnt/beegfs/rcabanas/dev/credici/papers/zeros/models/s3/simple_nparents1_nzr06_zdr05_ysize3_78_query.csv
[2024-10-14T10:32:15.984851][INFO][seed78] Closing log file
[2024-10-14T10:32:15.985156][INFO][seed78] Closed log file
[2024-10-14T10:32:15.982570][INFO][seed31] No feasible solution... resampling
[2024-10-14T10:32:15.992008][INFO][seed60] Sampled 6000 data instances
[2024-10-14T10:32:15.992214][INFO][seed60] Starting exact inference 
[2024-10-14T10:32:15.994793][INFO][seed148] Saved model to: /mnt/beegfs/rcabanas/dev/credici/papers/zeros/models/s3/simple_nparents1_nzr06_zdr05_ysize3_148.uai
[2024-10-14T10:32:15.991513][INFO][seed106] No feasible solution... resampling
[2024-10-14T10:32:15.998824][INFO][seed148] Saved queries to: /mnt/beegfs/rcabanas/dev/credici/papers/zeros/models/s3/simple_nparents1_nzr06_zdr05_ysize3_148_query.csv
[2024-10-14T10:32:15.998941][INFO][seed148] Closing log file
[2024-10-14T10:32:15.999017][INFO][seed148] Closed log file
[2024-10-14T10:32:16.012155][INFO][seed162] Sampled 4400 data instances
[2024-10-14T10:32:16.012391][INFO][seed162] Starting exact inference 
[2024-10-14T10:32:16.008515][INFO][seed146] No feasible solution... resampling
[2024-10-14T10:32:16.016815][INFO][seed4] Sampled 8300 data instances
[2024-10-14T10:32:16.017111][INFO][seed4] Starting exact inference 
[2024-10-14T10:32:16.014499][INFO][seed42] No feasible solution... resampling
[2024-10-14T10:32:16.018728][INFO][seed31] Sampled 4500 data instances
[2024-10-14T10:32:16.019052][INFO][seed31] Starting exact inference 
[2024-10-14T10:32:16.021915][INFO][seed60] PS(V1,V0) in [0.0, 0.0]
[2024-10-14T10:32:16.022314][INFO][seed60] No feasible solution... resampling
['genn.py', '1', '0.6', '0.5', '39', '3']
[2024-10-14T10:32:16.040744][INFO][seed106] Sampled 5100 data instances
[2024-10-14T10:32:16.046090][INFO][seed106] Starting exact inference 
[2024-10-14T10:32:16.050622][INFO][seed87] Sampled 1100 data instances
[2024-10-14T10:32:16.050953][INFO][seed87] Starting exact inference 
[2024-10-14T10:32:16.057798][INFO][seed17] Sampled 1200 data instances
[2024-10-14T10:32:16.058081][INFO][seed17] Starting exact inference 
[2024-10-14T10:32:16.060705][INFO][seed42] Sampled 4300 data instances
[2024-10-14T10:32:16.054829][INFO][seed34] No feasible solution... resampling
[2024-10-14T10:32:16.059519][INFO][seed69] No feasible solution... resampling
[2024-10-14T10:32:16.063746][INFO][seed146] Sampled 6700 data instances
[2024-10-14T10:32:16.064003][INFO][seed146] Starting exact inference 
[2024-10-14T10:32:16.068018][INFO][seed60] Sampled 6100 data instances
[2024-10-14T10:32:16.068109][INFO][seed60] Starting exact inference 
[2024-10-14T10:32:16.069329][INFO][seed42] Starting exact inference 
1 0.6 0.5 39
/mnt/beegfs/rcabanas/dev/credici/papers/zeros/code/GenerateNparents.java
[2024-10-14T10:32:16.079201][INFO][seed162] No feasible solution... resampling
[2024-10-14T10:32:16.085515][INFO][seed30] PS(V1,V0) in [0.0, 1.0]
[2024-10-14T10:32:16.079197][INFO][seed4] PS(V1,V0) in [0.0, 0.0]
[2024-10-14T10:32:16.079567][INFO][seed4] No feasible solution... resampling
[2024-10-14T10:32:16.093975][INFO][seed30] PN(V1,V0) in [0.0, 0.33072100313479624] 
Error in variable: 2
[2024-10-14T10:32:16.090445][INFO][seed106] No feasible solution... resampling
[2024-10-14T10:32:16.098533][INFO][seed31] No feasible solution... resampling
[2024-10-14T10:32:16.103073][INFO][seed146] No feasible solution... resampling
[2024-10-14T10:32:16.113736][INFO][seed162] Sampled 4500 data instances
[2024-10-14T10:32:16.113987][INFO][seed162] Starting exact inference 
[2024-10-14T10:32:16.110419][INFO][seed60] PS(V1,V0) in [0.0, 0.0]
[2024-10-14T10:32:16.110826][INFO][seed60] No feasible solution... resampling
[2024-10-14T10:32:16.119879][INFO][seed42] No feasible solution... resampling
[2024-10-14T10:32:16.129011][INFO][seed30] Saved data to: /mnt/beegfs/rcabanas/dev/credici/papers/zeros/models/s3/simple_nparents1_nzr06_zdr05_ysize3_30.csv
[2024-10-14T10:32:16.142540][INFO][seed4] Sampled 8400 data instances
[2024-10-14T10:32:16.142816][INFO][seed4] Starting exact inference 
[2024-10-14T10:32:16.148968][INFO][seed106] Sampled 5200 data instances
[2024-10-14T10:32:16.150846][INFO][seed30] Saved model to: /mnt/beegfs/rcabanas/dev/credici/papers/zeros/models/s3/simple_nparents1_nzr06_zdr05_ysize3_30.uai
Error in variable: 2
[2024-10-14T10:32:16.147386][INFO][seed17] No feasible solution... resampling
[2024-10-14T10:32:16.151537][INFO][seed146] Sampled 6800 data instances
[2024-10-14T10:32:16.151616][INFO][seed146] Starting exact inference 
[2024-10-14T10:32:16.154231][INFO][seed34] Sampled 9400 data instances
[2024-10-14T10:32:16.154570][INFO][seed31] Sampled 4600 data instances
[2024-10-14T10:32:16.154471][INFO][seed34] Starting exact inference 
[2024-10-14T10:32:16.155549][INFO][seed30] Saved queries to: /mnt/beegfs/rcabanas/dev/credici/papers/zeros/models/s3/simple_nparents1_nzr06_zdr05_ysize3_30_query.csv
[2024-10-14T10:32:16.155152][INFO][seed31] Starting exact inference 
[2024-10-14T10:32:16.156212][INFO][seed106] Starting exact inference 
[2024-10-14T10:32:16.155807][INFO][seed30] Closing log file
[2024-10-14T10:32:16.155890][INFO][seed30] Closed log file
[2024-10-14T10:32:16.159964][INFO][seed42] Sampled 4400 data instances
[2024-10-14T10:32:16.158488][INFO][seed69] Sampled 1300 data instances
[2024-10-14T10:32:16.160235][INFO][seed69] Starting exact inference 
[2024-10-14T10:32:16.131973][INFO][seed134] Set up logging
[2024-10-14T10:32:16.160226][INFO][seed42] Starting exact inference 
[2024-10-14T10:32:16.161149][INFO][seed134] args: -np;1;-nzr;0.6;-zdr;0.5;-o;/mnt/beegfs/rcabanas/dev/credici/papers/zeros/models/s3;-rw;-s;134;-ys;3
[2024-10-14T10:32:16.163250][INFO][seed134] Starting logger with seed 134
[2024-10-14T10:32:16.170494][INFO][seed134] simple_nparents1_nzr06_zdr05_ysize3_134
[2024-10-14T10:32:16.185883][INFO][seed4] PS(V1,V0) in [0.0, 0.0]
[2024-10-14T10:32:16.186253][INFO][seed4] No feasible solution... resampling
[2024-10-14T10:32:16.194929][INFO][seed60] Sampled 6200 data instances
[2024-10-14T10:32:16.197526][INFO][seed57] PS(V1,V0) in [0.20144314624997012, 0.3658041239576613]
[2024-10-14T10:32:16.193002][INFO][seed146] No feasible solution... resampling
[2024-10-14T10:32:16.198384][INFO][seed162] No feasible solution... resampling
[2024-10-14T10:32:16.208988][INFO][seed34] No feasible solution... resampling
[2024-10-14T10:32:16.215484][INFO][seed60] Starting exact inference 
Error in variable: 2
[2024-10-14T10:32:16.204900][INFO][seed106] No feasible solution... resampling
[2024-10-14T10:32:16.218188][INFO][seed57] PN(V1,V0) in [0.126633422451861, 0.22995584126888757] 
[2024-10-14T10:32:16.224250][INFO][seed17] Sampled 1300 data instances
[2024-10-14T10:32:16.224509][INFO][seed17] Starting exact inference 
[2024-10-14T10:32:16.236413][INFO][seed57] Saved data to: /mnt/beegfs/rcabanas/dev/credici/papers/zeros/models/s3/simple_nparents1_nzr06_zdr05_ysize3_57.csv
[2024-10-14T10:32:16.235991][INFO][seed42] No feasible solution... resampling
[2024-10-14T10:32:16.241377][INFO][seed106] Sampled 5300 data instances
[2024-10-14T10:32:16.241693][INFO][seed106] Starting exact inference 
[2024-10-14T10:32:16.243122][INFO][seed146] Sampled 6900 data instances
[2024-10-14T10:32:16.243208][INFO][seed146] Starting exact inference 
[2024-10-14T10:32:16.249676][INFO][seed4] Sampled 8500 data instances
[2024-10-14T10:32:16.250383][INFO][seed4] Starting exact inference 
[2024-10-14T10:32:16.251908][INFO][seed162] Sampled 4600 data instances
[2024-10-14T10:32:16.252535][INFO][seed162] Starting exact inference 
[2024-10-14T10:32:16.254461][INFO][seed57] Saved model to: /mnt/beegfs/rcabanas/dev/credici/papers/zeros/models/s3/simple_nparents1_nzr06_zdr05_ysize3_57.uai
[2024-10-14T10:32:16.251525][INFO][seed31] No feasible solution... resampling
[2024-10-14T10:32:16.257988][INFO][seed57] Saved queries to: /mnt/beegfs/rcabanas/dev/credici/papers/zeros/models/s3/simple_nparents1_nzr06_zdr05_ysize3_57_query.csv
[2024-10-14T10:32:16.258081][INFO][seed57] Closing log file
[2024-10-14T10:32:16.258168][INFO][seed57] Closed log file
[2024-10-14T10:32:16.260619][INFO][seed60] PS(V1,V0) in [0.0, 0.0]
[2024-10-14T10:32:16.261011][INFO][seed60] No feasible solution... resampling
['genn.py', '1', '0.6', '0.5', '89', '3']
['genn.py', '1', '0.6', '0.5', '46', '3']
[2024-10-14T10:32:16.273018][INFO][seed42] Sampled 4500 data instances
[2024-10-14T10:32:16.274333][INFO][seed42] Starting exact inference 
Error in variable: 2
[2024-10-14T10:32:16.267876][INFO][seed106] No feasible solution... resampling
[2024-10-14T10:32:16.279302][INFO][seed34] Sampled 9500 data instances
[2024-10-14T10:32:16.279384][INFO][seed34] Starting exact inference 
[2024-10-14T10:32:16.277180][INFO][seed146] No feasible solution... resampling
[2024-10-14T10:32:16.280365][INFO][seed69] No feasible solution... resampling
[2024-10-14T10:32:16.283289][INFO][seed4] PS(V1,V0) in [0.0, 0.0]
[2024-10-14T10:32:16.283692][INFO][seed4] No feasible solution... resampling
Error in variable: 2
[2024-10-14T10:32:16.292172][INFO][seed17] No feasible solution... resampling
[2024-10-14T10:32:16.294529][INFO][seed162] No feasible solution... resampling
[2024-10-14T10:32:16.302701][INFO][seed31] Sampled 4700 data instances
[2024-10-14T10:32:16.302954][INFO][seed31] Starting exact inference 
1 0.6 0.5 46
/mnt/beegfs/rcabanas/dev/credici/papers/zeros/code/GenerateNparents.java
1 0.6 0.5 89
[2024-10-14T10:32:16.305301][INFO][seed106] Sampled 5400 data instances
[2024-10-14T10:32:16.305518][INFO][seed106] Starting exact inference 
/mnt/beegfs/rcabanas/dev/credici/papers/zeros/code/GenerateNparents.java
[2024-10-14T10:32:16.311322][INFO][seed60] Sampled 6300 data instances
[2024-10-14T10:32:16.311544][INFO][seed60] Starting exact inference 
[2024-10-14T10:32:16.326945][INFO][seed69] Sampled 1400 data instances
['genn.py', '1', '0.6', '0.5', '9', '3']
[2024-10-14T10:32:16.331090][INFO][seed162] Sampled 4700 data instances
[2024-10-14T10:32:16.331303][INFO][seed162] Starting exact inference 
[2024-10-14T10:32:16.333783][INFO][seed146] Sampled 7000 data instances
[2024-10-14T10:32:16.334020][INFO][seed146] Starting exact inference 
Error in variable: 2
[2024-10-14T10:32:16.333440][INFO][seed106] No feasible solution... resampling
[2024-10-14T10:32:16.337081][INFO][seed69] Starting exact inference 
[2024-10-14T10:32:16.345743][INFO][seed87] PS(V1,V0) in [0.0, 0.0]
[2024-10-14T10:32:16.340381][INFO][seed31] No feasible solution... resampling
[2024-10-14T10:32:16.347204][INFO][seed17] Sampled 1400 data instances
[2024-10-14T10:32:16.347467][INFO][seed17] Starting exact inference 
[2024-10-14T10:32:16.352424][INFO][seed4] Sampled 8600 data instances
[2024-10-14T10:32:16.352711][INFO][seed4] Starting exact inference 
[2024-10-14T10:32:16.357767][INFO][seed42] No feasible solution... resampling
[2024-10-14T10:32:16.363105][INFO][seed87] PN(V1,V0) in [0.0, 0.0] 
[2024-10-14T10:32:16.358863][INFO][seed34] No feasible solution... resampling
[2024-10-14T10:32:16.364482][INFO][seed146] No feasible solution... resampling
1 0.6 0.5 9
/mnt/beegfs/rcabanas/dev/credici/papers/zeros/code/GenerateNparents.java
[2024-10-14T10:32:16.376218][INFO][seed31] Sampled 4800 data instances
[2024-10-14T10:32:16.376478][INFO][seed31] Starting exact inference 
[2024-10-14T10:32:16.378677][INFO][seed106] Sampled 5500 data instances
[2024-10-14T10:32:16.378920][INFO][seed106] Starting exact inference 
[2024-10-14T10:32:16.374343][INFO][seed60] PS(V1,V0) in [0.0, 0.0]
[2024-10-14T10:32:16.374748][INFO][seed60] No feasible solution... resampling
[2024-10-14T10:32:16.377346][INFO][seed162] No feasible solution... resampling
['genn.py', '1', '0.6', '0.5', '18', '3']
[2024-10-14T10:32:16.398660][INFO][seed42] Sampled 4600 data instances
[2024-10-14T10:32:16.398922][INFO][seed42] Starting exact inference 
['genn.py', '1', '0.6', '0.5', '200', '3']
[2024-10-14T10:32:16.407233][INFO][seed87] Saved data to: /mnt/beegfs/rcabanas/dev/credici/papers/zeros/models/s3/simple_nparents1_nzr06_zdr05_ysize3_87.csv
[2024-10-14T10:32:16.402924][INFO][seed4] PS(V1,V0) in [0.0, 0.0]
[2024-10-14T10:32:16.403351][INFO][seed4] No feasible solution... resampling
[2024-10-14T10:32:16.412418][INFO][seed162] Sampled 4800 data instances
[2024-10-14T10:32:16.412673][INFO][seed162] Starting exact inference 
[2024-10-14T10:32:16.414724][INFO][seed146] Sampled 7100 data instances
[2024-10-14T10:32:16.414802][INFO][seed146] Starting exact inference 
Error in variable: 2
[2024-10-14T10:32:16.408811][INFO][seed106] No feasible solution... resampling
[2024-10-14T10:32:16.418699][INFO][seed60] Sampled 6400 data instances
[2024-10-14T10:32:16.421087][INFO][seed87] Saved model to: /mnt/beegfs/rcabanas/dev/credici/papers/zeros/models/s3/simple_nparents1_nzr06_zdr05_ysize3_87.uai
[2024-10-14T10:32:16.418770][INFO][seed60] Starting exact inference 
[2024-10-14T10:32:16.425941][INFO][seed87] Saved queries to: /mnt/beegfs/rcabanas/dev/credici/papers/zeros/models/s3/simple_nparents1_nzr06_zdr05_ysize3_87_query.csv
[2024-10-14T10:32:16.426116][INFO][seed87] Closing log file
[2024-10-14T10:32:16.426205][INFO][seed87] Closed log file
[2024-10-14T10:32:16.428134][INFO][seed134] U cardinality: 9
1 0.6 0.5 18
/mnt/beegfs/rcabanas/dev/credici/papers/zeros/code/GenerateNparents.java
[2024-10-14T10:32:16.435007][INFO][seed134] !0 = [1, 2, 4, 7, 8]
[2024-10-14T10:32:16.436091][INFO][seed134] 0 = [0, 3, 5, 6]
[2024-10-14T10:32:16.441871][INFO][seed134] Dropping state 6
[2024-10-14T10:32:16.443184][INFO][seed134] Dropping state 5
[2024-10-14T10:32:16.444772][INFO][seed134] Dropping state 0
1 0.6 0.5 200
/mnt/beegfs/rcabanas/dev/credici/papers/zeros/code/GenerateNparents.java
[2024-10-14T10:32:16.447353][INFO][seed106] Sampled 5600 data instances
[2024-10-14T10:32:16.447612][INFO][seed106] Starting exact inference 
[2024-10-14T10:32:16.447903][INFO][seed134] U cardinality: 6
[2024-10-14T10:32:16.442491][INFO][seed31] No feasible solution... resampling
[2024-10-14T10:32:16.446347][INFO][seed69] No feasible solution... resampling
[2024-10-14T10:32:16.459940][INFO][seed146] No feasible solution... resampling
[2024-10-14T10:32:16.464286][INFO][seed134] 
[2024-10-14T10:32:16.464809][INFO][seed34] Sampled 9600 data instances
[2024-10-14T10:32:16.465015][INFO][seed34] Starting exact inference 
[P([3]) [0.306, 0.694], P([2]) [0.009, 0.645, 0.0, 0.16, 0.002, 0.184], P([1, 3]) [1.0, 0.0, 0.0, 1.0], P([0, 1, 2]) [1.0, 0.0, 0.0, 0.0, 1.0, 0.0, 1.0, 0.0, 0.0, 0.0, 0.0, 1.0, 0.0, 1.0, 0.0, 1.0, 0.0, 0.0, 0.0, 1.0, 0.0, 0.0, 1.0, 0.0, 0.0, 0.0, 1.0, 0.0, 1.0, 0.0, 0.0, 0.0, 1.0, 0.0, 0.0, 1.0]]

[2024-10-14T10:32:16.461903][INFO][seed162] No feasible solution... resampling
[2024-10-14T10:32:16.475273][INFO][seed4] Sampled 8700 data instances
[2024-10-14T10:32:16.475511][INFO][seed4] Starting exact inference 
[2024-10-14T10:32:16.472600][INFO][seed42] No feasible solution... resampling
[2024-10-14T10:32:16.480773][INFO][seed31] Sampled 4900 data instances
[2024-10-14T10:32:16.481423][INFO][seed31] Starting exact inference 
[2024-10-14T10:32:16.485007][INFO][seed69] Sampled 1500 data instances
[2024-10-14T10:32:16.494333][INFO][seed69] Starting exact inference 
[2024-10-14T10:32:16.491782][INFO][seed106] No feasible solution... resampling
[2024-10-14T10:32:16.499555][INFO][seed162] Sampled 4900 data instances
[2024-10-14T10:32:16.499807][INFO][seed162] Starting exact inference 
[2024-10-14T10:32:16.492813][INFO][seed60] PS(V1,V0) in [0.0, 0.0]
[2024-10-14T10:32:16.493198][INFO][seed60] No feasible solution... resampling
[2024-10-14T10:32:16.510560][INFO][seed42] Sampled 4700 data instances
[2024-10-14T10:32:16.510846][INFO][seed42] Starting exact inference 
[2024-10-14T10:32:16.510938][INFO][seed146] Sampled 7200 data instances
[2024-10-14T10:32:16.511020][INFO][seed146] Starting exact inference 
[2024-10-14T10:32:16.506533][INFO][seed4] PS(V1,V0) in [0.0, 0.0]
[2024-10-14T10:32:16.506885][INFO][seed4] No feasible solution... resampling
[2024-10-14T10:32:16.506885][INFO][seed34] No feasible solution... resampling
[2024-10-14T10:32:16.532286][INFO][seed106] Sampled 5700 data instances
[2024-10-14T10:32:16.532526][INFO][seed106] Starting exact inference 
[2024-10-14T10:32:16.536247][INFO][seed31] No feasible solution... resampling
[2024-10-14T10:32:16.537906][INFO][seed60] Sampled 6500 data instances
[2024-10-14T10:32:16.535104][INFO][seed162] No feasible solution... resampling
[2024-10-14T10:32:16.537977][INFO][seed60] Starting exact inference 
[2024-10-14T10:32:16.546267][INFO][seed42] No feasible solution... resampling
[2024-10-14T10:32:16.554591][INFO][seed17] PS(V1,V0) in [0.0, 0.0]
Error in variable: 2
[2024-10-14T10:32:16.555732][INFO][seed106] No feasible solution... resampling
[2024-10-14T10:32:16.561389][INFO][seed146] No feasible solution... resampling
[2024-10-14T10:32:16.569938][INFO][seed17] PN(V1,V0) in [0.0, 0.0] 
[2024-10-14T10:32:16.565777][INFO][seed60] PS(V1,V0) in [0.0, 0.0]
[2024-10-14T10:32:16.566164][INFO][seed60] No feasible solution... resampling
[2024-10-14T10:32:16.572173][INFO][seed4] Sampled 8800 data instances
[2024-10-14T10:32:16.572391][INFO][seed4] Starting exact inference 
[2024-10-14T10:32:16.573346][INFO][seed162] Sampled 5000 data instances
[2024-10-14T10:32:16.573644][INFO][seed162] Starting exact inference 
[2024-10-14T10:32:16.573856][INFO][seed31] Sampled 5000 data instances
[2024-10-14T10:32:16.574158][INFO][seed31] Starting exact inference 
[2024-10-14T10:32:16.578463][INFO][seed34] Sampled 9700 data instances
[2024-10-14T10:32:16.582283][INFO][seed42] Sampled 4800 data instances
[2024-10-14T10:32:16.582904][INFO][seed42] Starting exact inference 
[2024-10-14T10:32:16.578540][INFO][seed34] Starting exact inference 
[2024-10-14T10:32:16.595127][INFO][seed106] Sampled 5800 data instances
[2024-10-14T10:32:16.595371][INFO][seed106] Starting exact inference 
['genn.py', '1', '0.6', '0.5', '22', '3']
['genn.py', '1', '0.6', '0.5', '137', '3']
[2024-10-14T10:32:16.611692][INFO][seed60] Sampled 6600 data instances
[2024-10-14T10:32:16.611769][INFO][seed60] Starting exact inference 
[2024-10-14T10:32:16.617258][INFO][seed17] Saved data to: /mnt/beegfs/rcabanas/dev/credici/papers/zeros/models/s3/simple_nparents1_nzr06_zdr05_ysize3_17.csv
[2024-10-14T10:32:16.618670][INFO][seed146] Sampled 7300 data instances
[2024-10-14T10:32:16.618905][INFO][seed146] Starting exact inference 
[2024-10-14T10:32:16.622191][INFO][seed69] PS(V1,V0) in [0.0, 0.757201646090535]
[2024-10-14T10:32:16.627208][INFO][seed69] PN(V1,V0) in [0.0, 1.0] 
[2024-10-14T10:32:16.622660][INFO][seed31] No feasible solution... resampling
[2024-10-14T10:32:16.628204][INFO][seed17] Saved model to: /mnt/beegfs/rcabanas/dev/credici/papers/zeros/models/s3/simple_nparents1_nzr06_zdr05_ysize3_17.uai
[2024-10-14T10:32:16.622679][INFO][seed4] PS(V1,V0) in [0.0, 0.0]
[2024-10-14T10:32:16.623107][INFO][seed4] No feasible solution... resampling
[2024-10-14T10:32:16.624104][INFO][seed34] No feasible solution... resampling
[2024-10-14T10:32:16.632704][INFO][seed17] Saved queries to: /mnt/beegfs/rcabanas/dev/credici/papers/zeros/models/s3/simple_nparents1_nzr06_zdr05_ysize3_17_query.csv
[2024-10-14T10:32:16.632927][INFO][seed17] Closing log file
[2024-10-14T10:32:16.633015][INFO][seed17] Closed log file
[2024-10-14T10:32:16.626900][INFO][seed42] No feasible solution... resampling
Error in variable: 2
[2024-10-14T10:32:16.641033][INFO][seed106] No feasible solution... resampling
1 0.6 0.5 22
/mnt/beegfs/rcabanas/dev/credici/papers/zeros/code/GenerateNparents.java
1 0.6 0.5 137
/mnt/beegfs/rcabanas/dev/credici/papers/zeros/code/GenerateNparents.java
[2024-10-14T10:32:16.647408][INFO][seed146] No feasible solution... resampling
[2024-10-14T10:32:16.657254][INFO][seed69] Saved data to: /mnt/beegfs/rcabanas/dev/credici/papers/zeros/models/s3/simple_nparents1_nzr06_zdr05_ysize3_69.csv
[2024-10-14T10:32:16.657649][INFO][seed60] PS(V1,V0) in [0.0, 0.0]
[2024-10-14T10:32:16.658084][INFO][seed60] No feasible solution... resampling
[2024-10-14T10:32:16.667686][INFO][seed42] Sampled 4900 data instances
[2024-10-14T10:32:16.667921][INFO][seed42] Starting exact inference 
[2024-10-14T10:32:16.668862][INFO][seed31] Sampled 5100 data instances
[2024-10-14T10:32:16.671372][INFO][seed69] Saved model to: /mnt/beegfs/rcabanas/dev/credici/papers/zeros/models/s3/simple_nparents1_nzr06_zdr05_ysize3_69.uai
[2024-10-14T10:32:16.669175][INFO][seed31] Starting exact inference 
[2024-10-14T10:32:16.678469][INFO][seed134] Sampled 1000 data instances
[2024-10-14T10:32:16.678570][INFO][seed134] Starting exact inference 
[2024-10-14T10:32:16.673509][INFO][seed162] No feasible solution... resampling
[2024-10-14T10:32:16.680546][INFO][seed69] Saved queries to: /mnt/beegfs/rcabanas/dev/credici/papers/zeros/models/s3/simple_nparents1_nzr06_zdr05_ysize3_69_query.csv
[2024-10-14T10:32:16.680621][INFO][seed69] Closing log file
[2024-10-14T10:32:16.680646][INFO][seed69] Closed log file
[2024-10-14T10:32:16.693475][INFO][seed4] Sampled 8900 data instances
[2024-10-14T10:32:16.693711][INFO][seed4] Starting exact inference 
[2024-10-14T10:32:16.696538][INFO][seed34] Sampled 9800 data instances
[2024-10-14T10:32:16.696827][INFO][seed106] Sampled 5900 data instances
[2024-10-14T10:32:16.697106][INFO][seed106] Starting exact inference 
[2024-10-14T10:32:16.696623][INFO][seed34] Starting exact inference 
[2024-10-14T10:32:16.705676][INFO][seed60] Sampled 6700 data instances
[2024-10-14T10:32:16.705763][INFO][seed60] Starting exact inference 
[2024-10-14T10:32:16.713183][INFO][seed146] Sampled 7400 data instances
[2024-10-14T10:32:16.713311][INFO][seed146] Starting exact inference 
[2024-10-14T10:32:16.725398][INFO][seed162] Sampled 5100 data instances
[2024-10-14T10:32:16.727755][INFO][seed162] Starting exact inference 
[2024-10-14T10:32:16.727219][INFO][seed42] No feasible solution... resampling
[2024-10-14T10:32:16.727476][INFO][seed31] No feasible solution... resampling
[2024-10-14T10:32:16.727715][INFO][seed34] No feasible solution... resampling
[2024-10-14T10:32:16.735158][INFO][seed106] No feasible solution... resampling
[2024-10-14T10:32:16.732549][INFO][seed4] PS(V1,V0) in [0.0, 0.0]
[2024-10-14T10:32:16.732962][INFO][seed4] No feasible solution... resampling
[2024-10-14T10:32:16.756838][INFO][seed146] No feasible solution... resampling
[2024-10-14T10:32:16.762229][INFO][seed42] Sampled 5000 data instances
[2024-10-14T10:32:16.756099][INFO][seed60] PS(V1,V0) in [0.0, 0.0]
[2024-10-14T10:32:16.756560][INFO][seed60] No feasible solution... resampling
[2024-10-14T10:32:16.762451][INFO][seed42] Starting exact inference 
[2024-10-14T10:32:16.768280][INFO][seed31] Sampled 5200 data instances
[2024-10-14T10:32:16.768579][INFO][seed31] Starting exact inference 
[2024-10-14T10:32:16.770182][INFO][seed162] No feasible solution... resampling
[2024-10-14T10:32:16.777378][INFO][seed106] Sampled 6000 data instances
[2024-10-14T10:32:16.777593][INFO][seed106] Starting exact inference 
Error in variable: 2
[2024-10-14T10:32:16.796397][INFO][seed106] No feasible solution... resampling
[2024-10-14T10:32:16.804450][INFO][seed34] Sampled 9900 data instances
[2024-10-14T10:32:16.804672][INFO][seed34] Starting exact inference 
[2024-10-14T10:32:16.805620][INFO][seed60] Sampled 6800 data instances
[2024-10-14T10:32:16.805693][INFO][seed60] Starting exact inference 
[2024-10-14T10:32:16.804260][INFO][seed42] No feasible solution... resampling
[2024-10-14T10:32:16.810526][INFO][seed146] Sampled 7500 data instances
[2024-10-14T10:32:16.809801][INFO][seed162] Sampled 5200 data instances
[2024-10-14T10:32:16.810610][INFO][seed146] Starting exact inference 
[2024-10-14T10:32:16.810059][INFO][seed162] Starting exact inference 
[2024-10-14T10:32:16.812609][INFO][seed4] Sampled 9000 data instances
[2024-10-14T10:32:16.812825][INFO][seed4] Starting exact inference 
[2024-10-14T10:32:16.828033][INFO][seed31] No feasible solution... resampling
[2024-10-14T10:32:16.838538][INFO][seed106] Sampled 6100 data instances
[2024-10-14T10:32:16.838869][INFO][seed106] Starting exact inference 
[2024-10-14T10:32:16.840783][INFO][seed42] Sampled 5100 data instances
[2024-10-14T10:32:16.841016][INFO][seed42] Starting exact inference 
[2024-10-14T10:32:16.822715][INFO][seed19] Set up logging
[2024-10-14T10:32:16.843649][INFO][seed19] args: -np;1;-nzr;0.6;-zdr;0.5;-o;/mnt/beegfs/rcabanas/dev/credici/papers/zeros/models/s3;-rw;-s;19;-ys;3
[2024-10-14T10:32:16.842235][INFO][seed60] PS(V1,V0) in [0.0, 0.0]
[2024-10-14T10:32:16.847322][INFO][seed19] Starting logger with seed 19
[2024-10-14T10:32:16.843179][INFO][seed146] No feasible solution... resampling
[2024-10-14T10:32:16.844066][INFO][seed60] No feasible solution... resampling
[2024-10-14T10:32:16.844606][INFO][seed34] No feasible solution... resampling
['genn.py', '1', '0.6', '0.5', '187', '3']
[2024-10-14T10:32:16.864279][INFO][seed19] simple_nparents1_nzr06_zdr05_ysize3_19
Error in variable: 2
[2024-10-14T10:32:16.859442][INFO][seed106] No feasible solution... resampling
[2024-10-14T10:32:16.870157][INFO][seed31] Sampled 5300 data instances
[2024-10-14T10:32:16.870437][INFO][seed31] Starting exact inference 
[2024-10-14T10:32:16.865678][INFO][seed162] No feasible solution... resampling
[2024-10-14T10:32:16.891506][INFO][seed60] Sampled 6900 data instances
[2024-10-14T10:32:16.891574][INFO][seed60] Starting exact inference 
[2024-10-14T10:32:16.888157][INFO][seed4] PS(V1,V0) in [0.0, 0.0]
[2024-10-14T10:32:16.888548][INFO][seed4] No feasible solution... resampling
1 0.6 0.5 187
/mnt/beegfs/rcabanas/dev/credici/papers/zeros/code/GenerateNparents.java
[2024-10-14T10:32:16.897302][INFO][seed42] No feasible solution... resampling
[2024-10-14T10:32:16.901620][INFO][seed106] Sampled 6200 data instances
[2024-10-14T10:32:16.901879][INFO][seed106] Starting exact inference 
[2024-10-14T10:32:16.904199][INFO][seed146] Sampled 7600 data instances
[2024-10-14T10:32:16.904445][INFO][seed146] Starting exact inference 
[2024-10-14T10:32:16.906655][INFO][seed162] Sampled 5300 data instances
[2024-10-14T10:32:16.906931][INFO][seed162] Starting exact inference 
[2024-10-14T10:32:16.918429][INFO][seed34] Sampled 10000 data instances
[2024-10-14T10:32:16.918522][INFO][seed34] Starting exact inference 
[2024-10-14T10:32:16.912713][INFO][seed31] No feasible solution... resampling
[2024-10-14T10:32:16.921909][INFO][seed60] PS(V1,V0) in [0.0, 0.0]
[2024-10-14T10:32:16.922300][INFO][seed60] No feasible solution... resampling
[2024-10-14T10:32:16.934100][INFO][seed42] Sampled 5200 data instances
[2024-10-14T10:32:16.934401][INFO][seed42] Starting exact inference 
Error in variable: 2
[2024-10-14T10:32:16.934203][INFO][seed106] No feasible solution... resampling
[2024-10-14T10:32:16.933643][INFO][seed146] No feasible solution... resampling
[2024-10-14T10:32:16.940462][INFO][seed162] No feasible solution... resampling
[2024-10-14T10:32:16.956903][INFO][seed34] No feasible solution... resampling
[2024-10-14T10:32:16.957001][SEVERE][seed34] java.lang.IllegalStateException: Unable to generate compatible data
[2024-10-14T10:32:16.957017][INFO][seed34] Closing log file
[2024-10-14T10:32:16.957026][INFO][seed34] Closed log file
[2024-10-14T10:32:16.958456][INFO][seed4] Sampled 9100 data instances
[2024-10-14T10:32:16.958697][INFO][seed4] Starting exact inference 
[2024-10-14T10:32:16.968500][INFO][seed31] Sampled 5400 data instances
[2024-10-14T10:32:16.968811][INFO][seed31] Starting exact inference 
[2024-10-14T10:32:16.979181][INFO][seed60] Sampled 7000 data instances
[2024-10-14T10:32:16.979391][INFO][seed60] Starting exact inference 
[2024-10-14T10:32:16.985186][INFO][seed106] Sampled 6300 data instances
[2024-10-14T10:32:16.985500][INFO][seed106] Starting exact inference 
[2024-10-14T10:32:16.987551][INFO][seed162] Sampled 5400 data instances
[2024-10-14T10:32:16.987864][INFO][seed162] Starting exact inference 
[2024-10-14T10:32:16.988158][INFO][seed146] Sampled 7700 data instances
[2024-10-14T10:32:16.988243][INFO][seed146] Starting exact inference 
[2024-10-14T10:32:16.997398][INFO][seed4] PS(V1,V0) in [0.0, 0.0]
[2024-10-14T10:32:16.997794][INFO][seed4] No feasible solution... resampling
[2024-10-14T10:32:17.003019][INFO][seed31] No feasible solution... resampling
[2024-10-14T10:32:17.009769][INFO][seed42] No feasible solution... resampling
Error in variable: 2
[2024-10-14T10:32:17.012648][INFO][seed106] No feasible solution... resampling
[2024-10-14T10:32:17.015025][INFO][seed146] No feasible solution... resampling
[2024-10-14T10:32:17.020705][INFO][seed162] No feasible solution... resampling
[2024-10-14T10:32:17.019396][INFO][seed60] PS(V1,V0) in [0.0, 0.0]
[2024-10-14T10:32:17.020206][INFO][seed60] PN(V1,V0) in [0.0, 0.0] 
[2024-10-14T10:32:17.053770][INFO][seed31] Sampled 5500 data instances
[2024-10-14T10:32:17.054032][INFO][seed31] Starting exact inference 
[2024-10-14T10:32:17.057978][INFO][seed42] Sampled 5300 data instances
[2024-10-14T10:32:17.058380][INFO][seed106] Sampled 6400 data instances
[2024-10-14T10:32:17.058293][INFO][seed42] Starting exact inference 
[2024-10-14T10:32:17.058598][INFO][seed106] Starting exact inference 
[2024-10-14T10:32:17.062018][INFO][seed162] Sampled 5500 data instances
[2024-10-14T10:32:17.062347][INFO][seed162] Starting exact inference 
['genn.py', '1', '0.6', '0.5', '117', '3']
[2024-10-14T10:32:17.071182][INFO][seed146] Sampled 7800 data instances
[2024-10-14T10:32:17.071268][INFO][seed146] Starting exact inference 
[2024-10-14T10:32:17.072956][INFO][seed4] Sampled 9200 data instances
[2024-10-14T10:32:17.073208][INFO][seed4] Starting exact inference 
['genn.py', '1', '0.6', '0.5', '65', '3']
[2024-10-14T10:32:17.092600][INFO][seed60] Saved data to: /mnt/beegfs/rcabanas/dev/credici/papers/zeros/models/s3/simple_nparents1_nzr06_zdr05_ysize3_60.csv
[2024-10-14T10:32:17.091232][INFO][seed31] No feasible solution... resampling
[2024-10-14T10:32:17.104923][INFO][seed60] Saved model to: /mnt/beegfs/rcabanas/dev/credici/papers/zeros/models/s3/simple_nparents1_nzr06_zdr05_ysize3_60.uai
[2024-10-14T10:32:17.100692][INFO][seed162] No feasible solution... resampling
1 0.6 0.5 117
/mnt/beegfs/rcabanas/dev/credici/papers/zeros/code/GenerateNparents.java
[2024-10-14T10:32:17.107156][INFO][seed106] No feasible solution... resampling
[2024-10-14T10:32:17.111568][INFO][seed19] U cardinality: 9
[2024-10-14T10:32:17.112734][INFO][seed60] Saved queries to: /mnt/beegfs/rcabanas/dev/credici/papers/zeros/models/s3/simple_nparents1_nzr06_zdr05_ysize3_60_query.csv
[2024-10-14T10:32:17.112822][INFO][seed60] Closing log file
[2024-10-14T10:32:17.112887][INFO][seed60] Closed log file
[2024-10-14T10:32:17.107433][INFO][seed4] PS(V1,V0) in [0.0, 0.0]
[2024-10-14T10:32:17.107816][INFO][seed4] No feasible solution... resampling
[2024-10-14T10:32:17.116743][INFO][seed19] !0 = [1, 2, 6, 7, 8]
[2024-10-14T10:32:17.117146][INFO][seed19] 0 = [0, 3, 4, 5]
[2024-10-14T10:32:17.115331][INFO][seed146] No feasible solution... resampling
[2024-10-14T10:32:17.117954][INFO][seed42] No feasible solution... resampling
[2024-10-14T10:32:17.124841][INFO][seed19] Dropping state 4
1 0.6 0.5 65
/mnt/beegfs/rcabanas/dev/credici/papers/zeros/code/GenerateNparents.java
[2024-10-14T10:32:17.127617][INFO][seed19] U cardinality: 8
[2024-10-14T10:32:17.135436][INFO][seed31] Sampled 5600 data instances
[2024-10-14T10:32:17.135683][INFO][seed31] Starting exact inference 
[2024-10-14T10:32:17.143448][INFO][seed162] Sampled 5600 data instances
[2024-10-14T10:32:17.143783][INFO][seed162] Starting exact inference 
[2024-10-14T10:32:17.143515][INFO][seed19] 
[P([3]) [0.453, 0.547], P([2]) [0.0, 0.399, 0.562, 0.0, 0.0, 0.001, 0.002, 0.036], P([1, 3]) [1.0, 0.0, 0.0, 1.0], P([0, 1, 2]) [1.0, 0.0, 0.0, 1.0, 0.0, 0.0, 1.0, 0.0, 0.0, 0.0, 1.0, 0.0, 1.0, 0.0, 0.0, 0.0, 0.0, 1.0, 0.0, 1.0, 0.0, 1.0, 0.0, 0.0, 0.0, 1.0, 0.0, 0.0, 0.0, 1.0, 0.0, 0.0, 1.0, 1.0, 0.0, 0.0, 0.0, 0.0, 1.0, 0.0, 1.0, 0.0, 0.0, 0.0, 1.0, 0.0, 0.0, 1.0]]

[2024-10-14T10:32:17.153165][INFO][seed106] Sampled 6500 data instances
[2024-10-14T10:32:17.153413][INFO][seed106] Starting exact inference 
[2024-10-14T10:32:17.157318][INFO][seed42] Sampled 5400 data instances
[2024-10-14T10:32:17.157628][INFO][seed42] Starting exact inference 
Error in variable: 2
[2024-10-14T10:32:17.170821][INFO][seed106] No feasible solution... resampling
[2024-10-14T10:32:17.172564][INFO][seed31] No feasible solution... resampling
[2024-10-14T10:32:17.179429][INFO][seed146] Sampled 7900 data instances
[2024-10-14T10:32:17.179662][INFO][seed146] Starting exact inference 
[2024-10-14T10:32:17.187606][INFO][seed42] No feasible solution... resampling
[2024-10-14T10:32:17.185358][INFO][seed162] No feasible solution... resampling
[2024-10-14T10:32:17.216381][INFO][seed106] Sampled 6600 data instances
[2024-10-14T10:32:17.216712][INFO][seed106] Starting exact inference 
[2024-10-14T10:32:17.217650][INFO][seed31] Sampled 5700 data instances
[2024-10-14T10:32:17.217896][INFO][seed31] Starting exact inference 
[2024-10-14T10:32:17.213161][INFO][seed146] No feasible solution... resampling
[2024-10-14T10:32:17.226570][INFO][seed42] Sampled 5500 data instances
[2024-10-14T10:32:17.226891][INFO][seed42] Starting exact inference 
[2024-10-14T10:32:17.233437][INFO][seed162] Sampled 5700 data instances
[2024-10-14T10:32:17.233726][INFO][seed162] Starting exact inference 
[2024-10-14T10:32:17.237261][INFO][seed4] Sampled 9300 data instances
[2024-10-14T10:32:17.237563][INFO][seed4] Starting exact inference 
Error in variable: 2
[2024-10-14T10:32:17.252071][INFO][seed106] No feasible solution... resampling
[2024-10-14T10:32:17.267059][INFO][seed42] No feasible solution... resampling
[2024-10-14T10:32:17.279236][INFO][seed31] No feasible solution... resampling
[2024-10-14T10:32:17.285034][INFO][seed4] PS(V1,V0) in [0.0, 0.0]
[2024-10-14T10:32:17.285474][INFO][seed4] No feasible solution... resampling
[2024-10-14T10:32:17.299009][INFO][seed106] Sampled 6700 data instances
[2024-10-14T10:32:17.299262][INFO][seed106] Starting exact inference 
['genn.py', '1', '0.6', '0.5', '186', '3']
[2024-10-14T10:32:17.306445][INFO][seed42] Sampled 5600 data instances
[2024-10-14T10:32:17.306675][INFO][seed42] Starting exact inference 
[2024-10-14T10:32:17.311481][INFO][seed162] No feasible solution... resampling
[2024-10-14T10:32:17.323133][INFO][seed31] Sampled 5800 data instances
[2024-10-14T10:32:17.323379][INFO][seed31] Starting exact inference 
[2024-10-14T10:32:17.330127][INFO][seed146] Sampled 8000 data instances
[2024-10-14T10:32:17.330666][INFO][seed146] Starting exact inference 
[2024-10-14T10:32:17.342369][INFO][seed19] Sampled 1000 data instances
[2024-10-14T10:32:17.342632][INFO][seed19] Starting exact inference 
[2024-10-14T10:32:17.338577][INFO][seed106] No feasible solution... resampling
1 0.6 0.5 186
/mnt/beegfs/rcabanas/dev/credici/papers/zeros/code/GenerateNparents.java
[2024-10-14T10:32:17.344957][INFO][seed42] No feasible solution... resampling
[2024-10-14T10:32:17.363261][INFO][seed4] Sampled 9400 data instances
[2024-10-14T10:32:17.357960][INFO][seed146] No feasible solution... resampling
[2024-10-14T10:32:17.363501][INFO][seed4] Starting exact inference 
[2024-10-14T10:32:17.366619][INFO][seed31] No feasible solution... resampling
[2024-10-14T10:32:17.379626][INFO][seed162] Sampled 5800 data instances
[2024-10-14T10:32:17.385378][INFO][seed106] Sampled 6800 data instances
[2024-10-14T10:32:17.385609][INFO][seed106] Starting exact inference 
[2024-10-14T10:32:17.393158][INFO][seed42] Sampled 5700 data instances
[2024-10-14T10:32:17.393467][INFO][seed42] Starting exact inference 
[2024-10-14T10:32:17.401534][INFO][seed162] Starting exact inference 
[2024-10-14T10:32:17.397709][INFO][seed4] PS(V1,V0) in [0.0, 0.0]
[2024-10-14T10:32:17.398147][INFO][seed4] No feasible solution... resampling
Error in variable: 2
[2024-10-14T10:32:17.406731][INFO][seed106] No feasible solution... resampling
[2024-10-14T10:32:17.417060][INFO][seed146] Sampled 8100 data instances
[2024-10-14T10:32:17.418653][INFO][seed31] Sampled 5900 data instances
[2024-10-14T10:32:17.417211][INFO][seed146] Starting exact inference 
[2024-10-14T10:32:17.418927][INFO][seed31] Starting exact inference 
[2024-10-14T10:32:17.434439][INFO][seed42] No feasible solution... resampling
[2024-10-14T10:32:17.453933][INFO][seed106] Sampled 6900 data instances
[2024-10-14T10:32:17.454184][INFO][seed106] Starting exact inference 
[2024-10-14T10:32:17.472596][INFO][seed4] Sampled 9500 data instances
[2024-10-14T10:32:17.472907][INFO][seed4] Starting exact inference 
[2024-10-14T10:32:17.475276][INFO][seed42] Sampled 5800 data instances
[2024-10-14T10:32:17.475558][INFO][seed42] Starting exact inference 
[2024-10-14T10:32:17.472102][INFO][seed31] No feasible solution... resampling
[2024-10-14T10:32:17.487140][INFO][seed146] No feasible solution... resampling
[2024-10-14T10:32:17.491338][INFO][seed162] No feasible solution... resampling
['genn.py', '1', '0.6', '0.5', '156', '3']
[2024-10-14T10:32:17.503970][INFO][seed106] No feasible solution... resampling
[2024-10-14T10:32:17.512030][INFO][seed42] No feasible solution... resampling
[2024-10-14T10:32:17.517353][INFO][seed31] Sampled 6000 data instances
[2024-10-14T10:32:17.517589][INFO][seed31] Starting exact inference 
[2024-10-14T10:32:17.514087][INFO][seed4] PS(V1,V0) in [0.0, 0.0]
[2024-10-14T10:32:17.514464][INFO][seed4] No feasible solution... resampling
1 0.6 0.5 156
/mnt/beegfs/rcabanas/dev/credici/papers/zeros/code/GenerateNparents.java
[2024-10-14T10:32:17.554140][INFO][seed42] Sampled 5900 data instances
[2024-10-14T10:32:17.554463][INFO][seed42] Starting exact inference 
[2024-10-14T10:32:17.560115][INFO][seed106] Sampled 7000 data instances
[2024-10-14T10:32:17.560357][INFO][seed106] Starting exact inference 
[2024-10-14T10:32:17.557702][INFO][seed146] Sampled 8200 data instances
[2024-10-14T10:32:17.552731][INFO][seed31] No feasible solution... resampling
[2024-10-14T10:32:17.557940][INFO][seed146] Starting exact inference 
[2024-10-14T10:32:17.591758][INFO][seed4] Sampled 9600 data instances
[2024-10-14T10:32:17.592012][INFO][seed4] Starting exact inference 
[2024-10-14T10:32:17.586136][INFO][seed146] No feasible solution... resampling
[2024-10-14T10:32:17.593483][INFO][seed106] No feasible solution... resampling
[2024-10-14T10:32:17.601457][INFO][seed31] Sampled 6100 data instances
[2024-10-14T10:32:17.601743][INFO][seed31] Starting exact inference 
[2024-10-14T10:32:17.596010][INFO][seed42] No feasible solution... resampling
[2024-10-14T10:32:17.606334][INFO][seed162] Sampled 5900 data instances
[2024-10-14T10:32:17.607799][INFO][seed162] Starting exact inference 
[2024-10-14T10:32:17.629990][INFO][seed4] PS(V1,V0) in [0.0, 0.0]
[2024-10-14T10:32:17.630362][INFO][seed4] No feasible solution... resampling
[2024-10-14T10:32:17.644007][INFO][seed146] Sampled 8300 data instances
[2024-10-14T10:32:17.644009][INFO][seed106] Sampled 7100 data instances
[2024-10-14T10:32:17.644307][INFO][seed106] Starting exact inference 
[2024-10-14T10:32:17.644086][INFO][seed146] Starting exact inference 
[2024-10-14T10:32:17.645117][INFO][seed42] Sampled 6000 data instances
[2024-10-14T10:32:17.645390][INFO][seed42] Starting exact inference 
[2024-10-14T10:32:17.646779][INFO][seed162] No feasible solution... resampling
[2024-10-14T10:32:17.648417][INFO][seed31] No feasible solution... resampling
Error in variable: 2
[2024-10-14T10:32:17.665369][INFO][seed106] No feasible solution... resampling
[2024-10-14T10:32:17.680968][INFO][seed146] No feasible solution... resampling
[2024-10-14T10:32:17.692803][INFO][seed162] Sampled 6000 data instances
[2024-10-14T10:32:17.693144][INFO][seed162] Starting exact inference 
[2024-10-14T10:32:17.688793][INFO][seed42] No feasible solution... resampling
[2024-10-14T10:32:17.704065][INFO][seed4] Sampled 9700 data instances
[2024-10-14T10:32:17.704253][INFO][seed31] Sampled 6200 data instances
[2024-10-14T10:32:17.704391][INFO][seed4] Starting exact inference 
[2024-10-14T10:32:17.704549][INFO][seed31] Starting exact inference 
[2024-10-14T10:32:17.715221][INFO][seed106] Sampled 7200 data instances
[2024-10-14T10:32:17.715513][INFO][seed106] Starting exact inference 
[2024-10-14T10:32:17.739945][INFO][seed42] Sampled 6100 data instances
[2024-10-14T10:32:17.740187][INFO][seed42] Starting exact inference 
[2024-10-14T10:32:17.739546][INFO][seed146] Sampled 8400 data instances
[2024-10-14T10:32:17.739627][INFO][seed146] Starting exact inference 
[2024-10-14T10:32:17.740488][INFO][seed162] No feasible solution... resampling
Error in variable: 2
[2024-10-14T10:32:17.744932][INFO][seed106] No feasible solution... resampling
[2024-10-14T10:32:17.747315][INFO][seed4] PS(V1,V0) in [0.0, 0.0]
[2024-10-14T10:32:17.747689][INFO][seed4] No feasible solution... resampling
[2024-10-14T10:32:17.769][INFO][seed134] PS(V1,V0) in [0.0, 0.06806571667114777]
[2024-10-14T10:32:17.772771][INFO][seed134] PN(V1,V0) in [0.0, 0.26511602270848256] 
[2024-10-14T10:32:17.770123][INFO][seed146] No feasible solution... resampling
[2024-10-14T10:32:17.775550][INFO][seed31] No feasible solution... resampling
[2024-10-14T10:32:17.778385][INFO][seed42] No feasible solution... resampling
[2024-10-14T10:32:17.788676][INFO][seed162] Sampled 6100 data instances
[2024-10-14T10:32:17.788998][INFO][seed162] Starting exact inference 
[2024-10-14T10:32:17.803975][INFO][seed106] Sampled 7300 data instances
[2024-10-14T10:32:17.804278][INFO][seed106] Starting exact inference 
[2024-10-14T10:32:17.823074][INFO][seed42] Sampled 6200 data instances
[2024-10-14T10:32:17.823325][INFO][seed42] Starting exact inference 
[2024-10-14T10:32:17.828230][INFO][seed134] Saved data to: /mnt/beegfs/rcabanas/dev/credici/papers/zeros/models/s3/simple_nparents1_nzr06_zdr05_ysize3_134.csv
[2024-10-14T10:32:17.828556][INFO][seed4] Sampled 9800 data instances
[2024-10-14T10:32:17.828832][INFO][seed4] Starting exact inference 
Error in variable: 2
[2024-10-14T10:32:17.828394][INFO][seed106] No feasible solution... resampling
[2024-10-14T10:32:17.834715][INFO][seed146] Sampled 8500 data instances
[2024-10-14T10:32:17.834946][INFO][seed146] Starting exact inference 
[2024-10-14T10:32:17.842226][INFO][seed134] Saved model to: /mnt/beegfs/rcabanas/dev/credici/papers/zeros/models/s3/simple_nparents1_nzr06_zdr05_ysize3_134.uai
[2024-10-14T10:32:17.847121][INFO][seed134] Saved queries to: /mnt/beegfs/rcabanas/dev/credici/papers/zeros/models/s3/simple_nparents1_nzr06_zdr05_ysize3_134_query.csv
[2024-10-14T10:32:17.847395][INFO][seed134] Closing log file
[2024-10-14T10:32:17.847479][INFO][seed134] Closed log file
[2024-10-14T10:32:17.850533][INFO][seed31] Sampled 6300 data instances
[2024-10-14T10:32:17.850859][INFO][seed31] Starting exact inference 
[2024-10-14T10:32:17.851206][INFO][seed162] No feasible solution... resampling
[2024-10-14T10:32:17.871114][INFO][seed42] No feasible solution... resampling
[2024-10-14T10:32:17.862838][INFO][seed146] No feasible solution... resampling
[2024-10-14T10:32:17.879882][INFO][seed106] Sampled 7400 data instances
[2024-10-14T10:32:17.880385][INFO][seed106] Starting exact inference 
[2024-10-14T10:32:17.901487][INFO][seed162] Sampled 6200 data instances
[2024-10-14T10:32:17.901816][INFO][seed162] Starting exact inference 
[2024-10-14T10:32:17.915096][INFO][seed4] PS(V1,V0) in [0.0, 0.0]
[2024-10-14T10:32:17.915487][INFO][seed4] No feasible solution... resampling
Error in variable: 2
[2024-10-14T10:32:17.906392][INFO][seed106] No feasible solution... resampling
[2024-10-14T10:32:17.927435][INFO][seed146] Sampled 8600 data instances
[2024-10-14T10:32:17.927542][INFO][seed146] Starting exact inference 
[2024-10-14T10:32:17.929500][INFO][seed31] No feasible solution... resampling
[2024-10-14T10:32:17.939914][INFO][seed42] Sampled 6300 data instances
[2024-10-14T10:32:17.940257][INFO][seed42] Starting exact inference 
[2024-10-14T10:32:17.946412][INFO][seed162] No feasible solution... resampling
[2024-10-14T10:32:17.955415][INFO][seed146] No feasible solution... resampling
[2024-10-14T10:32:17.978075][INFO][seed31] Sampled 6400 data instances
[2024-10-14T10:32:17.974288][INFO][seed42] No feasible solution... resampling
[2024-10-14T10:32:17.978375][INFO][seed31] Starting exact inference 
[2024-10-14T10:32:17.999476][INFO][seed162] Sampled 6300 data instances
[2024-10-14T10:32:17.999798][INFO][seed162] Starting exact inference 
[2024-10-14T10:32:18.012558][INFO][seed31] No feasible solution... resampling
[2024-10-14T10:32:18.019278][INFO][seed146] Sampled 8700 data instances
[2024-10-14T10:32:18.019480][INFO][seed146] Starting exact inference 
[2024-10-14T10:32:18.021341][INFO][seed106] Sampled 7500 data instances
[2024-10-14T10:32:18.021578][INFO][seed106] Starting exact inference 
[2024-10-14T10:32:18.027828][INFO][seed42] Sampled 6400 data instances
[2024-10-14T10:32:18.028161][INFO][seed42] Starting exact inference 
[2024-10-14T10:32:18.033816][INFO][seed4] Sampled 9900 data instances
[2024-10-14T10:32:18.034112][INFO][seed4] Starting exact inference 
[2024-10-14T10:32:18.045275][INFO][seed162] No feasible solution... resampling
[2024-10-14T10:32:18.061964][INFO][seed31] Sampled 6500 data instances
[2024-10-14T10:32:18.062275][INFO][seed31] Starting exact inference 
[2024-10-14T10:32:18.062751][INFO][seed42] No feasible solution... resampling
Error in variable: 2
[2024-10-14T10:32:18.064658][INFO][seed106] No feasible solution... resampling
[2024-10-14T10:32:18.067051][INFO][seed146] No feasible solution... resampling
[2024-10-14T10:32:18.080537][INFO][seed4] PS(V1,V0) in [0.0, 0.0]
[2024-10-14T10:32:18.080932][INFO][seed4] No feasible solution... resampling
[2024-10-14T10:32:18.094307][INFO][seed162] Sampled 6400 data instances
[2024-10-14T10:32:18.094632][INFO][seed162] Starting exact inference 
[2024-10-14T10:32:18.109706][INFO][seed42] Sampled 6500 data instances
[2024-10-14T10:32:18.110066][INFO][seed42] Starting exact inference 
[2024-10-14T10:32:18.117331][INFO][seed106] Sampled 7600 data instances
[2024-10-14T10:32:18.117563][INFO][seed106] Starting exact inference 
[2024-10-14T10:32:18.117375][INFO][seed31] No feasible solution... resampling
[2024-10-14T10:32:18.140790][INFO][seed146] Sampled 8800 data instances
[2024-10-14T10:32:18.140941][INFO][seed146] Starting exact inference 
[2024-10-14T10:32:18.140386][INFO][seed42] No feasible solution... resampling
[2024-10-14T10:32:18.147745][INFO][seed162] No feasible solution... resampling
[2024-10-14T10:32:18.158599][INFO][seed4] Sampled 10000 data instances
[2024-10-14T10:32:18.158912][INFO][seed4] Starting exact inference 
[2024-10-14T10:32:18.170574][INFO][seed31] Sampled 6600 data instances
[2024-10-14T10:32:18.170831][INFO][seed31] Starting exact inference 
[2024-10-14T10:32:18.169323][INFO][seed106] No feasible solution... resampling
[2024-10-14T10:32:18.175641][INFO][seed146] No feasible solution... resampling
[2024-10-14T10:32:18.186597][INFO][seed42] Sampled 6600 data instances
[2024-10-14T10:32:18.186908][INFO][seed42] Starting exact inference 
[2024-10-14T10:32:18.194069][INFO][seed4] PS(V1,V0) in [0.0, 0.0]
[2024-10-14T10:32:18.194463][INFO][seed4] No feasible solution... resampling
[2024-10-14T10:32:18.194531][SEVERE][seed4] java.lang.IllegalStateException: Unable to generate compatible data
[2024-10-14T10:32:18.194546][INFO][seed4] Closing log file
[2024-10-14T10:32:18.194555][INFO][seed4] Closed log file
[2024-10-14T10:32:18.206963][INFO][seed162] Sampled 6500 data instances
[2024-10-14T10:32:18.207296][INFO][seed162] Starting exact inference 
[2024-10-14T10:32:18.214093][INFO][seed31] No feasible solution... resampling
[2024-10-14T10:32:18.222493][INFO][seed106] Sampled 7700 data instances
[2024-10-14T10:32:18.222733][INFO][seed106] Starting exact inference 
[2024-10-14T10:32:18.239046][INFO][seed146] Sampled 8900 data instances
[2024-10-14T10:32:18.239129][INFO][seed146] Starting exact inference 
[2024-10-14T10:32:18.246856][INFO][seed162] No feasible solution... resampling
['genn.py', '1', '0.6', '0.5', '3', '3']
[2024-10-14T10:32:18.266198][INFO][seed31] Sampled 6700 data instances
[2024-10-14T10:32:18.266477][INFO][seed31] Starting exact inference 
[2024-10-14T10:32:18.272081][INFO][seed106] No feasible solution... resampling
[2024-10-14T10:32:18.279901][INFO][seed42] No feasible solution... resampling
[2024-10-14T10:32:18.296398][INFO][seed162] Sampled 6600 data instances
[2024-10-14T10:32:18.296730][INFO][seed162] Starting exact inference 
1 0.6 0.5 3
/mnt/beegfs/rcabanas/dev/credici/papers/zeros/code/GenerateNparents.java
[2024-10-14T10:32:18.307500][INFO][seed146] No feasible solution... resampling
[2024-10-14T10:32:18.315076][INFO][seed31] No feasible solution... resampling
[2024-10-14T10:32:18.333573][INFO][seed42] Sampled 6700 data instances
[2024-10-14T10:32:18.333870][INFO][seed42] Starting exact inference 
[2024-10-14T10:32:18.345764][INFO][seed106] Sampled 7800 data instances
[2024-10-14T10:32:18.345999][INFO][seed106] Starting exact inference 
[2024-10-14T10:32:18.364565][INFO][seed19] PS(V1,V0) in [0.3593630506521397, 0.40697710963281125]
[2024-10-14T10:32:18.367886][INFO][seed31] Sampled 6800 data instances
[2024-10-14T10:32:18.368176][INFO][seed31] Starting exact inference 
[2024-10-14T10:32:18.371708][INFO][seed162] No feasible solution... resampling
[2024-10-14T10:32:18.375439][INFO][seed146] Sampled 9000 data instances
[2024-10-14T10:32:18.376306][INFO][seed146] Starting exact inference 
Error in variable: 2
[2024-10-14T10:32:18.374861][INFO][seed106] No feasible solution... resampling
[2024-10-14T10:32:18.376321][INFO][seed42] No feasible solution... resampling
[2024-10-14T10:32:18.378195][INFO][seed19] PN(V1,V0) in [0.8830055601317958, 1.0] 
[2024-10-14T10:32:18.417324][INFO][seed19] Saved data to: /mnt/beegfs/rcabanas/dev/credici/papers/zeros/models/s3/simple_nparents1_nzr06_zdr05_ysize3_19.csv
[2024-10-14T10:32:18.413667][INFO][seed146] No feasible solution... resampling
[2024-10-14T10:32:18.427394][INFO][seed162] Sampled 6700 data instances
[2024-10-14T10:32:18.427713][INFO][seed162] Starting exact inference 
[2024-10-14T10:32:18.429324][INFO][seed106] Sampled 7900 data instances
[2024-10-14T10:32:18.429586][INFO][seed106] Starting exact inference 
[2024-10-14T10:32:18.431881][INFO][seed19] Saved model to: /mnt/beegfs/rcabanas/dev/credici/papers/zeros/models/s3/simple_nparents1_nzr06_zdr05_ysize3_19.uai
[2024-10-14T10:32:18.432074][INFO][seed42] Sampled 6800 data instances
[2024-10-14T10:32:18.432314][INFO][seed42] Starting exact inference 
[2024-10-14T10:32:18.436729][INFO][seed19] Saved queries to: /mnt/beegfs/rcabanas/dev/credici/papers/zeros/models/s3/simple_nparents1_nzr06_zdr05_ysize3_19_query.csv
[2024-10-14T10:32:18.437007][INFO][seed19] Closing log file
[2024-10-14T10:32:18.437145][INFO][seed19] Closed log file
[2024-10-14T10:32:18.440942][INFO][seed31] No feasible solution... resampling
[2024-10-14T10:32:18.462760][INFO][seed162] No feasible solution... resampling
[2024-10-14T10:32:18.465050][INFO][seed42] No feasible solution... resampling
Error in variable: 2
[2024-10-14T10:32:18.459756][INFO][seed106] No feasible solution... resampling
[2024-10-14T10:32:18.478675][INFO][seed146] Sampled 9100 data instances
[2024-10-14T10:32:18.480116][INFO][seed146] Starting exact inference 
[2024-10-14T10:32:18.470337][INFO][seed39] Set up logging
[2024-10-14T10:32:18.486048][INFO][seed39] args: -np;1;-nzr;0.6;-zdr;0.5;-o;/mnt/beegfs/rcabanas/dev/credici/papers/zeros/models/s3;-rw;-s;39;-ys;3
[2024-10-14T10:32:18.464188][INFO][seed18] Set up logging
[2024-10-14T10:32:18.490781][INFO][seed18] args: -np;1;-nzr;0.6;-zdr;0.5;-o;/mnt/beegfs/rcabanas/dev/credici/papers/zeros/models/s3;-rw;-s;18;-ys;3
[2024-10-14T10:32:18.491745][INFO][seed39] Starting logger with seed 39
[2024-10-14T10:32:18.492478][INFO][seed18] Starting logger with seed 18
[2024-10-14T10:32:18.499989][INFO][seed18] simple_nparents1_nzr06_zdr05_ysize3_18
[2024-10-14T10:32:18.502492][INFO][seed39] simple_nparents1_nzr06_zdr05_ysize3_39
[2024-10-14T10:32:18.503147][INFO][seed31] Sampled 6900 data instances
[2024-10-14T10:32:18.503364][INFO][seed31] Starting exact inference 
[2024-10-14T10:32:18.513346][INFO][seed42] Sampled 6900 data instances
[2024-10-14T10:32:18.513607][INFO][seed42] Starting exact inference 
[2024-10-14T10:32:18.521969][INFO][seed162] Sampled 6800 data instances
[2024-10-14T10:32:18.522291][INFO][seed162] Starting exact inference 
[2024-10-14T10:32:18.534507][INFO][seed146] No feasible solution... resampling
[2024-10-14T10:32:18.548414][INFO][seed106] Sampled 8000 data instances
[2024-10-14T10:32:18.548705][INFO][seed106] Starting exact inference 
[2024-10-14T10:32:18.544699][INFO][seed42] No feasible solution... resampling
[2024-10-14T10:32:18.556099][INFO][seed31] No feasible solution... resampling
Error in variable: 2
[2024-10-14T10:32:18.566409][INFO][seed106] No feasible solution... resampling
[2024-10-14T10:32:18.590589][INFO][seed162] No feasible solution... resampling
[2024-10-14T10:32:18.597981][INFO][seed42] Sampled 7000 data instances
[2024-10-14T10:32:18.598247][INFO][seed42] Starting exact inference 
[2024-10-14T10:32:18.599159][INFO][seed146] Sampled 9200 data instances
[2024-10-14T10:32:18.599250][INFO][seed146] Starting exact inference 
['genn.py', '1', '0.6', '0.5', '11', '3']
[2024-10-14T10:32:18.609][INFO][seed31] Sampled 7000 data instances
[2024-10-14T10:32:18.609709][INFO][seed31] Starting exact inference 
[2024-10-14T10:32:18.623078][INFO][seed106] Sampled 8100 data instances
[2024-10-14T10:32:18.623312][INFO][seed106] Starting exact inference 
1 0.6 0.5 11
/mnt/beegfs/rcabanas/dev/credici/papers/zeros/code/GenerateNparents.java
[2024-10-14T10:32:18.638018][INFO][seed146] No feasible solution... resampling
[2024-10-14T10:32:18.642584][INFO][seed42] No feasible solution... resampling
[2024-10-14T10:32:18.648578][INFO][seed162] Sampled 6900 data instances
[2024-10-14T10:32:18.648900][INFO][seed162] Starting exact inference 
[2024-10-14T10:32:18.664360][INFO][seed137] Set up logging
[2024-10-14T10:32:18.685187][INFO][seed137] args: -np;1;-nzr;0.6;-zdr;0.5;-o;/mnt/beegfs/rcabanas/dev/credici/papers/zeros/models/s3;-rw;-s;137;-ys;3
[2024-10-14T10:32:18.681160][INFO][seed31] No feasible solution... resampling
[2024-10-14T10:32:18.694352][INFO][seed162] No feasible solution... resampling
[2024-10-14T10:32:18.699702][INFO][seed42] Sampled 7100 data instances
[2024-10-14T10:32:18.699948][INFO][seed42] Starting exact inference 
[2024-10-14T10:32:18.699911][INFO][seed18] U cardinality: 9
[2024-10-14T10:32:18.697310][INFO][seed137] Starting logger with seed 137
[2024-10-14T10:32:18.703273][INFO][seed146] Sampled 9300 data instances
[2024-10-14T10:32:18.703430][INFO][seed146] Starting exact inference 
[2024-10-14T10:32:18.703022][INFO][seed137] simple_nparents1_nzr06_zdr05_ysize3_137
[2024-10-14T10:32:18.704217][INFO][seed106] No feasible solution... resampling
[2024-10-14T10:32:18.714998][INFO][seed18] !0 = [3, 4, 6, 7, 8]
[2024-10-14T10:32:18.715244][INFO][seed18] 0 = [0, 1, 2, 5]
[2024-10-14T10:32:18.718859][INFO][seed18] Dropping state 5
[2024-10-14T10:32:18.719660][INFO][seed18] Dropping state 2
[2024-10-14T10:32:18.720276][INFO][seed18] Dropping state 1
[2024-10-14T10:32:18.721869][INFO][seed18] Dropping state 0
[2024-10-14T10:32:18.723979][INFO][seed18] U cardinality: 5
[2024-10-14T10:32:18.735271][INFO][seed31] Sampled 7100 data instances
[2024-10-14T10:32:18.733436][INFO][seed18] 
[P([3]) [0.751, 0.249], P([2]) [0.019, 0.035, 0.52, 0.012, 0.414], P([1, 3]) [1.0, 0.0, 0.0, 1.0], P([0, 1, 2]) [0.0, 1.0, 0.0, 1.0, 0.0, 0.0, 0.0, 1.0, 0.0, 0.0, 1.0, 0.0, 0.0, 0.0, 1.0, 1.0, 0.0, 0.0, 0.0, 0.0, 1.0, 0.0, 1.0, 0.0, 0.0, 0.0, 1.0, 0.0, 0.0, 1.0]]

[2024-10-14T10:32:18.735535][INFO][seed31] Starting exact inference 
[2024-10-14T10:32:18.736526][INFO][seed42] No feasible solution... resampling
[2024-10-14T10:32:18.732075][INFO][seed146] No feasible solution... resampling
[2024-10-14T10:32:18.750338][INFO][seed162] Sampled 7000 data instances
[2024-10-14T10:32:18.750673][INFO][seed162] Starting exact inference 
[2024-10-14T10:32:18.761249][INFO][seed39] U cardinality: 9
[2024-10-14T10:32:18.741767][INFO][seed46] Set up logging
[2024-10-14T10:32:18.765201][INFO][seed46] args: -np;1;-nzr;0.6;-zdr;0.5;-o;/mnt/beegfs/rcabanas/dev/credici/papers/zeros/models/s3;-rw;-s;46;-ys;3
[2024-10-14T10:32:18.742892][INFO][seed9] Set up logging
[2024-10-14T10:32:18.770386][INFO][seed9] args: -np;1;-nzr;0.6;-zdr;0.5;-o;/mnt/beegfs/rcabanas/dev/credici/papers/zeros/models/s3;-rw;-s;9;-ys;3
[2024-10-14T10:32:18.772161][INFO][seed9] Starting logger with seed 9
[2024-10-14T10:32:18.772146][INFO][seed106] Sampled 8200 data instances
[2024-10-14T10:32:18.772419][INFO][seed106] Starting exact inference 
[2024-10-14T10:32:18.774028][INFO][seed39] !0 = [2, 3, 4, 5, 8]
[2024-10-14T10:32:18.774463][INFO][seed39] 0 = [0, 1, 6, 7]
[2024-10-14T10:32:18.770246][INFO][seed31] No feasible solution... resampling
[2024-10-14T10:32:18.748115][INFO][seed89] Set up logging
[2024-10-14T10:32:18.777630][INFO][seed89] args: -np;1;-nzr;0.6;-zdr;0.5;-o;/mnt/beegfs/rcabanas/dev/credici/papers/zeros/models/s3;-rw;-s;89;-ys;3
[2024-10-14T10:32:18.782200][INFO][seed39] Dropping state 6
[2024-10-14T10:32:18.779695][INFO][seed89] Starting logger with seed 89
[2024-10-14T10:32:18.778374][INFO][seed46] Starting logger with seed 46
[2024-10-14T10:32:18.783224][INFO][seed39] Dropping state 1
[2024-10-14T10:32:18.784762][INFO][seed46] simple_nparents1_nzr06_zdr05_ysize3_46
[2024-10-14T10:32:18.785542][INFO][seed39] U cardinality: 7
[2024-10-14T10:32:18.786319][INFO][seed89] simple_nparents1_nzr06_zdr05_ysize3_89
[2024-10-14T10:32:18.786600][INFO][seed42] Sampled 7200 data instances
[2024-10-14T10:32:18.786872][INFO][seed42] Starting exact inference 
[2024-10-14T10:32:18.791824][INFO][seed9] simple_nparents1_nzr06_zdr05_ysize3_9
[2024-10-14T10:32:18.796864][INFO][seed39] 
[P([3]) [0.79, 0.21], P([2]) [0.0, 0.005, 0.248, 0.641, 0.014, 0.0, 0.092], P([1, 3]) [1.0, 0.0, 0.0, 1.0], P([0, 1, 2]) [1.0, 0.0, 0.0, 1.0, 0.0, 0.0, 1.0, 0.0, 0.0, 0.0, 0.0, 1.0, 0.0, 1.0, 0.0, 1.0, 0.0, 0.0, 0.0, 1.0, 0.0, 0.0, 1.0, 0.0, 0.0, 1.0, 0.0, 0.0, 0.0, 1.0, 0.0, 0.0, 1.0, 0.0, 1.0, 0.0, 0.0, 0.0, 1.0, 0.0, 0.0, 1.0]]

[2024-10-14T10:32:18.799749][INFO][seed146] Sampled 9400 data instances
[2024-10-14T10:32:18.799911][INFO][seed146] Starting exact inference 
Error in variable: 2
[2024-10-14T10:32:18.794573][INFO][seed106] No feasible solution... resampling
[2024-10-14T10:32:18.791787][INFO][seed200] Set up logging
[2024-10-14T10:32:18.820338][INFO][seed200] args: -np;1;-nzr;0.6;-zdr;0.5;-o;/mnt/beegfs/rcabanas/dev/credici/papers/zeros/models/s3;-rw;-s;200;-ys;3
[2024-10-14T10:32:18.818914][INFO][seed42] No feasible solution... resampling
[2024-10-14T10:32:18.823140][INFO][seed162] No feasible solution... resampling
[2024-10-14T10:32:18.830809][INFO][seed31] Sampled 7200 data instances
[2024-10-14T10:32:18.831104][INFO][seed31] Starting exact inference 
[2024-10-14T10:32:18.836701][INFO][seed146] No feasible solution... resampling
[2024-10-14T10:32:18.852874][INFO][seed106] Sampled 8300 data instances
[2024-10-14T10:32:18.853174][INFO][seed106] Starting exact inference 
[2024-10-14T10:32:18.871418][INFO][seed42] Sampled 7300 data instances
[2024-10-14T10:32:18.871752][INFO][seed42] Starting exact inference 
['genn.py', '1', '0.6', '0.5', '91', '3']
[2024-10-14T10:32:18.871160][INFO][seed200] Starting logger with seed 200
[2024-10-14T10:32:18.872236][INFO][seed31] No feasible solution... resampling
[2024-10-14T10:32:18.884034][INFO][seed200] simple_nparents1_nzr06_zdr05_ysize3_200
[2024-10-14T10:32:18.889237][INFO][seed162] Sampled 7100 data instances
[2024-10-14T10:32:18.889546][INFO][seed162] Starting exact inference 
[2024-10-14T10:32:18.907265][INFO][seed146] Sampled 9500 data instances
[2024-10-14T10:32:18.907489][INFO][seed146] Starting exact inference 
1 0.6 0.5 91
/mnt/beegfs/rcabanas/dev/credici/papers/zeros/code/GenerateNparents.java
[2024-10-14T10:32:18.922747][INFO][seed137] U cardinality: 9
[2024-10-14T10:32:18.922340][INFO][seed42] No feasible solution... resampling
[2024-10-14T10:32:18.927663][INFO][seed137] !0 = [0, 1, 3, 4, 8]
[2024-10-14T10:32:18.927951][INFO][seed137] 0 = [2, 5, 6, 7]
[2024-10-14T10:32:18.928477][INFO][seed18] Sampled 1000 data instances
[2024-10-14T10:32:18.928985][INFO][seed31] Sampled 7300 data instances
[2024-10-14T10:32:18.928724][INFO][seed18] Starting exact inference 
[2024-10-14T10:32:18.929251][INFO][seed31] Starting exact inference 
Error in variable: 2
[2024-10-14T10:32:18.924854][INFO][seed106] No feasible solution... resampling
[2024-10-14T10:32:18.934980][INFO][seed137] Dropping state 6
[2024-10-14T10:32:18.937419][INFO][seed137] U cardinality: 8
[2024-10-14T10:32:18.941645][INFO][seed146] No feasible solution... resampling
[2024-10-14T10:32:18.949334][INFO][seed137] 
[P([3]) [0.871, 0.129], P([2]) [0.023, 0.128, 0.0, 0.007, 0.007, 0.0, 0.0, 0.835], P([1, 3]) [1.0, 0.0, 0.0, 1.0], P([0, 1, 2]) [1.0, 0.0, 0.0, 1.0, 0.0, 0.0, 1.0, 0.0, 0.0, 0.0, 1.0, 0.0, 1.0, 0.0, 0.0, 0.0, 0.0, 1.0, 0.0, 1.0, 0.0, 1.0, 0.0, 0.0, 0.0, 1.0, 0.0, 0.0, 1.0, 0.0, 0.0, 1.0, 0.0, 0.0, 0.0, 1.0, 0.0, 0.0, 1.0, 0.0, 1.0, 0.0, 0.0, 0.0, 1.0, 0.0, 0.0, 1.0]]

[2024-10-14T10:32:18.948461][INFO][seed162] No feasible solution... resampling
[2024-10-14T10:32:18.984235][INFO][seed106] Sampled 8400 data instances
[2024-10-14T10:32:18.984526][INFO][seed106] Starting exact inference 
[2024-10-14T10:32:18.984928][INFO][seed42] Sampled 7400 data instances
[2024-10-14T10:32:18.985184][INFO][seed42] Starting exact inference 
[2024-10-14T10:32:18.980585][INFO][seed31] No feasible solution... resampling
[2024-10-14T10:32:18.987521][INFO][seed39] Sampled 1000 data instances
[2024-10-14T10:32:18.987778][INFO][seed39] Starting exact inference 
[2024-10-14T10:32:19.003896][INFO][seed162] Sampled 7200 data instances
[2024-10-14T10:32:19.004207][INFO][seed162] Starting exact inference 
[2024-10-14T10:32:18.983864][INFO][seed22] Set up logging
[2024-10-14T10:32:19.009693][INFO][seed146] Sampled 9600 data instances
[2024-10-14T10:32:19.009857][INFO][seed22] args: -np;1;-nzr;0.6;-zdr;0.5;-o;/mnt/beegfs/rcabanas/dev/credici/papers/zeros/models/s3;-rw;-s;22;-ys;3
[2024-10-14T10:32:19.009796][INFO][seed146] Starting exact inference 
[2024-10-14T10:32:19.011683][INFO][seed22] Starting logger with seed 22
Error in variable: 2
[2024-10-14T10:32:19.026910][INFO][seed106] No feasible solution... resampling
[2024-10-14T10:32:19.035457][INFO][seed22] simple_nparents1_nzr06_zdr05_ysize3_22
[2024-10-14T10:32:19.034203][INFO][seed42] No feasible solution... resampling
[2024-10-14T10:32:19.038865][INFO][seed31] Sampled 7400 data instances
[2024-10-14T10:32:19.039114][INFO][seed31] Starting exact inference 
[2024-10-14T10:32:19.045409][INFO][seed89] U cardinality: 9
[2024-10-14T10:32:19.041767][INFO][seed162] No feasible solution... resampling
[2024-10-14T10:32:19.051039][INFO][seed89] !0 = [1, 3, 4, 7, 8]
[2024-10-14T10:32:19.047503][INFO][seed146] No feasible solution... resampling
[2024-10-14T10:32:19.053737][INFO][seed89] 0 = [0, 2, 5, 6]
[2024-10-14T10:32:19.060208][INFO][seed200] U cardinality: 9
[2024-10-14T10:32:19.061947][INFO][seed89] Dropping state 5
[2024-10-14T10:32:19.062403][INFO][seed46] U cardinality: 9
[2024-10-14T10:32:19.063784][INFO][seed89] Dropping state 0
[2024-10-14T10:32:19.065825][INFO][seed200] !0 = [1, 2, 3, 5, 7]
[2024-10-14T10:32:19.066292][INFO][seed200] 0 = [0, 4, 6, 8]
[2024-10-14T10:32:19.066731][INFO][seed89] U cardinality: 7
[2024-10-14T10:32:19.067126][INFO][seed9] U cardinality: 9
[2024-10-14T10:32:19.068930][INFO][seed46] !0 = [0, 1, 4, 6, 8]
[2024-10-14T10:32:19.069358][INFO][seed46] 0 = [2, 3, 5, 7]
[2024-10-14T10:32:19.072234][INFO][seed200] Dropping state 0
[2024-10-14T10:32:19.072749][INFO][seed9] !0 = [0, 3, 5, 7, 8]
[2024-10-14T10:32:19.073168][INFO][seed9] 0 = [1, 2, 4, 6]
[2024-10-14T10:32:19.074709][INFO][seed200] U cardinality: 8
[2024-10-14T10:32:19.078733][INFO][seed46] Dropping state 7
[2024-10-14T10:32:19.080131][INFO][seed46] Dropping state 5
[2024-10-14T10:32:19.081264][INFO][seed46] Dropping state 3
[2024-10-14T10:32:19.081212][INFO][seed200] 
[P([3]) [0.087, 0.913], P([2]) [0.023, 0.008, 0.531, 0.0, 0.003, 0.0, 0.435, 0.0], P([1, 3]) [1.0, 0.0, 0.0, 1.0], P([0, 1, 2]) [1.0, 0.0, 0.0, 0.0, 1.0, 0.0, 1.0, 0.0, 0.0, 0.0, 0.0, 1.0, 0.0, 1.0, 0.0, 1.0, 0.0, 0.0, 0.0, 1.0, 0.0, 0.0, 1.0, 0.0, 0.0, 1.0, 0.0, 0.0, 0.0, 1.0, 0.0, 0.0, 1.0, 1.0, 0.0, 0.0, 0.0, 0.0, 1.0, 0.0, 1.0, 0.0, 0.0, 0.0, 1.0, 0.0, 0.0, 1.0]]

[2024-10-14T10:32:19.081634][INFO][seed89] 
[P([3]) [0.491, 0.509], P([2]) [0.003, 0.0, 0.405, 0.001, 0.0, 0.002, 0.589], P([1, 3]) [1.0, 0.0, 0.0, 1.0], P([0, 1, 2]) [1.0, 0.0, 0.0, 0.0, 1.0, 0.0, 1.0, 0.0, 0.0, 0.0, 0.0, 1.0, 0.0, 1.0, 0.0, 1.0, 0.0, 0.0, 0.0, 1.0, 0.0, 0.0, 1.0, 0.0, 0.0, 0.0, 1.0, 1.0, 0.0, 0.0, 0.0, 0.0, 1.0, 0.0, 1.0, 0.0, 0.0, 0.0, 1.0, 0.0, 0.0, 1.0]]

[2024-10-14T10:32:19.081937][INFO][seed9] Dropping state 6
[2024-10-14T10:32:19.082660][INFO][seed46] Dropping state 2
[2024-10-14T10:32:19.084905][INFO][seed9] U cardinality: 8
[2024-10-14T10:32:19.085880][INFO][seed46] U cardinality: 5
[2024-10-14T10:32:19.086947][INFO][seed42] Sampled 7500 data instances
[2024-10-14T10:32:19.087275][INFO][seed42] Starting exact inference 
[2024-10-14T10:32:19.094798][INFO][seed106] Sampled 8500 data instances
[2024-10-14T10:32:19.095103][INFO][seed106] Starting exact inference 
[2024-10-14T10:32:19.097519][INFO][seed162] Sampled 7300 data instances
[2024-10-14T10:32:19.097835][INFO][seed162] Starting exact inference 
[2024-10-14T10:32:19.100665][INFO][seed9] 
[P([3]) [0.668, 0.332], P([2]) [0.006, 0.0, 0.0, 0.035, 0.0, 0.002, 0.653, 0.304], P([1, 3]) [1.0, 0.0, 0.0, 1.0], P([0, 1, 2]) [1.0, 0.0, 0.0, 1.0, 0.0, 0.0, 1.0, 0.0, 0.0, 0.0, 1.0, 0.0, 1.0, 0.0, 0.0, 0.0, 0.0, 1.0, 0.0, 1.0, 0.0, 1.0, 0.0, 0.0, 0.0, 1.0, 0.0, 0.0, 1.0, 0.0, 0.0, 1.0, 0.0, 0.0, 0.0, 1.0, 0.0, 0.0, 1.0, 0.0, 1.0, 0.0, 0.0, 0.0, 1.0, 0.0, 0.0, 1.0]]

[2024-10-14T10:32:19.103527][INFO][seed46] 
[P([3]) [0.358, 0.642], P([2]) [0.092, 0.012, 0.23, 0.015, 0.651], P([1, 3]) [1.0, 0.0, 0.0, 1.0], P([0, 1, 2]) [1.0, 0.0, 0.0, 1.0, 0.0, 0.0, 1.0, 0.0, 0.0, 0.0, 1.0, 0.0, 0.0, 1.0, 0.0, 0.0, 1.0, 0.0, 0.0, 0.0, 1.0, 1.0, 0.0, 0.0, 0.0, 0.0, 1.0, 0.0, 0.0, 1.0]]

[2024-10-14T10:32:19.100040][INFO][seed31] No feasible solution... resampling
[2024-10-14T10:32:19.120750][INFO][seed146] Sampled 9700 data instances
[2024-10-14T10:32:19.120991][INFO][seed146] Starting exact inference 
[2024-10-14T10:32:19.122933][INFO][seed42] No feasible solution... resampling
[2024-10-14T10:32:19.134499][INFO][seed137] Sampled 1000 data instances
[2024-10-14T10:32:19.134750][INFO][seed137] Starting exact inference 
[2024-10-14T10:32:19.134255][INFO][seed106] PS(V1,V0) in [0.0, 1.0]
[2024-10-14T10:32:19.143111][INFO][seed106] PN(V1,V0) in [0.0, 0.2263868065967016] 
[2024-10-14T10:32:19.154436][INFO][seed146] No feasible solution... resampling
[2024-10-14T10:32:19.159857][INFO][seed162] No feasible solution... resampling
[2024-10-14T10:32:19.165782][INFO][seed31] Sampled 7500 data instances
[2024-10-14T10:32:19.166053][INFO][seed31] Starting exact inference 
[2024-10-14T10:32:19.178241][INFO][seed42] Sampled 7600 data instances
[2024-10-14T10:32:19.178542][INFO][seed42] Starting exact inference 
[2024-10-14T10:32:19.203337][INFO][seed31] No feasible solution... resampling
[2024-10-14T10:32:19.210558][INFO][seed106] Saved data to: /mnt/beegfs/rcabanas/dev/credici/papers/zeros/models/s3/simple_nparents1_nzr06_zdr05_ysize3_106.csv
[2024-10-14T10:32:19.225023][INFO][seed146] Sampled 9800 data instances
[2024-10-14T10:32:19.225118][INFO][seed146] Starting exact inference 
[2024-10-14T10:32:19.225213][INFO][seed162] Sampled 7400 data instances
[2024-10-14T10:32:19.229933][INFO][seed162] Starting exact inference 
[2024-10-14T10:32:19.230013][INFO][seed106] Saved model to: /mnt/beegfs/rcabanas/dev/credici/papers/zeros/models/s3/simple_nparents1_nzr06_zdr05_ysize3_106.uai
[2024-10-14T10:32:19.234298][INFO][seed106] Saved queries to: /mnt/beegfs/rcabanas/dev/credici/papers/zeros/models/s3/simple_nparents1_nzr06_zdr05_ysize3_106_query.csv
[2024-10-14T10:32:19.234556][INFO][seed106] Closing log file
[2024-10-14T10:32:19.230005][INFO][seed42] No feasible solution... resampling
[2024-10-14T10:32:19.234626][INFO][seed106] Closed log file
[2024-10-14T10:32:19.221198][INFO][seed187] Set up logging
[2024-10-14T10:32:19.243243][INFO][seed187] args: -np;1;-nzr;0.6;-zdr;0.5;-o;/mnt/beegfs/rcabanas/dev/credici/papers/zeros/models/s3;-rw;-s;187;-ys;3
[2024-10-14T10:32:19.254235][INFO][seed187] Starting logger with seed 187
[2024-10-14T10:32:19.260289][INFO][seed187] simple_nparents1_nzr06_zdr05_ysize3_187
[2024-10-14T10:32:19.261186][INFO][seed31] Sampled 7600 data instances
[2024-10-14T10:32:19.261498][INFO][seed31] Starting exact inference 
[2024-10-14T10:32:19.265637][INFO][seed146] No feasible solution... resampling
[2024-10-14T10:32:19.273858][INFO][seed162] No feasible solution... resampling
[2024-10-14T10:32:19.284231][INFO][seed22] U cardinality: 9
[2024-10-14T10:32:19.289186][INFO][seed22] !0 = [1, 2, 5, 7, 8]
[2024-10-14T10:32:19.289644][INFO][seed22] 0 = [0, 3, 4, 6]
[2024-10-14T10:32:19.292746][INFO][seed42] Sampled 7700 data instances
[2024-10-14T10:32:19.293062][INFO][seed42] Starting exact inference 
[2024-10-14T10:32:19.301411][INFO][seed22] Dropping state 6
[2024-10-14T10:32:19.304049][INFO][seed22] U cardinality: 8
[2024-10-14T10:32:19.310075][INFO][seed200] Sampled 1000 data instances
[2024-10-14T10:32:19.310410][INFO][seed200] Starting exact inference 
[2024-10-14T10:32:19.312115][INFO][seed46] Sampled 1000 data instances
[2024-10-14T10:32:19.312380][INFO][seed22] 
[P([3]) [0.068, 0.932], P([2]) [0.0, 0.001, 0.533, 0.0, 0.0, 0.001, 0.003, 0.462], P([1, 3]) [1.0, 0.0, 0.0, 1.0], P([0, 1, 2]) [1.0, 0.0, 0.0, 1.0, 0.0, 0.0, 1.0, 0.0, 0.0, 0.0, 1.0, 0.0, 1.0, 0.0, 0.0, 0.0, 0.0, 1.0, 0.0, 1.0, 0.0, 1.0, 0.0, 0.0, 0.0, 1.0, 0.0, 0.0, 1.0, 0.0, 0.0, 1.0, 0.0, 0.0, 0.0, 1.0, 0.0, 0.0, 1.0, 0.0, 1.0, 0.0, 0.0, 0.0, 1.0, 0.0, 0.0, 1.0]]

[2024-10-14T10:32:19.312413][INFO][seed46] Starting exact inference 
[2024-10-14T10:32:19.312953][INFO][seed89] Sampled 1000 data instances
[2024-10-14T10:32:19.313190][INFO][seed89] Starting exact inference 
[2024-10-14T10:32:19.314362][INFO][seed9] Sampled 1000 data instances
[2024-10-14T10:32:19.314458][INFO][seed9] Starting exact inference 
[2024-10-14T10:32:19.313828][INFO][seed31] No feasible solution... resampling
[2024-10-14T10:32:19.332907][INFO][seed162] Sampled 7500 data instances
[2024-10-14T10:32:19.333250][INFO][seed162] Starting exact inference 
[2024-10-14T10:32:19.335222][INFO][seed146] Sampled 9900 data instances
[2024-10-14T10:32:19.335304][INFO][seed146] Starting exact inference 
[2024-10-14T10:32:19.339065][INFO][seed42] No feasible solution... resampling
[2024-10-14T10:32:19.363278][INFO][seed146] No feasible solution... resampling
[2024-10-14T10:32:19.373296][INFO][seed31] Sampled 7700 data instances
[2024-10-14T10:32:19.373598][INFO][seed31] Starting exact inference 
[2024-10-14T10:32:19.377746][INFO][seed162] No feasible solution... resampling
[2024-10-14T10:32:19.396218][INFO][seed42] Sampled 7800 data instances
[2024-10-14T10:32:19.396510][INFO][seed42] Starting exact inference 
[2024-10-14T10:32:19.407066][INFO][seed31] No feasible solution... resampling
[2024-10-14T10:32:19.403971][INFO][seed186] Set up logging
[2024-10-14T10:32:19.423868][INFO][seed186] args: -np;1;-nzr;0.6;-zdr;0.5;-o;/mnt/beegfs/rcabanas/dev/credici/papers/zeros/models/s3;-rw;-s;186;-ys;3
[2024-10-14T10:32:19.425627][INFO][seed186] Starting logger with seed 186
[2024-10-14T10:32:19.436705][INFO][seed162] Sampled 7600 data instances
[2024-10-14T10:32:19.437004][INFO][seed162] Starting exact inference 
[2024-10-14T10:32:19.436991][INFO][seed146] Sampled 10000 data instances
[2024-10-14T10:32:19.437216][INFO][seed146] Starting exact inference 
[2024-10-14T10:32:19.438004][INFO][seed186] simple_nparents1_nzr06_zdr05_ysize3_186
[2024-10-14T10:32:19.452015][INFO][seed42] No feasible solution... resampling
[2024-10-14T10:32:19.470191][INFO][seed146] No feasible solution... resampling
[2024-10-14T10:32:19.470279][SEVERE][seed146] java.lang.IllegalStateException: Unable to generate compatible data
[2024-10-14T10:32:19.470295][INFO][seed146] Closing log file
[2024-10-14T10:32:19.470304][INFO][seed146] Closed log file
[2024-10-14T10:32:19.474627][INFO][seed31] Sampled 7800 data instances
[2024-10-14T10:32:19.474929][INFO][seed31] Starting exact inference 
[2024-10-14T10:32:19.474688][INFO][seed162] No feasible solution... resampling
[2024-10-14T10:32:19.451786][INFO][seed117] Set up logging
[2024-10-14T10:32:19.480737][INFO][seed117] args: -np;1;-nzr;0.6;-zdr;0.5;-o;/mnt/beegfs/rcabanas/dev/credici/papers/zeros/models/s3;-rw;-s;117;-ys;3
[2024-10-14T10:32:19.482657][INFO][seed117] Starting logger with seed 117
[2024-10-14T10:32:19.492969][INFO][seed117] simple_nparents1_nzr06_zdr05_ysize3_117
[2024-10-14T10:32:19.484048][INFO][seed65] Set up logging
[2024-10-14T10:32:19.507172][INFO][seed65] args: -np;1;-nzr;0.6;-zdr;0.5;-o;/mnt/beegfs/rcabanas/dev/credici/papers/zeros/models/s3;-rw;-s;65;-ys;3
[2024-10-14T10:32:19.508983][INFO][seed42] Sampled 7900 data instances
[2024-10-14T10:32:19.509286][INFO][seed42] Starting exact inference 
[2024-10-14T10:32:19.509314][INFO][seed65] Starting logger with seed 65
[2024-10-14T10:32:19.517306][INFO][seed187] U cardinality: 9
[2024-10-14T10:32:19.523783][INFO][seed187] !0 = [1, 3, 4, 7, 8]
[2024-10-14T10:32:19.526682][INFO][seed187] 0 = [0, 2, 5, 6]
[2024-10-14T10:32:19.506990][INFO][seed156] Set up logging
[2024-10-14T10:32:19.527918][INFO][seed156] args: -np;1;-nzr;0.6;-zdr;0.5;-o;/mnt/beegfs/rcabanas/dev/credici/papers/zeros/models/s3;-rw;-s;156;-ys;3
[2024-10-14T10:32:19.523491][INFO][seed31] No feasible solution... resampling
[2024-10-14T10:32:19.529449][INFO][seed156] Starting logger with seed 156
[2024-10-14T10:32:19.533347][INFO][seed187] Dropping state 6
[2024-10-14T10:32:19.534669][INFO][seed65] simple_nparents1_nzr06_zdr05_ysize3_65
[2024-10-14T10:32:19.535222][INFO][seed187] Dropping state 5
[2024-10-14T10:32:19.540127][INFO][seed162] Sampled 7700 data instances
[2024-10-14T10:32:19.536495][INFO][seed187] Dropping state 0
[2024-10-14T10:32:19.540377][INFO][seed162] Starting exact inference 
[2024-10-14T10:32:19.539407][INFO][seed187] U cardinality: 6
[2024-10-14T10:32:19.544737][INFO][seed156] simple_nparents1_nzr06_zdr05_ysize3_156
[2024-10-14T10:32:19.546417][INFO][seed42] No feasible solution... resampling
[2024-10-14T10:32:19.558094][INFO][seed187] 
[P([3]) [0.771, 0.229], P([2]) [0.063, 0.0, 0.563, 0.14, 0.053, 0.181], P([1, 3]) [1.0, 0.0, 0.0, 1.0], P([0, 1, 2]) [1.0, 0.0, 0.0, 0.0, 1.0, 0.0, 1.0, 0.0, 0.0, 0.0, 0.0, 1.0, 0.0, 1.0, 0.0, 1.0, 0.0, 0.0, 0.0, 1.0, 0.0, 0.0, 1.0, 0.0, 0.0, 0.0, 1.0, 0.0, 1.0, 0.0, 0.0, 0.0, 1.0, 0.0, 0.0, 1.0]]

[2024-10-14T10:32:19.558409][INFO][seed22] Sampled 1000 data instances
[2024-10-14T10:32:19.558523][INFO][seed22] Starting exact inference 
[2024-10-14T10:32:19.575653][INFO][seed162] No feasible solution... resampling
[2024-10-14T10:32:19.585848][INFO][seed31] Sampled 7900 data instances
[2024-10-14T10:32:19.586142][INFO][seed31] Starting exact inference 
[2024-10-14T10:32:19.608559][INFO][seed186] U cardinality: 9
[2024-10-14T10:32:19.612190][INFO][seed42] Sampled 8000 data instances
[2024-10-14T10:32:19.612596][INFO][seed186] !0 = [0, 1, 2, 3, 8]
[2024-10-14T10:32:19.612499][INFO][seed42] Starting exact inference 
[2024-10-14T10:32:19.612877][INFO][seed186] 0 = [4, 5, 6, 7]
[2024-10-14T10:32:19.618644][INFO][seed186] Dropping state 5
[2024-10-14T10:32:19.623035][INFO][seed186] U cardinality: 8
['genn.py', '1', '0.6', '0.5', '21', '3']
[2024-10-14T10:32:19.633739][INFO][seed186] 
[P([3]) [0.567, 0.433], P([2]) [0.007, 0.002, 0.293, 0.002, 0.0, 0.0, 0.0, 0.696], P([1, 3]) [1.0, 0.0, 0.0, 1.0], P([0, 1, 2]) [1.0, 0.0, 0.0, 1.0, 0.0, 0.0, 1.0, 0.0, 0.0, 0.0, 1.0, 0.0, 1.0, 0.0, 0.0, 0.0, 0.0, 1.0, 0.0, 1.0, 0.0, 1.0, 0.0, 0.0, 0.0, 1.0, 0.0, 0.0, 1.0, 0.0, 0.0, 0.0, 1.0, 1.0, 0.0, 0.0, 0.0, 0.0, 1.0, 0.0, 1.0, 0.0, 0.0, 0.0, 1.0, 0.0, 0.0, 1.0]]

[2024-10-14T10:32:19.637587][INFO][seed162] Sampled 7800 data instances
[2024-10-14T10:32:19.637881][INFO][seed162] Starting exact inference 
[2024-10-14T10:32:19.649499][INFO][seed42] No feasible solution... resampling
1 0.6 0.5 21
/mnt/beegfs/rcabanas/dev/credici/papers/zeros/code/GenerateNparents.java
[2024-10-14T10:32:19.661954][INFO][seed31] No feasible solution... resampling
[2024-10-14T10:32:19.671678][INFO][seed162] No feasible solution... resampling
[2024-10-14T10:32:19.706231][INFO][seed42] Sampled 8100 data instances
[2024-10-14T10:32:19.706533][INFO][seed42] Starting exact inference 
[2024-10-14T10:32:19.722696][INFO][seed31] Sampled 8000 data instances
[2024-10-14T10:32:19.723018][INFO][seed31] Starting exact inference 
[2024-10-14T10:32:19.728529][INFO][seed156] U cardinality: 9
[2024-10-14T10:32:19.732532][INFO][seed156] !0 = [0, 2, 4, 6, 7]
[2024-10-14T10:32:19.732814][INFO][seed156] 0 = [1, 3, 5, 8]
[2024-10-14T10:32:19.733237][INFO][seed162] Sampled 7900 data instances
[2024-10-14T10:32:19.733494][INFO][seed162] Starting exact inference 
[2024-10-14T10:32:19.734823][INFO][seed18] No feasible solution... resampling
[2024-10-14T10:32:19.738420][INFO][seed156] Dropping state 8
[2024-10-14T10:32:19.739490][INFO][seed156] Dropping state 5
[2024-10-14T10:32:19.740113][INFO][seed156] Dropping state 3
[2024-10-14T10:32:19.741699][INFO][seed156] Dropping state 1
[2024-10-14T10:32:19.744115][INFO][seed156] U cardinality: 5
[2024-10-14T10:32:19.741646][INFO][seed42] No feasible solution... resampling
[2024-10-14T10:32:19.748712][INFO][seed65] U cardinality: 9
[2024-10-14T10:32:19.755948][INFO][seed65] !0 = [1, 3, 4, 5, 6]
[2024-10-14T10:32:19.756477][INFO][seed65] 0 = [0, 2, 7, 8]
[2024-10-14T10:32:19.758621][INFO][seed187] Sampled 1000 data instances
[2024-10-14T10:32:19.758871][INFO][seed187] Starting exact inference 
[2024-10-14T10:32:19.760118][INFO][seed156] 
[P([3]) [0.689, 0.311], P([2]) [0.12, 0.002, 0.001, 0.202, 0.675], P([1, 3]) [1.0, 0.0, 0.0, 1.0], P([0, 1, 2]) [1.0, 0.0, 0.0, 1.0, 0.0, 0.0, 1.0, 0.0, 0.0, 0.0, 0.0, 1.0, 0.0, 1.0, 0.0, 0.0, 1.0, 0.0, 0.0, 0.0, 1.0, 1.0, 0.0, 0.0, 0.0, 0.0, 1.0, 0.0, 1.0, 0.0]]

[2024-10-14T10:32:19.763698][INFO][seed65] Dropping state 8
[2024-10-14T10:32:19.765210][INFO][seed65] Dropping state 7
[2024-10-14T10:32:19.765476][INFO][seed117] U cardinality: 9
[2024-10-14T10:32:19.766503][INFO][seed65] Dropping state 0
[2024-10-14T10:32:19.769432][INFO][seed65] U cardinality: 6
[2024-10-14T10:32:19.770486][INFO][seed117] !0 = [0, 2, 4, 6, 7]
[2024-10-14T10:32:19.770903][INFO][seed117] 0 = [1, 3, 5, 8]
[2024-10-14T10:32:19.777216][INFO][seed117] Dropping state 8
[2024-10-14T10:32:19.778285][INFO][seed117] Dropping state 5
[2024-10-14T10:32:19.780031][INFO][seed117] Dropping state 1
[2024-10-14T10:32:19.782726][INFO][seed65] 
[P([3]) [0.906, 0.094], P([2]) [0.432, 0.0, 0.044, 0.003, 0.03, 0.491], P([1, 3]) [1.0, 0.0, 0.0, 1.0], P([0, 1, 2]) [1.0, 0.0, 0.0, 0.0, 1.0, 0.0, 1.0, 0.0, 0.0, 0.0, 0.0, 1.0, 0.0, 1.0, 0.0, 1.0, 0.0, 0.0, 0.0, 1.0, 0.0, 0.0, 1.0, 0.0, 0.0, 1.0, 0.0, 0.0, 0.0, 1.0, 0.0, 0.0, 1.0, 1.0, 0.0, 0.0]]

[2024-10-14T10:32:19.782933][INFO][seed117] U cardinality: 6
[2024-10-14T10:32:19.779691][INFO][seed31] No feasible solution... resampling
[2024-10-14T10:32:19.782153][INFO][seed162] No feasible solution... resampling
[2024-10-14T10:32:19.799495][INFO][seed117] 
[P([3]) [0.222, 0.778], P([2]) [0.001, 0.002, 0.0, 0.005, 0.004, 0.988], P([1, 3]) [1.0, 0.0, 0.0, 1.0], P([0, 1, 2]) [1.0, 0.0, 0.0, 1.0, 0.0, 0.0, 1.0, 0.0, 0.0, 0.0, 0.0, 1.0, 0.0, 1.0, 0.0, 1.0, 0.0, 0.0, 0.0, 1.0, 0.0, 0.0, 1.0, 0.0, 0.0, 0.0, 1.0, 1.0, 0.0, 0.0, 0.0, 0.0, 1.0, 0.0, 1.0, 0.0]]

[2024-10-14T10:32:19.799575][INFO][seed42] Sampled 8200 data instances
[2024-10-14T10:32:19.799863][INFO][seed42] Starting exact inference 
[2024-10-14T10:32:19.811063][INFO][seed186] Sampled 1000 data instances
[2024-10-14T10:32:19.811316][INFO][seed186] Starting exact inference 
[2024-10-14T10:32:19.813702][INFO][seed18] Sampled 1100 data instances
[2024-10-14T10:32:19.813938][INFO][seed18] Starting exact inference 
['genn.py', '1', '0.6', '0.5', '189', '3']
[2024-10-14T10:32:19.830462][INFO][seed42] No feasible solution... resampling
[2024-10-14T10:32:19.841598][INFO][seed31] Sampled 8100 data instances
[2024-10-14T10:32:19.841915][INFO][seed31] Starting exact inference 
[2024-10-14T10:32:19.860831][INFO][seed162] Sampled 8000 data instances
[2024-10-14T10:32:19.861143][INFO][seed162] Starting exact inference 
1 0.6 0.5 189
/mnt/beegfs/rcabanas/dev/credici/papers/zeros/code/GenerateNparents.java
[2024-10-14T10:32:19.881029][INFO][seed31] No feasible solution... resampling
[2024-10-14T10:32:19.897531][INFO][seed42] Sampled 8300 data instances
[2024-10-14T10:32:19.897777][INFO][seed42] Starting exact inference 
[2024-10-14T10:32:19.907594][INFO][seed162] No feasible solution... resampling
[2024-10-14T10:32:19.938320][INFO][seed156] Sampled 1000 data instances
[2024-10-14T10:32:19.938567][INFO][seed156] Starting exact inference 
[2024-10-14T10:32:19.944944][INFO][seed31] Sampled 8200 data instances
[2024-10-14T10:32:19.945249][INFO][seed31] Starting exact inference 
[2024-10-14T10:32:19.940296][INFO][seed42] No feasible solution... resampling
[2024-10-14T10:32:19.949128][INFO][seed18] No feasible solution... resampling
[2024-10-14T10:32:19.954195][INFO][seed137] PS(V1,V0) in [0.0, 0.9539225283177177]
[2024-10-14T10:32:19.968712][INFO][seed162] Sampled 8100 data instances
[2024-10-14T10:32:19.969027][INFO][seed162] Starting exact inference 
[2024-10-14T10:32:19.977550][INFO][seed137] PN(V1,V0) in [0.0, 0.8117451062057476] 
[2024-10-14T10:32:19.981735][INFO][seed31] No feasible solution... resampling
[2024-10-14T10:32:19.990674][INFO][seed39] PS(V1,V0) in [0.0, 0.0]
[2024-10-14T10:32:19.992098][INFO][seed65] Sampled 1000 data instances
[2024-10-14T10:32:19.992357][INFO][seed65] Starting exact inference 
[2024-10-14T10:32:19.992392][INFO][seed117] Sampled 1000 data instances
[2024-10-14T10:32:19.992652][INFO][seed117] Starting exact inference 
[2024-10-14T10:32:19.998009][INFO][seed18] Sampled 1200 data instances
[2024-10-14T10:32:19.998251][INFO][seed18] Starting exact inference 
[2024-10-14T10:32:20.001270][INFO][seed39] PN(V1,V0) in [0.0, 0.0] 
[2024-10-14T10:32:20.003089][INFO][seed42] Sampled 8400 data instances
[2024-10-14T10:32:20.003324][INFO][seed42] Starting exact inference 
[2024-10-14T10:32:20.006456][INFO][seed137] Saved data to: /mnt/beegfs/rcabanas/dev/credici/papers/zeros/models/s3/simple_nparents1_nzr06_zdr05_ysize3_137.csv
[2024-10-14T10:32:20.016370][INFO][seed137] Saved model to: /mnt/beegfs/rcabanas/dev/credici/papers/zeros/models/s3/simple_nparents1_nzr06_zdr05_ysize3_137.uai
[2024-10-14T10:32:20.020015][INFO][seed137] Saved queries to: /mnt/beegfs/rcabanas/dev/credici/papers/zeros/models/s3/simple_nparents1_nzr06_zdr05_ysize3_137_query.csv
[2024-10-14T10:32:20.020108][INFO][seed137] Closing log file
[2024-10-14T10:32:20.020192][INFO][seed137] Closed log file
[2024-10-14T10:32:20.050490][INFO][seed39] Saved data to: /mnt/beegfs/rcabanas/dev/credici/papers/zeros/models/s3/simple_nparents1_nzr06_zdr05_ysize3_39.csv
[2024-10-14T10:32:20.051663][INFO][seed31] Sampled 8300 data instances
[2024-10-14T10:32:20.051913][INFO][seed31] Starting exact inference 
[2024-10-14T10:32:20.046882][INFO][seed162] No feasible solution... resampling
[2024-10-14T10:32:20.061295][INFO][seed39] Saved model to: /mnt/beegfs/rcabanas/dev/credici/papers/zeros/models/s3/simple_nparents1_nzr06_zdr05_ysize3_39.uai
[2024-10-14T10:32:20.065591][INFO][seed39] Saved queries to: /mnt/beegfs/rcabanas/dev/credici/papers/zeros/models/s3/simple_nparents1_nzr06_zdr05_ysize3_39_query.csv
[2024-10-14T10:32:20.065870][INFO][seed39] Closing log file
[2024-10-14T10:32:20.065957][INFO][seed39] Closed log file
Error in variable: 2
[2024-10-14T10:32:20.066643][INFO][seed9] No feasible solution... resampling
Error in variable: 2
[2024-10-14T10:32:20.069188][INFO][seed89] No feasible solution... resampling
[2024-10-14T10:32:20.071205][INFO][seed42] No feasible solution... resampling
[2024-10-14T10:32:20.091325][INFO][seed31] No feasible solution... resampling
[2024-10-14T10:32:20.113113][INFO][seed18] No feasible solution... resampling
[2024-10-14T10:32:20.114223][INFO][seed162] Sampled 8200 data instances
[2024-10-14T10:32:20.114505][INFO][seed162] Starting exact inference 
[2024-10-14T10:32:20.135676][INFO][seed42] Sampled 8500 data instances
[2024-10-14T10:32:20.136435][INFO][seed42] Starting exact inference 
[2024-10-14T10:32:20.156134][INFO][seed31] Sampled 8400 data instances
[2024-10-14T10:32:20.156448][INFO][seed31] Starting exact inference 
[2024-10-14T10:32:20.165928][INFO][seed89] Sampled 1100 data instances
[2024-10-14T10:32:20.162644][INFO][seed162] No feasible solution... resampling
[2024-10-14T10:32:20.168115][INFO][seed42] No feasible solution... resampling
[2024-10-14T10:32:20.176984][INFO][seed18] Sampled 1300 data instances
[2024-10-14T10:32:20.177084][INFO][seed89] Starting exact inference 
[2024-10-14T10:32:20.177215][INFO][seed18] Starting exact inference 
[2024-10-14T10:32:20.177701][INFO][seed9] Sampled 1100 data instances
[2024-10-14T10:32:20.177964][INFO][seed9] Starting exact inference 
[2024-10-14T10:32:20.195060][INFO][seed31] No feasible solution... resampling
[2024-10-14T10:32:20.209836][INFO][seed46] PS(V1,V0) in [0.19040902679830746, 0.19040902679830746]
[2024-10-14T10:32:20.219871][INFO][seed46] PN(V1,V0) in [0.06475384816639777, 0.06475384816639777] 
[2024-10-14T10:32:20.227212][INFO][seed162] Sampled 8300 data instances
[2024-10-14T10:32:20.227535][INFO][seed162] Starting exact inference 
[2024-10-14T10:32:20.232510][INFO][seed42] Sampled 8600 data instances
[2024-10-14T10:32:20.232806][INFO][seed42] Starting exact inference 
[2024-10-14T10:32:20.259545][INFO][seed31] Sampled 8500 data instances
[2024-10-14T10:32:20.259849][INFO][seed31] Starting exact inference 
[2024-10-14T10:32:20.263095][INFO][seed46] Saved data to: /mnt/beegfs/rcabanas/dev/credici/papers/zeros/models/s3/simple_nparents1_nzr06_zdr05_ysize3_46.csv
[2024-10-14T10:32:20.269835][INFO][seed18] No feasible solution... resampling
[2024-10-14T10:32:20.265406][INFO][seed42] No feasible solution... resampling
[2024-10-14T10:32:20.271032][INFO][seed162] No feasible solution... resampling
[2024-10-14T10:32:20.277186][INFO][seed200] PS(V1,V0) in [0.652, 1.0]
Error in variable: 2
[2024-10-14T10:32:20.277444][INFO][seed89] No feasible solution... resampling
[2024-10-14T10:32:20.281157][INFO][seed46] Saved model to: /mnt/beegfs/rcabanas/dev/credici/papers/zeros/models/s3/simple_nparents1_nzr06_zdr05_ysize3_46.uai
[2024-10-14T10:32:20.285269][INFO][seed46] Saved queries to: /mnt/beegfs/rcabanas/dev/credici/papers/zeros/models/s3/simple_nparents1_nzr06_zdr05_ysize3_46_query.csv
[2024-10-14T10:32:20.285491][INFO][seed46] Closing log file
[2024-10-14T10:32:20.285573][INFO][seed46] Closed log file
[2024-10-14T10:32:20.295415][INFO][seed31] No feasible solution... resampling
[2024-10-14T10:32:20.301907][INFO][seed200] PN(V1,V0) in [0.07209677776057678, 0.11057788000088463] 
[2024-10-14T10:32:20.316179][INFO][seed18] Sampled 1400 data instances
[2024-10-14T10:32:20.322660][INFO][seed18] Starting exact inference 
[2024-10-14T10:32:20.327271][INFO][seed42] Sampled 8700 data instances
[2024-10-14T10:32:20.327559][INFO][seed42] Starting exact inference 
[2024-10-14T10:32:20.334805][INFO][seed89] Sampled 1200 data instances
[2024-10-14T10:32:20.335090][INFO][seed89] Starting exact inference 
[2024-10-14T10:32:20.337015][INFO][seed162] Sampled 8400 data instances
[2024-10-14T10:32:20.337289][INFO][seed162] Starting exact inference 
[2024-10-14T10:32:20.337255][INFO][seed200] Saved data to: /mnt/beegfs/rcabanas/dev/credici/papers/zeros/models/s3/simple_nparents1_nzr06_zdr05_ysize3_200.csv
['genn.py', '1', '0.6', '0.5', '8', '3']
[2024-10-14T10:32:20.359004][INFO][seed200] Saved model to: /mnt/beegfs/rcabanas/dev/credici/papers/zeros/models/s3/simple_nparents1_nzr06_zdr05_ysize3_200.uai
[2024-10-14T10:32:20.363147][INFO][seed200] Saved queries to: /mnt/beegfs/rcabanas/dev/credici/papers/zeros/models/s3/simple_nparents1_nzr06_zdr05_ysize3_200_query.csv
[2024-10-14T10:32:20.363209][INFO][seed200] Closing log file
[2024-10-14T10:32:20.363234][INFO][seed200] Closed log file
[2024-10-14T10:32:20.365082][INFO][seed31] Sampled 8600 data instances
[2024-10-14T10:32:20.365322][INFO][seed31] Starting exact inference 
[2024-10-14T10:32:20.371329][INFO][seed42] No feasible solution... resampling
[2024-10-14T10:32:20.384350][INFO][seed162] No feasible solution... resampling
1 0.6 0.5 8
/mnt/beegfs/rcabanas/dev/credici/papers/zeros/code/GenerateNparents.java
[2024-10-14T10:32:20.408065][INFO][seed31] No feasible solution... resampling
[2024-10-14T10:32:20.425259][INFO][seed18] No feasible solution... resampling
[2024-10-14T10:32:20.432629][INFO][seed42] Sampled 8800 data instances
[2024-10-14T10:32:20.432873][INFO][seed42] Starting exact inference 
[2024-10-14T10:32:20.452613][INFO][seed162] Sampled 8500 data instances
[2024-10-14T10:32:20.452917][INFO][seed162] Starting exact inference 
[2024-10-14T10:32:20.474621][INFO][seed31] Sampled 8700 data instances
[2024-10-14T10:32:20.474864][INFO][seed31] Starting exact inference 
[2024-10-14T10:32:20.474372][INFO][seed42] No feasible solution... resampling
[2024-10-14T10:32:20.476378][INFO][seed18] Sampled 1500 data instances
[2024-10-14T10:32:20.477983][INFO][seed18] Starting exact inference 
[2024-10-14T10:32:20.478390][INFO][seed9] PS(V1,V0) in [0.0, 1.0]
['genn.py', '1', '0.6', '0.5', '141', '3']
[2024-10-14T10:32:20.487339][INFO][seed9] PN(V1,V0) in [0.0, 0.010518292682926828] 
[2024-10-14T10:32:20.496754][INFO][seed22] PS(V1,V0) in [0.0, 0.003974297069420198]
[2024-10-14T10:32:20.493977][INFO][seed162] No feasible solution... resampling
[2024-10-14T10:32:20.504592][INFO][seed22] PN(V1,V0) in [0.0, 1.0] 
1 0.6 0.5 141
/mnt/beegfs/rcabanas/dev/credici/papers/zeros/code/GenerateNparents.java
[2024-10-14T10:32:20.518573][INFO][seed31] No feasible solution... resampling
[2024-10-14T10:32:20.527755][INFO][seed9] Saved data to: /mnt/beegfs/rcabanas/dev/credici/papers/zeros/models/s3/simple_nparents1_nzr06_zdr05_ysize3_9.csv
[2024-10-14T10:32:20.536952][INFO][seed42] Sampled 8900 data instances
[2024-10-14T10:32:20.537272][INFO][seed42] Starting exact inference 
[2024-10-14T10:32:20.548127][INFO][seed9] Saved model to: /mnt/beegfs/rcabanas/dev/credici/papers/zeros/models/s3/simple_nparents1_nzr06_zdr05_ysize3_9.uai
[2024-10-14T10:32:20.551250][INFO][seed22] Saved data to: /mnt/beegfs/rcabanas/dev/credici/papers/zeros/models/s3/simple_nparents1_nzr06_zdr05_ysize3_22.csv
[2024-10-14T10:32:20.553410][INFO][seed9] Saved queries to: /mnt/beegfs/rcabanas/dev/credici/papers/zeros/models/s3/simple_nparents1_nzr06_zdr05_ysize3_9_query.csv
[2024-10-14T10:32:20.553650][INFO][seed9] Closing log file
[2024-10-14T10:32:20.553743][INFO][seed9] Closed log file
[2024-10-14T10:32:20.558896][INFO][seed162] Sampled 8600 data instances
[2024-10-14T10:32:20.559215][INFO][seed162] Starting exact inference 
[2024-10-14T10:32:20.563442][INFO][seed22] Saved model to: /mnt/beegfs/rcabanas/dev/credici/papers/zeros/models/s3/simple_nparents1_nzr06_zdr05_ysize3_22.uai
[2024-10-14T10:32:20.567655][INFO][seed22] Saved queries to: /mnt/beegfs/rcabanas/dev/credici/papers/zeros/models/s3/simple_nparents1_nzr06_zdr05_ysize3_22_query.csv
[2024-10-14T10:32:20.567897][INFO][seed22] Closing log file
[2024-10-14T10:32:20.567983][INFO][seed22] Closed log file
[2024-10-14T10:32:20.568704][INFO][seed42] No feasible solution... resampling
[2024-10-14T10:32:20.577748][INFO][seed89] PS(V1,V0) in [0.0, 1.0]
[2024-10-14T10:32:20.590175][INFO][seed18] No feasible solution... resampling
[2024-10-14T10:32:20.594056][INFO][seed89] PN(V1,V0) in [0.0, 0.676056338028169] 
[2024-10-14T10:32:20.594161][INFO][seed31] Sampled 8800 data instances
[2024-10-14T10:32:20.594446][INFO][seed31] Starting exact inference 
[2024-10-14T10:32:20.598161][INFO][seed162] No feasible solution... resampling
[2024-10-14T10:32:20.617904][INFO][seed89] Saved data to: /mnt/beegfs/rcabanas/dev/credici/papers/zeros/models/s3/simple_nparents1_nzr06_zdr05_ysize3_89.csv
[2024-10-14T10:32:20.632600][INFO][seed42] Sampled 9000 data instances
[2024-10-14T10:32:20.633357][INFO][seed42] Starting exact inference 
[2024-10-14T10:32:20.638316][INFO][seed89] Saved model to: /mnt/beegfs/rcabanas/dev/credici/papers/zeros/models/s3/simple_nparents1_nzr06_zdr05_ysize3_89.uai
[2024-10-14T10:32:20.642031][INFO][seed89] Saved queries to: /mnt/beegfs/rcabanas/dev/credici/papers/zeros/models/s3/simple_nparents1_nzr06_zdr05_ysize3_89_query.csv
[2024-10-14T10:32:20.642590][INFO][seed89] Closing log file
[2024-10-14T10:32:20.642679][INFO][seed89] Closed log file
[2024-10-14T10:32:20.637105][INFO][seed31] No feasible solution... resampling
[2024-10-14T10:32:20.635561][INFO][seed18] Sampled 1600 data instances
[2024-10-14T10:32:20.645193][INFO][seed18] Starting exact inference 
[2024-10-14T10:32:20.662738][INFO][seed186] PS(V1,V0) in [0.0, 0.016983186985229055]
[2024-10-14T10:32:20.663419][INFO][seed162] Sampled 8700 data instances
[2024-10-14T10:32:20.663633][INFO][seed162] Starting exact inference 
[2024-10-14T10:32:20.667374][INFO][seed42] No feasible solution... resampling
[2024-10-14T10:32:20.684233][INFO][seed186] PN(V1,V0) in [0.0, 1.0] 
['genn.py', '1', '0.6', '0.5', '48', '3']
[2024-10-14T10:32:20.703329][INFO][seed186] Saved data to: /mnt/beegfs/rcabanas/dev/credici/papers/zeros/models/s3/simple_nparents1_nzr06_zdr05_ysize3_186.csv
[2024-10-14T10:32:20.703873][INFO][seed31] Sampled 8900 data instances
[2024-10-14T10:32:20.704122][INFO][seed31] Starting exact inference 
[2024-10-14T10:32:20.699740][INFO][seed3] Set up logging
[2024-10-14T10:32:20.709992][INFO][seed3] args: -np;1;-nzr;0.6;-zdr;0.5;-o;/mnt/beegfs/rcabanas/dev/credici/papers/zeros/models/s3;-rw;-s;3;-ys;3
[2024-10-14T10:32:20.711248][INFO][seed187] PS(V1,V0) in [0.0, 1.0]
[2024-10-14T10:32:20.708575][INFO][seed162] No feasible solution... resampling
[2024-10-14T10:32:20.718246][INFO][seed3] Starting logger with seed 3
[2024-10-14T10:32:20.718497][INFO][seed187] PN(V1,V0) in [0.0, 0.22912180415802041] 
[2024-10-14T10:32:20.720353][INFO][seed186] Saved model to: /mnt/beegfs/rcabanas/dev/credici/papers/zeros/models/s3/simple_nparents1_nzr06_zdr05_ysize3_186.uai
[2024-10-14T10:32:20.723627][INFO][seed186] Saved queries to: /mnt/beegfs/rcabanas/dev/credici/papers/zeros/models/s3/simple_nparents1_nzr06_zdr05_ysize3_186_query.csv
[2024-10-14T10:32:20.723729][INFO][seed186] Closing log file
[2024-10-14T10:32:20.723807][INFO][seed186] Closed log file
[2024-10-14T10:32:20.724504][INFO][seed156] PS(V1,V0) in [0.0, 0.0]
[2024-10-14T10:32:20.727291][INFO][seed3] simple_nparents1_nzr06_zdr05_ysize3_3
Error in variable: 2
[2024-10-14T10:32:20.732588][INFO][seed65] No feasible solution... resampling
[2024-10-14T10:32:20.732531][INFO][seed18] No feasible solution... resampling
[2024-10-14T10:32:20.735874][INFO][seed156] PN(V1,V0) in [0.0, 0.0] 
[2024-10-14T10:32:20.739824][INFO][seed42] Sampled 9100 data instances
[2024-10-14T10:32:20.742607][INFO][seed42] Starting exact inference 
1 0.6 0.5 48
/mnt/beegfs/rcabanas/dev/credici/papers/zeros/code/GenerateNparents.java
[2024-10-14T10:32:20.745108][INFO][seed31] No feasible solution... resampling
[2024-10-14T10:32:20.757284][INFO][seed187] Saved data to: /mnt/beegfs/rcabanas/dev/credici/papers/zeros/models/s3/simple_nparents1_nzr06_zdr05_ysize3_187.csv
['genn.py', '1', '0.6', '0.5', '114', '3']
[2024-10-14T10:32:20.762574][INFO][seed156] Saved data to: /mnt/beegfs/rcabanas/dev/credici/papers/zeros/models/s3/simple_nparents1_nzr06_zdr05_ysize3_156.csv
[2024-10-14T10:32:20.769861][INFO][seed187] Saved model to: /mnt/beegfs/rcabanas/dev/credici/papers/zeros/models/s3/simple_nparents1_nzr06_zdr05_ysize3_187.uai
[2024-10-14T10:32:20.774824][INFO][seed162] Sampled 8800 data instances
[2024-10-14T10:32:20.775112][INFO][seed162] Starting exact inference 
Error in variable: 2
[2024-10-14T10:32:20.776081][INFO][seed117] No feasible solution... resampling
[2024-10-14T10:32:20.778756][INFO][seed187] Saved queries to: /mnt/beegfs/rcabanas/dev/credici/papers/zeros/models/s3/simple_nparents1_nzr06_zdr05_ysize3_187_query.csv
[2024-10-14T10:32:20.779001][INFO][seed187] Closing log file
[2024-10-14T10:32:20.779096][INFO][seed187] Closed log file
[2024-10-14T10:32:20.781653][INFO][seed18] Sampled 1700 data instances
[2024-10-14T10:32:20.782195][INFO][seed156] Saved model to: /mnt/beegfs/rcabanas/dev/credici/papers/zeros/models/s3/simple_nparents1_nzr06_zdr05_ysize3_156.uai
[2024-10-14T10:32:20.786749][INFO][seed156] Saved queries to: /mnt/beegfs/rcabanas/dev/credici/papers/zeros/models/s3/simple_nparents1_nzr06_zdr05_ysize3_156_query.csv
[2024-10-14T10:32:20.786792][INFO][seed156] Closing log file
[2024-10-14T10:32:20.786817][INFO][seed156] Closed log file
[2024-10-14T10:32:20.791051][INFO][seed18] Starting exact inference 
[2024-10-14T10:32:20.792301][INFO][seed42] No feasible solution... resampling
1 0.6 0.5 114
/mnt/beegfs/rcabanas/dev/credici/papers/zeros/code/GenerateNparents.java
[2024-10-14T10:32:20.814824][INFO][seed31] Sampled 9000 data instances
[2024-10-14T10:32:20.815082][INFO][seed31] Starting exact inference 
[2024-10-14T10:32:20.813388][INFO][seed162] No feasible solution... resampling
[2024-10-14T10:32:20.824135][INFO][seed65] Sampled 1100 data instances
[2024-10-14T10:32:20.824983][INFO][seed65] Starting exact inference 
[2024-10-14T10:32:20.856879][INFO][seed42] Sampled 9200 data instances
[2024-10-14T10:32:20.857115][INFO][seed42] Starting exact inference 
[2024-10-14T10:32:20.875924][INFO][seed117] Sampled 1100 data instances
[2024-10-14T10:32:20.876223][INFO][seed117] Starting exact inference 
[2024-10-14T10:32:20.881911][INFO][seed162] Sampled 8900 data instances
[2024-10-14T10:32:20.882483][INFO][seed162] Starting exact inference 
[2024-10-14T10:32:20.889480][INFO][seed18] No feasible solution... resampling
[2024-10-14T10:32:20.891118][INFO][seed31] No feasible solution... resampling
[2024-10-14T10:32:20.889598][INFO][seed42] No feasible solution... resampling
[2024-10-14T10:32:20.941584][INFO][seed18] Sampled 1800 data instances
[2024-10-14T10:32:20.941803][INFO][seed18] Starting exact inference 
[2024-10-14T10:32:20.945941][INFO][seed162] No feasible solution... resampling
[2024-10-14T10:32:20.954256][INFO][seed42] Sampled 9300 data instances
[2024-10-14T10:32:20.954450][INFO][seed42] Starting exact inference 
[2024-10-14T10:32:20.929607][INFO][seed11] Set up logging
[2024-10-14T10:32:20.959644][INFO][seed11] args: -np;1;-nzr;0.6;-zdr;0.5;-o;/mnt/beegfs/rcabanas/dev/credici/papers/zeros/models/s3;-rw;-s;11;-ys;3
[2024-10-14T10:32:20.961386][INFO][seed11] Starting logger with seed 11
['genn.py', '1', '0.6', '0.5', '168', '3']
[2024-10-14T10:32:20.968768][INFO][seed11] simple_nparents1_nzr06_zdr05_ysize3_11
['genn.py', '1', '0.6', '0.5', '191', '3']
[2024-10-14T10:32:20.993537][INFO][seed3] U cardinality: 9
[2024-10-14T10:32:20.998988][INFO][seed3] !0 = [1, 2, 4, 7, 8]
[2024-10-14T10:32:20.999458][INFO][seed3] 0 = [0, 3, 5, 6]
1 0.6 0.5 168
/mnt/beegfs/rcabanas/dev/credici/papers/zeros/code/GenerateNparents.java
[2024-10-14T10:32:21.001787][INFO][seed42] No feasible solution... resampling
[2024-10-14T10:32:21.007540][INFO][seed3] Dropping state 5
[2024-10-14T10:32:21.009494][INFO][seed3] Dropping state 0
[2024-10-14T10:32:21.013508][INFO][seed3] U cardinality: 7
[2024-10-14T10:32:21.017137][INFO][seed162] Sampled 9000 data instances
[2024-10-14T10:32:21.017391][INFO][seed162] Starting exact inference 
1 0.6 0.5 191
/mnt/beegfs/rcabanas/dev/credici/papers/zeros/code/GenerateNparents.java
[2024-10-14T10:32:21.027207][INFO][seed18] No feasible solution... resampling
['genn.py', '1', '0.6', '0.5', '77', '3']
[2024-10-14T10:32:21.036524][INFO][seed3] 
[P([3]) [0.493, 0.507], P([2]) [0.467, 0.004, 0.0, 0.002, 0.0, 0.023, 0.504], P([1, 3]) [1.0, 0.0, 0.0, 1.0], P([0, 1, 2]) [1.0, 0.0, 0.0, 0.0, 1.0, 0.0, 1.0, 0.0, 0.0, 0.0, 0.0, 1.0, 0.0, 1.0, 0.0, 1.0, 0.0, 0.0, 0.0, 1.0, 0.0, 0.0, 1.0, 0.0, 0.0, 0.0, 1.0, 1.0, 0.0, 0.0, 0.0, 0.0, 1.0, 0.0, 1.0, 0.0, 0.0, 0.0, 1.0, 0.0, 0.0, 1.0]]

[2024-10-14T10:32:21.048089][INFO][seed31] Sampled 9100 data instances
[2024-10-14T10:32:21.049356][INFO][seed31] Starting exact inference 
[2024-10-14T10:32:21.060898][INFO][seed162] No feasible solution... resampling
[2024-10-14T10:32:21.072278][INFO][seed65] PS(V1,V0) in [0.9247604372321472, 1.0]
[2024-10-14T10:32:21.073907][INFO][seed42] Sampled 9400 data instances
[2024-10-14T10:32:21.074194][INFO][seed42] Starting exact inference 
1 0.6 0.5 77
/mnt/beegfs/rcabanas/dev/credici/papers/zeros/code/GenerateNparents.java
['genn.py', '1', '0.6', '0.5', '155', '3']
[2024-10-14T10:32:21.076146][INFO][seed18] Sampled 1900 data instances
[2024-10-14T10:32:21.076318][INFO][seed18] Starting exact inference 
[2024-10-14T10:32:21.082117][INFO][seed65] PN(V1,V0) in [0.87792, 0.9493485714285714] 
1 0.6 0.5 155
/mnt/beegfs/rcabanas/dev/credici/papers/zeros/code/GenerateNparents.java
[2024-10-14T10:32:21.108110][INFO][seed42] No feasible solution... resampling
[2024-10-14T10:32:21.117249][INFO][seed65] Saved data to: /mnt/beegfs/rcabanas/dev/credici/papers/zeros/models/s3/simple_nparents1_nzr06_zdr05_ysize3_65.csv
[2024-10-14T10:32:21.122133][INFO][seed117] PS(V1,V0) in [0.0, 0.0]
[2024-10-14T10:32:21.129673][INFO][seed162] Sampled 9100 data instances
[2024-10-14T10:32:21.131328][INFO][seed162] Starting exact inference 
[2024-10-14T10:32:21.138713][INFO][seed117] PN(V1,V0) in [0.0, 0.0] 
[2024-10-14T10:32:21.140463][INFO][seed65] Saved model to: /mnt/beegfs/rcabanas/dev/credici/papers/zeros/models/s3/simple_nparents1_nzr06_zdr05_ysize3_65.uai
[2024-10-14T10:32:21.145272][INFO][seed65] Saved queries to: /mnt/beegfs/rcabanas/dev/credici/papers/zeros/models/s3/simple_nparents1_nzr06_zdr05_ysize3_65_query.csv
[2024-10-14T10:32:21.145355][INFO][seed65] Closing log file
[2024-10-14T10:32:21.145380][INFO][seed65] Closed log file
[2024-10-14T10:32:21.146092][INFO][seed31] No feasible solution... resampling
['genn.py', '1', '0.6', '0.5', '131', '3']
[2024-10-14T10:32:21.169172][INFO][seed117] Saved data to: /mnt/beegfs/rcabanas/dev/credici/papers/zeros/models/s3/simple_nparents1_nzr06_zdr05_ysize3_117.csv
[2024-10-14T10:32:21.172519][INFO][seed18] No feasible solution... resampling
[2024-10-14T10:32:21.176][INFO][seed42] Sampled 9500 data instances
[2024-10-14T10:32:21.176242][INFO][seed42] Starting exact inference 
[2024-10-14T10:32:21.181276][INFO][seed162] No feasible solution... resampling
[2024-10-14T10:32:21.187750][INFO][seed117] Saved model to: /mnt/beegfs/rcabanas/dev/credici/papers/zeros/models/s3/simple_nparents1_nzr06_zdr05_ysize3_117.uai
[2024-10-14T10:32:21.188514][INFO][seed11] U cardinality: 9
1 0.6 0.5 131
/mnt/beegfs/rcabanas/dev/credici/papers/zeros/code/GenerateNparents.java
[2024-10-14T10:32:21.192464][INFO][seed117] Saved queries to: /mnt/beegfs/rcabanas/dev/credici/papers/zeros/models/s3/simple_nparents1_nzr06_zdr05_ysize3_117_query.csv
[2024-10-14T10:32:21.192762][INFO][seed117] Closing log file
[2024-10-14T10:32:21.192847][INFO][seed117] Closed log file
[2024-10-14T10:32:21.200401][INFO][seed11] !0 = [0, 2, 4, 6, 8]
[2024-10-14T10:32:21.200854][INFO][seed11] 0 = [1, 3, 5, 7]
[2024-10-14T10:32:21.214148][INFO][seed18] Sampled 2000 data instances
[2024-10-14T10:32:21.188757][INFO][seed91] Set up logging
[2024-10-14T10:32:21.214713][INFO][seed11] Dropping state 7
[2024-10-14T10:32:21.215315][INFO][seed11] Dropping state 5
[2024-10-14T10:32:21.216082][INFO][seed91] args: -np;1;-nzr;0.6;-zdr;0.5;-o;/mnt/beegfs/rcabanas/dev/credici/papers/zeros/models/s3;-rw;-s;91;-ys;3
[2024-10-14T10:32:21.218014][INFO][seed91] Starting logger with seed 91
[2024-10-14T10:32:21.217367][INFO][seed11] U cardinality: 7
[2024-10-14T10:32:21.222165][INFO][seed11] 
[P([3]) [0.079, 0.921], P([2]) [0.002, 0.0, 0.007, 0.0, 0.002, 0.005, 0.984], P([1, 3]) [1.0, 0.0, 0.0, 1.0], P([0, 1, 2]) [1.0, 0.0, 0.0, 1.0, 0.0, 0.0, 1.0, 0.0, 0.0, 0.0, 1.0, 0.0, 1.0, 0.0, 0.0, 0.0, 0.0, 1.0, 0.0, 1.0, 0.0, 1.0, 0.0, 0.0, 0.0, 1.0, 0.0, 0.0, 1.0, 0.0, 0.0, 0.0, 1.0, 1.0, 0.0, 0.0, 0.0, 0.0, 1.0, 0.0, 0.0, 1.0]]

[2024-10-14T10:32:21.226175][INFO][seed18] Starting exact inference 
[2024-10-14T10:32:21.227437][INFO][seed31] Sampled 9200 data instances
[2024-10-14T10:32:21.227678][INFO][seed31] Starting exact inference 
[2024-10-14T10:32:21.224444][INFO][seed42] No feasible solution... resampling
[2024-10-14T10:32:21.232605][INFO][seed91] simple_nparents1_nzr06_zdr05_ysize3_91
['genn.py', '1', '0.6', '0.5', '70', '3']
[2024-10-14T10:32:21.238013][INFO][seed3] Sampled 1000 data instances
[2024-10-14T10:32:21.238333][INFO][seed3] Starting exact inference 
[2024-10-14T10:32:21.255319][INFO][seed162] Sampled 9200 data instances
[2024-10-14T10:32:21.255562][INFO][seed162] Starting exact inference 
1 0.6 0.5 70
/mnt/beegfs/rcabanas/dev/credici/papers/zeros/code/GenerateNparents.java
[2024-10-14T10:32:21.271688][INFO][seed31] No feasible solution... resampling
[2024-10-14T10:32:21.292415][INFO][seed18] No feasible solution... resampling
[2024-10-14T10:32:21.295582][INFO][seed162] No feasible solution... resampling
[2024-10-14T10:32:21.299109][INFO][seed42] Sampled 9600 data instances
[2024-10-14T10:32:21.299379][INFO][seed42] Starting exact inference 
[2024-10-14T10:32:21.330984][INFO][seed18] Sampled 2100 data instances
[2024-10-14T10:32:21.331119][INFO][seed18] Starting exact inference 
[2024-10-14T10:32:21.339679][INFO][seed42] No feasible solution... resampling
[2024-10-14T10:32:21.346454][INFO][seed31] Sampled 9300 data instances
[2024-10-14T10:32:21.346673][INFO][seed31] Starting exact inference 
[2024-10-14T10:32:21.366342][INFO][seed162] Sampled 9300 data instances
[2024-10-14T10:32:21.366640][INFO][seed162] Starting exact inference 
[2024-10-14T10:32:21.385614][INFO][seed31] No feasible solution... resampling
[2024-10-14T10:32:21.404859][INFO][seed11] Sampled 1000 data instances
[2024-10-14T10:32:21.405198][INFO][seed11] Starting exact inference 
[2024-10-14T10:32:21.408938][INFO][seed42] Sampled 9700 data instances
[2024-10-14T10:32:21.409158][INFO][seed42] Starting exact inference 
[2024-10-14T10:32:21.406476][INFO][seed18] No feasible solution... resampling
[2024-10-14T10:32:21.412997][INFO][seed162] No feasible solution... resampling
[2024-10-14T10:32:21.448348][INFO][seed18] Sampled 2200 data instances
[2024-10-14T10:32:21.448512][INFO][seed18] Starting exact inference 
[2024-10-14T10:32:21.445001][INFO][seed42] No feasible solution... resampling
[2024-10-14T10:32:21.453491][INFO][seed91] U cardinality: 9
[2024-10-14T10:32:21.458410][INFO][seed31] Sampled 9400 data instances
[2024-10-14T10:32:21.458645][INFO][seed31] Starting exact inference 
[2024-10-14T10:32:21.459331][INFO][seed91] !0 = [0, 1, 2, 6, 8]
[2024-10-14T10:32:21.459846][INFO][seed91] 0 = [3, 4, 5, 7]
[2024-10-14T10:32:21.465791][INFO][seed91] Dropping state 5
[2024-10-14T10:32:21.467029][INFO][seed91] Dropping state 3
[2024-10-14T10:32:21.469747][INFO][seed91] U cardinality: 7
[2024-10-14T10:32:21.474272][INFO][seed91] 
[P([3]) [0.083, 0.917], P([2]) [0.002, 0.002, 0.002, 0.0, 0.001, 0.0, 0.993], P([1, 3]) [1.0, 0.0, 0.0, 1.0], P([0, 1, 2]) [1.0, 0.0, 0.0, 1.0, 0.0, 0.0, 1.0, 0.0, 0.0, 0.0, 1.0, 0.0, 1.0, 0.0, 0.0, 0.0, 0.0, 1.0, 0.0, 1.0, 0.0, 0.0, 1.0, 0.0, 0.0, 0.0, 1.0, 1.0, 0.0, 0.0, 0.0, 0.0, 1.0, 0.0, 1.0, 0.0, 0.0, 0.0, 1.0, 0.0, 0.0, 1.0]]

[2024-10-14T10:32:21.485125][INFO][seed162] Sampled 9400 data instances
[2024-10-14T10:32:21.485359][INFO][seed162] Starting exact inference 
[2024-10-14T10:32:21.515036][INFO][seed42] Sampled 9800 data instances
[2024-10-14T10:32:21.515263][INFO][seed42] Starting exact inference 
[2024-10-14T10:32:21.507708][INFO][seed31] No feasible solution... resampling
[2024-10-14T10:32:21.525505][INFO][seed18] No feasible solution... resampling
[2024-10-14T10:32:21.536743][INFO][seed162] No feasible solution... resampling
[2024-10-14T10:32:21.549107][INFO][seed42] No feasible solution... resampling
[2024-10-14T10:32:21.559124][INFO][seed18] Sampled 2300 data instances
[2024-10-14T10:32:21.571057][INFO][seed18] Starting exact inference 
[2024-10-14T10:32:21.587231][INFO][seed31] Sampled 9500 data instances
[2024-10-14T10:32:21.587477][INFO][seed31] Starting exact inference 
[2024-10-14T10:32:21.609060][INFO][seed162] Sampled 9500 data instances
[2024-10-14T10:32:21.609304][INFO][seed162] Starting exact inference 
[2024-10-14T10:32:21.622795][INFO][seed42] Sampled 9900 data instances
[2024-10-14T10:32:21.623095][INFO][seed42] Starting exact inference 
['genn.py', '1', '0.6', '0.5', '67', '3']
['genn.py', '1', '0.6', '0.5', '152', '3']
[2024-10-14T10:32:21.627287][INFO][seed18] No feasible solution... resampling
[2024-10-14T10:32:21.638706][INFO][seed31] No feasible solution... resampling
[2024-10-14T10:32:21.655971][INFO][seed162] No feasible solution... resampling
1 0.6 0.5 152
1 0.6 0.5 67
/mnt/beegfs/rcabanas/dev/credici/papers/zeros/code/GenerateNparents.java
/mnt/beegfs/rcabanas/dev/credici/papers/zeros/code/GenerateNparents.java
[2024-10-14T10:32:21.668185][INFO][seed91] Sampled 1000 data instances
[2024-10-14T10:32:21.668446][INFO][seed91] Starting exact inference 
[2024-10-14T10:32:21.665370][INFO][seed42] No feasible solution... resampling
[2024-10-14T10:32:21.673898][INFO][seed18] Sampled 2400 data instances
[2024-10-14T10:32:21.675416][INFO][seed18] Starting exact inference 
[2024-10-14T10:32:21.712144][INFO][seed31] Sampled 9600 data instances
[2024-10-14T10:32:21.712397][INFO][seed31] Starting exact inference 
[2024-10-14T10:32:21.730576][INFO][seed162] Sampled 9600 data instances
[2024-10-14T10:32:21.730823][INFO][seed162] Starting exact inference 
[2024-10-14T10:32:21.737203][INFO][seed42] Sampled 10000 data instances
[2024-10-14T10:32:21.737504][INFO][seed42] Starting exact inference 
[2024-10-14T10:32:21.750326][INFO][seed18] No feasible solution... resampling
[2024-10-14T10:32:21.752668][INFO][seed31] No feasible solution... resampling
[2024-10-14T10:32:21.784245][INFO][seed42] No feasible solution... resampling
[2024-10-14T10:32:21.784350][SEVERE][seed42] java.lang.IllegalStateException: Unable to generate compatible data
[2024-10-14T10:32:21.784364][INFO][seed42] Closing log file
[2024-10-14T10:32:21.784373][INFO][seed42] Closed log file
[2024-10-14T10:32:21.787021][INFO][seed18] Sampled 2500 data instances
[2024-10-14T10:32:21.791044][INFO][seed18] Starting exact inference 
[2024-10-14T10:32:21.803273][INFO][seed162] No feasible solution... resampling
[2024-10-14T10:32:21.827875][INFO][seed31] Sampled 9700 data instances
[2024-10-14T10:32:21.828187][INFO][seed31] Starting exact inference 
[2024-10-14T10:32:21.858496][INFO][seed18] No feasible solution... resampling
[2024-10-14T10:32:21.855815][INFO][seed189] Set up logging
[2024-10-14T10:32:21.879511][INFO][seed189] args: -np;1;-nzr;0.6;-zdr;0.5;-o;/mnt/beegfs/rcabanas/dev/credici/papers/zeros/models/s3;-rw;-s;189;-ys;3
[2024-10-14T10:32:21.880495][INFO][seed162] Sampled 9700 data instances
[2024-10-14T10:32:21.880698][INFO][seed162] Starting exact inference 
[2024-10-14T10:32:21.881321][INFO][seed189] Starting logger with seed 189
[2024-10-14T10:32:21.885972][INFO][seed189] simple_nparents1_nzr06_zdr05_ysize3_189
[2024-10-14T10:32:21.900146][INFO][seed18] Sampled 2600 data instances
[2024-10-14T10:32:21.901363][INFO][seed18] Starting exact inference 
[2024-10-14T10:32:21.918009][INFO][seed31] No feasible solution... resampling
[2024-10-14T10:32:21.918820][INFO][seed162] No feasible solution... resampling
[2024-10-14T10:32:21.966965][INFO][seed18] No feasible solution... resampling
[2024-10-14T10:32:21.993036][INFO][seed162] Sampled 9800 data instances
[2024-10-14T10:32:21.993279][INFO][seed162] Starting exact inference 
[2024-10-14T10:32:22.004945][INFO][seed31] Sampled 9800 data instances
[2024-10-14T10:32:22.005245][INFO][seed31] Starting exact inference 
[2024-10-14T10:32:21.990944][INFO][seed21] Set up logging
[2024-10-14T10:32:22.013811][INFO][seed21] args: -np;1;-nzr;0.6;-zdr;0.5;-o;/mnt/beegfs/rcabanas/dev/credici/papers/zeros/models/s3;-rw;-s;21;-ys;3
[2024-10-14T10:32:22.016846][INFO][seed21] Starting logger with seed 21
[2024-10-14T10:32:22.020703][INFO][seed18] Sampled 2700 data instances
[2024-10-14T10:32:22.020906][INFO][seed18] Starting exact inference 
[2024-10-14T10:32:22.030070][INFO][seed21] simple_nparents1_nzr06_zdr05_ysize3_21
[2024-10-14T10:32:22.053880][INFO][seed31] No feasible solution... resampling
[2024-10-14T10:32:22.077989][INFO][seed162] No feasible solution... resampling
[2024-10-14T10:32:22.092328][INFO][seed18] No feasible solution... resampling
[2024-10-14T10:32:22.109665][INFO][seed189] U cardinality: 9
[2024-10-14T10:32:22.114619][INFO][seed189] !0 = [2, 4, 5, 6, 8]
[2024-10-14T10:32:22.114902][INFO][seed189] 0 = [0, 1, 3, 7]
[2024-10-14T10:32:22.119757][INFO][seed189] Dropping state 7
[2024-10-14T10:32:22.121038][INFO][seed189] Dropping state 1
[2024-10-14T10:32:22.123287][INFO][seed189] U cardinality: 7
[2024-10-14T10:32:22.129470][INFO][seed31] Sampled 9900 data instances
[2024-10-14T10:32:22.129716][INFO][seed31] Starting exact inference 
[2024-10-14T10:32:22.138273][INFO][seed189] 
[P([3]) [0.223, 0.777], P([2]) [0.0, 0.002, 0.0, 0.119, 0.06, 0.015, 0.804], P([1, 3]) [1.0, 0.0, 0.0, 1.0], P([0, 1, 2]) [1.0, 0.0, 0.0, 1.0, 0.0, 0.0, 1.0, 0.0, 0.0, 0.0, 0.0, 1.0, 0.0, 1.0, 0.0, 1.0, 0.0, 0.0, 0.0, 1.0, 0.0, 0.0, 1.0, 0.0, 0.0, 1.0, 0.0, 0.0, 0.0, 1.0, 0.0, 0.0, 1.0, 1.0, 0.0, 0.0, 0.0, 0.0, 1.0, 0.0, 0.0, 1.0]]

[2024-10-14T10:32:22.128939][INFO][seed18] Sampled 2800 data instances
[2024-10-14T10:32:22.139663][INFO][seed18] Starting exact inference 
[2024-10-14T10:32:22.179462][INFO][seed31] No feasible solution... resampling
[2024-10-14T10:32:22.190238][INFO][seed162] Sampled 9900 data instances
[2024-10-14T10:32:22.190552][INFO][seed162] Starting exact inference 
[2024-10-14T10:32:22.199455][INFO][seed18] No feasible solution... resampling
['genn.py', '1', '0.6', '0.5', '93', '3']
[2024-10-14T10:32:22.224943][INFO][seed18] Sampled 2900 data instances
[2024-10-14T10:32:22.237301][INFO][seed18] Starting exact inference 
[2024-10-14T10:32:22.259249][INFO][seed31] Sampled 10000 data instances
[2024-10-14T10:32:22.259492][INFO][seed31] Starting exact inference 
1 0.6 0.5 93
/mnt/beegfs/rcabanas/dev/credici/papers/zeros/code/GenerateNparents.java
[2024-10-14T10:32:22.271007][INFO][seed162] No feasible solution... resampling
[2024-10-14T10:32:22.286314][INFO][seed21] U cardinality: 9
[2024-10-14T10:32:22.288476][INFO][seed3] PS(V1,V0) in [0.0, 1.0]
[2024-10-14T10:32:22.292801][INFO][seed21] !0 = [0, 2, 3, 7, 8]
[2024-10-14T10:32:22.293366][INFO][seed21] 0 = [1, 4, 5, 6]
[2024-10-14T10:32:22.295574][INFO][seed3] PN(V1,V0) in [0.0, 0.8995207823960881] 
[2024-10-14T10:32:22.297950][INFO][seed31] No feasible solution... resampling
[2024-10-14T10:32:22.298088][SEVERE][seed31] java.lang.IllegalStateException: Unable to generate compatible data
[2024-10-14T10:32:22.298109][INFO][seed31] Closing log file
[2024-10-14T10:32:22.298121][INFO][seed31] Closed log file
[2024-10-14T10:32:22.301139][INFO][seed21] Dropping state 4
[2024-10-14T10:32:22.302326][INFO][seed21] Dropping state 1
[2024-10-14T10:32:22.305135][INFO][seed21] U cardinality: 7
[2024-10-14T10:32:22.312470][INFO][seed21] 
[P([3]) [0.541, 0.459], P([2]) [0.023, 0.025, 0.005, 0.0, 0.0, 0.003, 0.944], P([1, 3]) [1.0, 0.0, 0.0, 1.0], P([0, 1, 2]) [1.0, 0.0, 0.0, 1.0, 0.0, 0.0, 1.0, 0.0, 0.0, 0.0, 0.0, 1.0, 0.0, 1.0, 0.0, 1.0, 0.0, 0.0, 0.0, 1.0, 0.0, 0.0, 0.0, 1.0, 0.0, 0.0, 1.0, 1.0, 0.0, 0.0, 0.0, 0.0, 1.0, 0.0, 1.0, 0.0, 0.0, 0.0, 1.0, 0.0, 0.0, 1.0]]

[2024-10-14T10:32:22.311960][INFO][seed18] No feasible solution... resampling
[2024-10-14T10:32:22.327136][INFO][seed189] Sampled 1000 data instances
[2024-10-14T10:32:22.327237][INFO][seed189] Starting exact inference 
[2024-10-14T10:32:22.346234][INFO][seed3] Saved data to: /mnt/beegfs/rcabanas/dev/credici/papers/zeros/models/s3/simple_nparents1_nzr06_zdr05_ysize3_3.csv
[2024-10-14T10:32:22.351428][INFO][seed18] Sampled 3000 data instances
[2024-10-14T10:32:22.351550][INFO][seed18] Starting exact inference 
[2024-10-14T10:32:22.359567][INFO][seed3] Saved model to: /mnt/beegfs/rcabanas/dev/credici/papers/zeros/models/s3/simple_nparents1_nzr06_zdr05_ysize3_3.uai
[2024-10-14T10:32:22.363945][INFO][seed3] Saved queries to: /mnt/beegfs/rcabanas/dev/credici/papers/zeros/models/s3/simple_nparents1_nzr06_zdr05_ysize3_3_query.csv
[2024-10-14T10:32:22.364219][INFO][seed3] Closing log file
[2024-10-14T10:32:22.364301][INFO][seed3] Closed log file
[2024-10-14T10:32:22.381135][INFO][seed162] Sampled 10000 data instances
[2024-10-14T10:32:22.381445][INFO][seed162] Starting exact inference 
[2024-10-14T10:32:22.398153][INFO][seed8] Set up logging
[2024-10-14T10:32:22.410292][INFO][seed8] args: -np;1;-nzr;0.6;-zdr;0.5;-o;/mnt/beegfs/rcabanas/dev/credici/papers/zeros/models/s3;-rw;-s;8;-ys;3
[2024-10-14T10:32:22.412170][INFO][seed18] No feasible solution... resampling
[2024-10-14T10:32:22.417076][INFO][seed8] Starting logger with seed 8
[2024-10-14T10:32:22.427801][INFO][seed8] simple_nparents1_nzr06_zdr05_ysize3_8
[2024-10-14T10:32:22.432126][INFO][seed162] No feasible solution... resampling
[2024-10-14T10:32:22.432234][SEVERE][seed162] java.lang.IllegalStateException: Unable to generate compatible data
[2024-10-14T10:32:22.432250][INFO][seed162] Closing log file
[2024-10-14T10:32:22.432260][INFO][seed162] Closed log file
[2024-10-14T10:32:22.443477][INFO][seed18] Sampled 3100 data instances
[2024-10-14T10:32:22.445124][INFO][seed18] Starting exact inference 
[2024-10-14T10:32:22.502546][INFO][seed11] PS(V1,V0) in [0.381201044386423, 0.381201044386423]
[2024-10-14T10:32:22.508780][INFO][seed11] PN(V1,V0) in [1.0, 1.0] 
[2024-10-14T10:32:22.513196][INFO][seed21] Sampled 1000 data instances
[2024-10-14T10:32:22.513454][INFO][seed21] Starting exact inference 
[2024-10-14T10:32:22.529216][INFO][seed18] No feasible solution... resampling
[2024-10-14T10:32:22.557236][INFO][seed11] Saved data to: /mnt/beegfs/rcabanas/dev/credici/papers/zeros/models/s3/simple_nparents1_nzr06_zdr05_ysize3_11.csv
[2024-10-14T10:32:22.566487][INFO][seed18] Sampled 3200 data instances
[2024-10-14T10:32:22.566604][INFO][seed18] Starting exact inference 
Removed 000
Error in variable: 2
[2024-10-14T10:32:22.576349][INFO][seed91] No feasible solution... resampling
[2024-10-14T10:32:22.577526][INFO][seed11] Saved model to: /mnt/beegfs/rcabanas/dev/credici/papers/zeros/models/s3/simple_nparents1_nzr06_zdr05_ysize3_11.uai
[2024-10-14T10:32:22.583449][INFO][seed11] Saved queries to: /mnt/beegfs/rcabanas/dev/credici/papers/zeros/models/s3/simple_nparents1_nzr06_zdr05_ysize3_11_query.csv
[2024-10-14T10:32:22.583724][INFO][seed11] Closing log file
[2024-10-14T10:32:22.583807][INFO][seed11] Closed log file
[2024-10-14T10:32:22.630253][INFO][seed18] No feasible solution... resampling
[2024-10-14T10:32:22.635971][INFO][seed8] U cardinality: 9
[2024-10-14T10:32:22.640770][INFO][seed8] !0 = [0, 2, 6, 7, 8]
[2024-10-14T10:32:22.641052][INFO][seed8] 0 = [1, 3, 4, 5]
[2024-10-14T10:32:22.655345][INFO][seed8] Dropping state 3
[2024-10-14T10:32:22.655821][INFO][seed8] Dropping state 1
[2024-10-14T10:32:22.657646][INFO][seed8] U cardinality: 7
[2024-10-14T10:32:22.662893][INFO][seed8] 
[P([3]) [0.873, 0.127], P([2]) [0.013, 0.007, 0.0, 0.0, 0.254, 0.005, 0.721], P([1, 3]) [1.0, 0.0, 0.0, 1.0], P([0, 1, 2]) [1.0, 0.0, 0.0, 1.0, 0.0, 0.0, 1.0, 0.0, 0.0, 0.0, 0.0, 1.0, 0.0, 1.0, 0.0, 0.0, 1.0, 0.0, 0.0, 1.0, 0.0, 0.0, 0.0, 1.0, 0.0, 0.0, 1.0, 1.0, 0.0, 0.0, 0.0, 0.0, 1.0, 0.0, 1.0, 0.0, 0.0, 0.0, 1.0, 0.0, 0.0, 1.0]]

[2024-10-14T10:32:22.666047][INFO][seed91] Sampled 1100 data instances
[2024-10-14T10:32:22.666306][INFO][seed91] Starting exact inference 
[2024-10-14T10:32:22.669487][INFO][seed18] Sampled 3300 data instances
[2024-10-14T10:32:22.669655][INFO][seed18] Starting exact inference 
['genn.py', '1', '0.6', '0.5', '197', '3']
[2024-10-14T10:32:22.738354][INFO][seed18] No feasible solution... resampling
1 0.6 0.5 197
/mnt/beegfs/rcabanas/dev/credici/papers/zeros/code/GenerateNparents.java
[2024-10-14T10:32:22.787334][INFO][seed18] Sampled 3400 data instances
[2024-10-14T10:32:22.787538][INFO][seed18] Starting exact inference 
['genn.py', '1', '0.6', '0.5', '195', '3']
['genn.py', '1', '0.6', '0.5', '110', '3']
[2024-10-14T10:32:22.837481][INFO][seed8] Sampled 1000 data instances
[2024-10-14T10:32:22.837580][INFO][seed8] Starting exact inference 
[2024-10-14T10:32:22.852152][INFO][seed18] No feasible solution... resampling
[2024-10-14T10:32:22.839365][INFO][seed141] Set up logging
[2024-10-14T10:32:22.865886][INFO][seed141] args: -np;1;-nzr;0.6;-zdr;0.5;-o;/mnt/beegfs/rcabanas/dev/credici/papers/zeros/models/s3;-rw;-s;141;-ys;3
[2024-10-14T10:32:22.870752][INFO][seed141] Starting logger with seed 141
1 0.6 0.5 195
/mnt/beegfs/rcabanas/dev/credici/papers/zeros/code/GenerateNparents.java
1 0.6 0.5 110
/mnt/beegfs/rcabanas/dev/credici/papers/zeros/code/GenerateNparents.java
[2024-10-14T10:32:22.886852][INFO][seed18] Sampled 3500 data instances
[2024-10-14T10:32:22.887758][INFO][seed141] simple_nparents1_nzr06_zdr05_ysize3_141
[2024-10-14T10:32:22.897189][INFO][seed91] PS(V1,V0) in [0.0, 0.0]
[2024-10-14T10:32:22.901385][INFO][seed91] No feasible solution... resampling
[2024-10-14T10:32:22.904044][INFO][seed18] Starting exact inference 
[2024-10-14T10:32:22.966010][INFO][seed91] Sampled 1200 data instances
[2024-10-14T10:32:22.966293][INFO][seed91] Starting exact inference 
[2024-10-14T10:32:22.972165][INFO][seed18] No feasible solution... resampling
['genn.py', '1', '0.6', '0.5', '112', '3']
[2024-10-14T10:32:23.013553][INFO][seed18] Sampled 3600 data instances
[2024-10-14T10:32:23.026046][INFO][seed18] Starting exact inference 
1 0.6 0.5 112
/mnt/beegfs/rcabanas/dev/credici/papers/zeros/code/GenerateNparents.java
[2024-10-14T10:32:23.088430][INFO][seed18] No feasible solution... resampling
[2024-10-14T10:32:23.073563][INFO][seed48] Set up logging
[2024-10-14T10:32:23.098923][INFO][seed48] args: -np;1;-nzr;0.6;-zdr;0.5;-o;/mnt/beegfs/rcabanas/dev/credici/papers/zeros/models/s3;-rw;-s;48;-ys;3
[2024-10-14T10:32:23.101059][INFO][seed48] Starting logger with seed 48
[2024-10-14T10:32:23.115354][INFO][seed48] simple_nparents1_nzr06_zdr05_ysize3_48
[2024-10-14T10:32:23.086833][INFO][seed155] Set up logging
[2024-10-14T10:32:23.111850][INFO][seed91] No feasible solution... resampling
[2024-10-14T10:32:23.115033][INFO][seed155] args: -np;1;-nzr;0.6;-zdr;0.5;-o;/mnt/beegfs/rcabanas/dev/credici/papers/zeros/models/s3;-rw;-s;155;-ys;3
[2024-10-14T10:32:23.116672][INFO][seed155] Starting logger with seed 155
[2024-10-14T10:32:23.121386][INFO][seed155] simple_nparents1_nzr06_zdr05_ysize3_155
[2024-10-14T10:32:23.122044][INFO][seed141] U cardinality: 9
[2024-10-14T10:32:23.127012][INFO][seed141] !0 = [0, 3, 4, 5, 8]
[2024-10-14T10:32:23.127461][INFO][seed141] 0 = [1, 2, 6, 7]
[2024-10-14T10:32:23.112293][INFO][seed131] Set up logging
[2024-10-14T10:32:23.127875][INFO][seed131] args: -np;1;-nzr;0.6;-zdr;0.5;-o;/mnt/beegfs/rcabanas/dev/credici/papers/zeros/models/s3;-rw;-s;131;-ys;3
[2024-10-14T10:32:23.128933][INFO][seed18] Sampled 3700 data instances
[2024-10-14T10:32:23.129112][INFO][seed18] Starting exact inference 
[2024-10-14T10:32:23.132735][INFO][seed131] Starting logger with seed 131
[2024-10-14T10:32:23.106846][INFO][seed114] Set up logging
[2024-10-14T10:32:23.136100][INFO][seed114] args: -np;1;-nzr;0.6;-zdr;0.5;-o;/mnt/beegfs/rcabanas/dev/credici/papers/zeros/models/s3;-rw;-s;114;-ys;3
[2024-10-14T10:32:23.141458][INFO][seed141] Dropping state 7
[2024-10-14T10:32:23.142667][INFO][seed141] Dropping state 2
[2024-10-14T10:32:23.143305][INFO][seed141] Dropping state 1
[2024-10-14T10:32:23.144358][INFO][seed131] simple_nparents1_nzr06_zdr05_ysize3_131
[2024-10-14T10:32:23.145912][INFO][seed141] U cardinality: 6
[2024-10-14T10:32:23.148258][INFO][seed91] Sampled 1300 data instances
[2024-10-14T10:32:23.160692][INFO][seed141] 
[P([3]) [0.724, 0.276], P([2]) [0.009, 0.116, 0.049, 0.021, 0.0, 0.805], P([1, 3]) [1.0, 0.0, 0.0, 1.0], P([0, 1, 2]) [1.0, 0.0, 0.0, 1.0, 0.0, 0.0, 0.0, 1.0, 0.0, 1.0, 0.0, 0.0, 0.0, 1.0, 0.0, 0.0, 1.0, 0.0, 0.0, 1.0, 0.0, 0.0, 0.0, 1.0, 0.0, 0.0, 1.0, 1.0, 0.0, 0.0, 0.0, 0.0, 1.0, 0.0, 0.0, 1.0]]

[2024-10-14T10:32:23.170061][INFO][seed91] Starting exact inference 
[2024-10-14T10:32:23.180389][INFO][seed114] Starting logger with seed 114
[2024-10-14T10:32:23.185302][INFO][seed18] No feasible solution... resampling
[2024-10-14T10:32:23.191958][INFO][seed114] simple_nparents1_nzr06_zdr05_ysize3_114
[2024-10-14T10:32:23.196731][INFO][seed189] No feasible solution... resampling
[2024-10-14T10:32:23.222103][INFO][seed18] Sampled 3800 data instances
[2024-10-14T10:32:23.224736][INFO][seed18] Starting exact inference 
[2024-10-14T10:32:23.268135][INFO][seed189] Sampled 1100 data instances
[2024-10-14T10:32:23.268668][INFO][seed189] Starting exact inference 
[2024-10-14T10:32:23.292093][INFO][seed18] No feasible solution... resampling
[2024-10-14T10:32:23.298843][INFO][seed91] No feasible solution... resampling
[2024-10-14T10:32:23.343250][INFO][seed48] U cardinality: 9
[2024-10-14T10:32:23.344672][INFO][seed18] Sampled 3900 data instances
[2024-10-14T10:32:23.344823][INFO][seed18] Starting exact inference 
[2024-10-14T10:32:23.347522][INFO][seed141] Sampled 1000 data instances
[2024-10-14T10:32:23.347789][INFO][seed141] Starting exact inference 
[2024-10-14T10:32:23.348649][INFO][seed48] !0 = [0, 4, 5, 6, 8]
[2024-10-14T10:32:23.350123][INFO][seed48] 0 = [1, 2, 3, 7]
[2024-10-14T10:32:23.351623][INFO][seed155] U cardinality: 9
[2024-10-14T10:32:23.356053][INFO][seed155] !0 = [0, 2, 5, 6, 7]
[2024-10-14T10:32:23.356340][INFO][seed155] 0 = [1, 3, 4, 8]
[2024-10-14T10:32:23.355935][INFO][seed48] Dropping state 1
[2024-10-14T10:32:23.359633][INFO][seed91] Sampled 1400 data instances
[2024-10-14T10:32:23.359963][INFO][seed91] Starting exact inference 
[2024-10-14T10:32:23.361190][INFO][seed155] Dropping state 1
[2024-10-14T10:32:23.361348][INFO][seed48] U cardinality: 8
[2024-10-14T10:32:23.363321][INFO][seed155] U cardinality: 8
[2024-10-14T10:32:23.364040][INFO][seed131] U cardinality: 9
[2024-10-14T10:32:23.367679][INFO][seed48] 
[P([3]) [0.236, 0.764], P([2]) [0.092, 0.0, 0.0, 0.001, 0.027, 0.388, 0.0, 0.492], P([1, 3]) [1.0, 0.0, 0.0, 1.0], P([0, 1, 2]) [1.0, 0.0, 0.0, 1.0, 0.0, 0.0, 1.0, 0.0, 0.0, 0.0, 0.0, 1.0, 0.0, 1.0, 0.0, 1.0, 0.0, 0.0, 0.0, 1.0, 0.0, 0.0, 1.0, 0.0, 0.0, 1.0, 0.0, 0.0, 0.0, 1.0, 0.0, 0.0, 1.0, 1.0, 0.0, 0.0, 0.0, 0.0, 1.0, 0.0, 1.0, 0.0, 0.0, 0.0, 1.0, 0.0, 0.0, 1.0]]

[2024-10-14T10:32:23.368712][INFO][seed131] !0 = [2, 4, 5, 6, 8]
[2024-10-14T10:32:23.368990][INFO][seed131] 0 = [0, 1, 3, 7]
[2024-10-14T10:32:23.370098][INFO][seed155] 
[P([3]) [0.335, 0.665], P([2]) [0.004, 0.01, 0.0, 0.0, 0.001, 0.002, 0.983, 0.0], P([1, 3]) [1.0, 0.0, 0.0, 1.0], P([0, 1, 2]) [1.0, 0.0, 0.0, 1.0, 0.0, 0.0, 1.0, 0.0, 0.0, 0.0, 0.0, 1.0, 0.0, 1.0, 0.0, 1.0, 0.0, 0.0, 0.0, 1.0, 0.0, 0.0, 1.0, 0.0, 0.0, 1.0, 0.0, 0.0, 0.0, 1.0, 0.0, 0.0, 1.0, 1.0, 0.0, 0.0, 0.0, 0.0, 1.0, 0.0, 1.0, 0.0, 0.0, 0.0, 1.0, 0.0, 0.0, 1.0]]

[2024-10-14T10:32:23.374515][INFO][seed114] U cardinality: 9
[2024-10-14T10:32:23.374746][INFO][seed131] Dropping state 1
[2024-10-14T10:32:23.376848][INFO][seed131] U cardinality: 8
[2024-10-14T10:32:23.355724][INFO][seed168] Set up logging
[2024-10-14T10:32:23.377863][INFO][seed168] args: -np;1;-nzr;0.6;-zdr;0.5;-o;/mnt/beegfs/rcabanas/dev/credici/papers/zeros/models/s3;-rw;-s;168;-ys;3
[2024-10-14T10:32:23.379560][INFO][seed114] !0 = [0, 2, 3, 4, 5]
[2024-10-14T10:32:23.380050][INFO][seed114] 0 = [1, 6, 7, 8]
[2024-10-14T10:32:23.349115][INFO][seed191] Set up logging
[2024-10-14T10:32:23.377329][INFO][seed191] args: -np;1;-nzr;0.6;-zdr;0.5;-o;/mnt/beegfs/rcabanas/dev/credici/papers/zeros/models/s3;-rw;-s;191;-ys;3
[2024-10-14T10:32:23.379112][INFO][seed191] Starting logger with seed 191
[2024-10-14T10:32:23.379748][INFO][seed168] Starting logger with seed 168
[2024-10-14T10:32:23.385245][INFO][seed114] Dropping state 7
[2024-10-14T10:32:23.386326][INFO][seed114] Dropping state 1
[2024-10-14T10:32:23.387474][INFO][seed191] simple_nparents1_nzr06_zdr05_ysize3_191
[2024-10-14T10:32:23.388734][INFO][seed131] 
[P([3]) [0.918, 0.082], P([2]) [0.0, 0.018, 0.0, 0.16, 0.065, 0.003, 0.0, 0.754], P([1, 3]) [1.0, 0.0, 0.0, 1.0], P([0, 1, 2]) [1.0, 0.0, 0.0, 1.0, 0.0, 0.0, 1.0, 0.0, 0.0, 0.0, 0.0, 1.0, 0.0, 1.0, 0.0, 1.0, 0.0, 0.0, 0.0, 1.0, 0.0, 0.0, 1.0, 0.0, 0.0, 1.0, 0.0, 0.0, 0.0, 1.0, 0.0, 0.0, 1.0, 1.0, 0.0, 0.0, 0.0, 0.0, 1.0, 0.0, 1.0, 0.0, 0.0, 0.0, 1.0, 0.0, 0.0, 1.0]]

[2024-10-14T10:32:23.388955][INFO][seed114] U cardinality: 7
Removed 000
Removed 000
Removed 000
Removed 000
Error in variable: 2
[2024-10-14T10:32:23.387174][INFO][seed189] No feasible solution... resampling
[2024-10-14T10:32:23.394138][INFO][seed114] 
[P([3]) [0.654, 0.346], P([2]) [0.005, 0.038, 0.004, 0.001, 0.952, 0.0, 0.0], P([1, 3]) [1.0, 0.0, 0.0, 1.0], P([0, 1, 2]) [1.0, 0.0, 0.0, 1.0, 0.0, 0.0, 1.0, 0.0, 0.0, 0.0, 0.0, 1.0, 0.0, 1.0, 0.0, 1.0, 0.0, 0.0, 0.0, 1.0, 0.0, 0.0, 1.0, 0.0, 0.0, 1.0, 0.0, 0.0, 0.0, 1.0, 0.0, 0.0, 1.0, 1.0, 0.0, 0.0, 0.0, 0.0, 1.0, 0.0, 0.0, 1.0]]

[2024-10-14T10:32:23.397783][INFO][seed168] simple_nparents1_nzr06_zdr05_ysize3_168
[2024-10-14T10:32:23.379793][INFO][seed77] Set up logging
[2024-10-14T10:32:23.407116][INFO][seed77] args: -np;1;-nzr;0.6;-zdr;0.5;-o;/mnt/beegfs/rcabanas/dev/credici/papers/zeros/models/s3;-rw;-s;77;-ys;3
[2024-10-14T10:32:23.410105][INFO][seed18] No feasible solution... resampling
[2024-10-14T10:32:23.409137][INFO][seed77] Starting logger with seed 77
[2024-10-14T10:32:23.427988][INFO][seed77] simple_nparents1_nzr06_zdr05_ysize3_77
[2024-10-14T10:32:23.436190][INFO][seed189] Sampled 1200 data instances
[2024-10-14T10:32:23.446215][INFO][seed189] Starting exact inference 
[2024-10-14T10:32:23.454233][INFO][seed18] Sampled 4000 data instances
[2024-10-14T10:32:23.455489][INFO][seed18] Starting exact inference 
[2024-10-14T10:32:23.488810][INFO][seed91] PS(V1,V0) in [0.0, 0.18245614035087723]
[2024-10-14T10:32:23.493263][INFO][seed91] PN(V1,V0) in [0.0, 1.0] 
[2024-10-14T10:32:23.506340][INFO][seed18] No feasible solution... resampling
[2024-10-14T10:32:23.517515][INFO][seed91] Saved data to: /mnt/beegfs/rcabanas/dev/credici/papers/zeros/models/s3/simple_nparents1_nzr06_zdr05_ysize3_91.csv
[2024-10-14T10:32:23.537260][INFO][seed91] Saved model to: /mnt/beegfs/rcabanas/dev/credici/papers/zeros/models/s3/simple_nparents1_nzr06_zdr05_ysize3_91.uai
[2024-10-14T10:32:23.538129][INFO][seed21] PS(V1,V0) in [0.0, 0.0]
[2024-10-14T10:32:23.541664][INFO][seed91] Saved queries to: /mnt/beegfs/rcabanas/dev/credici/papers/zeros/models/s3/simple_nparents1_nzr06_zdr05_ysize3_91_query.csv
[2024-10-14T10:32:23.541731][INFO][seed91] Closing log file
[2024-10-14T10:32:23.541757][INFO][seed91] Closed log file
[2024-10-14T10:32:23.551066][INFO][seed21] PN(V1,V0) in [0.0, 0.0] 
[2024-10-14T10:32:23.555322][INFO][seed155] Sampled 1000 data instances
[2024-10-14T10:32:23.555599][INFO][seed155] Starting exact inference 
[2024-10-14T10:32:23.558389][INFO][seed18] Sampled 4100 data instances
[2024-10-14T10:32:23.558498][INFO][seed18] Starting exact inference 
[2024-10-14T10:32:23.565489][INFO][seed48] Sampled 1000 data instances
[2024-10-14T10:32:23.565746][INFO][seed48] Starting exact inference 
[2024-10-14T10:32:23.581101][INFO][seed131] Sampled 1000 data instances
[2024-10-14T10:32:23.581204][INFO][seed131] Starting exact inference 
[2024-10-14T10:32:23.581813][INFO][seed21] Saved data to: /mnt/beegfs/rcabanas/dev/credici/papers/zeros/models/s3/simple_nparents1_nzr06_zdr05_ysize3_21.csv
[2024-10-14T10:32:23.584480][INFO][seed189] PS(V1,V0) in [0.0, 0.0]
[2024-10-14T10:32:23.590725][INFO][seed189] PN(V1,V0) in [0.0, 0.0] 
[2024-10-14T10:32:23.594828][INFO][seed114] Sampled 1000 data instances
[2024-10-14T10:32:23.595098][INFO][seed114] Starting exact inference 
[2024-10-14T10:32:23.592348][INFO][seed18] No feasible solution... resampling
[2024-10-14T10:32:23.602108][INFO][seed21] Saved model to: /mnt/beegfs/rcabanas/dev/credici/papers/zeros/models/s3/simple_nparents1_nzr06_zdr05_ysize3_21.uai
[2024-10-14T10:32:23.606081][INFO][seed21] Saved queries to: /mnt/beegfs/rcabanas/dev/credici/papers/zeros/models/s3/simple_nparents1_nzr06_zdr05_ysize3_21_query.csv
[2024-10-14T10:32:23.606354][INFO][seed21] Closing log file
[2024-10-14T10:32:23.606440][INFO][seed21] Closed log file
[2024-10-14T10:32:23.618412][INFO][seed168] U cardinality: 9
[2024-10-14T10:32:23.618412][INFO][seed189] Saved data to: /mnt/beegfs/rcabanas/dev/credici/papers/zeros/models/s3/simple_nparents1_nzr06_zdr05_ysize3_189.csv
[2024-10-14T10:32:23.592209][INFO][seed70] Set up logging
[2024-10-14T10:32:23.620459][INFO][seed70] args: -np;1;-nzr;0.6;-zdr;0.5;-o;/mnt/beegfs/rcabanas/dev/credici/papers/zeros/models/s3;-rw;-s;70;-ys;3
[2024-10-14T10:32:23.622281][INFO][seed70] Starting logger with seed 70
[2024-10-14T10:32:23.623478][INFO][seed168] !0 = [0, 3, 6, 7, 8]
[2024-10-14T10:32:23.624030][INFO][seed168] 0 = [1, 2, 4, 5]
[2024-10-14T10:32:23.629085][INFO][seed168] Dropping state 5
[2024-10-14T10:32:23.630826][INFO][seed168] Dropping state 4
[2024-10-14T10:32:23.631606][INFO][seed168] Dropping state 2
[2024-10-14T10:32:23.630504][INFO][seed18] Sampled 4200 data instances
[2024-10-14T10:32:23.630594][INFO][seed18] Starting exact inference 
[2024-10-14T10:32:23.633411][INFO][seed168] Dropping state 1
[2024-10-14T10:32:23.634313][INFO][seed189] Saved model to: /mnt/beegfs/rcabanas/dev/credici/papers/zeros/models/s3/simple_nparents1_nzr06_zdr05_ysize3_189.uai
[2024-10-14T10:32:23.635423][INFO][seed70] simple_nparents1_nzr06_zdr05_ysize3_70
[2024-10-14T10:32:23.637545][INFO][seed189] Saved queries to: /mnt/beegfs/rcabanas/dev/credici/papers/zeros/models/s3/simple_nparents1_nzr06_zdr05_ysize3_189_query.csv
[2024-10-14T10:32:23.637637][INFO][seed189] Closing log file
[2024-10-14T10:32:23.639007][INFO][seed168] U cardinality: 5
[2024-10-14T10:32:23.637729][INFO][seed189] Closed log file
[2024-10-14T10:32:23.644420][INFO][seed168] 
[P([3]) [0.031, 0.969], P([2]) [0.032, 0.039, 0.054, 0.207, 0.668], P([1, 3]) [1.0, 0.0, 0.0, 1.0], P([0, 1, 2]) [1.0, 0.0, 0.0, 1.0, 0.0, 0.0, 0.0, 1.0, 0.0, 1.0, 0.0, 0.0, 0.0, 0.0, 1.0, 1.0, 0.0, 0.0, 0.0, 0.0, 1.0, 0.0, 1.0, 0.0, 0.0, 0.0, 1.0, 0.0, 0.0, 1.0]]

[2024-10-14T10:32:23.649559][INFO][seed77] U cardinality: 9
[2024-10-14T10:32:23.654616][INFO][seed77] !0 = [2, 3, 4, 5, 8]
[2024-10-14T10:32:23.655162][INFO][seed77] 0 = [0, 1, 6, 7]
[2024-10-14T10:32:23.658868][INFO][seed191] U cardinality: 9
[2024-10-14T10:32:23.660165][INFO][seed77] Dropping state 7
[2024-10-14T10:32:23.661335][INFO][seed77] Dropping state 6
[2024-10-14T10:32:23.663068][INFO][seed77] Dropping state 1
[2024-10-14T10:32:23.658651][INFO][seed18] No feasible solution... resampling
[2024-10-14T10:32:23.665995][INFO][seed77] U cardinality: 6
[2024-10-14T10:32:23.670737][INFO][seed77] 
[P([3]) [0.858, 0.142], P([2]) [0.0, 0.001, 0.002, 0.969, 0.001, 0.027], P([1, 3]) [1.0, 0.0, 0.0, 1.0], P([0, 1, 2]) [1.0, 0.0, 0.0, 1.0, 0.0, 0.0, 1.0, 0.0, 0.0, 0.0, 0.0, 1.0, 0.0, 1.0, 0.0, 1.0, 0.0, 0.0, 0.0, 1.0, 0.0, 0.0, 1.0, 0.0, 0.0, 1.0, 0.0, 0.0, 0.0, 1.0, 0.0, 0.0, 1.0, 0.0, 0.0, 1.0]]

[2024-10-14T10:32:23.673475][INFO][seed191] !0 = [2, 3, 6, 7, 8]
[2024-10-14T10:32:23.673734][INFO][seed191] 0 = [0, 1, 4, 5]
[2024-10-14T10:32:23.677028][INFO][seed8] PS(V1,V0) in [0.0, 0.0]
[2024-10-14T10:32:23.678639][INFO][seed191] Dropping state 5
[2024-10-14T10:32:23.679716][INFO][seed191] Dropping state 1
[2024-10-14T10:32:23.688589][INFO][seed8] No feasible solution... resampling
[2024-10-14T10:32:23.689393][INFO][seed18] Sampled 4300 data instances
[2024-10-14T10:32:23.680866][INFO][seed191] Dropping state 0
[2024-10-14T10:32:23.683410][INFO][seed191] U cardinality: 6
[2024-10-14T10:32:23.689464][INFO][seed18] Starting exact inference 
[2024-10-14T10:32:23.699013][INFO][seed191] 
[P([3]) [0.631, 0.369], P([2]) [0.001, 0.001, 0.0, 0.607, 0.001, 0.39], P([1, 3]) [1.0, 0.0, 0.0, 1.0], P([0, 1, 2]) [1.0, 0.0, 0.0, 0.0, 0.0, 1.0, 0.0, 1.0, 0.0, 1.0, 0.0, 0.0, 0.0, 1.0, 0.0, 0.0, 1.0, 0.0, 0.0, 0.0, 1.0, 1.0, 0.0, 0.0, 0.0, 0.0, 1.0, 0.0, 1.0, 0.0, 0.0, 0.0, 1.0, 0.0, 0.0, 1.0]]

[2024-10-14T10:32:23.729819][INFO][seed18] No feasible solution... resampling
[2024-10-14T10:32:23.761229][INFO][seed18] Sampled 4400 data instances
[2024-10-14T10:32:23.761300][INFO][seed18] Starting exact inference 
[2024-10-14T10:32:23.793643][INFO][seed8] Sampled 1100 data instances
[2024-10-14T10:32:23.793902][INFO][seed8] Starting exact inference 
[2024-10-14T10:32:23.811969][INFO][seed18] No feasible solution... resampling
[2024-10-14T10:32:23.829340][INFO][seed168] Sampled 1000 data instances
[2024-10-14T10:32:23.829648][INFO][seed168] Starting exact inference 
[2024-10-14T10:32:23.833352][INFO][seed70] U cardinality: 9
[2024-10-14T10:32:23.838416][INFO][seed70] !0 = [0, 1, 3, 4, 7]
[2024-10-14T10:32:23.838932][INFO][seed70] 0 = [2, 5, 6, 8]
[2024-10-14T10:32:23.843827][INFO][seed70] Dropping state 5
[2024-10-14T10:32:23.846709][INFO][seed70] U cardinality: 8
[2024-10-14T10:32:23.850993][INFO][seed70] 
[P([3]) [0.112, 0.888], P([2]) [0.291, 0.312, 0.0, 0.201, 0.186, 0.0, 0.01, 0.0], P([1, 3]) [1.0, 0.0, 0.0, 1.0], P([0, 1, 2]) [1.0, 0.0, 0.0, 1.0, 0.0, 0.0, 1.0, 0.0, 0.0, 0.0, 1.0, 0.0, 1.0, 0.0, 0.0, 0.0, 0.0, 1.0, 0.0, 1.0, 0.0, 1.0, 0.0, 0.0, 0.0, 1.0, 0.0, 0.0, 1.0, 0.0, 0.0, 0.0, 1.0, 1.0, 0.0, 0.0, 0.0, 0.0, 1.0, 0.0, 1.0, 0.0, 0.0, 0.0, 1.0, 0.0, 0.0, 1.0]]

[2024-10-14T10:32:23.845122][INFO][seed18] Sampled 4500 data instances
[2024-10-14T10:32:23.851713][INFO][seed18] Starting exact inference 
[2024-10-14T10:32:23.872291][INFO][seed77] Sampled 1000 data instances
[2024-10-14T10:32:23.872381][INFO][seed77] Starting exact inference 
[2024-10-14T10:32:23.895548][INFO][seed18] No feasible solution... resampling
[2024-10-14T10:32:23.918396][INFO][seed191] Sampled 1000 data instances
[2024-10-14T10:32:23.918491][INFO][seed191] Starting exact inference 
[2024-10-14T10:32:23.928213][INFO][seed18] Sampled 4600 data instances
[2024-10-14T10:32:23.928294][INFO][seed18] Starting exact inference 
[2024-10-14T10:32:23.938261][INFO][seed8] PS(V1,V0) in [0.0, 0.0]
[2024-10-14T10:32:23.940039][INFO][seed8] PN(V1,V0) in [0.0, 0.0] 
['genn.py', '1', '0.6', '0.5', '32', '3']
[2024-10-14T10:32:23.963535][INFO][seed18] No feasible solution... resampling
[2024-10-14T10:32:23.972434][INFO][seed8] Saved data to: /mnt/beegfs/rcabanas/dev/credici/papers/zeros/models/s3/simple_nparents1_nzr06_zdr05_ysize3_8.csv
[2024-10-14T10:32:23.981768][INFO][seed8] Saved model to: /mnt/beegfs/rcabanas/dev/credici/papers/zeros/models/s3/simple_nparents1_nzr06_zdr05_ysize3_8.uai
[2024-10-14T10:32:23.985124][INFO][seed8] Saved queries to: /mnt/beegfs/rcabanas/dev/credici/papers/zeros/models/s3/simple_nparents1_nzr06_zdr05_ysize3_8_query.csv
[2024-10-14T10:32:23.985216][INFO][seed8] Closing log file
[2024-10-14T10:32:23.985299][INFO][seed8] Closed log file
[2024-10-14T10:32:23.971243][INFO][seed67] Set up logging
1 0.6 0.5 32
/mnt/beegfs/rcabanas/dev/credici/papers/zeros/code/GenerateNparents.java
[2024-10-14T10:32:23.990198][INFO][seed67] args: -np;1;-nzr;0.6;-zdr;0.5;-o;/mnt/beegfs/rcabanas/dev/credici/papers/zeros/models/s3;-rw;-s;67;-ys;3
['genn.py', '1', '0.6', '0.5', '173', '3']
[2024-10-14T10:32:23.991693][INFO][seed67] Starting logger with seed 67
[2024-10-14T10:32:23.997924][INFO][seed18] Sampled 4700 data instances
[2024-10-14T10:32:23.998006][INFO][seed18] Starting exact inference 
[2024-10-14T10:32:24.003691][INFO][seed67] simple_nparents1_nzr06_zdr05_ysize3_67
['genn.py', '1', '0.6', '0.5', '158', '3']
[2024-10-14T10:32:24.005198][INFO][seed152] Set up logging
[2024-10-14T10:32:24.028202][INFO][seed152] args: -np;1;-nzr;0.6;-zdr;0.5;-o;/mnt/beegfs/rcabanas/dev/credici/papers/zeros/models/s3;-rw;-s;152;-ys;3
1 0.6 0.5 173
/mnt/beegfs/rcabanas/dev/credici/papers/zeros/code/GenerateNparents.java
[2024-10-14T10:32:24.030267][INFO][seed152] Starting logger with seed 152
[2024-10-14T10:32:24.027309][INFO][seed18] No feasible solution... resampling
[2024-10-14T10:32:24.044330][INFO][seed152] simple_nparents1_nzr06_zdr05_ysize3_152
[2024-10-14T10:32:24.049487][INFO][seed70] Sampled 1000 data instances
[2024-10-14T10:32:24.049787][INFO][seed70] Starting exact inference 
1 0.6 0.5 158
/mnt/beegfs/rcabanas/dev/credici/papers/zeros/code/GenerateNparents.java
[2024-10-14T10:32:24.065037][INFO][seed18] Sampled 4800 data instances
[2024-10-14T10:32:24.065279][INFO][seed18] Starting exact inference 
[2024-10-14T10:32:24.106248][INFO][seed18] No feasible solution... resampling
[2024-10-14T10:32:24.148309][INFO][seed18] Sampled 4900 data instances
[2024-10-14T10:32:24.148510][INFO][seed18] Starting exact inference 
[2024-10-14T10:32:24.183914][INFO][seed18] No feasible solution... resampling
Error in variable: 2
[2024-10-14T10:32:24.204349][INFO][seed155] No feasible solution... resampling
[2024-10-14T10:32:24.219070][INFO][seed18] Sampled 5000 data instances
[2024-10-14T10:32:24.219141][INFO][seed18] Starting exact inference 
[2024-10-14T10:32:24.223125][INFO][seed152] U cardinality: 9
[2024-10-14T10:32:24.223454][INFO][seed67] U cardinality: 9
[2024-10-14T10:32:24.228570][INFO][seed67] !0 = [2, 4, 6, 7, 8]
[2024-10-14T10:32:24.229114][INFO][seed67] 0 = [0, 1, 3, 5]
[2024-10-14T10:32:24.229127][INFO][seed152] !0 = [1, 3, 4, 6, 7]
[2024-10-14T10:32:24.229647][INFO][seed152] 0 = [0, 2, 5, 8]
[2024-10-14T10:32:24.234325][INFO][seed67] Dropping state 5
[2024-10-14T10:32:24.234740][INFO][seed152] Dropping state 8
[2024-10-14T10:32:24.235761][INFO][seed67] Dropping state 3
[2024-10-14T10:32:24.235885][INFO][seed152] Dropping state 2
[2024-10-14T10:32:24.236955][INFO][seed67] Dropping state 1
[2024-10-14T10:32:24.239474][INFO][seed67] Dropping state 0
[2024-10-14T10:32:24.241625][INFO][seed152] U cardinality: 7
[2024-10-14T10:32:24.242464][INFO][seed67] U cardinality: 5
[2024-10-14T10:32:24.246748][INFO][seed152] 
[P([3]) [0.131, 0.869], P([2]) [0.0, 0.021, 0.031, 0.005, 0.0, 0.074, 0.869], P([1, 3]) [1.0, 0.0, 0.0, 1.0], P([0, 1, 2]) [1.0, 0.0, 0.0, 1.0, 0.0, 0.0, 1.0, 0.0, 0.0, 0.0, 1.0, 0.0, 0.0, 1.0, 0.0, 1.0, 0.0, 0.0, 0.0, 1.0, 0.0, 0.0, 1.0, 0.0, 0.0, 1.0, 0.0, 0.0, 0.0, 1.0, 0.0, 0.0, 1.0, 1.0, 0.0, 0.0, 0.0, 0.0, 1.0, 0.0, 1.0, 0.0]]

[2024-10-14T10:32:24.256196][INFO][seed67] 
[P([3]) [0.497, 0.503], P([2]) [0.673, 0.005, 0.065, 0.014, 0.243], P([1, 3]) [1.0, 0.0, 0.0, 1.0], P([0, 1, 2]) [1.0, 0.0, 0.0, 0.0, 0.0, 1.0, 0.0, 1.0, 0.0, 0.0, 1.0, 0.0, 0.0, 0.0, 1.0, 1.0, 0.0, 0.0, 0.0, 0.0, 1.0, 0.0, 1.0, 0.0, 0.0, 0.0, 1.0, 0.0, 0.0, 1.0]]

[2024-10-14T10:32:24.254748][INFO][seed18] No feasible solution... resampling
[2024-10-14T10:32:24.278766][INFO][seed141] PS(V1,V0) in [0.0, 0.0]
[2024-10-14T10:32:24.290689][INFO][seed18] Sampled 5100 data instances
[2024-10-14T10:32:24.290761][INFO][seed18] Starting exact inference 
[2024-10-14T10:32:24.297323][INFO][seed141] PN(V1,V0) in [0.0, 0.0] 
[2024-10-14T10:32:24.300627][INFO][seed155] Sampled 1100 data instances
[2024-10-14T10:32:24.303503][INFO][seed155] Starting exact inference 
['genn.py', '1', '0.6', '0.5', '111', '3']
[2024-10-14T10:32:24.326975][INFO][seed141] Saved data to: /mnt/beegfs/rcabanas/dev/credici/papers/zeros/models/s3/simple_nparents1_nzr06_zdr05_ysize3_141.csv
[2024-10-14T10:32:24.324193][INFO][seed18] No feasible solution... resampling
[2024-10-14T10:32:24.336963][INFO][seed141] Saved model to: /mnt/beegfs/rcabanas/dev/credici/papers/zeros/models/s3/simple_nparents1_nzr06_zdr05_ysize3_141.uai
Removed 000
Removed 000
Removed 000
Removed 000
Error in variable: 2
[2024-10-14T10:32:24.347457][INFO][seed48] No feasible solution... resampling
1 0.6 0.5 111
/mnt/beegfs/rcabanas/dev/credici/papers/zeros/code/GenerateNparents.java
[2024-10-14T10:32:24.349517][INFO][seed141] Saved queries to: /mnt/beegfs/rcabanas/dev/credici/papers/zeros/models/s3/simple_nparents1_nzr06_zdr05_ysize3_141_query.csv
[2024-10-14T10:32:24.349599][INFO][seed141] Closing log file
[2024-10-14T10:32:24.349623][INFO][seed141] Closed log file
[2024-10-14T10:32:24.361117][INFO][seed18] Sampled 5200 data instances
[2024-10-14T10:32:24.361191][INFO][seed18] Starting exact inference 
[2024-10-14T10:32:24.367292][INFO][seed131] PS(V1,V0) in [0.0, 0.0]
[2024-10-14T10:32:24.383252][INFO][seed131] PN(V1,V0) in [0.0, 0.0] 
[2024-10-14T10:32:24.402896][INFO][seed131] Saved data to: /mnt/beegfs/rcabanas/dev/credici/papers/zeros/models/s3/simple_nparents1_nzr06_zdr05_ysize3_131.csv
[2024-10-14T10:32:24.395073][INFO][seed18] No feasible solution... resampling
[2024-10-14T10:32:24.421073][INFO][seed131] Saved model to: /mnt/beegfs/rcabanas/dev/credici/papers/zeros/models/s3/simple_nparents1_nzr06_zdr05_ysize3_131.uai
[2024-10-14T10:32:24.424917][INFO][seed131] Saved queries to: /mnt/beegfs/rcabanas/dev/credici/papers/zeros/models/s3/simple_nparents1_nzr06_zdr05_ysize3_131_query.csv
[2024-10-14T10:32:24.424957][INFO][seed131] Closing log file
[2024-10-14T10:32:24.424982][INFO][seed131] Closed log file
[2024-10-14T10:32:24.435579][INFO][seed18] Sampled 5300 data instances
[2024-10-14T10:32:24.435698][INFO][seed18] Starting exact inference 
[2024-10-14T10:32:24.437595][INFO][seed152] Sampled 1000 data instances
[2024-10-14T10:32:24.437887][INFO][seed152] Starting exact inference 
[2024-10-14T10:32:24.438491][INFO][seed67] Sampled 1000 data instances
[2024-10-14T10:32:24.438797][INFO][seed67] Starting exact inference 
[2024-10-14T10:32:24.439051][INFO][seed48] Sampled 1100 data instances
[2024-10-14T10:32:24.439323][INFO][seed48] Starting exact inference 
[2024-10-14T10:32:24.476785][INFO][seed114] PS(V1,V0) in [0.0, 0.0]
[2024-10-14T10:32:24.473357][INFO][seed18] No feasible solution... resampling
[2024-10-14T10:32:24.494416][INFO][seed114] No feasible solution... resampling
[2024-10-14T10:32:24.511546][INFO][seed18] Sampled 5400 data instances
[2024-10-14T10:32:24.511621][INFO][seed18] Starting exact inference 
[2024-10-14T10:32:24.519644][INFO][seed155] PS(V1,V0) in [0.0, 0.0]
[2024-10-14T10:32:24.537043][INFO][seed155] PN(V1,V0) in [0.0, 0.0] 
[2024-10-14T10:32:24.535408][INFO][seed18] No feasible solution... resampling
[2024-10-14T10:32:24.558091][INFO][seed155] Saved data to: /mnt/beegfs/rcabanas/dev/credici/papers/zeros/models/s3/simple_nparents1_nzr06_zdr05_ysize3_155.csv
[2024-10-14T10:32:24.561183][INFO][seed114] Sampled 1100 data instances
[2024-10-14T10:32:24.561495][INFO][seed114] Starting exact inference 
[2024-10-14T10:32:24.574092][INFO][seed18] Sampled 5500 data instances
[2024-10-14T10:32:24.574166][INFO][seed18] Starting exact inference 
[2024-10-14T10:32:24.575535][INFO][seed155] Saved model to: /mnt/beegfs/rcabanas/dev/credici/papers/zeros/models/s3/simple_nparents1_nzr06_zdr05_ysize3_155.uai
[2024-10-14T10:32:24.579263][INFO][seed155] Saved queries to: /mnt/beegfs/rcabanas/dev/credici/papers/zeros/models/s3/simple_nparents1_nzr06_zdr05_ysize3_155_query.csv
[2024-10-14T10:32:24.579360][INFO][seed155] Closing log file
[2024-10-14T10:32:24.579436][INFO][seed155] Closed log file
[2024-10-14T10:32:24.610608][INFO][seed18] No feasible solution... resampling
[2024-10-14T10:32:24.623671][INFO][seed93] Set up logging
[2024-10-14T10:32:24.644674][INFO][seed93] args: -np;1;-nzr;0.6;-zdr;0.5;-o;/mnt/beegfs/rcabanas/dev/credici/papers/zeros/models/s3;-rw;-s;93;-ys;3
[2024-10-14T10:32:24.651157][INFO][seed18] Sampled 5600 data instances
[2024-10-14T10:32:24.651236][INFO][seed18] Starting exact inference 
[2024-10-14T10:32:24.658230][INFO][seed93] Starting logger with seed 93
[2024-10-14T10:32:24.664419][INFO][seed93] simple_nparents1_nzr06_zdr05_ysize3_93
[2024-10-14T10:32:24.678034][INFO][seed48] PS(V1,V0) in [0.0, 0.0]
[2024-10-14T10:32:24.678864][INFO][seed18] No feasible solution... resampling
[2024-10-14T10:32:24.695330][INFO][seed48] No feasible solution... resampling
[2024-10-14T10:32:24.712773][INFO][seed114] PS(V1,V0) in [0.0, 0.0]
[2024-10-14T10:32:24.714431][INFO][seed114] No feasible solution... resampling
[2024-10-14T10:32:24.719628][INFO][seed18] Sampled 5700 data instances
[2024-10-14T10:32:24.719703][INFO][seed18] Starting exact inference 
[2024-10-14T10:32:24.731906][INFO][seed168] PS(V1,V0) in [0.0, 0.0]
[2024-10-14T10:32:24.738851][INFO][seed77] PS(V1,V0) in [0.0, 0.0]
[2024-10-14T10:32:24.741654][INFO][seed168] PN(V1,V0) in [0.0, 0.0] 
[2024-10-14T10:32:24.745528][INFO][seed77] PN(V1,V0) in [0.0, 0.0] 
[2024-10-14T10:32:24.751667][INFO][seed48] Sampled 1200 data instances
['genn.py', '1', '0.6', '0.5', '120', '3']
[2024-10-14T10:32:24.757090][INFO][seed48] Starting exact inference 
['genn.py', '1', '0.6', '0.5', '98', '3']
[2024-10-14T10:32:24.774262][INFO][seed18] No feasible solution... resampling
[2024-10-14T10:32:24.778279][INFO][seed114] Sampled 1200 data instances
[2024-10-14T10:32:24.778560][INFO][seed114] Starting exact inference 
[2024-10-14T10:32:24.790251][INFO][seed168] Saved data to: /mnt/beegfs/rcabanas/dev/credici/papers/zeros/models/s3/simple_nparents1_nzr06_zdr05_ysize3_168.csv
[2024-10-14T10:32:24.794241][INFO][seed77] Saved data to: /mnt/beegfs/rcabanas/dev/credici/papers/zeros/models/s3/simple_nparents1_nzr06_zdr05_ysize3_77.csv
1 0.6 0.5 120
/mnt/beegfs/rcabanas/dev/credici/papers/zeros/code/GenerateNparents.java
[2024-10-14T10:32:24.801491][INFO][seed168] Saved model to: /mnt/beegfs/rcabanas/dev/credici/papers/zeros/models/s3/simple_nparents1_nzr06_zdr05_ysize3_168.uai
[2024-10-14T10:32:24.805731][INFO][seed77] Saved model to: /mnt/beegfs/rcabanas/dev/credici/papers/zeros/models/s3/simple_nparents1_nzr06_zdr05_ysize3_77.uai
[2024-10-14T10:32:24.805926][INFO][seed168] Saved queries to: /mnt/beegfs/rcabanas/dev/credici/papers/zeros/models/s3/simple_nparents1_nzr06_zdr05_ysize3_168_query.csv
[2024-10-14T10:32:24.806169][INFO][seed168] Closing log file
[2024-10-14T10:32:24.806251][INFO][seed168] Closed log file
[2024-10-14T10:32:24.810161][INFO][seed77] Saved queries to: /mnt/beegfs/rcabanas/dev/credici/papers/zeros/models/s3/simple_nparents1_nzr06_zdr05_ysize3_77_query.csv
[2024-10-14T10:32:24.810464][INFO][seed77] Closing log file
[2024-10-14T10:32:24.810550][INFO][seed77] Closed log file
1 0.6 0.5 98
/mnt/beegfs/rcabanas/dev/credici/papers/zeros/code/GenerateNparents.java
[2024-10-14T10:32:24.815992][INFO][seed18] Sampled 5800 data instances
[2024-10-14T10:32:24.816083][INFO][seed18] Starting exact inference 
[2024-10-14T10:32:24.853900][INFO][seed18] No feasible solution... resampling
[2024-10-14T10:32:24.895941][INFO][seed18] Sampled 5900 data instances
[2024-10-14T10:32:24.896035][INFO][seed18] Starting exact inference 
[2024-10-14T10:32:24.910874][INFO][seed114] PS(V1,V0) in [0.0, 0.0]
[2024-10-14T10:32:24.912876][INFO][seed114] PN(V1,V0) in [0.0, 0.0] 
['genn.py', '1', '0.6', '0.5', '61', '3']
[2024-10-14T10:32:24.916195][INFO][seed93] U cardinality: 9
[2024-10-14T10:32:24.921931][INFO][seed191] PS(V1,V0) in [0.0, 0.0]
[2024-10-14T10:32:24.923048][INFO][seed48] PS(V1,V0) in [0.0, 0.0]
[2024-10-14T10:32:24.924626][INFO][seed93] !0 = [0, 3, 4, 6, 8]
[2024-10-14T10:32:24.924890][INFO][seed93] 0 = [1, 2, 5, 7]
[2024-10-14T10:32:24.922745][INFO][seed18] No feasible solution... resampling
[2024-10-14T10:32:24.929052][INFO][seed191] PN(V1,V0) in [0.0, 0.0] 
[2024-10-14T10:32:24.929305][INFO][seed48] PN(V1,V0) in [0.0, 0.0] 
[2024-10-14T10:32:24.929859][INFO][seed93] Dropping state 2
[2024-10-14T10:32:24.930941][INFO][seed93] Dropping state 1
[2024-10-14T10:32:24.933658][INFO][seed93] U cardinality: 7
[2024-10-14T10:32:24.943671][INFO][seed114] Saved data to: /mnt/beegfs/rcabanas/dev/credici/papers/zeros/models/s3/simple_nparents1_nzr06_zdr05_ysize3_114.csv
[2024-10-14T10:32:24.952989][INFO][seed70] PS(V1,V0) in [0.24682620635543348, 0.8160690466849745]
[2024-10-14T10:32:24.951004][INFO][seed93] 
[P([3]) [0.911, 0.089], P([2]) [0.914, 0.07, 0.004, 0.0, 0.002, 0.0, 0.01], P([1, 3]) [1.0, 0.0, 0.0, 1.0], P([0, 1, 2]) [1.0, 0.0, 0.0, 1.0, 0.0, 0.0, 0.0, 1.0, 0.0, 1.0, 0.0, 0.0, 0.0, 1.0, 0.0, 0.0, 1.0, 0.0, 0.0, 1.0, 0.0, 0.0, 0.0, 1.0, 0.0, 0.0, 1.0, 1.0, 0.0, 0.0, 0.0, 0.0, 1.0, 0.0, 1.0, 0.0, 0.0, 0.0, 1.0, 0.0, 0.0, 1.0]]

1 0.6 0.5 61
/mnt/beegfs/rcabanas/dev/credici/papers/zeros/code/GenerateNparents.java
[2024-10-14T10:32:24.964730][INFO][seed18] Sampled 6000 data instances
[2024-10-14T10:32:24.964807][INFO][seed18] Starting exact inference 
[2024-10-14T10:32:24.965893][INFO][seed70] PN(V1,V0) in [0.30245750326897924, 1.0] 
[2024-10-14T10:32:24.966130][INFO][seed48] Saved data to: /mnt/beegfs/rcabanas/dev/credici/papers/zeros/models/s3/simple_nparents1_nzr06_zdr05_ysize3_48.csv
[2024-10-14T10:32:24.966254][INFO][seed191] Saved data to: /mnt/beegfs/rcabanas/dev/credici/papers/zeros/models/s3/simple_nparents1_nzr06_zdr05_ysize3_191.csv
[2024-10-14T10:32:24.968717][INFO][seed114] Saved model to: /mnt/beegfs/rcabanas/dev/credici/papers/zeros/models/s3/simple_nparents1_nzr06_zdr05_ysize3_114.uai
[2024-10-14T10:32:24.973322][INFO][seed114] Saved queries to: /mnt/beegfs/rcabanas/dev/credici/papers/zeros/models/s3/simple_nparents1_nzr06_zdr05_ysize3_114_query.csv
[2024-10-14T10:32:24.973589][INFO][seed114] Closing log file
[2024-10-14T10:32:24.973670][INFO][seed114] Closed log file
[2024-10-14T10:32:24.985797][INFO][seed48] Saved model to: /mnt/beegfs/rcabanas/dev/credici/papers/zeros/models/s3/simple_nparents1_nzr06_zdr05_ysize3_48.uai
[2024-10-14T10:32:24.986471][INFO][seed191] Saved model to: /mnt/beegfs/rcabanas/dev/credici/papers/zeros/models/s3/simple_nparents1_nzr06_zdr05_ysize3_191.uai
[2024-10-14T10:32:24.990117][INFO][seed48] Saved queries to: /mnt/beegfs/rcabanas/dev/credici/papers/zeros/models/s3/simple_nparents1_nzr06_zdr05_ysize3_48_query.csv
[2024-10-14T10:32:24.990334][INFO][seed48] Closing log file
[2024-10-14T10:32:24.990422][INFO][seed48] Closed log file
[2024-10-14T10:32:24.990942][INFO][seed191] Saved queries to: /mnt/beegfs/rcabanas/dev/credici/papers/zeros/models/s3/simple_nparents1_nzr06_zdr05_ysize3_191_query.csv
[2024-10-14T10:32:24.991216][INFO][seed191] Closing log file
[2024-10-14T10:32:24.991298][INFO][seed191] Closed log file
[2024-10-14T10:32:24.997265][INFO][seed70] Saved data to: /mnt/beegfs/rcabanas/dev/credici/papers/zeros/models/s3/simple_nparents1_nzr06_zdr05_ysize3_70.csv
[2024-10-14T10:32:24.993760][INFO][seed18] No feasible solution... resampling
[2024-10-14T10:32:25.017010][INFO][seed70] Saved model to: /mnt/beegfs/rcabanas/dev/credici/papers/zeros/models/s3/simple_nparents1_nzr06_zdr05_ysize3_70.uai
[2024-10-14T10:32:25.021300][INFO][seed70] Saved queries to: /mnt/beegfs/rcabanas/dev/credici/papers/zeros/models/s3/simple_nparents1_nzr06_zdr05_ysize3_70_query.csv
[2024-10-14T10:32:25.021522][INFO][seed70] Closing log file
[2024-10-14T10:32:25.021608][INFO][seed70] Closed log file
[2024-10-14T10:32:25.041731][INFO][seed18] Sampled 6100 data instances
[2024-10-14T10:32:25.041929][INFO][seed18] Starting exact inference 
[2024-10-14T10:32:25.078100][INFO][seed197] Set up logging
[2024-10-14T10:32:25.110131][INFO][seed197] args: -np;1;-nzr;0.6;-zdr;0.5;-o;/mnt/beegfs/rcabanas/dev/credici/papers/zeros/models/s3;-rw;-s;197;-ys;3
[2024-10-14T10:32:25.126][INFO][seed93] Sampled 1000 data instances
[2024-10-14T10:32:25.126597][INFO][seed93] Starting exact inference 
[2024-10-14T10:32:25.123066][INFO][seed18] No feasible solution... resampling
[2024-10-14T10:32:25.152917][INFO][seed197] Starting logger with seed 197
[2024-10-14T10:32:25.162498][INFO][seed197] simple_nparents1_nzr06_zdr05_ysize3_197
[2024-10-14T10:32:25.167841][INFO][seed18] Sampled 6200 data instances
[2024-10-14T10:32:25.167918][INFO][seed18] Starting exact inference 
['genn.py', '1', '0.6', '0.5', '124', '3']
[2024-10-14T10:32:25.217700][INFO][seed18] No feasible solution... resampling
['genn.py', '1', '0.6', '0.5', '167', '3']
[2024-10-14T10:32:25.220076][INFO][seed110] Set up logging
[2024-10-14T10:32:25.243322][INFO][seed110] args: -np;1;-nzr;0.6;-zdr;0.5;-o;/mnt/beegfs/rcabanas/dev/credici/papers/zeros/models/s3;-rw;-s;110;-ys;3
[2024-10-14T10:32:25.254267][INFO][seed110] Starting logger with seed 110
1 0.6 0.5 124
/mnt/beegfs/rcabanas/dev/credici/papers/zeros/code/GenerateNparents.java
[2024-10-14T10:32:25.259861][INFO][seed110] simple_nparents1_nzr06_zdr05_ysize3_110
[2024-10-14T10:32:25.243757][INFO][seed195] Set up logging
[2024-10-14T10:32:25.261981][INFO][seed195] args: -np;1;-nzr;0.6;-zdr;0.5;-o;/mnt/beegfs/rcabanas/dev/credici/papers/zeros/models/s3;-rw;-s;195;-ys;3
[2024-10-14T10:32:25.263404][INFO][seed18] Sampled 6300 data instances
[2024-10-14T10:32:25.263488][INFO][seed18] Starting exact inference 
[2024-10-14T10:32:25.270877][INFO][seed195] Starting logger with seed 195
1 0.6 0.5 167
/mnt/beegfs/rcabanas/dev/credici/papers/zeros/code/GenerateNparents.java
[2024-10-14T10:32:25.281528][INFO][seed195] simple_nparents1_nzr06_zdr05_ysize3_195
[2024-10-14T10:32:25.293755][INFO][seed67] PS(V1,V0) in [0.0, 0.0]
[2024-10-14T10:32:25.292541][INFO][seed18] No feasible solution... resampling
[2024-10-14T10:32:25.298959][INFO][seed197] U cardinality: 9
[2024-10-14T10:32:25.304144][INFO][seed197] !0 = [0, 3, 4, 7, 8]
[2024-10-14T10:32:25.304704][INFO][seed197] 0 = [1, 2, 5, 6]
[2024-10-14T10:32:25.310122][INFO][seed197] Dropping state 5
[2024-10-14T10:32:25.313056][INFO][seed67] PN(V1,V0) in [0.0, 0.0] 
[2024-10-14T10:32:25.315654][INFO][seed197] U cardinality: 8
[2024-10-14T10:32:25.320673][INFO][seed197] 
[P([3]) [0.522, 0.478], P([2]) [0.005, 0.0, 0.0, 0.007, 0.006, 0.0, 0.403, 0.579], P([1, 3]) [1.0, 0.0, 0.0, 1.0], P([0, 1, 2]) [1.0, 0.0, 0.0, 1.0, 0.0, 0.0, 1.0, 0.0, 0.0, 0.0, 1.0, 0.0, 1.0, 0.0, 0.0, 0.0, 0.0, 1.0, 0.0, 1.0, 0.0, 1.0, 0.0, 0.0, 0.0, 1.0, 0.0, 0.0, 1.0, 0.0, 0.0, 0.0, 1.0, 1.0, 0.0, 0.0, 0.0, 0.0, 1.0, 0.0, 1.0, 0.0, 0.0, 0.0, 1.0, 0.0, 0.0, 1.0]]

[2024-10-14T10:32:25.302008][INFO][seed112] Set up logging
[2024-10-14T10:32:25.327127][INFO][seed112] args: -np;1;-nzr;0.6;-zdr;0.5;-o;/mnt/beegfs/rcabanas/dev/credici/papers/zeros/models/s3;-rw;-s;112;-ys;3
[2024-10-14T10:32:25.328793][INFO][seed112] Starting logger with seed 112
[2024-10-14T10:32:25.337269][INFO][seed67] Saved data to: /mnt/beegfs/rcabanas/dev/credici/papers/zeros/models/s3/simple_nparents1_nzr06_zdr05_ysize3_67.csv
[2024-10-14T10:32:25.338190][INFO][seed18] Sampled 6400 data instances
[2024-10-14T10:32:25.338269][INFO][seed18] Starting exact inference 
[2024-10-14T10:32:25.345659][INFO][seed112] simple_nparents1_nzr06_zdr05_ysize3_112
[2024-10-14T10:32:25.355933][INFO][seed67] Saved model to: /mnt/beegfs/rcabanas/dev/credici/papers/zeros/models/s3/simple_nparents1_nzr06_zdr05_ysize3_67.uai
[2024-10-14T10:32:25.368294][INFO][seed67] Saved queries to: /mnt/beegfs/rcabanas/dev/credici/papers/zeros/models/s3/simple_nparents1_nzr06_zdr05_ysize3_67_query.csv
[2024-10-14T10:32:25.368378][INFO][seed67] Closing log file
[2024-10-14T10:32:25.368403][INFO][seed67] Closed log file
[2024-10-14T10:32:25.383969][INFO][seed152] PS(V1,V0) in [0.0, 1.0]
['genn.py', '1', '0.6', '0.5', '75', '3']
[2024-10-14T10:32:25.381746][INFO][seed18] No feasible solution... resampling
['genn.py', '1', '0.6', '0.5', '56', '3']
[2024-10-14T10:32:25.400232][INFO][seed152] PN(V1,V0) in [0.0, 0.008931182650559042] 
1 0.6 0.5 75
/mnt/beegfs/rcabanas/dev/credici/papers/zeros/code/GenerateNparents.java
1 0.6 0.5 56
/mnt/beegfs/rcabanas/dev/credici/papers/zeros/code/GenerateNparents.java
['genn.py', '1', '0.6', '0.5', '2', '3']
[2024-10-14T10:32:25.437246][INFO][seed152] Saved data to: /mnt/beegfs/rcabanas/dev/credici/papers/zeros/models/s3/simple_nparents1_nzr06_zdr05_ysize3_152.csv
[2024-10-14T10:32:25.450111][INFO][seed18] Sampled 6500 data instances
[2024-10-14T10:32:25.450317][INFO][seed18] Starting exact inference 
['genn.py', '1', '0.6', '0.5', '116', '3']
[2024-10-14T10:32:25.457200][INFO][seed152] Saved model to: /mnt/beegfs/rcabanas/dev/credici/papers/zeros/models/s3/simple_nparents1_nzr06_zdr05_ysize3_152.uai
[2024-10-14T10:32:25.461922][INFO][seed152] Saved queries to: /mnt/beegfs/rcabanas/dev/credici/papers/zeros/models/s3/simple_nparents1_nzr06_zdr05_ysize3_152_query.csv
[2024-10-14T10:32:25.462154][INFO][seed152] Closing log file
[2024-10-14T10:32:25.462242][INFO][seed152] Closed log file
1 0.6 0.5 2
/mnt/beegfs/rcabanas/dev/credici/papers/zeros/code/GenerateNparents.java
[2024-10-14T10:32:25.482047][INFO][seed18] No feasible solution... resampling
1 0.6 0.5 116
/mnt/beegfs/rcabanas/dev/credici/papers/zeros/code/GenerateNparents.java
[2024-10-14T10:32:25.505411][INFO][seed110] U cardinality: 9
[2024-10-14T10:32:25.510271][INFO][seed110] !0 = [0, 3, 4, 5, 7]
[2024-10-14T10:32:25.510792][INFO][seed110] 0 = [1, 2, 6, 8]
[2024-10-14T10:32:25.513499][INFO][seed195] U cardinality: 9
[2024-10-14T10:32:25.516703][INFO][seed110] Dropping state 8
[2024-10-14T10:32:25.518723][INFO][seed110] Dropping state 6
[2024-10-14T10:32:25.518358][INFO][seed197] Sampled 1000 data instances
[2024-10-14T10:32:25.518459][INFO][seed197] Starting exact inference 
[2024-10-14T10:32:25.518875][INFO][seed195] !0 = [1, 2, 6, 7, 8]
[2024-10-14T10:32:25.519325][INFO][seed195] 0 = [0, 3, 4, 5]
[2024-10-14T10:32:25.519528][INFO][seed110] Dropping state 1
[2024-10-14T10:32:25.522686][INFO][seed195] U cardinality: 9
[2024-10-14T10:32:25.524558][INFO][seed110] U cardinality: 6
[2024-10-14T10:32:25.527928][INFO][seed18] Sampled 6600 data instances
[2024-10-14T10:32:25.528308][INFO][seed195] 
[P([3]) [0.706, 0.294], P([2]) [0.0, 0.089, 0.001, 0.0, 0.0, 0.0, 0.022, 0.268, 0.62], P([1, 3]) [1.0, 0.0, 0.0, 1.0], P([0, 1, 2]) [1.0, 0.0, 0.0, 1.0, 0.0, 0.0, 1.0, 0.0, 0.0, 0.0, 1.0, 0.0, 1.0, 0.0, 0.0, 0.0, 0.0, 1.0, 0.0, 1.0, 0.0, 1.0, 0.0, 0.0, 0.0, 1.0, 0.0, 0.0, 1.0, 0.0, 0.0, 1.0, 0.0, 0.0, 0.0, 1.0, 0.0, 0.0, 1.0, 1.0, 0.0, 0.0, 0.0, 0.0, 1.0, 0.0, 1.0, 0.0, 0.0, 0.0, 1.0, 0.0, 0.0, 1.0]]

[2024-10-14T10:32:25.532146][INFO][seed112] U cardinality: 9
[2024-10-14T10:32:25.528003][INFO][seed18] Starting exact inference 
[2024-10-14T10:32:25.537358][INFO][seed112] !0 = [0, 1, 3, 4, 5]
[2024-10-14T10:32:25.537760][INFO][seed112] 0 = [2, 6, 7, 8]
[2024-10-14T10:32:25.542570][INFO][seed112] Dropping state 7
[2024-10-14T10:32:25.541033][INFO][seed110] 
[P([3]) [0.367, 0.633], P([2]) [0.021, 0.0, 0.139, 0.002, 0.007, 0.831], P([1, 3]) [1.0, 0.0, 0.0, 1.0], P([0, 1, 2]) [1.0, 0.0, 0.0, 1.0, 0.0, 0.0, 1.0, 0.0, 0.0, 0.0, 0.0, 1.0, 0.0, 1.0, 0.0, 1.0, 0.0, 0.0, 0.0, 1.0, 0.0, 0.0, 1.0, 0.0, 0.0, 1.0, 0.0, 0.0, 0.0, 1.0, 0.0, 0.0, 1.0, 0.0, 1.0, 0.0]]

[2024-10-14T10:32:25.543622][INFO][seed112] Dropping state 6
[2024-10-14T10:32:25.544294][INFO][seed112] Dropping state 2
[2024-10-14T10:32:25.546756][INFO][seed112] U cardinality: 6
[2024-10-14T10:32:25.551410][INFO][seed112] 
[P([3]) [0.245, 0.755], P([2]) [0.608, 0.008, 0.009, 0.005, 0.37, 0.0], P([1, 3]) [1.0, 0.0, 0.0, 1.0], P([0, 1, 2]) [1.0, 0.0, 0.0, 1.0, 0.0, 0.0, 1.0, 0.0, 0.0, 0.0, 1.0, 0.0, 0.0, 1.0, 0.0, 1.0, 0.0, 0.0, 0.0, 1.0, 0.0, 0.0, 1.0, 0.0, 0.0, 1.0, 0.0, 0.0, 0.0, 1.0, 0.0, 0.0, 1.0, 0.0, 0.0, 1.0]]

[2024-10-14T10:32:25.561013][INFO][seed18] No feasible solution... resampling
[2024-10-14T10:32:25.608745][INFO][seed18] Sampled 6700 data instances
[2024-10-14T10:32:25.608827][INFO][seed18] Starting exact inference 
[2024-10-14T10:32:25.644244][INFO][seed18] No feasible solution... resampling
[2024-10-14T10:32:25.691333][INFO][seed18] Sampled 6800 data instances
[2024-10-14T10:32:25.691408][INFO][seed18] Starting exact inference 
[2024-10-14T10:32:25.720901][INFO][seed110] Sampled 1000 data instances
[2024-10-14T10:32:25.721160][INFO][seed110] Starting exact inference 
[2024-10-14T10:32:25.723612][INFO][seed195] Sampled 1000 data instances
[2024-10-14T10:32:25.723843][INFO][seed195] Starting exact inference 
[2024-10-14T10:32:25.729150][INFO][seed18] No feasible solution... resampling
[2024-10-14T10:32:25.738412][INFO][seed112] Sampled 1000 data instances
[2024-10-14T10:32:25.738517][INFO][seed112] Starting exact inference 
[2024-10-14T10:32:25.776926][INFO][seed18] Sampled 6900 data instances
[2024-10-14T10:32:25.777264][INFO][seed18] Starting exact inference 
['genn.py', '1', '0.6', '0.5', '83', '3']
[2024-10-14T10:32:25.808619][INFO][seed18] No feasible solution... resampling
1 0.6 0.5 83
/mnt/beegfs/rcabanas/dev/credici/papers/zeros/code/GenerateNparents.java
[2024-10-14T10:32:25.857584][INFO][seed18] Sampled 7000 data instances
[2024-10-14T10:32:25.857660][INFO][seed18] Starting exact inference 
['genn.py', '1', '0.6', '0.5', '181', '3']
[2024-10-14T10:32:25.886272][INFO][seed18] No feasible solution... resampling
1 0.6 0.5 181
/mnt/beegfs/rcabanas/dev/credici/papers/zeros/code/GenerateNparents.java
[2024-10-14T10:32:25.935420][INFO][seed18] Sampled 7100 data instances
[2024-10-14T10:32:25.935498][INFO][seed18] Starting exact inference 
[2024-10-14T10:32:25.964038][INFO][seed18] No feasible solution... resampling
[2024-10-14T10:32:26.024899][INFO][seed18] Sampled 7200 data instances
[2024-10-14T10:32:26.025108][INFO][seed18] Starting exact inference 
[2024-10-14T10:32:26.028088][INFO][seed93] PS(V1,V0) in [0.0, 0.0]
[2024-10-14T10:32:26.029334][INFO][seed158] Set up logging
[2024-10-14T10:32:26.049579][INFO][seed158] args: -np;1;-nzr;0.6;-zdr;0.5;-o;/mnt/beegfs/rcabanas/dev/credici/papers/zeros/models/s3;-rw;-s;158;-ys;3
[2024-10-14T10:32:26.051822][INFO][seed158] Starting logger with seed 158
[2024-10-14T10:32:26.061425][INFO][seed158] simple_nparents1_nzr06_zdr05_ysize3_158
[2024-10-14T10:32:26.052969][INFO][seed93] No feasible solution... resampling
[2024-10-14T10:32:26.072137][INFO][seed18] No feasible solution... resampling
[2024-10-14T10:32:26.122655][INFO][seed18] Sampled 7300 data instances
[2024-10-14T10:32:26.122732][INFO][seed18] Starting exact inference 
[2024-10-14T10:32:26.133536][INFO][seed93] Sampled 1100 data instances
[2024-10-14T10:32:26.133814][INFO][seed93] Starting exact inference 
[2024-10-14T10:32:26.176469][INFO][seed18] No feasible solution... resampling
[2024-10-14T10:32:26.229226][INFO][seed18] Sampled 7400 data instances
[2024-10-14T10:32:26.229313][INFO][seed18] Starting exact inference 
[2024-10-14T10:32:26.230481][INFO][seed32] Set up logging
[2024-10-14T10:32:26.258421][INFO][seed32] args: -np;1;-nzr;0.6;-zdr;0.5;-o;/mnt/beegfs/rcabanas/dev/credici/papers/zeros/models/s3;-rw;-s;32;-ys;3
[2024-10-14T10:32:26.263061][INFO][seed32] Starting logger with seed 32
[2024-10-14T10:32:26.256813][INFO][seed18] No feasible solution... resampling
[2024-10-14T10:32:26.267854][INFO][seed32] simple_nparents1_nzr06_zdr05_ysize3_32
[2024-10-14T10:32:26.279463][INFO][seed93] PS(V1,V0) in [0.0, 0.0]
[2024-10-14T10:32:26.284053][INFO][seed93] PN(V1,V0) in [0.0, 0.0] 
[2024-10-14T10:32:26.290129][INFO][seed158] U cardinality: 9
[2024-10-14T10:32:26.294509][INFO][seed158] !0 = [1, 2, 5, 6, 8]
[2024-10-14T10:32:26.294802][INFO][seed158] 0 = [0, 3, 4, 7]
[2024-10-14T10:32:26.300735][INFO][seed158] Dropping state 7
[2024-10-14T10:32:26.302042][INFO][seed158] Dropping state 4
[2024-10-14T10:32:26.302693][INFO][seed158] Dropping state 3
[2024-10-14T10:32:26.291765][INFO][seed111] Set up logging
[2024-10-14T10:32:26.303947][INFO][seed111] args: -np;1;-nzr;0.6;-zdr;0.5;-o;/mnt/beegfs/rcabanas/dev/credici/papers/zeros/models/s3;-rw;-s;111;-ys;3
[2024-10-14T10:32:26.305030][INFO][seed158] U cardinality: 6
[2024-10-14T10:32:26.306522][INFO][seed111] Starting logger with seed 111
[2024-10-14T10:32:26.313263][INFO][seed111] simple_nparents1_nzr06_zdr05_ysize3_111
[2024-10-14T10:32:26.317240][INFO][seed93] Saved data to: /mnt/beegfs/rcabanas/dev/credici/papers/zeros/models/s3/simple_nparents1_nzr06_zdr05_ysize3_93.csv
[2024-10-14T10:32:26.317733][INFO][seed18] Sampled 7500 data instances
[2024-10-14T10:32:26.317944][INFO][seed18] Starting exact inference 
[2024-10-14T10:32:26.292086][INFO][seed173] Set up logging
[2024-10-14T10:32:26.319875][INFO][seed173] args: -np;1;-nzr;0.6;-zdr;0.5;-o;/mnt/beegfs/rcabanas/dev/credici/papers/zeros/models/s3;-rw;-s;173;-ys;3
[2024-10-14T10:32:26.320883][INFO][seed158] 
[P([3]) [0.72, 0.28], P([2]) [0.0, 0.214, 0.1, 0.029, 0.618, 0.039], P([1, 3]) [1.0, 0.0, 0.0, 1.0], P([0, 1, 2]) [1.0, 0.0, 0.0, 1.0, 0.0, 0.0, 1.0, 0.0, 0.0, 0.0, 1.0, 0.0, 1.0, 0.0, 0.0, 0.0, 0.0, 1.0, 0.0, 1.0, 0.0, 0.0, 0.0, 1.0, 0.0, 0.0, 1.0, 1.0, 0.0, 0.0, 0.0, 0.0, 1.0, 0.0, 0.0, 1.0]]

[2024-10-14T10:32:26.330164][INFO][seed173] Starting logger with seed 173
[2024-10-14T10:32:26.336690][INFO][seed173] simple_nparents1_nzr06_zdr05_ysize3_173
[2024-10-14T10:32:26.337165][INFO][seed93] Saved model to: /mnt/beegfs/rcabanas/dev/credici/papers/zeros/models/s3/simple_nparents1_nzr06_zdr05_ysize3_93.uai
[2024-10-14T10:32:26.341140][INFO][seed93] Saved queries to: /mnt/beegfs/rcabanas/dev/credici/papers/zeros/models/s3/simple_nparents1_nzr06_zdr05_ysize3_93_query.csv
[2024-10-14T10:32:26.341385][INFO][seed93] Closing log file
[2024-10-14T10:32:26.341469][INFO][seed93] Closed log file
[2024-10-14T10:32:26.349341][INFO][seed18] No feasible solution... resampling
[2024-10-14T10:32:26.402895][INFO][seed18] Sampled 7600 data instances
[2024-10-14T10:32:26.402979][INFO][seed18] Starting exact inference 
[2024-10-14T10:32:26.404367][INFO][seed197] PS(V1,V0) in [0.0, 1.0]
[2024-10-14T10:32:26.417621][INFO][seed197] PN(V1,V0) in [0.0, 0.02452170535107313] 
[2024-10-14T10:32:26.430210][INFO][seed18] No feasible solution... resampling
[2024-10-14T10:32:26.457257][INFO][seed197] Saved data to: /mnt/beegfs/rcabanas/dev/credici/papers/zeros/models/s3/simple_nparents1_nzr06_zdr05_ysize3_197.csv
Error in variable: 2
[2024-10-14T10:32:26.458835][INFO][seed110] No feasible solution... resampling
[2024-10-14T10:32:26.470952][INFO][seed197] Saved model to: /mnt/beegfs/rcabanas/dev/credici/papers/zeros/models/s3/simple_nparents1_nzr06_zdr05_ysize3_197.uai
[2024-10-14T10:32:26.478757][INFO][seed197] Saved queries to: /mnt/beegfs/rcabanas/dev/credici/papers/zeros/models/s3/simple_nparents1_nzr06_zdr05_ysize3_197_query.csv
[2024-10-14T10:32:26.479053][INFO][seed197] Closing log file
[2024-10-14T10:32:26.479135][INFO][seed197] Closed log file
[2024-10-14T10:32:26.483615][INFO][seed18] Sampled 7700 data instances
[2024-10-14T10:32:26.483693][INFO][seed18] Starting exact inference 
[2024-10-14T10:32:26.486367][INFO][seed32] U cardinality: 9
[2024-10-14T10:32:26.489298][INFO][seed111] U cardinality: 9
[2024-10-14T10:32:26.491590][INFO][seed32] !0 = [0, 1, 3, 4, 5]
[2024-10-14T10:32:26.492165][INFO][seed32] 0 = [2, 6, 7, 8]
[2024-10-14T10:32:26.493405][INFO][seed111] !0 = [0, 2, 4, 5, 6]
[2024-10-14T10:32:26.493677][INFO][seed111] 0 = [1, 3, 7, 8]
[2024-10-14T10:32:26.494800][INFO][seed158] Sampled 1000 data instances
[2024-10-14T10:32:26.495045][INFO][seed158] Starting exact inference 
[2024-10-14T10:32:26.497680][INFO][seed32] Dropping state 8
[2024-10-14T10:32:26.499004][INFO][seed111] Dropping state 7
[2024-10-14T10:32:26.499738][INFO][seed111] Dropping state 3
[2024-10-14T10:32:26.500583][INFO][seed32] U cardinality: 8
[2024-10-14T10:32:26.504069][INFO][seed111] U cardinality: 7
[2024-10-14T10:32:26.513572][INFO][seed32] 
[P([3]) [0.405, 0.595], P([2]) [0.194, 0.088, 0.0, 0.242, 0.005, 0.471, 0.0, 0.0], P([1, 3]) [1.0, 0.0, 0.0, 1.0], P([0, 1, 2]) [1.0, 0.0, 0.0, 1.0, 0.0, 0.0, 1.0, 0.0, 0.0, 0.0, 1.0, 0.0, 1.0, 0.0, 0.0, 0.0, 0.0, 1.0, 0.0, 1.0, 0.0, 1.0, 0.0, 0.0, 0.0, 1.0, 0.0, 0.0, 1.0, 0.0, 0.0, 1.0, 0.0, 0.0, 0.0, 1.0, 0.0, 0.0, 1.0, 1.0, 0.0, 0.0, 0.0, 0.0, 1.0, 0.0, 1.0, 0.0]]

[2024-10-14T10:32:26.515164][INFO][seed111] 
[P([3]) [0.163, 0.837], P([2]) [0.003, 0.0, 0.571, 0.003, 0.328, 0.095, 0.0], P([1, 3]) [1.0, 0.0, 0.0, 1.0], P([0, 1, 2]) [1.0, 0.0, 0.0, 1.0, 0.0, 0.0, 1.0, 0.0, 0.0, 0.0, 1.0, 0.0, 1.0, 0.0, 0.0, 0.0, 0.0, 1.0, 0.0, 1.0, 0.0, 0.0, 1.0, 0.0, 0.0, 1.0, 0.0, 0.0, 0.0, 1.0, 0.0, 0.0, 1.0, 1.0, 0.0, 0.0, 0.0, 0.0, 1.0, 0.0, 0.0, 1.0]]

[2024-10-14T10:32:26.514572][INFO][seed18] No feasible solution... resampling
[2024-10-14T10:32:26.524818][INFO][seed110] Sampled 1100 data instances
[2024-10-14T10:32:26.525095][INFO][seed110] Starting exact inference 
[2024-10-14T10:32:26.576651][INFO][seed18] Sampled 7800 data instances
[2024-10-14T10:32:26.576861][INFO][seed18] Starting exact inference 
[2024-10-14T10:32:26.592500][INFO][seed173] U cardinality: 9
[2024-10-14T10:32:26.599306][INFO][seed173] !0 = [1, 3, 4, 5, 6]
[2024-10-14T10:32:26.599851][INFO][seed173] 0 = [0, 2, 7, 8]
[2024-10-14T10:32:26.608387][INFO][seed173] Dropping state 7
[2024-10-14T10:32:26.609558][INFO][seed173] Dropping state 2
[2024-10-14T10:32:26.610953][INFO][seed173] Dropping state 0
[2024-10-14T10:32:26.605078][INFO][seed18] No feasible solution... resampling
[2024-10-14T10:32:26.613842][INFO][seed173] U cardinality: 6
[2024-10-14T10:32:26.630796][INFO][seed112] PS(V1,V0) in [0.0, 0.023755656108597287]
[2024-10-14T10:32:26.632262][INFO][seed173] 
[P([3]) [0.17, 0.83], P([2]) [0.49, 0.013, 0.001, 0.061, 0.435, 0.0], P([1, 3]) [1.0, 0.0, 0.0, 1.0], P([0, 1, 2]) [1.0, 0.0, 0.0, 0.0, 1.0, 0.0, 0.0, 1.0, 0.0, 1.0, 0.0, 0.0, 0.0, 1.0, 0.0, 0.0, 1.0, 0.0, 0.0, 1.0, 0.0, 0.0, 0.0, 1.0, 0.0, 0.0, 1.0, 1.0, 0.0, 0.0, 0.0, 0.0, 1.0, 0.0, 0.0, 1.0]]

Error in variable: 2
[2024-10-14T10:32:26.632597][INFO][seed110] No feasible solution... resampling
[2024-10-14T10:32:26.642898][INFO][seed112] PN(V1,V0) in [0.0, 1.0] 
[2024-10-14T10:32:26.662237][INFO][seed18] Sampled 7900 data instances
[2024-10-14T10:32:26.662331][INFO][seed18] Starting exact inference 
[2024-10-14T10:32:26.688236][INFO][seed112] Saved data to: /mnt/beegfs/rcabanas/dev/credici/papers/zeros/models/s3/simple_nparents1_nzr06_zdr05_ysize3_112.csv
[2024-10-14T10:32:26.695639][INFO][seed111] Sampled 1000 data instances
[2024-10-14T10:32:26.695883][INFO][seed111] Starting exact inference 
[2024-10-14T10:32:26.700771][INFO][seed112] Saved model to: /mnt/beegfs/rcabanas/dev/credici/papers/zeros/models/s3/simple_nparents1_nzr06_zdr05_ysize3_112.uai
[2024-10-14T10:32:26.694475][INFO][seed18] No feasible solution... resampling
[2024-10-14T10:32:26.705153][INFO][seed112] Saved queries to: /mnt/beegfs/rcabanas/dev/credici/papers/zeros/models/s3/simple_nparents1_nzr06_zdr05_ysize3_112_query.csv
[2024-10-14T10:32:26.705388][INFO][seed112] Closing log file
[2024-10-14T10:32:26.705478][INFO][seed112] Closed log file
[2024-10-14T10:32:26.706839][INFO][seed110] Sampled 1200 data instances
[2024-10-14T10:32:26.706940][INFO][seed32] Sampled 1000 data instances
[2024-10-14T10:32:26.707185][INFO][seed32] Starting exact inference 
[2024-10-14T10:32:26.717089][INFO][seed110] Starting exact inference 
[2024-10-14T10:32:26.747935][INFO][seed195] PS(V1,V0) in [0.0, 1.0]
[2024-10-14T10:32:26.749845][INFO][seed18] Sampled 8000 data instances
[2024-10-14T10:32:26.750475][INFO][seed18] Starting exact inference 
[2024-10-14T10:32:26.758396][INFO][seed195] PN(V1,V0) in [0.0, 0.2120385190627378] 
['genn.py', '1', '0.6', '0.5', '159', '3']
[2024-10-14T10:32:26.754][INFO][seed98] Set up logging
[2024-10-14T10:32:26.783156][INFO][seed98] args: -np;1;-nzr;0.6;-zdr;0.5;-o;/mnt/beegfs/rcabanas/dev/credici/papers/zeros/models/s3;-rw;-s;98;-ys;3
[2024-10-14T10:32:26.784606][INFO][seed98] Starting logger with seed 98
[2024-10-14T10:32:26.791618][INFO][seed98] simple_nparents1_nzr06_zdr05_ysize3_98
[2024-10-14T10:32:26.787570][INFO][seed18] No feasible solution... resampling
[2024-10-14T10:32:26.797265][INFO][seed195] Saved data to: /mnt/beegfs/rcabanas/dev/credici/papers/zeros/models/s3/simple_nparents1_nzr06_zdr05_ysize3_195.csv
Error in variable: 2
[2024-10-14T10:32:26.797454][INFO][seed110] No feasible solution... resampling
1 0.6 0.5 159
/mnt/beegfs/rcabanas/dev/credici/papers/zeros/code/GenerateNparents.java
[2024-10-14T10:32:26.817497][INFO][seed195] Saved model to: /mnt/beegfs/rcabanas/dev/credici/papers/zeros/models/s3/simple_nparents1_nzr06_zdr05_ysize3_195.uai
[2024-10-14T10:32:26.821854][INFO][seed195] Saved queries to: /mnt/beegfs/rcabanas/dev/credici/papers/zeros/models/s3/simple_nparents1_nzr06_zdr05_ysize3_195_query.csv
[2024-10-14T10:32:26.822099][INFO][seed195] Closing log file
[2024-10-14T10:32:26.822184][INFO][seed195] Closed log file
[2024-10-14T10:32:26.848055][INFO][seed173] Sampled 1000 data instances
[2024-10-14T10:32:26.848309][INFO][seed173] Starting exact inference 
[2024-10-14T10:32:26.850831][INFO][seed18] Sampled 8100 data instances
[2024-10-14T10:32:26.851062][INFO][seed18] Starting exact inference 
[2024-10-14T10:32:26.878833][INFO][seed18] No feasible solution... resampling
[2024-10-14T10:32:26.893670][INFO][seed110] Sampled 1300 data instances
[2024-10-14T10:32:26.893932][INFO][seed110] Starting exact inference 
[2024-10-14T10:32:26.883190][INFO][seed61] Set up logging
[2024-10-14T10:32:26.909744][INFO][seed61] args: -np;1;-nzr;0.6;-zdr;0.5;-o;/mnt/beegfs/rcabanas/dev/credici/papers/zeros/models/s3;-rw;-s;61;-ys;3
[2024-10-14T10:32:26.912727][INFO][seed61] Starting logger with seed 61
['genn.py', '1', '0.6', '0.5', '40', '3']
[2024-10-14T10:32:26.924919][INFO][seed61] simple_nparents1_nzr06_zdr05_ysize3_61
[2024-10-14T10:32:26.937476][INFO][seed18] Sampled 8200 data instances
[2024-10-14T10:32:26.937563][INFO][seed18] Starting exact inference 
1 0.6 0.5 40
/mnt/beegfs/rcabanas/dev/credici/papers/zeros/code/GenerateNparents.java
Error in variable: 2
[2024-10-14T10:32:26.957663][INFO][seed110] No feasible solution... resampling
[2024-10-14T10:32:26.977662][INFO][seed98] U cardinality: 9
[2024-10-14T10:32:26.973668][INFO][seed18] No feasible solution... resampling
[2024-10-14T10:32:26.982238][INFO][seed98] !0 = [3, 4, 5, 6, 7]
[2024-10-14T10:32:26.982680][INFO][seed98] 0 = [0, 1, 2, 8]
[2024-10-14T10:32:26.989376][INFO][seed98] Dropping state 8
[2024-10-14T10:32:26.990704][INFO][seed98] Dropping state 2
[2024-10-14T10:32:26.992406][INFO][seed98] Dropping state 1
[2024-10-14T10:32:26.995900][INFO][seed98] U cardinality: 6
[2024-10-14T10:32:27.007036][INFO][seed98] 
[P([3]) [0.601, 0.399], P([2]) [0.0, 0.081, 0.004, 0.001, 0.003, 0.911], P([1, 3]) [1.0, 0.0, 0.0, 1.0], P([0, 1, 2]) [1.0, 0.0, 0.0, 1.0, 0.0, 0.0, 0.0, 1.0, 0.0, 1.0, 0.0, 0.0, 0.0, 1.0, 0.0, 0.0, 1.0, 0.0, 0.0, 1.0, 0.0, 0.0, 0.0, 1.0, 0.0, 0.0, 1.0, 1.0, 0.0, 0.0, 0.0, 0.0, 1.0, 0.0, 1.0, 0.0]]

[2024-10-14T10:32:27.032477][INFO][seed18] Sampled 8300 data instances
[2024-10-14T10:32:27.032559][INFO][seed18] Starting exact inference 
[2024-10-14T10:32:27.062097][INFO][seed110] Sampled 1400 data instances
[2024-10-14T10:32:27.062404][INFO][seed110] Starting exact inference 
[2024-10-14T10:32:27.079427][INFO][seed120] Set up logging
[2024-10-14T10:32:27.082971][INFO][seed18] No feasible solution... resampling
[2024-10-14T10:32:27.090748][INFO][seed120] args: -np;1;-nzr;0.6;-zdr;0.5;-o;/mnt/beegfs/rcabanas/dev/credici/papers/zeros/models/s3;-rw;-s;120;-ys;3
[2024-10-14T10:32:27.098849][INFO][seed120] Starting logger with seed 120
[2024-10-14T10:32:27.101095][INFO][seed61] U cardinality: 9
[2024-10-14T10:32:27.105243][INFO][seed61] !0 = [0, 3, 4, 6, 8]
[2024-10-14T10:32:27.105521][INFO][seed61] 0 = [1, 2, 5, 7]
[2024-10-14T10:32:27.110969][INFO][seed61] Dropping state 7
[2024-10-14T10:32:27.111690][INFO][seed61] Dropping state 5
[2024-10-14T10:32:27.112313][INFO][seed61] Dropping state 2
[2024-10-14T10:32:27.113557][INFO][seed61] Dropping state 1
[2024-10-14T10:32:27.115808][INFO][seed61] U cardinality: 5
[2024-10-14T10:32:27.121117][INFO][seed61] 
[P([3]) [0.204, 0.796], P([2]) [0.083, 0.001, 0.001, 0.804, 0.111], P([1, 3]) [1.0, 0.0, 0.0, 1.0], P([0, 1, 2]) [1.0, 0.0, 0.0, 1.0, 0.0, 0.0, 0.0, 1.0, 0.0, 1.0, 0.0, 0.0, 0.0, 1.0, 0.0, 0.0, 1.0, 0.0, 0.0, 0.0, 1.0, 1.0, 0.0, 0.0, 0.0, 0.0, 1.0, 0.0, 0.0, 1.0]]

[2024-10-14T10:32:27.118483][INFO][seed120] simple_nparents1_nzr06_zdr05_ysize3_120
['genn.py', '1', '0.6', '0.5', '99', '3']
[2024-10-14T10:32:27.153255][INFO][seed18] Sampled 8400 data instances
[2024-10-14T10:32:27.153457][INFO][seed18] Starting exact inference 
1 0.6 0.5 99
/mnt/beegfs/rcabanas/dev/credici/papers/zeros/code/GenerateNparents.java
[2024-10-14T10:32:27.188872][INFO][seed98] Sampled 1000 data instances
[2024-10-14T10:32:27.189099][INFO][seed98] Starting exact inference 
[2024-10-14T10:32:27.196444][INFO][seed18] No feasible solution... resampling
['genn.py', '1', '0.6', '0.5', '175', '3']
[2024-10-14T10:32:27.255766][INFO][seed18] Sampled 8500 data instances
[2024-10-14T10:32:27.255860][INFO][seed18] Starting exact inference 
1 0.6 0.5 175
/mnt/beegfs/rcabanas/dev/credici/papers/zeros/code/GenerateNparents.java
[2024-10-14T10:32:27.276227][INFO][seed110] PS(V1,V0) in [0.0, 0.0]
[2024-10-14T10:32:27.286268][INFO][seed110] PN(V1,V0) in [0.0, 0.0] 
[2024-10-14T10:32:27.286807][INFO][seed18] No feasible solution... resampling
[2024-10-14T10:32:27.299618][INFO][seed61] Sampled 1000 data instances
[2024-10-14T10:32:27.299895][INFO][seed61] Starting exact inference 
[2024-10-14T10:32:27.318298][INFO][seed110] Saved data to: /mnt/beegfs/rcabanas/dev/credici/papers/zeros/models/s3/simple_nparents1_nzr06_zdr05_ysize3_110.csv
[2024-10-14T10:32:27.343576][INFO][seed110] Saved model to: /mnt/beegfs/rcabanas/dev/credici/papers/zeros/models/s3/simple_nparents1_nzr06_zdr05_ysize3_110.uai
[2024-10-14T10:32:27.346372][INFO][seed18] Sampled 8600 data instances
[2024-10-14T10:32:27.346451][INFO][seed18] Starting exact inference 
[2024-10-14T10:32:27.348085][INFO][seed110] Saved queries to: /mnt/beegfs/rcabanas/dev/credici/papers/zeros/models/s3/simple_nparents1_nzr06_zdr05_ysize3_110_query.csv
[2024-10-14T10:32:27.348364][INFO][seed110] Closing log file
[2024-10-14T10:32:27.348448][INFO][seed110] Closed log file
[2024-10-14T10:32:27.350044][INFO][seed158] PS(V1,V0) in [0.6751542238448949, 0.6751542238448949]
[2024-10-14T10:32:27.353883][INFO][seed158] PN(V1,V0) in [1.0, 1.0] 
[2024-10-14T10:32:27.386281][INFO][seed158] Saved data to: /mnt/beegfs/rcabanas/dev/credici/papers/zeros/models/s3/simple_nparents1_nzr06_zdr05_ysize3_158.csv
[2024-10-14T10:32:27.396102][INFO][seed120] U cardinality: 9
[2024-10-14T10:32:27.403324][INFO][seed120] !0 = [2, 5, 6, 7, 8]
[2024-10-14T10:32:27.403752][INFO][seed120] 0 = [0, 1, 3, 4]
[2024-10-14T10:32:27.406562][INFO][seed120] U cardinality: 9
[2024-10-14T10:32:27.407683][INFO][seed158] Saved model to: /mnt/beegfs/rcabanas/dev/credici/papers/zeros/models/s3/simple_nparents1_nzr06_zdr05_ysize3_158.uai
[2024-10-14T10:32:27.411783][INFO][seed158] Saved queries to: /mnt/beegfs/rcabanas/dev/credici/papers/zeros/models/s3/simple_nparents1_nzr06_zdr05_ysize3_158_query.csv
[2024-10-14T10:32:27.406839][INFO][seed18] No feasible solution... resampling
[2024-10-14T10:32:27.413767][INFO][seed120] 
[P([3]) [0.607, 0.393], P([2]) [0.0, 0.0, 0.158, 0.0, 0.0, 0.009, 0.002, 0.148, 0.683], P([1, 3]) [1.0, 0.0, 0.0, 1.0], P([0, 1, 2]) [1.0, 0.0, 0.0, 1.0, 0.0, 0.0, 1.0, 0.0, 0.0, 0.0, 1.0, 0.0, 1.0, 0.0, 0.0, 0.0, 0.0, 1.0, 0.0, 1.0, 0.0, 1.0, 0.0, 0.0, 0.0, 1.0, 0.0, 0.0, 1.0, 0.0, 0.0, 1.0, 0.0, 0.0, 0.0, 1.0, 0.0, 0.0, 1.0, 1.0, 0.0, 0.0, 0.0, 0.0, 1.0, 0.0, 1.0, 0.0, 0.0, 0.0, 1.0, 0.0, 0.0, 1.0]]

[2024-10-14T10:32:27.411895][INFO][seed158] Closing log file
[2024-10-14T10:32:27.411980][INFO][seed158] Closed log file
[2024-10-14T10:32:27.483196][INFO][seed18] Sampled 8700 data instances
[2024-10-14T10:32:27.483372][INFO][seed18] Starting exact inference 
[2024-10-14T10:32:27.511643][INFO][seed18] No feasible solution... resampling
[2024-10-14T10:32:27.573115][INFO][seed18] Sampled 8800 data instances
[2024-10-14T10:32:27.573200][INFO][seed18] Starting exact inference 
[2024-10-14T10:32:27.565743][INFO][seed124] Set up logging
[2024-10-14T10:32:27.581438][INFO][seed124] args: -np;1;-nzr;0.6;-zdr;0.5;-o;/mnt/beegfs/rcabanas/dev/credici/papers/zeros/models/s3;-rw;-s;124;-ys;3
[2024-10-14T10:32:27.592726][INFO][seed111] PS(V1,V0) in [0.0, 0.004217576251244457]
[2024-10-14T10:32:27.595208][INFO][seed124] Starting logger with seed 124
[2024-10-14T10:32:27.605494][INFO][seed124] simple_nparents1_nzr06_zdr05_ysize3_124
[2024-10-14T10:32:27.603984][INFO][seed18] No feasible solution... resampling
[2024-10-14T10:32:27.610434][INFO][seed111] PN(V1,V0) in [0.0, 1.0] 
[2024-10-14T10:32:27.592431][INFO][seed167] Set up logging
[2024-10-14T10:32:27.615101][INFO][seed167] args: -np;1;-nzr;0.6;-zdr;0.5;-o;/mnt/beegfs/rcabanas/dev/credici/papers/zeros/models/s3;-rw;-s;167;-ys;3
[2024-10-14T10:32:27.618312][INFO][seed167] Starting logger with seed 167
[2024-10-14T10:32:27.636982][INFO][seed111] Saved data to: /mnt/beegfs/rcabanas/dev/credici/papers/zeros/models/s3/simple_nparents1_nzr06_zdr05_ysize3_111.csv
[2024-10-14T10:32:27.643844][INFO][seed120] Sampled 1000 data instances
[2024-10-14T10:32:27.644099][INFO][seed120] Starting exact inference 
[2024-10-14T10:32:27.646620][INFO][seed167] simple_nparents1_nzr06_zdr05_ysize3_167
[2024-10-14T10:32:27.659497][INFO][seed111] Saved model to: /mnt/beegfs/rcabanas/dev/credici/papers/zeros/models/s3/simple_nparents1_nzr06_zdr05_ysize3_111.uai
[2024-10-14T10:32:27.663468][INFO][seed111] Saved queries to: /mnt/beegfs/rcabanas/dev/credici/papers/zeros/models/s3/simple_nparents1_nzr06_zdr05_ysize3_111_query.csv
[2024-10-14T10:32:27.663566][INFO][seed111] Closing log file
[2024-10-14T10:32:27.663657][INFO][seed111] Closed log file
[2024-10-14T10:32:27.670153][INFO][seed18] Sampled 8900 data instances
[2024-10-14T10:32:27.670367][INFO][seed18] Starting exact inference 
Removed 000
Removed 000
Removed 000
Removed 000
Error in variable: 2
[2024-10-14T10:32:27.678230][INFO][seed32] No feasible solution... resampling
[2024-10-14T10:32:27.676747][INFO][seed75] Set up logging
[2024-10-14T10:32:27.700212][INFO][seed75] args: -np;1;-nzr;0.6;-zdr;0.5;-o;/mnt/beegfs/rcabanas/dev/credici/papers/zeros/models/s3;-rw;-s;75;-ys;3
Error in variable: 2
[2024-10-14T10:32:27.700897][INFO][seed173] No feasible solution... resampling
[2024-10-14T10:32:27.698952][INFO][seed18] No feasible solution... resampling
[2024-10-14T10:32:27.684163][INFO][seed56] Set up logging
[2024-10-14T10:32:27.713881][INFO][seed56] args: -np;1;-nzr;0.6;-zdr;0.5;-o;/mnt/beegfs/rcabanas/dev/credici/papers/zeros/models/s3;-rw;-s;56;-ys;3
[2024-10-14T10:32:27.715474][INFO][seed56] Starting logger with seed 56
[2024-10-14T10:32:27.711206][INFO][seed75] Starting logger with seed 75
[2024-10-14T10:32:27.717692][INFO][seed75] simple_nparents1_nzr06_zdr05_ysize3_75
[2024-10-14T10:32:27.721292][INFO][seed56] simple_nparents1_nzr06_zdr05_ysize3_56
[2024-10-14T10:32:27.719608][INFO][seed116] Set up logging
[2024-10-14T10:32:27.748362][INFO][seed116] args: -np;1;-nzr;0.6;-zdr;0.5;-o;/mnt/beegfs/rcabanas/dev/credici/papers/zeros/models/s3;-rw;-s;116;-ys;3
[2024-10-14T10:32:27.750504][INFO][seed116] Starting logger with seed 116
[2024-10-14T10:32:27.762005][INFO][seed116] simple_nparents1_nzr06_zdr05_ysize3_116
[2024-10-14T10:32:27.761401][INFO][seed18] Sampled 9000 data instances
[2024-10-14T10:32:27.762354][INFO][seed18] Starting exact inference 
['genn.py', '1', '0.6', '0.5', '14', '3']
[2024-10-14T10:32:27.772873][INFO][seed32] Sampled 1100 data instances
[2024-10-14T10:32:27.777072][INFO][seed32] Starting exact inference 
[2024-10-14T10:32:27.790973][INFO][seed18] No feasible solution... resampling
[2024-10-14T10:32:27.796438][INFO][seed173] Sampled 1100 data instances
[2024-10-14T10:32:27.796721][INFO][seed173] Starting exact inference 
['genn.py', '1', '0.6', '0.5', '94', '3']
1 0.6 0.5 14
/mnt/beegfs/rcabanas/dev/credici/papers/zeros/code/GenerateNparents.java
[2024-10-14T10:32:27.814632][INFO][seed2] Set up logging
[2024-10-14T10:32:27.834265][INFO][seed2] args: -np;1;-nzr;0.6;-zdr;0.5;-o;/mnt/beegfs/rcabanas/dev/credici/papers/zeros/models/s3;-rw;-s;2;-ys;3
[2024-10-14T10:32:27.835164][INFO][seed124] U cardinality: 9
[2024-10-14T10:32:27.837320][INFO][seed2] Starting logger with seed 2
1 0.6 0.5 94
/mnt/beegfs/rcabanas/dev/credici/papers/zeros/code/GenerateNparents.java
[2024-10-14T10:32:27.841758][INFO][seed124] !0 = [0, 1, 3, 5, 7]
[2024-10-14T10:32:27.842312][INFO][seed124] 0 = [2, 4, 6, 8]
[2024-10-14T10:32:27.848454][INFO][seed124] Dropping state 8
[2024-10-14T10:32:27.850151][INFO][seed124] Dropping state 6
[2024-10-14T10:32:27.852693][INFO][seed124] U cardinality: 7
[2024-10-14T10:32:27.856960][INFO][seed18] Sampled 9100 data instances
[2024-10-14T10:32:27.857103][INFO][seed18] Starting exact inference 
[2024-10-14T10:32:27.863601][INFO][seed2] simple_nparents1_nzr06_zdr05_ysize3_2
[2024-10-14T10:32:27.870063][INFO][seed167] U cardinality: 9
[2024-10-14T10:32:27.872478][INFO][seed124] 
[P([3]) [0.988, 0.012], P([2]) [0.02, 0.048, 0.0, 0.392, 0.0, 0.015, 0.525], P([1, 3]) [1.0, 0.0, 0.0, 1.0], P([0, 1, 2]) [1.0, 0.0, 0.0, 1.0, 0.0, 0.0, 1.0, 0.0, 0.0, 0.0, 1.0, 0.0, 1.0, 0.0, 0.0, 0.0, 0.0, 1.0, 0.0, 1.0, 0.0, 1.0, 0.0, 0.0, 0.0, 1.0, 0.0, 0.0, 1.0, 0.0, 0.0, 1.0, 0.0, 0.0, 0.0, 1.0, 0.0, 0.0, 1.0, 0.0, 1.0, 0.0]]

[2024-10-14T10:32:27.875048][INFO][seed167] !0 = [0, 1, 3, 4, 8]
[2024-10-14T10:32:27.875483][INFO][seed167] 0 = [2, 5, 6, 7]
[2024-10-14T10:32:27.880594][INFO][seed167] Dropping state 7
[2024-10-14T10:32:27.883457][INFO][seed167] U cardinality: 8
[2024-10-14T10:32:27.888806][INFO][seed18] No feasible solution... resampling
[2024-10-14T10:32:27.896717][INFO][seed167] 
[P([3]) [0.993, 0.007], P([2]) [0.002, 0.223, 0.0, 0.083, 0.001, 0.0, 0.0, 0.691], P([1, 3]) [1.0, 0.0, 0.0, 1.0], P([0, 1, 2]) [1.0, 0.0, 0.0, 1.0, 0.0, 0.0, 1.0, 0.0, 0.0, 0.0, 1.0, 0.0, 1.0, 0.0, 0.0, 0.0, 0.0, 1.0, 0.0, 1.0, 0.0, 1.0, 0.0, 0.0, 0.0, 1.0, 0.0, 0.0, 1.0, 0.0, 0.0, 1.0, 0.0, 0.0, 0.0, 1.0, 0.0, 0.0, 1.0, 1.0, 0.0, 0.0, 0.0, 0.0, 1.0, 0.0, 0.0, 1.0]]

[2024-10-14T10:32:27.948511][INFO][seed56] U cardinality: 9
[2024-10-14T10:32:27.953472][INFO][seed56] !0 = [0, 2, 3, 5, 7]
[2024-10-14T10:32:27.954030][INFO][seed56] 0 = [1, 4, 6, 8]
[2024-10-14T10:32:27.956785][INFO][seed18] Sampled 9200 data instances
[2024-10-14T10:32:27.956984][INFO][seed18] Starting exact inference 
[2024-10-14T10:32:27.964350][INFO][seed56] Dropping state 4
[2024-10-14T10:32:27.967287][INFO][seed56] U cardinality: 8
[2024-10-14T10:32:27.981575][INFO][seed75] U cardinality: 9
[2024-10-14T10:32:27.982668][INFO][seed56] 
[P([3]) [0.819, 0.181], P([2]) [0.002, 0.0, 0.001, 0.416, 0.013, 0.0, 0.568, 0.0], P([1, 3]) [1.0, 0.0, 0.0, 1.0], P([0, 1, 2]) [1.0, 0.0, 0.0, 1.0, 0.0, 0.0, 1.0, 0.0, 0.0, 0.0, 1.0, 0.0, 1.0, 0.0, 0.0, 0.0, 0.0, 1.0, 0.0, 1.0, 0.0, 1.0, 0.0, 0.0, 0.0, 1.0, 0.0, 0.0, 0.0, 1.0, 0.0, 0.0, 1.0, 1.0, 0.0, 0.0, 0.0, 0.0, 1.0, 0.0, 1.0, 0.0, 0.0, 0.0, 1.0, 0.0, 0.0, 1.0]]

[2024-10-14T10:32:27.985062][INFO][seed18] No feasible solution... resampling
[2024-10-14T10:32:27.995884][INFO][seed116] U cardinality: 9
[2024-10-14T10:32:27.995626][INFO][seed75] !0 = [0, 3, 4, 5, 6]
[2024-10-14T10:32:27.995905][INFO][seed75] 0 = [1, 2, 7, 8]
[2024-10-14T10:32:28.001419][INFO][seed75] Dropping state 8
[2024-10-14T10:32:28.002617][INFO][seed75] Dropping state 7
[2024-10-14T10:32:28.003203][INFO][seed116] !0 = [0, 1, 2, 6, 8]
[2024-10-14T10:32:28.003663][INFO][seed116] 0 = [3, 4, 5, 7]
[2024-10-14T10:32:28.005423][INFO][seed75] U cardinality: 7
[2024-10-14T10:32:28.011276][INFO][seed116] Dropping state 5
[2024-10-14T10:32:28.012470][INFO][seed116] Dropping state 4
[2024-10-14T10:32:28.015148][INFO][seed116] U cardinality: 7
[2024-10-14T10:32:28.017266][INFO][seed32] PS(V1,V0) in [0.0, 0.32801341156747693]
[2024-10-14T10:32:28.019141][INFO][seed75] 
[P([3]) [0.864, 0.136], P([2]) [0.701, 0.0, 0.0, 0.003, 0.023, 0.001, 0.272], P([1, 3]) [1.0, 0.0, 0.0, 1.0], P([0, 1, 2]) [1.0, 0.0, 0.0, 1.0, 0.0, 0.0, 1.0, 0.0, 0.0, 0.0, 1.0, 0.0, 1.0, 0.0, 0.0, 0.0, 0.0, 1.0, 0.0, 1.0, 0.0, 1.0, 0.0, 0.0, 0.0, 1.0, 0.0, 0.0, 1.0, 0.0, 0.0, 1.0, 0.0, 0.0, 0.0, 1.0, 0.0, 0.0, 1.0, 1.0, 0.0, 0.0]]

[2024-10-14T10:32:28.013663][INFO][seed98] No feasible solution... resampling
[2024-10-14T10:32:28.023243][INFO][seed32] PN(V1,V0) in [0.0, 1.0] 
[2024-10-14T10:32:28.029351][INFO][seed116] 
[P([3]) [0.574, 0.426], P([2]) [0.613, 0.002, 0.01, 0.0, 0.154, 0.0, 0.221], P([1, 3]) [1.0, 0.0, 0.0, 1.0], P([0, 1, 2]) [1.0, 0.0, 0.0, 1.0, 0.0, 0.0, 1.0, 0.0, 0.0, 0.0, 1.0, 0.0, 1.0, 0.0, 0.0, 0.0, 0.0, 1.0, 0.0, 1.0, 0.0, 1.0, 0.0, 0.0, 0.0, 0.0, 1.0, 1.0, 0.0, 0.0, 0.0, 0.0, 1.0, 0.0, 1.0, 0.0, 0.0, 0.0, 1.0, 0.0, 0.0, 1.0]]

[2024-10-14T10:32:28.032224][INFO][seed173] PS(V1,V0) in [1.0, 1.0]
[2024-10-14T10:32:28.038524][INFO][seed173] PN(V1,V0) in [0.9193924261339992, 0.9193924261339992] 
['genn.py', '1', '0.6', '0.5', '55', '3']
[2024-10-14T10:32:28.049595][INFO][seed18] Sampled 9300 data instances
[2024-10-14T10:32:28.049677][INFO][seed18] Starting exact inference 
[2024-10-14T10:32:28.058383][INFO][seed2] U cardinality: 9
[2024-10-14T10:32:28.065048][INFO][seed32] Saved data to: /mnt/beegfs/rcabanas/dev/credici/papers/zeros/models/s3/simple_nparents1_nzr06_zdr05_ysize3_32.csv
[2024-10-14T10:32:28.065781][INFO][seed2] !0 = [0, 1, 3, 4, 7]
[2024-10-14T10:32:28.066265][INFO][seed2] 0 = [2, 5, 6, 8]
[2024-10-14T10:32:28.073751][INFO][seed2] Dropping state 8
[2024-10-14T10:32:28.075070][INFO][seed2] Dropping state 6
[2024-10-14T10:32:28.075790][INFO][seed2] Dropping state 5
[2024-10-14T10:32:28.080678][INFO][seed32] Saved model to: /mnt/beegfs/rcabanas/dev/credici/papers/zeros/models/s3/simple_nparents1_nzr06_zdr05_ysize3_32.uai
[2024-10-14T10:32:28.080752][INFO][seed2] U cardinality: 6
[2024-10-14T10:32:28.076503][INFO][seed18] No feasible solution... resampling
1 0.6 0.5 55
/mnt/beegfs/rcabanas/dev/credici/papers/zeros/code/GenerateNparents.java
[2024-10-14T10:32:28.085119][INFO][seed2] 
[P([3]) [0.698, 0.302], P([2]) [0.001, 0.069, 0.0, 0.341, 0.004, 0.585], P([1, 3]) [1.0, 0.0, 0.0, 1.0], P([0, 1, 2]) [1.0, 0.0, 0.0, 1.0, 0.0, 0.0, 1.0, 0.0, 0.0, 0.0, 1.0, 0.0, 1.0, 0.0, 0.0, 0.0, 0.0, 1.0, 0.0, 1.0, 0.0, 1.0, 0.0, 0.0, 0.0, 1.0, 0.0, 0.0, 1.0, 0.0, 0.0, 0.0, 1.0, 0.0, 1.0, 0.0]]

[2024-10-14T10:32:28.089482][INFO][seed173] Saved data to: /mnt/beegfs/rcabanas/dev/credici/papers/zeros/models/s3/simple_nparents1_nzr06_zdr05_ysize3_173.csv
[2024-10-14T10:32:28.094185][INFO][seed32] Saved queries to: /mnt/beegfs/rcabanas/dev/credici/papers/zeros/models/s3/simple_nparents1_nzr06_zdr05_ysize3_32_query.csv
[2024-10-14T10:32:28.094263][INFO][seed32] Closing log file
[2024-10-14T10:32:28.094288][INFO][seed32] Closed log file
[2024-10-14T10:32:28.095373][INFO][seed124] Sampled 1000 data instances
[2024-10-14T10:32:28.095476][INFO][seed124] Starting exact inference 
[2024-10-14T10:32:28.101115][INFO][seed173] Saved model to: /mnt/beegfs/rcabanas/dev/credici/papers/zeros/models/s3/simple_nparents1_nzr06_zdr05_ysize3_173.uai
[2024-10-14T10:32:28.106065][INFO][seed167] Sampled 1000 data instances
[2024-10-14T10:32:28.106339][INFO][seed167] Starting exact inference 
[2024-10-14T10:32:28.106169][INFO][seed173] Saved queries to: /mnt/beegfs/rcabanas/dev/credici/papers/zeros/models/s3/simple_nparents1_nzr06_zdr05_ysize3_173_query.csv
[2024-10-14T10:32:28.106444][INFO][seed173] Closing log file
[2024-10-14T10:32:28.106527][INFO][seed173] Closed log file
[2024-10-14T10:32:28.115733][INFO][seed98] Sampled 1100 data instances
[2024-10-14T10:32:28.115997][INFO][seed98] Starting exact inference 
[2024-10-14T10:32:28.121570][INFO][seed61] PS(V1,V0) in [0.0, 0.0]
[2024-10-14T10:32:28.126486][INFO][seed61] PN(V1,V0) in [0.0, 0.0] 
[2024-10-14T10:32:28.142386][INFO][seed18] Sampled 9400 data instances
[2024-10-14T10:32:28.142467][INFO][seed18] Starting exact inference 
[2024-10-14T10:32:28.124066][INFO][seed83] Set up logging
[2024-10-14T10:32:28.143781][INFO][seed83] args: -np;1;-nzr;0.6;-zdr;0.5;-o;/mnt/beegfs/rcabanas/dev/credici/papers/zeros/models/s3;-rw;-s;83;-ys;3
[2024-10-14T10:32:28.145800][INFO][seed83] Starting logger with seed 83
[2024-10-14T10:32:28.166505][INFO][seed83] simple_nparents1_nzr06_zdr05_ysize3_83
[2024-10-14T10:32:28.168086][INFO][seed61] Saved data to: /mnt/beegfs/rcabanas/dev/credici/papers/zeros/models/s3/simple_nparents1_nzr06_zdr05_ysize3_61.csv
[2024-10-14T10:32:28.172497][INFO][seed18] No feasible solution... resampling
[2024-10-14T10:32:28.178143][INFO][seed61] Saved model to: /mnt/beegfs/rcabanas/dev/credici/papers/zeros/models/s3/simple_nparents1_nzr06_zdr05_ysize3_61.uai
[2024-10-14T10:32:28.181890][INFO][seed61] Saved queries to: /mnt/beegfs/rcabanas/dev/credici/papers/zeros/models/s3/simple_nparents1_nzr06_zdr05_ysize3_61_query.csv
[2024-10-14T10:32:28.181992][INFO][seed61] Closing log file
[2024-10-14T10:32:28.182073][INFO][seed61] Closed log file
[2024-10-14T10:32:28.158201][INFO][seed181] Set up logging
[2024-10-14T10:32:28.183115][INFO][seed181] args: -np;1;-nzr;0.6;-zdr;0.5;-o;/mnt/beegfs/rcabanas/dev/credici/papers/zeros/models/s3;-rw;-s;181;-ys;3
[2024-10-14T10:32:28.184800][INFO][seed181] Starting logger with seed 181
[2024-10-14T10:32:28.191312][INFO][seed56] Sampled 1000 data instances
[2024-10-14T10:32:28.191544][INFO][seed56] Starting exact inference 
[2024-10-14T10:32:28.195246][INFO][seed181] simple_nparents1_nzr06_zdr05_ysize3_181
[2024-10-14T10:32:28.217637][INFO][seed116] Sampled 1000 data instances
[2024-10-14T10:32:28.217938][INFO][seed116] Starting exact inference 
[2024-10-14T10:32:28.231982][INFO][seed75] Sampled 1000 data instances
[2024-10-14T10:32:28.232301][INFO][seed75] Starting exact inference 
[2024-10-14T10:32:28.238719][INFO][seed18] Sampled 9500 data instances
[2024-10-14T10:32:28.238802][INFO][seed18] Starting exact inference 
[2024-10-14T10:32:28.241694][INFO][seed98] No feasible solution... resampling
[2024-10-14T10:32:28.279682][INFO][seed18] No feasible solution... resampling
[2024-10-14T10:32:28.287390][INFO][seed2] Sampled 1000 data instances
[2024-10-14T10:32:28.287907][INFO][seed2] Starting exact inference 
[2024-10-14T10:32:28.336381][INFO][seed98] Sampled 1200 data instances
[2024-10-14T10:32:28.336634][INFO][seed98] Starting exact inference 
[2024-10-14T10:32:28.347983][INFO][seed18] Sampled 9600 data instances
[2024-10-14T10:32:28.348074][INFO][seed18] Starting exact inference 
[2024-10-14T10:32:28.381832][INFO][seed18] No feasible solution... resampling
[2024-10-14T10:32:28.419821][INFO][seed83] U cardinality: 9
[2024-10-14T10:32:28.428079][INFO][seed83] !0 = [3, 4, 5, 7, 8]
[2024-10-14T10:32:28.428709][INFO][seed83] 0 = [0, 1, 2, 6]
[2024-10-14T10:32:28.434576][INFO][seed83] Dropping state 1
[2024-10-14T10:32:28.439482][INFO][seed83] U cardinality: 8
[2024-10-14T10:32:28.445437][INFO][seed98] No feasible solution... resampling
[2024-10-14T10:32:28.452882][INFO][seed18] Sampled 9700 data instances
[2024-10-14T10:32:28.453082][INFO][seed18] Starting exact inference 
[2024-10-14T10:32:28.453359][INFO][seed83] 
[P([3]) [0.444, 0.556], P([2]) [0.0, 0.0, 0.028, 0.002, 0.001, 0.0, 0.618, 0.351], P([1, 3]) [1.0, 0.0, 0.0, 1.0], P([0, 1, 2]) [1.0, 0.0, 0.0, 1.0, 0.0, 0.0, 1.0, 0.0, 0.0, 0.0, 0.0, 1.0, 0.0, 1.0, 0.0, 1.0, 0.0, 0.0, 0.0, 1.0, 0.0, 0.0, 1.0, 0.0, 0.0, 1.0, 0.0, 0.0, 0.0, 1.0, 0.0, 0.0, 1.0, 1.0, 0.0, 0.0, 0.0, 0.0, 1.0, 0.0, 1.0, 0.0, 0.0, 0.0, 1.0, 0.0, 0.0, 1.0]]

[2024-10-14T10:32:28.475284][INFO][seed181] U cardinality: 9
[2024-10-14T10:32:28.480292][INFO][seed181] !0 = [2, 3, 6, 7, 8]
[2024-10-14T10:32:28.480704][INFO][seed181] 0 = [0, 1, 4, 5]
[2024-10-14T10:32:28.486782][INFO][seed181] Dropping state 5
[2024-10-14T10:32:28.488397][INFO][seed181] Dropping state 0
[2024-10-14T10:32:28.481192][INFO][seed18] No feasible solution... resampling
[2024-10-14T10:32:28.491044][INFO][seed181] U cardinality: 7
[2024-10-14T10:32:28.508589][INFO][seed181] 
[P([3]) [0.637, 0.363], P([2]) [0.0, 0.175, 0.001, 0.0, 0.223, 0.227, 0.374], P([1, 3]) [1.0, 0.0, 0.0, 1.0], P([0, 1, 2]) [1.0, 0.0, 0.0, 0.0, 1.0, 0.0, 1.0, 0.0, 0.0, 0.0, 0.0, 1.0, 0.0, 1.0, 0.0, 1.0, 0.0, 0.0, 0.0, 1.0, 0.0, 0.0, 1.0, 0.0, 0.0, 0.0, 1.0, 1.0, 0.0, 0.0, 0.0, 0.0, 1.0, 0.0, 1.0, 0.0, 0.0, 0.0, 1.0, 0.0, 0.0, 1.0]]

[2024-10-14T10:32:28.518218][INFO][seed98] Sampled 1300 data instances
[2024-10-14T10:32:28.518464][INFO][seed98] Starting exact inference 
['genn.py', '1', '0.6', '0.5', '174', '3']
[2024-10-14T10:32:28.548699][INFO][seed18] Sampled 9800 data instances
[2024-10-14T10:32:28.548778][INFO][seed18] Starting exact inference 
['genn.py', '1', '0.6', '0.5', '150', '3']
['genn.py', '1', '0.6', '0.5', '153', '3']
1 0.6 0.5 174
/mnt/beegfs/rcabanas/dev/credici/papers/zeros/code/GenerateNparents.java
[2024-10-14T10:32:28.577087][INFO][seed18] No feasible solution... resampling
1 0.6 0.5 150
/mnt/beegfs/rcabanas/dev/credici/papers/zeros/code/GenerateNparents.java
1 0.6 0.5 153
/mnt/beegfs/rcabanas/dev/credici/papers/zeros/code/GenerateNparents.java
[2024-10-14T10:32:28.624317][INFO][seed98] No feasible solution... resampling
[2024-10-14T10:32:28.647980][INFO][seed18] Sampled 9900 data instances
[2024-10-14T10:32:28.648168][INFO][seed18] Starting exact inference 
[2024-10-14T10:32:28.658599][INFO][seed83] Sampled 1000 data instances
[2024-10-14T10:32:28.658860][INFO][seed83] Starting exact inference 
[2024-10-14T10:32:28.668886][INFO][seed98] Sampled 1400 data instances
[2024-10-14T10:32:28.681489][INFO][seed98] Starting exact inference 
[2024-10-14T10:32:28.686870][INFO][seed18] No feasible solution... resampling
[2024-10-14T10:32:28.698209][INFO][seed120] PS(V1,V0) in [0.0, 1.0]
[2024-10-14T10:32:28.707035][INFO][seed120] PN(V1,V0) in [0.0, 0.9632197569994718] 
[2024-10-14T10:32:28.718401][INFO][seed181] Sampled 1000 data instances
[2024-10-14T10:32:28.718501][INFO][seed181] Starting exact inference 
[2024-10-14T10:32:28.737214][INFO][seed120] Saved data to: /mnt/beegfs/rcabanas/dev/credici/papers/zeros/models/s3/simple_nparents1_nzr06_zdr05_ysize3_120.csv
[2024-10-14T10:32:28.758609][INFO][seed18] Sampled 10000 data instances
[2024-10-14T10:32:28.758699][INFO][seed18] Starting exact inference 
[2024-10-14T10:32:28.761189][INFO][seed120] Saved model to: /mnt/beegfs/rcabanas/dev/credici/papers/zeros/models/s3/simple_nparents1_nzr06_zdr05_ysize3_120.uai
[2024-10-14T10:32:28.765372][INFO][seed120] Saved queries to: /mnt/beegfs/rcabanas/dev/credici/papers/zeros/models/s3/simple_nparents1_nzr06_zdr05_ysize3_120_query.csv
[2024-10-14T10:32:28.765600][INFO][seed120] Closing log file
[2024-10-14T10:32:28.765681][INFO][seed120] Closed log file
[2024-10-14T10:32:28.777325][INFO][seed98] No feasible solution... resampling
[2024-10-14T10:32:28.783563][INFO][seed18] No feasible solution... resampling
[2024-10-14T10:32:28.783639][SEVERE][seed18] java.lang.IllegalStateException: Unable to generate compatible data
[2024-10-14T10:32:28.783655][INFO][seed18] Closing log file
[2024-10-14T10:32:28.783665][INFO][seed18] Closed log file
[2024-10-14T10:32:28.822160][INFO][seed98] Sampled 1500 data instances
[2024-10-14T10:32:28.823706][INFO][seed98] Starting exact inference 
[2024-10-14T10:32:28.916411][INFO][seed98] No feasible solution... resampling
Error in variable: 2
[2024-10-14T10:32:28.951960][INFO][seed56] No feasible solution... resampling
[2024-10-14T10:32:28.975176][INFO][seed98] Sampled 1600 data instances
[2024-10-14T10:32:28.975408][INFO][seed98] Starting exact inference 
[2024-10-14T10:32:29.041153][INFO][seed56] Sampled 1100 data instances
[2024-10-14T10:32:29.041412][INFO][seed56] Starting exact inference 
[2024-10-14T10:32:29.042295][INFO][seed124] PS(V1,V0) in [0.0, 1.0]
[2024-10-14T10:32:29.046761][INFO][seed124] PN(V1,V0) in [0.0, 0.09587142477145136] 
[2024-10-14T10:32:29.069353][INFO][seed167] PS(V1,V0) in [0.23116263211728602, 0.6088475963177634]
[2024-10-14T10:32:29.077019][INFO][seed98] No feasible solution... resampling
[2024-10-14T10:32:29.083693][INFO][seed124] Saved data to: /mnt/beegfs/rcabanas/dev/credici/papers/zeros/models/s3/simple_nparents1_nzr06_zdr05_ysize3_124.csv
[2024-10-14T10:32:29.092829][INFO][seed167] PN(V1,V0) in [0.379672406551869, 1.0] 
['genn.py', '1', '0.6', '0.5', '24', '3']
[2024-10-14T10:32:29.103681][INFO][seed124] Saved model to: /mnt/beegfs/rcabanas/dev/credici/papers/zeros/models/s3/simple_nparents1_nzr06_zdr05_ysize3_124.uai
[2024-10-14T10:32:29.108834][INFO][seed124] Saved queries to: /mnt/beegfs/rcabanas/dev/credici/papers/zeros/models/s3/simple_nparents1_nzr06_zdr05_ysize3_124_query.csv
[2024-10-14T10:32:29.109125][INFO][seed124] Closing log file
[2024-10-14T10:32:29.109212][INFO][seed124] Closed log file
[2024-10-14T10:32:29.117236][INFO][seed167] Saved data to: /mnt/beegfs/rcabanas/dev/credici/papers/zeros/models/s3/simple_nparents1_nzr06_zdr05_ysize3_167.csv
[2024-10-14T10:32:29.118049][INFO][seed98] Sampled 1700 data instances
[2024-10-14T10:32:29.136491][INFO][seed98] Starting exact inference 
[2024-10-14T10:32:29.136601][INFO][seed167] Saved model to: /mnt/beegfs/rcabanas/dev/credici/papers/zeros/models/s3/simple_nparents1_nzr06_zdr05_ysize3_167.uai
[2024-10-14T10:32:29.140929][INFO][seed167] Saved queries to: /mnt/beegfs/rcabanas/dev/credici/papers/zeros/models/s3/simple_nparents1_nzr06_zdr05_ysize3_167_query.csv
[2024-10-14T10:32:29.141156][INFO][seed167] Closing log file
[2024-10-14T10:32:29.141240][INFO][seed167] Closed log file
1 0.6 0.5 24
/mnt/beegfs/rcabanas/dev/credici/papers/zeros/code/GenerateNparents.java
Error in variable: 2
[2024-10-14T10:32:29.157443][INFO][seed56] No feasible solution... resampling
['genn.py', '1', '0.6', '0.5', '73', '3']
[2024-10-14T10:32:29.148670][INFO][seed159] Set up logging
[2024-10-14T10:32:29.180479][INFO][seed159] args: -np;1;-nzr;0.6;-zdr;0.5;-o;/mnt/beegfs/rcabanas/dev/credici/papers/zeros/models/s3;-rw;-s;159;-ys;3
[2024-10-14T10:32:29.182270][INFO][seed159] Starting logger with seed 159
[2024-10-14T10:32:29.190087][INFO][seed2] PS(V1,V0) in [0.0, 1.0]
[2024-10-14T10:32:29.191108][INFO][seed159] simple_nparents1_nzr06_zdr05_ysize3_159
[2024-10-14T10:32:29.194086][INFO][seed75] PS(V1,V0) in [0.002648893446124925, 0.03363809849326384]
[2024-10-14T10:32:29.200137][INFO][seed2] PN(V1,V0) in [0.0, 0.07309029325251805] 
[2024-10-14T10:32:29.200418][INFO][seed75] PN(V1,V0) in [0.07874682472480947, 1.0] 
[2024-10-14T10:32:29.201093][INFO][seed56] Sampled 1200 data instances
[2024-10-14T10:32:29.201363][INFO][seed56] Starting exact inference 
[2024-10-14T10:32:29.202103][INFO][seed116] PS(V1,V0) in [0.0, 0.015262996892659917]
1 0.6 0.5 73
/mnt/beegfs/rcabanas/dev/credici/papers/zeros/code/GenerateNparents.java
[2024-10-14T10:32:29.221835][INFO][seed116] PN(V1,V0) in [0.0, 1.0] 
[2024-10-14T10:32:29.237290][INFO][seed75] Saved data to: /mnt/beegfs/rcabanas/dev/credici/papers/zeros/models/s3/simple_nparents1_nzr06_zdr05_ysize3_75.csv
[2024-10-14T10:32:29.238111][INFO][seed98] No feasible solution... resampling
[2024-10-14T10:32:29.251241][INFO][seed2] Saved data to: /mnt/beegfs/rcabanas/dev/credici/papers/zeros/models/s3/simple_nparents1_nzr06_zdr05_ysize3_2.csv
[2024-10-14T10:32:29.256278][INFO][seed116] Saved data to: /mnt/beegfs/rcabanas/dev/credici/papers/zeros/models/s3/simple_nparents1_nzr06_zdr05_ysize3_116.csv
[2024-10-14T10:32:29.259461][INFO][seed75] Saved model to: /mnt/beegfs/rcabanas/dev/credici/papers/zeros/models/s3/simple_nparents1_nzr06_zdr05_ysize3_75.uai
[2024-10-14T10:32:29.261627][INFO][seed2] Saved model to: /mnt/beegfs/rcabanas/dev/credici/papers/zeros/models/s3/simple_nparents1_nzr06_zdr05_ysize3_2.uai
[2024-10-14T10:32:29.264642][INFO][seed75] Saved queries to: /mnt/beegfs/rcabanas/dev/credici/papers/zeros/models/s3/simple_nparents1_nzr06_zdr05_ysize3_75_query.csv
[2024-10-14T10:32:29.264923][INFO][seed75] Closing log file
[2024-10-14T10:32:29.265004][INFO][seed75] Closed log file
[2024-10-14T10:32:29.265409][INFO][seed2] Saved queries to: /mnt/beegfs/rcabanas/dev/credici/papers/zeros/models/s3/simple_nparents1_nzr06_zdr05_ysize3_2_query.csv
[2024-10-14T10:32:29.265545][INFO][seed2] Closing log file
[2024-10-14T10:32:29.265630][INFO][seed2] Closed log file
[2024-10-14T10:32:29.266438][INFO][seed116] Saved model to: /mnt/beegfs/rcabanas/dev/credici/papers/zeros/models/s3/simple_nparents1_nzr06_zdr05_ysize3_116.uai
[2024-10-14T10:32:29.271082][INFO][seed116] Saved queries to: /mnt/beegfs/rcabanas/dev/credici/papers/zeros/models/s3/simple_nparents1_nzr06_zdr05_ysize3_116_query.csv
[2024-10-14T10:32:29.271362][INFO][seed116] Closing log file
[2024-10-14T10:32:29.271474][INFO][seed116] Closed log file
Error in variable: 2
[2024-10-14T10:32:29.277980][INFO][seed56] No feasible solution... resampling
[2024-10-14T10:32:29.268759][INFO][seed40] Set up logging
[2024-10-14T10:32:29.298186][INFO][seed98] Sampled 1800 data instances
[2024-10-14T10:32:29.298413][INFO][seed98] Starting exact inference 
[2024-10-14T10:32:29.298578][INFO][seed40] args: -np;1;-nzr;0.6;-zdr;0.5;-o;/mnt/beegfs/rcabanas/dev/credici/papers/zeros/models/s3;-rw;-s;40;-ys;3
[2024-10-14T10:32:29.300319][INFO][seed40] Starting logger with seed 40
[2024-10-14T10:32:29.308838][INFO][seed40] simple_nparents1_nzr06_zdr05_ysize3_40
[2024-10-14T10:32:29.324281][INFO][seed56] Sampled 1300 data instances
[2024-10-14T10:32:29.337082][INFO][seed56] Starting exact inference 
[2024-10-14T10:32:29.384013][INFO][seed98] No feasible solution... resampling
Error in variable: 2
[2024-10-14T10:32:29.411417][INFO][seed56] No feasible solution... resampling
[2024-10-14T10:32:29.440812][INFO][seed159] U cardinality: 9
[2024-10-14T10:32:29.440615][INFO][seed98] Sampled 1900 data instances
[2024-10-14T10:32:29.441145][INFO][seed98] Starting exact inference 
[2024-10-14T10:32:29.446524][INFO][seed159] !0 = [2, 5, 6, 7, 8]
[2024-10-14T10:32:29.446974][INFO][seed159] 0 = [0, 1, 3, 4]
[2024-10-14T10:32:29.447914][INFO][seed56] Sampled 1400 data instances
[2024-10-14T10:32:29.460079][INFO][seed56] Starting exact inference 
[2024-10-14T10:32:29.461150][INFO][seed159] Dropping state 3
[2024-10-14T10:32:29.463927][INFO][seed159] U cardinality: 8
[2024-10-14T10:32:29.469580][INFO][seed159] 
[P([3]) [0.484, 0.516], P([2]) [0.0, 0.0, 0.011, 0.0, 0.008, 0.005, 0.116, 0.86], P([1, 3]) [1.0, 0.0, 0.0, 1.0], P([0, 1, 2]) [1.0, 0.0, 0.0, 1.0, 0.0, 0.0, 1.0, 0.0, 0.0, 0.0, 1.0, 0.0, 1.0, 0.0, 0.0, 0.0, 0.0, 1.0, 0.0, 1.0, 0.0, 0.0, 1.0, 0.0, 0.0, 1.0, 0.0, 0.0, 0.0, 1.0, 0.0, 0.0, 1.0, 1.0, 0.0, 0.0, 0.0, 0.0, 1.0, 0.0, 1.0, 0.0, 0.0, 0.0, 1.0, 0.0, 0.0, 1.0]]

[2024-10-14T10:32:29.517981][INFO][seed83] No feasible solution... resampling
[2024-10-14T10:32:29.500093][INFO][seed99] Set up logging
[2024-10-14T10:32:29.520619][INFO][seed99] args: -np;1;-nzr;0.6;-zdr;0.5;-o;/mnt/beegfs/rcabanas/dev/credici/papers/zeros/models/s3;-rw;-s;99;-ys;3
[2024-10-14T10:32:29.521781][INFO][seed98] No feasible solution... resampling
[2024-10-14T10:32:29.522220][INFO][seed99] Starting logger with seed 99
['genn.py', '1', '0.6', '0.5', '182', '3']
[2024-10-14T10:32:29.538940][INFO][seed99] simple_nparents1_nzr06_zdr05_ysize3_99
['genn.py', '1', '0.6', '0.5', '44', '3']
[2024-10-14T10:32:29.565609][INFO][seed98] Sampled 2000 data instances
[2024-10-14T10:32:29.570945][INFO][seed98] Starting exact inference 
[2024-10-14T10:32:29.572483][INFO][seed40] U cardinality: 9
1 0.6 0.5 182
1 0.6 0.5 44
/mnt/beegfs/rcabanas/dev/credici/papers/zeros/code/GenerateNparents.java
/mnt/beegfs/rcabanas/dev/credici/papers/zeros/code/GenerateNparents.java
[2024-10-14T10:32:29.580165][INFO][seed40] !0 = [4, 5, 6, 7, 8]
[2024-10-14T10:32:29.580682][INFO][seed40] 0 = [0, 1, 2, 3]
[2024-10-14T10:32:29.590491][INFO][seed40] Dropping state 3
[2024-10-14T10:32:29.592705][INFO][seed40] Dropping state 1
[2024-10-14T10:32:29.592953][INFO][seed181] PS(V1,V0) in [0.0, 1.0]
[2024-10-14T10:32:29.593401][INFO][seed40] Dropping state 0
[2024-10-14T10:32:29.596837][INFO][seed40] U cardinality: 6
[2024-10-14T10:32:29.613649][INFO][seed181] PN(V1,V0) in [0.0, 0.7346718945236762] 
[2024-10-14T10:32:29.607674][INFO][seed175] Set up logging
[2024-10-14T10:32:29.615134][INFO][seed40] 
[P([3]) [0.234, 0.766], P([2]) [0.0, 0.147, 0.002, 0.002, 0.002, 0.847], P([1, 3]) [1.0, 0.0, 0.0, 1.0], P([0, 1, 2]) [1.0, 0.0, 0.0, 0.0, 0.0, 1.0, 0.0, 1.0, 0.0, 0.0, 1.0, 0.0, 0.0, 1.0, 0.0, 0.0, 0.0, 1.0, 0.0, 0.0, 1.0, 1.0, 0.0, 0.0, 0.0, 0.0, 1.0, 0.0, 1.0, 0.0, 0.0, 0.0, 1.0, 0.0, 0.0, 1.0]]

[2024-10-14T10:32:29.617957][INFO][seed175] args: -np;1;-nzr;0.6;-zdr;0.5;-o;/mnt/beegfs/rcabanas/dev/credici/papers/zeros/models/s3;-rw;-s;175;-ys;3
[2024-10-14T10:32:29.619932][INFO][seed175] Starting logger with seed 175
[2024-10-14T10:32:29.625132][INFO][seed83] Sampled 1100 data instances
[2024-10-14T10:32:29.637081][INFO][seed83] Starting exact inference 
[2024-10-14T10:32:29.637238][INFO][seed181] Saved data to: /mnt/beegfs/rcabanas/dev/credici/papers/zeros/models/s3/simple_nparents1_nzr06_zdr05_ysize3_181.csv
[2024-10-14T10:32:29.639934][INFO][seed175] simple_nparents1_nzr06_zdr05_ysize3_175
[2024-10-14T10:32:29.647974][INFO][seed98] No feasible solution... resampling
[2024-10-14T10:32:29.658628][INFO][seed181] Saved model to: /mnt/beegfs/rcabanas/dev/credici/papers/zeros/models/s3/simple_nparents1_nzr06_zdr05_ysize3_181.uai
[2024-10-14T10:32:29.662779][INFO][seed181] Saved queries to: /mnt/beegfs/rcabanas/dev/credici/papers/zeros/models/s3/simple_nparents1_nzr06_zdr05_ysize3_181_query.csv
[2024-10-14T10:32:29.663014][INFO][seed181] Closing log file
[2024-10-14T10:32:29.663108][INFO][seed181] Closed log file
['genn.py', '1', '0.6', '0.5', '33', '3']
[2024-10-14T10:32:29.679714][INFO][seed159] Sampled 1000 data instances
[2024-10-14T10:32:29.679981][INFO][seed159] Starting exact inference 
[2024-10-14T10:32:29.685687][INFO][seed98] Sampled 2100 data instances
[2024-10-14T10:32:29.686642][INFO][seed98] Starting exact inference 
['genn.py', '1', '0.6', '0.5', '123', '3']
['genn.py', '1', '0.6', '0.5', '29', '3']
[2024-10-14T10:32:29.712561][INFO][seed56] PS(V1,V0) in [0.0, 1.0]
1 0.6 0.5 33
/mnt/beegfs/rcabanas/dev/credici/papers/zeros/code/GenerateNparents.java
[2024-10-14T10:32:29.724742][INFO][seed56] PN(V1,V0) in [0.0, 0.003204427936785376] 
1 0.6 0.5 29
/mnt/beegfs/rcabanas/dev/credici/papers/zeros/code/GenerateNparents.java
1 0.6 0.5 123
/mnt/beegfs/rcabanas/dev/credici/papers/zeros/code/GenerateNparents.java
[2024-10-14T10:32:29.731805][INFO][seed99] U cardinality: 9
[2024-10-14T10:32:29.736558][INFO][seed99] !0 = [2, 5, 6, 7, 8]
[2024-10-14T10:32:29.737008][INFO][seed99] 0 = [0, 1, 3, 4]
[2024-10-14T10:32:29.741924][INFO][seed99] Dropping state 0
[2024-10-14T10:32:29.744581][INFO][seed99] U cardinality: 8
[2024-10-14T10:32:29.748817][INFO][seed99] 
[P([3]) [0.397, 0.603], P([2]) [0.0, 0.003, 0.0, 0.0, 0.001, 0.783, 0.001, 0.212], P([1, 3]) [1.0, 0.0, 0.0, 1.0], P([0, 1, 2]) [1.0, 0.0, 0.0, 0.0, 1.0, 0.0, 1.0, 0.0, 0.0, 0.0, 0.0, 1.0, 0.0, 1.0, 0.0, 1.0, 0.0, 0.0, 0.0, 1.0, 0.0, 0.0, 1.0, 0.0, 0.0, 1.0, 0.0, 0.0, 0.0, 1.0, 0.0, 0.0, 1.0, 1.0, 0.0, 0.0, 0.0, 0.0, 1.0, 0.0, 1.0, 0.0, 0.0, 0.0, 1.0, 0.0, 0.0, 1.0]]

[2024-10-14T10:32:29.755930][INFO][seed56] Saved data to: /mnt/beegfs/rcabanas/dev/credici/papers/zeros/models/s3/simple_nparents1_nzr06_zdr05_ysize3_56.csv
[2024-10-14T10:32:29.774363][INFO][seed56] Saved model to: /mnt/beegfs/rcabanas/dev/credici/papers/zeros/models/s3/simple_nparents1_nzr06_zdr05_ysize3_56.uai
[2024-10-14T10:32:29.777839][INFO][seed98] No feasible solution... resampling
[2024-10-14T10:32:29.788289][INFO][seed56] Saved queries to: /mnt/beegfs/rcabanas/dev/credici/papers/zeros/models/s3/simple_nparents1_nzr06_zdr05_ysize3_56_query.csv
[2024-10-14T10:32:29.788367][INFO][seed56] Closing log file
[2024-10-14T10:32:29.788393][INFO][seed56] Closed log file
[2024-10-14T10:32:29.818729][INFO][seed40] Sampled 1000 data instances
[2024-10-14T10:32:29.819041][INFO][seed40] Starting exact inference 
[2024-10-14T10:32:29.819079][INFO][seed98] Sampled 2200 data instances
[2024-10-14T10:32:29.819269][INFO][seed98] Starting exact inference 
[2024-10-14T10:32:29.819915][INFO][seed83] No feasible solution... resampling
[2024-10-14T10:32:29.825578][INFO][seed175] U cardinality: 9
[2024-10-14T10:32:29.812730][INFO][seed94] Set up logging
[2024-10-14T10:32:29.830189][INFO][seed175] !0 = [3, 4, 5, 7, 8]
[2024-10-14T10:32:29.830510][INFO][seed94] args: -np;1;-nzr;0.6;-zdr;0.5;-o;/mnt/beegfs/rcabanas/dev/credici/papers/zeros/models/s3;-rw;-s;94;-ys;3
[2024-10-14T10:32:29.831417][INFO][seed175] 0 = [0, 1, 2, 6]
[2024-10-14T10:32:29.834252][INFO][seed94] Starting logger with seed 94
[2024-10-14T10:32:29.835965][INFO][seed175] Dropping state 1
[2024-10-14T10:32:29.838806][INFO][seed94] simple_nparents1_nzr06_zdr05_ysize3_94
[2024-10-14T10:32:29.842027][INFO][seed175] U cardinality: 8
[2024-10-14T10:32:29.846223][INFO][seed175] 
[P([3]) [0.422, 0.578], P([2]) [0.0, 0.0, 0.017, 0.003, 0.01, 0.0, 0.03, 0.94], P([1, 3]) [1.0, 0.0, 0.0, 1.0], P([0, 1, 2]) [1.0, 0.0, 0.0, 1.0, 0.0, 0.0, 1.0, 0.0, 0.0, 0.0, 0.0, 1.0, 0.0, 1.0, 0.0, 1.0, 0.0, 0.0, 0.0, 1.0, 0.0, 0.0, 1.0, 0.0, 0.0, 1.0, 0.0, 0.0, 0.0, 1.0, 0.0, 0.0, 1.0, 1.0, 0.0, 0.0, 0.0, 0.0, 1.0, 0.0, 1.0, 0.0, 0.0, 0.0, 1.0, 0.0, 0.0, 1.0]]

[2024-10-14T10:32:29.885689][INFO][seed98] No feasible solution... resampling
[2024-10-14T10:32:29.932174][INFO][seed83] Sampled 1200 data instances
[2024-10-14T10:32:29.932437][INFO][seed83] Starting exact inference 
[2024-10-14T10:32:29.940778][INFO][seed98] Sampled 2300 data instances
[2024-10-14T10:32:29.941005][INFO][seed98] Starting exact inference 
[2024-10-14T10:32:29.958439][INFO][seed99] Sampled 1000 data instances
[2024-10-14T10:32:29.958536][INFO][seed99] Starting exact inference 
[2024-10-14T10:32:29.989265][INFO][seed94] U cardinality: 9
[2024-10-14T10:32:29.993231][INFO][seed94] !0 = [1, 2, 3, 4, 5]
[2024-10-14T10:32:29.993513][INFO][seed94] 0 = [0, 6, 7, 8]
[2024-10-14T10:32:29.999660][INFO][seed94] Dropping state 8
[2024-10-14T10:32:30.000394][INFO][seed94] Dropping state 7
[2024-10-14T10:32:30.004760][INFO][seed94] U cardinality: 7
[2024-10-14T10:32:30.008763][INFO][seed94] 
[P([3]) [0.696, 0.304], P([2]) [0.0, 0.002, 0.003, 0.03, 0.189, 0.776, 0.0], P([1, 3]) [1.0, 0.0, 0.0, 1.0], P([0, 1, 2]) [1.0, 0.0, 0.0, 1.0, 0.0, 0.0, 1.0, 0.0, 0.0, 0.0, 1.0, 0.0, 1.0, 0.0, 0.0, 0.0, 0.0, 1.0, 0.0, 1.0, 0.0, 1.0, 0.0, 0.0, 0.0, 1.0, 0.0, 0.0, 1.0, 0.0, 0.0, 1.0, 0.0, 0.0, 0.0, 1.0, 0.0, 0.0, 1.0, 1.0, 0.0, 0.0]]

[2024-10-14T10:32:30.010664][INFO][seed98] No feasible solution... resampling
[2024-10-14T10:32:30.005185][INFO][seed55] Set up logging
[2024-10-14T10:32:30.027684][INFO][seed55] args: -np;1;-nzr;0.6;-zdr;0.5;-o;/mnt/beegfs/rcabanas/dev/credici/papers/zeros/models/s3;-rw;-s;55;-ys;3
[2024-10-14T10:32:30.030517][INFO][seed55] Starting logger with seed 55
[2024-10-14T10:32:30.045456][INFO][seed175] Sampled 1000 data instances
[2024-10-14T10:32:30.045700][INFO][seed175] Starting exact inference 
[2024-10-14T10:32:30.052710][INFO][seed55] simple_nparents1_nzr06_zdr05_ysize3_55
[2024-10-14T10:32:30.052465][INFO][seed83] No feasible solution... resampling
[2024-10-14T10:32:30.061200][INFO][seed98] Sampled 2400 data instances
[2024-10-14T10:32:30.061417][INFO][seed98] Starting exact inference 
['genn.py', '1', '0.6', '0.5', '160', '3']
[2024-10-14T10:32:30.065622][INFO][seed14] Set up logging
[2024-10-14T10:32:30.088432][INFO][seed14] args: -np;1;-nzr;0.6;-zdr;0.5;-o;/mnt/beegfs/rcabanas/dev/credici/papers/zeros/models/s3;-rw;-s;14;-ys;3
[2024-10-14T10:32:30.091448][INFO][seed14] Starting logger with seed 14
[2024-10-14T10:32:30.104951][INFO][seed14] simple_nparents1_nzr06_zdr05_ysize3_14
1 0.6 0.5 160
/mnt/beegfs/rcabanas/dev/credici/papers/zeros/code/GenerateNparents.java
[2024-10-14T10:32:30.137802][INFO][seed83] Sampled 1300 data instances
[2024-10-14T10:32:30.139418][INFO][seed83] Starting exact inference 
[2024-10-14T10:32:30.138896][INFO][seed98] No feasible solution... resampling
[2024-10-14T10:32:30.169066][INFO][seed98] Sampled 2500 data instances
[2024-10-14T10:32:30.178704][INFO][seed98] Starting exact inference 
['genn.py', '1', '0.6', '0.5', '36', '3']
[2024-10-14T10:32:30.202576][INFO][seed55] U cardinality: 9
[2024-10-14T10:32:30.203151][INFO][seed94] Sampled 1000 data instances
[2024-10-14T10:32:30.203251][INFO][seed94] Starting exact inference 
[2024-10-14T10:32:30.209071][INFO][seed55] !0 = [0, 1, 2, 4, 6]
[2024-10-14T10:32:30.209369][INFO][seed55] 0 = [3, 5, 7, 8]
[2024-10-14T10:32:30.213345][INFO][seed55] Dropping state 8
[2024-10-14T10:32:30.216250][INFO][seed55] Dropping state 7
[2024-10-14T10:32:30.217317][INFO][seed55] Dropping state 5
[2024-10-14T10:32:30.218568][INFO][seed55] Dropping state 3
1 0.6 0.5 36
/mnt/beegfs/rcabanas/dev/credici/papers/zeros/code/GenerateNparents.java
[2024-10-14T10:32:30.222844][INFO][seed55] U cardinality: 5
[2024-10-14T10:32:30.232997][INFO][seed55] 
[P([3]) [0.157, 0.843], P([2]) [0.029, 0.027, 0.22, 0.001, 0.723], P([1, 3]) [1.0, 0.0, 0.0, 1.0], P([0, 1, 2]) [1.0, 0.0, 0.0, 1.0, 0.0, 0.0, 1.0, 0.0, 0.0, 0.0, 1.0, 0.0, 1.0, 0.0, 0.0, 0.0, 0.0, 1.0, 0.0, 1.0, 0.0, 0.0, 1.0, 0.0, 0.0, 0.0, 1.0, 1.0, 0.0, 0.0]]

[2024-10-14T10:32:30.250732][INFO][seed98] No feasible solution... resampling
[2024-10-14T10:32:30.259539][INFO][seed83] No feasible solution... resampling
[2024-10-14T10:32:30.273790][INFO][seed98] Sampled 2600 data instances
[2024-10-14T10:32:30.295488][INFO][seed98] Starting exact inference 
[2024-10-14T10:32:30.306662][INFO][seed83] Sampled 1400 data instances
[2024-10-14T10:32:30.314317][INFO][seed14] U cardinality: 9
[2024-10-14T10:32:30.314955][INFO][seed83] Starting exact inference 
[2024-10-14T10:32:30.319968][INFO][seed14] !0 = [0, 1, 2, 3, 5]
[2024-10-14T10:32:30.320482][INFO][seed14] 0 = [4, 6, 7, 8]
[2024-10-14T10:32:30.327118][INFO][seed14] Dropping state 6
[2024-10-14T10:32:30.328278][INFO][seed14] Dropping state 4
[2024-10-14T10:32:30.331110][INFO][seed14] U cardinality: 7
[2024-10-14T10:32:30.336211][INFO][seed14] 
[P([3]) [0.536, 0.464], P([2]) [0.019, 0.613, 0.12, 0.005, 0.243, 0.0, 0.0], P([1, 3]) [1.0, 0.0, 0.0, 1.0], P([0, 1, 2]) [1.0, 0.0, 0.0, 1.0, 0.0, 0.0, 1.0, 0.0, 0.0, 0.0, 1.0, 0.0, 1.0, 0.0, 0.0, 0.0, 0.0, 1.0, 0.0, 1.0, 0.0, 1.0, 0.0, 0.0, 0.0, 1.0, 0.0, 0.0, 0.0, 1.0, 0.0, 0.0, 1.0, 0.0, 1.0, 0.0, 0.0, 0.0, 1.0, 0.0, 0.0, 1.0]]

[2024-10-14T10:32:30.357058][INFO][seed98] No feasible solution... resampling
[2024-10-14T10:32:30.400517][INFO][seed98] Sampled 2700 data instances
[2024-10-14T10:32:30.400727][INFO][seed98] Starting exact inference 
[2024-10-14T10:32:30.416421][INFO][seed83] No feasible solution... resampling
[2024-10-14T10:32:30.431009][INFO][seed55] Sampled 1000 data instances
[2024-10-14T10:32:30.431253][INFO][seed55] Starting exact inference 
[2024-10-14T10:32:30.463673][INFO][seed98] No feasible solution... resampling
[2024-10-14T10:32:30.477637][INFO][seed83] Sampled 1500 data instances
[2024-10-14T10:32:30.477964][INFO][seed83] Starting exact inference 
[2024-10-14T10:32:30.514998][INFO][seed98] Sampled 2800 data instances
[2024-10-14T10:32:30.515691][INFO][seed98] Starting exact inference 
[2024-10-14T10:32:30.511819][INFO][seed174] Set up logging
[2024-10-14T10:32:30.532538][INFO][seed174] args: -np;1;-nzr;0.6;-zdr;0.5;-o;/mnt/beegfs/rcabanas/dev/credici/papers/zeros/models/s3;-rw;-s;174;-ys;3
[2024-10-14T10:32:30.534064][INFO][seed174] Starting logger with seed 174
[2024-10-14T10:32:30.538634][INFO][seed14] Sampled 1000 data instances
[2024-10-14T10:32:30.538961][INFO][seed14] Starting exact inference 
[2024-10-14T10:32:30.545640][INFO][seed174] simple_nparents1_nzr06_zdr05_ysize3_174
[2024-10-14T10:32:30.581603][INFO][seed83] No feasible solution... resampling
[2024-10-14T10:32:30.590500][INFO][seed98] No feasible solution... resampling
[2024-10-14T10:32:30.627371][INFO][seed98] Sampled 2900 data instances
[2024-10-14T10:32:30.630143][INFO][seed98] Starting exact inference 
[2024-10-14T10:32:30.643124][INFO][seed83] Sampled 1600 data instances
[2024-10-14T10:32:30.643426][INFO][seed83] Starting exact inference 
[2024-10-14T10:32:30.696798][INFO][seed159] PS(V1,V0) in [0.0, 1.0]
[2024-10-14T10:32:30.705279][INFO][seed159] PN(V1,V0) in [0.0, 0.04802397149335925] 
[2024-10-14T10:32:30.703815][INFO][seed98] No feasible solution... resampling
[2024-10-14T10:32:30.715912][INFO][seed174] U cardinality: 9
[2024-10-14T10:32:30.720103][INFO][seed174] !0 = [1, 4, 5, 6, 8]
[2024-10-14T10:32:30.720383][INFO][seed174] 0 = [0, 2, 3, 7]
[2024-10-14T10:32:30.724608][INFO][seed174] Dropping state 7
[2024-10-14T10:32:30.725311][INFO][seed174] Dropping state 0
[2024-10-14T10:32:30.727559][INFO][seed174] U cardinality: 7
[2024-10-14T10:32:30.731587][INFO][seed174] 
[P([3]) [0.217, 0.783], P([2]) [0.009, 0.0, 0.0, 0.003, 0.048, 0.006, 0.934], P([1, 3]) [1.0, 0.0, 0.0, 1.0], P([0, 1, 2]) [1.0, 0.0, 0.0, 0.0, 1.0, 0.0, 1.0, 0.0, 0.0, 0.0, 0.0, 1.0, 0.0, 1.0, 0.0, 1.0, 0.0, 0.0, 0.0, 1.0, 0.0, 0.0, 1.0, 0.0, 0.0, 1.0, 0.0, 0.0, 0.0, 1.0, 0.0, 0.0, 1.0, 1.0, 0.0, 0.0, 0.0, 0.0, 1.0, 0.0, 0.0, 1.0]]

[2024-10-14T10:32:30.738349][INFO][seed40] No feasible solution... resampling
[2024-10-14T10:32:30.745153][INFO][seed98] Sampled 3000 data instances
[2024-10-14T10:32:30.751506][INFO][seed159] Saved data to: /mnt/beegfs/rcabanas/dev/credici/papers/zeros/models/s3/simple_nparents1_nzr06_zdr05_ysize3_159.csv
[2024-10-14T10:32:30.753194][INFO][seed83] No feasible solution... resampling
[2024-10-14T10:32:30.758484][INFO][seed98] Starting exact inference 
[2024-10-14T10:32:30.762361][INFO][seed159] Saved model to: /mnt/beegfs/rcabanas/dev/credici/papers/zeros/models/s3/simple_nparents1_nzr06_zdr05_ysize3_159.uai
[2024-10-14T10:32:30.766622][INFO][seed159] Saved queries to: /mnt/beegfs/rcabanas/dev/credici/papers/zeros/models/s3/simple_nparents1_nzr06_zdr05_ysize3_159_query.csv
[2024-10-14T10:32:30.766882][INFO][seed159] Closing log file
[2024-10-14T10:32:30.766964][INFO][seed159] Closed log file
[2024-10-14T10:32:30.812389][INFO][seed83] Sampled 1700 data instances
[2024-10-14T10:32:30.814911][INFO][seed40] Sampled 1100 data instances
[2024-10-14T10:32:30.815209][INFO][seed40] Starting exact inference 
[2024-10-14T10:32:30.815825][INFO][seed83] Starting exact inference 
Removed 000
Removed 000
Removed 000
Removed 000
Removed 000
[2024-10-14T10:32:30.823651][INFO][seed98] No feasible solution... resampling
Error in variable: 2
[2024-10-14T10:32:30.829338][INFO][seed175] No feasible solution... resampling
[2024-10-14T10:32:30.869766][INFO][seed98] Sampled 3100 data instances
[2024-10-14T10:32:30.869972][INFO][seed98] Starting exact inference 
[2024-10-14T10:32:30.877724][INFO][seed99] No feasible solution... resampling
[2024-10-14T10:32:30.878723][INFO][seed150] Set up logging
[2024-10-14T10:32:30.908242][INFO][seed150] args: -np;1;-nzr;0.6;-zdr;0.5;-o;/mnt/beegfs/rcabanas/dev/credici/papers/zeros/models/s3;-rw;-s;150;-ys;3
[2024-10-14T10:32:30.912094][INFO][seed150] Starting logger with seed 150
[2024-10-14T10:32:30.915197][INFO][seed174] Sampled 1000 data instances
[2024-10-14T10:32:30.915447][INFO][seed174] Starting exact inference 
[2024-10-14T10:32:30.896399][INFO][seed153] Set up logging
[2024-10-14T10:32:30.925105][INFO][seed153] args: -np;1;-nzr;0.6;-zdr;0.5;-o;/mnt/beegfs/rcabanas/dev/credici/papers/zeros/models/s3;-rw;-s;153;-ys;3
[2024-10-14T10:32:30.926089][INFO][seed150] simple_nparents1_nzr06_zdr05_ysize3_150
[2024-10-14T10:32:30.927418][INFO][seed153] Starting logger with seed 153
[2024-10-14T10:32:30.921598][INFO][seed175] Sampled 1100 data instances
[2024-10-14T10:32:30.934546][INFO][seed175] Starting exact inference 
[2024-10-14T10:32:30.944228][INFO][seed153] simple_nparents1_nzr06_zdr05_ysize3_153
[2024-10-14T10:32:30.943991][INFO][seed83] No feasible solution... resampling
[2024-10-14T10:32:30.943663][INFO][seed98] No feasible solution... resampling
[2024-10-14T10:32:30.959272][INFO][seed40] No feasible solution... resampling
[2024-10-14T10:32:30.973117][INFO][seed98] Sampled 3200 data instances
[2024-10-14T10:32:30.982281][INFO][seed98] Starting exact inference 
[2024-10-14T10:32:30.995905][INFO][seed99] Sampled 1100 data instances
[2024-10-14T10:32:30.996182][INFO][seed99] Starting exact inference 
[2024-10-14T10:32:31.003601][INFO][seed83] Sampled 1800 data instances
[2024-10-14T10:32:31.003869][INFO][seed83] Starting exact inference 
[2024-10-14T10:32:31.017537][INFO][seed94] PS(V1,V0) in [0.0, 1.0]
[2024-10-14T10:32:31.021122][INFO][seed94] PN(V1,V0) in [0.0, 0.02556639844775438] 
[2024-10-14T10:32:31.033882][INFO][seed40] Sampled 1200 data instances
[2024-10-14T10:32:31.034215][INFO][seed40] Starting exact inference 
[2024-10-14T10:32:31.056683][INFO][seed98] No feasible solution... resampling
[2024-10-14T10:32:31.066310][INFO][seed94] Saved data to: /mnt/beegfs/rcabanas/dev/credici/papers/zeros/models/s3/simple_nparents1_nzr06_zdr05_ysize3_94.csv
[2024-10-14T10:32:31.085138][INFO][seed94] Saved model to: /mnt/beegfs/rcabanas/dev/credici/papers/zeros/models/s3/simple_nparents1_nzr06_zdr05_ysize3_94.uai
[2024-10-14T10:32:31.090094][INFO][seed98] Sampled 3300 data instances
[2024-10-14T10:32:31.089344][INFO][seed94] Saved queries to: /mnt/beegfs/rcabanas/dev/credici/papers/zeros/models/s3/simple_nparents1_nzr06_zdr05_ysize3_94_query.csv
[2024-10-14T10:32:31.089385][INFO][seed94] Closing log file
[2024-10-14T10:32:31.089409][INFO][seed94] Closed log file
[2024-10-14T10:32:31.102493][INFO][seed98] Starting exact inference 
[2024-10-14T10:32:31.087817][INFO][seed24] Set up logging
[2024-10-14T10:32:31.105890][INFO][seed24] args: -np;1;-nzr;0.6;-zdr;0.5;-o;/mnt/beegfs/rcabanas/dev/credici/papers/zeros/models/s3;-rw;-s;24;-ys;3
[2024-10-14T10:32:31.107573][INFO][seed24] Starting logger with seed 24
[2024-10-14T10:32:31.124714][INFO][seed24] simple_nparents1_nzr06_zdr05_ysize3_24
[2024-10-14T10:32:31.132149][INFO][seed83] No feasible solution... resampling
[2024-10-14T10:32:31.133705][INFO][seed99] No feasible solution... resampling
[2024-10-14T10:32:31.157899][INFO][seed40] No feasible solution... resampling
[2024-10-14T10:32:31.165154][INFO][seed150] U cardinality: 9
[2024-10-14T10:32:31.171989][INFO][seed150] !0 = [0, 2, 3, 7, 8]
[2024-10-14T10:32:31.172303][INFO][seed175] No feasible solution... resampling
[2024-10-14T10:32:31.172522][INFO][seed150] 0 = [1, 4, 5, 6]
[2024-10-14T10:32:31.173074][INFO][seed98] No feasible solution... resampling
[2024-10-14T10:32:31.170852][INFO][seed83] Sampled 1900 data instances
[2024-10-14T10:32:31.177734][INFO][seed83] Starting exact inference 
[2024-10-14T10:32:31.180218][INFO][seed150] Dropping state 6
[2024-10-14T10:32:31.181320][INFO][seed150] Dropping state 5
[2024-10-14T10:32:31.183832][INFO][seed153] U cardinality: 9
[2024-10-14T10:32:31.184876][INFO][seed150] U cardinality: 7
[2024-10-14T10:32:31.190034][INFO][seed153] !0 = [0, 1, 3, 6, 8]
[2024-10-14T10:32:31.190544][INFO][seed153] 0 = [2, 4, 5, 7]
[2024-10-14T10:32:31.190664][INFO][seed150] 
[P([3]) [0.641, 0.359], P([2]) [0.14, 0.0, 0.02, 0.014, 0.0, 0.009, 0.817], P([1, 3]) [1.0, 0.0, 0.0, 1.0], P([0, 1, 2]) [1.0, 0.0, 0.0, 1.0, 0.0, 0.0, 1.0, 0.0, 0.0, 0.0, 1.0, 0.0, 1.0, 0.0, 0.0, 0.0, 0.0, 1.0, 0.0, 1.0, 0.0, 1.0, 0.0, 0.0, 0.0, 1.0, 0.0, 0.0, 1.0, 0.0, 0.0, 0.0, 1.0, 0.0, 1.0, 0.0, 0.0, 0.0, 1.0, 0.0, 0.0, 1.0]]

['genn.py', '1', '0.6', '0.5', '194', '3']
[2024-10-14T10:32:31.195558][INFO][seed153] Dropping state 5
[2024-10-14T10:32:31.196981][INFO][seed153] Dropping state 2
[2024-10-14T10:32:31.199670][INFO][seed153] U cardinality: 7
[2024-10-14T10:32:31.207586][INFO][seed153] 
[P([3]) [0.924, 0.076], P([2]) [0.031, 0.007, 0.001, 0.0, 0.002, 0.0, 0.959], P([1, 3]) [1.0, 0.0, 0.0, 1.0], P([0, 1, 2]) [1.0, 0.0, 0.0, 1.0, 0.0, 0.0, 1.0, 0.0, 0.0, 0.0, 1.0, 0.0, 0.0, 1.0, 0.0, 1.0, 0.0, 0.0, 0.0, 1.0, 0.0, 0.0, 1.0, 0.0, 0.0, 0.0, 1.0, 1.0, 0.0, 0.0, 0.0, 0.0, 1.0, 0.0, 1.0, 0.0, 0.0, 0.0, 1.0, 0.0, 0.0, 1.0]]

[2024-10-14T10:32:31.218122][INFO][seed40] Sampled 1300 data instances
[2024-10-14T10:32:31.218410][INFO][seed40] Starting exact inference 
[2024-10-14T10:32:31.224323][INFO][seed98] Sampled 3400 data instances
[2024-10-14T10:32:31.224450][INFO][seed98] Starting exact inference 
1 0.6 0.5 194
/mnt/beegfs/rcabanas/dev/credici/papers/zeros/code/GenerateNparents.java
[2024-10-14T10:32:31.239780][INFO][seed175] Sampled 1200 data instances
[2024-10-14T10:32:31.239947][INFO][seed99] Sampled 1200 data instances
[2024-10-14T10:32:31.240063][INFO][seed175] Starting exact inference 
[2024-10-14T10:32:31.240209][INFO][seed99] Starting exact inference 
[2024-10-14T10:32:31.262701][INFO][seed83] No feasible solution... resampling
[2024-10-14T10:32:31.286993][INFO][seed55] PS(V1,V0) in [0.06890212765957447, 0.06890212765957447]
[2024-10-14T10:32:31.291811][INFO][seed55] PN(V1,V0) in [1.0, 1.0] 
[2024-10-14T10:32:31.294799][INFO][seed98] No feasible solution... resampling
[2024-10-14T10:32:31.306278][INFO][seed83] Sampled 2000 data instances
[2024-10-14T10:32:31.312168][INFO][seed24] U cardinality: 9
[2024-10-14T10:32:31.314605][INFO][seed83] Starting exact inference 
[2024-10-14T10:32:31.316528][INFO][seed24] !0 = [1, 4, 5, 6, 7]
[2024-10-14T10:32:31.316807][INFO][seed24] 0 = [0, 2, 3, 8]
[2024-10-14T10:32:31.320925][INFO][seed24] Dropping state 8
[2024-10-14T10:32:31.321643][INFO][seed24] Dropping state 3
[2024-10-14T10:32:31.323730][INFO][seed24] U cardinality: 7
[2024-10-14T10:32:31.330874][INFO][seed24] 
[P([3]) [0.074, 0.926], P([2]) [0.0, 0.027, 0.0, 0.306, 0.121, 0.099, 0.447], P([1, 3]) [1.0, 0.0, 0.0, 1.0], P([0, 1, 2]) [1.0, 0.0, 0.0, 1.0, 0.0, 0.0, 1.0, 0.0, 0.0, 0.0, 1.0, 0.0, 1.0, 0.0, 0.0, 0.0, 0.0, 1.0, 0.0, 1.0, 0.0, 0.0, 1.0, 0.0, 0.0, 1.0, 0.0, 0.0, 0.0, 1.0, 0.0, 0.0, 1.0, 1.0, 0.0, 0.0, 0.0, 0.0, 1.0, 0.0, 1.0, 0.0]]

[2024-10-14T10:32:31.331271][INFO][seed98] Sampled 3500 data instances
[2024-10-14T10:32:31.334956][INFO][seed98] Starting exact inference 
[2024-10-14T10:32:31.336463][INFO][seed55] Saved data to: /mnt/beegfs/rcabanas/dev/credici/papers/zeros/models/s3/simple_nparents1_nzr06_zdr05_ysize3_55.csv
[2024-10-14T10:32:31.342556][INFO][seed40] No feasible solution... resampling
[2024-10-14T10:32:31.348663][INFO][seed55] Saved model to: /mnt/beegfs/rcabanas/dev/credici/papers/zeros/models/s3/simple_nparents1_nzr06_zdr05_ysize3_55.uai
[2024-10-14T10:32:31.353317][INFO][seed55] Saved queries to: /mnt/beegfs/rcabanas/dev/credici/papers/zeros/models/s3/simple_nparents1_nzr06_zdr05_ysize3_55_query.csv
[2024-10-14T10:32:31.353418][INFO][seed55] Closing log file
[2024-10-14T10:32:31.353501][INFO][seed55] Closed log file
[2024-10-14T10:32:31.360774][INFO][seed99] No feasible solution... resampling
[2024-10-14T10:32:31.372598][INFO][seed175] No feasible solution... resampling
[2024-10-14T10:32:31.392434][INFO][seed40] Sampled 1400 data instances
[2024-10-14T10:32:31.394097][INFO][seed150] Sampled 1000 data instances
[2024-10-14T10:32:31.394360][INFO][seed150] Starting exact inference 
[2024-10-14T10:32:31.408012][INFO][seed40] Starting exact inference 
[2024-10-14T10:32:31.410042][INFO][seed83] No feasible solution... resampling
[2024-10-14T10:32:31.414232][INFO][seed98] No feasible solution... resampling
[2024-10-14T10:32:31.418380][INFO][seed153] Sampled 1000 data instances
[2024-10-14T10:32:31.418475][INFO][seed153] Starting exact inference 
[2024-10-14T10:32:31.425137][INFO][seed175] Sampled 1300 data instances
[2024-10-14T10:32:31.434728][INFO][seed175] Starting exact inference 
[2024-10-14T10:32:31.438956][INFO][seed98] Sampled 3600 data instances
[2024-10-14T10:32:31.446205][INFO][seed98] Starting exact inference 
[2024-10-14T10:32:31.458521][INFO][seed83] Sampled 2100 data instances
[2024-10-14T10:32:31.458784][INFO][seed83] Starting exact inference 
[2024-10-14T10:32:31.466944][INFO][seed99] Sampled 1300 data instances
[2024-10-14T10:32:31.478034][INFO][seed99] Starting exact inference 
['genn.py', '1', '0.6', '0.5', '113', '3']
[2024-10-14T10:32:31.486934][INFO][seed14] PS(V1,V0) in [0.7845599271012007, 0.7845599271012007]
[2024-10-14T10:32:31.499682][INFO][seed14] PN(V1,V0) in [1.0, 1.0] 
[2024-10-14T10:32:31.515244][INFO][seed40] No feasible solution... resampling
1 0.6 0.5 113
/mnt/beegfs/rcabanas/dev/credici/papers/zeros/code/GenerateNparents.java
[2024-10-14T10:32:31.524937][INFO][seed24] Sampled 1000 data instances
[2024-10-14T10:32:31.525054][INFO][seed24] Starting exact inference 
[2024-10-14T10:32:31.523810][INFO][seed98] No feasible solution... resampling
[2024-10-14T10:32:31.537230][INFO][seed14] Saved data to: /mnt/beegfs/rcabanas/dev/credici/papers/zeros/models/s3/simple_nparents1_nzr06_zdr05_ysize3_14.csv
[2024-10-14T10:32:31.538559][INFO][seed83] No feasible solution... resampling
[2024-10-14T10:32:31.561843][INFO][seed14] Saved model to: /mnt/beegfs/rcabanas/dev/credici/papers/zeros/models/s3/simple_nparents1_nzr06_zdr05_ysize3_14.uai
[2024-10-14T10:32:31.564554][INFO][seed98] Sampled 3700 data instances
[2024-10-14T10:32:31.566237][INFO][seed14] Saved queries to: /mnt/beegfs/rcabanas/dev/credici/papers/zeros/models/s3/simple_nparents1_nzr06_zdr05_ysize3_14_query.csv
[2024-10-14T10:32:31.540242][INFO][seed73] Set up logging
[2024-10-14T10:32:31.567268][INFO][seed73] args: -np;1;-nzr;0.6;-zdr;0.5;-o;/mnt/beegfs/rcabanas/dev/credici/papers/zeros/models/s3;-rw;-s;73;-ys;3
[2024-10-14T10:32:31.570915][INFO][seed73] Starting logger with seed 73
[2024-10-14T10:32:31.567537][INFO][seed175] No feasible solution... resampling
[2024-10-14T10:32:31.564666][INFO][seed98] Starting exact inference 
[2024-10-14T10:32:31.566540][INFO][seed14] Closing log file
[2024-10-14T10:32:31.566628][INFO][seed14] Closed log file
[2024-10-14T10:32:31.576485][INFO][seed83] Sampled 2200 data instances
[2024-10-14T10:32:31.585180][INFO][seed73] simple_nparents1_nzr06_zdr05_ysize3_73
[2024-10-14T10:32:31.590062][INFO][seed83] Starting exact inference 
[2024-10-14T10:32:31.604150][INFO][seed99] PS(V1,V0) in [0.0, 0.3197969543147208]
[2024-10-14T10:32:31.609506][INFO][seed99] PN(V1,V0) in [0.0, 1.0] 
[2024-10-14T10:32:31.616631][INFO][seed40] Sampled 1500 data instances
[2024-10-14T10:32:31.624269][INFO][seed40] Starting exact inference 
[2024-10-14T10:32:31.623584][INFO][seed98] No feasible solution... resampling
[2024-10-14T10:32:31.630798][INFO][seed99] Saved data to: /mnt/beegfs/rcabanas/dev/credici/papers/zeros/models/s3/simple_nparents1_nzr06_zdr05_ysize3_99.csv
[2024-10-14T10:32:31.633253][INFO][seed175] Sampled 1400 data instances
[2024-10-14T10:32:31.633500][INFO][seed175] Starting exact inference 
[2024-10-14T10:32:31.646787][INFO][seed99] Saved model to: /mnt/beegfs/rcabanas/dev/credici/papers/zeros/models/s3/simple_nparents1_nzr06_zdr05_ysize3_99.uai
[2024-10-14T10:32:31.655111][INFO][seed99] Saved queries to: /mnt/beegfs/rcabanas/dev/credici/papers/zeros/models/s3/simple_nparents1_nzr06_zdr05_ysize3_99_query.csv
[2024-10-14T10:32:31.655361][INFO][seed99] Closing log file
[2024-10-14T10:32:31.655602][INFO][seed99] Closed log file
[2024-10-14T10:32:31.663650][INFO][seed98] Sampled 3800 data instances
[2024-10-14T10:32:31.663856][INFO][seed98] Starting exact inference 
[2024-10-14T10:32:31.679067][INFO][seed83] No feasible solution... resampling
['genn.py', '1', '0.6', '0.5', '62', '3']
[2024-10-14T10:32:31.732346][INFO][seed83] Sampled 2300 data instances
[2024-10-14T10:32:31.732608][INFO][seed83] Starting exact inference 
[2024-10-14T10:32:31.736319][INFO][seed40] No feasible solution... resampling
[2024-10-14T10:32:31.740617][INFO][seed98] No feasible solution... resampling
1 0.6 0.5 62
/mnt/beegfs/rcabanas/dev/credici/papers/zeros/code/GenerateNparents.java
[2024-10-14T10:32:31.758947][INFO][seed175] No feasible solution... resampling
[2024-10-14T10:32:31.795798][INFO][seed98] Sampled 3900 data instances
[2024-10-14T10:32:31.796015][INFO][seed98] Starting exact inference 
[2024-10-14T10:32:31.804019][INFO][seed175] Sampled 1500 data instances
[2024-10-14T10:32:31.810615][INFO][seed73] U cardinality: 9
[2024-10-14T10:32:31.816929][INFO][seed73] !0 = [0, 2, 4, 6, 7]
[2024-10-14T10:32:31.817078][INFO][seed175] Starting exact inference 
[2024-10-14T10:32:31.817498][INFO][seed73] 0 = [1, 3, 5, 8]
[2024-10-14T10:32:31.819029][INFO][seed83] No feasible solution... resampling
[2024-10-14T10:32:31.823265][INFO][seed73] Dropping state 8
[2024-10-14T10:32:31.824261][INFO][seed73] Dropping state 5
[2024-10-14T10:32:31.825377][INFO][seed73] Dropping state 3
[2024-10-14T10:32:31.827847][INFO][seed73] U cardinality: 6
[2024-10-14T10:32:31.834255][INFO][seed73] 
[P([3]) [0.544, 0.456], P([2]) [0.46, 0.0, 0.016, 0.004, 0.006, 0.514], P([1, 3]) [1.0, 0.0, 0.0, 1.0], P([0, 1, 2]) [1.0, 0.0, 0.0, 1.0, 0.0, 0.0, 1.0, 0.0, 0.0, 0.0, 1.0, 0.0, 1.0, 0.0, 0.0, 0.0, 0.0, 1.0, 0.0, 1.0, 0.0, 0.0, 1.0, 0.0, 0.0, 0.0, 1.0, 1.0, 0.0, 0.0, 0.0, 0.0, 1.0, 0.0, 1.0, 0.0]]

[2024-10-14T10:32:31.841187][INFO][seed174] PS(V1,V0) in [0.0, 0.6624668435013263]
[2024-10-14T10:32:31.843566][INFO][seed98] No feasible solution... resampling
[2024-10-14T10:32:31.852456][INFO][seed40] Sampled 1600 data instances
[2024-10-14T10:32:31.852788][INFO][seed40] Starting exact inference 
[2024-10-14T10:32:31.858361][INFO][seed174] PN(V1,V0) in [0.0, 1.0] 
[2024-10-14T10:32:31.874222][INFO][seed83] Sampled 2400 data instances
[2024-10-14T10:32:31.874490][INFO][seed83] Starting exact inference 
[2024-10-14T10:32:31.887216][INFO][seed98] Sampled 4000 data instances
[2024-10-14T10:32:31.887345][INFO][seed98] Starting exact inference 
[2024-10-14T10:32:31.891082][INFO][seed174] Saved data to: /mnt/beegfs/rcabanas/dev/credici/papers/zeros/models/s3/simple_nparents1_nzr06_zdr05_ysize3_174.csv
[2024-10-14T10:32:31.878036][INFO][seed182] Set up logging
[2024-10-14T10:32:31.872557][INFO][seed44] Set up logging
[2024-10-14T10:32:31.902052][INFO][seed44] args: -np;1;-nzr;0.6;-zdr;0.5;-o;/mnt/beegfs/rcabanas/dev/credici/papers/zeros/models/s3;-rw;-s;44;-ys;3
[2024-10-14T10:32:31.902178][INFO][seed182] args: -np;1;-nzr;0.6;-zdr;0.5;-o;/mnt/beegfs/rcabanas/dev/credici/papers/zeros/models/s3;-rw;-s;182;-ys;3
[2024-10-14T10:32:31.905570][INFO][seed174] Saved model to: /mnt/beegfs/rcabanas/dev/credici/papers/zeros/models/s3/simple_nparents1_nzr06_zdr05_ysize3_174.uai
[2024-10-14T10:32:31.905923][INFO][seed44] Starting logger with seed 44
[2024-10-14T10:32:31.907075][INFO][seed182] Starting logger with seed 182
[2024-10-14T10:32:31.909957][INFO][seed174] Saved queries to: /mnt/beegfs/rcabanas/dev/credici/papers/zeros/models/s3/simple_nparents1_nzr06_zdr05_ysize3_174_query.csv
[2024-10-14T10:32:31.910069][INFO][seed174] Closing log file
[2024-10-14T10:32:31.910154][INFO][seed174] Closed log file
[2024-10-14T10:32:31.920986][INFO][seed182] simple_nparents1_nzr06_zdr05_ysize3_182
[2024-10-14T10:32:31.938711][INFO][seed175] No feasible solution... resampling
[2024-10-14T10:32:31.944449][INFO][seed98] No feasible solution... resampling
[2024-10-14T10:32:31.955041][INFO][seed83] No feasible solution... resampling
[2024-10-14T10:32:31.958996][INFO][seed44] simple_nparents1_nzr06_zdr05_ysize3_44
[2024-10-14T10:32:31.972524][INFO][seed40] No feasible solution... resampling
[2024-10-14T10:32:31.987815][INFO][seed83] Sampled 2500 data instances
[2024-10-14T10:32:31.988844][INFO][seed98] Sampled 4100 data instances
[2024-10-14T10:32:31.978062][INFO][seed29] Set up logging
[2024-10-14T10:32:31.992401][INFO][seed29] args: -np;1;-nzr;0.6;-zdr;0.5;-o;/mnt/beegfs/rcabanas/dev/credici/papers/zeros/models/s3;-rw;-s;29;-ys;3
['genn.py', '1', '0.6', '0.5', '88', '3']
[2024-10-14T10:32:31.995699][INFO][seed175] Sampled 1600 data instances
[2024-10-14T10:32:31.996005][INFO][seed175] Starting exact inference 
[2024-10-14T10:32:31.997081][INFO][seed83] Starting exact inference 
[2024-10-14T10:32:31.998651][INFO][seed29] Starting logger with seed 29
[2024-10-14T10:32:31.978738][INFO][seed123] Set up logging
[2024-10-14T10:32:32.001495][INFO][seed98] Starting exact inference 
[2024-10-14T10:32:32.001656][INFO][seed123] args: -np;1;-nzr;0.6;-zdr;0.5;-o;/mnt/beegfs/rcabanas/dev/credici/papers/zeros/models/s3;-rw;-s;123;-ys;3
[2024-10-14T10:32:32.003947][INFO][seed123] Starting logger with seed 123
[2024-10-14T10:32:32.004447][INFO][seed29] simple_nparents1_nzr06_zdr05_ysize3_29
[2024-10-14T10:32:32.025785][INFO][seed123] simple_nparents1_nzr06_zdr05_ysize3_123
1 0.6 0.5 88
/mnt/beegfs/rcabanas/dev/credici/papers/zeros/code/GenerateNparents.java
[2024-10-14T10:32:32.038655][INFO][seed73] Sampled 1000 data instances
[2024-10-14T10:32:32.038891][INFO][seed73] Starting exact inference 
['genn.py', '1', '0.6', '0.5', '157', '3']
[2024-10-14T10:32:32.030684][INFO][seed33] Set up logging
[2024-10-14T10:32:32.049141][INFO][seed33] args: -np;1;-nzr;0.6;-zdr;0.5;-o;/mnt/beegfs/rcabanas/dev/credici/papers/zeros/models/s3;-rw;-s;33;-ys;3
[2024-10-14T10:32:32.051965][INFO][seed33] Starting logger with seed 33
[2024-10-14T10:32:32.066212][INFO][seed33] simple_nparents1_nzr06_zdr05_ysize3_33
[2024-10-14T10:32:32.063647][INFO][seed98] No feasible solution... resampling
[2024-10-14T10:32:32.080660][INFO][seed83] No feasible solution... resampling
[2024-10-14T10:32:32.081161][INFO][seed40] Sampled 1700 data instances
[2024-10-14T10:32:32.081437][INFO][seed40] Starting exact inference 
1 0.6 0.5 157
/mnt/beegfs/rcabanas/dev/credici/papers/zeros/code/GenerateNparents.java
[2024-10-14T10:32:32.107237][INFO][seed98] Sampled 4200 data instances
[2024-10-14T10:32:32.107423][INFO][seed98] Starting exact inference 
[2024-10-14T10:32:32.112993][INFO][seed83] Sampled 2600 data instances
[2024-10-14T10:32:32.120501][INFO][seed175] No feasible solution... resampling
[2024-10-14T10:32:32.128580][INFO][seed83] Starting exact inference 
[2024-10-14T10:32:32.156174][INFO][seed182] U cardinality: 9
[2024-10-14T10:32:32.162050][INFO][seed182] !0 = [0, 1, 4, 6, 7]
[2024-10-14T10:32:32.162478][INFO][seed182] 0 = [2, 3, 5, 8]
[2024-10-14T10:32:32.167885][INFO][seed182] Dropping state 5
[2024-10-14T10:32:32.170663][INFO][seed182] U cardinality: 8
[2024-10-14T10:32:32.173326][INFO][seed44] U cardinality: 9
[2024-10-14T10:32:32.177907][INFO][seed182] 
[2024-10-14T10:32:32.174508][INFO][seed98] No feasible solution... resampling
[2024-10-14T10:32:32.179195][INFO][seed44] !0 = [0, 1, 2, 3, 7]
[2024-10-14T10:32:32.179584][INFO][seed44] 0 = [4, 5, 6, 8]
[P([3]) [0.252, 0.748], P([2]) [0.208, 0.002, 0.0, 0.0, 0.075, 0.7, 0.015, 0.0], P([1, 3]) [1.0, 0.0, 0.0, 1.0], P([0, 1, 2]) [1.0, 0.0, 0.0, 1.0, 0.0, 0.0, 1.0, 0.0, 0.0, 0.0, 1.0, 0.0, 1.0, 0.0, 0.0, 0.0, 0.0, 1.0, 0.0, 1.0, 0.0, 1.0, 0.0, 0.0, 0.0, 1.0, 0.0, 0.0, 1.0, 0.0, 0.0, 0.0, 1.0, 1.0, 0.0, 0.0, 0.0, 0.0, 1.0, 0.0, 1.0, 0.0, 0.0, 0.0, 1.0, 0.0, 0.0, 1.0]]

[2024-10-14T10:32:32.186093][INFO][seed44] Dropping state 8
[2024-10-14T10:32:32.187357][INFO][seed44] Dropping state 4
[2024-10-14T10:32:32.190179][INFO][seed44] U cardinality: 7
[2024-10-14T10:32:32.179780][INFO][seed175] Sampled 1700 data instances
[2024-10-14T10:32:32.192581][INFO][seed175] Starting exact inference 
[2024-10-14T10:32:32.198313][INFO][seed44] 
[P([3]) [0.947, 0.053], P([2]) [0.001, 0.002, 0.001, 0.001, 0.0, 0.0, 0.995], P([1, 3]) [1.0, 0.0, 0.0, 1.0], P([0, 1, 2]) [1.0, 0.0, 0.0, 1.0, 0.0, 0.0, 1.0, 0.0, 0.0, 0.0, 1.0, 0.0, 1.0, 0.0, 0.0, 0.0, 0.0, 1.0, 0.0, 1.0, 0.0, 1.0, 0.0, 0.0, 0.0, 1.0, 0.0, 0.0, 0.0, 1.0, 0.0, 0.0, 1.0, 1.0, 0.0, 0.0, 0.0, 0.0, 1.0, 0.0, 1.0, 0.0]]

[2024-10-14T10:32:32.215274][INFO][seed98] Sampled 4300 data instances
[2024-10-14T10:32:32.211833][INFO][seed40] No feasible solution... resampling
[2024-10-14T10:32:32.217873][INFO][seed83] No feasible solution... resampling
[2024-10-14T10:32:32.222489][INFO][seed98] Starting exact inference 
[2024-10-14T10:32:32.247340][INFO][seed83] Sampled 2700 data instances
[2024-10-14T10:32:32.249148][INFO][seed40] Sampled 1800 data instances
[2024-10-14T10:32:32.257082][INFO][seed83] Starting exact inference 
[2024-10-14T10:32:32.257080][INFO][seed40] Starting exact inference 
[2024-10-14T10:32:32.283182][INFO][seed123] U cardinality: 9
[2024-10-14T10:32:32.288677][INFO][seed123] !0 = [0, 1, 3, 4, 5]
[2024-10-14T10:32:32.288906][INFO][seed29] U cardinality: 9
[2024-10-14T10:32:32.289208][INFO][seed123] 0 = [2, 6, 7, 8]
[2024-10-14T10:32:32.283528][INFO][seed98] No feasible solution... resampling
['genn.py', '1', '0.6', '0.5', '185', '3']
[2024-10-14T10:32:32.293899][INFO][seed33] U cardinality: 9
[2024-10-14T10:32:32.294113][INFO][seed29] !0 = [1, 2, 3, 6, 7]
[2024-10-14T10:32:32.296251][INFO][seed123] Dropping state 8
[2024-10-14T10:32:32.296853][INFO][seed29] 0 = [0, 4, 5, 8]
[2024-10-14T10:32:32.297763][INFO][seed123] Dropping state 7
[2024-10-14T10:32:32.299489][INFO][seed33] !0 = [0, 1, 3, 4, 7]
[2024-10-14T10:32:32.299985][INFO][seed33] 0 = [2, 5, 6, 8]
[2024-10-14T10:32:32.299073][INFO][seed123] Dropping state 6
[2024-10-14T10:32:32.301423][INFO][seed123] Dropping state 2
[2024-10-14T10:32:32.299294][INFO][seed175] No feasible solution... resampling
[2024-10-14T10:32:32.304111][INFO][seed29] Dropping state 5
[2024-10-14T10:32:32.304272][INFO][seed123] U cardinality: 5
[2024-10-14T10:32:32.305763][INFO][seed29] Dropping state 0
[2024-10-14T10:32:32.308654][INFO][seed29] U cardinality: 7
[2024-10-14T10:32:32.309004][INFO][seed33] Dropping state 6
[2024-10-14T10:32:32.311166][INFO][seed33] Dropping state 5
[2024-10-14T10:32:32.315681][INFO][seed123] 
[P([3]) [0.811, 0.189], P([2]) [0.001, 0.755, 0.021, 0.004, 0.219], P([1, 3]) [1.0, 0.0, 0.0, 1.0], P([0, 1, 2]) [1.0, 0.0, 0.0, 1.0, 0.0, 0.0, 1.0, 0.0, 0.0, 0.0, 1.0, 0.0, 0.0, 1.0, 0.0, 1.0, 0.0, 0.0, 0.0, 1.0, 0.0, 0.0, 1.0, 0.0, 0.0, 1.0, 0.0, 0.0, 0.0, 1.0]]

[2024-10-14T10:32:32.316291][INFO][seed33] U cardinality: 7
[2024-10-14T10:32:32.320423][INFO][seed29] 
[P([3]) [0.902, 0.098], P([2]) [0.001, 0.002, 0.695, 0.0, 0.001, 0.301, 0.0], P([1, 3]) [1.0, 0.0, 0.0, 1.0], P([0, 1, 2]) [1.0, 0.0, 0.0, 0.0, 1.0, 0.0, 1.0, 0.0, 0.0, 0.0, 0.0, 1.0, 0.0, 1.0, 0.0, 1.0, 0.0, 0.0, 0.0, 1.0, 0.0, 0.0, 1.0, 0.0, 0.0, 0.0, 1.0, 1.0, 0.0, 0.0, 0.0, 0.0, 1.0, 0.0, 1.0, 0.0, 0.0, 0.0, 1.0, 0.0, 0.0, 1.0]]

[2024-10-14T10:32:32.327459][INFO][seed33] 
[P([3]) [0.2, 0.8], P([2]) [0.002, 0.008, 0.0, 0.195, 0.323, 0.472, 0.0], P([1, 3]) [1.0, 0.0, 0.0, 1.0], P([0, 1, 2]) [1.0, 0.0, 0.0, 1.0, 0.0, 0.0, 1.0, 0.0, 0.0, 0.0, 1.0, 0.0, 1.0, 0.0, 0.0, 0.0, 0.0, 1.0, 0.0, 1.0, 0.0, 1.0, 0.0, 0.0, 0.0, 1.0, 0.0, 0.0, 1.0, 0.0, 0.0, 0.0, 1.0, 0.0, 1.0, 0.0, 0.0, 0.0, 1.0, 0.0, 0.0, 1.0]]

1 0.6 0.5 185
/mnt/beegfs/rcabanas/dev/credici/papers/zeros/code/GenerateNparents.java
[2024-10-14T10:32:32.338760][INFO][seed83] No feasible solution... resampling
[2024-10-14T10:32:32.341548][INFO][seed98] Sampled 4400 data instances
[2024-10-14T10:32:32.341759][INFO][seed98] Starting exact inference 
[2024-10-14T10:32:32.350502][INFO][seed175] Sampled 1800 data instances
[2024-10-14T10:32:32.352250][INFO][seed175] Starting exact inference 
[2024-10-14T10:32:32.358524][INFO][seed40] No feasible solution... resampling
[2024-10-14T10:32:32.371290][INFO][seed182] Sampled 1000 data instances
[2024-10-14T10:32:32.371558][INFO][seed182] Starting exact inference 
[2024-10-14T10:32:32.375036][INFO][seed83] Sampled 2800 data instances
[2024-10-14T10:32:32.390812][INFO][seed83] Starting exact inference 
[2024-10-14T10:32:32.394345][INFO][seed44] Sampled 1000 data instances
[2024-10-14T10:32:32.394672][INFO][seed44] Starting exact inference 
[2024-10-14T10:32:32.403600][INFO][seed98] No feasible solution... resampling
[2024-10-14T10:32:32.409388][INFO][seed40] Sampled 1900 data instances
[2024-10-14T10:32:32.418298][INFO][seed40] Starting exact inference 
[2024-10-14T10:32:32.423277][INFO][seed153] PS(V1,V0) in [0.0, 0.0]
[2024-10-14T10:32:32.426221][INFO][seed150] PS(V1,V0) in [0.0, 0.03168538004820411]
[2024-10-14T10:32:32.438862][INFO][seed153] No feasible solution... resampling
[2024-10-14T10:32:32.439068][INFO][seed150] PN(V1,V0) in [0.0, 1.0] 
[2024-10-14T10:32:32.432589][INFO][seed160] Set up logging
[2024-10-14T10:32:32.448201][INFO][seed160] args: -np;1;-nzr;0.6;-zdr;0.5;-o;/mnt/beegfs/rcabanas/dev/credici/papers/zeros/models/s3;-rw;-s;160;-ys;3
[2024-10-14T10:32:32.449091][INFO][seed98] Sampled 4500 data instances
[2024-10-14T10:32:32.458180][INFO][seed160] Starting logger with seed 160
[2024-10-14T10:32:32.460510][INFO][seed98] Starting exact inference 
[2024-10-14T10:32:32.468186][INFO][seed160] simple_nparents1_nzr06_zdr05_ysize3_160
[2024-10-14T10:32:32.472085][INFO][seed24] No feasible solution... resampling
[2024-10-14T10:32:32.477250][INFO][seed150] Saved data to: /mnt/beegfs/rcabanas/dev/credici/papers/zeros/models/s3/simple_nparents1_nzr06_zdr05_ysize3_150.csv
[2024-10-14T10:32:32.473833][INFO][seed83] No feasible solution... resampling
[2024-10-14T10:32:32.462709][INFO][seed36] Set up logging
[2024-10-14T10:32:32.485710][INFO][seed36] args: -np;1;-nzr;0.6;-zdr;0.5;-o;/mnt/beegfs/rcabanas/dev/credici/papers/zeros/models/s3;-rw;-s;36;-ys;3
[2024-10-14T10:32:32.497145][INFO][seed150] Saved model to: /mnt/beegfs/rcabanas/dev/credici/papers/zeros/models/s3/simple_nparents1_nzr06_zdr05_ysize3_150.uai
[2024-10-14T10:32:32.498425][INFO][seed175] No feasible solution... resampling
[2024-10-14T10:32:32.501529][INFO][seed150] Saved queries to: /mnt/beegfs/rcabanas/dev/credici/papers/zeros/models/s3/simple_nparents1_nzr06_zdr05_ysize3_150_query.csv
[2024-10-14T10:32:32.501602][INFO][seed150] Closing log file
[2024-10-14T10:32:32.501626][INFO][seed150] Closed log file
[2024-10-14T10:32:32.497292][INFO][seed36] Starting logger with seed 36
[2024-10-14T10:32:32.499085][INFO][seed40] No feasible solution... resampling
[2024-10-14T10:32:32.504117][INFO][seed36] simple_nparents1_nzr06_zdr05_ysize3_36
[2024-10-14T10:32:32.506491][INFO][seed123] Sampled 1000 data instances
[2024-10-14T10:32:32.507097][INFO][seed123] Starting exact inference 
[2024-10-14T10:32:32.511173][INFO][seed29] Sampled 1000 data instances
[2024-10-14T10:32:32.511486][INFO][seed29] Starting exact inference 
[2024-10-14T10:32:32.511421][INFO][seed83] Sampled 2900 data instances
[2024-10-14T10:32:32.511667][INFO][seed83] Starting exact inference 
[2024-10-14T10:32:32.514620][INFO][seed153] Sampled 1100 data instances
[2024-10-14T10:32:32.514958][INFO][seed153] Starting exact inference 
[2024-10-14T10:32:32.514863][INFO][seed98] No feasible solution... resampling
[2024-10-14T10:32:32.524489][INFO][seed33] Sampled 1000 data instances
[2024-10-14T10:32:32.524807][INFO][seed33] Starting exact inference 
[2024-10-14T10:32:32.533837][INFO][seed175] Sampled 1900 data instances
[2024-10-14T10:32:32.541770][INFO][seed40] Sampled 2000 data instances
[2024-10-14T10:32:32.543627][INFO][seed40] Starting exact inference 
[2024-10-14T10:32:32.550069][INFO][seed175] Starting exact inference 
[2024-10-14T10:32:32.552908][INFO][seed98] Sampled 4600 data instances
[2024-10-14T10:32:32.553018][INFO][seed98] Starting exact inference 
[2024-10-14T10:32:32.571739][INFO][seed24] Sampled 1100 data instances
[2024-10-14T10:32:32.571970][INFO][seed24] Starting exact inference 
[2024-10-14T10:32:32.587538][INFO][seed83] No feasible solution... resampling
[2024-10-14T10:32:32.619625][INFO][seed98] No feasible solution... resampling
[2024-10-14T10:32:32.628542][INFO][seed83] Sampled 3000 data instances
[2024-10-14T10:32:32.628759][INFO][seed83] Starting exact inference 
[2024-10-14T10:32:32.624655][INFO][seed40] No feasible solution... resampling
[2024-10-14T10:32:32.638380][INFO][seed175] No feasible solution... resampling
[2024-10-14T10:32:32.659308][INFO][seed153] PS(V1,V0) in [0.0, 0.0]
[2024-10-14T10:32:32.660973][INFO][seed153] No feasible solution... resampling
[2024-10-14T10:32:32.672337][INFO][seed98] Sampled 4700 data instances
[2024-10-14T10:32:32.672989][INFO][seed98] Starting exact inference 
[2024-10-14T10:32:32.675468][INFO][seed40] Sampled 2100 data instances
[2024-10-14T10:32:32.675690][INFO][seed40] Starting exact inference 
[2024-10-14T10:32:32.687050][INFO][seed175] Sampled 2000 data instances
[2024-10-14T10:32:32.695873][INFO][seed175] Starting exact inference 
#
# A fatal error has been detected by the Java Runtime Environment:
#
#  SIGBUS (0x7) at pc=0x00007f31f07dbd54, pid=120979, tid=120990
#
[2024-10-14T10:32:32.704981][INFO][seed83] No feasible solution... resampling
# JRE version: OpenJDK Runtime Environment (13.0.7+5) (build 13.0.7+5-Ubuntu-0ubuntu120.04)
# Java VM: OpenJDK 64-Bit Server VM (13.0.7+5-Ubuntu-0ubuntu120.04, mixed mode, tiered, serial gc, linux-amd64)
# Problematic frame:
# V  [libjvm.so+0x5b4d54]
#
# No core dump will be written. Core dumps have been disabled. To enable core dumping, try "ulimit -c unlimited" before starting Java again
#
# An error report file with more information is saved as:
# /mnt/beegfs/rcabanas/dev/credici/papers/zeros/code/hs_err_pid120979.log
#
# If you would like to submit a bug report, please visit:
#   Unknown
#
[2024-10-14T10:32:32.721280][INFO][seed24] PS(V1,V0) in [0.0, 1.0]
[2024-10-14T10:32:32.726325][INFO][seed160] U cardinality: 9
[2024-10-14T10:32:32.726853][INFO][seed153] Sampled 1200 data instances
[2024-10-14T10:32:32.727139][INFO][seed153] Starting exact inference 
[2024-10-14T10:32:32.728380][INFO][seed24] PN(V1,V0) in [0.0, 0.03240146713843203] 
[2024-10-14T10:32:32.741930][INFO][seed83] Sampled 3100 data instances
[2024-10-14T10:32:32.741068][INFO][seed160] !0 = [0, 2, 4, 6, 7]
[2024-10-14T10:32:32.741331][INFO][seed160] 0 = [1, 3, 5, 8]
[2024-10-14T10:32:32.737660][INFO][seed98] No feasible solution... resampling
[2024-10-14T10:32:32.745961][INFO][seed83] Starting exact inference 
[2024-10-14T10:32:32.746126][INFO][seed160] Dropping state 5
[2024-10-14T10:32:32.747082][INFO][seed160] Dropping state 1
[2024-10-14T10:32:32.749605][INFO][seed160] U cardinality: 7
[2024-10-14T10:32:32.755349][INFO][seed36] U cardinality: 9
[2024-10-14T10:32:32.758103][INFO][seed160] 
[P([3]) [0.392, 0.608], P([2]) [0.057, 0.005, 0.0, 0.004, 0.009, 0.925, 0.0], P([1, 3]) [1.0, 0.0, 0.0, 1.0], P([0, 1, 2]) [1.0, 0.0, 0.0, 1.0, 0.0, 0.0, 1.0, 0.0, 0.0, 0.0, 0.0, 1.0, 0.0, 1.0, 0.0, 1.0, 0.0, 0.0, 0.0, 1.0, 0.0, 0.0, 1.0, 0.0, 0.0, 0.0, 1.0, 1.0, 0.0, 0.0, 0.0, 0.0, 1.0, 0.0, 1.0, 0.0, 0.0, 0.0, 1.0, 0.0, 0.0, 1.0]]

[2024-10-14T10:32:32.759823][INFO][seed24] Saved data to: /mnt/beegfs/rcabanas/dev/credici/papers/zeros/models/s3/simple_nparents1_nzr06_zdr05_ysize3_24.csv
[2024-10-14T10:32:32.763420][INFO][seed36] !0 = [1, 3, 4, 6, 8]
[2024-10-14T10:32:32.764085][INFO][seed36] 0 = [0, 2, 5, 7]
[2024-10-14T10:32:32.758741][INFO][seed40] No feasible solution... resampling
[2024-10-14T10:32:32.770406][INFO][seed36] Dropping state 7
[2024-10-14T10:32:32.772096][INFO][seed36] Dropping state 5
[2024-10-14T10:32:32.773319][INFO][seed36] Dropping state 2
[2024-10-14T10:32:32.773785][INFO][seed24] Saved model to: /mnt/beegfs/rcabanas/dev/credici/papers/zeros/models/s3/simple_nparents1_nzr06_zdr05_ysize3_24.uai
[2024-10-14T10:32:32.775246][INFO][seed36] Dropping state 0
[2024-10-14T10:32:32.778435][INFO][seed36] U cardinality: 5
[2024-10-14T10:32:32.778949][INFO][seed98] Sampled 4800 data instances
[2024-10-14T10:32:32.779281][INFO][seed98] Starting exact inference 
[2024-10-14T10:32:32.778699][INFO][seed175] No feasible solution... resampling
[2024-10-14T10:32:32.786722][INFO][seed24] Saved queries to: /mnt/beegfs/rcabanas/dev/credici/papers/zeros/models/s3/simple_nparents1_nzr06_zdr05_ysize3_24_query.csv
[2024-10-14T10:32:32.786788][INFO][seed24] Closing log file
[2024-10-14T10:32:32.786813][INFO][seed24] Closed log file
[2024-10-14T10:32:32.795051][INFO][seed36] 
[P([3]) [0.414, 0.586], P([2]) [0.002, 0.001, 0.002, 0.002, 0.993], P([1, 3]) [1.0, 0.0, 0.0, 1.0], P([0, 1, 2]) [1.0, 0.0, 0.0, 0.0, 1.0, 0.0, 0.0, 1.0, 0.0, 1.0, 0.0, 0.0, 0.0, 1.0, 0.0, 0.0, 1.0, 0.0, 0.0, 0.0, 1.0, 1.0, 0.0, 0.0, 0.0, 0.0, 1.0, 0.0, 0.0, 1.0]]

Error in variable: 2
[2024-10-14T10:32:32.793504][INFO][seed153] No feasible solution... resampling
[2024-10-14T10:32:32.803490][INFO][seed40] Sampled 2200 data instances
[2024-10-14T10:32:32.803769][INFO][seed40] Starting exact inference 
[2024-10-14T10:32:32.822973][INFO][seed175] Sampled 2100 data instances
[2024-10-14T10:32:32.826692][INFO][seed175] Starting exact inference 
[2024-10-14T10:32:32.843357][INFO][seed98] No feasible solution... resampling
[2024-10-14T10:32:32.851737][INFO][seed83] No feasible solution... resampling
[2024-10-14T10:32:32.878001][INFO][seed98] Sampled 4900 data instances
[2024-10-14T10:32:32.878076][INFO][seed98] Starting exact inference 
[2024-10-14T10:32:32.879912][INFO][seed153] Sampled 1300 data instances
[2024-10-14T10:32:32.880165][INFO][seed153] Starting exact inference 
[2024-10-14T10:32:32.884936][INFO][seed83] Sampled 3200 data instances
[2024-10-14T10:32:32.889358][INFO][seed83] Starting exact inference 
[2024-10-14T10:32:32.892701][INFO][seed40] No feasible solution... resampling
['genn.py', '1', '0.6', '0.5', '15', '3']
[2024-10-14T10:32:32.931734][INFO][seed40] Sampled 2300 data instances
[2024-10-14T10:32:32.931965][INFO][seed40] Starting exact inference 
[2024-10-14T10:32:32.934720][INFO][seed98] No feasible solution... resampling
[2024-10-14T10:32:32.950689][INFO][seed175] No feasible solution... resampling
1 0.6 0.5 15
/mnt/beegfs/rcabanas/dev/credici/papers/zeros/code/GenerateNparents.java
[2024-10-14T10:32:32.973080][INFO][seed98] Sampled 5000 data instances
[2024-10-14T10:32:32.973159][INFO][seed98] Starting exact inference 
[2024-10-14T10:32:32.974176][INFO][seed175] Sampled 2200 data instances
[2024-10-14T10:32:32.971652][INFO][seed83] No feasible solution... resampling
[2024-10-14T10:32:32.990061][INFO][seed175] Starting exact inference 
[2024-10-14T10:32:32.995062][INFO][seed40] No feasible solution... resampling
[2024-10-14T10:32:33.011829][INFO][seed83] Sampled 3300 data instances
[2024-10-14T10:32:33.012135][INFO][seed83] Starting exact inference 
[2024-10-14T10:32:33.010881][INFO][seed98] No feasible solution... resampling
[2024-10-14T10:32:33.015680][INFO][seed36] Sampled 1000 data instances
[2024-10-14T10:32:33.016008][INFO][seed36] Starting exact inference 
[2024-10-14T10:32:33.017812][INFO][seed160] Sampled 1000 data instances
[2024-10-14T10:32:33.017907][INFO][seed160] Starting exact inference 
[2024-10-14T10:32:33.040672][INFO][seed40] Sampled 2400 data instances
[2024-10-14T10:32:33.040920][INFO][seed40] Starting exact inference 
[2024-10-14T10:32:33.045829][INFO][seed98] Sampled 5100 data instances
[2024-10-14T10:32:33.045910][INFO][seed98] Starting exact inference 
[2024-10-14T10:32:33.059151][INFO][seed153] PS(V1,V0) in [0.0, 0.3089080459770115]
[2024-10-14T10:32:33.067222][INFO][seed153] PN(V1,V0) in [0.0, 1.0] 
[2024-10-14T10:32:33.073901][INFO][seed175] No feasible solution... resampling
['genn.py', '1', '0.6', '0.5', '188', '3']
[2024-10-14T10:32:33.087075][INFO][seed73] PS(V1,V0) in [0.026018332031731678, 0.9580541740309918]
[2024-10-14T10:32:33.094446][INFO][seed73] PN(V1,V0) in [0.02406478102189781, 0.8861199817518249] 
[2024-10-14T10:32:33.098680][INFO][seed83] No feasible solution... resampling
[2024-10-14T10:32:33.106803][INFO][seed153] Saved data to: /mnt/beegfs/rcabanas/dev/credici/papers/zeros/models/s3/simple_nparents1_nzr06_zdr05_ysize3_153.csv
[2024-10-14T10:32:33.103179][INFO][seed98] No feasible solution... resampling
[2024-10-14T10:32:33.113287][INFO][seed175] Sampled 2300 data instances
[2024-10-14T10:32:33.113580][INFO][seed175] Starting exact inference 
[2024-10-14T10:32:33.114359][INFO][seed40] No feasible solution... resampling
1 0.6 0.5 188
/mnt/beegfs/rcabanas/dev/credici/papers/zeros/code/GenerateNparents.java
[2024-10-14T10:32:33.123451][INFO][seed153] Saved model to: /mnt/beegfs/rcabanas/dev/credici/papers/zeros/models/s3/simple_nparents1_nzr06_zdr05_ysize3_153.uai
[2024-10-14T10:32:33.127382][INFO][seed153] Saved queries to: /mnt/beegfs/rcabanas/dev/credici/papers/zeros/models/s3/simple_nparents1_nzr06_zdr05_ysize3_153_query.csv
[2024-10-14T10:32:33.127563][INFO][seed153] Closing log file
[2024-10-14T10:32:33.127646][INFO][seed153] Closed log file
[2024-10-14T10:32:33.129519][INFO][seed83] Sampled 3400 data instances
[2024-10-14T10:32:33.143485][INFO][seed73] Saved data to: /mnt/beegfs/rcabanas/dev/credici/papers/zeros/models/s3/simple_nparents1_nzr06_zdr05_ysize3_73.csv
[2024-10-14T10:32:33.147585][INFO][seed40] Sampled 2500 data instances
[2024-10-14T10:32:33.148169][INFO][seed40] Starting exact inference 
[2024-10-14T10:32:33.150065][INFO][seed83] Starting exact inference 
[2024-10-14T10:32:33.159818][INFO][seed73] Saved model to: /mnt/beegfs/rcabanas/dev/credici/papers/zeros/models/s3/simple_nparents1_nzr06_zdr05_ysize3_73.uai
[2024-10-14T10:32:33.164096][INFO][seed73] Saved queries to: /mnt/beegfs/rcabanas/dev/credici/papers/zeros/models/s3/simple_nparents1_nzr06_zdr05_ysize3_73_query.csv
[2024-10-14T10:32:33.164333][INFO][seed73] Closing log file
[2024-10-14T10:32:33.164416][INFO][seed73] Closed log file
['genn.py', '1', '0.6', '0.5', '28', '3']
[2024-10-14T10:32:33.174581][INFO][seed98] Sampled 5200 data instances
[2024-10-14T10:32:33.182488][INFO][seed98] Starting exact inference 
[2024-10-14T10:32:33.192819][INFO][seed175] No feasible solution... resampling
1 0.6 0.5 28
[2024-10-14T10:32:33.211768][INFO][seed83] No feasible solution... resampling
/mnt/beegfs/rcabanas/dev/credici/papers/zeros/code/GenerateNparents.java
[2024-10-14T10:32:33.230367][INFO][seed175] Sampled 2400 data instances
[2024-10-14T10:32:33.230603][INFO][seed175] Starting exact inference 
[2024-10-14T10:32:33.231210][INFO][seed40] No feasible solution... resampling
[2024-10-14T10:32:33.253746][INFO][seed83] Sampled 3500 data instances
[2024-10-14T10:32:33.253989][INFO][seed83] Starting exact inference 
[2024-10-14T10:32:33.258894][INFO][seed98] No feasible solution... resampling
[2024-10-14T10:32:33.263421][INFO][seed40] Sampled 2600 data instances
[2024-10-14T10:32:33.263637][INFO][seed40] Starting exact inference 
Error in variable: 2
[2024-10-14T10:32:33.296471][INFO][seed44] No feasible solution... resampling
[2024-10-14T10:32:33.303316][INFO][seed98] Sampled 5300 data instances
[2024-10-14T10:32:33.303527][INFO][seed98] Starting exact inference 
[2024-10-14T10:32:33.320002][INFO][seed175] No feasible solution... resampling
[2024-10-14T10:32:33.317597][INFO][seed83] No feasible solution... resampling
[2024-10-14T10:32:33.348058][INFO][seed175] Sampled 2500 data instances
[2024-10-14T10:32:33.345096][INFO][seed98] No feasible solution... resampling
[2024-10-14T10:32:33.351599][INFO][seed40] No feasible solution... resampling
[2024-10-14T10:32:33.355439][INFO][seed175] Starting exact inference 
[2024-10-14T10:32:33.359166][INFO][seed83] Sampled 3600 data instances
[2024-10-14T10:32:33.372061][INFO][seed83] Starting exact inference 
[2024-10-14T10:32:33.378180][INFO][seed44] Sampled 1100 data instances
[2024-10-14T10:32:33.378445][INFO][seed44] Starting exact inference 
[2024-10-14T10:32:33.382444][INFO][seed98] Sampled 5400 data instances
[2024-10-14T10:32:33.382526][INFO][seed98] Starting exact inference 
[2024-10-14T10:32:33.390218][INFO][seed40] Sampled 2700 data instances
[2024-10-14T10:32:33.390447][INFO][seed40] Starting exact inference 
[2024-10-14T10:32:33.410229][INFO][seed98] No feasible solution... resampling
[2024-10-14T10:32:33.433617][INFO][seed83] No feasible solution... resampling
[2024-10-14T10:32:33.447659][INFO][seed98] Sampled 5500 data instances
[2024-10-14T10:32:33.447732][INFO][seed98] Starting exact inference 
[2024-10-14T10:32:33.452784][INFO][seed175] No feasible solution... resampling
[2024-10-14T10:32:33.461835][INFO][seed182] PS(V1,V0) in [0.0, 0.4370679137860919]
[2024-10-14T10:32:33.458466][INFO][seed40] No feasible solution... resampling
[2024-10-14T10:32:33.479739][INFO][seed83] Sampled 3700 data instances
[2024-10-14T10:32:33.479976][INFO][seed83] Starting exact inference 
[2024-10-14T10:32:33.480914][INFO][seed182] PN(V1,V0) in [0.0, 1.0] 
[2024-10-14T10:32:33.487773][INFO][seed40] Sampled 2800 data instances
[2024-10-14T10:32:33.493014][INFO][seed40] Starting exact inference 
[2024-10-14T10:32:33.494121][INFO][seed175] Sampled 2600 data instances
[2024-10-14T10:32:33.494999][INFO][seed175] Starting exact inference 
[2024-10-14T10:32:33.493041][INFO][seed98] No feasible solution... resampling
[2024-10-14T10:32:33.513243][INFO][seed182] Saved data to: /mnt/beegfs/rcabanas/dev/credici/papers/zeros/models/s3/simple_nparents1_nzr06_zdr05_ysize3_182.csv
[2024-10-14T10:32:33.511149][INFO][seed194] Set up logging
[2024-10-14T10:32:33.526478][INFO][seed182] Saved model to: /mnt/beegfs/rcabanas/dev/credici/papers/zeros/models/s3/simple_nparents1_nzr06_zdr05_ysize3_182.uai
[2024-10-14T10:32:33.526608][INFO][seed194] args: -np;1;-nzr;0.6;-zdr;0.5;-o;/mnt/beegfs/rcabanas/dev/credici/papers/zeros/models/s3;-rw;-s;194;-ys;3
[2024-10-14T10:32:33.530771][INFO][seed182] Saved queries to: /mnt/beegfs/rcabanas/dev/credici/papers/zeros/models/s3/simple_nparents1_nzr06_zdr05_ysize3_182_query.csv
[2024-10-14T10:32:33.531209][INFO][seed98] Sampled 5600 data instances
[2024-10-14T10:32:33.531017][INFO][seed182] Closing log file
[2024-10-14T10:32:33.531279][INFO][seed98] Starting exact inference 
[2024-10-14T10:32:33.531111][INFO][seed182] Closed log file
[2024-10-14T10:32:33.538414][INFO][seed194] Starting logger with seed 194
[2024-10-14T10:32:33.538740][INFO][seed83] No feasible solution... resampling
[2024-10-14T10:32:33.548807][INFO][seed194] simple_nparents1_nzr06_zdr05_ysize3_194
['genn.py', '1', '0.6', '0.5', '165', '3']
['genn.py', '1', '0.6', '0.5', '47', '3']
[2024-10-14T10:32:33.572698][INFO][seed83] Sampled 3800 data instances
[2024-10-14T10:32:33.571511][INFO][seed98] No feasible solution... resampling
[2024-10-14T10:32:33.576945][INFO][seed175] No feasible solution... resampling
[2024-10-14T10:32:33.574097][INFO][seed40] No feasible solution... resampling
[2024-10-14T10:32:33.582487][INFO][seed83] Starting exact inference 
[2024-10-14T10:32:33.574321][INFO][seed113] Set up logging
[2024-10-14T10:32:33.594110][INFO][seed113] args: -np;1;-nzr;0.6;-zdr;0.5;-o;/mnt/beegfs/rcabanas/dev/credici/papers/zeros/models/s3;-rw;-s;113;-ys;3
[2024-10-14T10:32:33.601086][INFO][seed33] PS(V1,V0) in [0.0, 1.0]
[2024-10-14T10:32:33.604512][INFO][seed175] Sampled 2700 data instances
[2024-10-14T10:32:33.605912][INFO][seed40] Sampled 2900 data instances
1 0.6 0.5 165
/mnt/beegfs/rcabanas/dev/credici/papers/zeros/code/GenerateNparents.java
1 0.6 0.5 47
/mnt/beegfs/rcabanas/dev/credici/papers/zeros/code/GenerateNparents.java
[2024-10-14T10:32:33.611656][INFO][seed40] Starting exact inference 
[2024-10-14T10:32:33.611906][INFO][seed123] PS(V1,V0) in [0.9758006559433432, 1.0]
[2024-10-14T10:32:33.607324][INFO][seed113] Starting logger with seed 113
[2024-10-14T10:32:33.613303][INFO][seed113] simple_nparents1_nzr06_zdr05_ysize3_113
[2024-10-14T10:32:33.614263][INFO][seed175] Starting exact inference 
[2024-10-14T10:32:33.608255][INFO][seed33] PN(V1,V0) in [0.0, 0.006514657980456026] 
[2024-10-14T10:32:33.616379][INFO][seed98] Sampled 5700 data instances
[2024-10-14T10:32:33.616595][INFO][seed98] Starting exact inference 
[2024-10-14T10:32:33.623388][INFO][seed44] PS(V1,V0) in [1.0, 1.0]
[2024-10-14T10:32:33.625565][INFO][seed123] PN(V1,V0) in [0.9324035808372767, 0.9555267002110047] 
[2024-10-14T10:32:33.630230][INFO][seed44] PN(V1,V0) in [0.00678, 0.00678] 
[2024-10-14T10:32:33.630936][INFO][seed29] No feasible solution... resampling
[2024-10-14T10:32:33.637216][INFO][seed33] Saved data to: /mnt/beegfs/rcabanas/dev/credici/papers/zeros/models/s3/simple_nparents1_nzr06_zdr05_ysize3_33.csv
[2024-10-14T10:32:33.656011][INFO][seed33] Saved model to: /mnt/beegfs/rcabanas/dev/credici/papers/zeros/models/s3/simple_nparents1_nzr06_zdr05_ysize3_33.uai
[2024-10-14T10:32:33.657235][INFO][seed98] No feasible solution... resampling
[2024-10-14T10:32:33.669247][INFO][seed33] Saved queries to: /mnt/beegfs/rcabanas/dev/credici/papers/zeros/models/s3/simple_nparents1_nzr06_zdr05_ysize3_33_query.csv
[2024-10-14T10:32:33.669332][INFO][seed33] Closing log file
[2024-10-14T10:32:33.669358][INFO][seed33] Closed log file
[2024-10-14T10:32:33.669443][INFO][seed44] Saved data to: /mnt/beegfs/rcabanas/dev/credici/papers/zeros/models/s3/simple_nparents1_nzr06_zdr05_ysize3_44.csv
[2024-10-14T10:32:33.673532][INFO][seed123] Saved data to: /mnt/beegfs/rcabanas/dev/credici/papers/zeros/models/s3/simple_nparents1_nzr06_zdr05_ysize3_123.csv
[2024-10-14T10:32:33.671589][INFO][seed83] No feasible solution... resampling
[2024-10-14T10:32:33.680122][INFO][seed44] Saved model to: /mnt/beegfs/rcabanas/dev/credici/papers/zeros/models/s3/simple_nparents1_nzr06_zdr05_ysize3_44.uai
[2024-10-14T10:32:33.678748][INFO][seed40] No feasible solution... resampling
[2024-10-14T10:32:33.684207][INFO][seed44] Saved queries to: /mnt/beegfs/rcabanas/dev/credici/papers/zeros/models/s3/simple_nparents1_nzr06_zdr05_ysize3_44_query.csv
[2024-10-14T10:32:33.684398][INFO][seed44] Closing log file
[2024-10-14T10:32:33.684487][INFO][seed44] Closed log file
[2024-10-14T10:32:33.684873][INFO][seed123] Saved model to: /mnt/beegfs/rcabanas/dev/credici/papers/zeros/models/s3/simple_nparents1_nzr06_zdr05_ysize3_123.uai
[2024-10-14T10:32:33.688726][INFO][seed123] Saved queries to: /mnt/beegfs/rcabanas/dev/credici/papers/zeros/models/s3/simple_nparents1_nzr06_zdr05_ysize3_123_query.csv
[2024-10-14T10:32:33.688954][INFO][seed123] Closing log file
[2024-10-14T10:32:33.689048][INFO][seed123] Closed log file
[2024-10-14T10:32:33.698172][INFO][seed98] Sampled 5800 data instances
[2024-10-14T10:32:33.698253][INFO][seed98] Starting exact inference 
[2024-10-14T10:32:33.705085][INFO][seed40] Sampled 3000 data instances
[2024-10-14T10:32:33.704040][INFO][seed175] No feasible solution... resampling
[2024-10-14T10:32:33.707908][INFO][seed83] Sampled 3900 data instances
[2024-10-14T10:32:33.708121][INFO][seed83] Starting exact inference 
[2024-10-14T10:32:33.712665][INFO][seed29] Sampled 1100 data instances
[2024-10-14T10:32:33.713315][INFO][seed29] Starting exact inference 
[2024-10-14T10:32:33.717080][INFO][seed40] Starting exact inference 
[2024-10-14T10:32:33.732364][INFO][seed175] Sampled 2800 data instances
[2024-10-14T10:32:33.740260][INFO][seed175] Starting exact inference 
[2024-10-14T10:32:33.738668][INFO][seed98] No feasible solution... resampling
[2024-10-14T10:32:33.773276][INFO][seed83] No feasible solution... resampling
[2024-10-14T10:32:33.779232][INFO][seed98] Sampled 5900 data instances
[2024-10-14T10:32:33.779312][INFO][seed98] Starting exact inference 
[2024-10-14T10:32:33.763859][INFO][seed62] Set up logging
[2024-10-14T10:32:33.781535][INFO][seed62] args: -np;1;-nzr;0.6;-zdr;0.5;-o;/mnt/beegfs/rcabanas/dev/credici/papers/zeros/models/s3;-rw;-s;62;-ys;3
[2024-10-14T10:32:33.794378][INFO][seed62] Starting logger with seed 62
[2024-10-14T10:32:33.795563][INFO][seed40] No feasible solution... resampling
[2024-10-14T10:32:33.799368][INFO][seed62] simple_nparents1_nzr06_zdr05_ysize3_62
[2024-10-14T10:32:33.809933][INFO][seed98] No feasible solution... resampling
[2024-10-14T10:32:33.819234][INFO][seed194] U cardinality: 9
[2024-10-14T10:32:33.822699][INFO][seed83] Sampled 4000 data instances
[2024-10-14T10:32:33.822944][INFO][seed83] Starting exact inference 
[2024-10-14T10:32:33.824303][INFO][seed194] !0 = [0, 2, 3, 7, 8]
[2024-10-14T10:32:33.824994][INFO][seed194] 0 = [1, 4, 5, 6]
[2024-10-14T10:32:33.830214][INFO][seed40] Sampled 3100 data instances
[2024-10-14T10:32:33.831770][INFO][seed194] Dropping state 6
[2024-10-14T10:32:33.833108][INFO][seed194] Dropping state 5
[2024-10-14T10:32:33.833844][INFO][seed194] Dropping state 1
[2024-10-14T10:32:33.834079][INFO][seed40] Starting exact inference 
[2024-10-14T10:32:33.836673][INFO][seed194] U cardinality: 6
[2024-10-14T10:32:33.834913][INFO][seed175] No feasible solution... resampling
[2024-10-14T10:32:33.837244][INFO][seed113] U cardinality: 9
[2024-10-14T10:32:33.843054][INFO][seed113] !0 = [0, 1, 4, 5, 8]
[2024-10-14T10:32:33.843692][INFO][seed113] 0 = [2, 3, 6, 7]
[2024-10-14T10:32:33.848791][INFO][seed194] 
[P([3]) [0.91, 0.09], P([2]) [0.001, 0.355, 0.52, 0.0, 0.001, 0.123], P([1, 3]) [1.0, 0.0, 0.0, 1.0], P([0, 1, 2]) [1.0, 0.0, 0.0, 1.0, 0.0, 0.0, 1.0, 0.0, 0.0, 0.0, 0.0, 1.0, 0.0, 1.0, 0.0, 1.0, 0.0, 0.0, 0.0, 1.0, 0.0, 0.0, 1.0, 0.0, 0.0, 0.0, 1.0, 0.0, 1.0, 0.0, 0.0, 0.0, 1.0, 0.0, 0.0, 1.0]]

[2024-10-14T10:32:33.850560][INFO][seed98] Sampled 6000 data instances
[2024-10-14T10:32:33.850542][INFO][seed113] Dropping state 7
[2024-10-14T10:32:33.850635][INFO][seed98] Starting exact inference 
[2024-10-14T10:32:33.852873][INFO][seed113] U cardinality: 8
[2024-10-14T10:32:33.859758][INFO][seed175] Sampled 2900 data instances
[2024-10-14T10:32:33.863119][INFO][seed113] 
[P([3]) [0.959, 0.041], P([2]) [0.006, 0.002, 0.0, 0.0, 0.487, 0.084, 0.0, 0.421], P([1, 3]) [1.0, 0.0, 0.0, 1.0], P([0, 1, 2]) [1.0, 0.0, 0.0, 1.0, 0.0, 0.0, 1.0, 0.0, 0.0, 0.0, 1.0, 0.0, 1.0, 0.0, 0.0, 0.0, 0.0, 1.0, 0.0, 1.0, 0.0, 1.0, 0.0, 0.0, 0.0, 1.0, 0.0, 0.0, 1.0, 0.0, 0.0, 1.0, 0.0, 0.0, 0.0, 1.0, 0.0, 0.0, 1.0, 1.0, 0.0, 0.0, 0.0, 0.0, 1.0, 0.0, 0.0, 1.0]]

[2024-10-14T10:32:33.863402][INFO][seed175] Starting exact inference 
[2024-10-14T10:32:33.863656][INFO][seed29] PS(V1,V0) in [1.0, 1.0]
Error in variable: 2
[2024-10-14T10:32:33.851012][INFO][seed36] No feasible solution... resampling
[2024-10-14T10:32:33.869630][INFO][seed29] PN(V1,V0) in [0.020313383410063807, 0.020313383410063807] 
[2024-10-14T10:32:33.898404][INFO][seed83] No feasible solution... resampling
[2024-10-14T10:32:33.909243][INFO][seed29] Saved data to: /mnt/beegfs/rcabanas/dev/credici/papers/zeros/models/s3/simple_nparents1_nzr06_zdr05_ysize3_29.csv
Removed 000
Removed 000
Removed 000
Removed 000
[2024-10-14T10:32:33.916806][INFO][seed36] Sampled 1100 data instances
Error in variable: 2
[2024-10-14T10:32:33.919304][INFO][seed160] No feasible solution... resampling
[2024-10-14T10:32:33.919898][INFO][seed29] Saved model to: /mnt/beegfs/rcabanas/dev/credici/papers/zeros/models/s3/simple_nparents1_nzr06_zdr05_ysize3_29.uai
[2024-10-14T10:32:33.916954][INFO][seed98] No feasible solution... resampling
[2024-10-14T10:32:33.918570][INFO][seed40] No feasible solution... resampling
[2024-10-14T10:32:33.924111][INFO][seed29] Saved queries to: /mnt/beegfs/rcabanas/dev/credici/papers/zeros/models/s3/simple_nparents1_nzr06_zdr05_ysize3_29_query.csv
[2024-10-14T10:32:33.924350][INFO][seed29] Closing log file
[2024-10-14T10:32:33.924432][INFO][seed29] Closed log file
[2024-10-14T10:32:33.927870][INFO][seed36] Starting exact inference 
['genn.py', '1', '0.6', '0.5', '74', '3']
[2024-10-14T10:32:33.943706][INFO][seed83] Sampled 4100 data instances
[2024-10-14T10:32:33.948452][INFO][seed40] Sampled 3200 data instances
[2024-10-14T10:32:33.951915][INFO][seed175] No feasible solution... resampling
[2024-10-14T10:32:33.956099][INFO][seed40] Starting exact inference 
[2024-10-14T10:32:33.956062][INFO][seed83] Starting exact inference 
[2024-10-14T10:32:33.958593][INFO][seed98] Sampled 6100 data instances
[2024-10-14T10:32:33.958663][INFO][seed98] Starting exact inference 
[2024-10-14T10:32:33.976396][INFO][seed175] Sampled 3000 data instances
1 0.6 0.5 74
/mnt/beegfs/rcabanas/dev/credici/papers/zeros/code/GenerateNparents.java
[2024-10-14T10:32:33.986607][INFO][seed175] Starting exact inference 
[2024-10-14T10:32:33.999118][INFO][seed160] Sampled 1100 data instances
[2024-10-14T10:32:33.999803][INFO][seed160] Starting exact inference 
[2024-10-14T10:32:33.999248][INFO][seed98] No feasible solution... resampling
Error in variable: 2
[2024-10-14T10:32:34.007965][INFO][seed36] No feasible solution... resampling
[2024-10-14T10:32:34.008215][INFO][seed62] U cardinality: 9
[2024-10-14T10:32:34.013791][INFO][seed62] !0 = [1, 3, 4, 5, 6]
[2024-10-14T10:32:34.015866][INFO][seed62] 0 = [0, 2, 7, 8]
[2024-10-14T10:32:34.022064][INFO][seed62] Dropping state 7
[2024-10-14T10:32:34.022784][INFO][seed62] Dropping state 2
[2024-10-14T10:32:34.025783][INFO][seed62] U cardinality: 7
[2024-10-14T10:32:34.021519][INFO][seed83] No feasible solution... resampling
[2024-10-14T10:32:34.039681][INFO][seed62] 
[P([3]) [0.411, 0.589], P([2]) [0.0, 0.008, 0.476, 0.028, 0.196, 0.292, 0.0], P([1, 3]) [1.0, 0.0, 0.0, 1.0], P([0, 1, 2]) [1.0, 0.0, 0.0, 1.0, 0.0, 0.0, 1.0, 0.0, 0.0, 0.0, 1.0, 0.0, 0.0, 1.0, 0.0, 1.0, 0.0, 0.0, 0.0, 1.0, 0.0, 0.0, 1.0, 0.0, 0.0, 1.0, 0.0, 0.0, 0.0, 1.0, 0.0, 0.0, 1.0, 1.0, 0.0, 0.0, 0.0, 0.0, 1.0, 0.0, 0.0, 1.0]]

[2024-10-14T10:32:34.041184][INFO][seed113] Sampled 1000 data instances
[2024-10-14T10:32:34.041429][INFO][seed113] Starting exact inference 
[2024-10-14T10:32:34.042303][INFO][seed98] Sampled 6200 data instances
[2024-10-14T10:32:34.042379][INFO][seed98] Starting exact inference 
[2024-10-14T10:32:34.042600][INFO][seed194] Sampled 1000 data instances
[2024-10-14T10:32:34.042843][INFO][seed194] Starting exact inference 
[2024-10-14T10:32:34.038481][INFO][seed40] No feasible solution... resampling
[2024-10-14T10:32:34.063423][INFO][seed175] No feasible solution... resampling
[2024-10-14T10:32:34.069513][INFO][seed83] Sampled 4200 data instances
['genn.py', '1', '0.6', '0.5', '10', '3']
[2024-10-14T10:32:34.076261][INFO][seed83] Starting exact inference 
[2024-10-14T10:32:34.078267][INFO][seed40] Sampled 3300 data instances
[2024-10-14T10:32:34.078526][INFO][seed40] Starting exact inference 
[2024-10-14T10:32:34.079888][INFO][seed98] No feasible solution... resampling
[2024-10-14T10:32:34.088067][INFO][seed36] Sampled 1200 data instances
[2024-10-14T10:32:34.088381][INFO][seed36] Starting exact inference 
['genn.py', '1', '0.6', '0.5', '105', '3']
[2024-10-14T10:32:34.106123][INFO][seed175] Sampled 3100 data instances
[2024-10-14T10:32:34.106610][INFO][seed175] Starting exact inference 
1 0.6 0.5 10
/mnt/beegfs/rcabanas/dev/credici/papers/zeros/code/GenerateNparents.java
[2024-10-14T10:32:34.124402][INFO][seed98] Sampled 6300 data instances
[2024-10-14T10:32:34.124485][INFO][seed98] Starting exact inference 
1 0.6 0.5 105
/mnt/beegfs/rcabanas/dev/credici/papers/zeros/code/GenerateNparents.java
[2024-10-14T10:32:34.140357][INFO][seed40] No feasible solution... resampling
['genn.py', '1', '0.6', '0.5', '79', '3']
[2024-10-14T10:32:34.159530][INFO][seed98] No feasible solution... resampling
[2024-10-14T10:32:34.158503][INFO][seed83] No feasible solution... resampling
Error in variable: 2
[2024-10-14T10:32:34.177470][INFO][seed36] No feasible solution... resampling
1 0.6 0.5 79
/mnt/beegfs/rcabanas/dev/credici/papers/zeros/code/GenerateNparents.java
[2024-10-14T10:32:34.187389][INFO][seed40] Sampled 3400 data instances
[2024-10-14T10:32:34.187704][INFO][seed40] Starting exact inference 
[2024-10-14T10:32:34.198377][INFO][seed175] No feasible solution... resampling
[2024-10-14T10:32:34.208966][INFO][seed98] Sampled 6400 data instances
[2024-10-14T10:32:34.209183][INFO][seed98] Starting exact inference 
[2024-10-14T10:32:34.213296][INFO][seed83] Sampled 4300 data instances
[2024-10-14T10:32:34.213614][INFO][seed83] Starting exact inference 
[2024-10-14T10:32:34.217976][INFO][seed36] Sampled 1300 data instances
[2024-10-14T10:32:34.218277][INFO][seed36] Starting exact inference 
[2024-10-14T10:32:34.230058][INFO][seed175] Sampled 3200 data instances
[2024-10-14T10:32:34.233812][INFO][seed62] Sampled 1000 data instances
[2024-10-14T10:32:34.234049][INFO][seed62] Starting exact inference 
[2024-10-14T10:32:34.239659][INFO][seed160] PS(V1,V0) in [0.0, 0.0]
[2024-10-14T10:32:34.241927][INFO][seed98] No feasible solution... resampling
[2024-10-14T10:32:34.243272][INFO][seed175] Starting exact inference 
[2024-10-14T10:32:34.245171][INFO][seed160] PN(V1,V0) in [0.0, 0.0] 
[2024-10-14T10:32:34.258518][INFO][seed40] No feasible solution... resampling
[2024-10-14T10:32:34.277203][INFO][seed160] Saved data to: /mnt/beegfs/rcabanas/dev/credici/papers/zeros/models/s3/simple_nparents1_nzr06_zdr05_ysize3_160.csv
[2024-10-14T10:32:34.278461][INFO][seed83] No feasible solution... resampling
[2024-10-14T10:32:34.285904][INFO][seed98] Sampled 6500 data instances
[2024-10-14T10:32:34.285978][INFO][seed98] Starting exact inference 
[2024-10-14T10:32:34.291379][INFO][seed40] Sampled 3500 data instances
[2024-10-14T10:32:34.297505][INFO][seed40] Starting exact inference 
[2024-10-14T10:32:34.300380][INFO][seed160] Saved model to: /mnt/beegfs/rcabanas/dev/credici/papers/zeros/models/s3/simple_nparents1_nzr06_zdr05_ysize3_160.uai
[2024-10-14T10:32:34.304465][INFO][seed160] Saved queries to: /mnt/beegfs/rcabanas/dev/credici/papers/zeros/models/s3/simple_nparents1_nzr06_zdr05_ysize3_160_query.csv
[2024-10-14T10:32:34.304726][INFO][seed160] Closing log file
[2024-10-14T10:32:34.304815][INFO][seed160] Closed log file
Error in variable: 2
[2024-10-14T10:32:34.310437][INFO][seed36] No feasible solution... resampling
[2024-10-14T10:32:34.316800][INFO][seed98] No feasible solution... resampling
[2024-10-14T10:32:34.333498][INFO][seed83] Sampled 4400 data instances
[2024-10-14T10:32:34.333807][INFO][seed83] Starting exact inference 
[2024-10-14T10:32:34.335890][INFO][seed175] No feasible solution... resampling
[2024-10-14T10:32:34.345029][INFO][seed36] Sampled 1400 data instances
[2024-10-14T10:32:34.345286][INFO][seed36] Starting exact inference 
[2024-10-14T10:32:34.329878][INFO][seed185] Set up logging
[2024-10-14T10:32:34.358013][INFO][seed185] args: -np;1;-nzr;0.6;-zdr;0.5;-o;/mnt/beegfs/rcabanas/dev/credici/papers/zeros/models/s3;-rw;-s;185;-ys;3
[2024-10-14T10:32:34.361549][INFO][seed98] Sampled 6600 data instances
[2024-10-14T10:32:34.361625][INFO][seed98] Starting exact inference 
[2024-10-14T10:32:34.359534][INFO][seed185] Starting logger with seed 185
[2024-10-14T10:32:34.367534][INFO][seed185] simple_nparents1_nzr06_zdr05_ysize3_185
[2024-10-14T10:32:34.376471][INFO][seed175] Sampled 3300 data instances
[2024-10-14T10:32:34.376706][INFO][seed175] Starting exact inference 
[2024-10-14T10:32:34.360918][INFO][seed157] Set up logging
[2024-10-14T10:32:34.385365][INFO][seed157] args: -np;1;-nzr;0.6;-zdr;0.5;-o;/mnt/beegfs/rcabanas/dev/credici/papers/zeros/models/s3;-rw;-s;157;-ys;3
[2024-10-14T10:32:34.387073][INFO][seed157] Starting logger with seed 157
[2024-10-14T10:32:34.382933][INFO][seed40] No feasible solution... resampling
[2024-10-14T10:32:34.393613][INFO][seed98] No feasible solution... resampling
[2024-10-14T10:32:34.398601][INFO][seed83] No feasible solution... resampling
['genn.py', '1', '0.6', '0.5', '130', '3']
[2024-10-14T10:32:34.410205][INFO][seed40] Sampled 3600 data instances
[2024-10-14T10:32:34.416215][INFO][seed40] Starting exact inference 
Error in variable: 2
[2024-10-14T10:32:34.416423][INFO][seed36] No feasible solution... resampling
[2024-10-14T10:32:34.441133][INFO][seed98] Sampled 6700 data instances
[2024-10-14T10:32:34.441207][INFO][seed98] Starting exact inference 
1 0.6 0.5 130
/mnt/beegfs/rcabanas/dev/credici/papers/zeros/code/GenerateNparents.java
[2024-10-14T10:32:34.447986][INFO][seed83] Sampled 4500 data instances
[2024-10-14T10:32:34.450894][INFO][seed83] Starting exact inference 
[2024-10-14T10:32:34.458105][INFO][seed157] simple_nparents1_nzr06_zdr05_ysize3_157
[2024-10-14T10:32:34.463196][INFO][seed36] Sampled 1500 data instances
[2024-10-14T10:32:34.463467][INFO][seed36] Starting exact inference 
[2024-10-14T10:32:34.470719][INFO][seed175] No feasible solution... resampling
[2024-10-14T10:32:34.477717][INFO][seed98] No feasible solution... resampling
[2024-10-14T10:32:34.485934][INFO][seed40] No feasible solution... resampling
[2024-10-14T10:32:34.496379][INFO][seed175] Sampled 3400 data instances
[2024-10-14T10:32:34.501172][INFO][seed175] Starting exact inference 
[2024-10-14T10:32:34.518070][INFO][seed40] Sampled 3700 data instances
[2024-10-14T10:32:34.518382][INFO][seed40] Starting exact inference 
[2024-10-14T10:32:34.523629][INFO][seed98] Sampled 6800 data instances
[2024-10-14T10:32:34.523703][INFO][seed98] Starting exact inference 
[2024-10-14T10:32:34.535432][INFO][seed83] No feasible solution... resampling
Error in variable: 2
[2024-10-14T10:32:34.542783][INFO][seed36] No feasible solution... resampling
[2024-10-14T10:32:34.564002][INFO][seed98] No feasible solution... resampling
[2024-10-14T10:32:34.571881][INFO][seed83] Sampled 4600 data instances
[2024-10-14T10:32:34.573849][INFO][seed83] Starting exact inference 
[2024-10-14T10:32:34.578719][INFO][seed185] U cardinality: 9
[2024-10-14T10:32:34.582898][INFO][seed185] !0 = [0, 1, 2, 5, 6]
[2024-10-14T10:32:34.583196][INFO][seed185] 0 = [3, 4, 7, 8]
[2024-10-14T10:32:34.578325][INFO][seed175] No feasible solution... resampling
[2024-10-14T10:32:34.584597][INFO][seed40] No feasible solution... resampling
[2024-10-14T10:32:34.587211][INFO][seed185] Dropping state 8
[2024-10-14T10:32:34.587892][INFO][seed185] Dropping state 7
[2024-10-14T10:32:34.588497][INFO][seed185] Dropping state 3
[2024-10-14T10:32:34.590005][INFO][seed36] Sampled 1600 data instances
[2024-10-14T10:32:34.590288][INFO][seed36] Starting exact inference 
[2024-10-14T10:32:34.590593][INFO][seed185] U cardinality: 6
[2024-10-14T10:32:34.598471][INFO][seed185] 
[P([3]) [0.182, 0.818], P([2]) [0.848, 0.002, 0.001, 0.0, 0.002, 0.147], P([1, 3]) [1.0, 0.0, 0.0, 1.0], P([0, 1, 2]) [1.0, 0.0, 0.0, 1.0, 0.0, 0.0, 1.0, 0.0, 0.0, 0.0, 1.0, 0.0, 1.0, 0.0, 0.0, 0.0, 0.0, 1.0, 0.0, 1.0, 0.0, 0.0, 1.0, 0.0, 0.0, 1.0, 0.0, 0.0, 0.0, 1.0, 0.0, 0.0, 1.0, 1.0, 0.0, 0.0]]

[2024-10-14T10:32:34.618749][INFO][seed175] Sampled 3500 data instances
[2024-10-14T10:32:34.618985][INFO][seed175] Starting exact inference 
[2024-10-14T10:32:34.622659][INFO][seed40] Sampled 3800 data instances
[2024-10-14T10:32:34.622959][INFO][seed40] Starting exact inference 
[2024-10-14T10:32:34.631652][INFO][seed157] U cardinality: 9
[2024-10-14T10:32:34.634606][INFO][seed98] Sampled 6900 data instances
[2024-10-14T10:32:34.634758][INFO][seed98] Starting exact inference 
[2024-10-14T10:32:34.637913][INFO][seed157] !0 = [1, 2, 4, 5, 6]
[2024-10-14T10:32:34.638449][INFO][seed157] 0 = [0, 3, 7, 8]
[2024-10-14T10:32:34.641265][INFO][seed157] U cardinality: 9
[2024-10-14T10:32:34.647800][INFO][seed157] 
[P([3]) [0.893, 0.107], P([2]) [0.0, 0.047, 0.256, 0.0, 0.097, 0.053, 0.547, 0.0, 0.0], P([1, 3]) [1.0, 0.0, 0.0, 1.0], P([0, 1, 2]) [1.0, 0.0, 0.0, 1.0, 0.0, 0.0, 1.0, 0.0, 0.0, 0.0, 1.0, 0.0, 1.0, 0.0, 0.0, 0.0, 0.0, 1.0, 0.0, 1.0, 0.0, 1.0, 0.0, 0.0, 0.0, 1.0, 0.0, 0.0, 1.0, 0.0, 0.0, 1.0, 0.0, 0.0, 0.0, 1.0, 0.0, 0.0, 1.0, 1.0, 0.0, 0.0, 0.0, 0.0, 1.0, 0.0, 1.0, 0.0, 0.0, 0.0, 1.0, 0.0, 0.0, 1.0]]

[2024-10-14T10:32:34.671523][INFO][seed83] No feasible solution... resampling
[2024-10-14T10:32:34.673820][INFO][seed40] No feasible solution... resampling
[2024-10-14T10:32:34.690129][INFO][seed98] No feasible solution... resampling
[2024-10-14T10:32:34.708272][INFO][seed40] Sampled 3900 data instances
[2024-10-14T10:32:34.708589][INFO][seed40] Starting exact inference 
[2024-10-14T10:32:34.711250][INFO][seed83] Sampled 4700 data instances
[2024-10-14T10:32:34.711713][INFO][seed83] Starting exact inference 
[2024-10-14T10:32:34.715527][INFO][seed175] No feasible solution... resampling
['genn.py', '1', '0.6', '0.5', '80', '3']
[2024-10-14T10:32:34.737828][INFO][seed98] Sampled 7000 data instances
[2024-10-14T10:32:34.737906][INFO][seed98] Starting exact inference 
Error in variable: 2
[2024-10-14T10:32:34.743590][INFO][seed194] No feasible solution... resampling
[2024-10-14T10:32:34.762259][INFO][seed175] Sampled 3600 data instances
[2024-10-14T10:32:34.762692][INFO][seed175] Starting exact inference 
1 0.6 0.5 80
/mnt/beegfs/rcabanas/dev/credici/papers/zeros/code/GenerateNparents.java
[2024-10-14T10:32:34.776786][INFO][seed36] PS(V1,V0) in [1.0, 1.0]
[2024-10-14T10:32:34.778101][INFO][seed40] No feasible solution... resampling
[2024-10-14T10:32:34.787545][INFO][seed83] No feasible solution... resampling
[2024-10-14T10:32:34.790073][INFO][seed98] No feasible solution... resampling
[2024-10-14T10:32:34.794844][INFO][seed36] PN(V1,V0) in [0.34965034965034963, 0.34965034965034963] 
[2024-10-14T10:32:34.814202][INFO][seed185] Sampled 1000 data instances
[2024-10-14T10:32:34.814458][INFO][seed185] Starting exact inference 
[2024-10-14T10:32:34.815736][INFO][seed40] Sampled 4000 data instances
[2024-10-14T10:32:34.817211][INFO][seed36] Saved data to: /mnt/beegfs/rcabanas/dev/credici/papers/zeros/models/s3/simple_nparents1_nzr06_zdr05_ysize3_36.csv
[2024-10-14T10:32:34.818602][INFO][seed194] Sampled 1100 data instances
[2024-10-14T10:32:34.818875][INFO][seed194] Starting exact inference 
[2024-10-14T10:32:34.821974][INFO][seed40] Starting exact inference 
[2024-10-14T10:32:34.828305][INFO][seed83] Sampled 4800 data instances
[2024-10-14T10:32:34.828619][INFO][seed83] Starting exact inference 
[2024-10-14T10:32:34.836095][INFO][seed36] Saved model to: /mnt/beegfs/rcabanas/dev/credici/papers/zeros/models/s3/simple_nparents1_nzr06_zdr05_ysize3_36.uai
[2024-10-14T10:32:34.840540][INFO][seed36] Saved queries to: /mnt/beegfs/rcabanas/dev/credici/papers/zeros/models/s3/simple_nparents1_nzr06_zdr05_ysize3_36_query.csv
[2024-10-14T10:32:34.840749][INFO][seed36] Closing log file
[2024-10-14T10:32:34.840832][INFO][seed36] Closed log file
[2024-10-14T10:32:34.843872][INFO][seed98] Sampled 7100 data instances
[2024-10-14T10:32:34.844080][INFO][seed98] Starting exact inference 
[2024-10-14T10:32:34.857235][INFO][seed175] No feasible solution... resampling
[2024-10-14T10:32:34.878335][INFO][seed157] Sampled 1000 data instances
[2024-10-14T10:32:34.878428][INFO][seed157] Starting exact inference 
[2024-10-14T10:32:34.873480][INFO][seed98] No feasible solution... resampling
[2024-10-14T10:32:34.890114][INFO][seed40] No feasible solution... resampling
[2024-10-14T10:32:34.899444][INFO][seed175] Sampled 3700 data instances
[2024-10-14T10:32:34.899673][INFO][seed175] Starting exact inference 
[2024-10-14T10:32:34.907138][INFO][seed83] No feasible solution... resampling
[2024-10-14T10:32:34.911386][INFO][seed113] PS(V1,V0) in [0.0, 1.0]
Error in variable: 2
[2024-10-14T10:32:34.915153][INFO][seed113] PN(V1,V0) in [0.0, 0.03357096016753749] 
[2024-10-14T10:32:34.910439][INFO][seed194] No feasible solution... resampling
[2024-10-14T10:32:34.921906][INFO][seed98] Sampled 7200 data instances
[2024-10-14T10:32:34.921981][INFO][seed98] Starting exact inference 
[2024-10-14T10:32:34.938105][INFO][seed40] Sampled 4100 data instances
[2024-10-14T10:32:34.938399][INFO][seed40] Starting exact inference 
[2024-10-14T10:32:34.945374][INFO][seed83] Sampled 4900 data instances
[2024-10-14T10:32:34.945958][INFO][seed83] Starting exact inference 
[2024-10-14T10:32:34.946269][INFO][seed113] Saved data to: /mnt/beegfs/rcabanas/dev/credici/papers/zeros/models/s3/simple_nparents1_nzr06_zdr05_ysize3_113.csv
[2024-10-14T10:32:34.962794][INFO][seed194] Sampled 1200 data instances
[2024-10-14T10:32:34.958495][INFO][seed98] No feasible solution... resampling
[2024-10-14T10:32:34.963117][INFO][seed194] Starting exact inference 
[2024-10-14T10:32:34.964119][INFO][seed113] Saved model to: /mnt/beegfs/rcabanas/dev/credici/papers/zeros/models/s3/simple_nparents1_nzr06_zdr05_ysize3_113.uai
[2024-10-14T10:32:34.967241][INFO][seed113] Saved queries to: /mnt/beegfs/rcabanas/dev/credici/papers/zeros/models/s3/simple_nparents1_nzr06_zdr05_ysize3_113_query.csv
[2024-10-14T10:32:34.967471][INFO][seed113] Closing log file
[2024-10-14T10:32:34.967558][INFO][seed113] Closed log file
[2024-10-14T10:32:34.976926][INFO][seed175] No feasible solution... resampling
[2024-10-14T10:32:34.988957][INFO][seed83] No feasible solution... resampling
[2024-10-14T10:32:34.998296][INFO][seed40] No feasible solution... resampling
[2024-10-14T10:32:35.008234][INFO][seed98] Sampled 7300 data instances
[2024-10-14T10:32:35.008316][INFO][seed98] Starting exact inference 
[2024-10-14T10:32:35.010692][INFO][seed175] Sampled 3800 data instances
[2024-10-14T10:32:35.014343][INFO][seed175] Starting exact inference 
[2024-10-14T10:32:35.031225][INFO][seed83] Sampled 5000 data instances
[2024-10-14T10:32:35.031521][INFO][seed83] Starting exact inference 
[2024-10-14T10:32:35.033103][INFO][seed40] Sampled 4200 data instances
[2024-10-14T10:32:35.033347][INFO][seed40] Starting exact inference 
Error in variable: 2
[2024-10-14T10:32:35.038629][INFO][seed194] No feasible solution... resampling
[2024-10-14T10:32:35.058208][INFO][seed62] PS(V1,V0) in [0.0, 1.0]
[2024-10-14T10:32:35.057228][INFO][seed98] No feasible solution... resampling
[2024-10-14T10:32:35.063717][INFO][seed62] PN(V1,V0) in [0.0, 0.20476858345021037] 
[2024-10-14T10:32:35.067971][INFO][seed40] No feasible solution... resampling
[2024-10-14T10:32:35.086765][INFO][seed175] No feasible solution... resampling
[2024-10-14T10:32:35.089273][INFO][seed194] Sampled 1300 data instances
[2024-10-14T10:32:35.089542][INFO][seed194] Starting exact inference 
[2024-10-14T10:32:35.096451][INFO][seed62] Saved data to: /mnt/beegfs/rcabanas/dev/credici/papers/zeros/models/s3/simple_nparents1_nzr06_zdr05_ysize3_62.csv
[2024-10-14T10:32:35.098635][INFO][seed40] Sampled 4300 data instances
[2024-10-14T10:32:35.098913][INFO][seed40] Starting exact inference 
[2024-10-14T10:32:35.115219][INFO][seed98] Sampled 7400 data instances
[2024-10-14T10:32:35.115432][INFO][seed98] Starting exact inference 
[2024-10-14T10:32:35.115677][INFO][seed62] Saved model to: /mnt/beegfs/rcabanas/dev/credici/papers/zeros/models/s3/simple_nparents1_nzr06_zdr05_ysize3_62.uai
[2024-10-14T10:32:35.113447][INFO][seed83] No feasible solution... resampling
[2024-10-14T10:32:35.117317][INFO][seed175] Sampled 3900 data instances
[2024-10-14T10:32:35.117534][INFO][seed175] Starting exact inference 
[2024-10-14T10:32:35.119559][INFO][seed62] Saved queries to: /mnt/beegfs/rcabanas/dev/credici/papers/zeros/models/s3/simple_nparents1_nzr06_zdr05_ysize3_62_query.csv
[2024-10-14T10:32:35.119607][INFO][seed62] Closing log file
[2024-10-14T10:32:35.119631][INFO][seed62] Closed log file
[2024-10-14T10:32:35.153395][INFO][seed98] No feasible solution... resampling
[2024-10-14T10:32:35.158431][INFO][seed40] No feasible solution... resampling
[2024-10-14T10:32:35.179800][INFO][seed83] Sampled 5100 data instances
[2024-10-14T10:32:35.180060][INFO][seed83] Starting exact inference 
[2024-10-14T10:32:35.189257][INFO][seed175] No feasible solution... resampling
[2024-10-14T10:32:35.204134][INFO][seed98] Sampled 7500 data instances
[2024-10-14T10:32:35.204218][INFO][seed98] Starting exact inference 
[2024-10-14T10:32:35.210985][INFO][seed40] Sampled 4400 data instances
[2024-10-14T10:32:35.213745][INFO][seed40] Starting exact inference 
[2024-10-14T10:32:35.218653][INFO][seed175] Sampled 4000 data instances
[2024-10-14T10:32:35.218888][INFO][seed175] Starting exact inference 
[2024-10-14T10:32:35.216792][INFO][seed28] Set up logging
[2024-10-14T10:32:35.231296][INFO][seed28] args: -np;1;-nzr;0.6;-zdr;0.5;-o;/mnt/beegfs/rcabanas/dev/credici/papers/zeros/models/s3;-rw;-s;28;-ys;3
[2024-10-14T10:32:35.245043][INFO][seed28] Starting logger with seed 28
[2024-10-14T10:32:35.244019][INFO][seed98] No feasible solution... resampling
[2024-10-14T10:32:35.253270][INFO][seed28] simple_nparents1_nzr06_zdr05_ysize3_28
['genn.py', '1', '0.6', '0.5', '20', '3']
[2024-10-14T10:32:35.258459][INFO][seed83] No feasible solution... resampling
[2024-10-14T10:32:35.270290][INFO][seed194] PS(V1,V0) in [0.0, 0.0]
[2024-10-14T10:32:35.268328][INFO][seed40] No feasible solution... resampling
[2024-10-14T10:32:35.277688][INFO][seed194] No feasible solution... resampling
1 0.6 0.5 20
/mnt/beegfs/rcabanas/dev/credici/papers/zeros/code/GenerateNparents.java
[2024-10-14T10:32:35.295702][INFO][seed98] Sampled 7600 data instances
[2024-10-14T10:32:35.295779][INFO][seed98] Starting exact inference 
[2024-10-14T10:32:35.295904][INFO][seed175] No feasible solution... resampling
[2024-10-14T10:32:35.300263][INFO][seed40] Sampled 4500 data instances
[2024-10-14T10:32:35.300566][INFO][seed40] Starting exact inference 
[2024-10-14T10:32:35.278739][INFO][seed15] Set up logging
[2024-10-14T10:32:35.301985][INFO][seed15] args: -np;1;-nzr;0.6;-zdr;0.5;-o;/mnt/beegfs/rcabanas/dev/credici/papers/zeros/models/s3;-rw;-s;15;-ys;3
[2024-10-14T10:32:35.303746][INFO][seed15] Starting logger with seed 15
[2024-10-14T10:32:35.319616][INFO][seed15] simple_nparents1_nzr06_zdr05_ysize3_15
[2024-10-14T10:32:35.321364][INFO][seed83] Sampled 5200 data instances
[2024-10-14T10:32:35.323819][INFO][seed83] Starting exact inference 
[2024-10-14T10:32:35.335477][INFO][seed175] Sampled 4100 data instances
[2024-10-14T10:32:35.337419][INFO][seed175] Starting exact inference 
[2024-10-14T10:32:35.334450][INFO][seed98] No feasible solution... resampling
['genn.py', '1', '0.6', '0.5', '142', '3']
[2024-10-14T10:32:35.353085][INFO][seed194] Sampled 1400 data instances
[2024-10-14T10:32:35.353427][INFO][seed194] Starting exact inference 
[2024-10-14T10:32:35.374599][INFO][seed40] No feasible solution... resampling
[2024-10-14T10:32:35.372553][INFO][seed83] No feasible solution... resampling
1 0.6 0.5 142
/mnt/beegfs/rcabanas/dev/credici/papers/zeros/code/GenerateNparents.java
[2024-10-14T10:32:35.392630][INFO][seed98] Sampled 7700 data instances
[2024-10-14T10:32:35.392840][INFO][seed98] Starting exact inference 
[2024-10-14T10:32:35.407377][INFO][seed40] Sampled 4600 data instances
[2024-10-14T10:32:35.407736][INFO][seed40] Starting exact inference 
[2024-10-14T10:32:35.412922][INFO][seed83] Sampled 5300 data instances
[2024-10-14T10:32:35.413216][INFO][seed83] Starting exact inference 
[2024-10-14T10:32:35.436275][INFO][seed175] No feasible solution... resampling
[2024-10-14T10:32:35.440760][INFO][seed28] U cardinality: 9
[2024-10-14T10:32:35.445530][INFO][seed28] !0 = [1, 2, 3, 6, 7]
[2024-10-14T10:32:35.446430][INFO][seed28] 0 = [0, 4, 5, 8]
[2024-10-14T10:32:35.453139][INFO][seed28] Dropping state 8
[2024-10-14T10:32:35.451031][INFO][seed98] No feasible solution... resampling
[2024-10-14T10:32:35.454728][INFO][seed28] Dropping state 4
[2024-10-14T10:32:35.455530][INFO][seed83] No feasible solution... resampling
[2024-10-14T10:32:35.458067][INFO][seed28] U cardinality: 7
[2024-10-14T10:32:35.471732][INFO][seed28] 
[P([3]) [0.108, 0.892], P([2]) [0.0, 0.001, 0.001, 0.002, 0.0, 0.002, 0.994], P([1, 3]) [1.0, 0.0, 0.0, 1.0], P([0, 1, 2]) [1.0, 0.0, 0.0, 1.0, 0.0, 0.0, 1.0, 0.0, 0.0, 0.0, 1.0, 0.0, 1.0, 0.0, 0.0, 0.0, 0.0, 1.0, 0.0, 1.0, 0.0, 1.0, 0.0, 0.0, 0.0, 1.0, 0.0, 0.0, 0.0, 1.0, 0.0, 0.0, 1.0, 1.0, 0.0, 0.0, 0.0, 0.0, 1.0, 0.0, 1.0, 0.0]]

[2024-10-14T10:32:35.472955][INFO][seed175] Sampled 4200 data instances
[2024-10-14T10:32:35.473247][INFO][seed175] Starting exact inference 
[2024-10-14T10:32:35.476486][INFO][seed194] PS(V1,V0) in [0.0, 0.0]
[2024-10-14T10:32:35.447737][INFO][seed188] Set up logging
[2024-10-14T10:32:35.478589][INFO][seed188] args: -np;1;-nzr;0.6;-zdr;0.5;-o;/mnt/beegfs/rcabanas/dev/credici/papers/zeros/models/s3;-rw;-s;188;-ys;3
[2024-10-14T10:32:35.479380][INFO][seed194] No feasible solution... resampling
[2024-10-14T10:32:35.480558][INFO][seed188] Starting logger with seed 188
['genn.py', '1', '0.6', '0.5', '178', '3']
[2024-10-14T10:32:35.494473][INFO][seed188] simple_nparents1_nzr06_zdr05_ysize3_188
[2024-10-14T10:32:35.496213][INFO][seed83] Sampled 5400 data instances
[2024-10-14T10:32:35.496461][INFO][seed83] Starting exact inference 
[2024-10-14T10:32:35.505441][INFO][seed98] Sampled 7800 data instances
[2024-10-14T10:32:35.505527][INFO][seed98] Starting exact inference 
[2024-10-14T10:32:35.502003][INFO][seed40] No feasible solution... resampling
1 0.6 0.5 178
/mnt/beegfs/rcabanas/dev/credici/papers/zeros/code/GenerateNparents.java
[2024-10-14T10:32:35.537312][INFO][seed40] Sampled 4700 data instances
[2024-10-14T10:32:35.537544][INFO][seed40] Starting exact inference 
[2024-10-14T10:32:35.543679][INFO][seed83] No feasible solution... resampling
[2024-10-14T10:32:35.549716][INFO][seed194] Sampled 1500 data instances
[2024-10-14T10:32:35.557548][INFO][seed194] Starting exact inference 
[2024-10-14T10:32:35.563325][INFO][seed15] U cardinality: 9
[2024-10-14T10:32:35.570216][INFO][seed15] !0 = [0, 2, 3, 4, 7]
[2024-10-14T10:32:35.570746][INFO][seed15] 0 = [1, 5, 6, 8]
[2024-10-14T10:32:35.570352][INFO][seed98] No feasible solution... resampling
[2024-10-14T10:32:35.576413][INFO][seed15] Dropping state 8
[2024-10-14T10:32:35.577468][INFO][seed15] Dropping state 6
[2024-10-14T10:32:35.581678][INFO][seed15] U cardinality: 7
[2024-10-14T10:32:35.577719][INFO][seed175] No feasible solution... resampling
[2024-10-14T10:32:35.578205][INFO][seed40] No feasible solution... resampling
[2024-10-14T10:32:35.585225][INFO][seed83] Sampled 5500 data instances
[2024-10-14T10:32:35.585466][INFO][seed83] Starting exact inference 
[2024-10-14T10:32:35.598347][INFO][seed15] 
[P([3]) [0.74, 0.26], P([2]) [0.001, 0.0, 0.001, 0.001, 0.991, 0.0, 0.006], P([1, 3]) [1.0, 0.0, 0.0, 1.0], P([0, 1, 2]) [1.0, 0.0, 0.0, 1.0, 0.0, 0.0, 1.0, 0.0, 0.0, 0.0, 1.0, 0.0, 1.0, 0.0, 0.0, 0.0, 0.0, 1.0, 0.0, 1.0, 0.0, 1.0, 0.0, 0.0, 0.0, 1.0, 0.0, 0.0, 1.0, 0.0, 0.0, 1.0, 0.0, 0.0, 0.0, 1.0, 0.0, 0.0, 1.0, 0.0, 1.0, 0.0]]

[2024-10-14T10:32:35.612627][INFO][seed40] Sampled 4800 data instances
[2024-10-14T10:32:35.613337][INFO][seed40] Starting exact inference 
Error in variable: 2
[2024-10-14T10:32:35.620479][INFO][seed194] No feasible solution... resampling
[2024-10-14T10:32:35.623846][INFO][seed175] Sampled 4300 data instances
[2024-10-14T10:32:35.618206][INFO][seed83] No feasible solution... resampling
[2024-10-14T10:32:35.625135][INFO][seed98] Sampled 7900 data instances
[2024-10-14T10:32:35.625217][INFO][seed98] Starting exact inference 
[2024-10-14T10:32:35.629319][INFO][seed175] Starting exact inference 
[2024-10-14T10:32:35.632228][INFO][seed185] PS(V1,V0) in [0.0027140799822753963, 0.0027140799822753963]
[2024-10-14T10:32:35.635985][INFO][seed185] PN(V1,V0) in [1.0, 1.0] 
[2024-10-14T10:32:35.658072][INFO][seed185] Saved data to: /mnt/beegfs/rcabanas/dev/credici/papers/zeros/models/s3/simple_nparents1_nzr06_zdr05_ysize3_185.csv
[2024-10-14T10:32:35.661078][INFO][seed83] Sampled 5600 data instances
[2024-10-14T10:32:35.661367][INFO][seed83] Starting exact inference 
[2024-10-14T10:32:35.663895][INFO][seed40] No feasible solution... resampling
[2024-10-14T10:32:35.671758][INFO][seed185] Saved model to: /mnt/beegfs/rcabanas/dev/credici/papers/zeros/models/s3/simple_nparents1_nzr06_zdr05_ysize3_185.uai
[2024-10-14T10:32:35.672119][INFO][seed28] Sampled 1000 data instances
[2024-10-14T10:32:35.672337][INFO][seed28] Starting exact inference 
[2024-10-14T10:32:35.674989][INFO][seed185] Saved queries to: /mnt/beegfs/rcabanas/dev/credici/papers/zeros/models/s3/simple_nparents1_nzr06_zdr05_ysize3_185_query.csv
[2024-10-14T10:32:35.675126][INFO][seed185] Closing log file
[2024-10-14T10:32:35.675203][INFO][seed185] Closed log file
[2024-10-14T10:32:35.681886][INFO][seed175] No feasible solution... resampling
[2024-10-14T10:32:35.692152][INFO][seed188] U cardinality: 9
[2024-10-14T10:32:35.697508][INFO][seed188] !0 = [0, 1, 2, 3, 8]
[2024-10-14T10:32:35.698113][INFO][seed188] 0 = [4, 5, 6, 7]
[2024-10-14T10:32:35.699094][INFO][seed40] Sampled 4900 data instances
[2024-10-14T10:32:35.699398][INFO][seed40] Starting exact inference 
[2024-10-14T10:32:35.701990][INFO][seed194] Sampled 1600 data instances
[2024-10-14T10:32:35.702278][INFO][seed194] Starting exact inference 
[2024-10-14T10:32:35.698494][INFO][seed83] No feasible solution... resampling
[2024-10-14T10:32:35.699357][INFO][seed98] No feasible solution... resampling
[2024-10-14T10:32:35.703781][INFO][seed188] Dropping state 4
[2024-10-14T10:32:35.706962][INFO][seed188] U cardinality: 8
[2024-10-14T10:32:35.713346][INFO][seed175] Sampled 4400 data instances
[2024-10-14T10:32:35.713967][INFO][seed175] Starting exact inference 
[2024-10-14T10:32:35.718508][INFO][seed188] 
[P([3]) [0.427, 0.573], P([2]) [0.004, 0.487, 0.008, 0.013, 0.0, 0.0, 0.0, 0.488], P([1, 3]) [1.0, 0.0, 0.0, 1.0], P([0, 1, 2]) [1.0, 0.0, 0.0, 1.0, 0.0, 0.0, 1.0, 0.0, 0.0, 0.0, 1.0, 0.0, 1.0, 0.0, 0.0, 0.0, 0.0, 1.0, 0.0, 1.0, 0.0, 1.0, 0.0, 0.0, 0.0, 1.0, 0.0, 0.0, 0.0, 1.0, 0.0, 0.0, 1.0, 1.0, 0.0, 0.0, 0.0, 0.0, 1.0, 0.0, 1.0, 0.0, 0.0, 0.0, 1.0, 0.0, 0.0, 1.0]]

[2024-10-14T10:32:35.736357][INFO][seed40] No feasible solution... resampling
[2024-10-14T10:32:35.740589][INFO][seed83] Sampled 5700 data instances
[2024-10-14T10:32:35.740831][INFO][seed83] Starting exact inference 
[2024-10-14T10:32:35.774227][INFO][seed40] Sampled 5000 data instances
[2024-10-14T10:32:35.774521][INFO][seed40] Starting exact inference 
[2024-10-14T10:32:35.779010][INFO][seed175] No feasible solution... resampling
[2024-10-14T10:32:35.797912][INFO][seed15] Sampled 1000 data instances
[2024-10-14T10:32:35.798229][INFO][seed15] Starting exact inference 
[2024-10-14T10:32:35.800637][INFO][seed98] Sampled 8000 data instances
[2024-10-14T10:32:35.800858][INFO][seed98] Starting exact inference 
[2024-10-14T10:32:35.805996][INFO][seed83] No feasible solution... resampling
[2024-10-14T10:32:35.810072][INFO][seed40] No feasible solution... resampling
[2024-10-14T10:32:35.815478][INFO][seed175] Sampled 4500 data instances
[2024-10-14T10:32:35.815806][INFO][seed175] Starting exact inference 
[2024-10-14T10:32:35.816561][INFO][seed194] PS(V1,V0) in [0.0, 0.0]
[2024-10-14T10:32:35.818981][INFO][seed194] No feasible solution... resampling
[2024-10-14T10:32:35.846779][INFO][seed40] Sampled 5100 data instances
[2024-10-14T10:32:35.847103][INFO][seed40] Starting exact inference 
[2024-10-14T10:32:35.844566][INFO][seed98] No feasible solution... resampling
[2024-10-14T10:32:35.860899][INFO][seed83] Sampled 5800 data instances
[2024-10-14T10:32:35.861198][INFO][seed83] Starting exact inference 
[2024-10-14T10:32:35.866936][INFO][seed175] No feasible solution... resampling
[2024-10-14T10:32:35.885744][INFO][seed157] PS(V1,V0) in [0.0, 0.42668976434395633]
[2024-10-14T10:32:35.868232][INFO][seed47] Set up logging
[2024-10-14T10:32:35.893537][INFO][seed47] args: -np;1;-nzr;0.6;-zdr;0.5;-o;/mnt/beegfs/rcabanas/dev/credici/papers/zeros/models/s3;-rw;-s;47;-ys;3
[2024-10-14T10:32:35.894959][INFO][seed194] Sampled 1700 data instances
[2024-10-14T10:32:35.895328][INFO][seed47] Starting logger with seed 47
[2024-10-14T10:32:35.895237][INFO][seed194] Starting exact inference 
[2024-10-14T10:32:35.889509][INFO][seed40] No feasible solution... resampling
[2024-10-14T10:32:35.898217][INFO][seed157] PN(V1,V0) in [0.0, 1.0] 
[2024-10-14T10:32:35.899401][INFO][seed98] Sampled 8100 data instances
[2024-10-14T10:32:35.899484][INFO][seed98] Starting exact inference 
[2024-10-14T10:32:35.900546][INFO][seed175] Sampled 4600 data instances
[2024-10-14T10:32:35.900822][INFO][seed175] Starting exact inference 
[2024-10-14T10:32:35.909103][INFO][seed47] simple_nparents1_nzr06_zdr05_ysize3_47
[2024-10-14T10:32:35.918471][INFO][seed188] Sampled 1000 data instances
[2024-10-14T10:32:35.918569][INFO][seed188] Starting exact inference 
[2024-10-14T10:32:35.914471][INFO][seed83] No feasible solution... resampling
[2024-10-14T10:32:35.928342][INFO][seed40] Sampled 5200 data instances
[2024-10-14T10:32:35.928624][INFO][seed40] Starting exact inference 
[2024-10-14T10:32:35.908090][INFO][seed165] Set up logging
[2024-10-14T10:32:35.936809][INFO][seed165] args: -np;1;-nzr;0.6;-zdr;0.5;-o;/mnt/beegfs/rcabanas/dev/credici/papers/zeros/models/s3;-rw;-s;165;-ys;3
[2024-10-14T10:32:35.938656][INFO][seed165] Starting logger with seed 165
[2024-10-14T10:32:35.947336][INFO][seed165] simple_nparents1_nzr06_zdr05_ysize3_165
[2024-10-14T10:32:35.944028][INFO][seed98] No feasible solution... resampling
[2024-10-14T10:32:35.950436][INFO][seed157] Saved data to: /mnt/beegfs/rcabanas/dev/credici/papers/zeros/models/s3/simple_nparents1_nzr06_zdr05_ysize3_157.csv
[2024-10-14T10:32:35.961108][INFO][seed157] Saved model to: /mnt/beegfs/rcabanas/dev/credici/papers/zeros/models/s3/simple_nparents1_nzr06_zdr05_ysize3_157.uai
[2024-10-14T10:32:35.965226][INFO][seed83] Sampled 5900 data instances
[2024-10-14T10:32:35.965567][INFO][seed83] Starting exact inference 
[2024-10-14T10:32:35.974311][INFO][seed157] Saved queries to: /mnt/beegfs/rcabanas/dev/credici/papers/zeros/models/s3/simple_nparents1_nzr06_zdr05_ysize3_157_query.csv
[2024-10-14T10:32:35.974390][INFO][seed157] Closing log file
[2024-10-14T10:32:35.974416][INFO][seed157] Closed log file
Error in variable: 2
[2024-10-14T10:32:35.972407][INFO][seed194] No feasible solution... resampling
[2024-10-14T10:32:35.981159][INFO][seed175] No feasible solution... resampling
[2024-10-14T10:32:36.000748][INFO][seed98] Sampled 8200 data instances
[2024-10-14T10:32:36.000839][INFO][seed98] Starting exact inference 
[2024-10-14T10:32:36.016264][INFO][seed175] Sampled 4700 data instances
[2024-10-14T10:32:36.016497][INFO][seed175] Starting exact inference 
[2024-10-14T10:32:36.017138][INFO][seed194] Sampled 1800 data instances
[2024-10-14T10:32:36.027247][INFO][seed194] Starting exact inference 
[2024-10-14T10:32:36.032352][INFO][seed40] No feasible solution... resampling
[2024-10-14T10:32:36.034544][INFO][seed98] No feasible solution... resampling
[2024-10-14T10:32:36.047457][INFO][seed83] No feasible solution... resampling
['genn.py', '1', '0.6', '0.5', '190', '3']
Error in variable: 2
[2024-10-14T10:32:36.080187][INFO][seed194] No feasible solution... resampling
[2024-10-14T10:32:36.084176][INFO][seed40] Sampled 5300 data instances
[2024-10-14T10:32:36.084603][INFO][seed40] Starting exact inference 
[2024-10-14T10:32:36.085992][INFO][seed175] No feasible solution... resampling
[2024-10-14T10:32:36.095527][INFO][seed83] Sampled 6000 data instances
[2024-10-14T10:32:36.095822][INFO][seed83] Starting exact inference 
[2024-10-14T10:32:36.098030][INFO][seed98] Sampled 8300 data instances
[2024-10-14T10:32:36.098240][INFO][seed98] Starting exact inference 
[2024-10-14T10:32:36.101173][INFO][seed47] U cardinality: 9
[2024-10-14T10:32:36.106250][INFO][seed47] !0 = [1, 3, 5, 7, 8]
[2024-10-14T10:32:36.106714][INFO][seed47] 0 = [0, 2, 4, 6]
1 0.6 0.5 190
/mnt/beegfs/rcabanas/dev/credici/papers/zeros/code/GenerateNparents.java
[2024-10-14T10:32:36.113317][INFO][seed47] Dropping state 4
[2024-10-14T10:32:36.114440][INFO][seed47] Dropping state 2
[2024-10-14T10:32:36.119476][INFO][seed47] U cardinality: 7
[2024-10-14T10:32:36.123934][INFO][seed47] 
[P([3]) [0.153, 0.847], P([2]) [0.0, 0.003, 0.003, 0.432, 0.0, 0.186, 0.376], P([1, 3]) [1.0, 0.0, 0.0, 1.0], P([0, 1, 2]) [1.0, 0.0, 0.0, 1.0, 0.0, 0.0, 1.0, 0.0, 0.0, 0.0, 1.0, 0.0, 0.0, 1.0, 0.0, 1.0, 0.0, 0.0, 0.0, 1.0, 0.0, 0.0, 0.0, 1.0, 0.0, 0.0, 1.0, 1.0, 0.0, 0.0, 0.0, 0.0, 1.0, 0.0, 1.0, 0.0, 0.0, 0.0, 1.0, 0.0, 0.0, 1.0]]

[2024-10-14T10:32:36.129213][INFO][seed175] Sampled 4800 data instances
[2024-10-14T10:32:36.129469][INFO][seed175] Starting exact inference 
[2024-10-14T10:32:36.135333][INFO][seed194] Sampled 1900 data instances
[2024-10-14T10:32:36.137068][INFO][seed194] Starting exact inference 
[2024-10-14T10:32:36.134284][INFO][seed98] No feasible solution... resampling
[2024-10-14T10:32:36.138211][INFO][seed40] No feasible solution... resampling
[2024-10-14T10:32:36.176639][INFO][seed40] Sampled 5400 data instances
[2024-10-14T10:32:36.176880][INFO][seed40] Starting exact inference 
[2024-10-14T10:32:36.184595][INFO][seed165] U cardinality: 9
[2024-10-14T10:32:36.189793][INFO][seed165] !0 = [0, 1, 2, 5, 7]
[2024-10-14T10:32:36.190183][INFO][seed165] 0 = [3, 4, 6, 8]
[2024-10-14T10:32:36.194814][INFO][seed98] Sampled 8400 data instances
[2024-10-14T10:32:36.194900][INFO][seed98] Starting exact inference 
[2024-10-14T10:32:36.198812][INFO][seed165] Dropping state 8
[2024-10-14T10:32:36.199708][INFO][seed165] Dropping state 6
Error in variable: 2
[2024-10-14T10:32:36.201046][INFO][seed194] No feasible solution... resampling
[2024-10-14T10:32:36.201992][INFO][seed165] U cardinality: 7
[2024-10-14T10:32:36.207947][INFO][seed175] No feasible solution... resampling
[2024-10-14T10:32:36.203749][INFO][seed83] No feasible solution... resampling
[2024-10-14T10:32:36.215948][INFO][seed40] No feasible solution... resampling
[2024-10-14T10:32:36.220440][INFO][seed165] 
[P([3]) [0.584, 0.416], P([2]) [0.205, 0.325, 0.001, 0.0, 0.0, 0.003, 0.466], P([1, 3]) [1.0, 0.0, 0.0, 1.0], P([0, 1, 2]) [1.0, 0.0, 0.0, 1.0, 0.0, 0.0, 1.0, 0.0, 0.0, 0.0, 1.0, 0.0, 1.0, 0.0, 0.0, 0.0, 0.0, 1.0, 0.0, 1.0, 0.0, 1.0, 0.0, 0.0, 0.0, 1.0, 0.0, 0.0, 1.0, 0.0, 0.0, 1.0, 0.0, 0.0, 0.0, 1.0, 0.0, 0.0, 1.0, 0.0, 1.0, 0.0]]

[2024-10-14T10:32:36.246680][INFO][seed175] Sampled 4900 data instances
[2024-10-14T10:32:36.247166][INFO][seed175] Starting exact inference 
[2024-10-14T10:32:36.254897][INFO][seed40] Sampled 5500 data instances
[2024-10-14T10:32:36.255217][INFO][seed40] Starting exact inference 
[2024-10-14T10:32:36.270589][INFO][seed83] Sampled 6100 data instances
[2024-10-14T10:32:36.270862][INFO][seed83] Starting exact inference 
[2024-10-14T10:32:36.281015][INFO][seed194] Sampled 2000 data instances
[2024-10-14T10:32:36.281134][INFO][seed194] Starting exact inference 
[2024-10-14T10:32:36.281707][INFO][seed98] No feasible solution... resampling
[2024-10-14T10:32:36.288726][INFO][seed40] No feasible solution... resampling
[2024-10-14T10:32:36.303821][INFO][seed175] No feasible solution... resampling
[2024-10-14T10:32:36.315980][INFO][seed47] Sampled 1000 data instances
[2024-10-14T10:32:36.316313][INFO][seed47] Starting exact inference 
[2024-10-14T10:32:36.287627][INFO][seed74] Set up logging
[2024-10-14T10:32:36.316939][INFO][seed74] args: -np;1;-nzr;0.6;-zdr;0.5;-o;/mnt/beegfs/rcabanas/dev/credici/papers/zeros/models/s3;-rw;-s;74;-ys;3
Error in variable: 2
[2024-10-14T10:32:36.318359][INFO][seed28] No feasible solution... resampling
[2024-10-14T10:32:36.319457][INFO][seed83] No feasible solution... resampling
[2024-10-14T10:32:36.318837][INFO][seed74] Starting logger with seed 74
[2024-10-14T10:32:36.328353][INFO][seed40] Sampled 5600 data instances
[2024-10-14T10:32:36.328571][INFO][seed74] simple_nparents1_nzr06_zdr05_ysize3_74
[2024-10-14T10:32:36.328681][INFO][seed40] Starting exact inference 
[2024-10-14T10:32:36.340273][INFO][seed175] Sampled 5000 data instances
[2024-10-14T10:32:36.340763][INFO][seed175] Starting exact inference 
['genn.py', '1', '0.6', '0.5', '7', '3']
[2024-10-14T10:32:36.371538][INFO][seed83] Sampled 6200 data instances
[2024-10-14T10:32:36.371767][INFO][seed83] Starting exact inference 
[2024-10-14T10:32:36.396861][INFO][seed194] PS(V1,V0) in [0.0, 0.0]
[2024-10-14T10:32:36.398733][INFO][seed194] No feasible solution... resampling
1 0.6 0.5 7
/mnt/beegfs/rcabanas/dev/credici/papers/zeros/code/GenerateNparents.java
[2024-10-14T10:32:36.405235][INFO][seed28] Sampled 1100 data instances
[2024-10-14T10:32:36.405460][INFO][seed28] Starting exact inference 
[2024-10-14T10:32:36.415236][INFO][seed98] Sampled 8500 data instances
[2024-10-14T10:32:36.418075][INFO][seed175] No feasible solution... resampling
[2024-10-14T10:32:36.422009][INFO][seed165] Sampled 1000 data instances
[2024-10-14T10:32:36.422500][INFO][seed98] Starting exact inference 
[2024-10-14T10:32:36.418017][INFO][seed40] No feasible solution... resampling
[2024-10-14T10:32:36.422321][INFO][seed165] Starting exact inference 
[2024-10-14T10:32:36.450438][INFO][seed83] No feasible solution... resampling
[2024-10-14T10:32:36.431172][INFO][seed10] Set up logging
[2024-10-14T10:32:36.457233][INFO][seed194] Sampled 2100 data instances
[2024-10-14T10:32:36.457966][INFO][seed10] args: -np;1;-nzr;0.6;-zdr;0.5;-o;/mnt/beegfs/rcabanas/dev/credici/papers/zeros/models/s3;-rw;-s;10;-ys;3
[2024-10-14T10:32:36.458040][INFO][seed194] Starting exact inference 
[2024-10-14T10:32:36.463411][INFO][seed175] Sampled 5100 data instances
[2024-10-14T10:32:36.463716][INFO][seed175] Starting exact inference 
[2024-10-14T10:32:36.459943][INFO][seed10] Starting logger with seed 10
[2024-10-14T10:32:36.466327][INFO][seed40] Sampled 5700 data instances
[2024-10-14T10:32:36.466625][INFO][seed40] Starting exact inference 
[2024-10-14T10:32:36.466621][INFO][seed98] No feasible solution... resampling
[2024-10-14T10:32:36.491233][INFO][seed10] simple_nparents1_nzr06_zdr05_ysize3_10
[2024-10-14T10:32:36.496985][INFO][seed83] Sampled 6300 data instances
[2024-10-14T10:32:36.497312][INFO][seed83] Starting exact inference 
[2024-10-14T10:32:36.479217][INFO][seed79] Set up logging
[2024-10-14T10:32:36.508308][INFO][seed79] args: -np;1;-nzr;0.6;-zdr;0.5;-o;/mnt/beegfs/rcabanas/dev/credici/papers/zeros/models/s3;-rw;-s;79;-ys;3
[2024-10-14T10:32:36.509993][INFO][seed79] Starting logger with seed 79
[2024-10-14T10:32:36.500723][INFO][seed105] Set up logging
[2024-10-14T10:32:36.517509][INFO][seed105] args: -np;1;-nzr;0.6;-zdr;0.5;-o;/mnt/beegfs/rcabanas/dev/credici/papers/zeros/models/s3;-rw;-s;105;-ys;3
[2024-10-14T10:32:36.524835][INFO][seed98] Sampled 8600 data instances
[2024-10-14T10:32:36.524916][INFO][seed98] Starting exact inference 
[2024-10-14T10:32:36.520139][INFO][seed40] No feasible solution... resampling
[2024-10-14T10:32:36.527999][INFO][seed79] simple_nparents1_nzr06_zdr05_ysize3_79
[2024-10-14T10:32:36.520902][INFO][seed175] No feasible solution... resampling
[2024-10-14T10:32:36.531287][INFO][seed105] Starting logger with seed 105
Error in variable: 2
[2024-10-14T10:32:36.529248][INFO][seed194] No feasible solution... resampling
[2024-10-14T10:32:36.540659][INFO][seed105] simple_nparents1_nzr06_zdr05_ysize3_105
[2024-10-14T10:32:36.562297][INFO][seed40] Sampled 5800 data instances
[2024-10-14T10:32:36.562583][INFO][seed40] Starting exact inference 
[2024-10-14T10:32:36.568126][INFO][seed175] Sampled 5200 data instances
[2024-10-14T10:32:36.568456][INFO][seed175] Starting exact inference 
[2024-10-14T10:32:36.564189][INFO][seed83] No feasible solution... resampling
[2024-10-14T10:32:36.564438][INFO][seed98] No feasible solution... resampling
[2024-10-14T10:32:36.579712][INFO][seed74] U cardinality: 9
[2024-10-14T10:32:36.585874][INFO][seed74] !0 = [3, 4, 5, 7, 8]
[2024-10-14T10:32:36.586409][INFO][seed74] 0 = [0, 1, 2, 6]
[2024-10-14T10:32:36.590818][INFO][seed194] Sampled 2200 data instances
[2024-10-14T10:32:36.591133][INFO][seed194] Starting exact inference 
[2024-10-14T10:32:36.592954][INFO][seed74] Dropping state 2
[2024-10-14T10:32:36.595164][INFO][seed74] Dropping state 1
[2024-10-14T10:32:36.595929][INFO][seed74] Dropping state 0
[2024-10-14T10:32:36.598989][INFO][seed74] U cardinality: 6
[2024-10-14T10:32:36.599362][INFO][seed40] No feasible solution... resampling
[2024-10-14T10:32:36.608683][INFO][seed175] No feasible solution... resampling
[2024-10-14T10:32:36.611058][INFO][seed74] 
[2024-10-14T10:32:36.611258][INFO][seed83] Sampled 6400 data instances
[2024-10-14T10:32:36.613494][INFO][seed28] No feasible solution... resampling
[P([3]) [0.071, 0.929], P([2]) [0.003, 0.002, 0.821, 0.0, 0.128, 0.046], P([1, 3]) [1.0, 0.0, 0.0, 1.0], P([0, 1, 2]) [0.0, 1.0, 0.0, 1.0, 0.0, 0.0, 0.0, 1.0, 0.0, 0.0, 1.0, 0.0, 0.0, 1.0, 0.0, 0.0, 0.0, 1.0, 0.0, 0.0, 1.0, 1.0, 0.0, 0.0, 0.0, 0.0, 1.0, 0.0, 1.0, 0.0, 0.0, 0.0, 1.0, 0.0, 0.0, 1.0]]

[2024-10-14T10:32:36.611537][INFO][seed83] Starting exact inference 
[2024-10-14T10:32:36.623895][INFO][seed98] Sampled 8700 data instances
[2024-10-14T10:32:36.623972][INFO][seed98] Starting exact inference 
[2024-10-14T10:32:36.641875][INFO][seed40] Sampled 5900 data instances
[2024-10-14T10:32:36.642219][INFO][seed40] Starting exact inference 
[2024-10-14T10:32:36.651845][INFO][seed175] Sampled 5300 data instances
[2024-10-14T10:32:36.652146][INFO][seed175] Starting exact inference 
[2024-10-14T10:32:36.664871][INFO][seed83] No feasible solution... resampling
[2024-10-14T10:32:36.676722][INFO][seed40] No feasible solution... resampling
[2024-10-14T10:32:36.673359][INFO][seed98] No feasible solution... resampling
[2024-10-14T10:32:36.686098][INFO][seed28] Sampled 1200 data instances
[2024-10-14T10:32:36.686332][INFO][seed28] Starting exact inference 
[2024-10-14T10:32:36.691156][INFO][seed175] No feasible solution... resampling
[2024-10-14T10:32:36.692941][INFO][seed194] PS(V1,V0) in [0.0, 0.0]
[2024-10-14T10:32:36.693974][INFO][seed194] No feasible solution... resampling
[2024-10-14T10:32:36.701709][INFO][seed10] U cardinality: 9
[2024-10-14T10:32:36.709215][INFO][seed10] !0 = [1, 3, 4, 6, 8]
[2024-10-14T10:32:36.709857][INFO][seed10] 0 = [0, 2, 5, 7]
[2024-10-14T10:32:36.715259][INFO][seed10] Dropping state 5
[2024-10-14T10:32:36.716707][INFO][seed10] Dropping state 0
[2024-10-14T10:32:36.719414][INFO][seed40] Sampled 6000 data instances
[2024-10-14T10:32:36.719776][INFO][seed10] U cardinality: 7
[2024-10-14T10:32:36.721761][INFO][seed83] Sampled 6500 data instances
[2024-10-14T10:32:36.722054][INFO][seed83] Starting exact inference 
[2024-10-14T10:32:36.719717][INFO][seed40] Starting exact inference 
[2024-10-14T10:32:36.731382][INFO][seed10] 
[P([3]) [0.283, 0.717], P([2]) [0.001, 0.0, 0.055, 0.094, 0.002, 0.0, 0.848], P([1, 3]) [1.0, 0.0, 0.0, 1.0], P([0, 1, 2]) [1.0, 0.0, 0.0, 0.0, 1.0, 0.0, 1.0, 0.0, 0.0, 0.0, 0.0, 1.0, 0.0, 1.0, 0.0, 1.0, 0.0, 0.0, 0.0, 1.0, 0.0, 0.0, 1.0, 0.0, 0.0, 0.0, 1.0, 1.0, 0.0, 0.0, 0.0, 0.0, 1.0, 0.0, 1.0, 0.0, 0.0, 0.0, 1.0, 0.0, 0.0, 1.0]]

[2024-10-14T10:32:36.731810][INFO][seed175] Sampled 5400 data instances
[2024-10-14T10:32:36.732107][INFO][seed175] Starting exact inference 
[2024-10-14T10:32:36.736349][INFO][seed15] PS(V1,V0) in [0.0, 1.0]
[2024-10-14T10:32:36.737275][INFO][seed98] Sampled 8800 data instances
[2024-10-14T10:32:36.737498][INFO][seed98] Starting exact inference 
[2024-10-14T10:32:36.752980][INFO][seed194] Sampled 2300 data instances
[2024-10-14T10:32:36.753304][INFO][seed194] Starting exact inference 
[2024-10-14T10:32:36.755622][INFO][seed15] PN(V1,V0) in [0.0, 0.0027307537283353485] 
[2024-10-14T10:32:36.757212][INFO][seed79] U cardinality: 9
[2024-10-14T10:32:36.741099][INFO][seed130] Set up logging
[2024-10-14T10:32:36.762605][INFO][seed79] !0 = [1, 3, 6, 7, 8]
[2024-10-14T10:32:36.762150][INFO][seed130] args: -np;1;-nzr;0.6;-zdr;0.5;-o;/mnt/beegfs/rcabanas/dev/credici/papers/zeros/models/s3;-rw;-s;130;-ys;3
[2024-10-14T10:32:36.763081][INFO][seed79] 0 = [0, 2, 4, 5]
[2024-10-14T10:32:36.760016][INFO][seed83] No feasible solution... resampling
[2024-10-14T10:32:36.770278][INFO][seed79] Dropping state 5
[2024-10-14T10:32:36.771641][INFO][seed79] Dropping state 2
[2024-10-14T10:32:36.774482][INFO][seed79] U cardinality: 7
[2024-10-14T10:32:36.777204][INFO][seed15] Saved data to: /mnt/beegfs/rcabanas/dev/credici/papers/zeros/models/s3/simple_nparents1_nzr06_zdr05_ysize3_15.csv
[2024-10-14T10:32:36.774233][INFO][seed130] Starting logger with seed 130
[2024-10-14T10:32:36.779692][INFO][seed130] simple_nparents1_nzr06_zdr05_ysize3_130
[2024-10-14T10:32:36.774887][INFO][seed98] No feasible solution... resampling
[2024-10-14T10:32:36.787897][INFO][seed79] 
[P([3]) [0.953, 0.047], P([2]) [0.0, 0.126, 0.124, 0.0, 0.219, 0.003, 0.528], P([1, 3]) [1.0, 0.0, 0.0, 1.0], P([0, 1, 2]) [1.0, 0.0, 0.0, 1.0, 0.0, 0.0, 1.0, 0.0, 0.0, 0.0, 1.0, 0.0, 0.0, 1.0, 0.0, 1.0, 0.0, 0.0, 0.0, 1.0, 0.0, 0.0, 1.0, 0.0, 0.0, 0.0, 1.0, 1.0, 0.0, 0.0, 0.0, 0.0, 1.0, 0.0, 1.0, 0.0, 0.0, 0.0, 1.0, 0.0, 0.0, 1.0]]

[2024-10-14T10:32:36.785963][INFO][seed175] No feasible solution... resampling
[2024-10-14T10:32:36.795574][INFO][seed105] U cardinality: 9
[2024-10-14T10:32:36.797142][INFO][seed15] Saved model to: /mnt/beegfs/rcabanas/dev/credici/papers/zeros/models/s3/simple_nparents1_nzr06_zdr05_ysize3_15.uai
[2024-10-14T10:32:36.800610][INFO][seed15] Saved queries to: /mnt/beegfs/rcabanas/dev/credici/papers/zeros/models/s3/simple_nparents1_nzr06_zdr05_ysize3_15_query.csv
[2024-10-14T10:32:36.800813][INFO][seed15] Closing log file
[2024-10-14T10:32:36.800897][INFO][seed15] Closed log file
[2024-10-14T10:32:36.801341][INFO][seed105] !0 = [0, 1, 3, 7, 8]
[2024-10-14T10:32:36.801922][INFO][seed105] 0 = [2, 4, 5, 6]
[2024-10-14T10:32:36.800228][INFO][seed40] No feasible solution... resampling
[2024-10-14T10:32:36.810456][INFO][seed105] Dropping state 4
[2024-10-14T10:32:36.812474][INFO][seed83] Sampled 6600 data instances
[2024-10-14T10:32:36.812755][INFO][seed83] Starting exact inference 
[2024-10-14T10:32:36.814708][INFO][seed105] U cardinality: 8
[2024-10-14T10:32:36.816798][INFO][seed28] PS(V1,V0) in [0.6442185514612453, 0.880559085133418]
[2024-10-14T10:32:36.818849][INFO][seed74] Sampled 1000 data instances
[2024-10-14T10:32:36.819720][INFO][seed28] PN(V1,V0) in [0.005084235860409145, 0.0069494584837545125] 
[2024-10-14T10:32:36.819131][INFO][seed74] Starting exact inference 
[2024-10-14T10:32:36.828642][INFO][seed175] Sampled 5500 data instances
[2024-10-14T10:32:36.828949][INFO][seed175] Starting exact inference 
[2024-10-14T10:32:36.831574][INFO][seed105] 
[P([3]) [0.571, 0.429], P([2]) [0.134, 0.181, 0.0, 0.005, 0.0, 0.0, 0.015, 0.665], P([1, 3]) [1.0, 0.0, 0.0, 1.0], P([0, 1, 2]) [1.0, 0.0, 0.0, 1.0, 0.0, 0.0, 1.0, 0.0, 0.0, 0.0, 1.0, 0.0, 1.0, 0.0, 0.0, 0.0, 0.0, 1.0, 0.0, 1.0, 0.0, 1.0, 0.0, 0.0, 0.0, 1.0, 0.0, 0.0, 0.0, 1.0, 0.0, 0.0, 1.0, 1.0, 0.0, 0.0, 0.0, 0.0, 1.0, 0.0, 1.0, 0.0, 0.0, 0.0, 1.0, 0.0, 0.0, 1.0]]

[2024-10-14T10:32:36.835088][INFO][seed98] Sampled 8900 data instances
[2024-10-14T10:32:36.835168][INFO][seed98] Starting exact inference 
[2024-10-14T10:32:36.839055][INFO][seed194] PS(V1,V0) in [0.0, 0.0]
[2024-10-14T10:32:36.840088][INFO][seed194] No feasible solution... resampling
[2024-10-14T10:32:36.851160][INFO][seed28] Saved data to: /mnt/beegfs/rcabanas/dev/credici/papers/zeros/models/s3/simple_nparents1_nzr06_zdr05_ysize3_28.csv
[2024-10-14T10:32:36.852010][INFO][seed40] Sampled 6100 data instances
[2024-10-14T10:32:36.852250][INFO][seed40] Starting exact inference 
[2024-10-14T10:32:36.852612][INFO][seed83] No feasible solution... resampling
[2024-10-14T10:32:36.865390][INFO][seed28] Saved model to: /mnt/beegfs/rcabanas/dev/credici/papers/zeros/models/s3/simple_nparents1_nzr06_zdr05_ysize3_28.uai
[2024-10-14T10:32:36.868859][INFO][seed28] Saved queries to: /mnt/beegfs/rcabanas/dev/credici/papers/zeros/models/s3/simple_nparents1_nzr06_zdr05_ysize3_28_query.csv
[2024-10-14T10:32:36.868956][INFO][seed28] Closing log file
[2024-10-14T10:32:36.869040][INFO][seed28] Closed log file
[2024-10-14T10:32:36.871709][INFO][seed175] No feasible solution... resampling
[2024-10-14T10:32:36.882391][INFO][seed98] No feasible solution... resampling
[2024-10-14T10:32:36.878283][INFO][seed188] PS(V1,V0) in [0.0, 0.9854999999999999]
[2024-10-14T10:32:36.884838][INFO][seed188] PN(V1,V0) in [0.0, 1.0] 
[2024-10-14T10:32:36.899305][INFO][seed194] Sampled 2400 data instances
[2024-10-14T10:32:36.899612][INFO][seed194] Starting exact inference 
[2024-10-14T10:32:36.905403][INFO][seed83] Sampled 6700 data instances
[2024-10-14T10:32:36.905654][INFO][seed83] Starting exact inference 
[2024-10-14T10:32:36.900576][INFO][seed40] No feasible solution... resampling
[2024-10-14T10:32:36.911677][INFO][seed175] Sampled 5600 data instances
[2024-10-14T10:32:36.911967][INFO][seed175] Starting exact inference 
[2024-10-14T10:32:36.928252][INFO][seed10] Sampled 1000 data instances
[2024-10-14T10:32:36.928525][INFO][seed10] Starting exact inference 
[2024-10-14T10:32:36.931227][INFO][seed188] Saved data to: /mnt/beegfs/rcabanas/dev/credici/papers/zeros/models/s3/simple_nparents1_nzr06_zdr05_ysize3_188.csv
[2024-10-14T10:32:36.941137][INFO][seed188] Saved model to: /mnt/beegfs/rcabanas/dev/credici/papers/zeros/models/s3/simple_nparents1_nzr06_zdr05_ysize3_188.uai
[2024-10-14T10:32:36.942922][INFO][seed98] Sampled 9000 data instances
[2024-10-14T10:32:36.943233][INFO][seed98] Starting exact inference 
[2024-10-14T10:32:36.944855][INFO][seed188] Saved queries to: /mnt/beegfs/rcabanas/dev/credici/papers/zeros/models/s3/simple_nparents1_nzr06_zdr05_ysize3_188_query.csv
[2024-10-14T10:32:36.945136][INFO][seed188] Closing log file
[2024-10-14T10:32:36.945218][INFO][seed188] Closed log file
[2024-10-14T10:32:36.946287][INFO][seed40] Sampled 6200 data instances
[2024-10-14T10:32:36.947659][INFO][seed40] Starting exact inference 
Error in variable: 2
[2024-10-14T10:32:36.951606][INFO][seed194] No feasible solution... resampling
[2024-10-14T10:32:36.951967][INFO][seed175] No feasible solution... resampling
[2024-10-14T10:32:36.977281][INFO][seed98] No feasible solution... resampling
[2024-10-14T10:32:36.983562][INFO][seed83] No feasible solution... resampling
[2024-10-14T10:32:36.993491][INFO][seed79] Sampled 1000 data instances
[2024-10-14T10:32:36.993779][INFO][seed79] Starting exact inference 
[2024-10-14T10:32:36.993523][INFO][seed175] Sampled 5700 data instances
[2024-10-14T10:32:36.994659][INFO][seed175] Starting exact inference 
[2024-10-14T10:32:36.989900][INFO][seed40] No feasible solution... resampling
[2024-10-14T10:32:37.011448][INFO][seed194] Sampled 2500 data instances
[2024-10-14T10:32:37.011756][INFO][seed194] Starting exact inference 
[2024-10-14T10:32:37.036509][INFO][seed40] Sampled 6300 data instances
[2024-10-14T10:32:37.036756][INFO][seed40] Starting exact inference 
[2024-10-14T10:32:37.038946][INFO][seed105] Sampled 1000 data instances
[2024-10-14T10:32:37.039258][INFO][seed105] Starting exact inference 
[2024-10-14T10:32:37.041360][INFO][seed83] Sampled 6800 data instances
[2024-10-14T10:32:37.041655][INFO][seed83] Starting exact inference 
[2024-10-14T10:32:37.044530][INFO][seed130] U cardinality: 9
[2024-10-14T10:32:37.043413][INFO][seed98] Sampled 9100 data instances
[2024-10-14T10:32:37.046026][INFO][seed98] Starting exact inference 
[2024-10-14T10:32:37.041451][INFO][seed175] No feasible solution... resampling
[2024-10-14T10:32:37.050139][INFO][seed130] !0 = [2, 3, 4, 6, 7]
[2024-10-14T10:32:37.050701][INFO][seed130] 0 = [0, 1, 5, 8]
Error in variable: 2
[2024-10-14T10:32:37.058244][INFO][seed194] No feasible solution... resampling
[2024-10-14T10:32:37.058221][INFO][seed130] Dropping state 8
[2024-10-14T10:32:37.060179][INFO][seed130] Dropping state 0
[2024-10-14T10:32:37.065218][INFO][seed130] U cardinality: 7
[2024-10-14T10:32:37.048595][INFO][seed80] Set up logging
[2024-10-14T10:32:37.076605][INFO][seed80] args: -np;1;-nzr;0.6;-zdr;0.5;-o;/mnt/beegfs/rcabanas/dev/credici/papers/zeros/models/s3;-rw;-s;80;-ys;3
[2024-10-14T10:32:37.077084][INFO][seed130] 
[P([3]) [0.875, 0.125], P([2]) [0.0, 0.335, 0.001, 0.136, 0.0, 0.002, 0.526], P([1, 3]) [1.0, 0.0, 0.0, 1.0], P([0, 1, 2]) [1.0, 0.0, 0.0, 0.0, 1.0, 0.0, 1.0, 0.0, 0.0, 0.0, 0.0, 1.0, 0.0, 1.0, 0.0, 1.0, 0.0, 0.0, 0.0, 1.0, 0.0, 0.0, 1.0, 0.0, 0.0, 1.0, 0.0, 0.0, 0.0, 1.0, 0.0, 0.0, 1.0, 1.0, 0.0, 0.0, 0.0, 0.0, 1.0, 0.0, 1.0, 0.0]]

[2024-10-14T10:32:37.078472][INFO][seed80] Starting logger with seed 80
[2024-10-14T10:32:37.081992][INFO][seed98] No feasible solution... resampling
[2024-10-14T10:32:37.087634][INFO][seed80] simple_nparents1_nzr06_zdr05_ysize3_80
[2024-10-14T10:32:37.090171][INFO][seed175] Sampled 5800 data instances
[2024-10-14T10:32:37.090449][INFO][seed175] Starting exact inference 
[2024-10-14T10:32:37.095878][INFO][seed40] No feasible solution... resampling
[2024-10-14T10:32:37.097649][INFO][seed83] No feasible solution... resampling
[2024-10-14T10:32:37.106127][INFO][seed194] Sampled 2600 data instances
[2024-10-14T10:32:37.117088][INFO][seed194] Starting exact inference 
[2024-10-14T10:32:37.145084][INFO][seed98] Sampled 9200 data instances
[2024-10-14T10:32:37.145173][INFO][seed98] Starting exact inference 
[2024-10-14T10:32:37.147604][INFO][seed40] Sampled 6400 data instances
[2024-10-14T10:32:37.147841][INFO][seed40] Starting exact inference 
[2024-10-14T10:32:37.148489][INFO][seed83] Sampled 6900 data instances
[2024-10-14T10:32:37.148694][INFO][seed83] Starting exact inference 
[2024-10-14T10:32:37.160316][INFO][seed175] No feasible solution... resampling
[2024-10-14T10:32:37.183835][INFO][seed98] No feasible solution... resampling
[2024-10-14T10:32:37.187408][INFO][seed40] No feasible solution... resampling
['genn.py', '1', '0.6', '0.5', '76', '3']
[2024-10-14T10:32:37.205012][INFO][seed175] Sampled 5900 data instances
[2024-10-14T10:32:37.205287][INFO][seed175] Starting exact inference 
[2024-10-14T10:32:37.214097][INFO][seed194] PS(V1,V0) in [0.0, 0.0]
[2024-10-14T10:32:37.212775][INFO][seed83] No feasible solution... resampling
[2024-10-14T10:32:37.217345][INFO][seed194] No feasible solution... resampling
[2024-10-14T10:32:37.215009][INFO][seed47] No feasible solution... resampling
[2024-10-14T10:32:37.233373][INFO][seed40] Sampled 6500 data instances
[2024-10-14T10:32:37.233673][INFO][seed40] Starting exact inference 
1 0.6 0.5 76
/mnt/beegfs/rcabanas/dev/credici/papers/zeros/code/GenerateNparents.java
['genn.py', '1', '0.6', '0.5', '132', '3']
[2024-10-14T10:32:37.248780][INFO][seed194] Sampled 2700 data instances
[2024-10-14T10:32:37.245139][INFO][seed175] No feasible solution... resampling
[2024-10-14T10:32:37.250710][INFO][seed98] Sampled 9300 data instances
[2024-10-14T10:32:37.250920][INFO][seed98] Starting exact inference 
[2024-10-14T10:32:37.257082][INFO][seed194] Starting exact inference 
[2024-10-14T10:32:37.265485][INFO][seed83] Sampled 7000 data instances
[2024-10-14T10:32:37.266167][INFO][seed83] Starting exact inference 
1 0.6 0.5 132
/mnt/beegfs/rcabanas/dev/credici/papers/zeros/code/GenerateNparents.java
[2024-10-14T10:32:37.280651][INFO][seed47] Sampled 1100 data instances
[2024-10-14T10:32:37.281259][INFO][seed47] Starting exact inference 
[2024-10-14T10:32:37.283036][INFO][seed40] No feasible solution... resampling
[2024-10-14T10:32:37.288918][INFO][seed175] Sampled 6000 data instances
[2024-10-14T10:32:37.289207][INFO][seed175] Starting exact inference 
[2024-10-14T10:32:37.285878][INFO][seed98] No feasible solution... resampling
[2024-10-14T10:32:37.293265][INFO][seed130] Sampled 1000 data instances
[2024-10-14T10:32:37.293573][INFO][seed130] Starting exact inference 
Error in variable: 2
[2024-10-14T10:32:37.308930][INFO][seed194] No feasible solution... resampling
[2024-10-14T10:32:37.308629][INFO][seed83] No feasible solution... resampling
[2024-10-14T10:32:37.321650][INFO][seed165] PS(V1,V0) in [0.5648146463083951, 0.5710204007352272]
[2024-10-14T10:32:37.326338][INFO][seed165] PN(V1,V0) in [0.4079014811991536, 0.41238319292388964] 
[2024-10-14T10:32:37.329294][INFO][seed40] Sampled 6600 data instances
[2024-10-14T10:32:37.329502][INFO][seed40] Starting exact inference 
[2024-10-14T10:32:37.340632][INFO][seed80] U cardinality: 9
[2024-10-14T10:32:37.347162][INFO][seed80] !0 = [1, 2, 4, 5, 8]
[2024-10-14T10:32:37.350056][INFO][seed98] Sampled 9400 data instances
[2024-10-14T10:32:37.349963][INFO][seed80] 0 = [0, 3, 6, 7]
[2024-10-14T10:32:37.350138][INFO][seed98] Starting exact inference 
['genn.py', '1', '0.6', '0.5', '6', '3']
[2024-10-14T10:32:37.357439][INFO][seed165] Saved data to: /mnt/beegfs/rcabanas/dev/credici/papers/zeros/models/s3/simple_nparents1_nzr06_zdr05_ysize3_165.csv
[2024-10-14T10:32:37.357468][INFO][seed194] Sampled 2800 data instances
[2024-10-14T10:32:37.357753][INFO][seed194] Starting exact inference 
[2024-10-14T10:32:37.360285][INFO][seed80] Dropping state 7
[2024-10-14T10:32:37.361704][INFO][seed80] Dropping state 6
[2024-10-14T10:32:37.362441][INFO][seed80] Dropping state 0
[2024-10-14T10:32:37.366993][INFO][seed80] U cardinality: 6
[2024-10-14T10:32:37.369379][INFO][seed83] Sampled 7100 data instances
[2024-10-14T10:32:37.369672][INFO][seed83] Starting exact inference 
[2024-10-14T10:32:37.363844][INFO][seed175] No feasible solution... resampling
[2024-10-14T10:32:37.380307][INFO][seed165] Saved model to: /mnt/beegfs/rcabanas/dev/credici/papers/zeros/models/s3/simple_nparents1_nzr06_zdr05_ysize3_165.uai
[2024-10-14T10:32:37.382791][INFO][seed80] 
[P([3]) [0.648, 0.352], P([2]) [0.001, 0.498, 0.0, 0.194, 0.039, 0.268], P([1, 3]) [1.0, 0.0, 0.0, 1.0], P([0, 1, 2]) [1.0, 0.0, 0.0, 0.0, 1.0, 0.0, 1.0, 0.0, 0.0, 0.0, 0.0, 1.0, 0.0, 1.0, 0.0, 1.0, 0.0, 0.0, 0.0, 1.0, 0.0, 0.0, 1.0, 0.0, 0.0, 1.0, 0.0, 0.0, 0.0, 1.0, 0.0, 0.0, 1.0, 0.0, 0.0, 1.0]]

[2024-10-14T10:32:37.384161][INFO][seed165] Saved queries to: /mnt/beegfs/rcabanas/dev/credici/papers/zeros/models/s3/simple_nparents1_nzr06_zdr05_ysize3_165_query.csv
[2024-10-14T10:32:37.384240][INFO][seed165] Closing log file
[2024-10-14T10:32:37.384265][INFO][seed165] Closed log file
[2024-10-14T10:32:37.384190][INFO][seed40] No feasible solution... resampling
1 0.6 0.5 6
/mnt/beegfs/rcabanas/dev/credici/papers/zeros/code/GenerateNparents.java
[2024-10-14T10:32:37.371036][INFO][seed142] Set up logging
[2024-10-14T10:32:37.391631][INFO][seed142] args: -np;1;-nzr;0.6;-zdr;0.5;-o;/mnt/beegfs/rcabanas/dev/credici/papers/zeros/models/s3;-rw;-s;142;-ys;3
[2024-10-14T10:32:37.399904][INFO][seed142] Starting logger with seed 142
[2024-10-14T10:32:37.410131][INFO][seed142] simple_nparents1_nzr06_zdr05_ysize3_142
[2024-10-14T10:32:37.433642][INFO][seed40] Sampled 6700 data instances
[2024-10-14T10:32:37.433895][INFO][seed40] Starting exact inference 
[2024-10-14T10:32:37.435488][INFO][seed83] No feasible solution... resampling
[2024-10-14T10:32:37.433893][INFO][seed98] No feasible solution... resampling
[2024-10-14T10:32:37.445093][INFO][seed175] Sampled 6100 data instances
[2024-10-14T10:32:37.453330][INFO][seed175] Starting exact inference 
[2024-10-14T10:32:37.453649][INFO][seed47] No feasible solution... resampling
Error in variable: 2
[2024-10-14T10:32:37.450376][INFO][seed194] No feasible solution... resampling
[2024-10-14T10:32:37.473924][INFO][seed194] Sampled 2900 data instances
[2024-10-14T10:32:37.477072][INFO][seed194] Starting exact inference 
[2024-10-14T10:32:37.487922][INFO][seed83] Sampled 7200 data instances
[2024-10-14T10:32:37.488219][INFO][seed83] Starting exact inference 
[2024-10-14T10:32:37.501244][INFO][seed47] Sampled 1200 data instances
[2024-10-14T10:32:37.501556][INFO][seed47] Starting exact inference 
[2024-10-14T10:32:37.483783][INFO][seed178] Set up logging
[2024-10-14T10:32:37.502385][INFO][seed178] args: -np;1;-nzr;0.6;-zdr;0.5;-o;/mnt/beegfs/rcabanas/dev/credici/papers/zeros/models/s3;-rw;-s;178;-ys;3
[2024-10-14T10:32:37.504406][INFO][seed98] Sampled 9500 data instances
[2024-10-14T10:32:37.504490][INFO][seed98] Starting exact inference 
[2024-10-14T10:32:37.504906][INFO][seed178] Starting logger with seed 178
[2024-10-14T10:32:37.504151][INFO][seed40] No feasible solution... resampling
[2024-10-14T10:32:37.519148][INFO][seed178] simple_nparents1_nzr06_zdr05_ysize3_178
[2024-10-14T10:32:37.535348][INFO][seed83] No feasible solution... resampling
Error in variable: 2
[2024-10-14T10:32:37.539260][INFO][seed194] No feasible solution... resampling
[2024-10-14T10:32:37.558440][INFO][seed40] Sampled 6800 data instances
[2024-10-14T10:32:37.558694][INFO][seed40] Starting exact inference 
[2024-10-14T10:32:37.567047][INFO][seed194] Sampled 3000 data instances
[2024-10-14T10:32:37.576121][INFO][seed194] Starting exact inference 
[2024-10-14T10:32:37.575541][INFO][seed98] No feasible solution... resampling
[2024-10-14T10:32:37.592380][INFO][seed83] Sampled 7300 data instances
[2024-10-14T10:32:37.592670][INFO][seed83] Starting exact inference 
[2024-10-14T10:32:37.573580][INFO][seed20] Set up logging
[2024-10-14T10:32:37.591199][INFO][seed175] No feasible solution... resampling
[2024-10-14T10:32:37.597353][INFO][seed20] args: -np;1;-nzr;0.6;-zdr;0.5;-o;/mnt/beegfs/rcabanas/dev/credici/papers/zeros/models/s3;-rw;-s;20;-ys;3
[2024-10-14T10:32:37.598387][INFO][seed80] Sampled 1000 data instances
[2024-10-14T10:32:37.598479][INFO][seed80] Starting exact inference 
[2024-10-14T10:32:37.601522][INFO][seed142] U cardinality: 9
[2024-10-14T10:32:37.602599][INFO][seed20] Starting logger with seed 20
[2024-10-14T10:32:37.606014][INFO][seed142] !0 = [0, 1, 2, 3, 6]
[2024-10-14T10:32:37.606305][INFO][seed142] 0 = [4, 5, 7, 8]
[2024-10-14T10:32:37.613785][INFO][seed142] Dropping state 8
[2024-10-14T10:32:37.614668][INFO][seed142] Dropping state 7
[2024-10-14T10:32:37.615651][INFO][seed142] Dropping state 5
[2024-10-14T10:32:37.617835][INFO][seed142] Dropping state 4
[2024-10-14T10:32:37.619282][INFO][seed20] simple_nparents1_nzr06_zdr05_ysize3_20
[2024-10-14T10:32:37.620236][INFO][seed142] U cardinality: 5
[2024-10-14T10:32:37.619870][INFO][seed40] No feasible solution... resampling
[2024-10-14T10:32:37.631812][INFO][seed142] 
[P([3]) [0.667, 0.333], P([2]) [0.005, 0.001, 0.018, 0.132, 0.844], P([1, 3]) [1.0, 0.0, 0.0, 1.0], P([0, 1, 2]) [1.0, 0.0, 0.0, 1.0, 0.0, 0.0, 1.0, 0.0, 0.0, 0.0, 1.0, 0.0, 1.0, 0.0, 0.0, 0.0, 0.0, 1.0, 0.0, 1.0, 0.0, 1.0, 0.0, 0.0, 0.0, 0.0, 1.0, 1.0, 0.0, 0.0]]

[2024-10-14T10:32:37.645463][INFO][seed98] Sampled 9600 data instances
[2024-10-14T10:32:37.645665][INFO][seed98] Starting exact inference 
[2024-10-14T10:32:37.649633][INFO][seed83] No feasible solution... resampling
[2024-10-14T10:32:37.661135][INFO][seed47] PS(V1,V0) in [0.8128544423440455, 1.0]
[2024-10-14T10:32:37.667830][INFO][seed47] PN(V1,V0) in [0.02428692459757131, 0.02987856537701215] 
[2024-10-14T10:32:37.664051][INFO][seed194] PS(V1,V0) in [0.0, 0.0]
[2024-10-14T10:32:37.664983][INFO][seed194] No feasible solution... resampling
[2024-10-14T10:32:37.675308][INFO][seed175] Sampled 6200 data instances
[2024-10-14T10:32:37.675551][INFO][seed175] Starting exact inference 
[2024-10-14T10:32:37.680499][INFO][seed98] No feasible solution... resampling
Removed 000
Removed 000
Removed 000
Removed 000
[2024-10-14T10:32:37.691234][INFO][seed178] U cardinality: 9
[2024-10-14T10:32:37.692696][INFO][seed194] Sampled 3100 data instances
[2024-10-14T10:32:37.694487][INFO][seed40] Sampled 6900 data instances
[2024-10-14T10:32:37.694740][INFO][seed40] Starting exact inference 
[2024-10-14T10:32:37.695231][INFO][seed178] !0 = [0, 1, 4, 7, 8]
[2024-10-14T10:32:37.695521][INFO][seed178] 0 = [2, 3, 5, 6]
[2024-10-14T10:32:37.697069][INFO][seed178] U cardinality: 9
[2024-10-14T10:32:37.697226][INFO][seed47] Saved data to: /mnt/beegfs/rcabanas/dev/credici/papers/zeros/models/s3/simple_nparents1_nzr06_zdr05_ysize3_47.csv
Error in variable: 2
[2024-10-14T10:32:37.699912][INFO][seed10] No feasible solution... resampling
[2024-10-14T10:32:37.701453][INFO][seed178] 
[P([3]) [0.928, 0.072], P([2]) [0.126, 0.068, 0.0, 0.0, 0.085, 0.0, 0.0, 0.044, 0.677], P([1, 3]) [1.0, 0.0, 0.0, 1.0], P([0, 1, 2]) [1.0, 0.0, 0.0, 1.0, 0.0, 0.0, 1.0, 0.0, 0.0, 0.0, 1.0, 0.0, 1.0, 0.0, 0.0, 0.0, 0.0, 1.0, 0.0, 1.0, 0.0, 1.0, 0.0, 0.0, 0.0, 1.0, 0.0, 0.0, 1.0, 0.0, 0.0, 1.0, 0.0, 0.0, 0.0, 1.0, 0.0, 0.0, 1.0, 1.0, 0.0, 0.0, 0.0, 0.0, 1.0, 0.0, 1.0, 0.0, 0.0, 0.0, 1.0, 0.0, 0.0, 1.0]]

[2024-10-14T10:32:37.706855][INFO][seed194] Starting exact inference 
[2024-10-14T10:32:37.715034][INFO][seed83] Sampled 7400 data instances
[2024-10-14T10:32:37.715273][INFO][seed83] Starting exact inference 
[2024-10-14T10:32:37.716454][INFO][seed47] Saved model to: /mnt/beegfs/rcabanas/dev/credici/papers/zeros/models/s3/simple_nparents1_nzr06_zdr05_ysize3_47.uai
[2024-10-14T10:32:37.720624][INFO][seed47] Saved queries to: /mnt/beegfs/rcabanas/dev/credici/papers/zeros/models/s3/simple_nparents1_nzr06_zdr05_ysize3_47_query.csv
[2024-10-14T10:32:37.720882][INFO][seed47] Closing log file
[2024-10-14T10:32:37.720965][INFO][seed47] Closed log file
[2024-10-14T10:32:37.746274][INFO][seed98] Sampled 9700 data instances
[2024-10-14T10:32:37.746358][INFO][seed98] Starting exact inference 
[2024-10-14T10:32:37.758181][INFO][seed175] No feasible solution... resampling
[2024-10-14T10:32:37.763826][INFO][seed10] Sampled 1100 data instances
[2024-10-14T10:32:37.764262][INFO][seed10] Starting exact inference 
Error in variable: 2
[2024-10-14T10:32:37.770377][INFO][seed194] No feasible solution... resampling
[2024-10-14T10:32:37.780483][INFO][seed83] No feasible solution... resampling
[2024-10-14T10:32:37.779435][INFO][seed74] No feasible solution... resampling
[2024-10-14T10:32:37.794831][INFO][seed194] Sampled 3200 data instances
[2024-10-14T10:32:37.800530][INFO][seed142] Sampled 1000 data instances
[2024-10-14T10:32:37.800776][INFO][seed142] Starting exact inference 
[2024-10-14T10:32:37.798273][INFO][seed40] No feasible solution... resampling
[2024-10-14T10:32:37.802043][INFO][seed98] No feasible solution... resampling
[2024-10-14T10:32:37.810067][INFO][seed194] Starting exact inference 
['genn.py', '1', '0.6', '0.5', '147', '3']
[2024-10-14T10:32:37.825163][INFO][seed20] U cardinality: 9
[2024-10-14T10:32:37.830371][INFO][seed20] !0 = [0, 2, 3, 5, 8]
[2024-10-14T10:32:37.830880][INFO][seed20] 0 = [1, 4, 6, 7]
[2024-10-14T10:32:37.836222][INFO][seed20] Dropping state 7
[2024-10-14T10:32:37.839305][INFO][seed20] U cardinality: 8
[2024-10-14T10:32:37.848097][INFO][seed175] Sampled 6300 data instances
[2024-10-14T10:32:37.848299][INFO][seed175] Starting exact inference 
[2024-10-14T10:32:37.851519][INFO][seed20] 
[P([3]) [0.745, 0.255], P([2]) [0.788, 0.0, 0.001, 0.113, 0.0, 0.05, 0.0, 0.048], P([1, 3]) [1.0, 0.0, 0.0, 1.0], P([0, 1, 2]) [1.0, 0.0, 0.0, 1.0, 0.0, 0.0, 1.0, 0.0, 0.0, 0.0, 1.0, 0.0, 1.0, 0.0, 0.0, 0.0, 0.0, 1.0, 0.0, 1.0, 0.0, 1.0, 0.0, 0.0, 0.0, 1.0, 0.0, 0.0, 1.0, 0.0, 0.0, 1.0, 0.0, 0.0, 0.0, 1.0, 0.0, 0.0, 1.0, 1.0, 0.0, 0.0, 0.0, 0.0, 1.0, 0.0, 0.0, 1.0]]

[2024-10-14T10:32:37.853700][INFO][seed74] Sampled 1100 data instances
1 0.6 0.5 147
[2024-10-14T10:32:37.853985][INFO][seed74] Starting exact inference 
/mnt/beegfs/rcabanas/dev/credici/papers/zeros/code/GenerateNparents.java
[2024-10-14T10:32:37.871974][INFO][seed98] Sampled 9800 data instances
[2024-10-14T10:32:37.872189][INFO][seed98] Starting exact inference 
[2024-10-14T10:32:37.876277][INFO][seed83] Sampled 7500 data instances
[2024-10-14T10:32:37.876519][INFO][seed83] Starting exact inference 
Error in variable: 2
[2024-10-14T10:32:37.870304][INFO][seed194] No feasible solution... resampling
[2024-10-14T10:32:37.895459][INFO][seed194] Sampled 3300 data instances
[2024-10-14T10:32:37.896791][INFO][seed194] Starting exact inference 
[2024-10-14T10:32:37.897283][INFO][seed178] Sampled 1000 data instances
[2024-10-14T10:32:37.897385][INFO][seed178] Starting exact inference 
[2024-10-14T10:32:37.899284][INFO][seed40] Sampled 7000 data instances
[2024-10-14T10:32:37.906494][INFO][seed79] PS(V1,V0) in [0.0, 1.0]
[2024-10-14T10:32:37.907351][INFO][seed40] Starting exact inference 
[2024-10-14T10:32:37.922520][INFO][seed79] PN(V1,V0) in [0.0, 0.874473568420391] 
[2024-10-14T10:32:37.923741][INFO][seed98] No feasible solution... resampling
[2024-10-14T10:32:37.931528][INFO][seed175] No feasible solution... resampling
[2024-10-14T10:32:37.955189][INFO][seed83] No feasible solution... resampling
[2024-10-14T10:32:37.965158][INFO][seed79] Saved data to: /mnt/beegfs/rcabanas/dev/credici/papers/zeros/models/s3/simple_nparents1_nzr06_zdr05_ysize3_79.csv
Error in variable: 2
[2024-10-14T10:32:37.967582][INFO][seed194] No feasible solution... resampling
[2024-10-14T10:32:37.980356][INFO][seed79] Saved model to: /mnt/beegfs/rcabanas/dev/credici/papers/zeros/models/s3/simple_nparents1_nzr06_zdr05_ysize3_79.uai
[2024-10-14T10:32:37.990190][INFO][seed98] Sampled 9900 data instances
[2024-10-14T10:32:37.990271][INFO][seed105] PS(V1,V0) in [0.0, 0.6010359573571041]
[2024-10-14T10:32:37.990273][INFO][seed98] Starting exact inference 
[2024-10-14T10:32:37.994099][INFO][seed175] Sampled 6400 data instances
[2024-10-14T10:32:37.994385][INFO][seed175] Starting exact inference 
[2024-10-14T10:32:37.994358][INFO][seed79] Saved queries to: /mnt/beegfs/rcabanas/dev/credici/papers/zeros/models/s3/simple_nparents1_nzr06_zdr05_ysize3_79_query.csv
[2024-10-14T10:32:37.994447][INFO][seed79] Closing log file
[2024-10-14T10:32:37.994472][INFO][seed79] Closed log file
[2024-10-14T10:32:38.004887][INFO][seed105] PN(V1,V0) in [0.0, 1.0] 
[2024-10-14T10:32:38.005105][INFO][seed194] Sampled 3400 data instances
[2024-10-14T10:32:38.005333][INFO][seed194] Starting exact inference 
[2024-10-14T10:32:38.006964][INFO][seed40] No feasible solution... resampling
[2024-10-14T10:32:38.014214][INFO][seed83] Sampled 7600 data instances
[2024-10-14T10:32:38.014424][INFO][seed83] Starting exact inference 
[2024-10-14T10:32:38.019831][INFO][seed10] No feasible solution... resampling
[2024-10-14T10:32:38.037268][INFO][seed105] Saved data to: /mnt/beegfs/rcabanas/dev/credici/papers/zeros/models/s3/simple_nparents1_nzr06_zdr05_ysize3_105.csv
[2024-10-14T10:32:38.034870][INFO][seed74] No feasible solution... resampling
[2024-10-14T10:32:38.055332][INFO][seed105] Saved model to: /mnt/beegfs/rcabanas/dev/credici/papers/zeros/models/s3/simple_nparents1_nzr06_zdr05_ysize3_105.uai
[2024-10-14T10:32:38.063448][INFO][seed105] Saved queries to: /mnt/beegfs/rcabanas/dev/credici/papers/zeros/models/s3/simple_nparents1_nzr06_zdr05_ysize3_105_query.csv
[2024-10-14T10:32:38.063724][INFO][seed105] Closing log file
[2024-10-14T10:32:38.063806][INFO][seed105] Closed log file
[2024-10-14T10:32:38.065393][INFO][seed20] Sampled 1000 data instances
[2024-10-14T10:32:38.065789][INFO][seed20] Starting exact inference 
[2024-10-14T10:32:38.070731][INFO][seed40] Sampled 7100 data instances
[2024-10-14T10:32:38.070966][INFO][seed40] Starting exact inference 
[2024-10-14T10:32:38.056521][INFO][seed190] Set up logging
[2024-10-14T10:32:38.078346][INFO][seed190] args: -np;1;-nzr;0.6;-zdr;0.5;-o;/mnt/beegfs/rcabanas/dev/credici/papers/zeros/models/s3;-rw;-s;190;-ys;3
[2024-10-14T10:32:38.079246][INFO][seed10] Sampled 1200 data instances
[2024-10-14T10:32:38.079488][INFO][seed10] Starting exact inference 
[2024-10-14T10:32:38.081815][INFO][seed190] Starting logger with seed 190
[2024-10-14T10:32:38.082940][INFO][seed175] No feasible solution... resampling
[2024-10-14T10:32:38.083494][INFO][seed98] No feasible solution... resampling
[2024-10-14T10:32:38.094470][INFO][seed190] simple_nparents1_nzr06_zdr05_ysize3_190
[2024-10-14T10:32:38.092208][INFO][seed83] No feasible solution... resampling
[2024-10-14T10:32:38.098123][INFO][seed74] Sampled 1200 data instances
[2024-10-14T10:32:38.098388][INFO][seed74] Starting exact inference 
[2024-10-14T10:32:38.113947][INFO][seed40] No feasible solution... resampling
['genn.py', '1', '0.6', '0.5', '193', '3']
[2024-10-14T10:32:38.125347][INFO][seed194] PS(V1,V0) in [0.0, 0.0]
[2024-10-14T10:32:38.126198][INFO][seed194] No feasible solution... resampling
[2024-10-14T10:32:38.138869][INFO][seed175] Sampled 6500 data instances
[2024-10-14T10:32:38.139186][INFO][seed175] Starting exact inference 
[2024-10-14T10:32:38.151446][INFO][seed98] Sampled 10000 data instances
[2024-10-14T10:32:38.151527][INFO][seed98] Starting exact inference 
[2024-10-14T10:32:38.156818][INFO][seed83] Sampled 7700 data instances
[2024-10-14T10:32:38.157130][INFO][seed83] Starting exact inference 
Error in variable: 2
[2024-10-14T10:32:38.157412][INFO][seed10] No feasible solution... resampling
[2024-10-14T10:32:38.164505][INFO][seed40] Sampled 7200 data instances
[2024-10-14T10:32:38.164737][INFO][seed40] Starting exact inference 
1 0.6 0.5 193
/mnt/beegfs/rcabanas/dev/credici/papers/zeros/code/GenerateNparents.java
[2024-10-14T10:32:38.174616][INFO][seed194] Sampled 3500 data instances
[2024-10-14T10:32:38.174869][INFO][seed194] Starting exact inference 
[2024-10-14T10:32:38.195452][INFO][seed40] No feasible solution... resampling
[2024-10-14T10:32:38.202698][INFO][seed10] Sampled 1300 data instances
[2024-10-14T10:32:38.215070][INFO][seed10] Starting exact inference 
Error in variable: 2
[2024-10-14T10:32:38.231381][INFO][seed194] No feasible solution... resampling
[2024-10-14T10:32:38.238902][INFO][seed98] No feasible solution... resampling
[2024-10-14T10:32:38.238986][SEVERE][seed98] java.lang.IllegalStateException: Unable to generate compatible data
[2024-10-14T10:32:38.239001][INFO][seed98] Closing log file
[2024-10-14T10:32:38.239010][INFO][seed98] Closed log file
[2024-10-14T10:32:38.249271][INFO][seed40] Sampled 7300 data instances
[2024-10-14T10:32:38.249503][INFO][seed40] Starting exact inference 
[2024-10-14T10:32:38.250935][INFO][seed74] No feasible solution... resampling
[2024-10-14T10:32:38.256475][INFO][seed190] U cardinality: 9
[2024-10-14T10:32:38.258842][INFO][seed130] PS(V1,V0) in [0.0, 0.37597042513863216]
[2024-10-14T10:32:38.260577][INFO][seed190] !0 = [1, 2, 5, 6, 7]
[2024-10-14T10:32:38.260852][INFO][seed190] 0 = [0, 3, 4, 8]
[2024-10-14T10:32:38.262923][INFO][seed130] PN(V1,V0) in [0.0, 0.19336132456626792] 
[2024-10-14T10:32:38.264835][INFO][seed190] Dropping state 3
[2024-10-14T10:32:38.267080][INFO][seed190] U cardinality: 8
[2024-10-14T10:32:38.269184][INFO][seed194] Sampled 3600 data instances
[2024-10-14T10:32:38.272673][INFO][seed190] 
[P([3]) [0.614, 0.386], P([2]) [0.0, 0.041, 0.004, 0.0, 0.078, 0.727, 0.15, 0.0], P([1, 3]) [1.0, 0.0, 0.0, 1.0], P([0, 1, 2]) [1.0, 0.0, 0.0, 1.0, 0.0, 0.0, 1.0, 0.0, 0.0, 0.0, 1.0, 0.0, 1.0, 0.0, 0.0, 0.0, 0.0, 1.0, 0.0, 1.0, 0.0, 0.0, 1.0, 0.0, 0.0, 1.0, 0.0, 0.0, 0.0, 1.0, 0.0, 0.0, 1.0, 1.0, 0.0, 0.0, 0.0, 0.0, 1.0, 0.0, 1.0, 0.0, 0.0, 0.0, 1.0, 0.0, 0.0, 1.0]]

Error in variable: 2
[2024-10-14T10:32:38.273590][INFO][seed10] No feasible solution... resampling
[2024-10-14T10:32:38.277075][INFO][seed194] Starting exact inference 
[2024-10-14T10:32:38.304432][INFO][seed83] No feasible solution... resampling
[2024-10-14T10:32:38.303599][INFO][seed175] No feasible solution... resampling
[2024-10-14T10:32:38.314257][INFO][seed130] Saved data to: /mnt/beegfs/rcabanas/dev/credici/papers/zeros/models/s3/simple_nparents1_nzr06_zdr05_ysize3_130.csv
[2024-10-14T10:32:38.318053][INFO][seed74] Sampled 1300 data instances
[2024-10-14T10:32:38.318307][INFO][seed74] Starting exact inference 
[2024-10-14T10:32:38.318150][INFO][seed40] No feasible solution... resampling
[2024-10-14T10:32:38.327065][INFO][seed130] Saved model to: /mnt/beegfs/rcabanas/dev/credici/papers/zeros/models/s3/simple_nparents1_nzr06_zdr05_ysize3_130.uai
[2024-10-14T10:32:38.330625][INFO][seed130] Saved queries to: /mnt/beegfs/rcabanas/dev/credici/papers/zeros/models/s3/simple_nparents1_nzr06_zdr05_ysize3_130_query.csv
[2024-10-14T10:32:38.330828][INFO][seed130] Closing log file
[2024-10-14T10:32:38.330919][INFO][seed130] Closed log file
[2024-10-14T10:32:38.338446][INFO][seed10] Sampled 1400 data instances
[2024-10-14T10:32:38.340411][INFO][seed10] Starting exact inference 
[2024-10-14T10:32:38.359209][INFO][seed175] Sampled 6600 data instances
[2024-10-14T10:32:38.359498][INFO][seed175] Starting exact inference 
[2024-10-14T10:32:38.363765][INFO][seed83] Sampled 7800 data instances
[2024-10-14T10:32:38.364049][INFO][seed83] Starting exact inference 
[2024-10-14T10:32:38.380304][INFO][seed40] Sampled 7400 data instances
[2024-10-14T10:32:38.380616][INFO][seed40] Starting exact inference 
[2024-10-14T10:32:38.404417][INFO][seed194] PS(V1,V0) in [0.0, 0.0]
[2024-10-14T10:32:38.405245][INFO][seed194] No feasible solution... resampling
[2024-10-14T10:32:38.435176][INFO][seed194] Sampled 3700 data instances
[2024-10-14T10:32:38.435531][INFO][seed194] Starting exact inference 
[2024-10-14T10:32:38.432446][INFO][seed83] No feasible solution... resampling
[2024-10-14T10:32:38.433457][INFO][seed40] No feasible solution... resampling
['genn.py', '1', '0.6', '0.5', '101', '3']
[2024-10-14T10:32:38.451386][INFO][seed10] No feasible solution... resampling
[2024-10-14T10:32:38.458165][INFO][seed190] Sampled 1000 data instances
[2024-10-14T10:32:38.458257][INFO][seed190] Starting exact inference 
[2024-10-14T10:32:38.473102][INFO][seed80] PS(V1,V0) in [0.0, 0.4603909978632905]
['genn.py', '1', '0.6', '0.5', '59', '3']
[2024-10-14T10:32:38.480690][INFO][seed80] PN(V1,V0) in [0.0, 1.0] 
[2024-10-14T10:32:38.486014][INFO][seed40] Sampled 7500 data instances
[2024-10-14T10:32:38.486343][INFO][seed40] Starting exact inference 
1 0.6 0.5 101
/mnt/beegfs/rcabanas/dev/credici/papers/zeros/code/GenerateNparents.java
[2024-10-14T10:32:38.491730][INFO][seed83] Sampled 7900 data instances
[2024-10-14T10:32:38.492092][INFO][seed83] Starting exact inference 
[2024-10-14T10:32:38.494117][INFO][seed175] No feasible solution... resampling
[2024-10-14T10:32:38.493785][INFO][seed74] No feasible solution... resampling
[2024-10-14T10:32:38.506126][INFO][seed10] Sampled 1500 data instances
1 0.6 0.5 59
/mnt/beegfs/rcabanas/dev/credici/papers/zeros/code/GenerateNparents.java
[2024-10-14T10:32:38.517226][INFO][seed80] Saved data to: /mnt/beegfs/rcabanas/dev/credici/papers/zeros/models/s3/simple_nparents1_nzr06_zdr05_ysize3_80.csv
[2024-10-14T10:32:38.517085][INFO][seed10] Starting exact inference 
[2024-10-14T10:32:38.541493][INFO][seed80] Saved model to: /mnt/beegfs/rcabanas/dev/credici/papers/zeros/models/s3/simple_nparents1_nzr06_zdr05_ysize3_80.uai
[2024-10-14T10:32:38.542501][INFO][seed74] Sampled 1400 data instances
Error in variable: 2
[2024-10-14T10:32:38.537437][INFO][seed194] No feasible solution... resampling
[2024-10-14T10:32:38.545393][INFO][seed80] Saved queries to: /mnt/beegfs/rcabanas/dev/credici/papers/zeros/models/s3/simple_nparents1_nzr06_zdr05_ysize3_80_query.csv
[2024-10-14T10:32:38.545535][INFO][seed80] Closing log file
[2024-10-14T10:32:38.545620][INFO][seed80] Closed log file
['genn.py', '1', '0.6', '0.5', '135', '3']
[2024-10-14T10:32:38.553903][INFO][seed175] Sampled 6700 data instances
[2024-10-14T10:32:38.554126][INFO][seed175] Starting exact inference 
[2024-10-14T10:32:38.548847][INFO][seed40] No feasible solution... resampling
[2024-10-14T10:32:38.555061][INFO][seed74] Starting exact inference 
[2024-10-14T10:32:38.569276][INFO][seed142] PS(V1,V0) in [0.0, 0.0]
[2024-10-14T10:32:38.569975][INFO][seed194] Sampled 3800 data instances
[2024-10-14T10:32:38.579262][INFO][seed194] Starting exact inference 
1 0.6 0.5 135
/mnt/beegfs/rcabanas/dev/credici/papers/zeros/code/GenerateNparents.java
[2024-10-14T10:32:38.588033][INFO][seed142] No feasible solution... resampling
[2024-10-14T10:32:38.592073][INFO][seed83] No feasible solution... resampling
[2024-10-14T10:32:38.603012][INFO][seed40] Sampled 7600 data instances
[2024-10-14T10:32:38.603297][INFO][seed40] Starting exact inference 
[2024-10-14T10:32:38.651399][INFO][seed142] Sampled 1100 data instances
[2024-10-14T10:32:38.651790][INFO][seed142] Starting exact inference 
[2024-10-14T10:32:38.660645][INFO][seed83] Sampled 8000 data instances
[2024-10-14T10:32:38.661778][INFO][seed83] Starting exact inference 
[2024-10-14T10:32:38.679920][INFO][seed74] No feasible solution... resampling
Error in variable: 2
[2024-10-14T10:32:38.686244][INFO][seed194] No feasible solution... resampling
[2024-10-14T10:32:38.686514][INFO][seed175] No feasible solution... resampling
[2024-10-14T10:32:38.699317][INFO][seed10] No feasible solution... resampling
[2024-10-14T10:32:38.688800][INFO][seed7] Set up logging
[2024-10-14T10:32:38.712187][INFO][seed7] args: -np;1;-nzr;0.6;-zdr;0.5;-o;/mnt/beegfs/rcabanas/dev/credici/papers/zeros/models/s3;-rw;-s;7;-ys;3
[2024-10-14T10:32:38.714097][INFO][seed7] Starting logger with seed 7
[2024-10-14T10:32:38.720675][INFO][seed74] Sampled 1500 data instances
[2024-10-14T10:32:38.722329][INFO][seed74] Starting exact inference 
[2024-10-14T10:32:38.725519][INFO][seed194] Sampled 3900 data instances
[2024-10-14T10:32:38.725784][INFO][seed194] Starting exact inference 
[2024-10-14T10:32:38.739490][INFO][seed7] simple_nparents1_nzr06_zdr05_ysize3_7
[2024-10-14T10:32:38.745103][INFO][seed175] Sampled 6800 data instances
[2024-10-14T10:32:38.745324][INFO][seed175] Starting exact inference 
Error in variable: 2
[2024-10-14T10:32:38.740713][INFO][seed142] No feasible solution... resampling
[2024-10-14T10:32:38.746477][INFO][seed10] Sampled 1600 data instances
[2024-10-14T10:32:38.748558][INFO][seed10] Starting exact inference 
['genn.py', '1', '0.6', '0.5', '121', '3']
[2024-10-14T10:32:38.749115][INFO][seed40] No feasible solution... resampling
[2024-10-14T10:32:38.761218][INFO][seed178] PS(V1,V0) in [0.0, 0.7441336403272425]
[2024-10-14T10:32:38.770793][INFO][seed83] No feasible solution... resampling
[2024-10-14T10:32:38.785801][INFO][seed178] PN(V1,V0) in [0.0, 1.0] 
[2024-10-14T10:32:38.790416][INFO][seed142] Sampled 1200 data instances
[2024-10-14T10:32:38.790673][INFO][seed142] Starting exact inference 
1 0.6 0.5 121
/mnt/beegfs/rcabanas/dev/credici/papers/zeros/code/GenerateNparents.java
Error in variable: 2
[2024-10-14T10:32:38.793481][INFO][seed194] No feasible solution... resampling
[2024-10-14T10:32:38.810144][INFO][seed178] Saved data to: /mnt/beegfs/rcabanas/dev/credici/papers/zeros/models/s3/simple_nparents1_nzr06_zdr05_ysize3_178.csv
[2024-10-14T10:32:38.824567][INFO][seed40] Sampled 7700 data instances
[2024-10-14T10:32:38.824886][INFO][seed40] Starting exact inference 
[2024-10-14T10:32:38.826602][INFO][seed178] Saved model to: /mnt/beegfs/rcabanas/dev/credici/papers/zeros/models/s3/simple_nparents1_nzr06_zdr05_ysize3_178.uai
[2024-10-14T10:32:38.830334][INFO][seed178] Saved queries to: /mnt/beegfs/rcabanas/dev/credici/papers/zeros/models/s3/simple_nparents1_nzr06_zdr05_ysize3_178_query.csv
[2024-10-14T10:32:38.830421][INFO][seed178] Closing log file
[2024-10-14T10:32:38.830508][INFO][seed178] Closed log file
[2024-10-14T10:32:38.832697][INFO][seed83] Sampled 8100 data instances
[2024-10-14T10:32:38.832974][INFO][seed83] Starting exact inference 
[2024-10-14T10:32:38.828977][INFO][seed175] No feasible solution... resampling
[2024-10-14T10:32:38.839798][INFO][seed74] No feasible solution... resampling
[2024-10-14T10:32:38.859579][INFO][seed40] No feasible solution... resampling
[2024-10-14T10:32:38.869868][INFO][seed194] Sampled 4000 data instances
[2024-10-14T10:32:38.870122][INFO][seed194] Starting exact inference 
[2024-10-14T10:32:38.877186][INFO][seed175] Sampled 6900 data instances
[2024-10-14T10:32:38.877432][INFO][seed175] Starting exact inference 
[2024-10-14T10:32:38.879296][INFO][seed10] No feasible solution... resampling
[2024-10-14T10:32:38.886859][INFO][seed74] Sampled 1600 data instances
[2024-10-14T10:32:38.889399][INFO][seed74] Starting exact inference 
[2024-10-14T10:32:38.895121][INFO][seed83] No feasible solution... resampling
[2024-10-14T10:32:38.911877][INFO][seed10] Sampled 1700 data instances
[2024-10-14T10:32:38.916152][INFO][seed40] Sampled 7800 data instances
[2024-10-14T10:32:38.916456][INFO][seed40] Starting exact inference 
[2024-10-14T10:32:38.927607][INFO][seed7] U cardinality: 9
['genn.py', '1', '0.6', '0.5', '100', '3']
[2024-10-14T10:32:38.930076][INFO][seed10] Starting exact inference 
[2024-10-14T10:32:38.936050][INFO][seed7] !0 = [0, 2, 3, 6, 7]
[2024-10-14T10:32:38.931619][INFO][seed175] No feasible solution... resampling
[2024-10-14T10:32:38.936543][INFO][seed7] 0 = [1, 4, 5, 8]
[2024-10-14T10:32:38.941957][INFO][seed7] Dropping state 8
[2024-10-14T10:32:38.943676][INFO][seed7] Dropping state 4
[2024-10-14T10:32:38.946497][INFO][seed7] U cardinality: 7
[2024-10-14T10:32:38.946641][INFO][seed142] PS(V1,V0) in [0.09137240626137606, 0.09137240626137606]
[2024-10-14T10:32:38.948321][INFO][seed142] PN(V1,V0) in [1.0, 1.0] 
[2024-10-14T10:32:38.955591][INFO][seed83] Sampled 8200 data instances
[2024-10-14T10:32:38.955824][INFO][seed83] Starting exact inference 
[2024-10-14T10:32:38.957555][INFO][seed7] 
[P([3]) [0.104, 0.896], P([2]) [0.001, 0.0, 0.002, 0.001, 0.0, 0.001, 0.995], P([1, 3]) [1.0, 0.0, 0.0, 1.0], P([0, 1, 2]) [1.0, 0.0, 0.0, 1.0, 0.0, 0.0, 1.0, 0.0, 0.0, 0.0, 1.0, 0.0, 1.0, 0.0, 0.0, 0.0, 0.0, 1.0, 0.0, 1.0, 0.0, 1.0, 0.0, 0.0, 0.0, 1.0, 0.0, 0.0, 0.0, 1.0, 0.0, 0.0, 1.0, 1.0, 0.0, 0.0, 0.0, 0.0, 1.0, 0.0, 1.0, 0.0]]

1 0.6 0.5 100
/mnt/beegfs/rcabanas/dev/credici/papers/zeros/code/GenerateNparents.java
[2024-10-14T10:32:38.965357][INFO][seed40] No feasible solution... resampling
[2024-10-14T10:32:38.972826][INFO][seed142] Saved data to: /mnt/beegfs/rcabanas/dev/credici/papers/zeros/models/s3/simple_nparents1_nzr06_zdr05_ysize3_142.csv
[2024-10-14T10:32:38.982150][INFO][seed175] Sampled 7000 data instances
[2024-10-14T10:32:38.982846][INFO][seed175] Starting exact inference 
[2024-10-14T10:32:38.978714][INFO][seed194] PS(V1,V0) in [0.0, 0.0]
[2024-10-14T10:32:38.979582][INFO][seed194] No feasible solution... resampling
[2024-10-14T10:32:38.993215][INFO][seed142] Saved model to: /mnt/beegfs/rcabanas/dev/credici/papers/zeros/models/s3/simple_nparents1_nzr06_zdr05_ysize3_142.uai
[2024-10-14T10:32:38.996780][INFO][seed142] Saved queries to: /mnt/beegfs/rcabanas/dev/credici/papers/zeros/models/s3/simple_nparents1_nzr06_zdr05_ysize3_142_query.csv
[2024-10-14T10:32:38.996878][INFO][seed142] Closing log file
[2024-10-14T10:32:38.996953][INFO][seed142] Closed log file
[2024-10-14T10:32:38.998976][INFO][seed83] No feasible solution... resampling
Error in variable: 2
[2024-10-14T10:32:39.015416][INFO][seed10] No feasible solution... resampling
[2024-10-14T10:32:39.022057][INFO][seed40] Sampled 7900 data instances
[2024-10-14T10:32:39.022359][INFO][seed40] Starting exact inference 
[2024-10-14T10:32:39.024834][INFO][seed194] Sampled 4100 data instances
[2024-10-14T10:32:39.033733][INFO][seed194] Starting exact inference 
[2024-10-14T10:32:39.032179][INFO][seed74] No feasible solution... resampling
[2024-10-14T10:32:39.045784][INFO][seed175] No feasible solution... resampling
[2024-10-14T10:32:39.051876][INFO][seed20] PS(V1,V0) in [0.0, 0.0]
[2024-10-14T10:32:39.059162][INFO][seed10] Sampled 1800 data instances
[2024-10-14T10:32:39.059515][INFO][seed10] Starting exact inference 
[2024-10-14T10:32:39.060763][INFO][seed83] Sampled 8300 data instances
[2024-10-14T10:32:39.061008][INFO][seed83] Starting exact inference 
[2024-10-14T10:32:39.061470][INFO][seed20] No feasible solution... resampling
[2024-10-14T10:32:39.064513][INFO][seed74] Sampled 1700 data instances
[2024-10-14T10:32:39.077080][INFO][seed74] Starting exact inference 
[2024-10-14T10:32:39.089256][INFO][seed40] No feasible solution... resampling
[2024-10-14T10:32:39.107880][INFO][seed175] Sampled 7100 data instances
[2024-10-14T10:32:39.108120][INFO][seed175] Starting exact inference 
[2024-10-14T10:32:39.107550][INFO][seed194] PS(V1,V0) in [0.0, 0.0]
[2024-10-14T10:32:39.108395][INFO][seed194] No feasible solution... resampling
[2024-10-14T10:32:39.111063][INFO][seed83] No feasible solution... resampling
[2024-10-14T10:32:39.147705][INFO][seed175] No feasible solution... resampling
[2024-10-14T10:32:39.154991][INFO][seed40] Sampled 8000 data instances
[2024-10-14T10:32:39.155245][INFO][seed40] Starting exact inference 
[2024-10-14T10:32:39.168035][INFO][seed20] Sampled 1100 data instances
[2024-10-14T10:32:39.168314][INFO][seed20] Starting exact inference 
[2024-10-14T10:32:39.149028][INFO][seed194] Sampled 4200 data instances
[2024-10-14T10:32:39.170718][INFO][seed194] Starting exact inference 
[2024-10-14T10:32:39.174248][INFO][seed7] Sampled 1000 data instances
[2024-10-14T10:32:39.174543][INFO][seed7] Starting exact inference 
[2024-10-14T10:32:39.174661][INFO][seed83] Sampled 8400 data instances
[2024-10-14T10:32:39.174945][INFO][seed83] Starting exact inference 
['genn.py', '1', '0.6', '0.5', '108', '3']
[2024-10-14T10:32:39.187890][INFO][seed40] No feasible solution... resampling
[2024-10-14T10:32:39.197985][INFO][seed10] PS(V1,V0) in [0.0, 1.0]
[2024-10-14T10:32:39.199164][INFO][seed74] No feasible solution... resampling
[2024-10-14T10:32:39.201959][INFO][seed175] Sampled 7200 data instances
[2024-10-14T10:32:39.202266][INFO][seed175] Starting exact inference 
[2024-10-14T10:32:39.205183][INFO][seed10] PN(V1,V0) in [0.0, 0.04145991840335207] 
[2024-10-14T10:32:39.184401][INFO][seed76] Set up logging
[2024-10-14T10:32:39.203511][INFO][seed83] No feasible solution... resampling
[2024-10-14T10:32:39.211163][INFO][seed76] args: -np;1;-nzr;0.6;-zdr;0.5;-o;/mnt/beegfs/rcabanas/dev/credici/papers/zeros/models/s3;-rw;-s;76;-ys;3
[2024-10-14T10:32:39.212491][INFO][seed76] Starting logger with seed 76
[2024-10-14T10:32:39.219966][INFO][seed76] simple_nparents1_nzr06_zdr05_ysize3_76
1 0.6 0.5 108
Error in variable: 2
[2024-10-14T10:32:39.217346][INFO][seed194] No feasible solution... resampling
/mnt/beegfs/rcabanas/dev/credici/papers/zeros/code/GenerateNparents.java
[2024-10-14T10:32:39.235256][INFO][seed10] Saved data to: /mnt/beegfs/rcabanas/dev/credici/papers/zeros/models/s3/simple_nparents1_nzr06_zdr05_ysize3_10.csv
[2024-10-14T10:32:39.241123][INFO][seed74] Sampled 1800 data instances
[2024-10-14T10:32:39.245537][INFO][seed10] Saved model to: /mnt/beegfs/rcabanas/dev/credici/papers/zeros/models/s3/simple_nparents1_nzr06_zdr05_ysize3_10.uai
[2024-10-14T10:32:39.245615][INFO][seed40] Sampled 8100 data instances
[2024-10-14T10:32:39.245903][INFO][seed40] Starting exact inference 
[2024-10-14T10:32:39.249954][INFO][seed10] Saved queries to: /mnt/beegfs/rcabanas/dev/credici/papers/zeros/models/s3/simple_nparents1_nzr06_zdr05_ysize3_10_query.csv
[2024-10-14T10:32:39.250286][INFO][seed10] Closing log file
[2024-10-14T10:32:39.250369][INFO][seed10] Closed log file
[2024-10-14T10:32:39.251849][INFO][seed74] Starting exact inference 
[2024-10-14T10:32:39.259872][INFO][seed175] No feasible solution... resampling
[2024-10-14T10:32:39.266114][INFO][seed194] Sampled 4300 data instances
[2024-10-14T10:32:39.266375][INFO][seed194] Starting exact inference 
[2024-10-14T10:32:39.270901][INFO][seed83] Sampled 8500 data instances
[2024-10-14T10:32:39.271241][INFO][seed83] Starting exact inference 
[2024-10-14T10:32:39.280032][INFO][seed40] No feasible solution... resampling
[2024-10-14T10:32:39.301482][INFO][seed83] No feasible solution... resampling
Error in variable: 2
[2024-10-14T10:32:39.319873][INFO][seed194] No feasible solution... resampling
[2024-10-14T10:32:39.322716][INFO][seed190] PS(V1,V0) in [0.0, 1.0]
[2024-10-14T10:32:39.331956][INFO][seed190] PN(V1,V0) in [0.0, 0.30264624772633925] 
[2024-10-14T10:32:39.336135][INFO][seed20] PS(V1,V0) in [0.0, 0.0]
[2024-10-14T10:32:39.339228][INFO][seed40] Sampled 8200 data instances
[2024-10-14T10:32:39.339518][INFO][seed40] Starting exact inference 
[2024-10-14T10:32:39.339632][INFO][seed20] No feasible solution... resampling
[2024-10-14T10:32:39.341235][INFO][seed175] Sampled 7300 data instances
[2024-10-14T10:32:39.341496][INFO][seed175] Starting exact inference 
[2024-10-14T10:32:39.367386][INFO][seed83] Sampled 8600 data instances
[2024-10-14T10:32:39.367641][INFO][seed83] Starting exact inference 
[2024-10-14T10:32:39.371081][INFO][seed190] Saved data to: /mnt/beegfs/rcabanas/dev/credici/papers/zeros/models/s3/simple_nparents1_nzr06_zdr05_ysize3_190.csv
[2024-10-14T10:32:39.372307][INFO][seed74] No feasible solution... resampling
['genn.py', '1', '0.6', '0.5', '84', '3']
[2024-10-14T10:32:39.377083][INFO][seed194] Sampled 4400 data instances
[2024-10-14T10:32:39.377727][INFO][seed194] Starting exact inference 
[2024-10-14T10:32:39.380025][INFO][seed190] Saved model to: /mnt/beegfs/rcabanas/dev/credici/papers/zeros/models/s3/simple_nparents1_nzr06_zdr05_ysize3_190.uai
[2024-10-14T10:32:39.383259][INFO][seed190] Saved queries to: /mnt/beegfs/rcabanas/dev/credici/papers/zeros/models/s3/simple_nparents1_nzr06_zdr05_ysize3_190_query.csv
[2024-10-14T10:32:39.383361][INFO][seed190] Closing log file
[2024-10-14T10:32:39.383440][INFO][seed190] Closed log file
[2024-10-14T10:32:39.385066][INFO][seed40] No feasible solution... resampling
[2024-10-14T10:32:39.385580][INFO][seed175] No feasible solution... resampling
[2024-10-14T10:32:39.411372][INFO][seed76] U cardinality: 9
1 0.6 0.5 84
/mnt/beegfs/rcabanas/dev/credici/papers/zeros/code/GenerateNparents.java
[2024-10-14T10:32:39.415468][INFO][seed76] !0 = [2, 4, 5, 7, 8]
[2024-10-14T10:32:39.410979][INFO][seed83] No feasible solution... resampling
[2024-10-14T10:32:39.415760][INFO][seed76] 0 = [0, 1, 3, 6]
[2024-10-14T10:32:39.408936][INFO][seed74] Sampled 1900 data instances
[2024-10-14T10:32:39.416563][INFO][seed74] Starting exact inference 
[2024-10-14T10:32:39.430346][INFO][seed76] Dropping state 0
[2024-10-14T10:32:39.431780][INFO][seed76] U cardinality: 8
Error in variable: 2
[2024-10-14T10:32:39.434502][INFO][seed194] No feasible solution... resampling
[2024-10-14T10:32:39.435603][INFO][seed76] 
[P([3]) [0.935, 0.065], P([2]) [0.0, 0.002, 0.0, 0.098, 0.001, 0.0, 0.003, 0.896], P([1, 3]) [1.0, 0.0, 0.0, 1.0], P([0, 1, 2]) [1.0, 0.0, 0.0, 0.0, 1.0, 0.0, 1.0, 0.0, 0.0, 0.0, 0.0, 1.0, 0.0, 1.0, 0.0, 1.0, 0.0, 0.0, 0.0, 1.0, 0.0, 0.0, 1.0, 0.0, 0.0, 1.0, 0.0, 0.0, 0.0, 1.0, 0.0, 0.0, 1.0, 1.0, 0.0, 0.0, 0.0, 0.0, 1.0, 0.0, 1.0, 0.0, 0.0, 0.0, 1.0, 0.0, 0.0, 1.0]]

[2024-10-14T10:32:39.440342][INFO][seed20] Sampled 1200 data instances
[2024-10-14T10:32:39.440621][INFO][seed20] Starting exact inference 
[2024-10-14T10:32:39.449080][INFO][seed175] Sampled 7400 data instances
[2024-10-14T10:32:39.449391][INFO][seed175] Starting exact inference 
[2024-10-14T10:32:39.454157][INFO][seed40] Sampled 8300 data instances
[2024-10-14T10:32:39.454461][INFO][seed40] Starting exact inference 
[2024-10-14T10:32:39.476043][INFO][seed83] Sampled 8700 data instances
[2024-10-14T10:32:39.476326][INFO][seed83] Starting exact inference 
[2024-10-14T10:32:39.488938][INFO][seed194] Sampled 4500 data instances
[2024-10-14T10:32:39.489194][INFO][seed194] Starting exact inference 
[2024-10-14T10:32:39.500956][INFO][seed40] No feasible solution... resampling
[2024-10-14T10:32:39.506106][INFO][seed74] No feasible solution... resampling
[2024-10-14T10:32:39.505396][INFO][seed175] No feasible solution... resampling
[2024-10-14T10:32:39.514111][INFO][seed83] No feasible solution... resampling
Error in variable: 2
[2024-10-14T10:32:39.535325][INFO][seed194] No feasible solution... resampling
[2024-10-14T10:32:39.523495][INFO][seed132] Set up logging
[2024-10-14T10:32:39.541724][INFO][seed132] args: -np;1;-nzr;0.6;-zdr;0.5;-o;/mnt/beegfs/rcabanas/dev/credici/papers/zeros/models/s3;-rw;-s;132;-ys;3
[2024-10-14T10:32:39.544998][INFO][seed132] Starting logger with seed 132
[2024-10-14T10:32:39.551182][INFO][seed74] Sampled 2000 data instances
[2024-10-14T10:32:39.557073][INFO][seed74] Starting exact inference 
[2024-10-14T10:32:39.560061][INFO][seed132] simple_nparents1_nzr06_zdr05_ysize3_132
[2024-10-14T10:32:39.560589][INFO][seed175] Sampled 7500 data instances
[2024-10-14T10:32:39.561977][INFO][seed175] Starting exact inference 
[2024-10-14T10:32:39.564470][INFO][seed40] Sampled 8400 data instances
[2024-10-14T10:32:39.564712][INFO][seed40] Starting exact inference 
[2024-10-14T10:32:39.573930][INFO][seed20] PS(V1,V0) in [0.0, 0.0]
[2024-10-14T10:32:39.575716][INFO][seed20] No feasible solution... resampling
[2024-10-14T10:32:39.580794][INFO][seed83] Sampled 8800 data instances
[2024-10-14T10:32:39.581118][INFO][seed83] Starting exact inference 
[2024-10-14T10:32:39.594862][INFO][seed194] Sampled 4600 data instances
[2024-10-14T10:32:39.598104][INFO][seed194] Starting exact inference 
[2024-10-14T10:32:39.613756][INFO][seed175] No feasible solution... resampling
[2024-10-14T10:32:39.628377][INFO][seed83] No feasible solution... resampling
[2024-10-14T10:32:39.639423][INFO][seed40] No feasible solution... resampling
[2024-10-14T10:32:39.650031][INFO][seed74] No feasible solution... resampling
['genn.py', '1', '0.6', '0.5', '12', '3']
[2024-10-14T10:32:39.664293][INFO][seed20] Sampled 1300 data instances
[2024-10-14T10:32:39.668243][INFO][seed76] Sampled 1000 data instances
[2024-10-14T10:32:39.668345][INFO][seed175] Sampled 7600 data instances
[2024-10-14T10:32:39.668634][INFO][seed175] Starting exact inference 
[2024-10-14T10:32:39.668473][INFO][seed76] Starting exact inference 
[2024-10-14T10:32:39.671040][INFO][seed20] Starting exact inference 
[2024-10-14T10:32:39.673040][INFO][seed194] PS(V1,V0) in [0.0, 0.0]
[2024-10-14T10:32:39.674826][INFO][seed194] PN(V1,V0) in [0.0, 0.0] 
[2024-10-14T10:32:39.695228][INFO][seed83] Sampled 8900 data instances
[2024-10-14T10:32:39.695528][INFO][seed83] Starting exact inference 
[2024-10-14T10:32:39.688150][INFO][seed74] Sampled 2100 data instances
[2024-10-14T10:32:39.698235][INFO][seed74] Starting exact inference 
1 0.6 0.5 12
/mnt/beegfs/rcabanas/dev/credici/papers/zeros/code/GenerateNparents.java
[2024-10-14T10:32:39.703078][INFO][seed40] Sampled 8500 data instances
[2024-10-14T10:32:39.703345][INFO][seed40] Starting exact inference 
[2024-10-14T10:32:39.679595][INFO][seed6] Set up logging
[2024-10-14T10:32:39.711331][INFO][seed6] args: -np;1;-nzr;0.6;-zdr;0.5;-o;/mnt/beegfs/rcabanas/dev/credici/papers/zeros/models/s3;-rw;-s;6;-ys;3
[2024-10-14T10:32:39.705450][INFO][seed175] No feasible solution... resampling
[2024-10-14T10:32:39.713320][INFO][seed6] Starting logger with seed 6
['genn.py', '1', '0.6', '0.5', '176', '3']
[2024-10-14T10:32:39.727853][INFO][seed6] simple_nparents1_nzr06_zdr05_ysize3_6
[2024-10-14T10:32:39.735806][INFO][seed194] Saved data to: /mnt/beegfs/rcabanas/dev/credici/papers/zeros/models/s3/simple_nparents1_nzr06_zdr05_ysize3_194.csv
[2024-10-14T10:32:39.747668][INFO][seed194] Saved model to: /mnt/beegfs/rcabanas/dev/credici/papers/zeros/models/s3/simple_nparents1_nzr06_zdr05_ysize3_194.uai
[2024-10-14T10:32:39.741521][INFO][seed40] No feasible solution... resampling
[2024-10-14T10:32:39.752538][INFO][seed194] Saved queries to: /mnt/beegfs/rcabanas/dev/credici/papers/zeros/models/s3/simple_nparents1_nzr06_zdr05_ysize3_194_query.csv
[2024-10-14T10:32:39.752820][INFO][seed194] Closing log file
[2024-10-14T10:32:39.752899][INFO][seed194] Closed log file
1 0.6 0.5 176
/mnt/beegfs/rcabanas/dev/credici/papers/zeros/code/GenerateNparents.java
[2024-10-14T10:32:39.770087][INFO][seed175] Sampled 7700 data instances
[2024-10-14T10:32:39.771197][INFO][seed175] Starting exact inference 
[2024-10-14T10:32:39.773601][INFO][seed132] U cardinality: 9
[2024-10-14T10:32:39.779435][INFO][seed132] !0 = [0, 1, 2, 3, 7]
[2024-10-14T10:32:39.779963][INFO][seed132] 0 = [4, 5, 6, 8]
[2024-10-14T10:32:39.777634][INFO][seed83] No feasible solution... resampling
[2024-10-14T10:32:39.780713][INFO][seed74] No feasible solution... resampling
[2024-10-14T10:32:39.788836][INFO][seed132] Dropping state 8
[2024-10-14T10:32:39.789866][INFO][seed132] Dropping state 4
[2024-10-14T10:32:39.794429][INFO][seed132] U cardinality: 7
[2024-10-14T10:32:39.800001][INFO][seed20] PS(V1,V0) in [0.0, 0.0]
[2024-10-14T10:32:39.801793][INFO][seed20] No feasible solution... resampling
[2024-10-14T10:32:39.804891][INFO][seed132] 
[P([3]) [0.105, 0.895], P([2]) [0.001, 0.404, 0.001, 0.04, 0.0, 0.0, 0.554], P([1, 3]) [1.0, 0.0, 0.0, 1.0], P([0, 1, 2]) [1.0, 0.0, 0.0, 1.0, 0.0, 0.0, 1.0, 0.0, 0.0, 0.0, 1.0, 0.0, 1.0, 0.0, 0.0, 0.0, 0.0, 1.0, 0.0, 1.0, 0.0, 1.0, 0.0, 0.0, 0.0, 1.0, 0.0, 0.0, 0.0, 1.0, 0.0, 0.0, 1.0, 1.0, 0.0, 0.0, 0.0, 0.0, 1.0, 0.0, 1.0, 0.0]]

[2024-10-14T10:32:39.805871][INFO][seed40] Sampled 8600 data instances
[2024-10-14T10:32:39.806121][INFO][seed40] Starting exact inference 
[2024-10-14T10:32:39.825620][INFO][seed74] Sampled 2200 data instances
[2024-10-14T10:32:39.825860][INFO][seed74] Starting exact inference 
[2024-10-14T10:32:39.834185][INFO][seed175] No feasible solution... resampling
[2024-10-14T10:32:39.849434][INFO][seed20] Sampled 1400 data instances
[2024-10-14T10:32:39.852291][INFO][seed20] Starting exact inference 
[2024-10-14T10:32:39.853461][INFO][seed40] No feasible solution... resampling
[2024-10-14T10:32:39.882742][INFO][seed83] Sampled 9000 data instances
[2024-10-14T10:32:39.883073][INFO][seed83] Starting exact inference 
[2024-10-14T10:32:39.900523][INFO][seed175] Sampled 7800 data instances
[2024-10-14T10:32:39.900762][INFO][seed175] Starting exact inference 
[2024-10-14T10:32:39.915149][INFO][seed40] Sampled 8700 data instances
[2024-10-14T10:32:39.915462][INFO][seed40] Starting exact inference 
[2024-10-14T10:32:39.917860][INFO][seed6] U cardinality: 9
[2024-10-14T10:32:39.923975][INFO][seed6] !0 = [2, 3, 4, 7, 8]
[2024-10-14T10:32:39.918993][INFO][seed74] No feasible solution... resampling
[2024-10-14T10:32:39.924571][INFO][seed6] 0 = [0, 1, 5, 6]
[2024-10-14T10:32:39.922355][INFO][seed83] No feasible solution... resampling
[2024-10-14T10:32:39.929489][INFO][seed6] Dropping state 0
[2024-10-14T10:32:39.932243][INFO][seed6] U cardinality: 8
[2024-10-14T10:32:39.936341][INFO][seed6] 
[P([3]) [0.898, 0.102], P([2]) [0.0, 0.022, 0.002, 0.231, 0.0, 0.0, 0.495, 0.25], P([1, 3]) [1.0, 0.0, 0.0, 1.0], P([0, 1, 2]) [1.0, 0.0, 0.0, 0.0, 1.0, 0.0, 1.0, 0.0, 0.0, 0.0, 0.0, 1.0, 0.0, 1.0, 0.0, 1.0, 0.0, 0.0, 0.0, 1.0, 0.0, 0.0, 1.0, 0.0, 0.0, 1.0, 0.0, 0.0, 0.0, 1.0, 0.0, 0.0, 1.0, 1.0, 0.0, 0.0, 0.0, 0.0, 1.0, 0.0, 1.0, 0.0, 0.0, 0.0, 1.0, 0.0, 0.0, 1.0]]

[2024-10-14T10:32:39.951173][INFO][seed40] No feasible solution... resampling
[2024-10-14T10:32:39.953428][INFO][seed175] No feasible solution... resampling
[2024-10-14T10:32:39.972016][INFO][seed74] Sampled 2300 data instances
[2024-10-14T10:32:39.972330][INFO][seed74] Starting exact inference 
[2024-10-14T10:32:39.974783][INFO][seed20] PS(V1,V0) in [0.0, 0.0]
[2024-10-14T10:32:39.978796][INFO][seed20] No feasible solution... resampling
[2024-10-14T10:32:39.989328][INFO][seed83] Sampled 9100 data instances
[2024-10-14T10:32:39.990807][INFO][seed83] Starting exact inference 
[2024-10-14T10:32:40.010313][INFO][seed175] Sampled 7900 data instances
[2024-10-14T10:32:40.010601][INFO][seed175] Starting exact inference 
[2024-10-14T10:32:40.015741][INFO][seed40] Sampled 8800 data instances
[2024-10-14T10:32:40.016053][INFO][seed40] Starting exact inference 
[2024-10-14T10:32:40.018458][INFO][seed132] Sampled 1000 data instances
[2024-10-14T10:32:40.018561][INFO][seed132] Starting exact inference 
[2024-10-14T10:32:40.024729][INFO][seed20] Sampled 1500 data instances
[2024-10-14T10:32:40.026722][INFO][seed20] Starting exact inference 
[2024-10-14T10:32:40.031133][INFO][seed83] No feasible solution... resampling
[2024-10-14T10:32:40.049990][INFO][seed74] No feasible solution... resampling
[2024-10-14T10:32:40.058293][INFO][seed7] No feasible solution... resampling
[2024-10-14T10:32:40.068737][INFO][seed40] No feasible solution... resampling
[2024-10-14T10:32:40.095195][INFO][seed74] Sampled 2400 data instances
[2024-10-14T10:32:40.095451][INFO][seed74] Starting exact inference 
[2024-10-14T10:32:40.099004][INFO][seed83] Sampled 9200 data instances
[2024-10-14T10:32:40.099257][INFO][seed83] Starting exact inference 
[2024-10-14T10:32:40.098356][INFO][seed175] No feasible solution... resampling
[2024-10-14T10:32:40.125966][INFO][seed7] Sampled 1100 data instances
[2024-10-14T10:32:40.131881][INFO][seed40] Sampled 8900 data instances
[2024-10-14T10:32:40.132128][INFO][seed40] Starting exact inference 
[2024-10-14T10:32:40.134478][INFO][seed6] Sampled 1000 data instances
[2024-10-14T10:32:40.134576][INFO][seed6] Starting exact inference 
[2024-10-14T10:32:40.137077][INFO][seed7] Starting exact inference 
['genn.py', '1', '0.6', '0.5', '37', '3']
[2024-10-14T10:32:40.155087][INFO][seed83] No feasible solution... resampling
[2024-10-14T10:32:40.164223][INFO][seed175] Sampled 8000 data instances
[2024-10-14T10:32:40.164531][INFO][seed175] Starting exact inference 
[2024-10-14T10:32:40.159708][INFO][seed20] PS(V1,V0) in [0.0, 0.0]
[2024-10-14T10:32:40.161202][INFO][seed20] No feasible solution... resampling
[2024-10-14T10:32:40.164690][INFO][seed40] No feasible solution... resampling
[2024-10-14T10:32:40.162230][INFO][seed147] Set up logging
[2024-10-14T10:32:40.185787][INFO][seed147] args: -np;1;-nzr;0.6;-zdr;0.5;-o;/mnt/beegfs/rcabanas/dev/credici/papers/zeros/models/s3;-rw;-s;147;-ys;3
[2024-10-14T10:32:40.191967][INFO][seed74] No feasible solution... resampling
[2024-10-14T10:32:40.199466][INFO][seed20] Sampled 1600 data instances
1 0.6 0.5 37
/mnt/beegfs/rcabanas/dev/credici/papers/zeros/code/GenerateNparents.java
[2024-10-14T10:32:40.197253][INFO][seed147] Starting logger with seed 147
[2024-10-14T10:32:40.197228][INFO][seed175] No feasible solution... resampling
[2024-10-14T10:32:40.203818][INFO][seed147] simple_nparents1_nzr06_zdr05_ysize3_147
[2024-10-14T10:32:40.212437][INFO][seed74] Sampled 2500 data instances
[2024-10-14T10:32:40.212698][INFO][seed74] Starting exact inference 
[2024-10-14T10:32:40.213067][INFO][seed20] Starting exact inference 
[2024-10-14T10:32:40.225130][INFO][seed83] Sampled 9300 data instances
[2024-10-14T10:32:40.225954][INFO][seed83] Starting exact inference 
Error in variable: 2
[2024-10-14T10:32:40.231885][INFO][seed40] Sampled 9000 data instances
[2024-10-14T10:32:40.232637][INFO][seed40] Starting exact inference 
[2024-10-14T10:32:40.233580][INFO][seed7] No feasible solution... resampling
[2024-10-14T10:32:40.255227][INFO][seed175] Sampled 8100 data instances
[2024-10-14T10:32:40.255538][INFO][seed175] Starting exact inference 
[2024-10-14T10:32:40.263752][INFO][seed83] No feasible solution... resampling
[2024-10-14T10:32:40.267229][INFO][seed40] No feasible solution... resampling
[2024-10-14T10:32:40.293830][INFO][seed7] Sampled 1200 data instances
[2024-10-14T10:32:40.294109][INFO][seed7] Starting exact inference 
[2024-10-14T10:32:40.296753][INFO][seed175] No feasible solution... resampling
[2024-10-14T10:32:40.304851][INFO][seed74] No feasible solution... resampling
[2024-10-14T10:32:40.317628][INFO][seed20] PS(V1,V0) in [0.0, 0.0]
[2024-10-14T10:32:40.320646][INFO][seed20] No feasible solution... resampling
[2024-10-14T10:32:40.334466][INFO][seed83] Sampled 9400 data instances
[2024-10-14T10:32:40.334765][INFO][seed83] Starting exact inference 
[2024-10-14T10:32:40.339772][INFO][seed40] Sampled 9100 data instances
[2024-10-14T10:32:40.342561][INFO][seed40] Starting exact inference 
Removed 000
Removed 000
[2024-10-14T10:32:40.351727][INFO][seed74] Sampled 2600 data instances
Error in variable: 2
[2024-10-14T10:32:40.351793][INFO][seed76] No feasible solution... resampling
[2024-10-14T10:32:40.351967][INFO][seed74] Starting exact inference 
[2024-10-14T10:32:40.355423][INFO][seed175] Sampled 8200 data instances
[2024-10-14T10:32:40.355732][INFO][seed175] Starting exact inference 
[2024-10-14T10:32:40.365894][INFO][seed20] Sampled 1700 data instances
[2024-10-14T10:32:40.372477][INFO][seed20] Starting exact inference 
Error in variable: 2
[2024-10-14T10:32:40.377424][INFO][seed7] No feasible solution... resampling
[2024-10-14T10:32:40.380501][INFO][seed40] No feasible solution... resampling
[2024-10-14T10:32:40.386429][INFO][seed83] No feasible solution... resampling
[2024-10-14T10:32:40.403233][INFO][seed175] No feasible solution... resampling
[2024-10-14T10:32:40.417814][INFO][seed76] Sampled 1100 data instances
[2024-10-14T10:32:40.418044][INFO][seed76] Starting exact inference 
[2024-10-14T10:32:40.428][INFO][seed74] No feasible solution... resampling
[2024-10-14T10:32:40.444458][INFO][seed7] Sampled 1300 data instances
[2024-10-14T10:32:40.445064][INFO][seed7] Starting exact inference 
[2024-10-14T10:32:40.445235][INFO][seed40] Sampled 9200 data instances
[2024-10-14T10:32:40.445480][INFO][seed40] Starting exact inference 
[2024-10-14T10:32:40.456284][INFO][seed74] Sampled 2700 data instances
[2024-10-14T10:32:40.456548][INFO][seed74] Starting exact inference 
[2024-10-14T10:32:40.458093][INFO][seed147] U cardinality: 9
[2024-10-14T10:32:40.461315][INFO][seed83] Sampled 9500 data instances
[2024-10-14T10:32:40.461599][INFO][seed83] Starting exact inference 
[2024-10-14T10:32:40.463172][INFO][seed175] Sampled 8300 data instances
[2024-10-14T10:32:40.463461][INFO][seed175] Starting exact inference 
[2024-10-14T10:32:40.464553][INFO][seed147] !0 = [1, 4, 5, 6, 7]
[2024-10-14T10:32:40.464992][INFO][seed147] 0 = [0, 2, 3, 8]
[2024-10-14T10:32:40.475085][INFO][seed147] Dropping state 2
[2024-10-14T10:32:40.476595][INFO][seed147] Dropping state 0
[2024-10-14T10:32:40.479793][INFO][seed147] U cardinality: 7
[2024-10-14T10:32:40.495473][INFO][seed147] 
[P([3]) [0.972, 0.028], P([2]) [0.952, 0.0, 0.005, 0.001, 0.002, 0.04, 0.0], P([1, 3]) [1.0, 0.0, 0.0, 1.0], P([0, 1, 2]) [1.0, 0.0, 0.0, 0.0, 1.0, 0.0, 0.0, 1.0, 0.0, 1.0, 0.0, 0.0, 0.0, 1.0, 0.0, 0.0, 1.0, 0.0, 0.0, 1.0, 0.0, 0.0, 0.0, 1.0, 0.0, 0.0, 1.0, 1.0, 0.0, 0.0, 0.0, 0.0, 1.0, 0.0, 1.0, 0.0, 0.0, 0.0, 1.0, 0.0, 0.0, 1.0]]

[2024-10-14T10:32:40.496515][INFO][seed175] No feasible solution... resampling
[2024-10-14T10:32:40.482128][INFO][seed193] Set up logging
[2024-10-14T10:32:40.507453][INFO][seed193] args: -np;1;-nzr;0.6;-zdr;0.5;-o;/mnt/beegfs/rcabanas/dev/credici/papers/zeros/models/s3;-rw;-s;193;-ys;3
[2024-10-14T10:32:40.518260][INFO][seed193] Starting logger with seed 193
[2024-10-14T10:32:40.524097][INFO][seed193] simple_nparents1_nzr06_zdr05_ysize3_193
[2024-10-14T10:32:40.522183][INFO][seed135] Set up logging
[2024-10-14T10:32:40.536571][INFO][seed135] args: -np;1;-nzr;0.6;-zdr;0.5;-o;/mnt/beegfs/rcabanas/dev/credici/papers/zeros/models/s3;-rw;-s;135;-ys;3
[2024-10-14T10:32:40.538482][INFO][seed135] Starting logger with seed 135
[2024-10-14T10:32:40.540237][INFO][seed40] No feasible solution... resampling
[2024-10-14T10:32:40.550351][INFO][seed135] simple_nparents1_nzr06_zdr05_ysize3_135
[2024-10-14T10:32:40.549008][INFO][seed74] No feasible solution... resampling
[2024-10-14T10:32:40.557506][INFO][seed175] Sampled 8400 data instances
[2024-10-14T10:32:40.558204][INFO][seed175] Starting exact inference 
[2024-10-14T10:32:40.570239][INFO][seed74] Sampled 2800 data instances
[2024-10-14T10:32:40.576748][INFO][seed74] Starting exact inference 
[2024-10-14T10:32:40.581129][INFO][seed83] No feasible solution... resampling
Error in variable: 2
[2024-10-14T10:32:40.590913][INFO][seed7] No feasible solution... resampling
[2024-10-14T10:32:40.596548][INFO][seed20] PS(V1,V0) in [0.0, 0.0]
[2024-10-14T10:32:40.599688][INFO][seed20] No feasible solution... resampling
[2024-10-14T10:32:40.604748][INFO][seed40] Sampled 9300 data instances
[2024-10-14T10:32:40.605979][INFO][seed40] Starting exact inference 
[2024-10-14T10:32:40.627704][INFO][seed175] No feasible solution... resampling
[2024-10-14T10:32:40.650948][INFO][seed20] Sampled 1800 data instances
[2024-10-14T10:32:40.652463][INFO][seed83] Sampled 9600 data instances
[2024-10-14T10:32:40.652687][INFO][seed83] Starting exact inference 
[2024-10-14T10:32:40.657069][INFO][seed20] Starting exact inference 
[2024-10-14T10:32:40.659354][INFO][seed7] Sampled 1400 data instances
[2024-10-14T10:32:40.659629][INFO][seed7] Starting exact inference 
[2024-10-14T10:32:40.675483][INFO][seed40] No feasible solution... resampling
[2024-10-14T10:32:40.693049][INFO][seed175] Sampled 8500 data instances
[2024-10-14T10:32:40.693050][INFO][seed147] Sampled 1000 data instances
[2024-10-14T10:32:40.693344][INFO][seed175] Starting exact inference 
[2024-10-14T10:32:40.693357][INFO][seed147] Starting exact inference 
[2024-10-14T10:32:40.707184][INFO][seed135] U cardinality: 9
[2024-10-14T10:32:40.712570][INFO][seed135] !0 = [0, 1, 2, 4, 5]
[2024-10-14T10:32:40.712869][INFO][seed135] 0 = [3, 6, 7, 8]
[2024-10-14T10:32:40.717082][INFO][seed135] Dropping state 7
[2024-10-14T10:32:40.717997][INFO][seed135] Dropping state 6
[2024-10-14T10:32:40.720080][INFO][seed135] U cardinality: 7
[2024-10-14T10:32:40.727832][INFO][seed76] No feasible solution... resampling
[2024-10-14T10:32:40.731662][INFO][seed135] 
[P([3]) [0.101, 0.899], P([2]) [0.004, 0.004, 0.013, 0.0, 0.001, 0.978, 0.0], P([1, 3]) [1.0, 0.0, 0.0, 1.0], P([0, 1, 2]) [1.0, 0.0, 0.0, 1.0, 0.0, 0.0, 1.0, 0.0, 0.0, 0.0, 1.0, 0.0, 1.0, 0.0, 0.0, 0.0, 0.0, 1.0, 0.0, 1.0, 0.0, 1.0, 0.0, 0.0, 0.0, 1.0, 0.0, 0.0, 1.0, 0.0, 0.0, 1.0, 0.0, 0.0, 0.0, 1.0, 0.0, 0.0, 1.0, 0.0, 0.0, 1.0]]

[2024-10-14T10:32:40.755058][INFO][seed83] No feasible solution... resampling
[2024-10-14T10:32:40.759062][INFO][seed40] Sampled 9400 data instances
[2024-10-14T10:32:40.759257][INFO][seed40] Starting exact inference 
Removed 000
Removed 000
Removed 000
Removed 000
Error in variable: 2
[2024-10-14T10:32:40.768724][INFO][seed132] No feasible solution... resampling
[2024-10-14T10:32:40.769609][INFO][seed74] No feasible solution... resampling
[2024-10-14T10:32:40.772202][INFO][seed20] PS(V1,V0) in [0.0, 0.0]
[2024-10-14T10:32:40.773473][INFO][seed20] No feasible solution... resampling
[2024-10-14T10:32:40.783917][INFO][seed193] U cardinality: 9
[2024-10-14T10:32:40.774844][INFO][seed101] Set up logging
[2024-10-14T10:32:40.788195][INFO][seed101] args: -np;1;-nzr;0.6;-zdr;0.5;-o;/mnt/beegfs/rcabanas/dev/credici/papers/zeros/models/s3;-rw;-s;101;-ys;3
[2024-10-14T10:32:40.788456][INFO][seed7] PS(V1,V0) in [0.7835616438356164, 1.0]
[2024-10-14T10:32:40.790232][INFO][seed193] !0 = [0, 1, 3, 6, 7]
[2024-10-14T10:32:40.790654][INFO][seed193] 0 = [2, 4, 5, 8]
[2024-10-14T10:32:40.792454][INFO][seed193] U cardinality: 9
[2024-10-14T10:32:40.793420][INFO][seed7] PN(V1,V0) in [0.005729051902005168, 0.007311552252559044] 
[2024-10-14T10:32:40.791637][INFO][seed40] No feasible solution... resampling
[2024-10-14T10:32:40.798263][INFO][seed101] Starting logger with seed 101
[2024-10-14T10:32:40.800720][INFO][seed193] 
[P([3]) [0.297, 0.703], P([2]) [0.001, 0.003, 0.0, 0.002, 0.0, 0.0, 0.001, 0.993, 0.0], P([1, 3]) [1.0, 0.0, 0.0, 1.0], P([0, 1, 2]) [1.0, 0.0, 0.0, 1.0, 0.0, 0.0, 1.0, 0.0, 0.0, 0.0, 1.0, 0.0, 1.0, 0.0, 0.0, 0.0, 0.0, 1.0, 0.0, 1.0, 0.0, 1.0, 0.0, 0.0, 0.0, 1.0, 0.0, 0.0, 1.0, 0.0, 0.0, 1.0, 0.0, 0.0, 0.0, 1.0, 0.0, 0.0, 1.0, 1.0, 0.0, 0.0, 0.0, 0.0, 1.0, 0.0, 1.0, 0.0, 0.0, 0.0, 1.0, 0.0, 0.0, 1.0]]

[2024-10-14T10:32:40.804896][INFO][seed101] simple_nparents1_nzr06_zdr05_ysize3_101
[2024-10-14T10:32:40.808191][INFO][seed74] Sampled 2900 data instances
[2024-10-14T10:32:40.808866][INFO][seed20] Sampled 1900 data instances
[2024-10-14T10:32:40.812933][INFO][seed74] Starting exact inference 
[2024-10-14T10:32:40.817090][INFO][seed20] Starting exact inference 
[2024-10-14T10:32:40.832731][INFO][seed76] Sampled 1200 data instances
[2024-10-14T10:32:40.836223][INFO][seed83] Sampled 9700 data instances
[2024-10-14T10:32:40.833236][INFO][seed175] No feasible solution... resampling
[2024-10-14T10:32:40.832960][INFO][seed76] Starting exact inference 
[2024-10-14T10:32:40.836485][INFO][seed83] Starting exact inference 
[2024-10-14T10:32:40.837496][INFO][seed7] Saved data to: /mnt/beegfs/rcabanas/dev/credici/papers/zeros/models/s3/simple_nparents1_nzr06_zdr05_ysize3_7.csv
[2024-10-14T10:32:40.815201][INFO][seed59] Set up logging
[2024-10-14T10:32:40.846806][INFO][seed59] args: -np;1;-nzr;0.6;-zdr;0.5;-o;/mnt/beegfs/rcabanas/dev/credici/papers/zeros/models/s3;-rw;-s;59;-ys;3
[2024-10-14T10:32:40.851490][INFO][seed7] Saved model to: /mnt/beegfs/rcabanas/dev/credici/papers/zeros/models/s3/simple_nparents1_nzr06_zdr05_ysize3_7.uai
[2024-10-14T10:32:40.848731][INFO][seed59] Starting logger with seed 59
[2024-10-14T10:32:40.859460][INFO][seed40] Sampled 9500 data instances
[2024-10-14T10:32:40.859693][INFO][seed40] Starting exact inference 
[2024-10-14T10:32:40.865504][INFO][seed7] Saved queries to: /mnt/beegfs/rcabanas/dev/credici/papers/zeros/models/s3/simple_nparents1_nzr06_zdr05_ysize3_7_query.csv
[2024-10-14T10:32:40.866103][INFO][seed7] Closing log file
[2024-10-14T10:32:40.866189][INFO][seed7] Closed log file
[2024-10-14T10:32:40.865672][INFO][seed132] Sampled 1100 data instances
[2024-10-14T10:32:40.866224][INFO][seed132] Starting exact inference 
[2024-10-14T10:32:40.867124][INFO][seed59] simple_nparents1_nzr06_zdr05_ysize3_59
[2024-10-14T10:32:40.885794][INFO][seed83] No feasible solution... resampling
[2024-10-14T10:32:40.899880][INFO][seed20] PS(V1,V0) in [0.0, 0.0]
[2024-10-14T10:32:40.902785][INFO][seed175] Sampled 8600 data instances
[2024-10-14T10:32:40.903068][INFO][seed175] Starting exact inference 
[2024-10-14T10:32:40.903265][INFO][seed20] No feasible solution... resampling
[2024-10-14T10:32:40.909848][INFO][seed135] Sampled 1000 data instances
[2024-10-14T10:32:40.910071][INFO][seed135] Starting exact inference 
[2024-10-14T10:32:40.906411][INFO][seed74] No feasible solution... resampling
[2024-10-14T10:32:40.928800][INFO][seed74] Sampled 3000 data instances
Removed 000
Removed 000
Removed 000
Removed 000
[2024-10-14T10:32:40.925964][INFO][seed40] No feasible solution... resampling
[2024-10-14T10:32:40.933215][INFO][seed175] No feasible solution... resampling
Error in variable: 2
[2024-10-14T10:32:40.937384][INFO][seed6] No feasible solution... resampling
[2024-10-14T10:32:40.943866][INFO][seed74] Starting exact inference 
Error in variable: 2
[2024-10-14T10:32:40.950471][INFO][seed132] No feasible solution... resampling
[2024-10-14T10:32:40.957222][INFO][seed20] Sampled 2000 data instances
[2024-10-14T10:32:40.957495][INFO][seed20] Starting exact inference 
[2024-10-14T10:32:40.957951][INFO][seed83] Sampled 9800 data instances
[2024-10-14T10:32:40.958225][INFO][seed83] Starting exact inference 
[2024-10-14T10:32:40.978327][INFO][seed76] PS(V1,V0) in [0.0, 1.0]
[2024-10-14T10:32:40.986892][INFO][seed76] PN(V1,V0) in [0.0, 0.03702158723537386] 
[2024-10-14T10:32:40.995570][INFO][seed175] Sampled 8700 data instances
[2024-10-14T10:32:40.995879][INFO][seed175] Starting exact inference 
[2024-10-14T10:32:41.001311][INFO][seed40] Sampled 9600 data instances
[2024-10-14T10:32:41.001514][INFO][seed40] Starting exact inference 
[2024-10-14T10:32:41.004065][INFO][seed83] No feasible solution... resampling
[2024-10-14T10:32:41.017117][INFO][seed132] Sampled 1200 data instances
[2024-10-14T10:32:41.017396][INFO][seed132] Starting exact inference 
[2024-10-14T10:32:41.019169][INFO][seed74] No feasible solution... resampling
[2024-10-14T10:32:41.023563][INFO][seed193] Sampled 1000 data instances
[2024-10-14T10:32:41.023841][INFO][seed193] Starting exact inference 
[2024-10-14T10:32:41.027113][INFO][seed76] Saved data to: /mnt/beegfs/rcabanas/dev/credici/papers/zeros/models/s3/simple_nparents1_nzr06_zdr05_ysize3_76.csv
[2024-10-14T10:32:41.030242][INFO][seed175] No feasible solution... resampling
[2024-10-14T10:32:41.035838][INFO][seed76] Saved model to: /mnt/beegfs/rcabanas/dev/credici/papers/zeros/models/s3/simple_nparents1_nzr06_zdr05_ysize3_76.uai
[2024-10-14T10:32:41.040190][INFO][seed6] Sampled 1100 data instances
[2024-10-14T10:32:41.038797][INFO][seed76] Saved queries to: /mnt/beegfs/rcabanas/dev/credici/papers/zeros/models/s3/simple_nparents1_nzr06_zdr05_ysize3_76_query.csv
[2024-10-14T10:32:41.040555][INFO][seed6] Starting exact inference 
[2024-10-14T10:32:41.038249][INFO][seed40] No feasible solution... resampling
[2024-10-14T10:32:41.038882][INFO][seed76] Closing log file
[2024-10-14T10:32:41.038956][INFO][seed76] Closed log file
[2024-10-14T10:32:41.046679][INFO][seed59] U cardinality: 9
[2024-10-14T10:32:41.047702][INFO][seed101] U cardinality: 9
[2024-10-14T10:32:41.048855][INFO][seed74] Sampled 3100 data instances
[2024-10-14T10:32:41.052342][INFO][seed59] !0 = [1, 2, 3, 5, 8]
[2024-10-14T10:32:41.052874][INFO][seed59] 0 = [0, 4, 6, 7]
[2024-10-14T10:32:41.053275][INFO][seed101] !0 = [1, 3, 4, 5, 7]
[2024-10-14T10:32:41.054734][INFO][seed74] Starting exact inference 
[2024-10-14T10:32:41.056224][INFO][seed101] 0 = [0, 2, 6, 8]
[2024-10-14T10:32:41.058121][INFO][seed59] Dropping state 7
[2024-10-14T10:32:41.059321][INFO][seed59] Dropping state 0
[2024-10-14T10:32:41.059967][INFO][seed20] PS(V1,V0) in [0.0, 0.0]
[2024-10-14T10:32:41.061606][INFO][seed20] No feasible solution... resampling
[2024-10-14T10:32:41.062268][INFO][seed59] U cardinality: 7
[2024-10-14T10:32:41.064407][INFO][seed101] Dropping state 6
[2024-10-14T10:32:41.065951][INFO][seed101] Dropping state 2
[2024-10-14T10:32:41.066937][INFO][seed59] 
[P([3]) [0.026, 0.974], P([2]) [0.127, 0.536, 0.276, 0.0, 0.024, 0.0, 0.037], P([1, 3]) [1.0, 0.0, 0.0, 1.0], P([0, 1, 2]) [1.0, 0.0, 0.0, 0.0, 1.0, 0.0, 1.0, 0.0, 0.0, 0.0, 0.0, 1.0, 0.0, 1.0, 0.0, 1.0, 0.0, 0.0, 0.0, 1.0, 0.0, 0.0, 1.0, 0.0, 0.0, 1.0, 0.0, 0.0, 0.0, 1.0, 0.0, 0.0, 1.0, 1.0, 0.0, 0.0, 0.0, 0.0, 1.0, 0.0, 0.0, 1.0]]

[2024-10-14T10:32:41.068812][INFO][seed101] U cardinality: 7
[2024-10-14T10:32:41.082531][INFO][seed101] 
[P([3]) [0.831, 0.169], P([2]) [0.0, 0.06, 0.001, 0.016, 0.017, 0.906, 0.0], P([1, 3]) [1.0, 0.0, 0.0, 1.0], P([0, 1, 2]) [1.0, 0.0, 0.0, 1.0, 0.0, 0.0, 1.0, 0.0, 0.0, 0.0, 1.0, 0.0, 0.0, 1.0, 0.0, 1.0, 0.0, 0.0, 0.0, 1.0, 0.0, 0.0, 1.0, 0.0, 0.0, 1.0, 0.0, 0.0, 0.0, 1.0, 0.0, 0.0, 1.0, 0.0, 1.0, 0.0, 0.0, 0.0, 1.0, 0.0, 0.0, 1.0]]

[2024-10-14T10:32:41.083344][INFO][seed83] Sampled 9900 data instances
[2024-10-14T10:32:41.083581][INFO][seed83] Starting exact inference 
Error in variable: 2
[2024-10-14T10:32:41.093433][INFO][seed132] No feasible solution... resampling
[2024-10-14T10:32:41.097969][INFO][seed175] Sampled 8800 data instances
[2024-10-14T10:32:41.098268][INFO][seed175] Starting exact inference 
[2024-10-14T10:32:41.100460][INFO][seed20] Sampled 2100 data instances
[2024-10-14T10:32:41.100700][INFO][seed20] Starting exact inference 
[2024-10-14T10:32:41.081320][INFO][seed121] Set up logging
[2024-10-14T10:32:41.101368][INFO][seed121] args: -np;1;-nzr;0.6;-zdr;0.5;-o;/mnt/beegfs/rcabanas/dev/credici/papers/zeros/models/s3;-rw;-s;121;-ys;3
[2024-10-14T10:32:41.105949][INFO][seed40] Sampled 9700 data instances
[2024-10-14T10:32:41.106186][INFO][seed40] Starting exact inference 
[2024-10-14T10:32:41.114195][INFO][seed121] Starting logger with seed 121
[2024-10-14T10:32:41.120215][INFO][seed121] simple_nparents1_nzr06_zdr05_ysize3_121
[2024-10-14T10:32:41.130622][INFO][seed83] No feasible solution... resampling
[2024-10-14T10:32:41.132120][INFO][seed132] Sampled 1300 data instances
[2024-10-14T10:32:41.137543][INFO][seed132] Starting exact inference 
[2024-10-14T10:32:41.141377][INFO][seed175] No feasible solution... resampling
[2024-10-14T10:32:41.145958][INFO][seed40] No feasible solution... resampling
[2024-10-14T10:32:41.154303][INFO][seed74] No feasible solution... resampling
[2024-10-14T10:32:41.187998][INFO][seed74] Sampled 3200 data instances
[2024-10-14T10:32:41.194106][INFO][seed20] PS(V1,V0) in [0.0, 0.0]
[2024-10-14T10:32:41.197076][INFO][seed74] Starting exact inference 
[2024-10-14T10:32:41.198047][INFO][seed20] No feasible solution... resampling
[2024-10-14T10:32:41.204247][INFO][seed83] Sampled 10000 data instances
[2024-10-14T10:32:41.204542][INFO][seed83] Starting exact inference 
[2024-10-14T10:32:41.205611][INFO][seed175] Sampled 8900 data instances
[2024-10-14T10:32:41.206617][INFO][seed175] Starting exact inference 
[2024-10-14T10:32:41.197939][INFO][seed108] Set up logging
[2024-10-14T10:32:41.209278][INFO][seed108] args: -np;1;-nzr;0.6;-zdr;0.5;-o;/mnt/beegfs/rcabanas/dev/credici/papers/zeros/models/s3;-rw;-s;108;-ys;3
[2024-10-14T10:32:41.216057][INFO][seed40] Sampled 9800 data instances
[2024-10-14T10:32:41.216299][INFO][seed40] Starting exact inference 
Error in variable: 2
[2024-10-14T10:32:41.217232][INFO][seed108] Starting logger with seed 108
[2024-10-14T10:32:41.214786][INFO][seed132] No feasible solution... resampling
[2024-10-14T10:32:41.222954][INFO][seed108] simple_nparents1_nzr06_zdr05_ysize3_108
['genn.py', '1', '0.6', '0.5', '169', '3']
[2024-10-14T10:32:41.239041][INFO][seed20] Sampled 2200 data instances
[2024-10-14T10:32:41.239321][INFO][seed20] Starting exact inference 
[2024-10-14T10:32:41.245169][INFO][seed83] No feasible solution... resampling
[2024-10-14T10:32:41.245288][SEVERE][seed83] java.lang.IllegalStateException: Unable to generate compatible data
[2024-10-14T10:32:41.245308][INFO][seed83] Closing log file
[2024-10-14T10:32:41.245322][INFO][seed83] Closed log file
[2024-10-14T10:32:41.246244][INFO][seed132] Sampled 1400 data instances
[2024-10-14T10:32:41.249262][INFO][seed132] Starting exact inference 
[2024-10-14T10:32:41.248677][INFO][seed100] Set up logging
[2024-10-14T10:32:41.263925][INFO][seed100] args: -np;1;-nzr;0.6;-zdr;0.5;-o;/mnt/beegfs/rcabanas/dev/credici/papers/zeros/models/s3;-rw;-s;100;-ys;3
[2024-10-14T10:32:41.270272][INFO][seed100] Starting logger with seed 100
[2024-10-14T10:32:41.263182][INFO][seed40] No feasible solution... resampling
[2024-10-14T10:32:41.269844][INFO][seed74] No feasible solution... resampling
[2024-10-14T10:32:41.272714][INFO][seed59] Sampled 1000 data instances
[2024-10-14T10:32:41.272976][INFO][seed59] Starting exact inference 
1 0.6 0.5 169
/mnt/beegfs/rcabanas/dev/credici/papers/zeros/code/GenerateNparents.java
[2024-10-14T10:32:41.283654][INFO][seed100] simple_nparents1_nzr06_zdr05_ysize3_100
[2024-10-14T10:32:41.294723][INFO][seed101] Sampled 1000 data instances
[2024-10-14T10:32:41.295095][INFO][seed101] Starting exact inference 
[2024-10-14T10:32:41.295048][INFO][seed175] No feasible solution... resampling
[2024-10-14T10:32:41.298383][INFO][seed6] PS(V1,V0) in [0.0, 1.0]
[2024-10-14T10:32:41.304660][INFO][seed74] Sampled 3300 data instances
[2024-10-14T10:32:41.309711][INFO][seed74] Starting exact inference 
[2024-10-14T10:32:41.309914][INFO][seed6] PN(V1,V0) in [0.0, 0.04670878114146635] 
[2024-10-14T10:32:41.332078][INFO][seed40] Sampled 9900 data instances
[2024-10-14T10:32:41.332294][INFO][seed40] Starting exact inference 
[2024-10-14T10:32:41.332191][INFO][seed20] PS(V1,V0) in [0.0, 0.0]
[2024-10-14T10:32:41.334291][INFO][seed20] No feasible solution... resampling
[2024-10-14T10:32:41.356645][INFO][seed121] U cardinality: 9
[2024-10-14T10:32:41.361166][INFO][seed6] Saved data to: /mnt/beegfs/rcabanas/dev/credici/papers/zeros/models/s3/simple_nparents1_nzr06_zdr05_ysize3_6.csv
[2024-10-14T10:32:41.370427][INFO][seed121] !0 = [2, 4, 5, 7, 8]
[2024-10-14T10:32:41.370688][INFO][seed121] 0 = [0, 1, 3, 6]
[2024-10-14T10:32:41.374272][INFO][seed20] Sampled 2300 data instances
[2024-10-14T10:32:41.374782][INFO][seed20] Starting exact inference 
[2024-10-14T10:32:41.375627][INFO][seed121] Dropping state 6
[2024-10-14T10:32:41.376672][INFO][seed121] Dropping state 1
[2024-10-14T10:32:41.377463][INFO][seed121] Dropping state 0
[2024-10-14T10:32:41.375878][INFO][seed40] No feasible solution... resampling
[2024-10-14T10:32:41.380074][INFO][seed121] U cardinality: 6
[2024-10-14T10:32:41.381132][INFO][seed6] Saved model to: /mnt/beegfs/rcabanas/dev/credici/papers/zeros/models/s3/simple_nparents1_nzr06_zdr05_ysize3_6.uai
[2024-10-14T10:32:41.385909][INFO][seed6] Saved queries to: /mnt/beegfs/rcabanas/dev/credici/papers/zeros/models/s3/simple_nparents1_nzr06_zdr05_ysize3_6_query.csv
[2024-10-14T10:32:41.386208][INFO][seed6] Closing log file
[2024-10-14T10:32:41.386292][INFO][seed6] Closed log file
['genn.py', '1', '0.6', '0.5', '136', '3']
[2024-10-14T10:32:41.392626][INFO][seed74] No feasible solution... resampling
[2024-10-14T10:32:41.395679][INFO][seed121] 
[P([3]) [0.403, 0.597], P([2]) [0.014, 0.0, 0.075, 0.153, 0.002, 0.756], P([1, 3]) [1.0, 0.0, 0.0, 1.0], P([0, 1, 2]) [1.0, 0.0, 0.0, 0.0, 0.0, 1.0, 0.0, 1.0, 0.0, 1.0, 0.0, 0.0, 0.0, 1.0, 0.0, 0.0, 1.0, 0.0, 0.0, 1.0, 0.0, 0.0, 0.0, 1.0, 0.0, 0.0, 1.0, 0.0, 1.0, 0.0, 0.0, 0.0, 1.0, 0.0, 0.0, 1.0]]

[2024-10-14T10:32:41.407993][INFO][seed175] Sampled 9000 data instances
[2024-10-14T10:32:41.408593][INFO][seed175] Starting exact inference 
1 0.6 0.5 136
/mnt/beegfs/rcabanas/dev/credici/papers/zeros/code/GenerateNparents.java
[2024-10-14T10:32:41.431676][INFO][seed74] Sampled 3400 data instances
[2024-10-14T10:32:41.431980][INFO][seed74] Starting exact inference 
[2024-10-14T10:32:41.441882][INFO][seed132] PS(V1,V0) in [0.9767063186937447, 1.0]
[2024-10-14T10:32:41.444172][INFO][seed108] U cardinality: 9
[2024-10-14T10:32:41.439196][INFO][seed175] No feasible solution... resampling
[2024-10-14T10:32:41.446376][INFO][seed40] Sampled 10000 data instances
[2024-10-14T10:32:41.446632][INFO][seed40] Starting exact inference 
[2024-10-14T10:32:41.451493][INFO][seed108] !0 = [1, 2, 3, 6, 7]
[2024-10-14T10:32:41.451797][INFO][seed108] 0 = [0, 4, 5, 8]
[2024-10-14T10:32:41.456824][INFO][seed108] Dropping state 8
[2024-10-14T10:32:41.440155][INFO][seed84] Set up logging
[2024-10-14T10:32:41.458049][INFO][seed108] Dropping state 5
[2024-10-14T10:32:41.459101][INFO][seed84] args: -np;1;-nzr;0.6;-zdr;0.5;-o;/mnt/beegfs/rcabanas/dev/credici/papers/zeros/models/s3;-rw;-s;84;-ys;3
[2024-10-14T10:32:41.460273][INFO][seed132] PN(V1,V0) in [0.4487111554405761, 0.45941256532535396] 
[2024-10-14T10:32:41.461018][INFO][seed84] Starting logger with seed 84
[2024-10-14T10:32:41.461177][INFO][seed108] Dropping state 4
[2024-10-14T10:32:41.462704][INFO][seed108] Dropping state 0
[2024-10-14T10:32:41.465800][INFO][seed84] simple_nparents1_nzr06_zdr05_ysize3_84
[2024-10-14T10:32:41.466259][INFO][seed108] U cardinality: 5
[2024-10-14T10:32:41.475963][INFO][seed108] 
[P([3]) [0.044, 0.956], P([2]) [0.011, 0.002, 0.623, 0.002, 0.362], P([1, 3]) [1.0, 0.0, 0.0, 1.0], P([0, 1, 2]) [1.0, 0.0, 0.0, 0.0, 1.0, 0.0, 1.0, 0.0, 0.0, 0.0, 0.0, 1.0, 0.0, 1.0, 0.0, 1.0, 0.0, 0.0, 0.0, 0.0, 1.0, 1.0, 0.0, 0.0, 0.0, 0.0, 1.0, 0.0, 1.0, 0.0]]

[2024-10-14T10:32:41.492523][INFO][seed100] U cardinality: 9
[2024-10-14T10:32:41.493689][INFO][seed132] Saved data to: /mnt/beegfs/rcabanas/dev/credici/papers/zeros/models/s3/simple_nparents1_nzr06_zdr05_ysize3_132.csv
[2024-10-14T10:32:41.494304][INFO][seed20] PS(V1,V0) in [0.0, 0.0]
[2024-10-14T10:32:41.497360][INFO][seed100] !0 = [2, 3, 4, 5, 7]
[2024-10-14T10:32:41.495278][INFO][seed20] No feasible solution... resampling
[2024-10-14T10:32:41.497825][INFO][seed100] 0 = [0, 1, 6, 8]
[2024-10-14T10:32:41.503065][INFO][seed132] Saved model to: /mnt/beegfs/rcabanas/dev/credici/papers/zeros/models/s3/simple_nparents1_nzr06_zdr05_ysize3_132.uai
[2024-10-14T10:32:41.504796][INFO][seed100] Dropping state 8
[2024-10-14T10:32:41.504648][INFO][seed175] Sampled 9100 data instances
[2024-10-14T10:32:41.505795][INFO][seed175] Starting exact inference 
[2024-10-14T10:32:41.506214][INFO][seed100] Dropping state 6
[2024-10-14T10:32:41.506871][INFO][seed132] Saved queries to: /mnt/beegfs/rcabanas/dev/credici/papers/zeros/models/s3/simple_nparents1_nzr06_zdr05_ysize3_132_query.csv
[2024-10-14T10:32:41.507053][INFO][seed132] Closing log file
[2024-10-14T10:32:41.507142][INFO][seed132] Closed log file
[2024-10-14T10:32:41.507458][INFO][seed100] Dropping state 1
[2024-10-14T10:32:41.509682][INFO][seed100] Dropping state 0
[2024-10-14T10:32:41.515459][INFO][seed100] U cardinality: 5
[2024-10-14T10:32:41.521224][INFO][seed40] No feasible solution... resampling
[2024-10-14T10:32:41.521332][SEVERE][seed40] java.lang.IllegalStateException: Unable to generate compatible data
[2024-10-14T10:32:41.521347][INFO][seed40] Closing log file
[2024-10-14T10:32:41.521357][INFO][seed40] Closed log file
[2024-10-14T10:32:41.526430][INFO][seed100] 
[P([3]) [0.627, 0.373], P([2]) [0.002, 0.001, 0.645, 0.001, 0.351], P([1, 3]) [1.0, 0.0, 0.0, 1.0], P([0, 1, 2]) [1.0, 0.0, 0.0, 0.0, 0.0, 1.0, 0.0, 1.0, 0.0, 1.0, 0.0, 0.0, 0.0, 1.0, 0.0, 0.0, 1.0, 0.0, 0.0, 1.0, 0.0, 0.0, 0.0, 1.0, 0.0, 0.0, 1.0, 0.0, 1.0, 0.0]]

[2024-10-14T10:32:41.532862][INFO][seed20] Sampled 2400 data instances
[2024-10-14T10:32:41.529845][INFO][seed74] No feasible solution... resampling
[2024-10-14T10:32:41.536827][INFO][seed20] Starting exact inference 
[2024-10-14T10:32:41.562166][INFO][seed175] No feasible solution... resampling
[2024-10-14T10:32:41.573143][INFO][seed74] Sampled 3500 data instances
[2024-10-14T10:32:41.574217][INFO][seed74] Starting exact inference 
[2024-10-14T10:32:41.594262][INFO][seed121] Sampled 1000 data instances
[2024-10-14T10:32:41.594355][INFO][seed121] Starting exact inference 
[2024-10-14T10:32:41.596658][INFO][seed147] PS(V1,V0) in [1.0, 1.0]
[2024-10-14T10:32:41.609288][INFO][seed147] PN(V1,V0) in [0.94008, 0.94008] 
[2024-10-14T10:32:41.619815][INFO][seed84] U cardinality: 9
[2024-10-14T10:32:41.619824][INFO][seed20] PS(V1,V0) in [0.0, 0.0]
[2024-10-14T10:32:41.620721][INFO][seed20] No feasible solution... resampling
[2024-10-14T10:32:41.624055][INFO][seed84] !0 = [2, 3, 5, 6, 7]
[2024-10-14T10:32:41.624343][INFO][seed84] 0 = [0, 1, 4, 8]
['genn.py', '1', '0.6', '0.5', '58', '3']
[2024-10-14T10:32:41.629855][INFO][seed84] Dropping state 8
[2024-10-14T10:32:41.631010][INFO][seed84] Dropping state 1
[2024-10-14T10:32:41.631274][INFO][seed175] Sampled 9200 data instances
[2024-10-14T10:32:41.631529][INFO][seed175] Starting exact inference 
[2024-10-14T10:32:41.633295][INFO][seed84] U cardinality: 7
[2024-10-14T10:32:41.636805][INFO][seed84] 
[P([3]) [0.532, 0.468], P([2]) [0.0, 0.101, 0.016, 0.0, 0.158, 0.001, 0.724], P([1, 3]) [1.0, 0.0, 0.0, 1.0], P([0, 1, 2]) [1.0, 0.0, 0.0, 1.0, 0.0, 0.0, 1.0, 0.0, 0.0, 0.0, 0.0, 1.0, 0.0, 1.0, 0.0, 1.0, 0.0, 0.0, 0.0, 1.0, 0.0, 0.0, 1.0, 0.0, 0.0, 1.0, 0.0, 0.0, 0.0, 1.0, 0.0, 0.0, 1.0, 1.0, 0.0, 0.0, 0.0, 0.0, 1.0, 0.0, 1.0, 0.0]]

[2024-10-14T10:32:41.637192][INFO][seed147] Saved data to: /mnt/beegfs/rcabanas/dev/credici/papers/zeros/models/s3/simple_nparents1_nzr06_zdr05_ysize3_147.csv
[2024-10-14T10:32:41.646902][INFO][seed20] Sampled 2500 data instances
[2024-10-14T10:32:41.657081][INFO][seed20] Starting exact inference 
[2024-10-14T10:32:41.658407][INFO][seed147] Saved model to: /mnt/beegfs/rcabanas/dev/credici/papers/zeros/models/s3/simple_nparents1_nzr06_zdr05_ysize3_147.uai
[2024-10-14T10:32:41.660568][INFO][seed108] Sampled 1000 data instances
[2024-10-14T10:32:41.660816][INFO][seed108] Starting exact inference 
[2024-10-14T10:32:41.661802][INFO][seed147] Saved queries to: /mnt/beegfs/rcabanas/dev/credici/papers/zeros/models/s3/simple_nparents1_nzr06_zdr05_ysize3_147_query.csv
[2024-10-14T10:32:41.661853][INFO][seed147] Closing log file
[2024-10-14T10:32:41.661877][INFO][seed147] Closed log file
[2024-10-14T10:32:41.658706][INFO][seed74] No feasible solution... resampling
1 0.6 0.5 58
/mnt/beegfs/rcabanas/dev/credici/papers/zeros/code/GenerateNparents.java
[2024-10-14T10:32:41.669277][INFO][seed175] No feasible solution... resampling
[2024-10-14T10:32:41.687926][INFO][seed74] Sampled 3600 data instances
[2024-10-14T10:32:41.693342][INFO][seed74] Starting exact inference 
[2024-10-14T10:32:41.704789][INFO][seed176] Set up logging
[2024-10-14T10:32:41.716804][INFO][seed176] args: -np;1;-nzr;0.6;-zdr;0.5;-o;/mnt/beegfs/rcabanas/dev/credici/papers/zeros/models/s3;-rw;-s;176;-ys;3
[2024-10-14T10:32:41.719032][INFO][seed135] PS(V1,V0) in [0.0, 0.5373423860329777]
[2024-10-14T10:32:41.720054][INFO][seed176] Starting logger with seed 176
[2024-10-14T10:32:41.721485][INFO][seed100] Sampled 1000 data instances
[2024-10-14T10:32:41.721771][INFO][seed100] Starting exact inference 
[2024-10-14T10:32:41.724849][INFO][seed135] PN(V1,V0) in [0.0, 1.0] 
[2024-10-14T10:32:41.735471][INFO][seed176] simple_nparents1_nzr06_zdr05_ysize3_176
[2024-10-14T10:32:41.736279][INFO][seed175] Sampled 9300 data instances
[2024-10-14T10:32:41.736477][INFO][seed175] Starting exact inference 
[2024-10-14T10:32:41.762849][INFO][seed135] Saved data to: /mnt/beegfs/rcabanas/dev/credici/papers/zeros/models/s3/simple_nparents1_nzr06_zdr05_ysize3_135.csv
[2024-10-14T10:32:41.769379][INFO][seed20] PS(V1,V0) in [0.0, 0.0]
[2024-10-14T10:32:41.770311][INFO][seed20] No feasible solution... resampling
[2024-10-14T10:32:41.774294][INFO][seed74] No feasible solution... resampling
[2024-10-14T10:32:41.781858][INFO][seed135] Saved model to: /mnt/beegfs/rcabanas/dev/credici/papers/zeros/models/s3/simple_nparents1_nzr06_zdr05_ysize3_135.uai
[2024-10-14T10:32:41.785287][INFO][seed135] Saved queries to: /mnt/beegfs/rcabanas/dev/credici/papers/zeros/models/s3/simple_nparents1_nzr06_zdr05_ysize3_135_query.csv
[2024-10-14T10:32:41.785333][INFO][seed135] Closing log file
[2024-10-14T10:32:41.785356][INFO][seed135] Closed log file
['genn.py', '1', '0.6', '0.5', '92', '3']
[2024-10-14T10:32:41.799863][INFO][seed20] Sampled 2600 data instances
[2024-10-14T10:32:41.805568][INFO][seed20] Starting exact inference 
[2024-10-14T10:32:41.811461][INFO][seed74] Sampled 3700 data instances
[2024-10-14T10:32:41.811734][INFO][seed74] Starting exact inference 
[2024-10-14T10:32:41.808303][INFO][seed175] No feasible solution... resampling
1 0.6 0.5 92
/mnt/beegfs/rcabanas/dev/credici/papers/zeros/code/GenerateNparents.java
[2024-10-14T10:32:41.841397][INFO][seed84] Sampled 1000 data instances
[2024-10-14T10:32:41.841489][INFO][seed84] Starting exact inference 
[2024-10-14T10:32:41.875500][INFO][seed175] Sampled 9400 data instances
[2024-10-14T10:32:41.875763][INFO][seed175] Starting exact inference 
[2024-10-14T10:32:41.889353][INFO][seed20] PS(V1,V0) in [0.0, 0.0]
[2024-10-14T10:32:41.890317][INFO][seed20] No feasible solution... resampling
[2024-10-14T10:32:41.893480][INFO][seed74] No feasible solution... resampling
['genn.py', '1', '0.6', '0.5', '177', '3']
[2024-10-14T10:32:41.904200][INFO][seed176] U cardinality: 9
['genn.py', '1', '0.6', '0.5', '71', '3']
[2024-10-14T10:32:41.908336][INFO][seed176] !0 = [1, 3, 4, 6, 8]
[2024-10-14T10:32:41.908609][INFO][seed176] 0 = [0, 2, 5, 7]
[2024-10-14T10:32:41.913566][INFO][seed176] Dropping state 5
[2024-10-14T10:32:41.913506][INFO][seed20] Sampled 2700 data instances
[2024-10-14T10:32:41.917896][INFO][seed176] U cardinality: 8
[2024-10-14T10:32:41.922060][INFO][seed176] 
[P([3]) [0.339, 0.661], P([2]) [0.0, 0.009, 0.0, 0.002, 0.001, 0.002, 0.0, 0.986], P([1, 3]) [1.0, 0.0, 0.0, 1.0], P([0, 1, 2]) [1.0, 0.0, 0.0, 1.0, 0.0, 0.0, 1.0, 0.0, 0.0, 0.0, 1.0, 0.0, 1.0, 0.0, 0.0, 0.0, 0.0, 1.0, 0.0, 1.0, 0.0, 1.0, 0.0, 0.0, 0.0, 1.0, 0.0, 0.0, 1.0, 0.0, 0.0, 0.0, 1.0, 1.0, 0.0, 0.0, 0.0, 0.0, 1.0, 0.0, 1.0, 0.0, 0.0, 0.0, 1.0, 0.0, 0.0, 1.0]]

[2024-10-14T10:32:41.924299][INFO][seed20] Starting exact inference 
[2024-10-14T10:32:41.936219][INFO][seed74] Sampled 3800 data instances
[2024-10-14T10:32:41.936432][INFO][seed74] Starting exact inference 
1 0.6 0.5 177
/mnt/beegfs/rcabanas/dev/credici/papers/zeros/code/GenerateNparents.java
[2024-10-14T10:32:41.940203][INFO][seed175] No feasible solution... resampling
1 0.6 0.5 71
/mnt/beegfs/rcabanas/dev/credici/papers/zeros/code/GenerateNparents.java
[2024-10-14T10:32:41.956384][INFO][seed193] No feasible solution... resampling
[2024-10-14T10:32:41.995900][INFO][seed74] No feasible solution... resampling
[2024-10-14T10:32:42.013142][INFO][seed175] Sampled 9500 data instances
[2024-10-14T10:32:42.013431][INFO][seed175] Starting exact inference 
[2024-10-14T10:32:42.012802][INFO][seed20] PS(V1,V0) in [0.0, 0.0]
[2024-10-14T10:32:42.013747][INFO][seed20] No feasible solution... resampling
[2024-10-14T10:32:42.027283][INFO][seed193] Sampled 1100 data instances
[2024-10-14T10:32:42.027563][INFO][seed193] Starting exact inference 
[2024-10-14T10:32:42.035366][INFO][seed74] Sampled 3900 data instances
[2024-10-14T10:32:42.035682][INFO][seed74] Starting exact inference 
[2024-10-14T10:32:42.040315][INFO][seed20] Sampled 2800 data instances
[2024-10-14T10:32:42.021343][INFO][seed12] Set up logging
[2024-10-14T10:32:42.041386][INFO][seed12] args: -np;1;-nzr;0.6;-zdr;0.5;-o;/mnt/beegfs/rcabanas/dev/credici/papers/zeros/models/s3;-rw;-s;12;-ys;3
[2024-10-14T10:32:42.044631][INFO][seed20] Starting exact inference 
[2024-10-14T10:32:42.049140][INFO][seed175] No feasible solution... resampling
[2024-10-14T10:32:42.053242][INFO][seed12] Starting logger with seed 12
[2024-10-14T10:32:42.059431][INFO][seed12] simple_nparents1_nzr06_zdr05_ysize3_12
[2024-10-14T10:32:42.104463][INFO][seed74] No feasible solution... resampling
[2024-10-14T10:32:42.114282][INFO][seed176] Sampled 1000 data instances
[2024-10-14T10:32:42.114535][INFO][seed176] Starting exact inference 
[2024-10-14T10:32:42.118157][INFO][seed175] Sampled 9600 data instances
[2024-10-14T10:32:42.118409][INFO][seed175] Starting exact inference 
['genn.py', '1', '0.6', '0.5', '145', '3']
[2024-10-14T10:32:42.138647][INFO][seed74] Sampled 4000 data instances
[2024-10-14T10:32:42.138933][INFO][seed74] Starting exact inference 
['genn.py', '1', '0.6', '0.5', '97', '3']
[2024-10-14T10:32:42.137866][INFO][seed20] PS(V1,V0) in [0.0, 0.0]
[2024-10-14T10:32:42.138892][INFO][seed20] No feasible solution... resampling
[2024-10-14T10:32:42.158285][INFO][seed59] PS(V1,V0) in [0.04865394028389624, 0.22057431881220424]
1 0.6 0.5 145
/mnt/beegfs/rcabanas/dev/credici/papers/zeros/code/GenerateNparents.java
[2024-10-14T10:32:42.169567][INFO][seed59] PN(V1,V0) in [0.22057844515126862, 1.0] 
[2024-10-14T10:32:42.178906][INFO][seed20] Sampled 2900 data instances
[2024-10-14T10:32:42.179209][INFO][seed20] Starting exact inference 
Removed 000
Removed 000
Removed 000
Error in variable: 2
[2024-10-14T10:32:42.177540][INFO][seed193] No feasible solution... resampling
1 0.6 0.5 97
/mnt/beegfs/rcabanas/dev/credici/papers/zeros/code/GenerateNparents.java
[2024-10-14T10:32:42.196226][INFO][seed175] No feasible solution... resampling
[2024-10-14T10:32:42.206252][INFO][seed59] Saved data to: /mnt/beegfs/rcabanas/dev/credici/papers/zeros/models/s3/simple_nparents1_nzr06_zdr05_ysize3_59.csv
[2024-10-14T10:32:42.214039][INFO][seed74] No feasible solution... resampling
[2024-10-14T10:32:42.217550][INFO][seed59] Saved model to: /mnt/beegfs/rcabanas/dev/credici/papers/zeros/models/s3/simple_nparents1_nzr06_zdr05_ysize3_59.uai
[2024-10-14T10:32:42.226213][INFO][seed59] Saved queries to: /mnt/beegfs/rcabanas/dev/credici/papers/zeros/models/s3/simple_nparents1_nzr06_zdr05_ysize3_59_query.csv
[2024-10-14T10:32:42.226300][INFO][seed59] Closing log file
[2024-10-14T10:32:42.226326][INFO][seed59] Closed log file
[2024-10-14T10:32:42.240290][INFO][seed101] PS(V1,V0) in [0.9247644683714671, 1.0]
[2024-10-14T10:32:42.240897][INFO][seed193] Sampled 1200 data instances
[2024-10-14T10:32:42.241168][INFO][seed193] Starting exact inference 
[2024-10-14T10:32:42.242733][INFO][seed74] Sampled 4100 data instances
[2024-10-14T10:32:42.244764][INFO][seed74] Starting exact inference 
[2024-10-14T10:32:42.249149][INFO][seed101] PN(V1,V0) in [0.07192429682511436, 0.07777580052548388] 
[2024-10-14T10:32:42.251262][INFO][seed20] PS(V1,V0) in [0.0, 0.0]
[2024-10-14T10:32:42.253849][INFO][seed20] No feasible solution... resampling
Error in variable: 2
[2024-10-14T10:32:42.268179][INFO][seed108] No feasible solution... resampling
[2024-10-14T10:32:42.277239][INFO][seed101] Saved data to: /mnt/beegfs/rcabanas/dev/credici/papers/zeros/models/s3/simple_nparents1_nzr06_zdr05_ysize3_101.csv
[2024-10-14T10:32:42.290881][INFO][seed20] Sampled 3000 data instances
[2024-10-14T10:32:42.297075][INFO][seed20] Starting exact inference 
[2024-10-14T10:32:42.297272][INFO][seed101] Saved model to: /mnt/beegfs/rcabanas/dev/credici/papers/zeros/models/s3/simple_nparents1_nzr06_zdr05_ysize3_101.uai
[2024-10-14T10:32:42.301433][INFO][seed101] Saved queries to: /mnt/beegfs/rcabanas/dev/credici/papers/zeros/models/s3/simple_nparents1_nzr06_zdr05_ysize3_101_query.csv
[2024-10-14T10:32:42.301677][INFO][seed101] Closing log file
[2024-10-14T10:32:42.301764][INFO][seed101] Closed log file
[2024-10-14T10:32:42.305598][INFO][seed175] Sampled 9700 data instances
[2024-10-14T10:32:42.305863][INFO][seed175] Starting exact inference 
[2024-10-14T10:32:42.317007][INFO][seed12] U cardinality: 9
[2024-10-14T10:32:42.322014][INFO][seed12] !0 = [0, 2, 3, 6, 7]
[2024-10-14T10:32:42.322451][INFO][seed12] 0 = [1, 4, 5, 8]
[2024-10-14T10:32:42.330577][INFO][seed12] Dropping state 5
[2024-10-14T10:32:42.332147][INFO][seed12] Dropping state 4
[2024-10-14T10:32:42.328770][INFO][seed74] No feasible solution... resampling
[2024-10-14T10:32:42.333391][INFO][seed12] Dropping state 1
[2024-10-14T10:32:42.336364][INFO][seed12] U cardinality: 6
[2024-10-14T10:32:42.337890][INFO][seed108] Sampled 1100 data instances
[2024-10-14T10:32:42.344749][INFO][seed108] Starting exact inference 
[2024-10-14T10:32:42.348065][INFO][seed175] No feasible solution... resampling
[2024-10-14T10:32:42.351770][INFO][seed12] 
[P([3]) [0.945, 0.055], P([2]) [0.077, 0.003, 0.022, 0.006, 0.892, 0.0], P([1, 3]) [1.0, 0.0, 0.0, 1.0], P([0, 1, 2]) [1.0, 0.0, 0.0, 1.0, 0.0, 0.0, 1.0, 0.0, 0.0, 0.0, 0.0, 1.0, 0.0, 1.0, 0.0, 1.0, 0.0, 0.0, 0.0, 0.0, 1.0, 1.0, 0.0, 0.0, 0.0, 0.0, 1.0, 0.0, 1.0, 0.0, 0.0, 0.0, 1.0, 0.0, 0.0, 1.0]]

[2024-10-14T10:32:42.365639][INFO][seed74] Sampled 4200 data instances
[2024-10-14T10:32:42.365866][INFO][seed74] Starting exact inference 
[2024-10-14T10:32:42.379767][INFO][seed20] PS(V1,V0) in [0.0, 0.0]
[2024-10-14T10:32:42.380553][INFO][seed20] No feasible solution... resampling
[2024-10-14T10:32:42.397665][INFO][seed193] PS(V1,V0) in [0.41727493917274944, 1.0]
[2024-10-14T10:32:42.405015][INFO][seed193] PN(V1,V0) in [0.003446508777042032, 0.0082595633082465] 
[2024-10-14T10:32:42.411263][INFO][seed74] No feasible solution... resampling
[2024-10-14T10:32:42.421150][INFO][seed175] Sampled 9800 data instances
[2024-10-14T10:32:42.421395][INFO][seed175] Starting exact inference 
[2024-10-14T10:32:42.431268][INFO][seed20] Sampled 3100 data instances
[2024-10-14T10:32:42.431563][INFO][seed20] Starting exact inference 
[2024-10-14T10:32:42.437544][INFO][seed193] Saved data to: /mnt/beegfs/rcabanas/dev/credici/papers/zeros/models/s3/simple_nparents1_nzr06_zdr05_ysize3_193.csv
[2024-10-14T10:32:42.441264][INFO][seed74] Sampled 4300 data instances
[2024-10-14T10:32:42.441492][INFO][seed74] Starting exact inference 
[2024-10-14T10:32:42.450620][INFO][seed175] No feasible solution... resampling
[2024-10-14T10:32:42.459068][INFO][seed193] Saved model to: /mnt/beegfs/rcabanas/dev/credici/papers/zeros/models/s3/simple_nparents1_nzr06_zdr05_ysize3_193.uai
[2024-10-14T10:32:42.462470][INFO][seed193] Saved queries to: /mnt/beegfs/rcabanas/dev/credici/papers/zeros/models/s3/simple_nparents1_nzr06_zdr05_ysize3_193_query.csv
[2024-10-14T10:32:42.462523][INFO][seed193] Closing log file
[2024-10-14T10:32:42.462547][INFO][seed193] Closed log file
[2024-10-14T10:32:42.488003][INFO][seed74] No feasible solution... resampling
[2024-10-14T10:32:42.518222][INFO][seed74] Sampled 4400 data instances
[2024-10-14T10:32:42.518466][INFO][seed74] Starting exact inference 
[2024-10-14T10:32:42.518919][INFO][seed20] PS(V1,V0) in [0.0, 0.0]
[2024-10-14T10:32:42.519683][INFO][seed20] No feasible solution... resampling
[2024-10-14T10:32:42.526393][INFO][seed175] Sampled 9900 data instances
[2024-10-14T10:32:42.526596][INFO][seed175] Starting exact inference 
[2024-10-14T10:32:42.512257][INFO][seed37] Set up logging
[2024-10-14T10:32:42.540987][INFO][seed37] args: -np;1;-nzr;0.6;-zdr;0.5;-o;/mnt/beegfs/rcabanas/dev/credici/papers/zeros/models/s3;-rw;-s;37;-ys;3
[2024-10-14T10:32:42.542737][INFO][seed37] Starting logger with seed 37
[2024-10-14T10:32:42.552951][INFO][seed121] PS(V1,V0) in [0.0, 0.0]
[2024-10-14T10:32:42.553288][INFO][seed37] simple_nparents1_nzr06_zdr05_ysize3_37
[2024-10-14T10:32:42.557228][INFO][seed108] PS(V1,V0) in [0.9553571428571429, 0.9553571428571429]
[2024-10-14T10:32:42.563180][INFO][seed20] Sampled 3200 data instances
[2024-10-14T10:32:42.563579][INFO][seed121] PN(V1,V0) in [0.0, 0.0] 
[2024-10-14T10:32:42.564628][INFO][seed20] Starting exact inference 
[2024-10-14T10:32:42.566088][INFO][seed12] Sampled 1000 data instances
[2024-10-14T10:32:42.566352][INFO][seed12] Starting exact inference 
[2024-10-14T10:32:42.563508][INFO][seed175] No feasible solution... resampling
[2024-10-14T10:32:42.573508][INFO][seed100] PS(V1,V0) in [0.0, 0.0]
[2024-10-14T10:32:42.573906][INFO][seed108] PN(V1,V0) in [0.05801443940301915, 0.05801443940301915] 
[2024-10-14T10:32:42.578582][INFO][seed100] PN(V1,V0) in [0.0, 0.0] 
[2024-10-14T10:32:42.591634][INFO][seed121] Saved data to: /mnt/beegfs/rcabanas/dev/credici/papers/zeros/models/s3/simple_nparents1_nzr06_zdr05_ysize3_121.csv
[2024-10-14T10:32:42.596440][INFO][seed108] Saved data to: /mnt/beegfs/rcabanas/dev/credici/papers/zeros/models/s3/simple_nparents1_nzr06_zdr05_ysize3_108.csv
[2024-10-14T10:32:42.596879][INFO][seed100] Saved data to: /mnt/beegfs/rcabanas/dev/credici/papers/zeros/models/s3/simple_nparents1_nzr06_zdr05_ysize3_100.csv
[2024-10-14T10:32:42.592930][INFO][seed74] No feasible solution... resampling
[2024-10-14T10:32:42.601555][INFO][seed84] PS(V1,V0) in [0.0, 0.0]
[2024-10-14T10:32:42.605530][INFO][seed84] PN(V1,V0) in [0.0, 0.0] 
[2024-10-14T10:32:42.608031][INFO][seed121] Saved model to: /mnt/beegfs/rcabanas/dev/credici/papers/zeros/models/s3/simple_nparents1_nzr06_zdr05_ysize3_121.uai
[2024-10-14T10:32:42.614902][INFO][seed108] Saved model to: /mnt/beegfs/rcabanas/dev/credici/papers/zeros/models/s3/simple_nparents1_nzr06_zdr05_ysize3_108.uai
[2024-10-14T10:32:42.616749][INFO][seed100] Saved model to: /mnt/beegfs/rcabanas/dev/credici/papers/zeros/models/s3/simple_nparents1_nzr06_zdr05_ysize3_100.uai
[2024-10-14T10:32:42.618981][INFO][seed108] Saved queries to: /mnt/beegfs/rcabanas/dev/credici/papers/zeros/models/s3/simple_nparents1_nzr06_zdr05_ysize3_108_query.csv
[2024-10-14T10:32:42.619082][INFO][seed108] Closing log file
[2024-10-14T10:32:42.619162][INFO][seed108] Closed log file
[2024-10-14T10:32:42.619746][INFO][seed121] Saved queries to: /mnt/beegfs/rcabanas/dev/credici/papers/zeros/models/s3/simple_nparents1_nzr06_zdr05_ysize3_121_query.csv
[2024-10-14T10:32:42.620009][INFO][seed121] Closing log file
[2024-10-14T10:32:42.620107][INFO][seed121] Closed log file
[2024-10-14T10:32:42.620674][INFO][seed100] Saved queries to: /mnt/beegfs/rcabanas/dev/credici/papers/zeros/models/s3/simple_nparents1_nzr06_zdr05_ysize3_100_query.csv
[2024-10-14T10:32:42.620885][INFO][seed100] Closing log file
[2024-10-14T10:32:42.620969][INFO][seed100] Closed log file
[2024-10-14T10:32:42.627085][INFO][seed74] Sampled 4500 data instances
[2024-10-14T10:32:42.627338][INFO][seed74] Starting exact inference 
['genn.py', '1', '0.6', '0.5', '122', '3']
[2024-10-14T10:32:42.642441][INFO][seed175] Sampled 10000 data instances
[2024-10-14T10:32:42.642636][INFO][seed175] Starting exact inference 
[2024-10-14T10:32:42.652706][INFO][seed20] PS(V1,V0) in [0.0, 0.0]
[2024-10-14T10:32:42.653436][INFO][seed20] No feasible solution... resampling
[2024-10-14T10:32:42.660495][INFO][seed84] Saved data to: /mnt/beegfs/rcabanas/dev/credici/papers/zeros/models/s3/simple_nparents1_nzr06_zdr05_ysize3_84.csv
[2024-10-14T10:32:42.670227][INFO][seed84] Saved model to: /mnt/beegfs/rcabanas/dev/credici/papers/zeros/models/s3/simple_nparents1_nzr06_zdr05_ysize3_84.uai
[2024-10-14T10:32:42.673431][INFO][seed84] Saved queries to: /mnt/beegfs/rcabanas/dev/credici/papers/zeros/models/s3/simple_nparents1_nzr06_zdr05_ysize3_84_query.csv
[2024-10-14T10:32:42.673526][INFO][seed84] Closing log file
[2024-10-14T10:32:42.673601][INFO][seed84] Closed log file
1 0.6 0.5 122
/mnt/beegfs/rcabanas/dev/credici/papers/zeros/code/GenerateNparents.java
[2024-10-14T10:32:42.683259][INFO][seed74] No feasible solution... resampling
[2024-10-14T10:32:42.693185][INFO][seed20] Sampled 3300 data instances
[2024-10-14T10:32:42.693436][INFO][seed20] Starting exact inference 
[2024-10-14T10:32:42.714797][INFO][seed74] Sampled 4600 data instances
[2024-10-14T10:32:42.715143][INFO][seed74] Starting exact inference 
[2024-10-14T10:32:42.724772][INFO][seed175] No feasible solution... resampling
[2024-10-14T10:32:42.724872][SEVERE][seed175] java.lang.IllegalStateException: Unable to generate compatible data
[2024-10-14T10:32:42.724891][INFO][seed175] Closing log file
[2024-10-14T10:32:42.724901][INFO][seed175] Closed log file
['genn.py', '1', '0.6', '0.5', '139', '3']
[2024-10-14T10:32:42.770599][INFO][seed74] No feasible solution... resampling
1 0.6 0.5 139
/mnt/beegfs/rcabanas/dev/credici/papers/zeros/code/GenerateNparents.java
[2024-10-14T10:32:42.778463][INFO][seed20] PS(V1,V0) in [0.0, 0.0]
[2024-10-14T10:32:42.779229][INFO][seed20] No feasible solution... resampling
[2024-10-14T10:32:42.809909][INFO][seed74] Sampled 4700 data instances
[2024-10-14T10:32:42.810146][INFO][seed74] Starting exact inference 
[2024-10-14T10:32:42.819345][INFO][seed20] Sampled 3400 data instances
[2024-10-14T10:32:42.820738][INFO][seed37] U cardinality: 9
[2024-10-14T10:32:42.827058][INFO][seed20] Starting exact inference 
[2024-10-14T10:32:42.827089][INFO][seed37] !0 = [0, 1, 4, 6, 7]
[2024-10-14T10:32:42.827595][INFO][seed37] 0 = [2, 3, 5, 8]
[2024-10-14T10:32:42.830741][INFO][seed37] U cardinality: 9
[2024-10-14T10:32:42.835900][INFO][seed37] 
[P([3]) [0.619, 0.381], P([2]) [0.044, 0.001, 0.0, 0.0, 0.013, 0.0, 0.001, 0.941, 0.0], P([1, 3]) [1.0, 0.0, 0.0, 1.0], P([0, 1, 2]) [1.0, 0.0, 0.0, 1.0, 0.0, 0.0, 1.0, 0.0, 0.0, 0.0, 1.0, 0.0, 1.0, 0.0, 0.0, 0.0, 0.0, 1.0, 0.0, 1.0, 0.0, 1.0, 0.0, 0.0, 0.0, 1.0, 0.0, 0.0, 1.0, 0.0, 0.0, 1.0, 0.0, 0.0, 0.0, 1.0, 0.0, 0.0, 1.0, 1.0, 0.0, 0.0, 0.0, 0.0, 1.0, 0.0, 1.0, 0.0, 0.0, 0.0, 1.0, 0.0, 0.0, 1.0]]

[2024-10-14T10:32:42.852899][INFO][seed176] PS(V1,V0) in [0.0, 1.0]
[2024-10-14T10:32:42.847848][INFO][seed74] No feasible solution... resampling
[2024-10-14T10:32:42.859234][INFO][seed176] PN(V1,V0) in [0.0, 0.30135658914728686] 
['genn.py', '1', '0.6', '0.5', '86', '3']
[2024-10-14T10:32:42.876122][INFO][seed176] Saved data to: /mnt/beegfs/rcabanas/dev/credici/papers/zeros/models/s3/simple_nparents1_nzr06_zdr05_ysize3_176.csv
[2024-10-14T10:32:42.880613][INFO][seed74] Sampled 4800 data instances
[2024-10-14T10:32:42.881849][INFO][seed74] Starting exact inference 
[2024-10-14T10:32:42.895047][INFO][seed176] Saved model to: /mnt/beegfs/rcabanas/dev/credici/papers/zeros/models/s3/simple_nparents1_nzr06_zdr05_ysize3_176.uai
[2024-10-14T10:32:42.898746][INFO][seed176] Saved queries to: /mnt/beegfs/rcabanas/dev/credici/papers/zeros/models/s3/simple_nparents1_nzr06_zdr05_ysize3_176_query.csv
[2024-10-14T10:32:42.898837][INFO][seed176] Closing log file
[2024-10-14T10:32:42.898915][INFO][seed176] Closed log file
1 0.6 0.5 86
/mnt/beegfs/rcabanas/dev/credici/papers/zeros/code/GenerateNparents.java
[2024-10-14T10:32:42.903793][INFO][seed20] PS(V1,V0) in [0.0, 0.0]
[2024-10-14T10:32:42.904410][INFO][seed20] No feasible solution... resampling
[2024-10-14T10:32:42.926769][INFO][seed74] No feasible solution... resampling
[2024-10-14T10:32:42.954963][INFO][seed20] Sampled 3500 data instances
[2024-10-14T10:32:42.955258][INFO][seed20] Starting exact inference 
[2024-10-14T10:32:42.961593][INFO][seed74] Sampled 4900 data instances
[2024-10-14T10:32:42.961873][INFO][seed74] Starting exact inference 
['genn.py', '1', '0.6', '0.5', '183', '3']
[2024-10-14T10:32:42.999680][INFO][seed74] No feasible solution... resampling
1 0.6 0.5 183
/mnt/beegfs/rcabanas/dev/credici/papers/zeros/code/GenerateNparents.java
['genn.py', '1', '0.6', '0.5', '143', '3']
['genn.py', '1', '0.6', '0.5', '41', '3']
['genn.py', '1', '0.6', '0.5', '184', '3']
[2024-10-14T10:32:43.038685][INFO][seed74] Sampled 5000 data instances
[2024-10-14T10:32:43.038981][INFO][seed74] Starting exact inference 
[2024-10-14T10:32:43.039986][INFO][seed20] PS(V1,V0) in [0.0, 0.0]
[2024-10-14T10:32:43.040579][INFO][seed20] No feasible solution... resampling
[2024-10-14T10:32:43.046191][INFO][seed37] Sampled 1000 data instances
[2024-10-14T10:32:43.046471][INFO][seed37] Starting exact inference 
1 0.6 0.5 143
/mnt/beegfs/rcabanas/dev/credici/papers/zeros/code/GenerateNparents.java
1 0.6 0.5 41
1 0.6 0.5 184
/mnt/beegfs/rcabanas/dev/credici/papers/zeros/code/GenerateNparents.java
/mnt/beegfs/rcabanas/dev/credici/papers/zeros/code/GenerateNparents.java
[2024-10-14T10:32:43.072666][INFO][seed20] Sampled 3600 data instances
[2024-10-14T10:32:43.084630][INFO][seed20] Starting exact inference 
[2024-10-14T10:32:43.083848][INFO][seed74] No feasible solution... resampling
['genn.py', '1', '0.6', '0.5', '151', '3']
[2024-10-14T10:32:43.125676][INFO][seed74] Sampled 5100 data instances
[2024-10-14T10:32:43.125968][INFO][seed74] Starting exact inference 
1 0.6 0.5 151
/mnt/beegfs/rcabanas/dev/credici/papers/zeros/code/GenerateNparents.java
[2024-10-14T10:32:43.156871][INFO][seed20] PS(V1,V0) in [0.0, 0.0]
[2024-10-14T10:32:43.159098][INFO][seed20] No feasible solution... resampling
[2024-10-14T10:32:43.168067][INFO][seed74] No feasible solution... resampling
[2024-10-14T10:32:43.204143][INFO][seed74] Sampled 5200 data instances
[2024-10-14T10:32:43.204443][INFO][seed74] Starting exact inference 
[2024-10-14T10:32:43.217080][INFO][seed20] Sampled 3700 data instances
[2024-10-14T10:32:43.217781][INFO][seed20] Starting exact inference 
[2024-10-14T10:32:43.249142][INFO][seed74] No feasible solution... resampling
['genn.py', '1', '0.6', '0.5', '103', '3']
[2024-10-14T10:32:43.286598][INFO][seed74] Sampled 5300 data instances
[2024-10-14T10:32:43.286890][INFO][seed74] Starting exact inference 
1 0.6 0.5 103
/mnt/beegfs/rcabanas/dev/credici/papers/zeros/code/GenerateNparents.java
[2024-10-14T10:32:43.300448][INFO][seed20] PS(V1,V0) in [0.0, 0.0]
[2024-10-14T10:32:43.301057][INFO][seed20] No feasible solution... resampling
[2024-10-14T10:32:43.322278][INFO][seed74] No feasible solution... resampling
[2024-10-14T10:32:43.342225][INFO][seed20] Sampled 3800 data instances
[2024-10-14T10:32:43.344901][INFO][seed20] Starting exact inference 
[2024-10-14T10:32:43.360179][INFO][seed74] Sampled 5400 data instances
[2024-10-14T10:32:43.360471][INFO][seed74] Starting exact inference 
[2024-10-14T10:32:43.356934][INFO][seed136] Set up logging
[2024-10-14T10:32:43.371541][INFO][seed136] args: -np;1;-nzr;0.6;-zdr;0.5;-o;/mnt/beegfs/rcabanas/dev/credici/papers/zeros/models/s3;-rw;-s;136;-ys;3
[2024-10-14T10:32:43.384854][INFO][seed136] Starting logger with seed 136
[2024-10-14T10:32:43.393712][INFO][seed136] simple_nparents1_nzr06_zdr05_ysize3_136
[2024-10-14T10:32:43.397935][INFO][seed74] No feasible solution... resampling
[2024-10-14T10:32:43.433205][INFO][seed20] PS(V1,V0) in [0.0, 0.0]
[2024-10-14T10:32:43.433941][INFO][seed20] No feasible solution... resampling
[2024-10-14T10:32:43.444345][INFO][seed74] Sampled 5500 data instances
[2024-10-14T10:32:43.444649][INFO][seed74] Starting exact inference 
[2024-10-14T10:32:43.466366][INFO][seed12] PS(V1,V0) in [0.0, 0.0]
[2024-10-14T10:32:43.472275][INFO][seed12] PN(V1,V0) in [0.0, 0.0] 
[2024-10-14T10:32:43.472616][INFO][seed20] Sampled 3900 data instances
[2024-10-14T10:32:43.483605][INFO][seed20] Starting exact inference 
[2024-10-14T10:32:43.479156][INFO][seed74] No feasible solution... resampling
[2024-10-14T10:32:43.516937][INFO][seed74] Sampled 5600 data instances
[2024-10-14T10:32:43.517277][INFO][seed74] Starting exact inference 
[2024-10-14T10:32:43.523458][INFO][seed12] Saved data to: /mnt/beegfs/rcabanas/dev/credici/papers/zeros/models/s3/simple_nparents1_nzr06_zdr05_ysize3_12.csv
[2024-10-14T10:32:43.543352][INFO][seed12] Saved model to: /mnt/beegfs/rcabanas/dev/credici/papers/zeros/models/s3/simple_nparents1_nzr06_zdr05_ysize3_12.uai
[2024-10-14T10:32:43.546982][INFO][seed12] Saved queries to: /mnt/beegfs/rcabanas/dev/credici/papers/zeros/models/s3/simple_nparents1_nzr06_zdr05_ysize3_12_query.csv
[2024-10-14T10:32:43.547198][INFO][seed12] Closing log file
[2024-10-14T10:32:43.547283][INFO][seed12] Closed log file
[2024-10-14T10:32:43.555082][INFO][seed20] PS(V1,V0) in [0.0, 0.0]
[2024-10-14T10:32:43.555619][INFO][seed20] No feasible solution... resampling
[2024-10-14T10:32:43.578650][INFO][seed74] No feasible solution... resampling
[2024-10-14T10:32:43.583484][INFO][seed136] U cardinality: 9
[2024-10-14T10:32:43.587674][INFO][seed136] !0 = [3, 5, 6, 7, 8]
[2024-10-14T10:32:43.587963][INFO][seed136] 0 = [0, 1, 2, 4]
[2024-10-14T10:32:43.570573][INFO][seed169] Set up logging
[2024-10-14T10:32:43.593348][INFO][seed136] Dropping state 4
[2024-10-14T10:32:43.593910][INFO][seed169] args: -np;1;-nzr;0.6;-zdr;0.5;-o;/mnt/beegfs/rcabanas/dev/credici/papers/zeros/models/s3;-rw;-s;169;-ys;3
[2024-10-14T10:32:43.594271][INFO][seed136] Dropping state 2
[2024-10-14T10:32:43.595147][INFO][seed136] Dropping state 1
[2024-10-14T10:32:43.596219][INFO][seed136] Dropping state 0
[2024-10-14T10:32:43.598222][INFO][seed20] Sampled 4000 data instances
[2024-10-14T10:32:43.598342][INFO][seed136] U cardinality: 5
[2024-10-14T10:32:43.598520][INFO][seed20] Starting exact inference 
[2024-10-14T10:32:43.598875][INFO][seed169] Starting logger with seed 169
[2024-10-14T10:32:43.608054][INFO][seed136] 
[P([3]) [0.078, 0.922], P([2]) [0.016, 0.914, 0.004, 0.001, 0.065], P([1, 3]) [1.0, 0.0, 0.0, 1.0], P([0, 1, 2]) [0.0, 1.0, 0.0, 1.0, 0.0, 0.0, 0.0, 1.0, 0.0, 0.0, 0.0, 1.0, 0.0, 0.0, 1.0, 1.0, 0.0, 0.0, 0.0, 0.0, 1.0, 0.0, 1.0, 0.0, 0.0, 0.0, 1.0, 0.0, 0.0, 1.0]]

[2024-10-14T10:32:43.615721][INFO][seed169] simple_nparents1_nzr06_zdr05_ysize3_169
[2024-10-14T10:32:43.620341][INFO][seed74] Sampled 5700 data instances
[2024-10-14T10:32:43.620587][INFO][seed74] Starting exact inference 
[2024-10-14T10:32:43.698422][INFO][seed20] PS(V1,V0) in [0.0, 0.0]
[2024-10-14T10:32:43.698943][INFO][seed20] No feasible solution... resampling
[2024-10-14T10:32:43.718414][INFO][seed74] No feasible solution... resampling
[2024-10-14T10:32:43.743192][INFO][seed20] Sampled 4100 data instances
[2024-10-14T10:32:43.756055][INFO][seed20] Starting exact inference 
[2024-10-14T10:32:43.780270][INFO][seed74] Sampled 5800 data instances
[2024-10-14T10:32:43.789593][INFO][seed74] Starting exact inference 
[2024-10-14T10:32:43.810463][INFO][seed136] Sampled 1000 data instances
[2024-10-14T10:32:43.810569][INFO][seed136] Starting exact inference 
[2024-10-14T10:32:43.811910][INFO][seed169] U cardinality: 9
[2024-10-14T10:32:43.817453][INFO][seed169] !0 = [0, 2, 3, 6, 8]
[2024-10-14T10:32:43.817982][INFO][seed169] 0 = [1, 4, 5, 7]
[2024-10-14T10:32:43.825878][INFO][seed20] PS(V1,V0) in [0.0, 0.0]
[2024-10-14T10:32:43.826403][INFO][seed20] No feasible solution... resampling
[2024-10-14T10:32:43.832535][INFO][seed169] Dropping state 4
[2024-10-14T10:32:43.835773][INFO][seed169] U cardinality: 8
[2024-10-14T10:32:43.839993][INFO][seed169] 
[P([3]) [0.235, 0.765], P([2]) [0.001, 0.0, 0.008, 0.018, 0.0, 0.002, 0.0, 0.971], P([1, 3]) [1.0, 0.0, 0.0, 1.0], P([0, 1, 2]) [1.0, 0.0, 0.0, 1.0, 0.0, 0.0, 1.0, 0.0, 0.0, 0.0, 1.0, 0.0, 1.0, 0.0, 0.0, 0.0, 0.0, 1.0, 0.0, 1.0, 0.0, 1.0, 0.0, 0.0, 0.0, 1.0, 0.0, 0.0, 0.0, 1.0, 0.0, 0.0, 1.0, 1.0, 0.0, 0.0, 0.0, 0.0, 1.0, 0.0, 1.0, 0.0, 0.0, 0.0, 1.0, 0.0, 0.0, 1.0]]

[2024-10-14T10:32:43.853149][INFO][seed74] No feasible solution... resampling
[2024-10-14T10:32:43.871973][INFO][seed20] Sampled 4200 data instances
[2024-10-14T10:32:43.874387][INFO][seed20] Starting exact inference 
[2024-10-14T10:32:43.921134][INFO][seed20] PS(V1,V0) in [0.0, 0.0]
[2024-10-14T10:32:43.921624][INFO][seed20] No feasible solution... resampling
[2024-10-14T10:32:43.933341][INFO][seed74] Sampled 5900 data instances
[2024-10-14T10:32:43.933641][INFO][seed74] Starting exact inference 
[2024-10-14T10:32:43.953694][INFO][seed20] Sampled 4300 data instances
[2024-10-14T10:32:43.953981][INFO][seed20] Starting exact inference 
[2024-10-14T10:32:43.943721][INFO][seed58] Set up logging
[2024-10-14T10:32:43.965907][INFO][seed58] args: -np;1;-nzr;0.6;-zdr;0.5;-o;/mnt/beegfs/rcabanas/dev/credici/papers/zeros/models/s3;-rw;-s;58;-ys;3
[2024-10-14T10:32:43.978281][INFO][seed58] Starting logger with seed 58
[2024-10-14T10:32:43.989423][INFO][seed20] PS(V1,V0) in [0.0, 0.0]
[2024-10-14T10:32:43.989919][INFO][seed20] No feasible solution... resampling
[2024-10-14T10:32:43.998377][INFO][seed74] No feasible solution... resampling
['genn.py', '1', '0.6', '0.5', '171', '3']
[2024-10-14T10:32:44.026183][INFO][seed20] Sampled 4400 data instances
[2024-10-14T10:32:44.026490][INFO][seed20] Starting exact inference 
[2024-10-14T10:32:44.028103][INFO][seed37] PS(V1,V0) in [0.0, 1.0]
[2024-10-14T10:32:44.042153][INFO][seed169] Sampled 1000 data instances
[2024-10-14T10:32:44.042468][INFO][seed169] Starting exact inference 
[2024-10-14T10:32:44.046304][INFO][seed37] PN(V1,V0) in [0.0, 0.035929820195358675] 
1 0.6 0.5 171
/mnt/beegfs/rcabanas/dev/credici/papers/zeros/code/GenerateNparents.java
[2024-10-14T10:32:44.056905][INFO][seed58] simple_nparents1_nzr06_zdr05_ysize3_58
[2024-10-14T10:32:44.065542][INFO][seed74] Sampled 6000 data instances
[2024-10-14T10:32:44.070817][INFO][seed74] Starting exact inference 
[2024-10-14T10:32:44.074679][INFO][seed37] Saved data to: /mnt/beegfs/rcabanas/dev/credici/papers/zeros/models/s3/simple_nparents1_nzr06_zdr05_ysize3_37.csv
[2024-10-14T10:32:44.094924][INFO][seed37] Saved model to: /mnt/beegfs/rcabanas/dev/credici/papers/zeros/models/s3/simple_nparents1_nzr06_zdr05_ysize3_37.uai
[2024-10-14T10:32:44.098504][INFO][seed37] Saved queries to: /mnt/beegfs/rcabanas/dev/credici/papers/zeros/models/s3/simple_nparents1_nzr06_zdr05_ysize3_37_query.csv
[2024-10-14T10:32:44.098748][INFO][seed37] Closing log file
[2024-10-14T10:32:44.098831][INFO][seed37] Closed log file
[2024-10-14T10:32:44.097839][INFO][seed20] PS(V1,V0) in [0.0, 0.0]
[2024-10-14T10:32:44.098406][INFO][seed20] No feasible solution... resampling
[2024-10-14T10:32:44.095814][INFO][seed92] Set up logging
[2024-10-14T10:32:44.105880][INFO][seed92] args: -np;1;-nzr;0.6;-zdr;0.5;-o;/mnt/beegfs/rcabanas/dev/credici/papers/zeros/models/s3;-rw;-s;92;-ys;3
[2024-10-14T10:32:44.118272][INFO][seed92] Starting logger with seed 92
[2024-10-14T10:32:44.126918][INFO][seed92] simple_nparents1_nzr06_zdr05_ysize3_92
[2024-10-14T10:32:44.130254][INFO][seed74] No feasible solution... resampling
[2024-10-14T10:32:44.133972][INFO][seed20] Sampled 4500 data instances
[2024-10-14T10:32:44.134286][INFO][seed20] Starting exact inference 
[2024-10-14T10:32:44.127935][INFO][seed97] Set up logging
[2024-10-14T10:32:44.152872][INFO][seed97] args: -np;1;-nzr;0.6;-zdr;0.5;-o;/mnt/beegfs/rcabanas/dev/credici/papers/zeros/models/s3;-rw;-s;97;-ys;3
[2024-10-14T10:32:44.154321][INFO][seed97] Starting logger with seed 97
[2024-10-14T10:32:44.164881][INFO][seed97] simple_nparents1_nzr06_zdr05_ysize3_97
[2024-10-14T10:32:44.172116][INFO][seed74] Sampled 6100 data instances
[2024-10-14T10:32:44.172421][INFO][seed74] Starting exact inference 
[2024-10-14T10:32:44.216344][INFO][seed20] PS(V1,V0) in [0.0, 0.0]
[2024-10-14T10:32:44.216847][INFO][seed20] No feasible solution... resampling
[2024-10-14T10:32:44.226871][INFO][seed74] No feasible solution... resampling
[2024-10-14T10:32:44.239805][INFO][seed58] U cardinality: 9
[2024-10-14T10:32:44.246861][INFO][seed58] !0 = [1, 2, 4, 5, 8]
[2024-10-14T10:32:44.250017][INFO][seed58] 0 = [0, 3, 6, 7]
[2024-10-14T10:32:44.260154][INFO][seed58] Dropping state 3
[2024-10-14T10:32:44.263325][INFO][seed58] U cardinality: 8
[2024-10-14T10:32:44.274754][INFO][seed20] Sampled 4600 data instances
[2024-10-14T10:32:44.277064][INFO][seed20] Starting exact inference 
[2024-10-14T10:32:44.279447][INFO][seed74] Sampled 6200 data instances
[2024-10-14T10:32:44.279746][INFO][seed74] Starting exact inference 
[2024-10-14T10:32:44.280403][INFO][seed58] 
[P([3]) [0.77, 0.23], P([2]) [0.0, 0.1, 0.003, 0.001, 0.657, 0.0, 0.0, 0.239], P([1, 3]) [1.0, 0.0, 0.0, 1.0], P([0, 1, 2]) [1.0, 0.0, 0.0, 1.0, 0.0, 0.0, 1.0, 0.0, 0.0, 0.0, 1.0, 0.0, 1.0, 0.0, 0.0, 0.0, 0.0, 1.0, 0.0, 1.0, 0.0, 0.0, 1.0, 0.0, 0.0, 1.0, 0.0, 0.0, 0.0, 1.0, 0.0, 0.0, 1.0, 1.0, 0.0, 0.0, 0.0, 0.0, 1.0, 0.0, 1.0, 0.0, 0.0, 0.0, 1.0, 0.0, 0.0, 1.0]]

[2024-10-14T10:32:44.253898][INFO][seed71] Set up logging
[2024-10-14T10:32:44.257687][INFO][seed177] Set up logging
[2024-10-14T10:32:44.282061][INFO][seed71] args: -np;1;-nzr;0.6;-zdr;0.5;-o;/mnt/beegfs/rcabanas/dev/credici/papers/zeros/models/s3;-rw;-s;71;-ys;3
[2024-10-14T10:32:44.283825][INFO][seed177] args: -np;1;-nzr;0.6;-zdr;0.5;-o;/mnt/beegfs/rcabanas/dev/credici/papers/zeros/models/s3;-rw;-s;177;-ys;3
[2024-10-14T10:32:44.283954][INFO][seed71] Starting logger with seed 71
[2024-10-14T10:32:44.285715][INFO][seed177] Starting logger with seed 177
[2024-10-14T10:32:44.294822][INFO][seed71] simple_nparents1_nzr06_zdr05_ysize3_71
[2024-10-14T10:32:44.300062][INFO][seed177] simple_nparents1_nzr06_zdr05_ysize3_177
[2024-10-14T10:32:44.313571][INFO][seed74] No feasible solution... resampling
[2024-10-14T10:32:44.325436][INFO][seed97] U cardinality: 9
[2024-10-14T10:32:44.329322][INFO][seed97] !0 = [0, 1, 3, 6, 8]
[2024-10-14T10:32:44.329605][INFO][seed97] 0 = [2, 4, 5, 7]
[2024-10-14T10:32:44.333352][INFO][seed97] Dropping state 2
[2024-10-14T10:32:44.335451][INFO][seed97] U cardinality: 8
[2024-10-14T10:32:44.340677][INFO][seed97] 
[P([3]) [0.986, 0.014], P([2]) [0.048, 0.014, 0.385, 0.0, 0.0, 0.542, 0.0, 0.011], P([1, 3]) [1.0, 0.0, 0.0, 1.0], P([0, 1, 2]) [1.0, 0.0, 0.0, 1.0, 0.0, 0.0, 1.0, 0.0, 0.0, 0.0, 1.0, 0.0, 0.0, 1.0, 0.0, 1.0, 0.0, 0.0, 0.0, 1.0, 0.0, 0.0, 1.0, 0.0, 0.0, 1.0, 0.0, 0.0, 0.0, 1.0, 0.0, 0.0, 1.0, 1.0, 0.0, 0.0, 0.0, 0.0, 1.0, 0.0, 1.0, 0.0, 0.0, 0.0, 1.0, 0.0, 0.0, 1.0]]

[2024-10-14T10:32:44.357066][INFO][seed74] Sampled 6300 data instances
[2024-10-14T10:32:44.357312][INFO][seed74] Starting exact inference 
[2024-10-14T10:32:44.367435][INFO][seed92] U cardinality: 9
[2024-10-14T10:32:44.368260][INFO][seed20] PS(V1,V0) in [0.0, 0.0]
[2024-10-14T10:32:44.368790][INFO][seed20] No feasible solution... resampling
[2024-10-14T10:32:44.373574][INFO][seed92] !0 = [0, 3, 4, 6, 7]
[2024-10-14T10:32:44.374076][INFO][seed92] 0 = [1, 2, 5, 8]
[2024-10-14T10:32:44.382068][INFO][seed92] Dropping state 8
[2024-10-14T10:32:44.388814][INFO][seed92] U cardinality: 8
[2024-10-14T10:32:44.400216][INFO][seed92] 
[P([3]) [0.894, 0.106], P([2]) [0.002, 0.0, 0.0, 0.001, 0.005, 0.0, 0.004, 0.988], P([1, 3]) [1.0, 0.0, 0.0, 1.0], P([0, 1, 2]) [1.0, 0.0, 0.0, 1.0, 0.0, 0.0, 1.0, 0.0, 0.0, 0.0, 1.0, 0.0, 1.0, 0.0, 0.0, 0.0, 0.0, 1.0, 0.0, 1.0, 0.0, 1.0, 0.0, 0.0, 0.0, 1.0, 0.0, 0.0, 1.0, 0.0, 0.0, 1.0, 0.0, 0.0, 0.0, 1.0, 0.0, 0.0, 1.0, 1.0, 0.0, 0.0, 0.0, 0.0, 1.0, 0.0, 1.0, 0.0]]

[2024-10-14T10:32:44.403652][INFO][seed74] No feasible solution... resampling
[2024-10-14T10:32:44.416925][INFO][seed20] Sampled 4700 data instances
[2024-10-14T10:32:44.423287][INFO][seed20] Starting exact inference 
[2024-10-14T10:32:44.448587][INFO][seed74] Sampled 6400 data instances
[2024-10-14T10:32:44.448882][INFO][seed74] Starting exact inference 
[2024-10-14T10:32:44.459802][INFO][seed145] Set up logging
[2024-10-14T10:32:44.475109][INFO][seed145] args: -np;1;-nzr;0.6;-zdr;0.5;-o;/mnt/beegfs/rcabanas/dev/credici/papers/zeros/models/s3;-rw;-s;145;-ys;3
[2024-10-14T10:32:44.467174][INFO][seed20] PS(V1,V0) in [0.0, 0.0]
[2024-10-14T10:32:44.467661][INFO][seed20] No feasible solution... resampling
[2024-10-14T10:32:44.478124][INFO][seed145] Starting logger with seed 145
[2024-10-14T10:32:44.489131][INFO][seed58] Sampled 1000 data instances
[2024-10-14T10:32:44.489443][INFO][seed58] Starting exact inference 
[2024-10-14T10:32:44.502333][INFO][seed145] simple_nparents1_nzr06_zdr05_ysize3_145
[2024-10-14T10:32:44.508053][INFO][seed20] Sampled 4800 data instances
[2024-10-14T10:32:44.508345][INFO][seed20] Starting exact inference 
['genn.py', '1', '0.6', '0.5', '26', '3']
[2024-10-14T10:32:44.519747][INFO][seed97] Sampled 1000 data instances
[2024-10-14T10:32:44.519984][INFO][seed97] Starting exact inference 
[2024-10-14T10:32:44.540485][INFO][seed177] U cardinality: 9
[2024-10-14T10:32:44.545963][INFO][seed177] !0 = [1, 2, 4, 6, 7]
[2024-10-14T10:32:44.546521][INFO][seed177] 0 = [0, 3, 5, 8]
[2024-10-14T10:32:44.551664][INFO][seed71] U cardinality: 9
[2024-10-14T10:32:44.553335][INFO][seed177] Dropping state 8
[2024-10-14T10:32:44.554603][INFO][seed177] Dropping state 5
[2024-10-14T10:32:44.555823][INFO][seed177] Dropping state 3
1 0.6 0.5 26
/mnt/beegfs/rcabanas/dev/credici/papers/zeros/code/GenerateNparents.java
[2024-10-14T10:32:44.557074][INFO][seed71] !0 = [0, 1, 2, 3, 5]
[2024-10-14T10:32:44.557499][INFO][seed71] 0 = [4, 6, 7, 8]
[2024-10-14T10:32:44.557400][INFO][seed177] Dropping state 0
[2024-10-14T10:32:44.560167][INFO][seed177] U cardinality: 5
[2024-10-14T10:32:44.556399][INFO][seed20] PS(V1,V0) in [0.0, 0.0]
[2024-10-14T10:32:44.556874][INFO][seed20] No feasible solution... resampling
[2024-10-14T10:32:44.564381][INFO][seed71] Dropping state 8
[2024-10-14T10:32:44.567160][INFO][seed71] U cardinality: 8
[2024-10-14T10:32:44.566247][INFO][seed74] No feasible solution... resampling
[2024-10-14T10:32:44.574676][INFO][seed136] No feasible solution... resampling
[2024-10-14T10:32:44.577535][INFO][seed177] 
[P([3]) [0.457, 0.543], P([2]) [0.002, 0.026, 0.025, 0.066, 0.881], P([1, 3]) [1.0, 0.0, 0.0, 1.0], P([0, 1, 2]) [1.0, 0.0, 0.0, 0.0, 1.0, 0.0, 1.0, 0.0, 0.0, 0.0, 0.0, 1.0, 0.0, 1.0, 0.0, 0.0, 1.0, 0.0, 0.0, 0.0, 1.0, 1.0, 0.0, 0.0, 0.0, 0.0, 1.0, 0.0, 1.0, 0.0]]

[2024-10-14T10:32:44.593236][INFO][seed71] 
[P([3]) [0.316, 0.684], P([2]) [0.001, 0.162, 0.191, 0.004, 0.0, 0.642, 0.0, 0.0], P([1, 3]) [1.0, 0.0, 0.0, 1.0], P([0, 1, 2]) [1.0, 0.0, 0.0, 1.0, 0.0, 0.0, 1.0, 0.0, 0.0, 0.0, 1.0, 0.0, 1.0, 0.0, 0.0, 0.0, 0.0, 1.0, 0.0, 1.0, 0.0, 1.0, 0.0, 0.0, 0.0, 1.0, 0.0, 0.0, 1.0, 0.0, 0.0, 1.0, 0.0, 0.0, 0.0, 1.0, 0.0, 0.0, 1.0, 1.0, 0.0, 0.0, 0.0, 0.0, 1.0, 0.0, 1.0, 0.0]]

[2024-10-14T10:32:44.599041][INFO][seed20] Sampled 4900 data instances
[2024-10-14T10:32:44.599333][INFO][seed20] Starting exact inference 
[2024-10-14T10:32:44.611383][INFO][seed74] Sampled 6500 data instances
[2024-10-14T10:32:44.611688][INFO][seed74] Starting exact inference 
[2024-10-14T10:32:44.618480][INFO][seed92] Sampled 1000 data instances
[2024-10-14T10:32:44.618596][INFO][seed92] Starting exact inference 
[2024-10-14T10:32:44.645720][INFO][seed136] Sampled 1100 data instances
[2024-10-14T10:32:44.645951][INFO][seed136] Starting exact inference 
[2024-10-14T10:32:44.653626][INFO][seed74] No feasible solution... resampling
[2024-10-14T10:32:44.668432][INFO][seed20] PS(V1,V0) in [0.0, 0.0]
[2024-10-14T10:32:44.668981][INFO][seed20] No feasible solution... resampling
[2024-10-14T10:32:44.700894][INFO][seed74] Sampled 6600 data instances
[2024-10-14T10:32:44.701161][INFO][seed74] Starting exact inference 
[2024-10-14T10:32:44.714673][INFO][seed20] Sampled 5000 data instances
[2024-10-14T10:32:44.715015][INFO][seed20] Starting exact inference 
[2024-10-14T10:32:44.752186][INFO][seed145] U cardinality: 9
[2024-10-14T10:32:44.759212][INFO][seed145] !0 = [0, 1, 2, 6, 7]
[2024-10-14T10:32:44.759750][INFO][seed145] 0 = [3, 4, 5, 8]
[2024-10-14T10:32:44.755389][INFO][seed74] No feasible solution... resampling
[2024-10-14T10:32:44.767493][INFO][seed145] Dropping state 4
[2024-10-14T10:32:44.767975][INFO][seed177] Sampled 1000 data instances
[2024-10-14T10:32:44.768212][INFO][seed177] Starting exact inference 
[2024-10-14T10:32:44.769962][INFO][seed145] Dropping state 3
[2024-10-14T10:32:44.766953][INFO][seed20] PS(V1,V0) in [0.0, 0.0]
[2024-10-14T10:32:44.767463][INFO][seed20] No feasible solution... resampling
[2024-10-14T10:32:44.775190][INFO][seed145] U cardinality: 7
[2024-10-14T10:32:44.773265][INFO][seed136] No feasible solution... resampling
[2024-10-14T10:32:44.786921][INFO][seed145] 
[P([3]) [0.563, 0.437], P([2]) [0.107, 0.001, 0.037, 0.0, 0.002, 0.853, 0.0], P([1, 3]) [1.0, 0.0, 0.0, 1.0], P([0, 1, 2]) [1.0, 0.0, 0.0, 1.0, 0.0, 0.0, 1.0, 0.0, 0.0, 0.0, 1.0, 0.0, 1.0, 0.0, 0.0, 0.0, 0.0, 1.0, 0.0, 1.0, 0.0, 0.0, 0.0, 1.0, 0.0, 0.0, 1.0, 1.0, 0.0, 0.0, 0.0, 0.0, 1.0, 0.0, 1.0, 0.0, 0.0, 0.0, 1.0, 0.0, 0.0, 1.0]]

[2024-10-14T10:32:44.796379][INFO][seed71] Sampled 1000 data instances
[2024-10-14T10:32:44.796483][INFO][seed71] Starting exact inference 
[2024-10-14T10:32:44.806027][INFO][seed74] Sampled 6700 data instances
[2024-10-14T10:32:44.806274][INFO][seed74] Starting exact inference 
[2024-10-14T10:32:44.807502][INFO][seed20] Sampled 5100 data instances
[2024-10-14T10:32:44.807812][INFO][seed20] Starting exact inference 
[2024-10-14T10:32:44.816532][INFO][seed136] Sampled 1200 data instances
[2024-10-14T10:32:44.829054][INFO][seed136] Starting exact inference 
[2024-10-14T10:32:44.861045][INFO][seed20] PS(V1,V0) in [0.0, 0.0]
[2024-10-14T10:32:44.861564][INFO][seed20] No feasible solution... resampling
[2024-10-14T10:32:44.899678][INFO][seed20] Sampled 5200 data instances
[2024-10-14T10:32:44.899979][INFO][seed20] Starting exact inference 
[2024-10-14T10:32:44.915752][INFO][seed74] No feasible solution... resampling
[2024-10-14T10:32:44.941429][INFO][seed136] No feasible solution... resampling
[2024-10-14T10:32:44.932593][INFO][seed122] Set up logging
[2024-10-14T10:32:44.955356][INFO][seed122] args: -np;1;-nzr;0.6;-zdr;0.5;-o;/mnt/beegfs/rcabanas/dev/credici/papers/zeros/models/s3;-rw;-s;122;-ys;3
[2024-10-14T10:32:44.957165][INFO][seed122] Starting logger with seed 122
[2024-10-14T10:32:44.962483][INFO][seed74] Sampled 6800 data instances
[2024-10-14T10:32:44.962732][INFO][seed74] Starting exact inference 
[2024-10-14T10:32:44.975465][INFO][seed122] simple_nparents1_nzr06_zdr05_ysize3_122
[2024-10-14T10:32:44.976629][INFO][seed169] PS(V1,V0) in [0.0, 0.0]
[2024-10-14T10:32:44.962882][INFO][seed183] Set up logging
[2024-10-14T10:32:44.980414][INFO][seed183] args: -np;1;-nzr;0.6;-zdr;0.5;-o;/mnt/beegfs/rcabanas/dev/credici/papers/zeros/models/s3;-rw;-s;183;-ys;3
[2024-10-14T10:32:44.983338][INFO][seed136] Sampled 1300 data instances
[2024-10-14T10:32:44.981249][INFO][seed20] PS(V1,V0) in [0.0, 0.0]
[2024-10-14T10:32:44.981759][INFO][seed20] No feasible solution... resampling
[2024-10-14T10:32:44.989049][INFO][seed183] Starting logger with seed 183
[2024-10-14T10:32:44.991046][INFO][seed136] Starting exact inference 
[2024-10-14T10:32:44.993544][INFO][seed169] No feasible solution... resampling
[2024-10-14T10:32:44.995750][INFO][seed183] simple_nparents1_nzr06_zdr05_ysize3_183
[2024-10-14T10:32:45.011006][INFO][seed145] Sampled 1000 data instances
[2024-10-14T10:32:45.011306][INFO][seed145] Starting exact inference 
[2024-10-14T10:32:45.022595][INFO][seed20] Sampled 5300 data instances
[2024-10-14T10:32:45.022828][INFO][seed20] Starting exact inference 
[2024-10-14T10:32:45.013672][INFO][seed184] Set up logging
[2024-10-14T10:32:45.035530][INFO][seed184] args: -np;1;-nzr;0.6;-zdr;0.5;-o;/mnt/beegfs/rcabanas/dev/credici/papers/zeros/models/s3;-rw;-s;184;-ys;3
[2024-10-14T10:32:45.036990][INFO][seed184] Starting logger with seed 184
[2024-10-14T10:32:45.029256][INFO][seed74] No feasible solution... resampling
[2024-10-14T10:32:45.049134][INFO][seed184] simple_nparents1_nzr06_zdr05_ysize3_184
[2024-10-14T10:32:45.061776][INFO][seed20] PS(V1,V0) in [0.0, 0.0]
[2024-10-14T10:32:45.062457][INFO][seed20] No feasible solution... resampling
[2024-10-14T10:32:45.075499][INFO][seed74] Sampled 6900 data instances
[2024-10-14T10:32:45.075806][INFO][seed74] Starting exact inference 
[2024-10-14T10:32:45.077449][INFO][seed169] Sampled 1100 data instances
[2024-10-14T10:32:45.078183][INFO][seed169] Starting exact inference 
[2024-10-14T10:32:45.082229][INFO][seed139] Set up logging
[2024-10-14T10:32:45.108189][INFO][seed20] Sampled 5400 data instances
[2024-10-14T10:32:45.108435][INFO][seed20] Starting exact inference 
[2024-10-14T10:32:45.109628][INFO][seed139] args: -np;1;-nzr;0.6;-zdr;0.5;-o;/mnt/beegfs/rcabanas/dev/credici/papers/zeros/models/s3;-rw;-s;139;-ys;3
[2024-10-14T10:32:45.107772][INFO][seed136] No feasible solution... resampling
[2024-10-14T10:32:45.111945][INFO][seed139] Starting logger with seed 139
[2024-10-14T10:32:45.125587][INFO][seed139] simple_nparents1_nzr06_zdr05_ysize3_139
[2024-10-14T10:32:45.126289][INFO][seed74] No feasible solution... resampling
[2024-10-14T10:32:45.149123][INFO][seed20] PS(V1,V0) in [0.0, 0.0]
[2024-10-14T10:32:45.149571][INFO][seed20] No feasible solution... resampling
[2024-10-14T10:32:45.156303][INFO][seed136] Sampled 1400 data instances
[2024-10-14T10:32:45.156478][INFO][seed136] Starting exact inference 
[2024-10-14T10:32:45.177407][INFO][seed74] Sampled 7000 data instances
[2024-10-14T10:32:45.177658][INFO][seed74] Starting exact inference 
[2024-10-14T10:32:45.178785][INFO][seed183] U cardinality: 9
[2024-10-14T10:32:45.182871][INFO][seed183] !0 = [1, 2, 3, 4, 6]
[2024-10-14T10:32:45.183151][INFO][seed183] 0 = [0, 5, 7, 8]
[2024-10-14T10:32:45.185357][INFO][seed122] U cardinality: 9
[2024-10-14T10:32:45.189287][INFO][seed183] Dropping state 8
[2024-10-14T10:32:45.189653][INFO][seed20] Sampled 5500 data instances
[2024-10-14T10:32:45.190017][INFO][seed183] Dropping state 0
[2024-10-14T10:32:45.189901][INFO][seed20] Starting exact inference 
[2024-10-14T10:32:45.190244][INFO][seed122] !0 = [1, 3, 5, 6, 7]
[2024-10-14T10:32:45.190687][INFO][seed122] 0 = [0, 2, 4, 8]
[2024-10-14T10:32:45.194354][INFO][seed183] U cardinality: 7
[2024-10-14T10:32:45.167134][INFO][seed86] Set up logging
[2024-10-14T10:32:45.197561][INFO][seed86] args: -np;1;-nzr;0.6;-zdr;0.5;-o;/mnt/beegfs/rcabanas/dev/credici/papers/zeros/models/s3;-rw;-s;86;-ys;3
[2024-10-14T10:32:45.197450][INFO][seed122] Dropping state 4
[2024-10-14T10:32:45.200454][INFO][seed122] U cardinality: 8
[2024-10-14T10:32:45.199346][INFO][seed86] Starting logger with seed 86
[2024-10-14T10:32:45.204791][INFO][seed122] 
[P([3]) [0.017, 0.983], P([2]) [0.0, 0.003, 0.0, 0.003, 0.044, 0.001, 0.949, 0.0], P([1, 3]) [1.0, 0.0, 0.0, 1.0], P([0, 1, 2]) [1.0, 0.0, 0.0, 1.0, 0.0, 0.0, 1.0, 0.0, 0.0, 0.0, 1.0, 0.0, 1.0, 0.0, 0.0, 0.0, 0.0, 1.0, 0.0, 1.0, 0.0, 1.0, 0.0, 0.0, 0.0, 1.0, 0.0, 0.0, 0.0, 1.0, 0.0, 0.0, 1.0, 1.0, 0.0, 0.0, 0.0, 0.0, 1.0, 0.0, 1.0, 0.0, 0.0, 0.0, 1.0, 0.0, 0.0, 1.0]]

[2024-10-14T10:32:45.205472][INFO][seed183] 
[P([3]) [0.048, 0.952], P([2]) [0.05, 0.036, 0.195, 0.024, 0.0, 0.695, 0.0], P([1, 3]) [1.0, 0.0, 0.0, 1.0], P([0, 1, 2]) [1.0, 0.0, 0.0, 0.0, 1.0, 0.0, 1.0, 0.0, 0.0, 0.0, 0.0, 1.0, 0.0, 1.0, 0.0, 1.0, 0.0, 0.0, 0.0, 1.0, 0.0, 0.0, 1.0, 0.0, 0.0, 1.0, 0.0, 0.0, 0.0, 1.0, 0.0, 0.0, 1.0, 1.0, 0.0, 0.0, 0.0, 0.0, 1.0, 0.0, 1.0, 0.0]]

[2024-10-14T10:32:45.208465][INFO][seed86] simple_nparents1_nzr06_zdr05_ysize3_86
[2024-10-14T10:32:45.210361][INFO][seed184] U cardinality: 9
[2024-10-14T10:32:45.214694][INFO][seed184] !0 = [1, 2, 5, 6, 7]
[2024-10-14T10:32:45.214976][INFO][seed184] 0 = [0, 3, 4, 8]
[2024-10-14T10:32:45.219][INFO][seed184] Dropping state 4
[2024-10-14T10:32:45.220057][INFO][seed169] PS(V1,V0) in [0.0, 0.0]
[2024-10-14T10:32:45.224571][INFO][seed169] No feasible solution... resampling
[2024-10-14T10:32:45.220262][INFO][seed184] Dropping state 3
[2024-10-14T10:32:45.222695][INFO][seed184] U cardinality: 7
[2024-10-14T10:32:45.227379][INFO][seed184] 
[P([3]) [0.976, 0.024], P([2]) [0.0, 0.023, 0.002, 0.968, 0.001, 0.006, 0.0], P([1, 3]) [1.0, 0.0, 0.0, 1.0], P([0, 1, 2]) [1.0, 0.0, 0.0, 1.0, 0.0, 0.0, 1.0, 0.0, 0.0, 0.0, 1.0, 0.0, 1.0, 0.0, 0.0, 0.0, 0.0, 1.0, 0.0, 1.0, 0.0, 0.0, 0.0, 1.0, 0.0, 0.0, 1.0, 1.0, 0.0, 0.0, 0.0, 0.0, 1.0, 0.0, 1.0, 0.0, 0.0, 0.0, 1.0, 0.0, 0.0, 1.0]]

[2024-10-14T10:32:45.222411][INFO][seed74] No feasible solution... resampling
[2024-10-14T10:32:45.233806][INFO][seed20] PS(V1,V0) in [0.0, 0.0]
[2024-10-14T10:32:45.234374][INFO][seed20] No feasible solution... resampling
[2024-10-14T10:32:45.251983][INFO][seed136] No feasible solution... resampling
[2024-10-14T10:32:45.257483][INFO][seed103] Set up logging
[2024-10-14T10:32:45.266709][INFO][seed103] args: -np;1;-nzr;0.6;-zdr;0.5;-o;/mnt/beegfs/rcabanas/dev/credici/papers/zeros/models/s3;-rw;-s;103;-ys;3
[2024-10-14T10:32:45.272125][INFO][seed103] Starting logger with seed 103
[2024-10-14T10:32:45.275393][INFO][seed20] Sampled 5600 data instances
[2024-10-14T10:32:45.275644][INFO][seed20] Starting exact inference 
[2024-10-14T10:32:45.277090][INFO][seed74] Sampled 7100 data instances
[2024-10-14T10:32:45.277335][INFO][seed74] Starting exact inference 
[2024-10-14T10:32:45.284306][INFO][seed103] simple_nparents1_nzr06_zdr05_ysize3_103
[2024-10-14T10:32:45.299046][INFO][seed136] Sampled 1500 data instances
[2024-10-14T10:32:45.299835][INFO][seed169] Sampled 1200 data instances
[2024-10-14T10:32:45.300143][INFO][seed169] Starting exact inference 
[2024-10-14T10:32:45.311075][INFO][seed136] Starting exact inference 
[2024-10-14T10:32:45.319493][INFO][seed139] U cardinality: 9
[2024-10-14T10:32:45.324646][INFO][seed139] !0 = [2, 5, 6, 7, 8]
[2024-10-14T10:32:45.325208][INFO][seed139] 0 = [0, 1, 3, 4]
[2024-10-14T10:32:45.327249][INFO][seed139] U cardinality: 9
[2024-10-14T10:32:45.332642][INFO][seed139] 
[P([3]) [0.718, 0.282], P([2]) [0.0, 0.0, 0.085, 0.0, 0.0, 0.02, 0.7, 0.002, 0.193], P([1, 3]) [1.0, 0.0, 0.0, 1.0], P([0, 1, 2]) [1.0, 0.0, 0.0, 1.0, 0.0, 0.0, 1.0, 0.0, 0.0, 0.0, 1.0, 0.0, 1.0, 0.0, 0.0, 0.0, 0.0, 1.0, 0.0, 1.0, 0.0, 1.0, 0.0, 0.0, 0.0, 1.0, 0.0, 0.0, 1.0, 0.0, 0.0, 1.0, 0.0, 0.0, 0.0, 1.0, 0.0, 0.0, 1.0, 1.0, 0.0, 0.0, 0.0, 0.0, 1.0, 0.0, 1.0, 0.0, 0.0, 0.0, 1.0, 0.0, 0.0, 1.0]]

[2024-10-14T10:32:45.336393][INFO][seed97] PS(V1,V0) in [0.0, 0.0]
[2024-10-14T10:32:45.315807][INFO][seed41] Set up logging
[2024-10-14T10:32:45.316648][INFO][seed143] Set up logging
[2024-10-14T10:32:45.344386][INFO][seed97] No feasible solution... resampling
[2024-10-14T10:32:45.344679][INFO][seed143] args: -np;1;-nzr;0.6;-zdr;0.5;-o;/mnt/beegfs/rcabanas/dev/credici/papers/zeros/models/s3;-rw;-s;143;-ys;3
[2024-10-14T10:32:45.344576][INFO][seed41] args: -np;1;-nzr;0.6;-zdr;0.5;-o;/mnt/beegfs/rcabanas/dev/credici/papers/zeros/models/s3;-rw;-s;41;-ys;3
[2024-10-14T10:32:45.346322][INFO][seed143] Starting logger with seed 143
[2024-10-14T10:32:45.347342][INFO][seed41] Starting logger with seed 41
[2024-10-14T10:32:45.356942][INFO][seed143] simple_nparents1_nzr06_zdr05_ysize3_143
[2024-10-14T10:32:45.351317][INFO][seed20] PS(V1,V0) in [0.0, 0.0]
[2024-10-14T10:32:45.351787][INFO][seed20] No feasible solution... resampling
[2024-10-14T10:32:45.351784][INFO][seed74] No feasible solution... resampling
[2024-10-14T10:32:45.361074][INFO][seed41] simple_nparents1_nzr06_zdr05_ysize3_41
[2024-10-14T10:32:45.392427][INFO][seed183] Sampled 1000 data instances
[2024-10-14T10:32:45.392673][INFO][seed183] Starting exact inference 
[2024-10-14T10:32:45.397879][INFO][seed20] Sampled 5700 data instances
[2024-10-14T10:32:45.398133][INFO][seed20] Starting exact inference 
[2024-10-14T10:32:45.411880][INFO][seed97] Sampled 1100 data instances
[2024-10-14T10:32:45.412122][INFO][seed97] Starting exact inference 
[2024-10-14T10:32:45.412026][INFO][seed74] Sampled 7200 data instances
[2024-10-14T10:32:45.412275][INFO][seed74] Starting exact inference 
[2024-10-14T10:32:45.413832][INFO][seed122] Sampled 1000 data instances
[2024-10-14T10:32:45.414094][INFO][seed122] Starting exact inference 
Removed 000
Removed 000
Removed 000
Removed 000
[2024-10-14T10:32:45.412449][INFO][seed136] No feasible solution... resampling
[2024-10-14T10:32:45.418212][INFO][seed184] Sampled 1000 data instances
[2024-10-14T10:32:45.418310][INFO][seed184] Starting exact inference 
Error in variable: 2
[2024-10-14T10:32:45.419006][INFO][seed92] No feasible solution... resampling
[2024-10-14T10:32:45.401467][INFO][seed151] Set up logging
[2024-10-14T10:32:45.429915][INFO][seed151] args: -np;1;-nzr;0.6;-zdr;0.5;-o;/mnt/beegfs/rcabanas/dev/credici/papers/zeros/models/s3;-rw;-s;151;-ys;3
[2024-10-14T10:32:45.432068][INFO][seed151] Starting logger with seed 151
[2024-10-14T10:32:45.455454][INFO][seed151] simple_nparents1_nzr06_zdr05_ysize3_151
[2024-10-14T10:32:45.465853][INFO][seed86] U cardinality: 9
[2024-10-14T10:32:45.470822][INFO][seed86] !0 = [0, 2, 6, 7, 8]
[2024-10-14T10:32:45.471266][INFO][seed86] 0 = [1, 3, 4, 5]
[2024-10-14T10:32:45.473482][INFO][seed136] Sampled 1600 data instances
[2024-10-14T10:32:45.473904][INFO][seed136] Starting exact inference 
[2024-10-14T10:32:45.478307][INFO][seed86] Dropping state 5
[2024-10-14T10:32:45.479271][INFO][seed58] PS(V1,V0) in [0.0, 1.0]
[2024-10-14T10:32:45.480280][INFO][seed86] Dropping state 4
[2024-10-14T10:32:45.482251][INFO][seed86] Dropping state 3
[2024-10-14T10:32:45.488094][INFO][seed86] U cardinality: 6
[2024-10-14T10:32:45.489426][INFO][seed103] U cardinality: 9
[2024-10-14T10:32:45.490449][INFO][seed169] PS(V1,V0) in [0.0, 0.0]
[2024-10-14T10:32:45.492209][INFO][seed169] No feasible solution... resampling
[2024-10-14T10:32:45.493525][INFO][seed103] !0 = [0, 1, 5, 6, 7]
[2024-10-14T10:32:45.493805][INFO][seed103] 0 = [2, 3, 4, 8]
[2024-10-14T10:32:45.499466][INFO][seed86] 
[P([3]) [0.941, 0.059], P([2]) [0.002, 0.0, 0.002, 0.007, 0.004, 0.985], P([1, 3]) [1.0, 0.0, 0.0, 1.0], P([0, 1, 2]) [1.0, 0.0, 0.0, 1.0, 0.0, 0.0, 1.0, 0.0, 0.0, 0.0, 1.0, 0.0, 1.0, 0.0, 0.0, 0.0, 0.0, 1.0, 0.0, 0.0, 1.0, 1.0, 0.0, 0.0, 0.0, 0.0, 1.0, 0.0, 1.0, 0.0, 0.0, 0.0, 1.0, 0.0, 0.0, 1.0]]

[2024-10-14T10:32:45.499614][INFO][seed92] Sampled 1100 data instances
[2024-10-14T10:32:45.500950][INFO][seed58] PN(V1,V0) in [0.0, 0.985216668206597] 
[2024-10-14T10:32:45.499935][INFO][seed92] Starting exact inference 
[2024-10-14T10:32:45.500555][INFO][seed103] Dropping state 4
[2024-10-14T10:32:45.499310][INFO][seed20] PS(V1,V0) in [0.0, 0.0]
[2024-10-14T10:32:45.499828][INFO][seed20] No feasible solution... resampling
[2024-10-14T10:32:45.501647][INFO][seed103] Dropping state 2
[2024-10-14T10:32:45.503970][INFO][seed103] U cardinality: 7
[2024-10-14T10:32:45.520968][INFO][seed103] 
[P([3]) [0.423, 0.577], P([2]) [0.35, 0.015, 0.0, 0.301, 0.008, 0.326, 0.0], P([1, 3]) [1.0, 0.0, 0.0, 1.0], P([0, 1, 2]) [1.0, 0.0, 0.0, 1.0, 0.0, 0.0, 1.0, 0.0, 0.0, 0.0, 1.0, 0.0, 0.0, 1.0, 0.0, 1.0, 0.0, 0.0, 0.0, 1.0, 0.0, 0.0, 0.0, 1.0, 0.0, 0.0, 1.0, 1.0, 0.0, 0.0, 0.0, 0.0, 1.0, 0.0, 1.0, 0.0, 0.0, 0.0, 1.0, 0.0, 0.0, 1.0]]

[2024-10-14T10:32:45.529102][INFO][seed74] No feasible solution... resampling
[2024-10-14T10:32:45.534655][INFO][seed139] Sampled 1000 data instances
[2024-10-14T10:32:45.534967][INFO][seed139] Starting exact inference 
[2024-10-14T10:32:45.537492][INFO][seed58] Saved data to: /mnt/beegfs/rcabanas/dev/credici/papers/zeros/models/s3/simple_nparents1_nzr06_zdr05_ysize3_58.csv
[2024-10-14T10:32:45.550915][INFO][seed41] U cardinality: 9
[2024-10-14T10:32:45.550935][INFO][seed20] Sampled 5800 data instances
[2024-10-14T10:32:45.551230][INFO][seed20] Starting exact inference 
[2024-10-14T10:32:45.556144][INFO][seed41] !0 = [0, 3, 6, 7, 8]
[2024-10-14T10:32:45.556692][INFO][seed41] 0 = [1, 2, 4, 5]
[2024-10-14T10:32:45.557507][INFO][seed58] Saved model to: /mnt/beegfs/rcabanas/dev/credici/papers/zeros/models/s3/simple_nparents1_nzr06_zdr05_ysize3_58.uai
[2024-10-14T10:32:45.561213][INFO][seed58] Saved queries to: /mnt/beegfs/rcabanas/dev/credici/papers/zeros/models/s3/simple_nparents1_nzr06_zdr05_ysize3_58_query.csv
[2024-10-14T10:32:45.561283][INFO][seed58] Closing log file
[2024-10-14T10:32:45.561308][INFO][seed58] Closed log file
[2024-10-14T10:32:45.562339][INFO][seed169] Sampled 1300 data instances
[2024-10-14T10:32:45.562432][INFO][seed41] Dropping state 4
[2024-10-14T10:32:45.562652][INFO][seed169] Starting exact inference 
[2024-10-14T10:32:45.565519][INFO][seed41] U cardinality: 8
[2024-10-14T10:32:45.563582][INFO][seed97] PS(V1,V0) in [0.0, 0.0]
[2024-10-14T10:32:45.565078][INFO][seed97] No feasible solution... resampling
[2024-10-14T10:32:45.570200][INFO][seed41] 
[P([3]) [0.562, 0.438], P([2]) [0.058, 0.0, 0.0, 0.001, 0.0, 0.577, 0.001, 0.363], P([1, 3]) [1.0, 0.0, 0.0, 1.0], P([0, 1, 2]) [1.0, 0.0, 0.0, 1.0, 0.0, 0.0, 1.0, 0.0, 0.0, 0.0, 1.0, 0.0, 1.0, 0.0, 0.0, 0.0, 0.0, 1.0, 0.0, 1.0, 0.0, 1.0, 0.0, 0.0, 0.0, 1.0, 0.0, 0.0, 0.0, 1.0, 0.0, 0.0, 1.0, 1.0, 0.0, 0.0, 0.0, 0.0, 1.0, 0.0, 1.0, 0.0, 0.0, 0.0, 1.0, 0.0, 0.0, 1.0]]

[2024-10-14T10:32:45.579002][INFO][seed74] Sampled 7300 data instances
[2024-10-14T10:32:45.579307][INFO][seed74] Starting exact inference 
[2024-10-14T10:32:45.584198][INFO][seed136] No feasible solution... resampling
[2024-10-14T10:32:45.591525][INFO][seed20] PS(V1,V0) in [0.0, 0.0]
[2024-10-14T10:32:45.591998][INFO][seed20] No feasible solution... resampling
[2024-10-14T10:32:45.616355][INFO][seed143] U cardinality: 9
[2024-10-14T10:32:45.623843][INFO][seed143] !0 = [0, 3, 5, 6, 7]
[2024-10-14T10:32:45.624403][INFO][seed143] 0 = [1, 2, 4, 8]
[2024-10-14T10:32:45.625537][INFO][seed74] No feasible solution... resampling
[2024-10-14T10:32:45.630454][INFO][seed97] Sampled 1200 data instances
[2024-10-14T10:32:45.630696][INFO][seed97] Starting exact inference 
[2024-10-14T10:32:45.630643][INFO][seed143] Dropping state 8
[2024-10-14T10:32:45.631958][INFO][seed143] Dropping state 4
[2024-10-14T10:32:45.634868][INFO][seed143] U cardinality: 7
[2024-10-14T10:32:45.635387][INFO][seed20] Sampled 5900 data instances
[2024-10-14T10:32:45.635634][INFO][seed20] Starting exact inference 
[2024-10-14T10:32:45.651423][INFO][seed143] 
[P([3]) [0.463, 0.537], P([2]) [0.552, 0.0, 0.0, 0.343, 0.006, 0.001, 0.098], P([1, 3]) [1.0, 0.0, 0.0, 1.0], P([0, 1, 2]) [1.0, 0.0, 0.0, 1.0, 0.0, 0.0, 1.0, 0.0, 0.0, 0.0, 1.0, 0.0, 1.0, 0.0, 0.0, 0.0, 0.0, 1.0, 0.0, 1.0, 0.0, 1.0, 0.0, 0.0, 0.0, 1.0, 0.0, 0.0, 0.0, 1.0, 0.0, 0.0, 1.0, 1.0, 0.0, 0.0, 0.0, 0.0, 1.0, 0.0, 1.0, 0.0]]

[2024-10-14T10:32:45.653721][INFO][seed136] Sampled 1700 data instances
[2024-10-14T10:32:45.653949][INFO][seed136] Starting exact inference 
[2024-10-14T10:32:45.656897][INFO][seed177] PS(V1,V0) in [0.5439851616322205, 0.5439851616322205]
[2024-10-14T10:32:45.674020][INFO][seed177] PN(V1,V0) in [0.021912690788771477, 0.021912690788771477] 
[2024-10-14T10:32:45.678469][INFO][seed74] Sampled 7400 data instances
[2024-10-14T10:32:45.678770][INFO][seed74] Starting exact inference 
[2024-10-14T10:32:45.692151][INFO][seed151] U cardinality: 9
[2024-10-14T10:32:45.695686][INFO][seed177] Saved data to: /mnt/beegfs/rcabanas/dev/credici/papers/zeros/models/s3/simple_nparents1_nzr06_zdr05_ysize3_177.csv
[2024-10-14T10:32:45.696941][INFO][seed151] !0 = [1, 3, 4, 6, 8]
[2024-10-14T10:32:45.697400][INFO][seed151] 0 = [0, 2, 5, 7]
[2024-10-14T10:32:45.704947][INFO][seed151] Dropping state 5
[2024-10-14T10:32:45.706154][INFO][seed151] Dropping state 2
[2024-10-14T10:32:45.707266][INFO][seed151] Dropping state 0
[2024-10-14T10:32:45.710035][INFO][seed151] U cardinality: 6
[2024-10-14T10:32:45.714289][INFO][seed71] PS(V1,V0) in [0.0, 0.34167133187439563]
[2024-10-14T10:32:45.714689][INFO][seed177] Saved model to: /mnt/beegfs/rcabanas/dev/credici/papers/zeros/models/s3/simple_nparents1_nzr06_zdr05_ysize3_177.uai
[2024-10-14T10:32:45.714672][INFO][seed103] Sampled 1000 data instances
[2024-10-14T10:32:45.714921][INFO][seed103] Starting exact inference 
[2024-10-14T10:32:45.709787][INFO][seed20] PS(V1,V0) in [0.0, 0.0]
[2024-10-14T10:32:45.710252][INFO][seed20] No feasible solution... resampling
[2024-10-14T10:32:45.716871][INFO][seed86] Sampled 1000 data instances
[2024-10-14T10:32:45.717185][INFO][seed86] Starting exact inference 
[2024-10-14T10:32:45.719056][INFO][seed177] Saved queries to: /mnt/beegfs/rcabanas/dev/credici/papers/zeros/models/s3/simple_nparents1_nzr06_zdr05_ysize3_177_query.csv
[2024-10-14T10:32:45.719270][INFO][seed177] Closing log file
[2024-10-14T10:32:45.719355][INFO][seed177] Closed log file
[2024-10-14T10:32:45.719827][INFO][seed169] PS(V1,V0) in [0.0, 0.0]
[2024-10-14T10:32:45.721393][INFO][seed169] No feasible solution... resampling
[2024-10-14T10:32:45.726835][INFO][seed151] 
[P([3]) [0.846, 0.154], P([2]) [0.002, 0.004, 0.002, 0.47, 0.0, 0.522], P([1, 3]) [1.0, 0.0, 0.0, 1.0], P([0, 1, 2]) [1.0, 0.0, 0.0, 0.0, 1.0, 0.0, 0.0, 1.0, 0.0, 1.0, 0.0, 0.0, 0.0, 1.0, 0.0, 0.0, 1.0, 0.0, 0.0, 0.0, 1.0, 1.0, 0.0, 0.0, 0.0, 0.0, 1.0, 0.0, 1.0, 0.0, 0.0, 0.0, 1.0, 0.0, 0.0, 1.0]]

[2024-10-14T10:32:45.736103][INFO][seed71] PN(V1,V0) in [0.0, 1.0] 
[2024-10-14T10:32:45.755840][INFO][seed20] Sampled 6000 data instances
[2024-10-14T10:32:45.756138][INFO][seed20] Starting exact inference 
[2024-10-14T10:32:45.752917][INFO][seed74] No feasible solution... resampling
[2024-10-14T10:32:45.760668][INFO][seed71] Saved data to: /mnt/beegfs/rcabanas/dev/credici/papers/zeros/models/s3/simple_nparents1_nzr06_zdr05_ysize3_71.csv
[2024-10-14T10:32:45.758078][INFO][seed136] No feasible solution... resampling
[2024-10-14T10:32:45.766449][INFO][seed169] Sampled 1400 data instances
[2024-10-14T10:32:45.771105][INFO][seed41] Sampled 1000 data instances
[2024-10-14T10:32:45.771419][INFO][seed41] Starting exact inference 
[2024-10-14T10:32:45.773274][INFO][seed92] PS(V1,V0) in [0.0, 1.0]
[2024-10-14T10:32:45.773732][INFO][seed97] PS(V1,V0) in [0.0, 0.75642965204236]
[2024-10-14T10:32:45.777073][INFO][seed169] Starting exact inference 
[2024-10-14T10:32:45.777142][INFO][seed97] PN(V1,V0) in [0.0, 1.0] 
[2024-10-14T10:32:45.782433][INFO][seed71] Saved model to: /mnt/beegfs/rcabanas/dev/credici/papers/zeros/models/s3/simple_nparents1_nzr06_zdr05_ysize3_71.uai
[2024-10-14T10:32:45.786647][INFO][seed71] Saved queries to: /mnt/beegfs/rcabanas/dev/credici/papers/zeros/models/s3/simple_nparents1_nzr06_zdr05_ysize3_71_query.csv
[2024-10-14T10:32:45.786859][INFO][seed71] Closing log file
[2024-10-14T10:32:45.786945][INFO][seed71] Closed log file
[2024-10-14T10:32:45.794691][INFO][seed92] PN(V1,V0) in [0.0, 0.001036722331202293] 
[2024-10-14T10:32:45.798767][INFO][seed97] Saved data to: /mnt/beegfs/rcabanas/dev/credici/papers/zeros/models/s3/simple_nparents1_nzr06_zdr05_ysize3_97.csv
[2024-10-14T10:32:45.796206][INFO][seed20] PS(V1,V0) in [0.0, 0.0]
[2024-10-14T10:32:45.796667][INFO][seed20] No feasible solution... resampling
[2024-10-14T10:32:45.806038][INFO][seed136] Sampled 1800 data instances
[2024-10-14T10:32:45.812665][INFO][seed74] Sampled 7500 data instances
[2024-10-14T10:32:45.812979][INFO][seed74] Starting exact inference 
[2024-10-14T10:32:45.813808][INFO][seed97] Saved model to: /mnt/beegfs/rcabanas/dev/credici/papers/zeros/models/s3/simple_nparents1_nzr06_zdr05_ysize3_97.uai
[2024-10-14T10:32:45.814313][INFO][seed136] Starting exact inference 
[2024-10-14T10:32:45.820140][INFO][seed97] Saved queries to: /mnt/beegfs/rcabanas/dev/credici/papers/zeros/models/s3/simple_nparents1_nzr06_zdr05_ysize3_97_query.csv
[2024-10-14T10:32:45.820243][INFO][seed97] Closing log file
[2024-10-14T10:32:45.820326][INFO][seed97] Closed log file
[2024-10-14T10:32:45.830111][INFO][seed92] Saved data to: /mnt/beegfs/rcabanas/dev/credici/papers/zeros/models/s3/simple_nparents1_nzr06_zdr05_ysize3_92.csv
[2024-10-14T10:32:45.841646][INFO][seed92] Saved model to: /mnt/beegfs/rcabanas/dev/credici/papers/zeros/models/s3/simple_nparents1_nzr06_zdr05_ysize3_92.uai
[2024-10-14T10:32:45.846935][INFO][seed143] Sampled 1000 data instances
[2024-10-14T10:32:45.847219][INFO][seed143] Starting exact inference 
[2024-10-14T10:32:45.856253][INFO][seed92] Saved queries to: /mnt/beegfs/rcabanas/dev/credici/papers/zeros/models/s3/simple_nparents1_nzr06_zdr05_ysize3_92_query.csv
[2024-10-14T10:32:45.856330][INFO][seed92] Closing log file
[2024-10-14T10:32:45.856356][INFO][seed92] Closed log file
[2024-10-14T10:32:45.861340][INFO][seed74] No feasible solution... resampling
[2024-10-14T10:32:45.878198][INFO][seed20] Sampled 6100 data instances
[2024-10-14T10:32:45.878490][INFO][seed20] Starting exact inference 
[2024-10-14T10:32:45.899717][INFO][seed169] PS(V1,V0) in [0.0, 0.0]
[2024-10-14T10:32:45.901507][INFO][seed169] No feasible solution... resampling
[2024-10-14T10:32:45.901108][INFO][seed136] No feasible solution... resampling
[2024-10-14T10:32:45.919095][INFO][seed74] Sampled 7600 data instances
[2024-10-14T10:32:45.919384][INFO][seed74] Starting exact inference 
[2024-10-14T10:32:45.924745][INFO][seed151] Sampled 1000 data instances
[2024-10-14T10:32:45.924985][INFO][seed151] Starting exact inference 
[2024-10-14T10:32:45.941075][INFO][seed169] Sampled 1500 data instances
[2024-10-14T10:32:45.954063][INFO][seed169] Starting exact inference 
[2024-10-14T10:32:45.958639][INFO][seed136] Sampled 1900 data instances
[2024-10-14T10:32:45.958852][INFO][seed136] Starting exact inference 
[2024-10-14T10:32:45.957306][INFO][seed74] No feasible solution... resampling
['genn.py', '1', '0.6', '0.5', '179', '3']
[2024-10-14T10:32:45.975722][INFO][seed20] PS(V1,V0) in [0.0, 0.0]
[2024-10-14T10:32:45.976206][INFO][seed20] No feasible solution... resampling
[2024-10-14T10:32:45.991881][INFO][seed145] PS(V1,V0) in [0.0, 1.0]
[2024-10-14T10:32:45.999925][INFO][seed145] PN(V1,V0) in [0.0, 0.18395117974295033] 
[2024-10-14T10:32:46.009353][INFO][seed74] Sampled 7700 data instances
[2024-10-14T10:32:46.009548][INFO][seed74] Starting exact inference 
1 0.6 0.5 179
/mnt/beegfs/rcabanas/dev/credici/papers/zeros/code/GenerateNparents.java
[2024-10-14T10:32:46.024714][INFO][seed20] Sampled 6200 data instances
[2024-10-14T10:32:46.024982][INFO][seed20] Starting exact inference 
[2024-10-14T10:32:46.033943][INFO][seed136] No feasible solution... resampling
[2024-10-14T10:32:46.037245][INFO][seed145] Saved data to: /mnt/beegfs/rcabanas/dev/credici/papers/zeros/models/s3/simple_nparents1_nzr06_zdr05_ysize3_145.csv
[2024-10-14T10:32:46.048598][INFO][seed145] Saved model to: /mnt/beegfs/rcabanas/dev/credici/papers/zeros/models/s3/simple_nparents1_nzr06_zdr05_ysize3_145.uai
[2024-10-14T10:32:46.050042][INFO][seed74] No feasible solution... resampling
[2024-10-14T10:32:46.058548][INFO][seed145] Saved queries to: /mnt/beegfs/rcabanas/dev/credici/papers/zeros/models/s3/simple_nparents1_nzr06_zdr05_ysize3_145_query.csv
[2024-10-14T10:32:46.058625][INFO][seed145] Closing log file
[2024-10-14T10:32:46.058650][INFO][seed145] Closed log file
[2024-10-14T10:32:46.080616][INFO][seed136] Sampled 2000 data instances
[2024-10-14T10:32:46.091047][INFO][seed136] Starting exact inference 
[2024-10-14T10:32:46.094956][INFO][seed169] PS(V1,V0) in [0.0, 0.0]
[2024-10-14T10:32:46.096613][INFO][seed169] No feasible solution... resampling
[2024-10-14T10:32:46.106401][INFO][seed74] Sampled 7800 data instances
[2024-10-14T10:32:46.106629][INFO][seed74] Starting exact inference 
['genn.py', '1', '0.6', '0.5', '144', '3']
[2024-10-14T10:32:46.141779][INFO][seed169] Sampled 1600 data instances
[2024-10-14T10:32:46.145923][INFO][seed20] PS(V1,V0) in [0.0, 0.0]
[2024-10-14T10:32:46.146388][INFO][seed20] No feasible solution... resampling
[2024-10-14T10:32:46.155057][INFO][seed169] Starting exact inference 
['genn.py', '1', '0.6', '0.5', '23', '3']
1 0.6 0.5 144
Error in variable: 2
[2024-10-14T10:32:46.163535][INFO][seed122] No feasible solution... resampling
/mnt/beegfs/rcabanas/dev/credici/papers/zeros/code/GenerateNparents.java
['genn.py', '1', '0.6', '0.5', '54', '3']
[2024-10-14T10:32:46.188506][INFO][seed184] PS(V1,V0) in [0.0, 0.0]
[2024-10-14T10:32:46.191569][INFO][seed20] Sampled 6300 data instances
[2024-10-14T10:32:46.191838][INFO][seed20] Starting exact inference 
[2024-10-14T10:32:46.189816][INFO][seed74] No feasible solution... resampling
1 0.6 0.5 23
/mnt/beegfs/rcabanas/dev/credici/papers/zeros/code/GenerateNparents.java
[2024-10-14T10:32:46.193838][INFO][seed136] No feasible solution... resampling
[2024-10-14T10:32:46.207096][INFO][seed184] No feasible solution... resampling
[2024-10-14T10:32:46.214633][INFO][seed183] PS(V1,V0) in [0.5016865992026985, 1.0]
1 0.6 0.5 54
/mnt/beegfs/rcabanas/dev/credici/papers/zeros/code/GenerateNparents.java
[2024-10-14T10:32:46.235292][INFO][seed183] PN(V1,V0) in [0.40019569471624267, 0.7977005870841487] 
[2024-10-14T10:32:46.244894][INFO][seed136] Sampled 2100 data instances
[2024-10-14T10:32:46.245100][INFO][seed136] Starting exact inference 
[2024-10-14T10:32:46.250475][INFO][seed74] Sampled 7900 data instances
[2024-10-14T10:32:46.250712][INFO][seed74] Starting exact inference 
[2024-10-14T10:32:46.256450][INFO][seed183] Saved data to: /mnt/beegfs/rcabanas/dev/credici/papers/zeros/models/s3/simple_nparents1_nzr06_zdr05_ysize3_183.csv
[2024-10-14T10:32:46.259115][INFO][seed169] PS(V1,V0) in [0.0, 0.0]
[2024-10-14T10:32:46.260623][INFO][seed169] No feasible solution... resampling
[2024-10-14T10:32:46.274794][INFO][seed183] Saved model to: /mnt/beegfs/rcabanas/dev/credici/papers/zeros/models/s3/simple_nparents1_nzr06_zdr05_ysize3_183.uai
[2024-10-14T10:32:46.274298][INFO][seed122] Sampled 1100 data instances
[2024-10-14T10:32:46.274568][INFO][seed122] Starting exact inference 
[2024-10-14T10:32:46.272940][INFO][seed20] PS(V1,V0) in [0.0, 0.0]
[2024-10-14T10:32:46.273449][INFO][seed20] No feasible solution... resampling
[2024-10-14T10:32:46.278245][INFO][seed183] Saved queries to: /mnt/beegfs/rcabanas/dev/credici/papers/zeros/models/s3/simple_nparents1_nzr06_zdr05_ysize3_183_query.csv
[2024-10-14T10:32:46.278345][INFO][seed183] Closing log file
[2024-10-14T10:32:46.278435][INFO][seed183] Closed log file
[2024-10-14T10:32:46.284758][INFO][seed74] No feasible solution... resampling
[2024-10-14T10:32:46.304671][INFO][seed184] Sampled 1100 data instances
[2024-10-14T10:32:46.304923][INFO][seed184] Starting exact inference 
[2024-10-14T10:32:46.317588][INFO][seed169] Sampled 1700 data instances
[2024-10-14T10:32:46.317902][INFO][seed169] Starting exact inference 
[2024-10-14T10:32:46.323834][INFO][seed20] Sampled 6400 data instances
[2024-10-14T10:32:46.324074][INFO][seed20] Starting exact inference 
[2024-10-14T10:32:46.323909][INFO][seed136] No feasible solution... resampling
['genn.py', '1', '0.6', '0.5', '180', '3']
[2024-10-14T10:32:46.346355][INFO][seed74] Sampled 8000 data instances
[2024-10-14T10:32:46.346601][INFO][seed74] Starting exact inference 
[2024-10-14T10:32:46.323650][INFO][seed171] Set up logging
[2024-10-14T10:32:46.351133][INFO][seed171] args: -np;1;-nzr;0.6;-zdr;0.5;-o;/mnt/beegfs/rcabanas/dev/credici/papers/zeros/models/s3;-rw;-s;171;-ys;3
[2024-10-14T10:32:46.354128][INFO][seed171] Starting logger with seed 171
[2024-10-14T10:32:46.361665][INFO][seed136] Sampled 2200 data instances
[2024-10-14T10:32:46.363106][INFO][seed171] simple_nparents1_nzr06_zdr05_ysize3_171
1 0.6 0.5 180
/mnt/beegfs/rcabanas/dev/credici/papers/zeros/code/GenerateNparents.java
[2024-10-14T10:32:46.371048][INFO][seed136] Starting exact inference 
[2024-10-14T10:32:46.382834][INFO][seed74] No feasible solution... resampling
Removed 000
Removed 000
Removed 000
Removed 000
Error in variable: 2
[2024-10-14T10:32:46.394523][INFO][seed103] No feasible solution... resampling
[2024-10-14T10:32:46.417097][INFO][seed20] PS(V1,V0) in [0.0, 0.0]
[2024-10-14T10:32:46.417547][INFO][seed20] No feasible solution... resampling
Error in variable: 2
[2024-10-14T10:32:46.424672][INFO][seed184] No feasible solution... resampling
[2024-10-14T10:32:46.440698][INFO][seed74] Sampled 8100 data instances
[2024-10-14T10:32:46.440938][INFO][seed74] Starting exact inference 
[2024-10-14T10:32:46.452412][INFO][seed136] No feasible solution... resampling
[2024-10-14T10:32:46.459017][INFO][seed169] PS(V1,V0) in [0.0, 0.0]
[2024-10-14T10:32:46.460712][INFO][seed169] No feasible solution... resampling
['genn.py', '1', '0.6', '0.5', '170', '3']
[2024-10-14T10:32:46.473999][INFO][seed103] Sampled 1100 data instances
[2024-10-14T10:32:46.474591][INFO][seed103] Starting exact inference 
[2024-10-14T10:32:46.488273][INFO][seed122] No feasible solution... resampling
[2024-10-14T10:32:46.484537][INFO][seed74] No feasible solution... resampling
[2024-10-14T10:32:46.494698][INFO][seed136] Sampled 2300 data instances
1 0.6 0.5 170
/mnt/beegfs/rcabanas/dev/credici/papers/zeros/code/GenerateNparents.java
[2024-10-14T10:32:46.505873][INFO][seed136] Starting exact inference 
[2024-10-14T10:32:46.507773][INFO][seed20] Sampled 6500 data instances
[2024-10-14T10:32:46.508001][INFO][seed20] Starting exact inference 
[2024-10-14T10:32:46.510357][INFO][seed184] Sampled 1200 data instances
[2024-10-14T10:32:46.516639][INFO][seed139] PS(V1,V0) in [0.0, 0.04117716862465884]
[2024-10-14T10:32:46.523211][INFO][seed184] Starting exact inference 
[2024-10-14T10:32:46.527312][INFO][seed169] Sampled 1800 data instances
[2024-10-14T10:32:46.527631][INFO][seed169] Starting exact inference 
[2024-10-14T10:32:46.538903][INFO][seed171] U cardinality: 9
[2024-10-14T10:32:46.539849][INFO][seed139] PN(V1,V0) in [0.0, 1.0] 
[2024-10-14T10:32:46.540895][INFO][seed74] Sampled 8200 data instances
[2024-10-14T10:32:46.541160][INFO][seed74] Starting exact inference 
[2024-10-14T10:32:46.544572][INFO][seed171] !0 = [1, 2, 3, 5, 6]
[2024-10-14T10:32:46.545035][INFO][seed171] 0 = [0, 4, 7, 8]
[2024-10-14T10:32:46.551077][INFO][seed171] Dropping state 8
[2024-10-14T10:32:46.552064][INFO][seed171] Dropping state 7
[2024-10-14T10:32:46.554579][INFO][seed171] U cardinality: 7
[2024-10-14T10:32:46.560407][INFO][seed122] Sampled 1200 data instances
[2024-10-14T10:32:46.560725][INFO][seed122] Starting exact inference 
[2024-10-14T10:32:46.561630][INFO][seed171] 
[P([3]) [0.176, 0.824], P([2]) [0.0, 0.442, 0.256, 0.001, 0.0, 0.01, 0.291], P([1, 3]) [1.0, 0.0, 0.0, 1.0], P([0, 1, 2]) [1.0, 0.0, 0.0, 1.0, 0.0, 0.0, 1.0, 0.0, 0.0, 0.0, 1.0, 0.0, 1.0, 0.0, 0.0, 0.0, 0.0, 1.0, 0.0, 1.0, 0.0, 1.0, 0.0, 0.0, 0.0, 1.0, 0.0, 0.0, 1.0, 0.0, 0.0, 1.0, 0.0, 0.0, 0.0, 1.0, 0.0, 0.0, 1.0, 1.0, 0.0, 0.0]]

[2024-10-14T10:32:46.565313][INFO][seed20] PS(V1,V0) in [0.0, 0.0]
[2024-10-14T10:32:46.565825][INFO][seed20] No feasible solution... resampling
[2024-10-14T10:32:46.573445][INFO][seed139] Saved data to: /mnt/beegfs/rcabanas/dev/credici/papers/zeros/models/s3/simple_nparents1_nzr06_zdr05_ysize3_139.csv
[2024-10-14T10:32:46.574134][INFO][seed136] No feasible solution... resampling
Removed 000
Removed 000
Removed 000
Removed 000
[2024-10-14T10:32:46.586671][INFO][seed139] Saved model to: /mnt/beegfs/rcabanas/dev/credici/papers/zeros/models/s3/simple_nparents1_nzr06_zdr05_ysize3_139.uai
Error in variable: 2
[2024-10-14T10:32:46.589865][INFO][seed143] No feasible solution... resampling
[2024-10-14T10:32:46.590796][INFO][seed139] Saved queries to: /mnt/beegfs/rcabanas/dev/credici/papers/zeros/models/s3/simple_nparents1_nzr06_zdr05_ysize3_139_query.csv
[2024-10-14T10:32:46.591067][INFO][seed139] Closing log file
[2024-10-14T10:32:46.591149][INFO][seed139] Closed log file
[2024-10-14T10:32:46.610606][INFO][seed136] Sampled 2400 data instances
[2024-10-14T10:32:46.610712][INFO][seed136] Starting exact inference 
[2024-10-14T10:32:46.600899][INFO][seed86] PS(V1,V0) in [0.0, 0.0]
[2024-10-14T10:32:46.614636][INFO][seed20] Sampled 6600 data instances
[2024-10-14T10:32:46.614843][INFO][seed20] Starting exact inference 
[2024-10-14T10:32:46.621712][INFO][seed86] No feasible solution... resampling
[2024-10-14T10:32:46.633472][INFO][seed169] PS(V1,V0) in [0.0, 0.0]
[2024-10-14T10:32:46.637083][INFO][seed169] No feasible solution... resampling
[2024-10-14T10:32:46.632622][INFO][seed74] No feasible solution... resampling
[2024-10-14T10:32:46.648864][INFO][seed184] PS(V1,V0) in [0.8984584450402144, 1.0]
[2024-10-14T10:32:46.652063][INFO][seed184] PN(V1,V0) in [0.7238120950323974, 0.8056155507559395] 
['genn.py', '1', '0.6', '0.5', '133', '3']
[2024-10-14T10:32:46.672046][INFO][seed169] Sampled 1900 data instances
[2024-10-14T10:32:46.673637][INFO][seed41] PS(V1,V0) in [0.0, 0.0]
[2024-10-14T10:32:46.676867][INFO][seed184] Saved data to: /mnt/beegfs/rcabanas/dev/credici/papers/zeros/models/s3/simple_nparents1_nzr06_zdr05_ysize3_184.csv
[2024-10-14T10:32:46.682652][INFO][seed143] Sampled 1100 data instances
[2024-10-14T10:32:46.683250][INFO][seed143] Starting exact inference 
[2024-10-14T10:32:46.683061][INFO][seed41] No feasible solution... resampling
[2024-10-14T10:32:46.690066][INFO][seed169] Starting exact inference 
[2024-10-14T10:32:46.690559][INFO][seed103] PS(V1,V0) in [0.050643456279443874, 1.0]
[2024-10-14T10:32:46.690734][INFO][seed184] Saved model to: /mnt/beegfs/rcabanas/dev/credici/papers/zeros/models/s3/simple_nparents1_nzr06_zdr05_ysize3_184.uai
[2024-10-14T10:32:46.693040][INFO][seed86] Sampled 1100 data instances
[2024-10-14T10:32:46.693344][INFO][seed86] Starting exact inference 
[2024-10-14T10:32:46.697414][INFO][seed184] Saved queries to: /mnt/beegfs/rcabanas/dev/credici/papers/zeros/models/s3/simple_nparents1_nzr06_zdr05_ysize3_184_query.csv
[2024-10-14T10:32:46.697515][INFO][seed184] Closing log file
[2024-10-14T10:32:46.697593][INFO][seed184] Closed log file
1 0.6 0.5 133
/mnt/beegfs/rcabanas/dev/credici/papers/zeros/code/GenerateNparents.java
[2024-10-14T10:32:46.702858][INFO][seed74] Sampled 8300 data instances
[2024-10-14T10:32:46.703179][INFO][seed74] Starting exact inference 
[2024-10-14T10:32:46.703072][INFO][seed103] PN(V1,V0) in [0.046512241452089494, 0.9184254959898691] 
[2024-10-14T10:32:46.712939][INFO][seed20] PS(V1,V0) in [0.0, 0.0]
[2024-10-14T10:32:46.713388][INFO][seed20] No feasible solution... resampling
[2024-10-14T10:32:46.724759][INFO][seed136] No feasible solution... resampling
[2024-10-14T10:32:46.732331][INFO][seed122] No feasible solution... resampling
[2024-10-14T10:32:46.748150][INFO][seed103] Saved data to: /mnt/beegfs/rcabanas/dev/credici/papers/zeros/models/s3/simple_nparents1_nzr06_zdr05_ysize3_103.csv
[2024-10-14T10:32:46.744966][INFO][seed136] Sampled 2500 data instances
[2024-10-14T10:32:46.751045][INFO][seed136] Starting exact inference 
[2024-10-14T10:32:46.755457][INFO][seed122] Sampled 1300 data instances
[2024-10-14T10:32:46.757047][INFO][seed122] Starting exact inference 
[2024-10-14T10:32:46.758366][INFO][seed103] Saved model to: /mnt/beegfs/rcabanas/dev/credici/papers/zeros/models/s3/simple_nparents1_nzr06_zdr05_ysize3_103.uai
[2024-10-14T10:32:46.758594][INFO][seed171] Sampled 1000 data instances
[2024-10-14T10:32:46.758826][INFO][seed171] Starting exact inference 
[2024-10-14T10:32:46.761889][INFO][seed103] Saved queries to: /mnt/beegfs/rcabanas/dev/credici/papers/zeros/models/s3/simple_nparents1_nzr06_zdr05_ysize3_103_query.csv
[2024-10-14T10:32:46.762013][INFO][seed103] Closing log file
[2024-10-14T10:32:46.762374][INFO][seed20] Sampled 6700 data instances
[2024-10-14T10:32:46.762095][INFO][seed103] Closed log file
[2024-10-14T10:32:46.762650][INFO][seed20] Starting exact inference 
[2024-10-14T10:32:46.766497][INFO][seed41] Sampled 1100 data instances
[2024-10-14T10:32:46.767062][INFO][seed41] Starting exact inference 
[2024-10-14T10:32:46.798859][INFO][seed151] PS(V1,V0) in [1.0, 1.0]
[2024-10-14T10:32:46.805657][INFO][seed151] PN(V1,V0) in [0.18294573643410852, 0.18294573643410852] 
[2024-10-14T10:32:46.801457][INFO][seed74] No feasible solution... resampling
[2024-10-14T10:32:46.804762][INFO][seed169] PS(V1,V0) in [0.0, 0.0]
[2024-10-14T10:32:46.805934][INFO][seed169] No feasible solution... resampling
Error in variable: 2
[2024-10-14T10:32:46.837450][INFO][seed122] No feasible solution... resampling
[2024-10-14T10:32:46.846519][INFO][seed151] Saved data to: /mnt/beegfs/rcabanas/dev/credici/papers/zeros/models/s3/simple_nparents1_nzr06_zdr05_ysize3_151.csv
[2024-10-14T10:32:46.853892][INFO][seed169] Sampled 2000 data instances
[2024-10-14T10:32:46.854137][INFO][seed169] Starting exact inference 
[2024-10-14T10:32:46.858351][INFO][seed74] Sampled 8400 data instances
[2024-10-14T10:32:46.858648][INFO][seed74] Starting exact inference 
[2024-10-14T10:32:46.857619][INFO][seed151] Saved model to: /mnt/beegfs/rcabanas/dev/credici/papers/zeros/models/s3/simple_nparents1_nzr06_zdr05_ysize3_151.uai
[2024-10-14T10:32:46.866111][INFO][seed20] PS(V1,V0) in [0.0, 0.0]
[2024-10-14T10:32:46.866743][INFO][seed20] No feasible solution... resampling
[2024-10-14T10:32:46.872492][INFO][seed151] Saved queries to: /mnt/beegfs/rcabanas/dev/credici/papers/zeros/models/s3/simple_nparents1_nzr06_zdr05_ysize3_151_query.csv
[2024-10-14T10:32:46.872575][INFO][seed151] Closing log file
[2024-10-14T10:32:46.872600][INFO][seed151] Closed log file
[2024-10-14T10:32:46.874801][INFO][seed122] Sampled 1400 data instances
[2024-10-14T10:32:46.871847][INFO][seed136] No feasible solution... resampling
[2024-10-14T10:32:46.875139][INFO][seed122] Starting exact inference 
[2024-10-14T10:32:46.868205][INFO][seed26] Set up logging
[2024-10-14T10:32:46.888802][INFO][seed26] args: -np;1;-nzr;0.6;-zdr;0.5;-o;/mnt/beegfs/rcabanas/dev/credici/papers/zeros/models/s3;-rw;-s;26;-ys;3
[2024-10-14T10:32:46.894079][INFO][seed136] Sampled 2600 data instances
[2024-10-14T10:32:46.892222][INFO][seed86] PS(V1,V0) in [0.0, 0.0]
[2024-10-14T10:32:46.893754][INFO][seed86] No feasible solution... resampling
[2024-10-14T10:32:46.897841][INFO][seed26] Starting logger with seed 26
[2024-10-14T10:32:46.900257][INFO][seed136] Starting exact inference 
[2024-10-14T10:32:46.908427][INFO][seed26] simple_nparents1_nzr06_zdr05_ysize3_26
[2024-10-14T10:32:46.926835][INFO][seed20] Sampled 6800 data instances
[2024-10-14T10:32:46.927088][INFO][seed20] Starting exact inference 
Error in variable: 2
[2024-10-14T10:32:46.935405][INFO][seed122] No feasible solution... resampling
[2024-10-14T10:32:46.938588][INFO][seed86] Sampled 1200 data instances
[2024-10-14T10:32:46.940221][INFO][seed41] PS(V1,V0) in [0.0, 0.0]
[2024-10-14T10:32:46.938834][INFO][seed86] Starting exact inference 
[2024-10-14T10:32:46.945528][INFO][seed41] No feasible solution... resampling
[2024-10-14T10:32:46.961722][INFO][seed143] PS(V1,V0) in [0.0, 0.15583856502242155]
[2024-10-14T10:32:46.973973][INFO][seed122] Sampled 1500 data instances
[2024-10-14T10:32:46.974254][INFO][seed122] Starting exact inference 
[2024-10-14T10:32:46.976253][INFO][seed143] PN(V1,V0) in [0.0, 1.0] 
[2024-10-14T10:32:46.978061][INFO][seed74] No feasible solution... resampling
[2024-10-14T10:32:46.987762][INFO][seed169] PS(V1,V0) in [0.0, 0.0]
[2024-10-14T10:32:46.988960][INFO][seed169] No feasible solution... resampling
[2024-10-14T10:32:47.007630][INFO][seed143] Saved data to: /mnt/beegfs/rcabanas/dev/credici/papers/zeros/models/s3/simple_nparents1_nzr06_zdr05_ysize3_143.csv
[2024-10-14T10:32:47.003598][INFO][seed20] PS(V1,V0) in [0.0, 0.0]
[2024-10-14T10:32:47.004006][INFO][seed20] No feasible solution... resampling
[2024-10-14T10:32:47.025594][INFO][seed41] Sampled 1200 data instances
[2024-10-14T10:32:47.025878][INFO][seed41] Starting exact inference 
[2024-10-14T10:32:47.026973][INFO][seed143] Saved model to: /mnt/beegfs/rcabanas/dev/credici/papers/zeros/models/s3/simple_nparents1_nzr06_zdr05_ysize3_143.uai
[2024-10-14T10:32:47.031363][INFO][seed143] Saved queries to: /mnt/beegfs/rcabanas/dev/credici/papers/zeros/models/s3/simple_nparents1_nzr06_zdr05_ysize3_143_query.csv
[2024-10-14T10:32:47.031531][INFO][seed143] Closing log file
[2024-10-14T10:32:47.031618][INFO][seed143] Closed log file
[2024-10-14T10:32:47.032275][INFO][seed136] No feasible solution... resampling
[2024-10-14T10:32:47.039142][INFO][seed169] Sampled 2100 data instances
[2024-10-14T10:32:47.039443][INFO][seed169] Starting exact inference 
[2024-10-14T10:32:47.052757][INFO][seed20] Sampled 6900 data instances
[2024-10-14T10:32:47.052993][INFO][seed20] Starting exact inference 
[2024-10-14T10:32:47.057928][INFO][seed136] Sampled 2700 data instances
[2024-10-14T10:32:47.059757][INFO][seed86] PS(V1,V0) in [0.0, 0.0]
[2024-10-14T10:32:47.062047][INFO][seed74] Sampled 8500 data instances
[2024-10-14T10:32:47.062365][INFO][seed74] Starting exact inference 
[2024-10-14T10:32:47.062500][INFO][seed86] No feasible solution... resampling
[2024-10-14T10:32:47.071050][INFO][seed136] Starting exact inference 
[2024-10-14T10:32:47.096018][INFO][seed74] No feasible solution... resampling
[2024-10-14T10:32:47.090558][INFO][seed20] PS(V1,V0) in [0.0, 0.0]
[2024-10-14T10:32:47.090985][INFO][seed20] No feasible solution... resampling
[2024-10-14T10:32:47.116908][INFO][seed86] Sampled 1300 data instances
[2024-10-14T10:32:47.117154][INFO][seed86] Starting exact inference 
[2024-10-14T10:32:47.119664][INFO][seed26] U cardinality: 9
[2024-10-14T10:32:47.119273][INFO][seed122] No feasible solution... resampling
[2024-10-14T10:32:47.124488][INFO][seed26] !0 = [0, 1, 2, 3, 5]
[2024-10-14T10:32:47.124905][INFO][seed26] 0 = [4, 6, 7, 8]
[2024-10-14T10:32:47.131540][INFO][seed26] Dropping state 8
[2024-10-14T10:32:47.132468][INFO][seed26] Dropping state 7
[2024-10-14T10:32:47.135054][INFO][seed26] U cardinality: 7
[2024-10-14T10:32:47.132226][INFO][seed136] No feasible solution... resampling
[2024-10-14T10:32:47.134153][INFO][seed169] PS(V1,V0) in [0.0, 0.0]
[2024-10-14T10:32:47.135220][INFO][seed169] No feasible solution... resampling
[2024-10-14T10:32:47.142822][INFO][seed20] Sampled 7000 data instances
[2024-10-14T10:32:47.143040][INFO][seed20] Starting exact inference 
[2024-10-14T10:32:47.149892][INFO][seed26] 
[P([3]) [0.336, 0.664], P([2]) [0.001, 0.304, 0.004, 0.112, 0.0, 0.579, 0.0], P([1, 3]) [1.0, 0.0, 0.0, 1.0], P([0, 1, 2]) [1.0, 0.0, 0.0, 1.0, 0.0, 0.0, 1.0, 0.0, 0.0, 0.0, 1.0, 0.0, 1.0, 0.0, 0.0, 0.0, 0.0, 1.0, 0.0, 1.0, 0.0, 1.0, 0.0, 0.0, 0.0, 1.0, 0.0, 0.0, 1.0, 0.0, 0.0, 1.0, 0.0, 0.0, 0.0, 1.0, 0.0, 0.0, 1.0, 1.0, 0.0, 0.0]]

[2024-10-14T10:32:47.146812][INFO][seed41] PS(V1,V0) in [0.0, 0.0]
[2024-10-14T10:32:47.148173][INFO][seed41] No feasible solution... resampling
[2024-10-14T10:32:47.157625][INFO][seed74] Sampled 8600 data instances
[2024-10-14T10:32:47.157914][INFO][seed74] Starting exact inference 
[2024-10-14T10:32:47.161641][INFO][seed122] Sampled 1600 data instances
[2024-10-14T10:32:47.162268][INFO][seed122] Starting exact inference 
[2024-10-14T10:32:47.160197][INFO][seed136] Sampled 2800 data instances
[2024-10-14T10:32:47.168936][INFO][seed136] Starting exact inference 
[2024-10-14T10:32:47.171880][INFO][seed169] Sampled 2200 data instances
[2024-10-14T10:32:47.172155][INFO][seed169] Starting exact inference 
[2024-10-14T10:32:47.178897][INFO][seed20] PS(V1,V0) in [0.0, 0.0]
[2024-10-14T10:32:47.179318][INFO][seed20] No feasible solution... resampling
[2024-10-14T10:32:47.202628][INFO][seed74] No feasible solution... resampling
[2024-10-14T10:32:47.221759][INFO][seed41] Sampled 1300 data instances
[2024-10-14T10:32:47.222038][INFO][seed41] Starting exact inference 
[2024-10-14T10:32:47.226469][INFO][seed86] PS(V1,V0) in [0.0, 0.0]
[2024-10-14T10:32:47.227532][INFO][seed86] No feasible solution... resampling
[2024-10-14T10:32:47.240797][INFO][seed20] Sampled 7100 data instances
[2024-10-14T10:32:47.242178][INFO][seed20] Starting exact inference 
[2024-10-14T10:32:47.246219][INFO][seed136] No feasible solution... resampling
[2024-10-14T10:32:47.259320][INFO][seed169] PS(V1,V0) in [0.0, 0.0]
[2024-10-14T10:32:47.261983][INFO][seed74] Sampled 8700 data instances
[2024-10-14T10:32:47.262279][INFO][seed74] Starting exact inference 
[2024-10-14T10:32:47.262147][INFO][seed169] No feasible solution... resampling
[2024-10-14T10:32:47.270795][INFO][seed136] Sampled 2900 data instances
[2024-10-14T10:32:47.273797][INFO][seed136] Starting exact inference 
[2024-10-14T10:32:47.279297][INFO][seed122] No feasible solution... resampling
[2024-10-14T10:32:47.283171][INFO][seed86] Sampled 1400 data instances
[2024-10-14T10:32:47.283403][INFO][seed86] Starting exact inference 
[2024-10-14T10:32:47.300496][INFO][seed74] No feasible solution... resampling
[2024-10-14T10:32:47.314407][INFO][seed169] Sampled 2300 data instances
[2024-10-14T10:32:47.314903][INFO][seed169] Starting exact inference 
[2024-10-14T10:32:47.316148][INFO][seed20] PS(V1,V0) in [0.0, 0.0]
[2024-10-14T10:32:47.316641][INFO][seed20] No feasible solution... resampling
[2024-10-14T10:32:47.324398][INFO][seed122] Sampled 1700 data instances
[2024-10-14T10:32:47.335164][INFO][seed26] Sampled 1000 data instances
[2024-10-14T10:32:47.335426][INFO][seed26] Starting exact inference 
[2024-10-14T10:32:47.337070][INFO][seed122] Starting exact inference 
[2024-10-14T10:32:47.336566][INFO][seed41] PS(V1,V0) in [0.0, 0.0]
[2024-10-14T10:32:47.338876][INFO][seed41] No feasible solution... resampling
[2024-10-14T10:32:47.352466][INFO][seed136] No feasible solution... resampling
[2024-10-14T10:32:47.364940][INFO][seed74] Sampled 8800 data instances
[2024-10-14T10:32:47.365255][INFO][seed74] Starting exact inference 
[2024-10-14T10:32:47.367580][INFO][seed20] Sampled 7200 data instances
[2024-10-14T10:32:47.367793][INFO][seed20] Starting exact inference 
[2024-10-14T10:32:47.383718][INFO][seed86] PS(V1,V0) in [0.0, 0.0]
[2024-10-14T10:32:47.386732][INFO][seed86] No feasible solution... resampling
[2024-10-14T10:32:47.390923][INFO][seed136] Sampled 3000 data instances
[2024-10-14T10:32:47.391043][INFO][seed136] Starting exact inference 
[2024-10-14T10:32:47.393961][INFO][seed169] PS(V1,V0) in [0.0, 0.0]
[2024-10-14T10:32:47.398337][INFO][seed169] No feasible solution... resampling
[2024-10-14T10:32:47.401519][INFO][seed41] Sampled 1400 data instances
[2024-10-14T10:32:47.397557][INFO][seed74] No feasible solution... resampling
Error in variable: 2
[2024-10-14T10:32:47.397428][INFO][seed122] No feasible solution... resampling
[2024-10-14T10:32:47.404591][INFO][seed20] PS(V1,V0) in [0.0, 0.0]
[2024-10-14T10:32:47.404999][INFO][seed20] No feasible solution... resampling
[2024-10-14T10:32:47.414065][INFO][seed41] Starting exact inference 
[2024-10-14T10:32:47.438117][INFO][seed86] Sampled 1500 data instances
[2024-10-14T10:32:47.438358][INFO][seed86] Starting exact inference 
[2024-10-14T10:32:47.445306][INFO][seed122] Sampled 1800 data instances
[2024-10-14T10:32:47.453214][INFO][seed122] Starting exact inference 
[2024-10-14T10:32:47.454233][INFO][seed169] Sampled 2400 data instances
[2024-10-14T10:32:47.454483][INFO][seed169] Starting exact inference 
[2024-10-14T10:32:47.451528][INFO][seed136] No feasible solution... resampling
[2024-10-14T10:32:47.457615][INFO][seed74] Sampled 8900 data instances
[2024-10-14T10:32:47.457858][INFO][seed74] Starting exact inference 
[2024-10-14T10:32:47.461835][INFO][seed20] Sampled 7300 data instances
[2024-10-14T10:32:47.462986][INFO][seed20] Starting exact inference 
[2024-10-14T10:32:47.478675][INFO][seed136] Sampled 3100 data instances
[2024-10-14T10:32:47.491048][INFO][seed136] Starting exact inference 
[2024-10-14T10:32:47.499724][INFO][seed74] No feasible solution... resampling
Error in variable: 2
[2024-10-14T10:32:47.517455][INFO][seed122] No feasible solution... resampling
[2024-10-14T10:32:47.520068][INFO][seed20] PS(V1,V0) in [0.0, 0.0]
[2024-10-14T10:32:47.520616][INFO][seed20] No feasible solution... resampling
[2024-10-14T10:32:47.533284][INFO][seed41] PS(V1,V0) in [0.0, 0.030053667262969583]
[2024-10-14T10:32:47.537843][INFO][seed41] PN(V1,V0) in [0.0, 1.0] 
[2024-10-14T10:32:47.546426][INFO][seed169] PS(V1,V0) in [0.0, 0.0]
[2024-10-14T10:32:47.547449][INFO][seed169] No feasible solution... resampling
[2024-10-14T10:32:47.560645][INFO][seed74] Sampled 9000 data instances
[2024-10-14T10:32:47.561422][INFO][seed74] Starting exact inference 
[2024-10-14T10:32:47.554411][INFO][seed136] No feasible solution... resampling
[2024-10-14T10:32:47.568236][INFO][seed41] Saved data to: /mnt/beegfs/rcabanas/dev/credici/papers/zeros/models/s3/simple_nparents1_nzr06_zdr05_ysize3_41.csv
[2024-10-14T10:32:47.568505][INFO][seed86] PS(V1,V0) in [0.0, 1.0]
[2024-10-14T10:32:47.570506][INFO][seed86] PN(V1,V0) in [0.0, 0.35] 
[2024-10-14T10:32:47.574732][INFO][seed169] Sampled 2500 data instances
[2024-10-14T10:32:47.575433][INFO][seed122] Sampled 1900 data instances
[2024-10-14T10:32:47.575700][INFO][seed122] Starting exact inference 
[2024-10-14T10:32:47.578936][INFO][seed41] Saved model to: /mnt/beegfs/rcabanas/dev/credici/papers/zeros/models/s3/simple_nparents1_nzr06_zdr05_ysize3_41.uai
[2024-10-14T10:32:47.582623][INFO][seed41] Saved queries to: /mnt/beegfs/rcabanas/dev/credici/papers/zeros/models/s3/simple_nparents1_nzr06_zdr05_ysize3_41_query.csv
[2024-10-14T10:32:47.582795][INFO][seed41] Closing log file
[2024-10-14T10:32:47.582878][INFO][seed41] Closed log file
[2024-10-14T10:32:47.582788][INFO][seed169] Starting exact inference 
[2024-10-14T10:32:47.585726][INFO][seed20] Sampled 7400 data instances
[2024-10-14T10:32:47.585965][INFO][seed20] Starting exact inference 
[2024-10-14T10:32:47.597727][INFO][seed74] No feasible solution... resampling
[2024-10-14T10:32:47.604287][INFO][seed136] Sampled 3200 data instances
[2024-10-14T10:32:47.617389][INFO][seed86] Saved data to: /mnt/beegfs/rcabanas/dev/credici/papers/zeros/models/s3/simple_nparents1_nzr06_zdr05_ysize3_86.csv
[2024-10-14T10:32:47.624042][INFO][seed136] Starting exact inference 
[2024-10-14T10:32:47.627822][INFO][seed86] Saved model to: /mnt/beegfs/rcabanas/dev/credici/papers/zeros/models/s3/simple_nparents1_nzr06_zdr05_ysize3_86.uai
[2024-10-14T10:32:47.631153][INFO][seed86] Saved queries to: /mnt/beegfs/rcabanas/dev/credici/papers/zeros/models/s3/simple_nparents1_nzr06_zdr05_ysize3_86_query.csv
[2024-10-14T10:32:47.631144][INFO][seed171] PS(V1,V0) in [0.5835007533902562, 0.6157570176907194]
[2024-10-14T10:32:47.631266][INFO][seed86] Closing log file
[2024-10-14T10:32:47.631376][INFO][seed86] Closed log file
[2024-10-14T10:32:47.636900][INFO][seed171] PN(V1,V0) in [0.9476152713266115, 1.0] 
Error in variable: 2
[2024-10-14T10:32:47.638062][INFO][seed122] No feasible solution... resampling
[2024-10-14T10:32:47.657251][INFO][seed171] Saved data to: /mnt/beegfs/rcabanas/dev/credici/papers/zeros/models/s3/simple_nparents1_nzr06_zdr05_ysize3_171.csv
[2024-10-14T10:32:47.661351][INFO][seed169] PS(V1,V0) in [0.0, 0.0]
[2024-10-14T10:32:47.662386][INFO][seed169] No feasible solution... resampling
[2024-10-14T10:32:47.664922][INFO][seed74] Sampled 9100 data instances
[2024-10-14T10:32:47.667740][INFO][seed74] Starting exact inference 
[2024-10-14T10:32:47.664753][INFO][seed20] PS(V1,V0) in [0.0, 0.0]
[2024-10-14T10:32:47.665172][INFO][seed20] No feasible solution... resampling
[2024-10-14T10:32:47.680403][INFO][seed171] Saved model to: /mnt/beegfs/rcabanas/dev/credici/papers/zeros/models/s3/simple_nparents1_nzr06_zdr05_ysize3_171.uai
[2024-10-14T10:32:47.684189][INFO][seed171] Saved queries to: /mnt/beegfs/rcabanas/dev/credici/papers/zeros/models/s3/simple_nparents1_nzr06_zdr05_ysize3_171_query.csv
[2024-10-14T10:32:47.684253][INFO][seed171] Closing log file
[2024-10-14T10:32:47.684278][INFO][seed171] Closed log file
[2024-10-14T10:32:47.692971][INFO][seed169] Sampled 2600 data instances
[2024-10-14T10:32:47.692190][INFO][seed136] No feasible solution... resampling
[2024-10-14T10:32:47.701959][INFO][seed169] Starting exact inference 
[2024-10-14T10:32:47.707810][INFO][seed122] Sampled 2000 data instances
[2024-10-14T10:32:47.708074][INFO][seed122] Starting exact inference 
[2024-10-14T10:32:47.718169][INFO][seed20] Sampled 7500 data instances
[2024-10-14T10:32:47.718352][INFO][seed20] Starting exact inference 
[2024-10-14T10:32:47.738010][INFO][seed74] No feasible solution... resampling
[2024-10-14T10:32:47.744292][INFO][seed136] Sampled 3300 data instances
[2024-10-14T10:32:47.752064][INFO][seed136] Starting exact inference 
Error in variable: 2
[2024-10-14T10:32:47.765313][INFO][seed122] No feasible solution... resampling
[2024-10-14T10:32:47.765696][INFO][seed20] PS(V1,V0) in [0.0, 0.0]
[2024-10-14T10:32:47.766100][INFO][seed20] No feasible solution... resampling
[2024-10-14T10:32:47.791906][INFO][seed169] PS(V1,V0) in [0.0, 0.0]
[2024-10-14T10:32:47.792926][INFO][seed169] No feasible solution... resampling
[2024-10-14T10:32:47.815526][INFO][seed169] Sampled 2700 data instances
[2024-10-14T10:32:47.820205][INFO][seed169] Starting exact inference 
[2024-10-14T10:32:47.826145][INFO][seed20] Sampled 7600 data instances
[2024-10-14T10:32:47.826255][INFO][seed20] Starting exact inference 
[2024-10-14T10:32:47.828464][INFO][seed74] Sampled 9200 data instances
[2024-10-14T10:32:47.828686][INFO][seed74] Starting exact inference 
[2024-10-14T10:32:47.830106][INFO][seed122] Sampled 2100 data instances
[2024-10-14T10:32:47.830341][INFO][seed122] Starting exact inference 
[2024-10-14T10:32:47.832180][INFO][seed136] No feasible solution... resampling
[2024-10-14T10:32:47.865308][INFO][seed136] Sampled 3400 data instances
[2024-10-14T10:32:47.868352][INFO][seed136] Starting exact inference 
[2024-10-14T10:32:47.868123][INFO][seed74] No feasible solution... resampling
[2024-10-14T10:32:47.869602][INFO][seed20] PS(V1,V0) in [0.0, 0.0]
[2024-10-14T10:32:47.870048][INFO][seed20] No feasible solution... resampling
[2024-10-14T10:32:47.896251][INFO][seed169] PS(V1,V0) in [0.0, 0.0]
[2024-10-14T10:32:47.897520][INFO][seed169] No feasible solution... resampling
[2024-10-14T10:32:47.925452][INFO][seed20] Sampled 7700 data instances
[2024-10-14T10:32:47.925526][INFO][seed20] Starting exact inference 
[2024-10-14T10:32:47.928536][INFO][seed169] Sampled 2800 data instances
[2024-10-14T10:32:47.932175][INFO][seed169] Starting exact inference 
[2024-10-14T10:32:47.938574][INFO][seed74] Sampled 9300 data instances
[2024-10-14T10:32:47.938791][INFO][seed74] Starting exact inference 
[2024-10-14T10:32:47.946119][INFO][seed136] No feasible solution... resampling
[2024-10-14T10:32:47.976555][INFO][seed136] Sampled 3500 data instances
[2024-10-14T10:32:47.971610][INFO][seed20] PS(V1,V0) in [0.0, 0.0]
[2024-10-14T10:32:47.972054][INFO][seed20] No feasible solution... resampling
[2024-10-14T10:32:47.974170][INFO][seed74] No feasible solution... resampling
[2024-10-14T10:32:47.984183][INFO][seed122] PS(V1,V0) in [0.1164, 1.0]
[2024-10-14T10:32:47.985526][INFO][seed136] Starting exact inference 
[2024-10-14T10:32:47.994671][INFO][seed122] PN(V1,V0) in [0.003053803612093482, 0.02623542622073438] 
[2024-10-14T10:32:48.026210][INFO][seed122] Saved data to: /mnt/beegfs/rcabanas/dev/credici/papers/zeros/models/s3/simple_nparents1_nzr06_zdr05_ysize3_122.csv
[2024-10-14T10:32:48.030507][INFO][seed20] Sampled 7800 data instances
[2024-10-14T10:32:48.030597][INFO][seed20] Starting exact inference 
[2024-10-14T10:32:48.031154][INFO][seed169] PS(V1,V0) in [0.0, 0.0]
[2024-10-14T10:32:48.031984][INFO][seed169] No feasible solution... resampling
[2024-10-14T10:32:48.038253][INFO][seed74] Sampled 9400 data instances
[2024-10-14T10:32:48.038464][INFO][seed74] Starting exact inference 
[2024-10-14T10:32:48.047541][INFO][seed122] Saved model to: /mnt/beegfs/rcabanas/dev/credici/papers/zeros/models/s3/simple_nparents1_nzr06_zdr05_ysize3_122.uai
[2024-10-14T10:32:48.052039][INFO][seed122] Saved queries to: /mnt/beegfs/rcabanas/dev/credici/papers/zeros/models/s3/simple_nparents1_nzr06_zdr05_ysize3_122_query.csv
[2024-10-14T10:32:48.052112][INFO][seed122] Closing log file
[2024-10-14T10:32:48.052136][INFO][seed122] Closed log file
[2024-10-14T10:32:48.056423][INFO][seed169] Sampled 2900 data instances
[2024-10-14T10:32:48.062976][INFO][seed169] Starting exact inference 
[2024-10-14T10:32:48.058304][INFO][seed136] No feasible solution... resampling
[2024-10-14T10:32:48.066345][INFO][seed20] PS(V1,V0) in [0.0, 0.0]
[2024-10-14T10:32:48.066768][INFO][seed20] No feasible solution... resampling
[2024-10-14T10:32:48.078010][INFO][seed74] No feasible solution... resampling
[2024-10-14T10:32:48.086532][INFO][seed136] Sampled 3600 data instances
[2024-10-14T10:32:48.086615][INFO][seed136] Starting exact inference 
[2024-10-14T10:32:48.125236][INFO][seed136] No feasible solution... resampling
[2024-10-14T10:32:48.131913][INFO][seed20] Sampled 7900 data instances
[2024-10-14T10:32:48.132123][INFO][seed20] Starting exact inference 
[2024-10-14T10:32:48.143865][INFO][seed74] Sampled 9500 data instances
[2024-10-14T10:32:48.144094][INFO][seed74] Starting exact inference 
[2024-10-14T10:32:48.150983][INFO][seed136] Sampled 3700 data instances
[2024-10-14T10:32:48.151067][INFO][seed136] Starting exact inference 
[2024-10-14T10:32:48.133683][INFO][seed23] Set up logging
[2024-10-14T10:32:48.154397][INFO][seed23] args: -np;1;-nzr;0.6;-zdr;0.5;-o;/mnt/beegfs/rcabanas/dev/credici/papers/zeros/models/s3;-rw;-s;23;-ys;3
[2024-10-14T10:32:48.151778][INFO][seed169] PS(V1,V0) in [0.0, 0.0]
[2024-10-14T10:32:48.152654][INFO][seed169] No feasible solution... resampling
[2024-10-14T10:32:48.157924][INFO][seed23] Starting logger with seed 23
[2024-10-14T10:32:48.171809][INFO][seed23] simple_nparents1_nzr06_zdr05_ysize3_23
[2024-10-14T10:32:48.182999][INFO][seed26] PS(V1,V0) in [0.0, 1.0]
[2024-10-14T10:32:48.191182][INFO][seed169] Sampled 3000 data instances
[2024-10-14T10:32:48.191686][INFO][seed169] Starting exact inference 
[2024-10-14T10:32:48.189955][INFO][seed20] PS(V1,V0) in [0.0, 0.0]
[2024-10-14T10:32:48.190354][INFO][seed20] No feasible solution... resampling
[2024-10-14T10:32:48.195639][INFO][seed74] No feasible solution... resampling
[2024-10-14T10:32:48.202967][INFO][seed26] PN(V1,V0) in [0.0, 0.9713448388147184] 
[2024-10-14T10:32:48.220020][INFO][seed136] No feasible solution... resampling
[2024-10-14T10:32:48.232417][INFO][seed26] Saved data to: /mnt/beegfs/rcabanas/dev/credici/papers/zeros/models/s3/simple_nparents1_nzr06_zdr05_ysize3_26.csv
[2024-10-14T10:32:48.242001][INFO][seed26] Saved model to: /mnt/beegfs/rcabanas/dev/credici/papers/zeros/models/s3/simple_nparents1_nzr06_zdr05_ysize3_26.uai
[2024-10-14T10:32:48.245397][INFO][seed26] Saved queries to: /mnt/beegfs/rcabanas/dev/credici/papers/zeros/models/s3/simple_nparents1_nzr06_zdr05_ysize3_26_query.csv
[2024-10-14T10:32:48.245518][INFO][seed26] Closing log file
[2024-10-14T10:32:48.245605][INFO][seed26] Closed log file
[2024-10-14T10:32:48.248217][INFO][seed20] Sampled 8000 data instances
[2024-10-14T10:32:48.248301][INFO][seed20] Starting exact inference 
[2024-10-14T10:32:48.257567][INFO][seed136] Sampled 3800 data instances
[2024-10-14T10:32:48.260425][INFO][seed136] Starting exact inference 
[2024-10-14T10:32:48.262651][INFO][seed74] Sampled 9600 data instances
[2024-10-14T10:32:48.262865][INFO][seed74] Starting exact inference 
[2024-10-14T10:32:48.272652][INFO][seed169] PS(V1,V0) in [0.0, 0.0]
[2024-10-14T10:32:48.273463][INFO][seed169] No feasible solution... resampling
[2024-10-14T10:32:48.293406][INFO][seed136] No feasible solution... resampling
[2024-10-14T10:32:48.297092][INFO][seed74] No feasible solution... resampling
[2024-10-14T10:32:48.303194][INFO][seed20] PS(V1,V0) in [0.0, 0.0]
[2024-10-14T10:32:48.303594][INFO][seed20] No feasible solution... resampling
[2024-10-14T10:32:48.299913][INFO][seed179] Set up logging
[2024-10-14T10:32:48.314705][INFO][seed169] Sampled 3100 data instances
[2024-10-14T10:32:48.315384][INFO][seed179] args: -np;1;-nzr;0.6;-zdr;0.5;-o;/mnt/beegfs/rcabanas/dev/credici/papers/zeros/models/s3;-rw;-s;179;-ys;3
[2024-10-14T10:32:48.318037][INFO][seed179] Starting logger with seed 179
[2024-10-14T10:32:48.323840][INFO][seed169] Starting exact inference 
[2024-10-14T10:32:48.326981][INFO][seed136] Sampled 3900 data instances
[2024-10-14T10:32:48.327179][INFO][seed136] Starting exact inference 
[2024-10-14T10:32:48.331522][INFO][seed179] simple_nparents1_nzr06_zdr05_ysize3_179
[2024-10-14T10:32:48.342468][INFO][seed23] U cardinality: 9
[2024-10-14T10:32:48.348890][INFO][seed23] !0 = [0, 4, 5, 6, 8]
[2024-10-14T10:32:48.349504][INFO][seed23] 0 = [1, 2, 3, 7]
[2024-10-14T10:32:48.353579][INFO][seed23] Dropping state 2
[2024-10-14T10:32:48.354298][INFO][seed23] Dropping state 1
[2024-10-14T10:32:48.356353][INFO][seed23] U cardinality: 7
[2024-10-14T10:32:48.361453][INFO][seed20] Sampled 8100 data instances
[2024-10-14T10:32:48.361537][INFO][seed20] Starting exact inference 
[2024-10-14T10:32:48.361708][INFO][seed23] 
[P([3]) [0.727, 0.273], P([2]) [0.001, 0.0, 0.011, 0.069, 0.001, 0.0, 0.918], P([1, 3]) [1.0, 0.0, 0.0, 1.0], P([0, 1, 2]) [1.0, 0.0, 0.0, 1.0, 0.0, 0.0, 0.0, 1.0, 0.0, 1.0, 0.0, 0.0, 0.0, 1.0, 0.0, 0.0, 1.0, 0.0, 0.0, 1.0, 0.0, 0.0, 0.0, 1.0, 0.0, 0.0, 1.0, 1.0, 0.0, 0.0, 0.0, 0.0, 1.0, 0.0, 1.0, 0.0, 0.0, 0.0, 1.0, 0.0, 0.0, 1.0]]

[2024-10-14T10:32:48.361629][INFO][seed74] Sampled 9700 data instances
[2024-10-14T10:32:48.361841][INFO][seed74] Starting exact inference 
[2024-10-14T10:32:48.381272][INFO][seed136] No feasible solution... resampling
[2024-10-14T10:32:48.387177][INFO][seed20] PS(V1,V0) in [0.0, 0.0]
[2024-10-14T10:32:48.387569][INFO][seed20] No feasible solution... resampling
[2024-10-14T10:32:48.392561][INFO][seed169] PS(V1,V0) in [0.0, 0.0]
[2024-10-14T10:32:48.393334][INFO][seed169] No feasible solution... resampling
[2024-10-14T10:32:48.409634][INFO][seed136] Sampled 4000 data instances
[2024-10-14T10:32:48.409707][INFO][seed136] Starting exact inference 
[2024-10-14T10:32:48.412989][INFO][seed74] No feasible solution... resampling
[2024-10-14T10:32:48.430861][INFO][seed169] Sampled 3200 data instances
[2024-10-14T10:32:48.437037][INFO][seed169] Starting exact inference 
[2024-10-14T10:32:48.449760][INFO][seed20] Sampled 8200 data instances
[2024-10-14T10:32:48.449984][INFO][seed20] Starting exact inference 
[2024-10-14T10:32:48.430705][INFO][seed144] Set up logging
[2024-10-14T10:32:48.459935][INFO][seed144] args: -np;1;-nzr;0.6;-zdr;0.5;-o;/mnt/beegfs/rcabanas/dev/credici/papers/zeros/models/s3;-rw;-s;144;-ys;3
[2024-10-14T10:32:48.461680][INFO][seed144] Starting logger with seed 144
[2024-10-14T10:32:48.467179][INFO][seed144] simple_nparents1_nzr06_zdr05_ysize3_144
[2024-10-14T10:32:48.451843][INFO][seed54] Set up logging
[2024-10-14T10:32:48.475263][INFO][seed54] args: -np;1;-nzr;0.6;-zdr;0.5;-o;/mnt/beegfs/rcabanas/dev/credici/papers/zeros/models/s3;-rw;-s;54;-ys;3
[2024-10-14T10:32:48.477185][INFO][seed54] Starting logger with seed 54
[2024-10-14T10:32:48.481652][INFO][seed74] Sampled 9800 data instances
[2024-10-14T10:32:48.481867][INFO][seed74] Starting exact inference 
[2024-10-14T10:32:48.495521][INFO][seed54] simple_nparents1_nzr06_zdr05_ysize3_54
[2024-10-14T10:32:48.492080][INFO][seed136] No feasible solution... resampling
[2024-10-14T10:32:48.509723][INFO][seed20] PS(V1,V0) in [0.0, 0.0]
[2024-10-14T10:32:48.510130][INFO][seed20] No feasible solution... resampling
[2024-10-14T10:32:48.516013][INFO][seed74] No feasible solution... resampling
[2024-10-14T10:32:48.523657][INFO][seed169] PS(V1,V0) in [0.0, 0.0]
[2024-10-14T10:32:48.524395][INFO][seed169] No feasible solution... resampling
[2024-10-14T10:32:48.534563][INFO][seed136] Sampled 4100 data instances
[2024-10-14T10:32:48.534661][INFO][seed136] Starting exact inference 
[2024-10-14T10:32:48.524950][INFO][seed180] Set up logging
[2024-10-14T10:32:48.540622][INFO][seed180] args: -np;1;-nzr;0.6;-zdr;0.5;-o;/mnt/beegfs/rcabanas/dev/credici/papers/zeros/models/s3;-rw;-s;180;-ys;3
[2024-10-14T10:32:48.549140][INFO][seed23] Sampled 1000 data instances
[2024-10-14T10:32:48.549383][INFO][seed23] Starting exact inference 
[2024-10-14T10:32:48.555564][INFO][seed180] Starting logger with seed 180
[2024-10-14T10:32:48.560644][INFO][seed180] simple_nparents1_nzr06_zdr05_ysize3_180
[2024-10-14T10:32:48.568112][INFO][seed169] Sampled 3300 data instances
[2024-10-14T10:32:48.568434][INFO][seed20] Sampled 8300 data instances
[2024-10-14T10:32:48.568250][INFO][seed169] Starting exact inference 
[2024-10-14T10:32:48.568517][INFO][seed20] Starting exact inference 
[2024-10-14T10:32:48.574422][INFO][seed136] No feasible solution... resampling
[2024-10-14T10:32:48.581490][INFO][seed74] Sampled 9900 data instances
[2024-10-14T10:32:48.581716][INFO][seed74] Starting exact inference 
[2024-10-14T10:32:48.587431][INFO][seed179] U cardinality: 9
[2024-10-14T10:32:48.592428][INFO][seed179] !0 = [1, 2, 3, 4, 8]
[2024-10-14T10:32:48.592872][INFO][seed179] 0 = [0, 5, 6, 7]
[2024-10-14T10:32:48.600897][INFO][seed179] Dropping state 7
[2024-10-14T10:32:48.602039][INFO][seed179] Dropping state 6
[2024-10-14T10:32:48.602759][INFO][seed179] Dropping state 5
[2024-10-14T10:32:48.604085][INFO][seed179] Dropping state 0
[2024-10-14T10:32:48.603994][INFO][seed136] Sampled 4200 data instances
[2024-10-14T10:32:48.604074][INFO][seed136] Starting exact inference 
[2024-10-14T10:32:48.598615][INFO][seed20] PS(V1,V0) in [0.0, 0.0]
[2024-10-14T10:32:48.598996][INFO][seed20] No feasible solution... resampling
[2024-10-14T10:32:48.609137][INFO][seed179] U cardinality: 5
[2024-10-14T10:32:48.616292][INFO][seed74] No feasible solution... resampling
[2024-10-14T10:32:48.622777][INFO][seed179] 
[P([3]) [0.135, 0.865], P([2]) [0.227, 0.003, 0.078, 0.203, 0.489], P([1, 3]) [1.0, 0.0, 0.0, 1.0], P([0, 1, 2]) [1.0, 0.0, 0.0, 0.0, 1.0, 0.0, 1.0, 0.0, 0.0, 0.0, 0.0, 1.0, 0.0, 1.0, 0.0, 1.0, 0.0, 0.0, 0.0, 1.0, 0.0, 0.0, 1.0, 0.0, 0.0, 0.0, 1.0, 0.0, 0.0, 1.0]]

[2024-10-14T10:32:48.611666][INFO][seed133] Set up logging
[2024-10-14T10:32:48.633900][INFO][seed133] args: -np;1;-nzr;0.6;-zdr;0.5;-o;/mnt/beegfs/rcabanas/dev/credici/papers/zeros/models/s3;-rw;-s;133;-ys;3
[2024-10-14T10:32:48.635319][INFO][seed133] Starting logger with seed 133
[2024-10-14T10:32:48.632654][INFO][seed136] No feasible solution... resampling
[2024-10-14T10:32:48.647315][INFO][seed133] simple_nparents1_nzr06_zdr05_ysize3_133
[2024-10-14T10:32:48.650521][INFO][seed169] PS(V1,V0) in [0.0, 0.0]
[2024-10-14T10:32:48.651252][INFO][seed169] No feasible solution... resampling
[2024-10-14T10:32:48.663101][INFO][seed20] Sampled 8400 data instances
[2024-10-14T10:32:48.663190][INFO][seed20] Starting exact inference 
[2024-10-14T10:32:48.663356][INFO][seed136] Sampled 4300 data instances
[2024-10-14T10:32:48.663430][INFO][seed136] Starting exact inference 
[2024-10-14T10:32:48.684914][INFO][seed169] Sampled 3400 data instances
[2024-10-14T10:32:48.685574][INFO][seed169] Starting exact inference 
[2024-10-14T10:32:48.687769][INFO][seed74] Sampled 10000 data instances
[2024-10-14T10:32:48.687988][INFO][seed74] Starting exact inference 
[2024-10-14T10:32:48.698514][INFO][seed54] U cardinality: 9
[2024-10-14T10:32:48.694911][INFO][seed20] PS(V1,V0) in [0.0, 0.0]
[2024-10-14T10:32:48.695294][INFO][seed20] No feasible solution... resampling
[2024-10-14T10:32:48.703474][INFO][seed54] !0 = [3, 4, 5, 6, 7]
[2024-10-14T10:32:48.704004][INFO][seed54] 0 = [0, 1, 2, 8]
[2024-10-14T10:32:48.706010][INFO][seed54] U cardinality: 9
[2024-10-14T10:32:48.711109][INFO][seed144] U cardinality: 9
[2024-10-14T10:32:48.711721][INFO][seed54] 
[P([3]) [0.049, 0.951], P([2]) [0.0, 0.0, 0.0, 0.041, 0.008, 0.354, 0.024, 0.573, 0.0], P([1, 3]) [1.0, 0.0, 0.0, 1.0], P([0, 1, 2]) [1.0, 0.0, 0.0, 1.0, 0.0, 0.0, 1.0, 0.0, 0.0, 0.0, 1.0, 0.0, 1.0, 0.0, 0.0, 0.0, 0.0, 1.0, 0.0, 1.0, 0.0, 1.0, 0.0, 0.0, 0.0, 1.0, 0.0, 0.0, 1.0, 0.0, 0.0, 1.0, 0.0, 0.0, 0.0, 1.0, 0.0, 0.0, 1.0, 1.0, 0.0, 0.0, 0.0, 0.0, 1.0, 0.0, 1.0, 0.0, 0.0, 0.0, 1.0, 0.0, 0.0, 1.0]]

[2024-10-14T10:32:48.716963][INFO][seed144] !0 = [0, 2, 3, 4, 6]
[2024-10-14T10:32:48.712038][INFO][seed136] No feasible solution... resampling
[2024-10-14T10:32:48.719892][INFO][seed144] 0 = [1, 5, 7, 8]
[2024-10-14T10:32:48.726369][INFO][seed144] Dropping state 8
[2024-10-14T10:32:48.727851][INFO][seed74] No feasible solution... resampling
[2024-10-14T10:32:48.727949][SEVERE][seed74] java.lang.IllegalStateException: Unable to generate compatible data
[2024-10-14T10:32:48.727964][INFO][seed74] Closing log file
[2024-10-14T10:32:48.727973][INFO][seed74] Closed log file
[2024-10-14T10:32:48.729212][INFO][seed144] U cardinality: 8
[2024-10-14T10:32:48.745933][INFO][seed144] 
[P([3]) [0.767, 0.233], P([2]) [0.001, 0.0, 0.001, 0.002, 0.002, 0.0, 0.994, 0.0], P([1, 3]) [1.0, 0.0, 0.0, 1.0], P([0, 1, 2]) [1.0, 0.0, 0.0, 1.0, 0.0, 0.0, 1.0, 0.0, 0.0, 0.0, 1.0, 0.0, 1.0, 0.0, 0.0, 0.0, 0.0, 1.0, 0.0, 1.0, 0.0, 1.0, 0.0, 0.0, 0.0, 1.0, 0.0, 0.0, 1.0, 0.0, 0.0, 1.0, 0.0, 0.0, 0.0, 1.0, 0.0, 0.0, 1.0, 1.0, 0.0, 0.0, 0.0, 0.0, 1.0, 0.0, 1.0, 0.0]]

[2024-10-14T10:32:48.757820][INFO][seed20] Sampled 8500 data instances
[2024-10-14T10:32:48.757896][INFO][seed20] Starting exact inference 
[2024-10-14T10:32:48.758516][INFO][seed136] Sampled 4400 data instances
[2024-10-14T10:32:48.759185][INFO][seed136] Starting exact inference 
[2024-10-14T10:32:48.759543][INFO][seed169] PS(V1,V0) in [0.0, 0.0]
[2024-10-14T10:32:48.760284][INFO][seed169] No feasible solution... resampling
[2024-10-14T10:32:48.778838][INFO][seed180] U cardinality: 9
[2024-10-14T10:32:48.784281][INFO][seed180] !0 = [2, 4, 6, 7, 8]
[2024-10-14T10:32:48.786374][INFO][seed180] 0 = [0, 1, 3, 5]
[2024-10-14T10:32:48.791657][INFO][seed180] Dropping state 1
[2024-10-14T10:32:48.779656][INFO][seed170] Set up logging
[2024-10-14T10:32:48.793768][INFO][seed170] args: -np;1;-nzr;0.6;-zdr;0.5;-o;/mnt/beegfs/rcabanas/dev/credici/papers/zeros/models/s3;-rw;-s;170;-ys;3
[2024-10-14T10:32:48.794][INFO][seed180] U cardinality: 8
[2024-10-14T10:32:48.794703][INFO][seed20] PS(V1,V0) in [0.0, 0.0]
[2024-10-14T10:32:48.795068][INFO][seed20] No feasible solution... resampling
[2024-10-14T10:32:48.797926][INFO][seed133] U cardinality: 9
[2024-10-14T10:32:48.798063][INFO][seed170] Starting logger with seed 170
[2024-10-14T10:32:48.801915][INFO][seed133] !0 = [1, 2, 4, 5, 7]
[2024-10-14T10:32:48.802185][INFO][seed133] 0 = [0, 3, 6, 8]
[2024-10-14T10:32:48.803686][INFO][seed133] U cardinality: 9
[2024-10-14T10:32:48.803848][INFO][seed170] simple_nparents1_nzr06_zdr05_ysize3_170
[2024-10-14T10:32:48.804738][INFO][seed169] Sampled 3500 data instances
[2024-10-14T10:32:48.804839][INFO][seed169] Starting exact inference 
[2024-10-14T10:32:48.808279][INFO][seed133] 
[P([3]) [0.309, 0.691], P([2]) [0.0, 0.002, 0.451, 0.0, 0.284, 0.154, 0.0, 0.109, 0.0], P([1, 3]) [1.0, 0.0, 0.0, 1.0], P([0, 1, 2]) [1.0, 0.0, 0.0, 1.0, 0.0, 0.0, 1.0, 0.0, 0.0, 0.0, 1.0, 0.0, 1.0, 0.0, 0.0, 0.0, 0.0, 1.0, 0.0, 1.0, 0.0, 1.0, 0.0, 0.0, 0.0, 1.0, 0.0, 0.0, 1.0, 0.0, 0.0, 1.0, 0.0, 0.0, 0.0, 1.0, 0.0, 0.0, 1.0, 1.0, 0.0, 0.0, 0.0, 0.0, 1.0, 0.0, 1.0, 0.0, 0.0, 0.0, 1.0, 0.0, 0.0, 1.0]]

[2024-10-14T10:32:48.802773][INFO][seed136] No feasible solution... resampling
[2024-10-14T10:32:48.809877][INFO][seed180] 
[P([3]) [0.842, 0.158], P([2]) [0.0, 0.064, 0.0, 0.003, 0.0, 0.001, 0.003, 0.929], P([1, 3]) [1.0, 0.0, 0.0, 1.0], P([0, 1, 2]) [1.0, 0.0, 0.0, 1.0, 0.0, 0.0, 1.0, 0.0, 0.0, 0.0, 0.0, 1.0, 0.0, 1.0, 0.0, 1.0, 0.0, 0.0, 0.0, 1.0, 0.0, 0.0, 1.0, 0.0, 0.0, 1.0, 0.0, 0.0, 0.0, 1.0, 0.0, 0.0, 1.0, 1.0, 0.0, 0.0, 0.0, 0.0, 1.0, 0.0, 1.0, 0.0, 0.0, 0.0, 1.0, 0.0, 0.0, 1.0]]

[2024-10-14T10:32:48.816528][INFO][seed179] Sampled 1000 data instances
[2024-10-14T10:32:48.816825][INFO][seed179] Starting exact inference 
[2024-10-14T10:32:48.835472][INFO][seed136] Sampled 4500 data instances
[2024-10-14T10:32:48.835688][INFO][seed136] Starting exact inference 
[2024-10-14T10:32:48.855719][INFO][seed20] Sampled 8600 data instances
[2024-10-14T10:32:48.855807][INFO][seed20] Starting exact inference 
[2024-10-14T10:32:48.863386][INFO][seed136] No feasible solution... resampling
[2024-10-14T10:32:48.879414][INFO][seed169] PS(V1,V0) in [0.0, 0.0]
[2024-10-14T10:32:48.880087][INFO][seed169] No feasible solution... resampling
[2024-10-14T10:32:48.896849][INFO][seed136] Sampled 4600 data instances
[2024-10-14T10:32:48.896931][INFO][seed136] Starting exact inference 
[2024-10-14T10:32:48.892497][INFO][seed20] PS(V1,V0) in [0.0, 0.0]
[2024-10-14T10:32:48.892908][INFO][seed20] No feasible solution... resampling
[2024-10-14T10:32:48.910298][INFO][seed54] Sampled 1000 data instances
[2024-10-14T10:32:48.910584][INFO][seed54] Starting exact inference 
[2024-10-14T10:32:48.915584][INFO][seed169] Sampled 3600 data instances
[2024-10-14T10:32:48.915672][INFO][seed169] Starting exact inference 
[2024-10-14T10:32:48.948748][INFO][seed136] No feasible solution... resampling
[2024-10-14T10:32:48.957126][INFO][seed144] Sampled 1000 data instances
[2024-10-14T10:32:48.957215][INFO][seed144] Starting exact inference 
[2024-10-14T10:32:48.958256][INFO][seed20] Sampled 8700 data instances
[2024-10-14T10:32:48.958454][INFO][seed20] Starting exact inference 
[2024-10-14T10:32:48.982267][INFO][seed136] Sampled 4700 data instances
[2024-10-14T10:32:48.982350][INFO][seed136] Starting exact inference 
[2024-10-14T10:32:48.990721][INFO][seed133] Sampled 1000 data instances
[2024-10-14T10:32:48.990998][INFO][seed133] Starting exact inference 
[2024-10-14T10:32:48.985564][INFO][seed20] PS(V1,V0) in [0.0, 0.0]
[2024-10-14T10:32:48.985929][INFO][seed20] No feasible solution... resampling
[2024-10-14T10:32:48.998192][INFO][seed169] PS(V1,V0) in [0.0, 0.0]
[2024-10-14T10:32:48.998771][INFO][seed169] No feasible solution... resampling
[2024-10-14T10:32:49.004681][INFO][seed180] Sampled 1000 data instances
[2024-10-14T10:32:49.004928][INFO][seed180] Starting exact inference 
[2024-10-14T10:32:49.008660][INFO][seed136] No feasible solution... resampling
[2024-10-14T10:32:49.041820][INFO][seed169] Sampled 3700 data instances
[2024-10-14T10:32:49.042094][INFO][seed169] Starting exact inference 
[2024-10-14T10:32:49.044613][INFO][seed136] Sampled 4800 data instances
[2024-10-14T10:32:49.044857][INFO][seed136] Starting exact inference 
[2024-10-14T10:32:49.053249][INFO][seed170] U cardinality: 9
[2024-10-14T10:32:49.053777][INFO][seed20] Sampled 8800 data instances
[2024-10-14T10:32:49.053873][INFO][seed20] Starting exact inference 
[2024-10-14T10:32:49.059112][INFO][seed170] !0 = [0, 1, 3, 4, 7]
[2024-10-14T10:32:49.059559][INFO][seed170] 0 = [2, 5, 6, 8]
[2024-10-14T10:32:49.065745][INFO][seed170] Dropping state 6
[2024-10-14T10:32:49.067384][INFO][seed170] Dropping state 5
[2024-10-14T10:32:49.068583][INFO][seed170] Dropping state 2
[2024-10-14T10:32:49.071387][INFO][seed170] U cardinality: 6
[2024-10-14T10:32:49.083121][INFO][seed136] No feasible solution... resampling
[2024-10-14T10:32:49.091476][INFO][seed170] 
[P([3]) [0.38, 0.62], P([2]) [0.075, 0.38, 0.098, 0.004, 0.443, 0.0], P([1, 3]) [1.0, 0.0, 0.0, 1.0], P([0, 1, 2]) [1.0, 0.0, 0.0, 1.0, 0.0, 0.0, 1.0, 0.0, 0.0, 0.0, 1.0, 0.0, 0.0, 1.0, 0.0, 1.0, 0.0, 0.0, 0.0, 1.0, 0.0, 0.0, 1.0, 0.0, 0.0, 0.0, 1.0, 0.0, 1.0, 0.0, 0.0, 0.0, 1.0, 0.0, 0.0, 1.0]]

[2024-10-14T10:32:49.087839][INFO][seed20] PS(V1,V0) in [0.0, 0.0]
[2024-10-14T10:32:49.088219][INFO][seed20] No feasible solution... resampling
[2024-10-14T10:32:49.096991][INFO][seed169] PS(V1,V0) in [0.0, 0.0]
[2024-10-14T10:32:49.100231][INFO][seed169] No feasible solution... resampling
[2024-10-14T10:32:49.119143][INFO][seed136] Sampled 4900 data instances
[2024-10-14T10:32:49.119218][INFO][seed136] Starting exact inference 
[2024-10-14T10:32:49.142546][INFO][seed169] Sampled 3800 data instances
[2024-10-14T10:32:49.142648][INFO][seed169] Starting exact inference 
[2024-10-14T10:32:49.152946][INFO][seed20] Sampled 8900 data instances
[2024-10-14T10:32:49.153052][INFO][seed20] Starting exact inference 
[2024-10-14T10:32:49.152728][INFO][seed136] No feasible solution... resampling
[2024-10-14T10:32:49.195783][INFO][seed20] PS(V1,V0) in [0.0, 0.0]
[2024-10-14T10:32:49.196174][INFO][seed20] No feasible solution... resampling
[2024-10-14T10:32:49.202776][INFO][seed169] PS(V1,V0) in [0.0, 0.0]
[2024-10-14T10:32:49.203375][INFO][seed169] No feasible solution... resampling
[2024-10-14T10:32:49.233055][INFO][seed136] Sampled 5000 data instances
[2024-10-14T10:32:49.242844][INFO][seed136] Starting exact inference 
[2024-10-14T10:32:49.260598][INFO][seed20] Sampled 9000 data instances
[2024-10-14T10:32:49.260685][INFO][seed20] Starting exact inference 
[2024-10-14T10:32:49.259753][INFO][seed169] Sampled 3900 data instances
[2024-10-14T10:32:49.261174][INFO][seed169] Starting exact inference 
[2024-10-14T10:32:49.276160][INFO][seed170] Sampled 1000 data instances
[2024-10-14T10:32:49.276402][INFO][seed170] Starting exact inference 
[2024-10-14T10:32:49.293807][INFO][seed136] No feasible solution... resampling
[2024-10-14T10:32:49.298443][INFO][seed23] No feasible solution... resampling
[2024-10-14T10:32:49.324481][INFO][seed169] PS(V1,V0) in [0.0, 0.0]
[2024-10-14T10:32:49.325046][INFO][seed169] No feasible solution... resampling
[2024-10-14T10:32:49.333858][INFO][seed20] PS(V1,V0) in [0.0, 0.0]
[2024-10-14T10:32:49.334253][INFO][seed20] No feasible solution... resampling
[2024-10-14T10:32:49.341411][INFO][seed136] Sampled 5100 data instances
[2024-10-14T10:32:49.341565][INFO][seed136] Starting exact inference 
[2024-10-14T10:32:49.362538][INFO][seed169] Sampled 4000 data instances
[2024-10-14T10:32:49.362634][INFO][seed169] Starting exact inference 
[2024-10-14T10:32:49.364391][INFO][seed23] Sampled 1100 data instances
[2024-10-14T10:32:49.364878][INFO][seed23] Starting exact inference 
[2024-10-14T10:32:49.373164][INFO][seed136] No feasible solution... resampling
[2024-10-14T10:32:49.410896][INFO][seed136] Sampled 5200 data instances
[2024-10-14T10:32:49.410971][INFO][seed136] Starting exact inference 
[2024-10-14T10:32:49.425783][INFO][seed20] Sampled 9100 data instances
[2024-10-14T10:32:49.425985][INFO][seed20] Starting exact inference 
[2024-10-14T10:32:49.451183][INFO][seed169] PS(V1,V0) in [0.0, 0.0]
[2024-10-14T10:32:49.451794][INFO][seed169] No feasible solution... resampling
[2024-10-14T10:32:49.458983][INFO][seed136] No feasible solution... resampling
[2024-10-14T10:32:49.460999][INFO][seed20] PS(V1,V0) in [0.0, 0.0]
[2024-10-14T10:32:49.461372][INFO][seed20] No feasible solution... resampling
Error in variable: 2
[2024-10-14T10:32:49.501985][INFO][seed179] No feasible solution... resampling
[2024-10-14T10:32:49.502177][INFO][seed136] Sampled 5300 data instances
[2024-10-14T10:32:49.502372][INFO][seed136] Starting exact inference 
[2024-10-14T10:32:49.508755][INFO][seed169] Sampled 4100 data instances
[2024-10-14T10:32:49.509015][INFO][seed169] Starting exact inference 
[2024-10-14T10:32:49.529996][INFO][seed20] Sampled 9200 data instances
[2024-10-14T10:32:49.530202][INFO][seed20] Starting exact inference 
[2024-10-14T10:32:49.535113][INFO][seed136] No feasible solution... resampling
[2024-10-14T10:32:49.545131][INFO][seed23] PS(V1,V0) in [0.0, 0.0]
[2024-10-14T10:32:49.552025][INFO][seed23] PN(V1,V0) in [0.0, 0.0] 
[2024-10-14T10:32:49.552134][INFO][seed169] PS(V1,V0) in [0.0, 0.0]
[2024-10-14T10:32:49.552739][INFO][seed169] No feasible solution... resampling
[2024-10-14T10:32:49.561308][INFO][seed20] PS(V1,V0) in [0.0, 0.0]
[2024-10-14T10:32:49.561653][INFO][seed20] No feasible solution... resampling
[2024-10-14T10:32:49.578524][INFO][seed179] Sampled 1100 data instances
[2024-10-14T10:32:49.578786][INFO][seed179] Starting exact inference 
[2024-10-14T10:32:49.582648][INFO][seed23] Saved data to: /mnt/beegfs/rcabanas/dev/credici/papers/zeros/models/s3/simple_nparents1_nzr06_zdr05_ysize3_23.csv
[2024-10-14T10:32:49.586558][INFO][seed136] Sampled 5400 data instances
[2024-10-14T10:32:49.587226][INFO][seed136] Starting exact inference 
[2024-10-14T10:32:49.603113][INFO][seed23] Saved model to: /mnt/beegfs/rcabanas/dev/credici/papers/zeros/models/s3/simple_nparents1_nzr06_zdr05_ysize3_23.uai
[2024-10-14T10:32:49.605054][INFO][seed169] Sampled 4200 data instances
[2024-10-14T10:32:49.605191][INFO][seed169] Starting exact inference 
[2024-10-14T10:32:49.606494][INFO][seed23] Saved queries to: /mnt/beegfs/rcabanas/dev/credici/papers/zeros/models/s3/simple_nparents1_nzr06_zdr05_ysize3_23_query.csv
[2024-10-14T10:32:49.606531][INFO][seed23] Closing log file
[2024-10-14T10:32:49.606555][INFO][seed23] Closed log file
[2024-10-14T10:32:49.620414][INFO][seed136] No feasible solution... resampling
[2024-10-14T10:32:49.626294][INFO][seed20] Sampled 9300 data instances
[2024-10-14T10:32:49.627088][INFO][seed20] Starting exact inference 
[2024-10-14T10:32:49.635975][INFO][seed169] PS(V1,V0) in [0.0, 0.0]
[2024-10-14T10:32:49.636537][INFO][seed169] No feasible solution... resampling
Removed 000
Removed 000
Removed 000
Removed 000
Removed 000
Error in variable: 2
[2024-10-14T10:32:49.656777][INFO][seed54] No feasible solution... resampling
[2024-10-14T10:32:49.658327][INFO][seed136] Sampled 5500 data instances
[2024-10-14T10:32:49.658402][INFO][seed136] Starting exact inference 
[2024-10-14T10:32:49.666094][INFO][seed20] PS(V1,V0) in [0.0, 0.0]
[2024-10-14T10:32:49.666446][INFO][seed20] No feasible solution... resampling
[2024-10-14T10:32:49.674344][INFO][seed169] Sampled 4300 data instances
[2024-10-14T10:32:49.674423][INFO][seed169] Starting exact inference 
[2024-10-14T10:32:49.683834][INFO][seed136] No feasible solution... resampling
[2024-10-14T10:32:49.723388][INFO][seed136] Sampled 5600 data instances
[2024-10-14T10:32:49.723464][INFO][seed136] Starting exact inference 
[2024-10-14T10:32:49.732572][INFO][seed54] Sampled 1100 data instances
[2024-10-14T10:32:49.732837][INFO][seed54] Starting exact inference 
[2024-10-14T10:32:49.737748][INFO][seed20] Sampled 9400 data instances
[2024-10-14T10:32:49.737953][INFO][seed20] Starting exact inference 
[2024-10-14T10:32:49.745031][INFO][seed169] PS(V1,V0) in [0.0, 0.0]
[2024-10-14T10:32:49.745510][INFO][seed169] No feasible solution... resampling
[2024-10-14T10:32:49.769094][INFO][seed20] PS(V1,V0) in [0.0, 0.0]
[2024-10-14T10:32:49.769450][INFO][seed20] No feasible solution... resampling
[2024-10-14T10:32:49.776387][INFO][seed136] No feasible solution... resampling
[2024-10-14T10:32:49.778938][INFO][seed169] Sampled 4400 data instances
[2024-10-14T10:32:49.779011][INFO][seed169] Starting exact inference 
[2024-10-14T10:32:49.796136][INFO][seed133] PS(V1,V0) in [0.0, 0.8810227708695358]
[2024-10-14T10:32:49.802865][INFO][seed133] PN(V1,V0) in [0.0, 1.0] 
[2024-10-14T10:32:49.811483][INFO][seed144] PS(V1,V0) in [0.0, 0.0]
[2024-10-14T10:32:49.813306][INFO][seed179] PS(V1,V0) in [0.8834204598580475, 0.8834204598580475]
[2024-10-14T10:32:49.822178][INFO][seed136] Sampled 5700 data instances
[2024-10-14T10:32:49.822358][INFO][seed136] Starting exact inference 
[2024-10-14T10:32:49.817743][INFO][seed179] PN(V1,V0) in [0.5086379875691284, 0.5086379875691284] 
[2024-10-14T10:32:49.818989][INFO][seed169] PS(V1,V0) in [0.0, 0.0]
[2024-10-14T10:32:49.819489][INFO][seed169] No feasible solution... resampling
[2024-10-14T10:32:49.835717][INFO][seed20] Sampled 9500 data instances
[2024-10-14T10:32:49.835801][INFO][seed20] Starting exact inference 
[2024-10-14T10:32:49.836430][INFO][seed144] No feasible solution... resampling
[2024-10-14T10:32:49.841068][INFO][seed180] PS(V1,V0) in [0.0, 0.0]
[2024-10-14T10:32:49.847434][INFO][seed133] Saved data to: /mnt/beegfs/rcabanas/dev/credici/papers/zeros/models/s3/simple_nparents1_nzr06_zdr05_ysize3_133.csv
[2024-10-14T10:32:49.851368][INFO][seed180] PN(V1,V0) in [0.0, 0.0] 
[2024-10-14T10:32:49.854517][INFO][seed169] Sampled 4500 data instances
[2024-10-14T10:32:49.854605][INFO][seed169] Starting exact inference 
[2024-10-14T10:32:49.856128][INFO][seed133] Saved model to: /mnt/beegfs/rcabanas/dev/credici/papers/zeros/models/s3/simple_nparents1_nzr06_zdr05_ysize3_133.uai
[2024-10-14T10:32:49.857225][INFO][seed179] Saved data to: /mnt/beegfs/rcabanas/dev/credici/papers/zeros/models/s3/simple_nparents1_nzr06_zdr05_ysize3_179.csv
[2024-10-14T10:32:49.859660][INFO][seed133] Saved queries to: /mnt/beegfs/rcabanas/dev/credici/papers/zeros/models/s3/simple_nparents1_nzr06_zdr05_ysize3_133_query.csv
[2024-10-14T10:32:49.859757][INFO][seed133] Closing log file
[2024-10-14T10:32:49.859834][INFO][seed133] Closed log file
[2024-10-14T10:32:49.877466][INFO][seed179] Saved model to: /mnt/beegfs/rcabanas/dev/credici/papers/zeros/models/s3/simple_nparents1_nzr06_zdr05_ysize3_179.uai
[2024-10-14T10:32:49.882168][INFO][seed179] Saved queries to: /mnt/beegfs/rcabanas/dev/credici/papers/zeros/models/s3/simple_nparents1_nzr06_zdr05_ysize3_179_query.csv
[2024-10-14T10:32:49.882407][INFO][seed179] Closing log file
[2024-10-14T10:32:49.882492][INFO][seed179] Closed log file
[2024-10-14T10:32:49.897003][INFO][seed180] Saved data to: /mnt/beegfs/rcabanas/dev/credici/papers/zeros/models/s3/simple_nparents1_nzr06_zdr05_ysize3_180.csv
[2024-10-14T10:32:49.894309][INFO][seed136] No feasible solution... resampling
[2024-10-14T10:32:49.906875][INFO][seed180] Saved model to: /mnt/beegfs/rcabanas/dev/credici/papers/zeros/models/s3/simple_nparents1_nzr06_zdr05_ysize3_180.uai
[2024-10-14T10:32:49.899283][INFO][seed20] PS(V1,V0) in [0.0, 0.0]
[2024-10-14T10:32:49.899642][INFO][seed20] No feasible solution... resampling
[2024-10-14T10:32:49.910289][INFO][seed180] Saved queries to: /mnt/beegfs/rcabanas/dev/credici/papers/zeros/models/s3/simple_nparents1_nzr06_zdr05_ysize3_180_query.csv
[2024-10-14T10:32:49.910401][INFO][seed180] Closing log file
[2024-10-14T10:32:49.910636][INFO][seed180] Closed log file
[2024-10-14T10:32:49.910591][INFO][seed144] Sampled 1100 data instances
[2024-10-14T10:32:49.910884][INFO][seed144] Starting exact inference 
[2024-10-14T10:32:49.914390][INFO][seed169] PS(V1,V0) in [0.0, 0.0]
[2024-10-14T10:32:49.914872][INFO][seed169] No feasible solution... resampling
[2024-10-14T10:32:49.934901][INFO][seed136] Sampled 5800 data instances
[2024-10-14T10:32:49.934978][INFO][seed136] Starting exact inference 
[2024-10-14T10:32:49.959615][INFO][seed169] Sampled 4600 data instances
[2024-10-14T10:32:49.959841][INFO][seed169] Starting exact inference 
[2024-10-14T10:32:49.967233][INFO][seed54] No feasible solution... resampling
[2024-10-14T10:32:49.969422][INFO][seed20] Sampled 9600 data instances
[2024-10-14T10:32:49.969510][INFO][seed20] Starting exact inference 
[2024-10-14T10:32:49.978866][INFO][seed136] No feasible solution... resampling
[2024-10-14T10:32:50.000784][INFO][seed20] PS(V1,V0) in [0.0, 0.0]
[2024-10-14T10:32:50.001136][INFO][seed20] No feasible solution... resampling
[2024-10-14T10:32:50.020166][INFO][seed136] Sampled 5900 data instances
[2024-10-14T10:32:50.020249][INFO][seed136] Starting exact inference 
[2024-10-14T10:32:50.031615][INFO][seed54] Sampled 1200 data instances
[2024-10-14T10:32:50.031879][INFO][seed54] Starting exact inference 
[2024-10-14T10:32:50.039016][INFO][seed144] PS(V1,V0) in [0.0, 0.0]
[2024-10-14T10:32:50.040344][INFO][seed144] No feasible solution... resampling
[2024-10-14T10:32:50.057411][INFO][seed169] PS(V1,V0) in [0.0, 0.0]
[2024-10-14T10:32:50.057882][INFO][seed169] No feasible solution... resampling
[2024-10-14T10:32:50.068512][INFO][seed20] Sampled 9700 data instances
[2024-10-14T10:32:50.068594][INFO][seed20] Starting exact inference 
[2024-10-14T10:32:50.069071][INFO][seed136] No feasible solution... resampling
[2024-10-14T10:32:50.093857][INFO][seed169] Sampled 4700 data instances
[2024-10-14T10:32:50.093931][INFO][seed169] Starting exact inference 
[2024-10-14T10:32:50.103545][INFO][seed144] Sampled 1200 data instances
[2024-10-14T10:32:50.110294][INFO][seed136] Sampled 6000 data instances
[2024-10-14T10:32:50.110368][INFO][seed136] Starting exact inference 
[2024-10-14T10:32:50.111440][INFO][seed170] PS(V1,V0) in [0.6061938666294383, 0.8610917213458049]
[2024-10-14T10:32:50.116062][INFO][seed144] Starting exact inference 
[2024-10-14T10:32:50.120304][INFO][seed170] PN(V1,V0) in [0.31360818537466145, 0.4454769786337647] 
[2024-10-14T10:32:50.124499][INFO][seed169] PS(V1,V0) in [0.0, 0.0]
[2024-10-14T10:32:50.124987][INFO][seed169] No feasible solution... resampling
[2024-10-14T10:32:50.132738][INFO][seed20] PS(V1,V0) in [0.0, 0.0]
[2024-10-14T10:32:50.133098][INFO][seed20] No feasible solution... resampling
[2024-10-14T10:32:50.147329][INFO][seed136] No feasible solution... resampling
[2024-10-14T10:32:50.161767][INFO][seed169] Sampled 4800 data instances
[2024-10-14T10:32:50.161113][INFO][seed54] No feasible solution... resampling
[2024-10-14T10:32:50.161842][INFO][seed169] Starting exact inference 
[2024-10-14T10:32:50.166213][INFO][seed170] Saved data to: /mnt/beegfs/rcabanas/dev/credici/papers/zeros/models/s3/simple_nparents1_nzr06_zdr05_ysize3_170.csv
[2024-10-14T10:32:50.176221][INFO][seed170] Saved model to: /mnt/beegfs/rcabanas/dev/credici/papers/zeros/models/s3/simple_nparents1_nzr06_zdr05_ysize3_170.uai
[2024-10-14T10:32:50.179974][INFO][seed170] Saved queries to: /mnt/beegfs/rcabanas/dev/credici/papers/zeros/models/s3/simple_nparents1_nzr06_zdr05_ysize3_170_query.csv
[2024-10-14T10:32:50.180181][INFO][seed170] Closing log file
[2024-10-14T10:32:50.180268][INFO][seed170] Closed log file
Error in variable: 2
[2024-10-14T10:32:50.177627][INFO][seed144] No feasible solution... resampling
[2024-10-14T10:32:50.189853][INFO][seed136] Sampled 6100 data instances
[2024-10-14T10:32:50.189931][INFO][seed136] Starting exact inference 
[2024-10-14T10:32:50.204061][INFO][seed169] PS(V1,V0) in [0.0, 0.0]
[2024-10-14T10:32:50.204566][INFO][seed169] No feasible solution... resampling
[2024-10-14T10:32:50.218942][INFO][seed54] Sampled 1300 data instances
[2024-10-14T10:32:50.219201][INFO][seed54] Starting exact inference 
[2024-10-14T10:32:50.228746][INFO][seed20] Sampled 9800 data instances
[2024-10-14T10:32:50.228942][INFO][seed20] Starting exact inference 
[2024-10-14T10:32:50.227365][INFO][seed136] No feasible solution... resampling
[2024-10-14T10:32:50.239863][INFO][seed144] Sampled 1300 data instances
[2024-10-14T10:32:50.241846][INFO][seed144] Starting exact inference 
[2024-10-14T10:32:50.244226][INFO][seed169] Sampled 4900 data instances
[2024-10-14T10:32:50.244552][INFO][seed169] Starting exact inference 
[2024-10-14T10:32:50.260189][INFO][seed20] PS(V1,V0) in [0.0, 0.0]
[2024-10-14T10:32:50.260533][INFO][seed20] No feasible solution... resampling
[2024-10-14T10:32:50.271418][INFO][seed136] Sampled 6200 data instances
[2024-10-14T10:32:50.271495][INFO][seed136] Starting exact inference 
[2024-10-14T10:32:50.274081][INFO][seed169] PS(V1,V0) in [0.0, 0.0]
[2024-10-14T10:32:50.274541][INFO][seed169] No feasible solution... resampling
[2024-10-14T10:32:50.324917][INFO][seed169] Sampled 5000 data instances
[2024-10-14T10:32:50.325154][INFO][seed169] Starting exact inference 
[2024-10-14T10:32:50.320697][INFO][seed136] No feasible solution... resampling
[2024-10-14T10:32:50.333853][INFO][seed20] Sampled 9900 data instances
[2024-10-14T10:32:50.334052][INFO][seed20] Starting exact inference 
[2024-10-14T10:32:50.345704][INFO][seed54] No feasible solution... resampling
[2024-10-14T10:32:50.356303][INFO][seed169] PS(V1,V0) in [0.0, 0.0]
[2024-10-14T10:32:50.356771][INFO][seed169] No feasible solution... resampling
[2024-10-14T10:32:50.362367][INFO][seed144] PS(V1,V0) in [0.0, 0.5566666666666666]
[2024-10-14T10:32:50.366805][INFO][seed136] Sampled 6300 data instances
[2024-10-14T10:32:50.366886][INFO][seed136] Starting exact inference 
[2024-10-14T10:32:50.368459][INFO][seed144] PN(V1,V0) in [0.0, 0.25150602409638556] 
[2024-10-14T10:32:50.373206][INFO][seed20] PS(V1,V0) in [0.0, 0.0]
[2024-10-14T10:32:50.373548][INFO][seed20] No feasible solution... resampling
[2024-10-14T10:32:50.395811][INFO][seed144] Saved data to: /mnt/beegfs/rcabanas/dev/credici/papers/zeros/models/s3/simple_nparents1_nzr06_zdr05_ysize3_144.csv
[2024-10-14T10:32:50.398134][INFO][seed169] Sampled 5100 data instances
[2024-10-14T10:32:50.398213][INFO][seed169] Starting exact inference 
[2024-10-14T10:32:50.399130][INFO][seed54] Sampled 1400 data instances
[2024-10-14T10:32:50.400850][INFO][seed136] No feasible solution... resampling
[2024-10-14T10:32:50.412052][INFO][seed54] Starting exact inference 
[2024-10-14T10:32:50.416260][INFO][seed144] Saved model to: /mnt/beegfs/rcabanas/dev/credici/papers/zeros/models/s3/simple_nparents1_nzr06_zdr05_ysize3_144.uai
[2024-10-14T10:32:50.419981][INFO][seed144] Saved queries to: /mnt/beegfs/rcabanas/dev/credici/papers/zeros/models/s3/simple_nparents1_nzr06_zdr05_ysize3_144_query.csv
[2024-10-14T10:32:50.420044][INFO][seed144] Closing log file
[2024-10-14T10:32:50.420068][INFO][seed144] Closed log file
[2024-10-14T10:32:50.436785][INFO][seed169] PS(V1,V0) in [0.0, 0.0]
[2024-10-14T10:32:50.437559][INFO][seed169] No feasible solution... resampling
[2024-10-14T10:32:50.449246][INFO][seed20] Sampled 10000 data instances
[2024-10-14T10:32:50.449349][INFO][seed20] Starting exact inference 
[2024-10-14T10:32:50.450933][INFO][seed136] Sampled 6400 data instances
[2024-10-14T10:32:50.451150][INFO][seed136] Starting exact inference 
[2024-10-14T10:32:50.476300][INFO][seed169] Sampled 5200 data instances
[2024-10-14T10:32:50.476371][INFO][seed169] Starting exact inference 
[2024-10-14T10:32:50.512658][INFO][seed136] No feasible solution... resampling
[2024-10-14T10:32:50.530549][INFO][seed20] PS(V1,V0) in [0.0, 0.0]
[2024-10-14T10:32:50.530925][INFO][seed20] No feasible solution... resampling
[2024-10-14T10:32:50.530979][SEVERE][seed20] java.lang.IllegalStateException: Unable to generate compatible data
[2024-10-14T10:32:50.530993][INFO][seed20] Closing log file
[2024-10-14T10:32:50.531002][INFO][seed20] Closed log file
[2024-10-14T10:32:50.531522][INFO][seed54] No feasible solution... resampling
[2024-10-14T10:32:50.557396][INFO][seed136] Sampled 6500 data instances
[2024-10-14T10:32:50.557466][INFO][seed136] Starting exact inference 
[2024-10-14T10:32:50.573353][INFO][seed54] Sampled 1500 data instances
[2024-10-14T10:32:50.584579][INFO][seed54] Starting exact inference 
[2024-10-14T10:32:50.593815][INFO][seed169] PS(V1,V0) in [0.0, 0.0]
[2024-10-14T10:32:50.594320][INFO][seed169] No feasible solution... resampling
[2024-10-14T10:32:50.627233][INFO][seed136] No feasible solution... resampling
[2024-10-14T10:32:50.634849][INFO][seed169] Sampled 5300 data instances
[2024-10-14T10:32:50.634925][INFO][seed169] Starting exact inference 
[2024-10-14T10:32:50.673][INFO][seed136] Sampled 6600 data instances
[2024-10-14T10:32:50.673080][INFO][seed136] Starting exact inference 
[2024-10-14T10:32:50.695485][INFO][seed54] No feasible solution... resampling
[2024-10-14T10:32:50.710488][INFO][seed136] No feasible solution... resampling
[2024-10-14T10:32:50.735203][INFO][seed54] Sampled 1600 data instances
[2024-10-14T10:32:50.737040][INFO][seed54] Starting exact inference 
[2024-10-14T10:32:50.741480][INFO][seed169] PS(V1,V0) in [0.0, 0.0]
[2024-10-14T10:32:50.741941][INFO][seed169] No feasible solution... resampling
[2024-10-14T10:32:50.757837][INFO][seed136] Sampled 6700 data instances
[2024-10-14T10:32:50.757917][INFO][seed136] Starting exact inference 
[2024-10-14T10:32:50.787818][INFO][seed169] Sampled 5400 data instances
[2024-10-14T10:32:50.787898][INFO][seed169] Starting exact inference 
[2024-10-14T10:32:50.812393][INFO][seed136] No feasible solution... resampling
[2024-10-14T10:32:50.825648][INFO][seed169] PS(V1,V0) in [0.0, 0.0]
[2024-10-14T10:32:50.826110][INFO][seed169] No feasible solution... resampling
[2024-10-14T10:32:50.858986][INFO][seed136] Sampled 6800 data instances
[2024-10-14T10:32:50.859062][INFO][seed136] Starting exact inference 
[2024-10-14T10:32:50.869224][INFO][seed169] Sampled 5500 data instances
[2024-10-14T10:32:50.869302][INFO][seed169] Starting exact inference 
[2024-10-14T10:32:50.872036][INFO][seed54] No feasible solution... resampling
[2024-10-14T10:32:50.909344][INFO][seed169] PS(V1,V0) in [0.0, 0.0]
[2024-10-14T10:32:50.909796][INFO][seed169] No feasible solution... resampling
[2024-10-14T10:32:50.917977][INFO][seed54] Sampled 1700 data instances
[2024-10-14T10:32:50.918223][INFO][seed54] Starting exact inference 
[2024-10-14T10:32:50.916816][INFO][seed136] No feasible solution... resampling
[2024-10-14T10:32:50.955786][INFO][seed169] Sampled 5600 data instances
[2024-10-14T10:32:50.955867][INFO][seed169] Starting exact inference 
[2024-10-14T10:32:50.964003][INFO][seed136] Sampled 6900 data instances
[2024-10-14T10:32:50.964335][INFO][seed136] Starting exact inference 
[2024-10-14T10:32:50.993157][INFO][seed169] PS(V1,V0) in [0.0, 0.0]
[2024-10-14T10:32:50.993612][INFO][seed169] No feasible solution... resampling
[2024-10-14T10:32:51.004302][INFO][seed136] No feasible solution... resampling
[2024-10-14T10:32:51.032180][INFO][seed54] No feasible solution... resampling
[2024-10-14T10:32:51.044126][INFO][seed169] Sampled 5700 data instances
[2024-10-14T10:32:51.044354][INFO][seed169] Starting exact inference 
[2024-10-14T10:32:51.053976][INFO][seed136] Sampled 7000 data instances
[2024-10-14T10:32:51.054065][INFO][seed136] Starting exact inference 
[2024-10-14T10:32:51.082919][INFO][seed54] Sampled 1800 data instances
[2024-10-14T10:32:51.093901][INFO][seed54] Starting exact inference 
[2024-10-14T10:32:51.114104][INFO][seed169] PS(V1,V0) in [0.0, 0.0]
[2024-10-14T10:32:51.114560][INFO][seed169] No feasible solution... resampling
[2024-10-14T10:32:51.126911][INFO][seed136] No feasible solution... resampling
[2024-10-14T10:32:51.173121][INFO][seed169] Sampled 5800 data instances
[2024-10-14T10:32:51.173806][INFO][seed169] Starting exact inference 
[2024-10-14T10:32:51.212016][INFO][seed54] No feasible solution... resampling
[2024-10-14T10:32:51.215353][INFO][seed136] Sampled 7100 data instances
[2024-10-14T10:32:51.215564][INFO][seed136] Starting exact inference 
[2024-10-14T10:32:51.226557][INFO][seed169] PS(V1,V0) in [0.0, 0.0]
[2024-10-14T10:32:51.227012][INFO][seed169] No feasible solution... resampling
[2024-10-14T10:32:51.248653][INFO][seed54] Sampled 1900 data instances
[2024-10-14T10:32:51.252099][INFO][seed54] Starting exact inference 
[2024-10-14T10:32:51.270978][INFO][seed169] Sampled 5900 data instances
[2024-10-14T10:32:51.271058][INFO][seed169] Starting exact inference 
[2024-10-14T10:32:51.279636][INFO][seed136] No feasible solution... resampling
[2024-10-14T10:32:51.304727][INFO][seed169] PS(V1,V0) in [0.0, 0.0]
[2024-10-14T10:32:51.305149][INFO][seed169] No feasible solution... resampling
[2024-10-14T10:32:51.330147][INFO][seed136] Sampled 7200 data instances
[2024-10-14T10:32:51.330231][INFO][seed136] Starting exact inference 
[2024-10-14T10:32:51.337519][INFO][seed54] No feasible solution... resampling
[2024-10-14T10:32:51.349731][INFO][seed169] Sampled 6000 data instances
[2024-10-14T10:32:51.349808][INFO][seed169] Starting exact inference 
[2024-10-14T10:32:51.380713][INFO][seed54] Sampled 2000 data instances
[2024-10-14T10:32:51.380933][INFO][seed54] Starting exact inference 
[2024-10-14T10:32:51.376754][INFO][seed136] No feasible solution... resampling
[2024-10-14T10:32:51.403591][INFO][seed169] PS(V1,V0) in [0.0, 0.0]
[2024-10-14T10:32:51.404030][INFO][seed169] No feasible solution... resampling
[2024-10-14T10:32:51.427229][INFO][seed136] Sampled 7300 data instances
[2024-10-14T10:32:51.427305][INFO][seed136] Starting exact inference 
[2024-10-14T10:32:51.455948][INFO][seed169] Sampled 6100 data instances
[2024-10-14T10:32:51.456171][INFO][seed169] Starting exact inference 
[2024-10-14T10:32:51.465536][INFO][seed136] No feasible solution... resampling
[2024-10-14T10:32:51.472702][INFO][seed54] No feasible solution... resampling
[2024-10-14T10:32:51.495141][INFO][seed169] PS(V1,V0) in [0.0, 0.0]
[2024-10-14T10:32:51.495567][INFO][seed169] No feasible solution... resampling
[2024-10-14T10:32:51.519626][INFO][seed54] Sampled 2100 data instances
[2024-10-14T10:32:51.519859][INFO][seed54] Starting exact inference 
[2024-10-14T10:32:51.524318][INFO][seed136] Sampled 7400 data instances
[2024-10-14T10:32:51.524523][INFO][seed136] Starting exact inference 
[2024-10-14T10:32:51.543283][INFO][seed169] Sampled 6200 data instances
[2024-10-14T10:32:51.543364][INFO][seed169] Starting exact inference 
[2024-10-14T10:32:51.561917][INFO][seed136] No feasible solution... resampling
[2024-10-14T10:32:51.602921][INFO][seed169] PS(V1,V0) in [0.0, 0.0]
[2024-10-14T10:32:51.603403][INFO][seed169] No feasible solution... resampling
[2024-10-14T10:32:51.614667][INFO][seed136] Sampled 7500 data instances
[2024-10-14T10:32:51.614748][INFO][seed136] Starting exact inference 
[2024-10-14T10:32:51.612793][INFO][seed54] No feasible solution... resampling
[2024-10-14T10:32:51.639295][INFO][seed136] No feasible solution... resampling
[2024-10-14T10:32:51.653553][INFO][seed169] Sampled 6300 data instances
[2024-10-14T10:32:51.653641][INFO][seed54] Sampled 2200 data instances
[2024-10-14T10:32:51.653633][INFO][seed169] Starting exact inference 
[2024-10-14T10:32:51.653840][INFO][seed54] Starting exact inference 
[2024-10-14T10:32:51.692340][INFO][seed136] Sampled 7600 data instances
[2024-10-14T10:32:51.692424][INFO][seed136] Starting exact inference 
[2024-10-14T10:32:51.722962][INFO][seed136] No feasible solution... resampling
[2024-10-14T10:32:51.731738][INFO][seed169] PS(V1,V0) in [0.0, 0.0]
[2024-10-14T10:32:51.732167][INFO][seed169] No feasible solution... resampling
[2024-10-14T10:32:51.742751][INFO][seed54] No feasible solution... resampling
[2024-10-14T10:32:51.767983][INFO][seed54] Sampled 2300 data instances
[2024-10-14T10:32:51.777158][INFO][seed54] Starting exact inference 
[2024-10-14T10:32:51.782439][INFO][seed136] Sampled 7700 data instances
[2024-10-14T10:32:51.782646][INFO][seed136] Starting exact inference 
[2024-10-14T10:32:51.786046][INFO][seed169] Sampled 6400 data instances
[2024-10-14T10:32:51.786262][INFO][seed169] Starting exact inference 
[2024-10-14T10:32:51.816515][INFO][seed136] No feasible solution... resampling
[2024-10-14T10:32:51.825407][INFO][seed169] PS(V1,V0) in [0.0, 0.0]
[2024-10-14T10:32:51.825809][INFO][seed169] No feasible solution... resampling
[2024-10-14T10:32:51.858730][INFO][seed54] No feasible solution... resampling
[2024-10-14T10:32:51.874219][INFO][seed169] Sampled 6500 data instances
[2024-10-14T10:32:51.874295][INFO][seed169] Starting exact inference 
[2024-10-14T10:32:51.890256][INFO][seed54] Sampled 2400 data instances
[2024-10-14T10:32:51.891011][INFO][seed54] Starting exact inference 
[2024-10-14T10:32:51.909263][INFO][seed169] PS(V1,V0) in [0.0, 0.0]
[2024-10-14T10:32:51.909690][INFO][seed169] No feasible solution... resampling
[2024-10-14T10:32:51.945118][INFO][seed136] Sampled 7800 data instances
[2024-10-14T10:32:51.945320][INFO][seed136] Starting exact inference 
[2024-10-14T10:32:51.961081][INFO][seed169] Sampled 6600 data instances
[2024-10-14T10:32:51.961172][INFO][seed169] Starting exact inference 
[2024-10-14T10:32:51.973958][INFO][seed54] No feasible solution... resampling
[2024-10-14T10:32:51.990811][INFO][seed136] No feasible solution... resampling
[2024-10-14T10:32:51.999119][INFO][seed169] PS(V1,V0) in [0.0, 0.0]
[2024-10-14T10:32:51.999560][INFO][seed169] No feasible solution... resampling
[2024-10-14T10:32:52.006260][INFO][seed54] Sampled 2500 data instances
[2024-10-14T10:32:52.017041][INFO][seed54] Starting exact inference 
[2024-10-14T10:32:52.047424][INFO][seed136] Sampled 7900 data instances
[2024-10-14T10:32:52.047521][INFO][seed136] Starting exact inference 
[2024-10-14T10:32:52.057958][INFO][seed169] Sampled 6700 data instances
[2024-10-14T10:32:52.058183][INFO][seed169] Starting exact inference 
[2024-10-14T10:32:52.072734][INFO][seed136] No feasible solution... resampling
[2024-10-14T10:32:52.087229][INFO][seed169] PS(V1,V0) in [0.0, 0.0]
[2024-10-14T10:32:52.087645][INFO][seed169] No feasible solution... resampling
[2024-10-14T10:32:52.104385][INFO][seed54] No feasible solution... resampling
[2024-10-14T10:32:52.133526][INFO][seed136] Sampled 8000 data instances
[2024-10-14T10:32:52.134361][INFO][seed136] Starting exact inference 
[2024-10-14T10:32:52.131442][INFO][seed54] Sampled 2600 data instances
[2024-10-14T10:32:52.139503][INFO][seed54] Starting exact inference 
[2024-10-14T10:32:52.147383][INFO][seed169] Sampled 6800 data instances
[2024-10-14T10:32:52.147481][INFO][seed169] Starting exact inference 
[2024-10-14T10:32:52.165194][INFO][seed136] No feasible solution... resampling
[2024-10-14T10:32:52.193841][INFO][seed169] PS(V1,V0) in [0.0, 0.0]
[2024-10-14T10:32:52.194297][INFO][seed169] No feasible solution... resampling
[2024-10-14T10:32:52.221447][INFO][seed136] Sampled 8100 data instances
[2024-10-14T10:32:52.221530][INFO][seed136] Starting exact inference 
[2024-10-14T10:32:52.221036][INFO][seed54] No feasible solution... resampling
[2024-10-14T10:32:52.254482][INFO][seed169] Sampled 6900 data instances
[2024-10-14T10:32:52.254593][INFO][seed169] Starting exact inference 
[2024-10-14T10:32:52.255782][INFO][seed54] Sampled 2700 data instances
[2024-10-14T10:32:52.257041][INFO][seed54] Starting exact inference 
[2024-10-14T10:32:52.251989][INFO][seed136] No feasible solution... resampling
[2024-10-14T10:32:52.308799][INFO][seed136] Sampled 8200 data instances
[2024-10-14T10:32:52.308881][INFO][seed136] Starting exact inference 
[2024-10-14T10:32:52.315870][INFO][seed169] PS(V1,V0) in [0.0, 0.0]
[2024-10-14T10:32:52.316319][INFO][seed169] No feasible solution... resampling
[2024-10-14T10:32:52.346980][INFO][seed54] No feasible solution... resampling
[2024-10-14T10:32:52.346447][INFO][seed136] No feasible solution... resampling
[2024-10-14T10:32:52.380237][INFO][seed54] Sampled 2800 data instances
[2024-10-14T10:32:52.380330][INFO][seed54] Starting exact inference 
[2024-10-14T10:32:52.385868][INFO][seed169] Sampled 7000 data instances
[2024-10-14T10:32:52.386084][INFO][seed169] Starting exact inference 
[2024-10-14T10:32:52.403010][INFO][seed136] Sampled 8300 data instances
[2024-10-14T10:32:52.403092][INFO][seed136] Starting exact inference 
[2024-10-14T10:32:52.424899][INFO][seed169] PS(V1,V0) in [0.0, 0.0]
[2024-10-14T10:32:52.425301][INFO][seed169] No feasible solution... resampling
[2024-10-14T10:32:52.463482][INFO][seed136] No feasible solution... resampling
[2024-10-14T10:32:52.477944][INFO][seed54] No feasible solution... resampling
[2024-10-14T10:32:52.482829][INFO][seed169] Sampled 7100 data instances
[2024-10-14T10:32:52.484119][INFO][seed169] Starting exact inference 
[2024-10-14T10:32:52.504555][INFO][seed54] Sampled 2900 data instances
[2024-10-14T10:32:52.510175][INFO][seed54] Starting exact inference 
[2024-10-14T10:32:52.523776][INFO][seed136] Sampled 8400 data instances
[2024-10-14T10:32:52.523863][INFO][seed136] Starting exact inference 
[2024-10-14T10:32:52.540818][INFO][seed169] PS(V1,V0) in [0.0, 0.0]
[2024-10-14T10:32:52.541306][INFO][seed169] No feasible solution... resampling
[2024-10-14T10:32:52.550607][INFO][seed136] No feasible solution... resampling
[2024-10-14T10:32:52.597998][INFO][seed169] Sampled 7200 data instances
[2024-10-14T10:32:52.598081][INFO][seed169] Starting exact inference 
[2024-10-14T10:32:52.598607][INFO][seed54] No feasible solution... resampling
[2024-10-14T10:32:52.614957][INFO][seed136] Sampled 8500 data instances
[2024-10-14T10:32:52.615176][INFO][seed136] Starting exact inference 
[2024-10-14T10:32:52.628043][INFO][seed54] Sampled 3000 data instances
[2024-10-14T10:32:52.633695][INFO][seed54] Starting exact inference 
[2024-10-14T10:32:52.659009][INFO][seed169] PS(V1,V0) in [0.0, 0.0]
[2024-10-14T10:32:52.659431][INFO][seed169] No feasible solution... resampling
[2024-10-14T10:32:52.667814][INFO][seed136] No feasible solution... resampling
[2024-10-14T10:32:52.723861][INFO][seed169] Sampled 7300 data instances
[2024-10-14T10:32:52.724080][INFO][seed169] Starting exact inference 
[2024-10-14T10:32:52.727787][INFO][seed136] Sampled 8600 data instances
[2024-10-14T10:32:52.727878][INFO][seed136] Starting exact inference 
[2024-10-14T10:32:52.732416][INFO][seed54] No feasible solution... resampling
[2024-10-14T10:32:52.762003][INFO][seed54] Sampled 3100 data instances
[2024-10-14T10:32:52.764968][INFO][seed169] PS(V1,V0) in [0.0, 0.0]
[2024-10-14T10:32:52.765492][INFO][seed169] No feasible solution... resampling
[2024-10-14T10:32:52.770118][INFO][seed54] Starting exact inference 
[2024-10-14T10:32:52.774564][INFO][seed136] No feasible solution... resampling
[2024-10-14T10:32:52.822112][INFO][seed169] Sampled 7400 data instances
[2024-10-14T10:32:52.822207][INFO][seed169] Starting exact inference 
[2024-10-14T10:32:52.834859][INFO][seed136] Sampled 8700 data instances
[2024-10-14T10:32:52.834942][INFO][seed136] Starting exact inference 
[2024-10-14T10:32:52.840858][INFO][seed54] No feasible solution... resampling
[2024-10-14T10:32:52.869489][INFO][seed54] Sampled 3200 data instances
[2024-10-14T10:32:52.864712][INFO][seed169] PS(V1,V0) in [0.0, 0.0]
[2024-10-14T10:32:52.865129][INFO][seed169] No feasible solution... resampling
[2024-10-14T10:32:52.877038][INFO][seed54] Starting exact inference 
[2024-10-14T10:32:52.899721][INFO][seed136] No feasible solution... resampling
[2024-10-14T10:32:52.922771][INFO][seed169] Sampled 7500 data instances
[2024-10-14T10:32:52.922851][INFO][seed169] Starting exact inference 
[2024-10-14T10:32:52.951367][INFO][seed54] No feasible solution... resampling
[2024-10-14T10:32:52.950145][INFO][seed169] PS(V1,V0) in [0.0, 0.0]
[2024-10-14T10:32:52.950557][INFO][seed169] No feasible solution... resampling
[2024-10-14T10:32:52.963829][INFO][seed136] Sampled 8800 data instances
[2024-10-14T10:32:52.964043][INFO][seed136] Starting exact inference 
[2024-10-14T10:32:52.979908][INFO][seed54] Sampled 3300 data instances
[2024-10-14T10:32:52.979997][INFO][seed54] Starting exact inference 
[2024-10-14T10:32:52.990938][INFO][seed136] No feasible solution... resampling
[2024-10-14T10:32:53.015220][INFO][seed169] Sampled 7600 data instances
[2024-10-14T10:32:53.015422][INFO][seed169] Starting exact inference 
[2024-10-14T10:32:53.041570][INFO][seed54] No feasible solution... resampling
[2024-10-14T10:32:53.043187][INFO][seed169] PS(V1,V0) in [0.0, 0.0]
[2024-10-14T10:32:53.043600][INFO][seed169] No feasible solution... resampling
[2024-10-14T10:32:53.052102][INFO][seed136] Sampled 8900 data instances
[2024-10-14T10:32:53.052190][INFO][seed136] Starting exact inference 
[2024-10-14T10:32:53.072352][INFO][seed54] Sampled 3400 data instances
[2024-10-14T10:32:53.080175][INFO][seed136] No feasible solution... resampling
[2024-10-14T10:32:53.091750][INFO][seed54] Starting exact inference 
[2024-10-14T10:32:53.101718][INFO][seed169] Sampled 7700 data instances
[2024-10-14T10:32:53.101801][INFO][seed169] Starting exact inference 
[2024-10-14T10:32:53.141697][INFO][seed136] Sampled 9000 data instances
[2024-10-14T10:32:53.142645][INFO][seed136] Starting exact inference 
[2024-10-14T10:32:53.143332][INFO][seed169] PS(V1,V0) in [0.0, 0.0]
[2024-10-14T10:32:53.143773][INFO][seed169] No feasible solution... resampling
[2024-10-14T10:32:53.153315][INFO][seed54] No feasible solution... resampling
[2024-10-14T10:32:53.171635][INFO][seed136] No feasible solution... resampling
[2024-10-14T10:32:53.192638][INFO][seed54] Sampled 3500 data instances
[2024-10-14T10:32:53.194290][INFO][seed54] Starting exact inference 
[2024-10-14T10:32:53.202547][INFO][seed169] Sampled 7800 data instances
[2024-10-14T10:32:53.202633][INFO][seed169] Starting exact inference 
[2024-10-14T10:32:53.237030][INFO][seed136] Sampled 9100 data instances
[2024-10-14T10:32:53.237158][INFO][seed136] Starting exact inference 
[2024-10-14T10:32:53.237784][INFO][seed169] PS(V1,V0) in [0.0, 0.0]
[2024-10-14T10:32:53.238199][INFO][seed169] No feasible solution... resampling
[2024-10-14T10:32:53.270551][INFO][seed54] No feasible solution... resampling
[2024-10-14T10:32:53.279252][INFO][seed136] No feasible solution... resampling
[2024-10-14T10:32:53.300693][INFO][seed54] Sampled 3600 data instances
[2024-10-14T10:32:53.300773][INFO][seed54] Starting exact inference 
[2024-10-14T10:32:53.303756][INFO][seed169] Sampled 7900 data instances
[2024-10-14T10:32:53.303855][INFO][seed169] Starting exact inference 
[2024-10-14T10:32:53.342351][INFO][seed136] Sampled 9200 data instances
[2024-10-14T10:32:53.342433][INFO][seed136] Starting exact inference 
[2024-10-14T10:32:53.370791][INFO][seed169] PS(V1,V0) in [0.0, 0.0]
[2024-10-14T10:32:53.371202][INFO][seed169] No feasible solution... resampling
[2024-10-14T10:32:53.377788][INFO][seed54] No feasible solution... resampling
[2024-10-14T10:32:53.389566][INFO][seed136] No feasible solution... resampling
[2024-10-14T10:32:53.411280][INFO][seed54] Sampled 3700 data instances
[2024-10-14T10:32:53.411494][INFO][seed54] Starting exact inference 
[2024-10-14T10:32:53.431018][INFO][seed169] Sampled 8000 data instances
[2024-10-14T10:32:53.431096][INFO][seed169] Starting exact inference 
[2024-10-14T10:32:53.457715][INFO][seed136] Sampled 9300 data instances
[2024-10-14T10:32:53.457917][INFO][seed136] Starting exact inference 
[2024-10-14T10:32:53.467240][INFO][seed169] PS(V1,V0) in [0.0, 0.0]
[2024-10-14T10:32:53.467639][INFO][seed169] No feasible solution... resampling
[2024-10-14T10:32:53.483522][INFO][seed136] No feasible solution... resampling
[2024-10-14T10:32:53.499245][INFO][seed54] No feasible solution... resampling
[2024-10-14T10:32:53.535348][INFO][seed169] Sampled 8100 data instances
[2024-10-14T10:32:53.535569][INFO][seed169] Starting exact inference 
[2024-10-14T10:32:53.548562][INFO][seed136] Sampled 9400 data instances
[2024-10-14T10:32:53.548643][INFO][seed136] Starting exact inference 
[2024-10-14T10:32:53.553622][INFO][seed54] Sampled 3800 data instances
[2024-10-14T10:32:53.553744][INFO][seed54] Starting exact inference 
[2024-10-14T10:32:53.563603][INFO][seed169] PS(V1,V0) in [0.0, 0.0]
[2024-10-14T10:32:53.563998][INFO][seed169] No feasible solution... resampling
[2024-10-14T10:32:53.578253][INFO][seed136] No feasible solution... resampling
[2024-10-14T10:32:53.618317][INFO][seed54] No feasible solution... resampling
[2024-10-14T10:32:53.627642][INFO][seed169] Sampled 8200 data instances
[2024-10-14T10:32:53.627727][INFO][seed169] Starting exact inference 
[2024-10-14T10:32:53.645422][INFO][seed136] Sampled 9500 data instances
[2024-10-14T10:32:53.645512][INFO][seed136] Starting exact inference 
[2024-10-14T10:32:53.660839][INFO][seed54] Sampled 3900 data instances
[2024-10-14T10:32:53.660953][INFO][seed54] Starting exact inference 
[2024-10-14T10:32:53.659467][INFO][seed169] PS(V1,V0) in [0.0, 0.0]
[2024-10-14T10:32:53.659865][INFO][seed169] No feasible solution... resampling
[2024-10-14T10:32:53.696645][INFO][seed136] No feasible solution... resampling
[2024-10-14T10:32:53.721338][INFO][seed169] Sampled 8300 data instances
[2024-10-14T10:32:53.721413][INFO][seed169] Starting exact inference 
[2024-10-14T10:32:53.719306][INFO][seed54] No feasible solution... resampling
[2024-10-14T10:32:53.750572][INFO][seed54] Sampled 4000 data instances
[2024-10-14T10:32:53.750650][INFO][seed54] Starting exact inference 
[2024-10-14T10:32:53.764243][INFO][seed136] Sampled 9600 data instances
[2024-10-14T10:32:53.764335][INFO][seed136] Starting exact inference 
[2024-10-14T10:32:53.760867][INFO][seed169] PS(V1,V0) in [0.0, 0.0]
[2024-10-14T10:32:53.761267][INFO][seed169] No feasible solution... resampling
[2024-10-14T10:32:53.792771][INFO][seed136] No feasible solution... resampling
[2024-10-14T10:32:53.828360][INFO][seed169] Sampled 8400 data instances
[2024-10-14T10:32:53.828572][INFO][seed169] Starting exact inference 
[2024-10-14T10:32:53.831224][INFO][seed54] No feasible solution... resampling
[2024-10-14T10:32:53.856661][INFO][seed169] PS(V1,V0) in [0.0, 0.0]
[2024-10-14T10:32:53.859192][INFO][seed136] Sampled 9700 data instances
[2024-10-14T10:32:53.859275][INFO][seed136] Starting exact inference 
[2024-10-14T10:32:53.857677][INFO][seed169] No feasible solution... resampling
[2024-10-14T10:32:53.871094][INFO][seed54] Sampled 4100 data instances
[2024-10-14T10:32:53.871498][INFO][seed54] Starting exact inference 
[2024-10-14T10:32:53.887537][INFO][seed136] No feasible solution... resampling
[2024-10-14T10:32:53.920468][INFO][seed169] Sampled 8500 data instances
[2024-10-14T10:32:53.920535][INFO][seed169] Starting exact inference 
[2024-10-14T10:32:53.949363][INFO][seed54] No feasible solution... resampling
[2024-10-14T10:32:53.958175][INFO][seed136] Sampled 9800 data instances
[2024-10-14T10:32:53.958378][INFO][seed136] Starting exact inference 
[2024-10-14T10:32:53.956830][INFO][seed169] PS(V1,V0) in [0.0, 0.0]
[2024-10-14T10:32:53.959708][INFO][seed169] No feasible solution... resampling
[2024-10-14T10:32:53.985798][INFO][seed136] No feasible solution... resampling
[2024-10-14T10:32:53.997842][INFO][seed54] Sampled 4200 data instances
[2024-10-14T10:32:53.998062][INFO][seed54] Starting exact inference 
[2024-10-14T10:32:54.028367][INFO][seed169] Sampled 8600 data instances
[2024-10-14T10:32:54.028589][INFO][seed169] Starting exact inference 
[2024-10-14T10:32:54.053425][INFO][seed136] Sampled 9900 data instances
[2024-10-14T10:32:54.053505][INFO][seed136] Starting exact inference 
[2024-10-14T10:32:54.055085][INFO][seed169] PS(V1,V0) in [0.0, 0.0]
[2024-10-14T10:32:54.055468][INFO][seed169] No feasible solution... resampling
[2024-10-14T10:32:54.064745][INFO][seed54] No feasible solution... resampling
[2024-10-14T10:32:54.094356][INFO][seed136] No feasible solution... resampling
[2024-10-14T10:32:54.100565][INFO][seed54] Sampled 4300 data instances
[2024-10-14T10:32:54.100656][INFO][seed54] Starting exact inference 
[2024-10-14T10:32:54.119846][INFO][seed169] Sampled 8700 data instances
[2024-10-14T10:32:54.119924][INFO][seed169] Starting exact inference 
[2024-10-14T10:32:54.136189][INFO][seed54] No feasible solution... resampling
[2024-10-14T10:32:54.151786][INFO][seed169] PS(V1,V0) in [0.0, 0.0]
[2024-10-14T10:32:54.152186][INFO][seed169] No feasible solution... resampling
[2024-10-14T10:32:54.168363][INFO][seed136] Sampled 10000 data instances
[2024-10-14T10:32:54.168570][INFO][seed136] Starting exact inference 
[2024-10-14T10:32:54.172726][INFO][seed54] Sampled 4400 data instances
[2024-10-14T10:32:54.172814][INFO][seed54] Starting exact inference 
[2024-10-14T10:32:54.195619][INFO][seed136] No feasible solution... resampling
[2024-10-14T10:32:54.195699][SEVERE][seed136] java.lang.IllegalStateException: Unable to generate compatible data
[2024-10-14T10:32:54.195715][INFO][seed136] Closing log file
[2024-10-14T10:32:54.195725][INFO][seed136] Closed log file
[2024-10-14T10:32:54.217231][INFO][seed169] Sampled 8800 data instances
[2024-10-14T10:32:54.217308][INFO][seed169] Starting exact inference 
[2024-10-14T10:32:54.225015][INFO][seed54] No feasible solution... resampling
[2024-10-14T10:32:54.254810][INFO][seed169] PS(V1,V0) in [0.0, 0.0]
[2024-10-14T10:32:54.255224][INFO][seed169] No feasible solution... resampling
[2024-10-14T10:32:54.259750][INFO][seed54] Sampled 4500 data instances
[2024-10-14T10:32:54.259847][INFO][seed54] Starting exact inference 
[2024-10-14T10:32:54.293070][INFO][seed54] No feasible solution... resampling
[2024-10-14T10:32:54.322884][INFO][seed169] Sampled 8900 data instances
[2024-10-14T10:32:54.322976][INFO][seed169] Starting exact inference 
[2024-10-14T10:32:54.335877][INFO][seed54] Sampled 4600 data instances
[2024-10-14T10:32:54.336107][INFO][seed54] Starting exact inference 
[2024-10-14T10:32:54.374580][INFO][seed54] No feasible solution... resampling
[2024-10-14T10:32:54.390876][INFO][seed169] PS(V1,V0) in [0.0, 0.0]
[2024-10-14T10:32:54.391335][INFO][seed169] No feasible solution... resampling
[2024-10-14T10:32:54.409982][INFO][seed54] Sampled 4700 data instances
[2024-10-14T10:32:54.410061][INFO][seed54] Starting exact inference 
[2024-10-14T10:32:54.439506][INFO][seed54] No feasible solution... resampling
[2024-10-14T10:32:54.480393][INFO][seed54] Sampled 4800 data instances
[2024-10-14T10:32:54.481015][INFO][seed54] Starting exact inference 
[2024-10-14T10:32:54.488669][INFO][seed169] Sampled 9000 data instances
[2024-10-14T10:32:54.488864][INFO][seed169] Starting exact inference 
[2024-10-14T10:32:54.514638][INFO][seed54] No feasible solution... resampling
[2024-10-14T10:32:54.553139][INFO][seed54] Sampled 4900 data instances
[2024-10-14T10:32:54.553457][INFO][seed54] Starting exact inference 
[2024-10-14T10:32:54.550896][INFO][seed169] PS(V1,V0) in [0.0, 0.0]
[2024-10-14T10:32:54.551295][INFO][seed169] No feasible solution... resampling
[2024-10-14T10:32:54.614643][INFO][seed54] No feasible solution... resampling
[2024-10-14T10:32:54.652939][INFO][seed169] Sampled 9100 data instances
[2024-10-14T10:32:54.653167][INFO][seed169] Starting exact inference 
[2024-10-14T10:32:54.660161][INFO][seed54] Sampled 5000 data instances
[2024-10-14T10:32:54.660383][INFO][seed54] Starting exact inference 
[2024-10-14T10:32:54.708347][INFO][seed54] No feasible solution... resampling
[2024-10-14T10:32:54.746424][INFO][seed54] Sampled 5100 data instances
[2024-10-14T10:32:54.746497][INFO][seed54] Starting exact inference 
[2024-10-14T10:32:54.780213][INFO][seed169] PS(V1,V0) in [0.0, 0.0]
[2024-10-14T10:32:54.780604][INFO][seed169] No feasible solution... resampling
[2024-10-14T10:32:54.849444][INFO][seed169] Sampled 9200 data instances
[2024-10-14T10:32:54.849539][INFO][seed169] Starting exact inference 
[2024-10-14T10:32:54.851111][INFO][seed54] No feasible solution... resampling
[2024-10-14T10:32:54.903720][INFO][seed54] Sampled 5200 data instances
[2024-10-14T10:32:54.916036][INFO][seed54] Starting exact inference 
[2024-10-14T10:32:54.948476][INFO][seed169] PS(V1,V0) in [0.0, 0.0]
[2024-10-14T10:32:54.948865][INFO][seed169] No feasible solution... resampling
[2024-10-14T10:32:55.005134][INFO][seed54] No feasible solution... resampling
[2024-10-14T10:32:55.022491][INFO][seed169] Sampled 9300 data instances
[2024-10-14T10:32:55.023458][INFO][seed169] Starting exact inference 
[2024-10-14T10:32:55.051892][INFO][seed54] Sampled 5300 data instances
[2024-10-14T10:32:55.052077][INFO][seed54] Starting exact inference 
[2024-10-14T10:32:55.099410][INFO][seed54] No feasible solution... resampling
[2024-10-14T10:32:55.107838][INFO][seed169] PS(V1,V0) in [0.0, 0.0]
[2024-10-14T10:32:55.108223][INFO][seed169] No feasible solution... resampling
[2024-10-14T10:32:55.152853][INFO][seed54] Sampled 5400 data instances
[2024-10-14T10:32:55.153082][INFO][seed54] Starting exact inference 
[2024-10-14T10:32:55.184008][INFO][seed169] Sampled 9400 data instances
[2024-10-14T10:32:55.184098][INFO][seed169] Starting exact inference 
[2024-10-14T10:32:55.191957][INFO][seed54] No feasible solution... resampling
[2024-10-14T10:32:55.217130][INFO][seed169] PS(V1,V0) in [0.0, 0.0]
[2024-10-14T10:32:55.217537][INFO][seed169] No feasible solution... resampling
[2024-10-14T10:32:55.233088][INFO][seed54] Sampled 5500 data instances
[2024-10-14T10:32:55.233165][INFO][seed54] Starting exact inference 
[2024-10-14T10:32:55.291902][INFO][seed169] Sampled 9500 data instances
[2024-10-14T10:32:55.292123][INFO][seed169] Starting exact inference 
[2024-10-14T10:32:55.336801][INFO][seed54] No feasible solution... resampling
[2024-10-14T10:32:55.342418][INFO][seed169] PS(V1,V0) in [0.0, 0.0]
[2024-10-14T10:32:55.342819][INFO][seed169] No feasible solution... resampling
[2024-10-14T10:32:55.379308][INFO][seed54] Sampled 5600 data instances
[2024-10-14T10:32:55.379396][INFO][seed54] Starting exact inference 
[2024-10-14T10:32:55.416893][INFO][seed169] Sampled 9600 data instances
[2024-10-14T10:32:55.416987][INFO][seed169] Starting exact inference 
[2024-10-14T10:32:55.447141][INFO][seed54] No feasible solution... resampling
[2024-10-14T10:32:55.490446][INFO][seed54] Sampled 5700 data instances
[2024-10-14T10:32:55.490533][INFO][seed54] Starting exact inference 
[2024-10-14T10:32:55.492876][INFO][seed169] PS(V1,V0) in [0.0, 0.0]
[2024-10-14T10:32:55.493268][INFO][seed169] No feasible solution... resampling
[2024-10-14T10:32:55.559657][INFO][seed54] No feasible solution... resampling
[2024-10-14T10:32:55.591125][INFO][seed169] Sampled 9700 data instances
[2024-10-14T10:32:55.591335][INFO][seed169] Starting exact inference 
[2024-10-14T10:32:55.610402][INFO][seed54] Sampled 5800 data instances
[2024-10-14T10:32:55.610627][INFO][seed54] Starting exact inference 
[2024-10-14T10:32:55.658497][INFO][seed54] No feasible solution... resampling
[2024-10-14T10:32:55.670805][INFO][seed169] PS(V1,V0) in [0.0, 0.0]
[2024-10-14T10:32:55.671200][INFO][seed169] No feasible solution... resampling
[2024-10-14T10:32:55.707712][INFO][seed54] Sampled 5900 data instances
[2024-10-14T10:32:55.707800][INFO][seed54] Starting exact inference 
[2024-10-14T10:32:55.755984][INFO][seed169] Sampled 9800 data instances
[2024-10-14T10:32:55.756182][INFO][seed169] Starting exact inference 
[2024-10-14T10:32:55.749126][INFO][seed54] No feasible solution... resampling
[2024-10-14T10:32:55.784844][INFO][seed169] PS(V1,V0) in [0.0, 0.0]
[2024-10-14T10:32:55.785206][INFO][seed169] No feasible solution... resampling
[2024-10-14T10:32:55.795836][INFO][seed54] Sampled 6000 data instances
[2024-10-14T10:32:55.795919][INFO][seed54] Starting exact inference 
[2024-10-14T10:32:55.845516][INFO][seed54] No feasible solution... resampling
[2024-10-14T10:32:55.859404][INFO][seed169] Sampled 9900 data instances
[2024-10-14T10:32:55.859490][INFO][seed169] Starting exact inference 
[2024-10-14T10:32:55.891698][INFO][seed169] PS(V1,V0) in [0.0, 0.0]
[2024-10-14T10:32:55.892083][INFO][seed169] No feasible solution... resampling
[2024-10-14T10:32:55.897346][INFO][seed54] Sampled 6100 data instances
[2024-10-14T10:32:55.897563][INFO][seed54] Starting exact inference 
[2024-10-14T10:32:55.928215][INFO][seed54] No feasible solution... resampling
[2024-10-14T10:32:55.975228][INFO][seed54] Sampled 6200 data instances
[2024-10-14T10:32:55.975308][INFO][seed54] Starting exact inference 
[2024-10-14T10:32:55.976365][INFO][seed169] Sampled 10000 data instances
[2024-10-14T10:32:55.976576][INFO][seed169] Starting exact inference 
[2024-10-14T10:32:56.013014][INFO][seed169] PS(V1,V0) in [0.0, 0.0]
[2024-10-14T10:32:56.013384][INFO][seed169] No feasible solution... resampling
[2024-10-14T10:32:56.013433][SEVERE][seed169] java.lang.IllegalStateException: Unable to generate compatible data
[2024-10-14T10:32:56.013446][INFO][seed169] Closing log file
[2024-10-14T10:32:56.013455][INFO][seed169] Closed log file
[2024-10-14T10:32:56.007617][INFO][seed54] No feasible solution... resampling
[2024-10-14T10:32:56.056836][INFO][seed54] Sampled 6300 data instances
[2024-10-14T10:32:56.056920][INFO][seed54] Starting exact inference 
[2024-10-14T10:32:56.090911][INFO][seed54] No feasible solution... resampling
[2024-10-14T10:32:56.140790][INFO][seed54] Sampled 6400 data instances
[2024-10-14T10:32:56.140877][INFO][seed54] Starting exact inference 
[2024-10-14T10:32:56.184059][INFO][seed54] No feasible solution... resampling
[2024-10-14T10:32:56.232549][INFO][seed54] Sampled 6500 data instances
[2024-10-14T10:32:56.232633][INFO][seed54] Starting exact inference 
[2024-10-14T10:32:56.277940][INFO][seed54] No feasible solution... resampling
[2024-10-14T10:32:56.326874][INFO][seed54] Sampled 6600 data instances
[2024-10-14T10:32:56.327160][INFO][seed54] Starting exact inference 
[2024-10-14T10:32:56.358089][INFO][seed54] No feasible solution... resampling
[2024-10-14T10:32:56.407699][INFO][seed54] Sampled 6700 data instances
[2024-10-14T10:32:56.407775][INFO][seed54] Starting exact inference 
[2024-10-14T10:32:56.442453][INFO][seed54] No feasible solution... resampling
[2024-10-14T10:32:56.502775][INFO][seed54] Sampled 6800 data instances
[2024-10-14T10:32:56.502993][INFO][seed54] Starting exact inference 
[2024-10-14T10:32:56.535464][INFO][seed54] No feasible solution... resampling
[2024-10-14T10:32:56.587065][INFO][seed54] Sampled 6900 data instances
[2024-10-14T10:32:56.587147][INFO][seed54] Starting exact inference 
[2024-10-14T10:32:56.613144][INFO][seed54] No feasible solution... resampling
[2024-10-14T10:32:56.666068][INFO][seed54] Sampled 7000 data instances
[2024-10-14T10:32:56.666150][INFO][seed54] Starting exact inference 
[2024-10-14T10:32:56.716603][INFO][seed54] No feasible solution... resampling
[2024-10-14T10:32:56.775530][INFO][seed54] Sampled 7100 data instances
[2024-10-14T10:32:56.775751][INFO][seed54] Starting exact inference 
[2024-10-14T10:32:56.806418][INFO][seed54] No feasible solution... resampling
[2024-10-14T10:32:56.859535][INFO][seed54] Sampled 7200 data instances
[2024-10-14T10:32:56.859610][INFO][seed54] Starting exact inference 
[2024-10-14T10:32:56.888679][INFO][seed54] No feasible solution... resampling
[2024-10-14T10:32:56.946082][INFO][seed54] Sampled 7300 data instances
[2024-10-14T10:32:56.946174][INFO][seed54] Starting exact inference 
[2024-10-14T10:32:56.987361][INFO][seed54] No feasible solution... resampling
[2024-10-14T10:32:57.042932][INFO][seed54] Sampled 7400 data instances
[2024-10-14T10:32:57.043012][INFO][seed54] Starting exact inference 
[2024-10-14T10:32:57.119690][INFO][seed54] No feasible solution... resampling
[2024-10-14T10:32:57.182130][INFO][seed54] Sampled 7500 data instances
[2024-10-14T10:32:57.182223][INFO][seed54] Starting exact inference 
[2024-10-14T10:32:57.210116][INFO][seed54] No feasible solution... resampling
[2024-10-14T10:32:57.267692][INFO][seed54] Sampled 7600 data instances
[2024-10-14T10:32:57.267777][INFO][seed54] Starting exact inference 
[2024-10-14T10:32:57.357541][INFO][seed54] No feasible solution... resampling
[2024-10-14T10:32:57.424094][INFO][seed54] Sampled 7700 data instances
[2024-10-14T10:32:57.424258][INFO][seed54] Starting exact inference 
[2024-10-14T10:32:57.459764][INFO][seed54] No feasible solution... resampling
[2024-10-14T10:32:57.517633][INFO][seed54] Sampled 7800 data instances
[2024-10-14T10:32:57.517735][INFO][seed54] Starting exact inference 
[2024-10-14T10:32:57.546742][INFO][seed54] No feasible solution... resampling
[2024-10-14T10:32:57.612813][INFO][seed54] Sampled 7900 data instances
[2024-10-14T10:32:57.613041][INFO][seed54] Starting exact inference 
[2024-10-14T10:32:57.638393][INFO][seed54] No feasible solution... resampling
[2024-10-14T10:32:57.699980][INFO][seed54] Sampled 8000 data instances
[2024-10-14T10:32:57.700070][INFO][seed54] Starting exact inference 
[2024-10-14T10:32:57.729140][INFO][seed54] No feasible solution... resampling
[2024-10-14T10:32:57.789499][INFO][seed54] Sampled 8100 data instances
[2024-10-14T10:32:57.789591][INFO][seed54] Starting exact inference 
[2024-10-14T10:32:57.857790][INFO][seed54] No feasible solution... resampling
[2024-10-14T10:32:57.938627][INFO][seed54] Sampled 8200 data instances
[2024-10-14T10:32:57.938842][INFO][seed54] Starting exact inference 
[2024-10-14T10:32:57.972132][INFO][seed54] No feasible solution... resampling
[2024-10-14T10:32:58.035570][INFO][seed54] Sampled 8300 data instances
[2024-10-14T10:32:58.035667][INFO][seed54] Starting exact inference 
[2024-10-14T10:32:58.064907][INFO][seed54] No feasible solution... resampling
[2024-10-14T10:32:58.127034][INFO][seed54] Sampled 8400 data instances
[2024-10-14T10:32:58.127114][INFO][seed54] Starting exact inference 
[2024-10-14T10:32:58.161119][INFO][seed54] No feasible solution... resampling
[2024-10-14T10:32:58.224290][INFO][seed54] Sampled 8500 data instances
[2024-10-14T10:32:58.224379][INFO][seed54] Starting exact inference 
[2024-10-14T10:32:58.254689][INFO][seed54] No feasible solution... resampling
[2024-10-14T10:32:58.318348][INFO][seed54] Sampled 8600 data instances
[2024-10-14T10:32:58.318428][INFO][seed54] Starting exact inference 
[2024-10-14T10:32:58.375865][INFO][seed54] No feasible solution... resampling
[2024-10-14T10:32:58.443793][INFO][seed54] Sampled 8700 data instances
[2024-10-14T10:32:58.444013][INFO][seed54] Starting exact inference 
[2024-10-14T10:32:58.516792][INFO][seed54] No feasible solution... resampling
[2024-10-14T10:32:58.609661][INFO][seed54] Sampled 8800 data instances
[2024-10-14T10:32:58.609871][INFO][seed54] Starting exact inference 
[2024-10-14T10:32:58.641943][INFO][seed54] No feasible solution... resampling
[2024-10-14T10:32:58.712269][INFO][seed54] Sampled 8900 data instances
[2024-10-14T10:32:58.712506][INFO][seed54] Starting exact inference 
[2024-10-14T10:32:58.757782][INFO][seed54] No feasible solution... resampling
[2024-10-14T10:32:58.827770][INFO][seed54] Sampled 9000 data instances
[2024-10-14T10:32:58.827864][INFO][seed54] Starting exact inference 
[2024-10-14T10:32:58.892805][INFO][seed54] No feasible solution... resampling
[2024-10-14T10:32:59.016420][INFO][seed54] Sampled 9100 data instances
[2024-10-14T10:32:59.017073][INFO][seed54] Starting exact inference 
[2024-10-14T10:32:59.090937][INFO][seed54] No feasible solution... resampling
[2024-10-14T10:32:59.209111][INFO][seed54] Sampled 9200 data instances
[2024-10-14T10:32:59.211734][INFO][seed54] Starting exact inference 
[2024-10-14T10:32:59.277929][INFO][seed54] No feasible solution... resampling
[2024-10-14T10:32:59.391722][INFO][seed54] Sampled 9300 data instances
[2024-10-14T10:32:59.404437][INFO][seed54] Starting exact inference 
[2024-10-14T10:32:59.449958][INFO][seed54] No feasible solution... resampling
[2024-10-14T10:32:59.523881][INFO][seed54] Sampled 9400 data instances
[2024-10-14T10:32:59.524119][INFO][seed54] Starting exact inference 
[2024-10-14T10:32:59.554617][INFO][seed54] No feasible solution... resampling
[2024-10-14T10:32:59.629867][INFO][seed54] Sampled 9500 data instances
[2024-10-14T10:32:59.629961][INFO][seed54] Starting exact inference 
[2024-10-14T10:32:59.667702][INFO][seed54] No feasible solution... resampling
[2024-10-14T10:32:59.743219][INFO][seed54] Sampled 9600 data instances
[2024-10-14T10:32:59.743433][INFO][seed54] Starting exact inference 
[2024-10-14T10:32:59.772469][INFO][seed54] No feasible solution... resampling
[2024-10-14T10:32:59.846611][INFO][seed54] Sampled 9700 data instances
[2024-10-14T10:32:59.846699][INFO][seed54] Starting exact inference 
[2024-10-14T10:32:59.917810][INFO][seed54] No feasible solution... resampling
[2024-10-14T10:33:00.024213][INFO][seed54] Sampled 9800 data instances
[2024-10-14T10:33:00.024420][INFO][seed54] Starting exact inference 
[2024-10-14T10:33:00.090780][INFO][seed54] No feasible solution... resampling
[2024-10-14T10:33:00.192719][INFO][seed54] Sampled 9900 data instances
[2024-10-14T10:33:00.192918][INFO][seed54] Starting exact inference 
[2024-10-14T10:33:00.222824][INFO][seed54] No feasible solution... resampling
[2024-10-14T10:33:00.297795][INFO][seed54] Sampled 10000 data instances
[2024-10-14T10:33:00.297882][INFO][seed54] Starting exact inference 
[2024-10-14T10:33:00.339482][INFO][seed54] No feasible solution... resampling
[2024-10-14T10:33:00.339562][SEVERE][seed54] java.lang.IllegalStateException: Unable to generate compatible data
[2024-10-14T10:33:00.339576][INFO][seed54] Closing log file
[2024-10-14T10:33:00.339585][INFO][seed54] Closed log file
