0
['genn.py', '2', '0.6', '0.5', '5', '3']
2 0.6 0.5 5
/mnt/beegfs/rcabanas/dev/credici/papers/zeros/code/GenerateNparents.java
['genn.py', '2', '0.6', '0.5', '1', '3']
['genn.py', '2', '0.6', '0.5', '0', '3']
['genn.py', '2', '0.6', '0.5', '14', '3']
2 0.6 0.5 1
/mnt/beegfs/rcabanas/dev/credici/papers/zeros/code/GenerateNparents.java
['genn.py', '2', '0.6', '0.5', '13', '3']
2 0.6 0.5 0
/mnt/beegfs/rcabanas/dev/credici/papers/zeros/code/GenerateNparents.java
2 0.6 0.5 14
/mnt/beegfs/rcabanas/dev/credici/papers/zeros/code/GenerateNparents.java
['genn.py', '2', '0.6', '0.5', '7', '3']
['genn.py', '2', '0.6', '0.5', '12', '3']
['genn.py', '2', '0.6', '0.5', '17', '3']
['genn.py', '2', '0.6', '0.5', '36', '3']
2 0.6 0.5 13
/mnt/beegfs/rcabanas/dev/credici/papers/zeros/code/GenerateNparents.java
2 0.6 0.5 7
/mnt/beegfs/rcabanas/dev/credici/papers/zeros/code/GenerateNparents.java
2 0.6 0.5 12
['genn.py', '2', '0.6', '0.5', '9', '3']
/mnt/beegfs/rcabanas/dev/credici/papers/zeros/code/GenerateNparents.java
['genn.py', '2', '0.6', '0.5', '18', '3']
2 0.6 0.5 17
/mnt/beegfs/rcabanas/dev/credici/papers/zeros/code/GenerateNparents.java
2 0.6 0.5 36
/mnt/beegfs/rcabanas/dev/credici/papers/zeros/code/GenerateNparents.java
['genn.py', '2', '0.6', '0.5', '3', '3']
['genn.py', '2', '0.6', '0.5', '15', '3']
2 0.6 0.5 9
/mnt/beegfs/rcabanas/dev/credici/papers/zeros/code/GenerateNparents.java
2 0.6 0.5 18
/mnt/beegfs/rcabanas/dev/credici/papers/zeros/code/GenerateNparents.java
['genn.py', '2', '0.6', '0.5', '6', '3']
['genn.py', '2', '0.6', '0.5', '8', '3']
2 0.6 0.5 3
/mnt/beegfs/rcabanas/dev/credici/papers/zeros/code/GenerateNparents.java
['genn.py', '2', '0.6', '0.5', '2', '3']
['genn.py', '2', '0.6', '0.5', '21', '3']
2 0.6 0.5 15
/mnt/beegfs/rcabanas/dev/credici/papers/zeros/code/GenerateNparents.java
['genn.py', '2', '0.6', '0.5', '20', '3']
2 0.6 0.5 8
/mnt/beegfs/rcabanas/dev/credici/papers/zeros/code/GenerateNparents.java
2 0.6 0.5 6
/mnt/beegfs/rcabanas/dev/credici/papers/zeros/code/GenerateNparents.java
2 0.6 0.5 2
/mnt/beegfs/rcabanas/dev/credici/papers/zeros/code/GenerateNparents.java
2 0.6 0.5 21
/mnt/beegfs/rcabanas/dev/credici/papers/zeros/code/GenerateNparents.java
2 0.6 0.5 20
/mnt/beegfs/rcabanas/dev/credici/papers/zeros/code/GenerateNparents.java
[2024-10-14T10:33:51.107170][INFO][seed5] Set up logging
[2024-10-14T10:33:51.124304][INFO][seed5] args: -np;2;-nzr;0.6;-zdr;0.5;-o;/mnt/beegfs/rcabanas/dev/credici/papers/zeros/models/s3;-rw;-s;5;-ys;3
[2024-10-14T10:33:51.126063][INFO][seed5] Starting logger with seed 5
[2024-10-14T10:33:51.132745][INFO][seed5] simple_nparents2_nzr06_zdr05_ysize3_5
[2024-10-14T10:33:51.156991][INFO][seed0] Set up logging
[2024-10-14T10:33:51.179176][INFO][seed0] args: -np;2;-nzr;0.6;-zdr;0.5;-o;/mnt/beegfs/rcabanas/dev/credici/papers/zeros/models/s3;-rw;-s;0;-ys;3
[2024-10-14T10:33:51.180541][INFO][seed0] Starting logger with seed 0
[2024-10-14T10:33:51.172152][INFO][seed1] Set up logging
[2024-10-14T10:33:51.182594][INFO][seed1] args: -np;2;-nzr;0.6;-zdr;0.5;-o;/mnt/beegfs/rcabanas/dev/credici/papers/zeros/models/s3;-rw;-s;1;-ys;3
[2024-10-14T10:33:51.192433][INFO][seed0] simple_nparents2_nzr06_zdr05_ysize3_0
[2024-10-14T10:33:51.191576][INFO][seed1] Starting logger with seed 1
[2024-10-14T10:33:51.199606][INFO][seed1] simple_nparents2_nzr06_zdr05_ysize3_1
[2024-10-14T10:33:51.296671][INFO][seed5] U cardinality: 81
[2024-10-14T10:33:51.302622][INFO][seed5] !0 = [0, 1, 2, 5, 6, 8, 9, 10, 12, 13, 14, 15, 16, 17, 18, 19, 22, 23, 24, 25, 28, 32, 34, 35, 37, 38, 39, 41, 43, 46, 47, 48, 50, 52, 53, 55, 56, 59, 63, 65, 66, 68, 70, 72, 74, 76, 77, 80]
[2024-10-14T10:33:51.303154][INFO][seed5] 0 = [3, 4, 7, 11, 20, 21, 26, 27, 29, 30, 31, 33, 36, 40, 42, 44, 45, 49, 51, 54, 57, 58, 60, 61, 62, 64, 67, 69, 71, 73, 75, 78, 79]
[2024-10-14T10:33:51.292693][INFO][seed9] Set up logging
[2024-10-14T10:33:51.306100][INFO][seed9] args: -np;2;-nzr;0.6;-zdr;0.5;-o;/mnt/beegfs/rcabanas/dev/credici/papers/zeros/models/s3;-rw;-s;9;-ys;3
[2024-10-14T10:33:51.310965][INFO][seed5] Dropping state 67
[2024-10-14T10:33:51.311800][INFO][seed5] Dropping state 64
[2024-10-14T10:33:51.315866][INFO][seed5] Dropping state 62
[2024-10-14T10:33:51.318271][INFO][seed5] Dropping state 60
[2024-10-14T10:33:51.320188][INFO][seed9] Starting logger with seed 9
[2024-10-14T10:33:51.322651][INFO][seed5] Dropping state 58
[2024-10-14T10:33:51.331877][INFO][seed9] simple_nparents2_nzr06_zdr05_ysize3_9
[2024-10-14T10:33:51.333490][INFO][seed5] Dropping state 51
[2024-10-14T10:33:51.334475][INFO][seed5] Dropping state 44
[2024-10-14T10:33:51.337668][INFO][seed5] Dropping state 36
[2024-10-14T10:33:51.339070][INFO][seed5] Dropping state 31
[2024-10-14T10:33:51.340525][INFO][seed5] Dropping state 20
[2024-10-14T10:33:51.341342][INFO][seed5] Dropping state 7
[2024-10-14T10:33:51.343475][INFO][seed0] U cardinality: 81
[2024-10-14T10:33:51.343842][INFO][seed5] U cardinality: 70
[2024-10-14T10:33:51.348976][INFO][seed0] !0 = [0, 1, 2, 3, 9, 10, 13, 17, 19, 22, 23, 24, 25, 26, 27, 29, 31, 32, 35, 36, 37, 38, 40, 41, 44, 47, 48, 49, 51, 53, 55, 57, 58, 60, 61, 62, 64, 65, 66, 69, 71, 72, 73, 74, 76, 77, 78, 79]
[2024-10-14T10:33:51.349497][INFO][seed0] 0 = [4, 5, 6, 7, 8, 11, 12, 14, 15, 16, 18, 20, 21, 28, 30, 33, 34, 39, 42, 43, 45, 46, 50, 52, 54, 56, 59, 63, 67, 68, 70, 75, 80]
[2024-10-14T10:33:51.354843][INFO][seed0] Dropping state 68
[2024-10-14T10:33:51.357344][INFO][seed0] Dropping state 63
[2024-10-14T10:33:51.358841][INFO][seed0] Dropping state 59
[2024-10-14T10:33:51.359476][INFO][seed5] 
[P([5]) [0.284, 0.716], P([4]) [0.368, 0.632], P([3]) [0.001, 0.001, 0.001, 0.0, 0.0, 0.001, 0.189, 0.001, 0.001, 0.001, 0.0, 0.001, 0.067, 0.006, 0.001, 0.001, 0.001, 0.001, 0.001, 0.0, 0.001, 0.001, 0.111, 0.001, 0.0, 0.0, 0.001, 0.0, 0.0, 0.002, 0.0, 0.001, 0.001, 0.001, 0.013, 0.001, 0.0, 0.001, 0.0, 0.001, 0.0, 0.001, 0.001, 0.001, 0.0, 0.001, 0.001, 0.001, 0.0, 0.001, 0.001, 0.0, 0.001, 0.0, 0.001, 0.001, 0.001, 0.001, 0.0, 0.001, 0.0, 0.001, 0.0, 0.001, 0.0, 0.001, 0.001, 0.0, 0.0, 0.571], P([2, 5]) [1.0, 0.0, 0.0, 1.0], P([1, 4]) [1.0, 0.0, 0.0, 1.0], P([0, 1, 2, 3]) [1.0, 0.0, 0.0, 1.0, 0.0, 0.0, 1.0, 0.0, 0.0, 1.0, 0.0, 0.0, 1.0, 0.0, 0.0, 1.0, 0.0, 0.0, 1.0, 0.0, 0.0, 0.0, 1.0, 0.0, 1.0, 0.0, 0.0, 1.0, 0.0, 0.0, 1.0, 0.0, 0.0, 0.0, 0.0, 1.0, 1.0, 0.0, 0.0, 1.0, 0.0, 0.0, 0.0, 1.0, 0.0, 1.0, 0.0, 0.0, 1.0, 0.0, 0.0, 1.0, 0.0, 0.0, 0.0, 1.0, 0.0, 0.0, 1.0, 0.0, 1.0, 0.0, 0.0, 1.0, 0.0, 0.0, 0.0, 1.0, 0.0, 0.0, 0.0, 1.0, 1.0, 0.0, 0.0, 1.0, 0.0, 0.0, 0.0, 0.0, 1.0, 1.0, 0.0, 0.0, 1.0, 0.0, 0.0, 1.0, 0.0, 0.0, 0.0, 0.0, 1.0, 0.0, 0.0, 1.0, 1.0, 0.0, 0.0, 0.0, 1.0, 0.0, 1.0, 0.0, 0.0, 1.0, 0.0, 0.0, 1.0, 0.0, 0.0, 0.0, 1.0, 0.0, 1.0, 0.0, 0.0, 0.0, 1.0, 0.0, 1.0, 0.0, 0.0, 0.0, 1.0, 0.0, 1.0, 0.0, 0.0, 0.0, 0.0, 1.0, 1.0, 0.0, 0.0, 0.0, 1.0, 0.0, 0.0, 1.0, 0.0, 1.0, 0.0, 0.0, 1.0, 0.0, 0.0, 0.0, 1.0, 0.0, 0.0, 1.0, 0.0, 0.0, 1.0, 0.0, 1.0, 0.0, 0.0, 0.0, 1.0, 0.0, 0.0, 1.0, 0.0, 0.0, 0.0, 1.0, 1.0, 0.0, 0.0, 0.0, 1.0, 0.0, 0.0, 0.0, 1.0, 1.0, 0.0, 0.0, 1.0, 0.0, 0.0, 0.0, 1.0, 0.0, 0.0, 0.0, 1.0, 0.0, 1.0, 0.0, 1.0, 0.0, 0.0, 0.0, 1.0, 0.0, 0.0, 0.0, 1.0, 0.0, 0.0, 1.0, 1.0, 0.0, 0.0, 0.0, 0.0, 1.0, 1.0, 0.0, 0.0, 1.0, 0.0, 0.0, 1.0, 0.0, 0.0, 0.0, 0.0, 1.0, 1.0, 0.0, 0.0, 0.0, 1.0, 0.0, 1.0, 0.0, 0.0, 0.0, 0.0, 1.0, 0.0, 1.0, 0.0, 1.0, 0.0, 0.0, 1.0, 0.0, 0.0, 0.0, 0.0, 1.0, 0.0, 1.0, 0.0, 0.0, 1.0, 0.0, 1.0, 0.0, 0.0, 0.0, 0.0, 1.0, 0.0, 1.0, 0.0, 0.0, 0.0, 1.0, 1.0, 0.0, 0.0, 0.0, 0.0, 1.0, 0.0, 0.0, 1.0, 1.0, 0.0, 0.0, 1.0, 0.0, 0.0, 0.0, 0.0, 1.0, 0.0, 0.0, 1.0, 0.0, 1.0, 0.0, 1.0, 0.0, 0.0, 0.0, 0.0, 1.0, 0.0, 0.0, 1.0, 0.0, 0.0, 1.0, 0.0, 1.0, 0.0, 1.0, 0.0, 0.0, 1.0, 0.0, 0.0, 1.0, 0.0, 0.0, 0.0, 1.0, 0.0, 1.0, 0.0, 0.0, 1.0, 0.0, 0.0, 0.0, 1.0, 0.0, 0.0, 1.0, 0.0, 1.0, 0.0, 0.0, 1.0, 0.0, 0.0, 0.0, 0.0, 1.0, 0.0, 1.0, 0.0, 1.0, 0.0, 0.0, 0.0, 1.0, 0.0, 1.0, 0.0, 0.0, 0.0, 1.0, 0.0, 1.0, 0.0, 0.0, 0.0, 1.0, 0.0, 0.0, 0.0, 1.0, 0.0, 1.0, 0.0, 1.0, 0.0, 0.0, 0.0, 0.0, 1.0, 1.0, 0.0, 0.0, 0.0, 1.0, 0.0, 1.0, 0.0, 0.0, 0.0, 0.0, 1.0, 0.0, 1.0, 0.0, 0.0, 1.0, 0.0, 1.0, 0.0, 0.0, 0.0, 0.0, 1.0, 0.0, 0.0, 1.0, 0.0, 1.0, 0.0, 0.0, 1.0, 0.0, 1.0, 0.0, 0.0, 0.0, 1.0, 0.0, 0.0, 1.0, 0.0, 0.0, 1.0, 0.0, 1.0, 0.0, 0.0, 0.0, 0.0, 1.0, 0.0, 1.0, 0.0, 0.0, 1.0, 0.0, 0.0, 1.0, 0.0, 1.0, 0.0, 0.0, 0.0, 1.0, 0.0, 0.0, 1.0, 0.0, 0.0, 1.0, 0.0, 0.0, 1.0, 0.0, 0.0, 1.0, 0.0, 0.0, 1.0, 0.0, 0.0, 1.0, 0.0, 0.0, 0.0, 1.0, 0.0, 1.0, 0.0, 0.0, 1.0, 0.0, 0.0, 0.0, 1.0, 1.0, 0.0, 0.0, 0.0, 1.0, 0.0, 0.0, 1.0, 0.0, 0.0, 0.0, 1.0, 0.0, 1.0, 0.0, 0.0, 1.0, 0.0, 0.0, 0.0, 1.0, 1.0, 0.0, 0.0, 1.0, 0.0, 0.0, 0.0, 1.0, 0.0, 0.0, 0.0, 1.0, 1.0, 0.0, 0.0, 0.0, 1.0, 0.0, 0.0, 1.0, 0.0, 0.0, 0.0, 1.0, 1.0, 0.0, 0.0, 0.0, 0.0, 1.0, 0.0, 1.0, 0.0, 0.0, 0.0, 1.0, 0.0, 1.0, 0.0, 1.0, 0.0, 0.0, 0.0, 1.0, 0.0, 0.0, 0.0, 1.0, 0.0, 1.0, 0.0, 0.0, 1.0, 0.0, 0.0, 1.0, 0.0, 0.0, 0.0, 1.0, 0.0, 1.0, 0.0, 0.0, 0.0, 1.0, 0.0, 1.0, 0.0, 0.0, 0.0, 1.0, 0.0, 0.0, 1.0, 0.0, 1.0, 0.0, 0.0, 1.0, 0.0, 0.0, 0.0, 1.0, 0.0, 0.0, 1.0, 0.0, 0.0, 1.0, 0.0, 0.0, 1.0, 1.0, 0.0, 0.0, 1.0, 0.0, 0.0, 1.0, 0.0, 0.0, 0.0, 0.0, 1.0, 1.0, 0.0, 0.0, 1.0, 0.0, 0.0, 0.0, 1.0, 0.0, 0.0, 0.0, 1.0, 1.0, 0.0, 0.0, 1.0, 0.0, 0.0, 0.0, 0.0, 1.0, 0.0, 0.0, 1.0, 1.0, 0.0, 0.0, 0.0, 1.0, 0.0, 1.0, 0.0, 0.0, 0.0, 0.0, 1.0, 1.0, 0.0, 0.0, 0.0, 1.0, 0.0, 0.0, 0.0, 1.0, 0.0, 0.0, 1.0, 1.0, 0.0, 0.0, 0.0, 0.0, 1.0, 0.0, 1.0, 0.0, 0.0, 0.0, 1.0, 0.0, 1.0, 0.0, 1.0, 0.0, 0.0, 1.0, 0.0, 0.0, 0.0, 0.0, 1.0, 0.0, 1.0, 0.0, 1.0, 0.0, 0.0, 0.0, 0.0, 1.0, 0.0, 0.0, 1.0, 0.0, 1.0, 0.0, 0.0, 1.0, 0.0, 1.0, 0.0, 0.0, 0.0, 0.0, 1.0, 0.0, 1.0, 0.0, 0.0, 1.0, 0.0, 0.0, 0.0, 1.0, 0.0, 0.0, 1.0, 0.0, 1.0, 0.0, 0.0, 0.0, 1.0, 1.0, 0.0, 0.0, 0.0, 0.0, 1.0, 0.0, 1.0, 0.0, 0.0, 0.0, 1.0, 0.0, 1.0, 0.0, 0.0, 0.0, 1.0, 0.0, 1.0, 0.0, 0.0, 0.0, 1.0, 0.0, 0.0, 1.0, 0.0, 0.0, 1.0, 0.0, 0.0, 1.0, 1.0, 0.0, 0.0, 1.0, 0.0, 0.0, 0.0, 0.0, 1.0, 0.0, 0.0, 1.0, 1.0, 0.0, 0.0, 0.0, 1.0, 0.0, 0.0, 0.0, 1.0, 0.0, 0.0, 1.0, 1.0, 0.0, 0.0, 0.0, 0.0, 1.0, 0.0, 0.0, 1.0, 0.0, 0.0, 1.0, 0.0, 1.0, 0.0, 1.0, 0.0, 0.0, 0.0, 0.0, 1.0, 0.0, 0.0, 1.0, 0.0, 1.0, 0.0, 0.0, 1.0, 0.0, 0.0, 0.0, 1.0, 0.0, 0.0, 1.0, 0.0, 1.0, 0.0, 0.0, 0.0, 1.0, 0.0, 0.0, 1.0, 0.0, 0.0, 1.0, 0.0, 0.0, 1.0, 1.0, 0.0, 0.0, 0.0, 0.0, 1.0, 0.0, 0.0, 1.0, 0.0, 0.0, 1.0, 0.0, 1.0, 0.0, 0.0, 0.0, 1.0, 0.0, 0.0, 1.0, 0.0, 0.0, 1.0, 0.0, 0.0, 1.0]]

[2024-10-14T10:33:51.361366][INFO][seed0] Dropping state 46
[2024-10-14T10:33:51.367545][INFO][seed0] Dropping state 43
[2024-10-14T10:33:51.375414][INFO][seed0] Dropping state 42
[2024-10-14T10:33:51.378543][INFO][seed0] Dropping state 28
[2024-10-14T10:33:51.380116][INFO][seed0] Dropping state 16
[2024-10-14T10:33:51.381715][INFO][seed0] Dropping state 14
[2024-10-14T10:33:51.382804][INFO][seed0] Dropping state 12
[2024-10-14T10:33:51.383592][INFO][seed0] Dropping state 7
[2024-10-14T10:33:51.391293][INFO][seed0] Dropping state 6
[2024-10-14T10:33:51.392280][INFO][seed0] Dropping state 5
[2024-10-14T10:33:51.393910][INFO][seed0] Dropping state 4
[2024-10-14T10:33:51.397066][INFO][seed0] U cardinality: 67
[2024-10-14T10:33:51.407572][INFO][seed0] 
[P([5]) [0.147, 0.853], P([4]) [0.64, 0.36], P([3]) [0.001, 0.001, 0.001, 0.001, 0.0, 0.001, 0.539, 0.0, 0.001, 0.0, 0.001, 0.0, 0.001, 0.0, 0.0, 0.001, 0.003, 0.001, 0.001, 0.001, 0.001, 0.003, 0.0, 0.001, 0.001, 0.0, 0.0, 0.001, 0.001, 0.001, 0.001, 0.0, 0.001, 0.001, 0.018, 0.0, 0.016, 0.001, 0.001, 0.0, 0.001, 0.0, 0.001, 0.0, 0.001, 0.0, 0.001, 0.001, 0.001, 0.001, 0.001, 0.007, 0.001, 0.001, 0.0, 0.001, 0.0, 0.001, 0.001, 0.001, 0.001, 0.0, 0.001, 0.007, 0.001, 0.367, 0.0], P([2, 5]) [1.0, 0.0, 0.0, 1.0], P([1, 4]) [1.0, 0.0, 0.0, 1.0], P([0, 1, 2, 3]) [1.0, 0.0, 0.0, 1.0, 0.0, 0.0, 1.0, 0.0, 0.0, 1.0, 0.0, 0.0, 1.0, 0.0, 0.0, 1.0, 0.0, 0.0, 1.0, 0.0, 0.0, 0.0, 1.0, 0.0, 1.0, 0.0, 0.0, 1.0, 0.0, 0.0, 1.0, 0.0, 0.0, 0.0, 0.0, 1.0, 1.0, 0.0, 0.0, 1.0, 0.0, 0.0, 0.0, 1.0, 0.0, 1.0, 0.0, 0.0, 1.0, 0.0, 0.0, 1.0, 0.0, 0.0, 0.0, 0.0, 1.0, 0.0, 0.0, 1.0, 1.0, 0.0, 0.0, 0.0, 1.0, 0.0, 1.0, 0.0, 0.0, 1.0, 0.0, 0.0, 1.0, 0.0, 0.0, 0.0, 1.0, 0.0, 1.0, 0.0, 0.0, 0.0, 1.0, 0.0, 1.0, 0.0, 0.0, 0.0, 1.0, 0.0, 1.0, 0.0, 0.0, 0.0, 0.0, 1.0, 1.0, 0.0, 0.0, 0.0, 1.0, 0.0, 0.0, 1.0, 0.0, 0.0, 1.0, 0.0, 1.0, 0.0, 0.0, 0.0, 1.0, 0.0, 0.0, 0.0, 1.0, 1.0, 0.0, 0.0, 1.0, 0.0, 0.0, 0.0, 1.0, 0.0, 0.0, 0.0, 1.0, 0.0, 0.0, 1.0, 1.0, 0.0, 0.0, 0.0, 0.0, 1.0, 1.0, 0.0, 0.0, 1.0, 0.0, 0.0, 1.0, 0.0, 0.0, 0.0, 0.0, 1.0, 1.0, 0.0, 0.0, 0.0, 1.0, 0.0, 1.0, 0.0, 0.0, 0.0, 0.0, 1.0, 1.0, 0.0, 0.0, 0.0, 0.0, 1.0, 1.0, 0.0, 0.0, 0.0, 0.0, 1.0, 0.0, 1.0, 0.0, 1.0, 0.0, 0.0, 1.0, 0.0, 0.0, 0.0, 0.0, 1.0, 0.0, 1.0, 0.0, 0.0, 1.0, 0.0, 1.0, 0.0, 0.0, 0.0, 0.0, 1.0, 0.0, 1.0, 0.0, 0.0, 0.0, 1.0, 1.0, 0.0, 0.0, 0.0, 0.0, 1.0, 0.0, 0.0, 1.0, 1.0, 0.0, 0.0, 1.0, 0.0, 0.0, 0.0, 0.0, 1.0, 0.0, 0.0, 1.0, 0.0, 1.0, 0.0, 1.0, 0.0, 0.0, 0.0, 0.0, 1.0, 0.0, 0.0, 1.0, 0.0, 0.0, 1.0, 0.0, 1.0, 0.0, 1.0, 0.0, 0.0, 1.0, 0.0, 0.0, 1.0, 0.0, 0.0, 0.0, 1.0, 0.0, 1.0, 0.0, 0.0, 1.0, 0.0, 0.0, 0.0, 0.0, 1.0, 0.0, 1.0, 0.0, 1.0, 0.0, 0.0, 0.0, 1.0, 0.0, 1.0, 0.0, 0.0, 0.0, 1.0, 0.0, 1.0, 0.0, 0.0, 0.0, 1.0, 0.0, 0.0, 1.0, 0.0, 0.0, 1.0, 0.0, 1.0, 0.0, 0.0, 0.0, 1.0, 0.0, 0.0, 0.0, 1.0, 0.0, 1.0, 0.0, 1.0, 0.0, 0.0, 0.0, 0.0, 1.0, 1.0, 0.0, 0.0, 0.0, 1.0, 0.0, 1.0, 0.0, 0.0, 0.0, 0.0, 1.0, 0.0, 1.0, 0.0, 0.0, 1.0, 0.0, 1.0, 0.0, 0.0, 0.0, 0.0, 1.0, 0.0, 0.0, 1.0, 0.0, 1.0, 0.0, 0.0, 1.0, 0.0, 1.0, 0.0, 0.0, 1.0, 0.0, 0.0, 0.0, 1.0, 0.0, 0.0, 1.0, 0.0, 1.0, 0.0, 0.0, 0.0, 1.0, 0.0, 0.0, 1.0, 0.0, 0.0, 1.0, 0.0, 1.0, 0.0, 0.0, 0.0, 0.0, 1.0, 0.0, 1.0, 0.0, 0.0, 1.0, 0.0, 0.0, 1.0, 0.0, 1.0, 0.0, 0.0, 0.0, 1.0, 0.0, 0.0, 1.0, 0.0, 0.0, 1.0, 0.0, 0.0, 1.0, 0.0, 0.0, 1.0, 0.0, 0.0, 1.0, 0.0, 0.0, 1.0, 0.0, 0.0, 0.0, 1.0, 0.0, 1.0, 0.0, 0.0, 1.0, 0.0, 0.0, 0.0, 1.0, 0.0, 0.0, 1.0, 0.0, 1.0, 0.0, 0.0, 0.0, 1.0, 1.0, 0.0, 0.0, 1.0, 0.0, 0.0, 0.0, 1.0, 0.0, 0.0, 0.0, 1.0, 1.0, 0.0, 0.0, 0.0, 0.0, 1.0, 0.0, 1.0, 0.0, 0.0, 0.0, 1.0, 0.0, 1.0, 0.0, 1.0, 0.0, 0.0, 0.0, 1.0, 0.0, 0.0, 0.0, 1.0, 0.0, 1.0, 0.0, 0.0, 1.0, 0.0, 0.0, 1.0, 0.0, 0.0, 0.0, 1.0, 0.0, 1.0, 0.0, 0.0, 0.0, 1.0, 0.0, 1.0, 0.0, 0.0, 0.0, 1.0, 0.0, 0.0, 1.0, 1.0, 0.0, 0.0, 0.0, 1.0, 0.0, 0.0, 0.0, 1.0, 0.0, 0.0, 1.0, 0.0, 1.0, 0.0, 0.0, 1.0, 0.0, 0.0, 0.0, 1.0, 0.0, 0.0, 1.0, 0.0, 0.0, 1.0, 0.0, 0.0, 1.0, 1.0, 0.0, 0.0, 1.0, 0.0, 0.0, 1.0, 0.0, 0.0, 0.0, 0.0, 1.0, 1.0, 0.0, 0.0, 1.0, 0.0, 0.0, 0.0, 1.0, 0.0, 0.0, 0.0, 1.0, 1.0, 0.0, 0.0, 1.0, 0.0, 0.0, 0.0, 0.0, 1.0, 0.0, 0.0, 1.0, 1.0, 0.0, 0.0, 0.0, 1.0, 0.0, 1.0, 0.0, 0.0, 0.0, 0.0, 1.0, 1.0, 0.0, 0.0, 0.0, 1.0, 0.0, 0.0, 1.0, 0.0, 0.0, 0.0, 1.0, 1.0, 0.0, 0.0, 0.0, 0.0, 1.0, 1.0, 0.0, 0.0, 0.0, 0.0, 1.0, 1.0, 0.0, 0.0, 0.0, 0.0, 1.0, 0.0, 1.0, 0.0, 0.0, 0.0, 1.0, 1.0, 0.0, 0.0, 0.0, 0.0, 1.0, 0.0, 0.0, 1.0, 0.0, 0.0, 1.0, 0.0, 1.0, 0.0, 1.0, 0.0, 0.0, 0.0, 1.0, 0.0, 0.0, 0.0, 1.0, 0.0, 1.0, 0.0, 1.0, 0.0, 0.0, 0.0, 0.0, 1.0, 0.0, 0.0, 1.0, 0.0, 1.0, 0.0, 0.0, 1.0, 0.0, 1.0, 0.0, 0.0, 0.0, 0.0, 1.0, 0.0, 1.0, 0.0, 0.0, 1.0, 0.0, 0.0, 1.0, 0.0, 0.0, 0.0, 1.0, 0.0, 1.0, 0.0, 0.0, 0.0, 1.0, 1.0, 0.0, 0.0, 0.0, 0.0, 1.0, 0.0, 1.0, 0.0, 0.0, 0.0, 1.0, 0.0, 1.0, 0.0, 0.0, 0.0, 1.0, 0.0, 1.0, 0.0, 0.0, 0.0, 1.0, 0.0, 0.0, 1.0, 0.0, 0.0, 1.0, 0.0, 0.0, 1.0, 1.0, 0.0, 0.0, 1.0, 0.0, 0.0, 0.0, 0.0, 1.0, 0.0, 0.0, 1.0, 1.0, 0.0, 0.0, 0.0, 1.0, 0.0, 0.0, 0.0, 1.0, 0.0, 0.0, 1.0, 1.0, 0.0, 0.0, 0.0, 0.0, 1.0, 0.0, 0.0, 1.0, 0.0, 0.0, 1.0, 0.0, 1.0, 0.0, 1.0, 0.0, 0.0, 0.0, 0.0, 1.0, 0.0, 0.0, 1.0, 0.0, 1.0, 0.0, 0.0, 1.0, 0.0, 0.0, 0.0, 1.0, 0.0, 0.0, 1.0, 0.0, 1.0, 0.0, 0.0, 0.0, 1.0, 0.0, 0.0, 1.0, 0.0, 0.0, 1.0, 0.0, 0.0, 1.0, 1.0, 0.0, 0.0, 0.0, 0.0, 1.0, 0.0, 0.0, 1.0, 0.0, 0.0, 1.0, 0.0, 1.0, 0.0, 0.0, 0.0, 1.0, 0.0, 0.0, 1.0, 0.0, 0.0, 1.0, 0.0, 0.0, 1.0]]

[2024-10-14T10:33:51.427843][INFO][seed1] U cardinality: 81
[2024-10-14T10:33:51.434995][INFO][seed1] !0 = [3, 4, 5, 6, 8, 10, 11, 14, 15, 16, 17, 19, 22, 24, 25, 26, 28, 29, 30, 32, 34, 39, 41, 42, 43, 45, 47, 48, 49, 50, 51, 52, 59, 61, 64, 65, 66, 67, 68, 69, 70, 71, 73, 74, 75, 76, 79, 80]
[2024-10-14T10:33:51.440195][INFO][seed1] 0 = [0, 1, 2, 7, 9, 12, 13, 18, 20, 21, 23, 27, 31, 33, 35, 36, 37, 38, 40, 44, 46, 53, 54, 55, 56, 57, 58, 60, 62, 63, 72, 77, 78]
[2024-10-14T10:33:51.446589][INFO][seed1] Dropping state 78
[2024-10-14T10:33:51.447831][INFO][seed1] Dropping state 57
[2024-10-14T10:33:51.450433][INFO][seed1] Dropping state 54
[2024-10-14T10:33:51.453999][INFO][seed1] Dropping state 46
[2024-10-14T10:33:51.458364][INFO][seed1] Dropping state 37
[2024-10-14T10:33:51.459260][INFO][seed1] Dropping state 33
[2024-10-14T10:33:51.460609][INFO][seed1] Dropping state 31
[2024-10-14T10:33:51.464827][INFO][seed1] Dropping state 23
[2024-10-14T10:33:51.466291][INFO][seed1] Dropping state 20
[2024-10-14T10:33:51.467425][INFO][seed1] Dropping state 18
[2024-10-14T10:33:51.468328][INFO][seed1] Dropping state 13
[2024-10-14T10:33:51.472674][INFO][seed1] Dropping state 9
[2024-10-14T10:33:51.474082][INFO][seed1] Dropping state 7
[2024-10-14T10:33:51.478475][INFO][seed1] Dropping state 2
[2024-10-14T10:33:51.479900][INFO][seed1] Dropping state 1
[2024-10-14T10:33:51.483599][INFO][seed1] U cardinality: 66
[2024-10-14T10:33:51.461810][INFO][seed17] Set up logging
[2024-10-14T10:33:51.490518][INFO][seed17] args: -np;2;-nzr;0.6;-zdr;0.5;-o;/mnt/beegfs/rcabanas/dev/credici/papers/zeros/models/s3;-rw;-s;17;-ys;3
[2024-10-14T10:33:51.493018][INFO][seed17] Starting logger with seed 17
[2024-10-14T10:33:51.499057][INFO][seed1] 
[P([5]) [0.67, 0.33], P([4]) [0.55, 0.45], P([3]) [0.0, 0.001, 0.001, 0.001, 0.001, 0.001, 0.001, 0.001, 0.0, 0.001, 0.023, 0.001, 0.001, 0.001, 0.0, 0.001, 0.002, 0.001, 0.001, 0.0, 0.833, 0.001, 0.001, 0.001, 0.001, 0.0, 0.0, 0.0, 0.001, 0.0, 0.001, 0.001, 0.001, 0.0, 0.001, 0.001, 0.065, 0.001, 0.001, 0.001, 0.001, 0.0, 0.0, 0.0, 0.0, 0.001, 0.0, 0.001, 0.0, 0.0, 0.001, 0.001, 0.001, 0.001, 0.001, 0.001, 0.001, 0.001, 0.0, 0.001, 0.001, 0.001, 0.001, 0.0, 0.001, 0.034], P([2, 5]) [1.0, 0.0, 0.0, 1.0], P([1, 4]) [1.0, 0.0, 0.0, 1.0], P([0, 1, 2, 3]) [1.0, 0.0, 0.0, 1.0, 0.0, 0.0, 1.0, 0.0, 0.0, 1.0, 0.0, 0.0, 1.0, 0.0, 0.0, 1.0, 0.0, 0.0, 0.0, 1.0, 0.0, 1.0, 0.0, 0.0, 1.0, 0.0, 0.0, 1.0, 0.0, 0.0, 0.0, 1.0, 0.0, 0.0, 1.0, 0.0, 1.0, 0.0, 0.0, 1.0, 0.0, 0.0, 0.0, 1.0, 0.0, 0.0, 0.0, 1.0, 1.0, 0.0, 0.0, 1.0, 0.0, 0.0, 0.0, 0.0, 1.0, 1.0, 0.0, 0.0, 1.0, 0.0, 0.0, 1.0, 0.0, 0.0, 0.0, 0.0, 1.0, 0.0, 0.0, 1.0, 1.0, 0.0, 0.0, 0.0, 1.0, 0.0, 1.0, 0.0, 0.0, 0.0, 1.0, 0.0, 1.0, 0.0, 0.0, 0.0, 1.0, 0.0, 1.0, 0.0, 0.0, 0.0, 0.0, 1.0, 1.0, 0.0, 0.0, 0.0, 1.0, 0.0, 0.0, 1.0, 0.0, 1.0, 0.0, 0.0, 1.0, 0.0, 0.0, 0.0, 1.0, 0.0, 0.0, 1.0, 0.0, 0.0, 0.0, 1.0, 1.0, 0.0, 0.0, 0.0, 1.0, 0.0, 0.0, 0.0, 1.0, 1.0, 0.0, 0.0, 1.0, 0.0, 0.0, 0.0, 1.0, 0.0, 0.0, 0.0, 1.0, 0.0, 1.0, 0.0, 1.0, 0.0, 0.0, 0.0, 1.0, 0.0, 0.0, 0.0, 1.0, 0.0, 0.0, 1.0, 1.0, 0.0, 0.0, 0.0, 0.0, 1.0, 1.0, 0.0, 0.0, 0.0, 1.0, 0.0, 1.0, 0.0, 0.0, 0.0, 0.0, 1.0, 0.0, 1.0, 0.0, 1.0, 0.0, 0.0, 1.0, 0.0, 0.0, 0.0, 0.0, 1.0, 0.0, 1.0, 0.0, 0.0, 1.0, 0.0, 1.0, 0.0, 0.0, 0.0, 0.0, 1.0, 0.0, 0.0, 1.0, 1.0, 0.0, 0.0, 1.0, 0.0, 0.0, 0.0, 0.0, 1.0, 0.0, 0.0, 1.0, 0.0, 1.0, 0.0, 1.0, 0.0, 0.0, 0.0, 0.0, 1.0, 0.0, 0.0, 1.0, 0.0, 0.0, 1.0, 0.0, 1.0, 0.0, 1.0, 0.0, 0.0, 1.0, 0.0, 0.0, 1.0, 0.0, 0.0, 0.0, 1.0, 0.0, 1.0, 0.0, 0.0, 1.0, 0.0, 0.0, 0.0, 1.0, 0.0, 0.0, 1.0, 0.0, 1.0, 0.0, 0.0, 1.0, 0.0, 0.0, 0.0, 0.0, 1.0, 0.0, 1.0, 0.0, 1.0, 0.0, 0.0, 0.0, 1.0, 0.0, 1.0, 0.0, 0.0, 0.0, 1.0, 0.0, 1.0, 0.0, 0.0, 0.0, 1.0, 0.0, 0.0, 0.0, 1.0, 0.0, 1.0, 0.0, 1.0, 0.0, 0.0, 0.0, 0.0, 1.0, 0.0, 1.0, 0.0, 0.0, 1.0, 0.0, 1.0, 0.0, 0.0, 0.0, 0.0, 1.0, 0.0, 0.0, 1.0, 0.0, 1.0, 0.0, 0.0, 1.0, 0.0, 1.0, 0.0, 0.0, 1.0, 0.0, 0.0, 0.0, 1.0, 0.0, 0.0, 1.0, 0.0, 1.0, 0.0, 0.0, 0.0, 0.0, 1.0, 0.0, 1.0, 0.0, 0.0, 1.0, 0.0, 0.0, 1.0, 0.0, 1.0, 0.0, 0.0, 0.0, 1.0, 0.0, 0.0, 1.0, 0.0, 0.0, 1.0, 0.0, 0.0, 1.0, 0.0, 0.0, 1.0, 0.0, 0.0, 1.0, 0.0, 0.0, 1.0, 0.0, 0.0, 0.0, 1.0, 0.0, 1.0, 0.0, 0.0, 1.0, 0.0, 0.0, 0.0, 1.0, 1.0, 0.0, 0.0, 0.0, 1.0, 0.0, 0.0, 1.0, 0.0, 0.0, 0.0, 1.0, 0.0, 1.0, 0.0, 0.0, 1.0, 0.0, 0.0, 1.0, 0.0, 0.0, 0.0, 1.0, 0.0, 0.0, 1.0, 0.0, 1.0, 0.0, 0.0, 0.0, 1.0, 1.0, 0.0, 0.0, 1.0, 0.0, 0.0, 0.0, 1.0, 0.0, 0.0, 0.0, 1.0, 1.0, 0.0, 0.0, 0.0, 0.0, 1.0, 0.0, 1.0, 0.0, 0.0, 0.0, 1.0, 0.0, 1.0, 0.0, 1.0, 0.0, 0.0, 0.0, 1.0, 0.0, 0.0, 0.0, 1.0, 0.0, 1.0, 0.0, 0.0, 1.0, 0.0, 0.0, 1.0, 0.0, 0.0, 0.0, 1.0, 0.0, 1.0, 0.0, 0.0, 0.0, 1.0, 0.0, 1.0, 0.0, 0.0, 0.0, 1.0, 0.0, 0.0, 1.0, 1.0, 0.0, 0.0, 0.0, 1.0, 0.0, 0.0, 0.0, 1.0, 0.0, 0.0, 1.0, 0.0, 1.0, 0.0, 0.0, 1.0, 0.0, 0.0, 0.0, 1.0, 0.0, 0.0, 1.0, 0.0, 0.0, 1.0, 0.0, 0.0, 1.0, 1.0, 0.0, 0.0, 1.0, 0.0, 0.0, 0.0, 1.0, 0.0, 0.0, 0.0, 1.0, 1.0, 0.0, 0.0, 1.0, 0.0, 0.0, 0.0, 0.0, 1.0, 0.0, 0.0, 1.0, 1.0, 0.0, 0.0, 0.0, 1.0, 0.0, 0.0, 1.0, 0.0, 0.0, 0.0, 1.0, 1.0, 0.0, 0.0, 0.0, 1.0, 0.0, 0.0, 0.0, 1.0, 0.0, 0.0, 1.0, 1.0, 0.0, 0.0, 0.0, 0.0, 1.0, 1.0, 0.0, 0.0, 0.0, 0.0, 1.0, 1.0, 0.0, 0.0, 0.0, 0.0, 1.0, 0.0, 1.0, 0.0, 0.0, 0.0, 1.0, 1.0, 0.0, 0.0, 0.0, 0.0, 1.0, 0.0, 0.0, 1.0, 0.0, 0.0, 1.0, 0.0, 1.0, 0.0, 1.0, 0.0, 0.0, 1.0, 0.0, 0.0, 0.0, 0.0, 1.0, 0.0, 1.0, 0.0, 1.0, 0.0, 0.0, 0.0, 1.0, 0.0, 0.0, 0.0, 1.0, 0.0, 1.0, 0.0, 1.0, 0.0, 0.0, 0.0, 0.0, 1.0, 0.0, 0.0, 1.0, 0.0, 1.0, 0.0, 0.0, 1.0, 0.0, 1.0, 0.0, 0.0, 0.0, 0.0, 1.0, 0.0, 1.0, 0.0, 0.0, 1.0, 0.0, 0.0, 1.0, 0.0, 0.0, 0.0, 1.0, 0.0, 1.0, 0.0, 0.0, 1.0, 0.0, 0.0, 0.0, 1.0, 0.0, 0.0, 1.0, 0.0, 1.0, 0.0, 0.0, 0.0, 1.0, 1.0, 0.0, 0.0, 0.0, 0.0, 1.0, 0.0, 1.0, 0.0, 0.0, 0.0, 1.0, 0.0, 1.0, 0.0, 0.0, 0.0, 1.0, 0.0, 1.0, 0.0, 0.0, 0.0, 1.0, 0.0, 0.0, 1.0, 0.0, 0.0, 1.0, 0.0, 0.0, 1.0, 1.0, 0.0, 0.0, 1.0, 0.0, 0.0, 0.0, 0.0, 1.0, 0.0, 0.0, 1.0, 1.0, 0.0, 0.0, 0.0, 1.0, 0.0, 0.0, 0.0, 1.0, 0.0, 0.0, 1.0, 1.0, 0.0, 0.0, 0.0, 0.0, 1.0, 0.0, 0.0, 1.0, 0.0, 0.0, 1.0, 0.0, 1.0, 0.0, 1.0, 0.0, 0.0, 0.0, 0.0, 1.0, 0.0, 0.0, 1.0, 0.0, 1.0, 0.0, 0.0, 1.0, 0.0, 0.0, 0.0, 1.0, 0.0, 0.0, 1.0, 0.0, 1.0, 0.0, 0.0, 0.0, 1.0, 0.0, 0.0, 1.0, 0.0, 0.0, 1.0, 0.0, 0.0, 1.0, 0.0, 1.0, 0.0, 0.0, 0.0, 1.0, 0.0, 0.0, 1.0, 0.0, 0.0, 1.0, 0.0, 0.0, 1.0]]

[2024-10-14T10:33:51.507046][INFO][seed17] simple_nparents2_nzr06_zdr05_ysize3_17
[2024-10-14T10:33:51.498815][INFO][seed36] Set up logging
[2024-10-14T10:33:51.513062][INFO][seed36] args: -np;2;-nzr;0.6;-zdr;0.5;-o;/mnt/beegfs/rcabanas/dev/credici/papers/zeros/models/s3;-rw;-s;36;-ys;3
[2024-10-14T10:33:51.494122][INFO][seed14] Set up logging
[2024-10-14T10:33:51.515799][INFO][seed14] args: -np;2;-nzr;0.6;-zdr;0.5;-o;/mnt/beegfs/rcabanas/dev/credici/papers/zeros/models/s3;-rw;-s;14;-ys;3
[2024-10-14T10:33:51.517079][INFO][seed36] Starting logger with seed 36
[2024-10-14T10:33:51.523494][INFO][seed36] simple_nparents2_nzr06_zdr05_ysize3_36
[2024-10-14T10:33:51.528301][INFO][seed14] Starting logger with seed 14
[2024-10-14T10:33:51.534700][INFO][seed14] simple_nparents2_nzr06_zdr05_ysize3_14
[2024-10-14T10:33:51.510524][INFO][seed18] Set up logging
[2024-10-14T10:33:51.537130][INFO][seed18] args: -np;2;-nzr;0.6;-zdr;0.5;-o;/mnt/beegfs/rcabanas/dev/credici/papers/zeros/models/s3;-rw;-s;18;-ys;3
[2024-10-14T10:33:51.518218][INFO][seed12] Set up logging
[2024-10-14T10:33:51.541896][INFO][seed12] args: -np;2;-nzr;0.6;-zdr;0.5;-o;/mnt/beegfs/rcabanas/dev/credici/papers/zeros/models/s3;-rw;-s;12;-ys;3
[2024-10-14T10:33:51.542641][INFO][seed9] U cardinality: 81
[2024-10-14T10:33:51.538979][INFO][seed18] Starting logger with seed 18
[2024-10-14T10:33:51.544656][INFO][seed12] Starting logger with seed 12
[2024-10-14T10:33:51.549090][INFO][seed9] !0 = [0, 1, 3, 4, 5, 6, 8, 9, 12, 13, 15, 16, 17, 19, 20, 23, 27, 28, 30, 31, 32, 33, 34, 35, 36, 37, 42, 44, 50, 53, 54, 56, 57, 58, 60, 64, 66, 67, 68, 69, 70, 71, 72, 73, 74, 75, 76, 80]
[2024-10-14T10:33:51.549696][INFO][seed9] 0 = [2, 7, 10, 11, 14, 18, 21, 22, 24, 25, 26, 29, 38, 39, 40, 41, 43, 45, 46, 47, 48, 49, 51, 52, 55, 59, 61, 62, 63, 65, 77, 78, 79]
[2024-10-14T10:33:51.517645][INFO][seed7] Set up logging
[2024-10-14T10:33:51.550705][INFO][seed7] args: -np;2;-nzr;0.6;-zdr;0.5;-o;/mnt/beegfs/rcabanas/dev/credici/papers/zeros/models/s3;-rw;-s;7;-ys;3
[2024-10-14T10:33:51.552210][INFO][seed12] simple_nparents2_nzr06_zdr05_ysize3_12
[2024-10-14T10:33:51.552551][INFO][seed7] Starting logger with seed 7
[2024-10-14T10:33:51.557605][INFO][seed9] Dropping state 79
[2024-10-14T10:33:51.558449][INFO][seed9] Dropping state 63
[2024-10-14T10:33:51.558577][INFO][seed18] simple_nparents2_nzr06_zdr05_ysize3_18
[2024-10-14T10:33:51.561547][INFO][seed7] simple_nparents2_nzr06_zdr05_ysize3_7
[2024-10-14T10:33:51.562627][INFO][seed9] Dropping state 61
[2024-10-14T10:33:51.565094][INFO][seed9] Dropping state 52
[2024-10-14T10:33:51.569178][INFO][seed9] Dropping state 51
[2024-10-14T10:33:51.573584][INFO][seed15] Set up logging
[2024-10-14T10:33:51.580446][INFO][seed9] Dropping state 49
[2024-10-14T10:33:51.551563][INFO][seed13] Set up logging
[2024-10-14T10:33:51.581237][INFO][seed9] Dropping state 48
[2024-10-14T10:33:51.582029][INFO][seed13] args: -np;2;-nzr;0.6;-zdr;0.5;-o;/mnt/beegfs/rcabanas/dev/credici/papers/zeros/models/s3;-rw;-s;13;-ys;3
[2024-10-14T10:33:51.583240][INFO][seed9] Dropping state 46
[2024-10-14T10:33:51.583965][INFO][seed15] args: -np;2;-nzr;0.6;-zdr;0.5;-o;/mnt/beegfs/rcabanas/dev/credici/papers/zeros/models/s3;-rw;-s;15;-ys;3
[2024-10-14T10:33:51.584460][INFO][seed13] Starting logger with seed 13
[2024-10-14T10:33:51.586126][INFO][seed15] Starting logger with seed 15
[2024-10-14T10:33:51.586345][INFO][seed9] Dropping state 40
[2024-10-14T10:33:51.587600][INFO][seed9] Dropping state 38
[2024-10-14T10:33:51.594276][INFO][seed9] Dropping state 29
[2024-10-14T10:33:51.595818][INFO][seed9] Dropping state 26
[2024-10-14T10:33:51.596881][INFO][seed9] Dropping state 24
[2024-10-14T10:33:51.598632][INFO][seed9] Dropping state 22
[2024-10-14T10:33:51.600054][INFO][seed9] Dropping state 14
[2024-10-14T10:33:51.600031][INFO][seed13] simple_nparents2_nzr06_zdr05_ysize3_13
[2024-10-14T10:33:51.600696][INFO][seed9] Dropping state 10
[2024-10-14T10:33:51.603305][INFO][seed9] Dropping state 7
[2024-10-14T10:33:51.604411][INFO][seed9] Dropping state 2
[2024-10-14T10:33:51.606681][INFO][seed15] simple_nparents2_nzr06_zdr05_ysize3_15
[2024-10-14T10:33:51.608243][INFO][seed9] U cardinality: 63
[2024-10-14T10:33:51.624120][INFO][seed9] 
[P([5]) [0.239, 0.761], P([4]) [0.492, 0.508], P([3]) [0.001, 0.001, 0.001, 0.001, 0.001, 0.001, 0.268, 0.001, 0.0, 0.001, 0.001, 0.001, 0.001, 0.001, 0.0, 0.001, 0.001, 0.0, 0.001, 0.0, 0.001, 0.001, 0.001, 0.001, 0.001, 0.001, 0.001, 0.001, 0.001, 0.001, 0.0, 0.0, 0.001, 0.0, 0.001, 0.0, 0.0, 0.001, 0.239, 0.001, 0.0, 0.001, 0.001, 0.128, 0.0, 0.001, 0.0, 0.001, 0.0, 0.001, 0.243, 0.001, 0.045, 0.001, 0.001, 0.001, 0.001, 0.001, 0.001, 0.001, 0.0, 0.0, 0.035], P([2, 5]) [1.0, 0.0, 0.0, 1.0], P([1, 4]) [1.0, 0.0, 0.0, 1.0], P([0, 1, 2, 3]) [1.0, 0.0, 0.0, 1.0, 0.0, 0.0, 1.0, 0.0, 0.0, 1.0, 0.0, 0.0, 1.0, 0.0, 0.0, 1.0, 0.0, 0.0, 1.0, 0.0, 0.0, 0.0, 1.0, 0.0, 1.0, 0.0, 0.0, 1.0, 0.0, 0.0, 0.0, 1.0, 0.0, 1.0, 0.0, 0.0, 1.0, 0.0, 0.0, 1.0, 0.0, 0.0, 0.0, 1.0, 0.0, 0.0, 1.0, 0.0, 1.0, 0.0, 0.0, 1.0, 0.0, 0.0, 0.0, 1.0, 0.0, 0.0, 0.0, 1.0, 1.0, 0.0, 0.0, 1.0, 0.0, 0.0, 0.0, 0.0, 1.0, 1.0, 0.0, 0.0, 1.0, 0.0, 0.0, 1.0, 0.0, 0.0, 0.0, 0.0, 1.0, 0.0, 0.0, 1.0, 1.0, 0.0, 0.0, 0.0, 1.0, 0.0, 1.0, 0.0, 0.0, 1.0, 0.0, 0.0, 1.0, 0.0, 0.0, 0.0, 1.0, 0.0, 1.0, 0.0, 0.0, 0.0, 0.0, 1.0, 1.0, 0.0, 0.0, 0.0, 1.0, 0.0, 0.0, 1.0, 0.0, 1.0, 0.0, 0.0, 1.0, 0.0, 0.0, 0.0, 1.0, 0.0, 0.0, 1.0, 0.0, 0.0, 1.0, 0.0, 1.0, 0.0, 0.0, 0.0, 1.0, 0.0, 0.0, 0.0, 1.0, 1.0, 0.0, 0.0, 1.0, 0.0, 0.0, 0.0, 1.0, 0.0, 0.0, 0.0, 1.0, 0.0, 1.0, 0.0, 1.0, 0.0, 0.0, 0.0, 1.0, 0.0, 0.0, 0.0, 1.0, 0.0, 0.0, 1.0, 1.0, 0.0, 0.0, 0.0, 0.0, 1.0, 1.0, 0.0, 0.0, 1.0, 0.0, 0.0, 1.0, 0.0, 0.0, 0.0, 0.0, 1.0, 1.0, 0.0, 0.0, 0.0, 1.0, 0.0, 1.0, 0.0, 0.0, 0.0, 0.0, 1.0, 1.0, 0.0, 0.0, 0.0, 0.0, 1.0, 1.0, 0.0, 0.0, 0.0, 0.0, 1.0, 0.0, 1.0, 0.0, 1.0, 0.0, 0.0, 1.0, 0.0, 0.0, 0.0, 0.0, 1.0, 0.0, 1.0, 0.0, 0.0, 0.0, 1.0, 1.0, 0.0, 0.0, 0.0, 0.0, 1.0, 0.0, 0.0, 1.0, 0.0, 1.0, 0.0, 0.0, 1.0, 0.0, 1.0, 0.0, 0.0, 1.0, 0.0, 0.0, 1.0, 0.0, 0.0, 0.0, 1.0, 0.0, 1.0, 0.0, 0.0, 1.0, 0.0, 0.0, 0.0, 1.0, 0.0, 0.0, 1.0, 0.0, 1.0, 0.0, 0.0, 0.0, 1.0, 0.0, 1.0, 0.0, 0.0, 0.0, 1.0, 0.0, 1.0, 0.0, 0.0, 0.0, 1.0, 0.0, 0.0, 1.0, 0.0, 0.0, 1.0, 0.0, 1.0, 0.0, 0.0, 0.0, 1.0, 0.0, 0.0, 0.0, 1.0, 0.0, 1.0, 0.0, 1.0, 0.0, 0.0, 0.0, 0.0, 1.0, 1.0, 0.0, 0.0, 0.0, 1.0, 0.0, 1.0, 0.0, 0.0, 0.0, 0.0, 1.0, 0.0, 1.0, 0.0, 0.0, 1.0, 0.0, 1.0, 0.0, 0.0, 0.0, 0.0, 1.0, 0.0, 0.0, 1.0, 0.0, 1.0, 0.0, 0.0, 1.0, 0.0, 1.0, 0.0, 0.0, 1.0, 0.0, 0.0, 0.0, 1.0, 0.0, 0.0, 1.0, 0.0, 1.0, 0.0, 0.0, 0.0, 1.0, 0.0, 0.0, 1.0, 0.0, 0.0, 1.0, 0.0, 0.0, 1.0, 0.0, 1.0, 0.0, 0.0, 0.0, 1.0, 0.0, 0.0, 1.0, 0.0, 0.0, 1.0, 0.0, 0.0, 0.0, 1.0, 0.0, 1.0, 0.0, 0.0, 1.0, 0.0, 0.0, 0.0, 1.0, 1.0, 0.0, 0.0, 0.0, 1.0, 0.0, 0.0, 1.0, 0.0, 0.0, 0.0, 1.0, 0.0, 1.0, 0.0, 0.0, 1.0, 0.0, 0.0, 1.0, 0.0, 0.0, 0.0, 1.0, 0.0, 0.0, 1.0, 0.0, 1.0, 0.0, 0.0, 0.0, 1.0, 1.0, 0.0, 0.0, 1.0, 0.0, 0.0, 0.0, 1.0, 0.0, 0.0, 0.0, 1.0, 1.0, 0.0, 0.0, 0.0, 0.0, 1.0, 0.0, 1.0, 0.0, 0.0, 0.0, 1.0, 0.0, 1.0, 0.0, 0.0, 0.0, 1.0, 0.0, 1.0, 0.0, 0.0, 0.0, 1.0, 0.0, 0.0, 1.0, 0.0, 0.0, 1.0, 0.0, 0.0, 1.0, 1.0, 0.0, 0.0, 1.0, 0.0, 0.0, 1.0, 0.0, 0.0, 0.0, 0.0, 1.0, 1.0, 0.0, 0.0, 1.0, 0.0, 0.0, 0.0, 1.0, 0.0, 0.0, 0.0, 1.0, 1.0, 0.0, 0.0, 1.0, 0.0, 0.0, 0.0, 0.0, 1.0, 0.0, 0.0, 1.0, 1.0, 0.0, 0.0, 0.0, 1.0, 0.0, 1.0, 0.0, 0.0, 0.0, 0.0, 1.0, 1.0, 0.0, 0.0, 0.0, 1.0, 0.0, 0.0, 1.0, 0.0, 0.0, 0.0, 1.0, 1.0, 0.0, 0.0, 0.0, 1.0, 0.0, 0.0, 0.0, 1.0, 0.0, 0.0, 1.0, 1.0, 0.0, 0.0, 0.0, 0.0, 1.0, 1.0, 0.0, 0.0, 0.0, 0.0, 1.0, 1.0, 0.0, 0.0, 0.0, 0.0, 1.0, 0.0, 0.0, 1.0, 0.0, 0.0, 1.0, 0.0, 1.0, 0.0, 1.0, 0.0, 0.0, 0.0, 1.0, 0.0, 0.0, 0.0, 1.0, 0.0, 1.0, 0.0, 1.0, 0.0, 0.0, 0.0, 0.0, 1.0, 0.0, 0.0, 1.0, 0.0, 1.0, 0.0, 0.0, 1.0, 0.0, 1.0, 0.0, 0.0, 0.0, 0.0, 1.0, 0.0, 1.0, 0.0, 0.0, 1.0, 0.0, 0.0, 1.0, 0.0, 0.0, 0.0, 1.0, 0.0, 1.0, 0.0, 0.0, 1.0, 0.0, 0.0, 0.0, 1.0, 0.0, 0.0, 1.0, 0.0, 1.0, 0.0, 0.0, 0.0, 1.0, 1.0, 0.0, 0.0, 0.0, 0.0, 1.0, 0.0, 1.0, 0.0, 0.0, 0.0, 1.0, 0.0, 1.0, 0.0, 0.0, 0.0, 1.0, 0.0, 1.0, 0.0, 0.0, 0.0, 1.0, 0.0, 0.0, 1.0, 0.0, 0.0, 1.0, 0.0, 0.0, 1.0, 1.0, 0.0, 0.0, 1.0, 0.0, 0.0, 0.0, 0.0, 1.0, 0.0, 0.0, 1.0, 1.0, 0.0, 0.0, 0.0, 1.0, 0.0, 0.0, 0.0, 1.0, 0.0, 0.0, 1.0, 1.0, 0.0, 0.0, 0.0, 0.0, 1.0, 0.0, 0.0, 1.0, 0.0, 0.0, 1.0, 0.0, 1.0, 0.0, 1.0, 0.0, 0.0, 0.0, 0.0, 1.0, 0.0, 0.0, 1.0, 0.0, 1.0, 0.0, 0.0, 1.0, 0.0, 0.0, 0.0, 1.0, 0.0, 0.0, 1.0, 0.0, 1.0, 0.0, 0.0, 0.0, 1.0, 0.0, 0.0, 1.0, 0.0, 0.0, 1.0, 0.0, 0.0, 1.0, 1.0, 0.0, 0.0, 0.0, 0.0, 1.0, 0.0, 0.0, 1.0, 0.0, 0.0, 1.0, 0.0, 0.0, 1.0]]

[2024-10-14T10:33:51.626273][INFO][seed5] Sampled 1000 data instances
[2024-10-14T10:33:51.626511][INFO][seed5] Starting exact inference 
[2024-10-14T10:33:51.610242][INFO][seed3] Set up logging
[2024-10-14T10:33:51.638178][INFO][seed3] args: -np;2;-nzr;0.6;-zdr;0.5;-o;/mnt/beegfs/rcabanas/dev/credici/papers/zeros/models/s3;-rw;-s;3;-ys;3
[2024-10-14T10:33:51.640520][INFO][seed3] Starting logger with seed 3
[2024-10-14T10:33:51.618154][INFO][seed20] Set up logging
[2024-10-14T10:33:51.648208][INFO][seed20] args: -np;2;-nzr;0.6;-zdr;0.5;-o;/mnt/beegfs/rcabanas/dev/credici/papers/zeros/models/s3;-rw;-s;20;-ys;3
[2024-10-14T10:33:51.624055][INFO][seed6] Set up logging
[2024-10-14T10:33:51.650368][INFO][seed6] args: -np;2;-nzr;0.6;-zdr;0.5;-o;/mnt/beegfs/rcabanas/dev/credici/papers/zeros/models/s3;-rw;-s;6;-ys;3
[2024-10-14T10:33:51.622677][INFO][seed21] Set up logging
[2024-10-14T10:33:51.652431][INFO][seed21] args: -np;2;-nzr;0.6;-zdr;0.5;-o;/mnt/beegfs/rcabanas/dev/credici/papers/zeros/models/s3;-rw;-s;21;-ys;3
[2024-10-14T10:33:51.650131][INFO][seed20] Starting logger with seed 20
[2024-10-14T10:33:51.655998][INFO][seed3] simple_nparents2_nzr06_zdr05_ysize3_3
[2024-10-14T10:33:51.659974][INFO][seed21] Starting logger with seed 21
[2024-10-14T10:33:51.660133][INFO][seed6] Starting logger with seed 6
[2024-10-14T10:33:51.668674][INFO][seed20] simple_nparents2_nzr06_zdr05_ysize3_20
[2024-10-14T10:33:51.673871][INFO][seed21] simple_nparents2_nzr06_zdr05_ysize3_21
[2024-10-14T10:33:51.674159][INFO][seed6] simple_nparents2_nzr06_zdr05_ysize3_6
[2024-10-14T10:33:51.649944][INFO][seed2] Set up logging
[2024-10-14T10:33:51.677408][INFO][seed2] args: -np;2;-nzr;0.6;-zdr;0.5;-o;/mnt/beegfs/rcabanas/dev/credici/papers/zeros/models/s3;-rw;-s;2;-ys;3
[2024-10-14T10:33:51.679408][INFO][seed2] Starting logger with seed 2
[2024-10-14T10:33:51.678952][INFO][seed0] Sampled 1000 data instances
[2024-10-14T10:33:51.679060][INFO][seed0] Starting exact inference 
[2024-10-14T10:33:51.705221][INFO][seed2] simple_nparents2_nzr06_zdr05_ysize3_2
[2024-10-14T10:33:51.682277][INFO][seed8] Set up logging
[2024-10-14T10:33:51.710307][INFO][seed8] args: -np;2;-nzr;0.6;-zdr;0.5;-o;/mnt/beegfs/rcabanas/dev/credici/papers/zeros/models/s3;-rw;-s;8;-ys;3
[2024-10-14T10:33:51.712682][INFO][seed8] Starting logger with seed 8
[2024-10-14T10:33:51.731241][INFO][seed14] U cardinality: 81
[2024-10-14T10:33:51.735862][INFO][seed8] simple_nparents2_nzr06_zdr05_ysize3_8
[2024-10-14T10:33:51.738265][INFO][seed14] !0 = [0, 1, 2, 3, 5, 7, 8, 9, 13, 14, 15, 16, 18, 19, 23, 24, 26, 27, 28, 29, 30, 31, 32, 33, 35, 36, 38, 40, 41, 44, 46, 48, 51, 52, 53, 54, 55, 57, 58, 60, 61, 67, 68, 69, 70, 73, 77, 80]
[2024-10-14T10:33:51.738327][INFO][seed17] U cardinality: 81
[2024-10-14T10:33:51.738880][INFO][seed14] 0 = [4, 6, 10, 11, 12, 17, 20, 21, 22, 25, 34, 37, 39, 42, 43, 45, 47, 49, 50, 56, 59, 62, 63, 64, 65, 66, 71, 72, 74, 75, 76, 78, 79]
[2024-10-14T10:33:51.745487][INFO][seed17] !0 = [0, 1, 2, 3, 5, 6, 7, 9, 11, 12, 14, 15, 16, 17, 18, 20, 21, 22, 24, 26, 27, 28, 30, 33, 34, 37, 41, 43, 46, 48, 49, 50, 51, 54, 55, 58, 60, 62, 65, 67, 68, 69, 71, 72, 73, 75, 77, 78]
[2024-10-14T10:33:51.746400][INFO][seed17] 0 = [4, 8, 10, 13, 19, 23, 25, 29, 31, 32, 35, 36, 38, 39, 40, 42, 44, 45, 47, 52, 53, 56, 57, 59, 61, 63, 64, 66, 70, 74, 76, 79, 80]
[2024-10-14T10:33:51.750693][INFO][seed14] Dropping state 74
[2024-10-14T10:33:51.751631][INFO][seed14] Dropping state 72
[2024-10-14T10:33:51.755077][INFO][seed17] Dropping state 80
[2024-10-14T10:33:51.754922][INFO][seed12] U cardinality: 81
[2024-10-14T10:33:51.756518][INFO][seed17] Dropping state 76
[2024-10-14T10:33:51.756366][INFO][seed14] Dropping state 66
[2024-10-14T10:33:51.758072][INFO][seed17] Dropping state 64
[2024-10-14T10:33:51.759372][INFO][seed14] Dropping state 65
[2024-10-14T10:33:51.760692][INFO][seed17] Dropping state 63
[2024-10-14T10:33:51.761438][INFO][seed12] !0 = [2, 4, 5, 6, 7, 9, 13, 14, 15, 16, 17, 18, 19, 20, 21, 22, 23, 26, 27, 29, 30, 34, 36, 38, 39, 40, 42, 43, 46, 47, 48, 49, 50, 55, 61, 62, 63, 64, 65, 66, 67, 68, 69, 72, 73, 75, 77, 79]
[2024-10-14T10:33:51.762044][INFO][seed12] 0 = [0, 1, 3, 8, 10, 11, 12, 24, 25, 28, 31, 32, 33, 35, 37, 41, 44, 45, 51, 52, 53, 54, 56, 57, 58, 59, 60, 70, 71, 74, 76, 78, 80]
[2024-10-14T10:33:51.764193][INFO][seed14] Dropping state 64
[2024-10-14T10:33:51.765378][INFO][seed17] Dropping state 61
[2024-10-14T10:33:51.769008][INFO][seed12] Dropping state 78
[2024-10-14T10:33:51.770094][INFO][seed12] Dropping state 71
[2024-10-14T10:33:51.771961][INFO][seed1] Sampled 1000 data instances
[2024-10-14T10:33:51.772222][INFO][seed1] Starting exact inference 
[2024-10-14T10:33:51.771892][INFO][seed12] Dropping state 70
[2024-10-14T10:33:51.773094][INFO][seed14] Dropping state 56
[2024-10-14T10:33:51.774561][INFO][seed12] Dropping state 59
[2024-10-14T10:33:51.776898][INFO][seed17] Dropping state 53
[2024-10-14T10:33:51.777529][INFO][seed14] Dropping state 47
[2024-10-14T10:33:51.779224][INFO][seed14] Dropping state 43
[2024-10-14T10:33:51.779871][INFO][seed12] Dropping state 57
[2024-10-14T10:33:51.780247][INFO][seed18] U cardinality: 81
[2024-10-14T10:33:51.780824][INFO][seed17] Dropping state 52
[2024-10-14T10:33:51.780888][INFO][seed14] Dropping state 42
[2024-10-14T10:33:51.782152][INFO][seed14] Dropping state 37
[2024-10-14T10:33:51.783212][INFO][seed17] Dropping state 45
[2024-10-14T10:33:51.785204][INFO][seed17] Dropping state 42
[2024-10-14T10:33:51.785192][INFO][seed14] Dropping state 25
[2024-10-14T10:33:51.786474][INFO][seed17] Dropping state 38
[2024-10-14T10:33:51.786970][INFO][seed18] !0 = [1, 2, 3, 4, 5, 6, 7, 9, 11, 14, 15, 16, 17, 18, 19, 20, 22, 25, 26, 28, 29, 30, 33, 35, 38, 40, 43, 44, 45, 47, 49, 52, 53, 56, 59, 61, 62, 63, 65, 67, 68, 70, 72, 74, 75, 76, 77, 78]
[2024-10-14T10:33:51.787346][INFO][seed17] Dropping state 36
[2024-10-14T10:33:51.787768][INFO][seed14] Dropping state 11
[2024-10-14T10:33:51.787861][INFO][seed18] 0 = [0, 8, 10, 12, 13, 21, 23, 24, 27, 31, 32, 34, 36, 37, 39, 41, 42, 46, 48, 50, 51, 54, 55, 57, 58, 60, 64, 66, 69, 71, 73, 79, 80]
[2024-10-14T10:33:51.788960][INFO][seed14] Dropping state 10
[2024-10-14T10:33:51.789109][INFO][seed12] Dropping state 56
[2024-10-14T10:33:51.792987][INFO][seed12] Dropping state 54
[2024-10-14T10:33:51.793965][INFO][seed14] U cardinality: 68
[2024-10-14T10:33:51.794677][INFO][seed12] Dropping state 53
[2024-10-14T10:33:51.796566][INFO][seed12] Dropping state 51
[2024-10-14T10:33:51.796800][INFO][seed17] Dropping state 35
[2024-10-14T10:33:51.797820][INFO][seed12] Dropping state 44
[2024-10-14T10:33:51.798033][INFO][seed17] Dropping state 31
[2024-10-14T10:33:51.798674][INFO][seed18] Dropping state 73
[2024-10-14T10:33:51.798730][INFO][seed12] Dropping state 37
[2024-10-14T10:33:51.799766][INFO][seed18] Dropping state 71
[2024-10-14T10:33:51.799870][INFO][seed17] Dropping state 23
[2024-10-14T10:33:51.800818][INFO][seed12] Dropping state 35
[2024-10-14T10:33:51.801564][INFO][seed17] Dropping state 19
[2024-10-14T10:33:51.801985][INFO][seed12] Dropping state 31
[2024-10-14T10:33:51.802332][INFO][seed17] Dropping state 13
[2024-10-14T10:33:51.804440][INFO][seed18] Dropping state 69
[2024-10-14T10:33:51.807273][INFO][seed18] Dropping state 64
[2024-10-14T10:33:51.808050][INFO][seed36] U cardinality: 81
[2024-10-14T10:33:51.804546][INFO][seed12] Dropping state 28
[2024-10-14T10:33:51.806081][INFO][seed17] Dropping state 10
[2024-10-14T10:33:51.806154][INFO][seed12] Dropping state 25
[2024-10-14T10:33:51.810434][INFO][seed17] U cardinality: 64
[2024-10-14T10:33:51.806824][INFO][seed12] Dropping state 11
[2024-10-14T10:33:51.810115][INFO][seed12] Dropping state 10
[2024-10-14T10:33:51.811468][INFO][seed14] 
[P([5]) [0.579, 0.421], P([4]) [0.401, 0.599], P([3]) [0.002, 0.001, 0.001, 0.001, 0.0, 0.001, 0.0, 0.001, 0.001, 0.001, 0.0, 0.001, 0.001, 0.001, 0.001, 0.0, 0.001, 0.001, 0.0, 0.0, 0.0, 0.001, 0.001, 0.001, 0.001, 0.001, 0.001, 0.001, 0.001, 0.001, 0.001, 0.0, 0.001, 0.001, 0.001, 0.0, 0.001, 0.001, 0.001, 0.0, 0.001, 0.001, 0.0, 0.0, 0.001, 0.001, 0.001, 0.001, 0.001, 0.001, 0.001, 0.0, 0.001, 0.001, 0.0, 0.0, 0.001, 0.001, 0.001, 0.001, 0.0, 0.001, 0.0, 0.0, 0.001, 0.0, 0.0, 0.952], P([2, 5]) [1.0, 0.0, 0.0, 1.0], P([1, 4]) [1.0, 0.0, 0.0, 1.0], P([0, 1, 2, 3]) [1.0, 0.0, 0.0, 1.0, 0.0, 0.0, 1.0, 0.0, 0.0, 1.0, 0.0, 0.0, 1.0, 0.0, 0.0, 1.0, 0.0, 0.0, 1.0, 0.0, 0.0, 0.0, 1.0, 0.0, 1.0, 0.0, 0.0, 1.0, 0.0, 0.0, 1.0, 0.0, 0.0, 0.0, 0.0, 1.0, 1.0, 0.0, 0.0, 1.0, 0.0, 0.0, 0.0, 1.0, 0.0, 1.0, 0.0, 0.0, 1.0, 0.0, 0.0, 1.0, 0.0, 0.0, 0.0, 1.0, 0.0, 0.0, 1.0, 0.0, 1.0, 0.0, 0.0, 1.0, 0.0, 0.0, 0.0, 1.0, 0.0, 0.0, 0.0, 1.0, 1.0, 0.0, 0.0, 1.0, 0.0, 0.0, 0.0, 0.0, 1.0, 1.0, 0.0, 0.0, 1.0, 0.0, 0.0, 1.0, 0.0, 0.0, 0.0, 0.0, 1.0, 0.0, 1.0, 0.0, 1.0, 0.0, 0.0, 1.0, 0.0, 0.0, 0.0, 0.0, 1.0, 0.0, 0.0, 1.0, 1.0, 0.0, 0.0, 0.0, 1.0, 0.0, 1.0, 0.0, 0.0, 1.0, 0.0, 0.0, 1.0, 0.0, 0.0, 0.0, 1.0, 0.0, 0.0, 1.0, 0.0, 1.0, 0.0, 0.0, 1.0, 0.0, 0.0, 0.0, 1.0, 0.0, 0.0, 1.0, 0.0, 0.0, 1.0, 0.0, 1.0, 0.0, 0.0, 0.0, 1.0, 0.0, 0.0, 1.0, 0.0, 0.0, 0.0, 1.0, 1.0, 0.0, 0.0, 0.0, 1.0, 0.0, 0.0, 0.0, 1.0, 1.0, 0.0, 0.0, 1.0, 0.0, 0.0, 0.0, 1.0, 0.0, 0.0, 0.0, 1.0, 0.0, 1.0, 0.0, 1.0, 0.0, 0.0, 0.0, 1.0, 0.0, 0.0, 0.0, 1.0, 0.0, 0.0, 1.0, 1.0, 0.0, 0.0, 0.0, 0.0, 1.0, 1.0, 0.0, 0.0, 1.0, 0.0, 0.0, 1.0, 0.0, 0.0, 0.0, 0.0, 1.0, 1.0, 0.0, 0.0, 0.0, 1.0, 0.0, 1.0, 0.0, 0.0, 0.0, 0.0, 1.0, 1.0, 0.0, 0.0, 0.0, 0.0, 1.0, 1.0, 0.0, 0.0, 0.0, 0.0, 1.0, 0.0, 1.0, 0.0, 1.0, 0.0, 0.0, 1.0, 0.0, 0.0, 0.0, 0.0, 1.0, 0.0, 1.0, 0.0, 0.0, 1.0, 0.0, 1.0, 0.0, 0.0, 0.0, 0.0, 1.0, 0.0, 1.0, 0.0, 0.0, 0.0, 1.0, 1.0, 0.0, 0.0, 0.0, 0.0, 1.0, 0.0, 0.0, 1.0, 1.0, 0.0, 0.0, 1.0, 0.0, 0.0, 0.0, 0.0, 1.0, 0.0, 0.0, 1.0, 0.0, 0.0, 1.0, 0.0, 1.0, 0.0, 1.0, 0.0, 0.0, 1.0, [2024-10-14T10:33:51.812154][INFO][seed18] Dropping state 55
0.0, 0.0, 1.0, 0.0, 0.0, 0.0, 1.0, 0.0, 1.0, 0.0, 0.0, 1.0, 0.0, 0.0, 0.0, 1.0, 0.0, 0.0, 1.0, 0.0, 1.0, 0.0, 0.0, 1.0, 0.0, 0.0, 0.0, 0.0, 1.0, 0.0, 1.0, 0.0, 1.0, 0.0, 0.0, 0.0, 1.0, 0.0, 1.0, 0.0, 0.0, 0.0, 1.0, 0.0, 1.0, 0.0, 0.0, 0.0, 1.0, 0.0, 0.0, 1.0, 0.0, 0.0, 1.0, 0.0, 1.0, 0.0, 0.0, 0.0, 1.0, 0.0, 0.0, 0.0, 1.0, 0.0, 1.0, 0.0, 1.0, 0.0, 0.0, 0.0, 0.0, 1.0, 1.0, 0.0, 0.0, 0.0, 1.0, 0.0, 1.0, 0.0, 0.0, 0.0, 0.0, 1.0, 0.0, 1.0, 0.0, 0.0, 1.0, 0.0, 1.0, 0.0, 0.0, 0.0, 0.0, 1.0, 0.0, 0.0, 1.0, 0.0, 1.0, 0.0, 0.0, 1.0, 0.0, 1.0, 0.0, 0.0, 1.0, 0.0, 0.0, 0.0, 1.0, 0.0, 0.0, 1.0, 0.0, 1.0, 0.0, 0.0, 0.0, 0.0, 1.0, 0.0, 1.0, 0.0, 0.0, 1.0, 0.0, 0.0, 1.0, 0.0, 1.0, 0.0, 0.0, 0.0, 1.0, 0.0, 0.0, 1.0, 0.0, 0.0, 1.0, 0.0, 0.0, 1.0, 0.0, 0.0, 1.0, 0.0, 0.0, 1.0, 0.0, 0.0, 1.0, 0.0, 0.0, 0.0, 1.0, 0.0, 1.0, 0.0, 0.0, 1.0, 0.0, 0.0, 0.0, 1.0, 0.0, 0.0, 1.0, 0.0, 1.0, 0.0, 0.0, 0.0, 1.0, 1.0, 0.0, 0.0, 1.0, 0.0, 0.0, 0.0, 1.0, 0.0, 0.0, 0.0, 1.0, 1.0, 0.0, 0.0, 0.0, 1.0, 0.0, 0.0, 1.0, 0.0, 0.0, 0.0, 1.0, 0.0, 1.0, 0.0, 1.0, 0.0, 0.0, 0.0, 1.0, 0.0, 0.0, 0.0, 1.0, 0.0, 1.0, 0.0, 0.0, 1.0, 0.0, 0.0, 1.0, 0.0, 0.0, 0.0, 1.0, 0.0, 1.0, 0.0, 0.0, 0.0, 1.0, 0.0, 1.0, 0.0, 0.0, 0.0, 1.0, 0.0, 0.0, 1.0, 1.0, 0.0, 0.0, 0.0, 1.0, 0.0, 0.0, 0.0, 1.0, 0.0, 0.0, 1.0, 0.0, 1.0, 0.0, 0.0, 1.0, 0.0, 0.0, 0.0, 1.0, 0.0, 0.0, 1.0, 0.0, 0.0, 1.0, 0.0, 0.0, 1.0, 1.0, 0.0, 0.0, 1.0, 0.0, 0.0, 1.0, 0.0, 0.0, 0.0, 0.0, 1.0, 1.0, 0.0, 0.0, 1.0, 0.0, 0.0, 0.0, 1.0, 0.0, 0.0, 0.0, 1.0, 1.0, 0.0, 0.0, 0.0, 1.0, 0.0, 1.0, 0.0, 0.0, 0.0, 0.0, 1.0, 1.0, 0.0, 0.0, 0.0, 1.0, 0.0, 0.0, 1.0, 0.0, 0.0, 0.0, 1.0, 1.0, 0.0, 0.0, 0.0, 1.0, 0.0, 0.0, 0.0, 1.0, 0.0, 0.0, 1.0, 1.0, 0.0, 0.0, 0.0, 0.0, 1.0, 1.0, 0.0, 0.0, 0.0, 0.0, 1.0, 1.0, 0.0, 0.0, 0.0, 0.0, 1.0, 0.0, 1.0, 0.0, 0.0, 0.0, 1.0, 1.0, 0.0, 0.0, 0.0, 0.0, 1.0, 0.0, 0.0, 1.0, 0.0, 0.0, 1.0, 0.0, 1.0, 0.0, 1.0, 0.0, 0.0, 1.0, 0.0, 0.0, 0.0, 0.0, 1.0, 0.0, 1.0, 0.0, 0.0, 1.0, 0.0, 0.0, 1.0, 0.0, 0.0, 0.0, 1.0, 0.0, 1.0, 0.0, 0.0, 1.0, 0.0, 0.0, 0.0, 1.0, 0.0, 0.0, 1.0, 0.0, 1.0, 0.0, 0.0, 0.0, 1.0, 1.0, 0.0, 0.0, 0.0, 0.0, 1.0, 0.0, 1.0, 0.0, 0.0, 0.0, 1.0, 0.0, 1.0, 0.0, 0.0, 0.0, 1.0, 0.0, 1.0, 0.0, 0.0, 0.0, 1.0, 0.0, 0.0, 1.0, 0.0, 0.0, 1.0, 0.0, 0.0, 1.0, 1.0, 0.0, 0.0, 0.0, 1.0, 0.0, 0.0, 0.0, 1.0, 0.0, 0.0, 1.0, 0.0, 1.0, 0.0, 1.0, 0.0, 0.0, 0.0, 0.0, 1.0, 0.0, 0.0, 1.0, 0.0, 1.0, 0.0, 0.0, 1.0, 0.0, 0.0, 0.0, 1.0, 0.0, 0.0, 1.0, 0.0, 1.0, 0.0, 0.0, 0.0, 1.0, 0.0, 0.0, 1.0, 0.0, 0.0, 1.0, 0.0, 0.0, 1.0, 1.0, 0.0, 0.0, 0.0, 0.0, 1.0, 0.0, 0.0, 1.0, 0.0, 0.0, 1.0, 0.0, 1.0, 0.0, 0.0, 0.0, 1.0, 0.0, 0.0, 1.0, 0.0, 0.0, 1.0, 0.0, 0.0, 1.0]]

[2024-10-14T10:33:51.811347][INFO][seed12] Dropping state 8
[2024-10-14T10:33:51.816234][INFO][seed12] Dropping state 3
[2024-10-14T10:33:51.819528][INFO][seed12] U cardinality: 62
[2024-10-14T10:33:51.821613][INFO][seed36] !0 = [0, 1, 3, 5, 6, 7, 10, 12, 13, 14, 15, 20, 21, 22, 23, 24, 25, 27, 28, 30, 31, 32, 37, 38, 39, 40, 43, 47, 48, 49, 50, 51, 52, 53, 54, 57, 60, 61, 63, 64, 66, 67, 68, 75, 76, 77, 78, 80]
[2024-10-14T10:33:51.822357][INFO][seed36] 0 = [2, 4, 8, 9, 11, 16, 17, 18, 19, 26, 29, 33, 34, 35, 36, 41, 42, 44, 45, 46, 55, 56, 58, 59, 62, 65, 69, 70, 71, 72, 73, 74, 79]
[2024-10-14T10:33:51.822260][INFO][seed17] 
[P([5]) [0.488, 0.512], P([4]) [0.888, 0.112], P([3]) [0.001, 0.001, 0.001, 0.001, 0.0, 0.001, 0.001, 0.001, 0.0, 0.001, 0.001, 0.001, 0.001, 0.001, 0.001, 0.001, 0.001, 0.151, 0.001, 0.001, 0.001, 0.0, 0.001, 0.001, 0.001, 0.0, 0.001, 0.0, 0.001, 0.001, 0.001, 0.0, 0.0, 0.001, 0.443, 0.0, 0.001, 0.0, 0.001, 0.001, 0.001, 0.001, 0.001, 0.001, 0.0, 0.0, 0.001, 0.0, 0.001, 0.001, 0.001, 0.0, 0.001, 0.001, 0.001, 0.0, 0.001, 0.001, 0.001, 0.0, 0.07, 0.001, 0.292, 0.0], P([2, 5]) [1.0, 0.0, 0.0, 1.0], P([1, 4]) [1.0, 0.0, 0.0, 1.0], P([0, 1, 2, 3]) [1.0, 0.0, 0.0, 1.0, 0.0, 0.0, 1.0, 0.0, 0.0, 1.0, 0.0, 0.0, 1.0, 0.0, 0.0, 1.0, 0.0, 0.0, 1.0, 0.0, 0.0, 0.0, 1.0, 0.0, 1.0, 0.0, 0.0, 1.0, 0.0, 0.0, 1.0, 0.0, 0.0, 0.0, 0.0, 1.0, 1.0, 0.0, 0.0, 1.0, 0.0, 0.0, 0.0, 1.0, 0.0, 1.0, 0.0, 0.0, 1.0, 0.0, 0.0, 1.0, 0.0, 0.0, 0.0, 1.0, 0.0, 0.0, 1.0, 0.0, 1.0, 0.0, 0.0, 1.0, 0.0, 0.0, 0.0, 1.0, 0.0, 0.0, 0.0, 1.0, 1.0, 0.0, 0.0, 1.0, 0.0, 0.0, 0.0, 0.0, 1.0, 1.0, 0.0, 0.0, 1.0, 0.0, 0.0, 1.0, 0.0, 0.0, 0.0, 0.0, 1.0, 0.0, 1.0, 0.0, 1.0, 0.0, 0.0, 1.0, 0.0, 0.0, 0.0, 0.0, 1.0, 0.0, 0.0, 1.0, 1.0, 0.0, 0.0, 0.0, 1.0, 0.0, 1.0, 0.0, 0.0, 1.0, 0.0, 0.0, 1.0, 0.0, 0.0, 0.0, 1.0, 0.0, 1.0, 0.0, 0.0, 0.0, 0.0, 1.0, 1.0, 0.0, 0.0, 0.0, 1.0, 0.0, 0.0, 1.0, 0.0, 1.0, 0.0, 0.0, 1.0, 0.0, 0.0, 0.0, 1.0, 0.0, 0.0, 1.0, 0.0, 0.0, 0.0, 1.0, 1.0, 0.0, 0.0, 0.0, 1.0, 0.0, 0.0, 0.0, 1.0, 1.0, 0.0, 0.0, 1.0, 0.0, 0.0, 0.0, 1.0, 0.0, 0.0, 0.0, 1.0, 0.0, 1.0, 0.0, 1.0, 0.0, 0.0, 0.0, 1.0, 0.0, 0.0, 0.0, 1.0, 0.0, 0.0, 1.0, 1.0, 0.0, 0.0, 0.0, 0.0, 1.0, 1.0, 0.0, 0.0, 1.0, 0.0, 0.0, 1.0, 0.0, 0.0, 0.0, 0.0, 1.0, 1.0, 0.0, 0.0, 0.0, 0.0, 1.0, 1.0, 0.0, 0.0, 0.0, 0.0, 1.0, 0.0, 1.0, 0.0, 1.0, 0.0, 0.0, 1.0, 0.0, 0.0, 0.0, 0.0, 1.0, 0.0, 1.0, 0.0, 0.0, 1.0, 0.0, 1.0, 0.0, 0.0, 0.0, 0.0, 1.0, 0.0, 0.0, 1.0, 1.0, 0.0, 0.0, 1.0, 0.0, 0.0, 0.0, 0.0, 1.0, 0.0, 0.0, 1.0, 0.0, 1.0, 0.0, 1.0, 0.0, 0.0, 0.0, 0.0, 1.0, 0.0, 0.0, 1.0, 0.0, 0.0, 1.0, 0.0, 1.0, 0.0, 1.0, 0.0, 0.0, 1.0, 0.0, 0.0, 1.0, 0.0, 0.0, 0.0, 1.0, 0.0, 1.0, 0.0, 0.0, 1.0, 0.0, 0.0, 0.0, 1.0, 0.0, 0.0, 1.0, 0.0, 1.0, 0.0, 0.0, 1.0, 0.0, 0.0, 0.0, 0.0, 1.0, 0.0, 1.0, 0.0, 1.0, 0.0, 0.0, 0.0, 1.0, 0.0, 1.0, 0.0, 0.0, 0.0, 1.0, 0.0, 1.0, 0.0, 0.0, 0.0, 1.0, 0.0, 0.0, 0.0, 1.0, 0.0, 1.0, 0.0, 1.0, 0.0, 0.0, 0.0, 0.0, 1.0, 1.0, 0.0, 0.0, 0.0, 1.0, 0.0, 1.0, 0.0, 0.0, 0.0, 0.0, 1.0, 0.0, 1.0, 0.0, 0.0, 1.0, 0.0, 0.0, 1.0, 0.0, 1.0, 0.0, 0.0, 0.0, 1.0, 0.0, 0.0, 1.0, 0.0, 0.0, 1.0, 0.0, 0.0, 1.0, 0.0, 1.0, 0.0, 0.0, 0.0, 1.0, 0.0, 0.0, 1.0, 0.0, 0.0, 1.0, 0.0, 0.0, 1.0, 0.0, 0.0, 1.0, 0.0, 0.0, 1.0, 0.0, 0.0, 1.0, 0.0, 0.0, 0.0, 1.0, 0.0, 1.0, 0.0, 0.0, 1.0, 0.0, 0.0, 0.0, 1.0, 0.0, 1.0, 0.0, 0.0, 1.0, 0.0, 0.0, 1.0, 0.0, 0.0, 0.0, 1.0, 0.0, 0.0, 1.0, 0.0, 1.0, 0.0, 0.0, 0.0, 1.0, 1.0, 0.0, 0.0, 0.0, 1.0, 0.0, 0.0, 1.0, 0.0, 0.0, 0.0, 1.0, 1.0, 0.0, 0.0, 0.0, 0.0, 1.0, 0.0, 1.0, 0.0, 0.0, 0.0, 1.0, 0.0, 1.0, 0.0, 1.0, 0.0, 0.0, 0.0, 1.0, 0.0, 0.0, 0.0, 1.0, 0.0, 1.0, 0.0, 0.0, 1.0, 0.0, 0.0, 1.0, 0.0, 0.0, 0.0, 1.0, 0.0, 1.0, 0.0, 0.0, 0.0, 1.0, 0.0, 1.0, 0.0, 0.0, 0.0, 1.0, 0.0, 0.0, 1.0, 1.0, 0.0, 0.0, 0.0, 0.0, 1.0, 1.0, 0.0, 0.0, 1.0, 0.0, 0.0, 1.0, 0.0, 0.0, 0.0, 0.0, 1.0, 1.0, 0.0, 0.0, 1.0, 0.0, 0.0, 0.0, 1.0, 0.0, 0.0, 0.0, 1.0, 1.0, 0.0, 0.0, 1.0, 0.0, 0.0, 0.0, 0.0, 1.0, 0.0, 0.0, 1.0, 1.0, 0.0, 0.0, 0.0, 1.0, 0.0, 1.0, 0.0, 0.0, 0.0, 0.0, 1.0, 1.0, 0.0, 0.0, 0.0, 1.0, 0.0, 0.0, 1.0, 0.0, 0.0, 0.0, 1.0, 1.0, 0.0, 0.0, 0.0, 1.0, 0.0, 0.0, 0.0, 1.0, 0.0, 0.0, 1.0, 1.0, 0.0, 0.0, 0.0, 0.0, 1.0, 1.0, 0.0, 0.0, 0.0, 0.0, 1.0, 1.0, 0.0, 0.0, 0.0, 0.0, 1.0, 0.0, 0.0, 1.0, 0.0, 0.0, 1.0, 0.0, 1.0, 0.0, 1.0, 0.0, 0.0, 0.0, 0.0, 1.0, 0.0, 0.0, 1.0, 0.0, 1.0, 0.0, 0.0, 1.0, 0.0, 1.0, 0.0, 0.0, 0.0, 0.0, 1.0, 0.0, 1.0, 0.0, 0.0, 1.0, 0.0, 0.0, 1.0, 0.0, 0.0, 0.0, 1.0, 0.0, 1.0, 0.0, 0.0, 1.0, 0.0, 0.0, 0.0, 1.0, 0.0, 0.0, 1.0, 0.0, 1.0, 0.0, 0.0, 0.0, 1.0, 1.0, 0.0, 0.0, 0.0, 0.0, 1.0, 0.0, 1.0, 0.0, 0.0, 0.0, 1.0, 0.0, 1.0, 0.0, 0.0, 0.0, 1.0, 0.0, 1.0, 0.0, 0.0, 0.0, 1.0, 0.0, 0.0, 1.0, 0.0, 0.0, 1.0, 0.0, 0.0, 1.0, 1.0, 0.0, 0.0, 1.0, 0.0, 0.0, 0.0, 0.0, 1.0, 0.0, 0.0, 1.0, 1.0, 0.0, 0.0, 0.0, 1.0, 0.0, 0.0, 0.0, 1.0, 0.0, 0.0, 1.0, 1.0, 0.0, 0.0, 0.0, 0.0, 1.0, 0.0, 0.0, 1.0, 0.0, 0.0, 1.0, 0.0, 1.0, 0.0, 1.0, 0.0, 0.0, 0.0, 0.0, 1.0, 0.0, 0.0, 1.0, 0.0, 1.0, 0.0, 0.0, 0.0, 1.0, 0.0, 0.0, 1.0, 0.0, 0.0, 1.0, 0.0, 0.0, 1.0, 1.0, 0.0, 0.0, 0.0, 0.0, 1.0, 0.0, 0.0, 1.0, 0.0, 0.0, 1.0, 0.0, 1.0, 0.0]]

[2024-10-14T10:33:51.824664][INFO][seed18] Dropping state 51
[2024-10-14T10:33:51.825846][INFO][seed18] Dropping state 50
[2024-10-14T10:33:51.828442][INFO][seed18] Dropping state 46
[2024-10-14T10:33:51.830273][INFO][seed36] Dropping state 74
[2024-10-14T10:33:51.831270][INFO][seed36] Dropping state 70
[2024-10-14T10:33:51.832136][INFO][seed18] Dropping state 42
[2024-10-14T10:33:51.833895][INFO][seed18] Dropping state 39
[2024-10-14T10:33:51.834434][INFO][seed36] Dropping state 59
[2024-10-14T10:33:51.835039][INFO][seed18] Dropping state 31
[2024-10-14T10:33:51.835305][INFO][seed13] U cardinality: 81
[2024-10-14T10:33:51.838128][INFO][seed36] Dropping state 55
[2024-10-14T10:33:51.838246][INFO][seed12] 
[P([5]) [0.213, 0.787], P([4]) [0.442, 0.558], P([3]) [0.0, 0.0, 0.001, 0.001, 0.001, 0.001, 0.001, 0.001, 0.0, 0.001, 0.001, 0.001, 0.001, 0.001, 0.001, 0.001, 0.001, 0.001, 0.022, 0.001, 0.0, 0.001, 0.002, 0.001, 0.001, 0.0, 0.0, 0.004, 0.001, 0.001, 0.001, 0.001, 0.0, 0.014, 0.001, 0.0, 0.001, 0.001, 0.001, 0.001, 0.001, 0.0, 0.001, 0.0, 0.0, 0.001, 0.001, 0.001, 0.369, 0.005, 0.001, 0.252, 0.002, 0.001, 0.001, 0.257, 0.0, 0.001, 0.0, 0.001, 0.035, 0.0], P([2, 5]) [1.0, 0.0, 0.0, 1.0], P([1, 4]) [1.0, 0.0, 0.0, 1.0], P([0, 1, 2, 3]) [1.0, 0.0, 0.0, 1.0, 0.0, 0.0, 1.0, 0.0, 0.0, 1.0, 0.0, 0.0, 1.0, 0.0, 0.0, 1.0, 0.0, 0.0, 1.0, 0.0, 0.0, 0.0, 1.0, 0.0, 1.0, 0.0, 0.0, 1.0, 0.0, 0.0, 1.0, 0.0, 0.0, 0.0, 0.0, 1.0, 1.0, 0.0, 0.0, 1.0, 0.0, 0.0, 0.0, 1.0, 0.0, 0.0, 1.0, 0.0, 1.0, 0.0, 0.0, 1.0, 0.0, 0.0, 0.0, 1.0, 0.0, 0.0, 0.0, 1.0, 1.0, 0.0, 0.0, 1.0, 0.0, 0.0, 0.0, 0.0, 1.0, 1.0, 0.0, 0.0, 1.0, 0.0, 0.0, 1.0, 0.0, 0.0, 0.0, 0.0, 1.0, 0.0, 1.0, 0.0, 1.0, 0.0, 0.0, 0.0, 1.0, 0.0, 1.0, 0.0, 0.0, 1.0, 0.0, 0.0, 1.0, 0.0, 0.0, 0.0, 1.0, 0.0, 0.0, 1.0, 0.0, 1.0, 0.0, 0.0, 1.0, 0.0, 0.0, 0.0, 1.0, 0.0, 0.0, 1.0, 0.0, 0.0, 1.0, 0.0, 1.0, 0.0, 0.0, 0.0, 1.0, 0.0, 0.0, 1.0, 0.0, 0.0, 0.0, 1.0, 1.0, 0.0, 0.0, 0.0, 1.0, 0.0, 0.0, 0.0, 1.0, 1.0, 0.0, 0.0, 1.0, 0.0, 0.0, 0.0, 1.0, 0.0, 0.0, 0.0, 1.0, 0.0, 1.0, 0.0, 1.0, 0.0, 0.0, 0.0, 1.0, 0.0, 0.0, 0.0, 1.0, 0.0, 0.0, 1.0, 1.0, 0.0, 0.0, 0.0, 0.0, 1.0, 1.0, 0.0, 0.0, 1.0, 0.0, 0.0, 1.0, 0.0, 0.0, 0.0, 0.0, 1.0, 1.0, 0.0, 0.0, 0.0, 1.0, 0.0, 1.0, 0.0, 0.0, 0.0, 0.0, 1.0, 1.0, 0.0, 0.0, 0.0, 0.0, 1.0, 1.0, 0.0, 0.0, 0.0, 0.0, 1.0, 0.0, 1.0, 0.0, 1.0, 0.0, 0.0, 1.0, 0.0, 0.0, 0.0, 0.0, 1.0, 0.0, 1.0, 0.0, 0.0, 1.0, 0.0, 1.0, 0.0, 0.0, 0.0, 0.0, 1.0, 0.0, 1.0, 0.0, 0.0, 0.0, 1.0, 1.0, 0.0, 0.0, 0.0, 0.0, 1.0, 0.0, 0.0, 1.0, 1.0, 0.0, 0.0, 1.0, 0.0, 0.0, 0.0, 0.0, 1.0, 0.0, 0.0, 1.0, 0.0, 0.0, 1.0, 0.0, 1.0, 0.0, 1.0, 0.0, 0.0, 1.0, 0.0, 0.0, 1.0, 0.0, 0.0, 0.0, 1.0, 0.0, 1.0, 0.0, 0.0, 1.0, 0.0, 0.0, 0.0, 0.0, 1.0, 0.0, 1.0, 0.0, 1.0, 0.0, 0.0, 0.0, 1.0, 0.0, 1.0, 0.0, 0.0, 0.0, 1.0, 0.0, 1.0, 0.0, 0.0, 0.0, 1.0, 0.0, 0.0, 0.0, 1.0, 0.0, 1.0, 0.0, 1.0, 0.0, 0.0, 0.0, 0.0, 1.0, 1.0, 0.0, 0.0, 0.0, 1.0, 0.0, 1.0, 0.0, 0.0, 0.0, 0.0, 1.0, 0.0, 1.0, 0.0, 0.0, 1.0, 0.0, 0.0, 1.0, 0.0, 1.0, 0.0, 0.0, 1.0, 0.0, 0.0, 0.0, 1.0, 0.0, 0.0, 1.0, 0.0, 1.0, 0.0, 0.0, 0.0, 0.0, 1.0, 0.0, 1.0, 0.0, 0.0, 1.0, 0.0, 0.0, 1.0, 0.0, 1.0, 0.0, 0.0, 0.0, 1.0, 0.0, 0.0, 1.0, 0.0, 0.0, 1.0, 0.0, 0.0, 1.0, 0.0, 0.0, 1.0, 0.0, 0.0, 1.0, 0.0, 0.0, 1.0, 0.0, 0.0, 0.0, 1.0, 0.0, 1.0, 0.0, 0.0, 1.0, 0.0, 0.0, 0.0, 1.0, 1.0, 0.0, 0.0, 0.0, 1.0, 0.0, 0.0, 1.0, 0.0, 0.0, 0.0, 1.0, 0.0, 1.0, 0.0, 0.0, 1.0, 0.0, 0.0, 0.0, 1.0, 1.0, 0.0, 0.0, 1.0, 0.0, 0.0, 0.0, 1.0, 0.0, 0.0, 0.0, 1.0, 1.0, 0.0, 0.0, 0.0, 1.0, 0.0, 0.0, 1.0, 0.0, 0.0, 0.0, 1.0, 1.0, 0.0, 0.0, 0.0, 0.0, 1.0, 0.0, 1.0, 0.0, 0.0, 0.0, 1.0, 0.0, 1.0, 0.0, 1.0, 0.0, 0.0, 0.0, 1.0, 0.0, 0.0, 0.0, 1.0, 0.0, 1.0, 0.0, 0.0, 1.0, 0.0, 0.0, 1.0, 0.0, 0.0, 0.0, 1.0, 0.0, 1.0, 0.0, 0.0, 0.0, 1.0, 0.0, 1.0, 0.0, 0.0, 0.0, 1.0, 0.0, 0.0, 1.0, 0.0, 1.0, 0.0, 0.0, 0.0, 1.0, 1.0, 0.0, 0.0, 1.0, 0.0, 0.0, 0.0, 1.0, 0.0, 0.0, 0.0, 1.0, 1.0, 0.0, 0.0, 0.0, 1.0, 0.0, 0.0, 1.0, 0.0, 0.0, 0.0, 1.0, 1.0, 0.0, 0.0, 0.0, 0.0, 1.0, 1.0, 0.0, 0.0, 0.0, 0.0, 1.0, 1.0, 0.0, 0.0, 0.0, 0.0, 1.0, 0.0, 1.0, 0.0, 0.0, 0.0, 1.0, 1.0, 0.0, 0.0, 0.0, 0.0, 1.0, 0.0, 0.0, 1.0, 0.0, 0.0, 1.0, 0.0, 1.0, 0.0, 1.0, 0.0, 0.0, 1.0, 0.0, 0.0, 0.0, 0.0, 1.0, 0.0, 1.0, 0.0, 1.0, 0.0, 0.0, 0.0, 1.0, 0.0, 0.0, 0.0, 1.0, 0.0, 1.0, 0.0, 1.0, 0.0, 0.0, 0.0, 0.0, 1.0, 0.0, 0.0, 1.0, 0.0, 1.0, 0.0, 0.0, 1.0, 0.0, 1.0, 0.0, 0.0, 0.0, 0.0, 1.0, 0.0, 1.0, 0.0, 0.0, 1.0, 0.0, 0.0, 1.0, 0.0, 0.0, 0.0, 1.0, 0.0, 1.0, 0.0, 0.0, 1.0, 0.0, 0.0, 0.0, 1.0, 0.0, 0.0, 1.0, 0.0, 1.0, 0.0, 0.0, 0.0, 1.0, 1.0, 0.0, 0.0, 0.0, 0.0, 1.0, 0.0, 0.0, 1.0, 1.0, 0.0, 0.0, 1.0, 0.0, 0.0, 0.0, 0.0, 1.0, 0.0, 0.0, 1.0, 1.0, 0.0, 0.0, 0.0, 1.0, 0.0, 0.0, 0.0, 1.0, 0.0, 0.0, 1.0, 1.0, 0.0, 0.0, 0.0, 0.0, 1.0, 0.0, 0.0, 1.0, 0.0, 0.0, 1.0, 0.0, 1.0, 0.0, 1.0, 0.0, 0.0, 0.0, 0.0, 1.0, 0.0, 0.0, 1.0, 0.0, 1.0, 0.0, 0.0, 1.0, 0.0, 0.0, 0.0, 1.0, 0.0, 0.0, 1.0, 0.0, 1.0, 0.0, 0.0, 0.0, 1.0, 0.0, 0.0, 1.0, 0.0, 0.0, 1.0, 0.0, 0.0, 1.0, 0.0, 1.0, 0.0, 0.0, 0.0, 1.0, 0.0, 0.0, 1.0, 0.0, 0.0, 1.0, 0.0, 0.0, 1.0]]

[2024-10-14T10:33:51.842427][INFO][seed13] !0 = [1, 2, 5, 6, 8, 9, 10, 13, 14, 16, 18, 19, 20, 22, 23, 24, 29, 31, 32, 36, 37, 38, 40, 42, 43, 44, 45, 47, 48, 51, 52, 53, 54, 56, 57, 59, 60, 62, 63, 66, 68, 70, 72, 73, 74, 75, 76, 79]
[2024-10-14T10:33:51.842459][INFO][seed15] U cardinality: 81
[2024-10-14T10:33:51.843338][INFO][seed13] 0 = [0, 3, 4, 7, 11, 12, 15, 17, 21, 25, 26, 27, 28, 30, 33, 34, 35, 39, 41, 46, 49, 50, 55, 58, 61, 64, 65, 67, 69, 71, 77, 78, 80]
[2024-10-14T10:33:51.843270][INFO][seed36] Dropping state 46
[2024-10-14T10:33:51.844019][INFO][seed18] Dropping state 24
[2024-10-14T10:33:51.844572][INFO][seed36] Dropping state 45
[2024-10-14T10:33:51.845326][INFO][seed18] Dropping state 23
[2024-10-14T10:33:51.845647][INFO][seed36] Dropping state 44
[2024-10-14T10:33:51.847249][INFO][seed18] Dropping state 12
[2024-10-14T10:33:51.847787][INFO][seed7] U cardinality: 81
[2024-10-14T10:33:51.849123][INFO][seed15] !0 = [0, 1, 2, 3, 4, 5, 6, 8, 9, 10, 11, 13, 14, 18, 19, 20, 22, 24, 26, 27, 28, 30, 33, 39, 41, 43, 45, 46, 47, 49, 52, 53, 54, 55, 56, 59, 60, 61, 64, 65, 67, 68, 69, 70, 72, 74, 75, 76]
[2024-10-14T10:33:51.850054][INFO][seed15] 0 = [7, 12, 15, 16, 17, 21, 23, 25, 29, 31, 32, 34, 35, 36, 37, 38, 40, 42, 44, 48, 50, 51, 57, 58, 62, 63, 66, 71, 73, 77, 78, 79, 80]
[2024-10-14T10:33:51.848752][INFO][seed18] Dropping state 10
[2024-10-14T10:33:51.849372][INFO][seed18] Dropping state 8
[2024-10-14T10:33:51.850732][INFO][seed13] Dropping state 80
[2024-10-14T10:33:51.850821][INFO][seed36] Dropping state 42
[2024-10-14T10:33:51.851916][INFO][seed13] Dropping state 78
[2024-10-14T10:33:51.852061][INFO][seed18] Dropping state 0
[2024-10-14T10:33:51.852529][INFO][seed36] Dropping state 41
[2024-10-14T10:33:51.854031][INFO][seed36] Dropping state 35
[2024-10-14T10:33:51.855438][INFO][seed18] U cardinality: 64
[2024-10-14T10:33:51.856314][INFO][seed7] !0 = [0, 3, 4, 8, 13, 14, 15, 17, 18, 20, 23, 25, 26, 28, 30, 31, 32, 33, 34, 37, 38, 40, 42, 43, 44, 45, 46, 47, 48, 49, 51, 52, 55, 56, 57, 58, 59, 62, 63, 64, 65, 66, 67, 72, 73, 74, 76, 79]
[2024-10-14T10:33:51.856560][INFO][seed13] Dropping state 71
[2024-10-14T10:33:51.856787][INFO][seed15] Dropping state 77
[2024-10-14T10:33:51.857844][INFO][seed15] Dropping state 73
[2024-10-14T10:33:51.857089][INFO][seed7] 0 = [1, 2, 5, 6, 7, 9, 10, 11, 12, 16, 19, 21, 22, 24, 27, 29, 35, 36, 39, 41, 50, 53, 54, 60, 61, 68, 69, 70, 71, 75, 77, 78, 80]
[2024-10-14T10:33:51.859565][INFO][seed13] Dropping state 69
[2024-10-14T10:33:51.862064][INFO][seed36] Dropping state 19
[2024-10-14T10:33:51.862164][INFO][seed3] U cardinality: 81
[2024-10-14T10:33:51.862560][INFO][seed15] Dropping state 66
[2024-10-14T10:33:51.864455][INFO][seed13] Dropping state 61
[2024-10-14T10:33:51.864913][INFO][seed7] Dropping state 80
[2024-10-14T10:33:51.864663][INFO][seed36] Dropping state 18
[2024-10-14T10:33:51.865805][INFO][seed36] Dropping state 17
[2024-10-14T10:33:51.865670][INFO][seed15] Dropping state 37
[2024-10-14T10:33:51.865896][INFO][seed7] Dropping state 78
[2024-10-14T10:33:51.867607][INFO][seed36] Dropping state 16
[2024-10-14T10:33:51.869139][INFO][seed18] 
[2024-10-14T10:33:51.869158][INFO][seed36] Dropping state 11
[P([5]) [0.038, 0.962], P([4]) [0.838, 0.162], P([3]) [0.001, 0.001, 0.001, 0.001, 0.001, 0.001, 0.001, 0.001, 0.001, 0.0, 0.001, 0.001, 0.001, 0.001, 0.023, 0.001, 0.054, 0.0, 0.001, 0.001, 0.001, 0.0, 0.001, 0.001, 0.001, 0.0, 0.001, 0.0, 0.001, 0.0, 0.0, 0.001, 0.001, 0.0, 0.001, 0.001, 0.001, 0.001, 0.0, 0.001, 0.001, 0.001, 0.0, 0.003, 0.0, 0.0, 0.001, 0.0, 0.001, 0.001, 0.001, 0.166, 0.0, 0.237, 0.002, 0.001, 0.001, 0.001, 0.001, 0.001, 0.001, 0.474, 0.0, 0.0], P([2, 5]) [1.0, 0.0, 0.0, 1.0], P([1, 4]) [1.0, 0.0, 0.0, 1.0], P([0, 1, 2, 3]) [1.0, 0.0, 0.0, 1.0, 0.0, 0.0, 1.0, 0.0, 0.0, 0.0, 1.0, 0.0, 1.0, 0.0, 0.0, 1.0, 0.0, 0.0, 1.0, 0.0, 0.0, 0.0, 0.0, 1.0, 1.0, 0.0, 0.0, 1.0, 0.0, 0.0, 0.0, 1.0, 0.0, 1.0, 0.0, 0.0, 1.0, 0.0, 0.0, 1.0, 0.0, 0.0, 0.0, 1.0, 0.0, 0.0, 1.0, 0.0, 1.0, 0.0, 0.0, 1.0, 0.0, 0.0, 0.0, 1.0, 0.0, 0.0, 0.0, 1.0, 1.0, 0.0, 0.0, 1.0, 0.0, 0.0, 0.0, 0.0, 1.0, 1.0, 0.0, 0.0, 1.0, 0.0, 0.0, 1.0, 0.0, 0.0, 0.0, 0.0, 1.0, 0.0, 1.0, 0.0, 1.0, 0.0, 0.0, 0.0, 1.0, 0.0, 1.0, 0.0, 0.0, 1.0, 0.0, 0.0, 1.0, 0.0, 0.0, 0.0, 1.0, 0.0, 1.0, 0.0, 0.0, 0.0, 0.0, 1.0, 1.0, 0.0, 0.0, 0.0, 1.0, 0.0, 0.0, 1.0, 0.0, 0.0, 1.0, 0.0, 1.0, 0.0, 0.0, 0.0, 1.0, 0.0, 0.0, 1.0, 0.0, 0.0, 0.0, 1.0, 1.0, 0.0, 0.0, 0.0, 1.0, 0.0, 0.0, 0.0, 1.0, 1.0, 0.0, 0.0, 1.0, 0.0, 0.0, 0.0, 1.0, 0.0, 0.0, 0.0, 1.0, 0.0, 1.0, 0.0, 1.0, 0.0, 0.0, 0.0, 1.0, 0.0, 0.0, 0.0, 1.0, 0.0, 0.0, 1.0, 1.0, 0.0, 0.0, 0.0, 0.0, 1.0, 1.0, 0.0, 0.0, 1.0, 0.0, 0.0, 1.0, 0.0, 0.0, 0.0, 0.0, 1.0, 1.0, 0.0, 0.0, 0.0, 1.0, 0.0, 1.0, 0.0, 0.0, 0.0, 0.0, 1.0, 1.0, 0.0, 0.0, 0.0, 0.0, 1.0, 1.0, 0.0, 0.0, 0.0, 0.0, 1.0, 0.0, 1.0, 0.0, 1.0, 0.0, 0.0, 1.0, 0.0, 0.0, 0.0, 0.0, 1.0, 0.0, 1.0, 0.0, 0.0, 1.0, 0.0, 1.0, 0.0, 0.0, 0.0, 0.0, 1.0, 0.0, 0.0, 1.0, 0.0, 1.0, 0.0, 1.0, 0.0, 0.0, 0.0, 0.0, 1.0, 0.0, 0.0, 1.0, 0.0, 0.0, 1.0, 0.0, 1.0, 0.0, 1.0, 0.0, 0.0, 1.0, 0.0, 0.0, 1.0, 0.0, 0.0, 0.0, 1.0, 0.0, 1.0, 0.0, 0.0, 1.0, 0.0, 0.0, 0.0, 1.0, 0.0, 0.0, 1.0, 0.0, 1.0, 0.0, 0.0, 1.0, 0.0, 0.0, 0.0, 0.0, 1.0, 0.0, 1.0, 0.0, 1.0, 0.0, 0.0, 0.0, 1.0, 0.0, 1.0, 0.0, 0.0, 0.0, 1.0, 0.0, 1.0, 0.0, 0.0, 0.0, 1.0, 0.0, 0.0, 0.0, 1.0, 0.0, 1.0, 0.0, 1.0, 0.0, 0.0, 0.0, 0.0, 1.0, 1.0, 0.0, 0.0, 0.0, 1.0, 0.0, 1.0, 0.0, 0.0, 0.0, 0.0, 1.0, 0.0, 1.0, 0.0, 0.0, 1.0, 0.0, 1.0, 0.0, 0.0, 0.0, 0.0, 1.0, 0.0, 0.0, 1.0, 0.0, 1.0, 0.0, 0.0, 1.0, 0.0, 1.0, 0.0, 0.0, 1.0, 0.0, 0.0, 0.0, 1.0, 0.0, 0.0, 1.0, 0.0, 1.0, 0.0, 0.0, 0.0, 1.0, 0.0, 0.0, 1.0, 0.0, 0.0, 1.0, 0.0, 1.0, 0.0, 0.0, 0.0, 0.0, 1.0, 0.0, 1.0, 0.0, 0.0, 1.0, 0.0, 0.0, 1.0, 0.0, 0.0, 1.0, 0.0, 0.0, 1.0, 0.0, 0.0, 1.0, 0.0, 0.0, 1.0, 0.0, 0.0, 0.0, 1.0, 0.0, 1.0, 0.0, 0.0, 1.0, 0.0, 0.0, 0.0, 1.0, 0.0, 1.0, 0.0, 0.0, 1.0, 0.0, 0.0, 1.0, 0.0, 0.0, 0.0, 1.0, 0.0, 0.0, 1.0, 0.0, 1.0, 0.0, 0.0, 0.0, 1.0, 1.0, 0.0, 0.0, 1.0, 0.0, 0.0, 0.0, 1.0, 0.0, 0.0, 0.0, 1.0, 1.0, 0.0, 0.0, 0.0, 0.0, 1.0, 0.0, 1.0, 0.0, 0.0, 0.0, 1.0, 0.0, 1.0, 0.0, 1.0, 0.0, 0.0, 0.0, 1.0, 0.0, 0.0, 0.0, 1.0, 0.0, 1.0, 0.0, 0.0, 1.0, 0.0, 0.0, 1.0, 0.0, 0.0, 0.0, 1.0, 0.0, 0.0, 1.0, 0.0, 1.0, 0.0, 0.0, 1.0, 0.0, 0.0, 0.0, 1.0, 0.0, 0.0, 1.0, 0.0, 0.0, 1.0, 0.0, 0.0, 1.0, 1.0, 0.0, 0.0, 1.0, 0.0, 0.0, 1.0, 0.0, 0.0, 0.0, 0.0, 1.0, 1.0, 0.0, 0.0, 1.0, 0.0, 0.0, 0.0, 0.0, 1.0, 0.0, 0.0, 1.0, 1.0, 0.0, 0.0, 0.0, 1.0, 0.0, 1.0, 0.0, 0.0, 0.0, 0.0, 1.0, 1.0, 0.0, 0.0, 0.0, 1.0, 0.0, 0.0, 1.0, 0.0, 0.0, 0.0, 1.0, 1.0, 0.0, 0.0, 0.0, 1.0, 0.0, 0.0, 0.0, 1.0, 0.0, 0.0, 1.0, 1.0, 0.0, 0.0, 0.0, 0.0, 1.0, 1.0, 0.0, 0.0, 0.0, 0.0, 1.0, 1.0, 0.0, 0.0, 0.0, 0.0, 1.0, 0.0, 1.0, 0.0, 0.0, 0.0, 1.0, 1.0, 0.0, 0.0, 0.0, 0.0, 1.0, 0.0, 0.0, 1.0, 0.0, 0.0, 1.0, 0.0, 1.0, 0.0, 1.0, 0.0, 0.0, 1.0, 0.0, 0.0, 0.0, 0.0, 1.0, 0.0, 1.0, 0.0, 1.0, 0.0, 0.0, 0.0, 0.0, 1.0, 0.0, 0.0, 1.0, 0.0, 1.0, 0.0, 0.0, 1.0, 0.0, 1.0, 0.0, 0.0, 0.0, 0.0, 1.0, 0.0, 1.0, 0.0, 0.0, 1.0, 0.0, 0.0, 1.0, 0.0, 0.0, 0.0, 1.0, 0.0, 1.0, 0.0, 0.0, 1.0, 0.0, 0.0, 0.0, 1.0, 0.0, 0.0, 1.0, 0.0, 1.0, 0.0, 0.0, 0.0, 1.0, 0.0, 1.0, 0.0, 0.0, 0.0, 1.0, 0.0, 0.0, 1.0, 1.0, 0.0, 0.0, 1.0, 0.0, 0.0, 0.0, 0.0, 1.0, 0.0, 0.0, 1.0, 1.0, 0.0, 0.0, 0.0, 0.0, 1.0, 0.0, 0.0, 1.0, 0.0, 0.0, 1.0, 0.0, 1.0, 0.0, 1.0, 0.0, 0.0, 0.0[2024-10-14T10:33:51.869922][INFO][seed36] Dropping state 4
[2024-10-14T10:33:51.869864][INFO][seed3] !0 = [0, 1, 4, 5, 7, 8, 9, 10, 11, 16, 17, 19, 20, 21, 24, 25, 26, 27, 32, 33, 34, 35, 38, 43, 44, 45, 47, 48, 49, 50, 52, 53, 56, 57, 58, 59, 62, 63, 65, 66, 69, 71, 72, 74, 75, 76, 78, 79]
[2024-10-14T10:33:51.872056][INFO][seed3] 0 = [2, 3, 6, 12, 13, 14, 15, 18, 22, 23, 28, 29, 30, 31, 36, 37, 39, 40, 41, 42, 46, 51, 54, 55, 60, 61, 64, 67, 68, 70, 73, 77, 80]
[2024-10-14T10:33:51.872793][INFO][seed36] Dropping state 2
[2024-10-14T10:33:51.870451][INFO][seed15] Dropping state 36
[2024-10-14T10:33:51.877092][INFO][seed13] Dropping state 46
[2024-10-14T10:33:51.870615][INFO][seed7] Dropping state 69
, 0.0, 1.0, 0.0, 0.0, 1.0, 0.0, 1.0, 0.0, 0.0, 1.0, 0.0, 0.0, 0.0, 1.0, 0.0, 0.0, 1.0, 0.0, 1.0, 0.0, 0.0, 0.0, 1.0, 0.0, 0.0, 1.0, 0.0, 0.0, 1.0, 0.0, 0.0, 1.0, 1.0, 0.0, 0.0, 0.0, 0.0, 1.0, 0.0, 0.0, 1.0, 0.0, 0.0, 1.0, 0.0, 1.0, 0.0, 0.0, 0.0, 1.0, 0.0, 0.0, 1.0, 0.0, 0.0, 1.0, 0.0, 0.0, 1.0]]
[2024-10-14T10:33:51.873317][INFO][seed7] Dropping state 68

[2024-10-14T10:33:51.878329][INFO][seed13] Dropping state 35
[2024-10-14T10:33:51.878316][INFO][seed7] Dropping state 53
[2024-10-14T10:33:51.878675][INFO][seed3] Dropping state 77
[2024-10-14T10:33:51.879975][INFO][seed3] Dropping state 70
[2024-10-14T10:33:51.880646][INFO][seed36] U cardinality: 64
[2024-10-14T10:33:51.881748][INFO][seed3] Dropping state 68
[2024-10-14T10:33:51.882380][INFO][seed13] Dropping state 33
[2024-10-14T10:33:51.882817][INFO][seed15] Dropping state 35
[2024-10-14T10:33:51.884018][INFO][seed13] Dropping state 30
[2024-10-14T10:33:51.884245][INFO][seed3] Dropping state 61
[2024-10-14T10:33:51.884348][INFO][seed15] Dropping state 21
[2024-10-14T10:33:51.884448][INFO][seed21] U cardinality: 81
[2024-10-14T10:33:51.885296][INFO][seed13] Dropping state 28
[2024-10-14T10:33:51.885917][INFO][seed9] Sampled 1000 data instances
[2024-10-14T10:33:51.886244][INFO][seed9] Starting exact inference 
[2024-10-14T10:33:51.886418][INFO][seed13] Dropping state 26
[2024-10-14T10:33:51.886559][INFO][seed7] Dropping state 39
[2024-10-14T10:33:51.886745][INFO][seed15] Dropping state 16
[2024-10-14T10:33:51.888054][INFO][seed20] U cardinality: 81
[2024-10-14T10:33:51.889102][INFO][seed3] Dropping state 60
[2024-10-14T10:33:51.890257][INFO][seed15] Dropping state 15
[2024-10-14T10:33:51.891044][INFO][seed7] Dropping state 24
[2024-10-14T10:33:51.892211][INFO][seed15] Dropping state 12
[2024-10-14T10:33:51.892271][INFO][seed21] !0 = [1, 2, 4, 5, 6, 8, 9, 10, 11, 12, 17, 18, 20, 21, 22, 23, 25, 26, 29, 31, 32, 34, 38, 39, 40, 41, 42, 44, 47, 49, 50, 51, 52, 53, 54, 55, 58, 59, 60, 63, 64, 66, 69, 70, 77, 78, 79, 80]
[2024-10-14T10:33:51.892910][INFO][seed7] Dropping state 22
[2024-10-14T10:33:51.893058][INFO][seed21] 0 = [0, 3, 7, 13, 14, 15, 16, 19, 24, 27, 28, 30, 33, 35, 36, 37, 43, 45, 46, 48, 56, 57, 61, 62, 65, 67, 68, 71, 72, 73, 74, 75, 76]
[2024-10-14T10:33:51.893646][INFO][seed15] Dropping state 7
[2024-10-14T10:33:51.894370][INFO][seed7] Dropping state 12
[2024-10-14T10:33:51.895313][INFO][seed20] !0 = [1, 4, 6, 8, 9, 11, 12, 14, 15, 16, 18, 19, 21, 22, 23, 29, 30, 32, 33, 35, 37, 38, 40, 41, 42, 43, 46, 47, 49, 50, 53, 55, 56, 58, 62, 63, 65, 66, 68, 69, 70, 72, 74, 75, 76, 78, 79, 80]
[2024-10-14T10:33:51.895958][INFO][seed13] Dropping state 25
[2024-10-14T10:33:51.896744][INFO][seed20] 0 = [0, 2, 3, 5, 7, 10, 13, 17, 20, 24, 25, 26, 27, 28, 31, 34, 36, 39, 44, 45, 48, 51, 52, 54, 57, 59, 60, 61, 64, 67, 71, 73, 77]
[2024-10-14T10:33:51.896986][INFO][seed15] U cardinality: 70
[2024-10-14T10:33:51.897160][INFO][seed13] Dropping state 21
[2024-10-14T10:33:51.897635][INFO][seed7] Dropping state 10
[2024-10-14T10:33:51.897400][INFO][seed36] 
[2024-10-14T10:33:51.897674][INFO][seed6] U cardinality: 81
[P([5]) [0.292, 0.708], P([4]) [0.822, 0.178], P([3]) [0.001, 0.001, 0.001, 0.001, 0.363, 0.001, 0.0, 0.0, 0.001, 0.001, 0.001, 0.001, 0.001, 0.001, 0.001, 0.001, 0.321, 0.001, 0.001, 0.0, 0.001, 0.001, 0.0, 0.001, 0.001, 0.001, 0.0, 0.0, 0.0, 0.001, 0.001, 0.001, 0.001, 0.001, 0.001, 0.001, 0.001, 0.001, 0.001, 0.001, 0.001, 0.006, 0.0, 0.001, 0.0, 0.001, 0.109, 0.0, 0.001, 0.001, 0.0, 0.001, 0.003, 0.001, 0.0, 0.0, 0.0, 0.0, 0.001, 0.001, 0.001, 0.001, 0.0, 0.156], P([2, 5]) [1.0, 0.0, 0.0, 1.0], P([1, 4]) [1.0, 0.0, 0.0, 1.0], P([0, 1, 2, 3]) [1.0, 0.0, 0.0, 1.0, 0.0, 0.0, 1.0, 0.0, 0.0, 1.0, 0.0, 0.0, 1.0, 0.0, 0.0, 1.0, 0.0, 0.0, 1.0, 0.0, 0.0, 0.0, 1.0, 0.0, 1.0, 0.0, 0.0, 1.0, 0.0, 0.0, 0.0, 1.0, 0.0, 1.0, 0.0, 0.0, 1.0, 0.0, 0.0, 1.0, 0.0, 0.0, 0.0, 1.0, 0.0, 0.0, 0.0, 1.0, 1.0, 0.0, 0.0, 1.0, 0.0, 0.0, 0.0, 0.0, 1.0, 1.0, 0.0, 0.0, 1.0, 0.0, 0.0, 1.0, 0.0, 0.0, 0.0, 0.0, 1.0, 0.0, 1.0, 0.0, 1.0, 0.0, 0.0, 1.0, 0.0, 0.0, 0.0, 0.0, 1.0, 0.0, 0.0, 1.0, 1.0, 0.0, 0.0, 0.0, 1.0, 0.0, 1.0, 0.0, 0.0, 1.0, 0.0, 0.0, 1.0, 0.0, 0.0, 0.0, 1.0, 0.0, 1.0, 0.0, 0.0, 0.0, 1.0, 0.0, 1.0, 0.0, 0.0, 0.0, 1.0, 0.0, 0.0, 1.0, 0.0, 1.0, 0.0, 0.0, 1.0, 0.0, 0.0, 0.0, 1.0, 0.0, 0.0, 1.0, 0.0, 0.0, 1.0, 0.0, 1.0, 0.0, 0.0, 0.0, 1.0, 0.0, 0.0, 1.0, 0.0, 0.0, 0.0, 1.0, 1.0, 0.0, 0.0, 0.0, 1.0, 0.0, 0.0, 0.0, 1.0, 1.0, 0.0, 0.0, 1.0, 0.0, 0.0, 0.0, 0.0, 1.0, 1.0, 0.0, 0.0, 0.0, 0.0, 1.0, 1.0, 0.0, 0.0, 0.0, 0.0, 1.0, 0.0, 1.0, 0.0, 1.0, 0.0, 0.0, 1.0, 0.0, 0.0, 0.0, 0.0, 1.0, 0.0, 1.0, 0.0, 0.0, 1.0, 0.0, 1.0, 0.0, 0.0, 0.0, 0.0, 1.0, 0.0, 1.0, 0.0, 0.0, 0.0, 1.0, 1.0, 0.0, 0.0, 0.0, 0.0, 1.0, 0.0, 0.0, 1.0, 1.0, 0.0, 0.0, 1.0, 0.0, 0.0, 0.0, 0.0, 1.0, 0.0, 0.0, 1.0, 0.0, 1.0, 0.0, 1.0, 0.0, 0.0, 0.0, 0.0, 1.0, 0.0, 0.0, 1.0, 0.0, 0.0, 1.0, 0.0, 1.0, 0.0, 1.0, 0.0, 0.0, 1.0, 0.0, 0.0, 1.0, 0.0, 0.0, 0.0, 1.0, 0.0, 1.0, 0.0, 0.0, 1.0, 0.0, 0.0, 0.0, 1.0, 0.0, 0.0, 1.0, 0.0, 1.0, 0.0, 0.0, 1.0, 0.0, 0.0, 0.0, 0.0, 1.0, 0.0, 1.0, 0.0, 1.0, 0.0, 0.0, 0.0, 1.0, 0.0, 1.0, 0.0, 0.0, 0.0, 1.0, 0.0, 1.0, 0.0, 0.0, 0.0, 1.0, 0.0, 0.0, 1.0, 0.0, 0.0, 1.0, 0.0, 1.0, 0.0, 0.0, 0.0, 1.0, 0.0, 0.0, 0.0, 1.0, 0.0, 1.0, 0.0, 1.0, 0.0, 0.0, 0.0, 0.0, 1.0, 1.0, 0.0, 0.0, 0.0, 1.0, 0.0, 1.0, 0.0, 0.0, 0.0, 0.0, 1.0, 0.0, 1.0, 0.0, 0.0, 1.0, 0.0, 0.0, 1.0, 0.0, 1.0, 0.0, 0.0, 1.0, 0.0, 0.0, 0.0, 1.0, 0.0, 0.0, 1.0, 0.0, 1.0, 0.0, 0.0, 0.0, 1.0, 0.0, 0.0, 1.0, 0.0, 0.0, 1.0, 0.0, 1.0, 0.0, 0.0, 0.0, 0.0, 1.0, 0.0, 1.0, 0.0, 0.0, 1.0, 0.0, 0.0, 1.0, 0.0, 1.0, 0.0, 0.0, 0.0, 1.0, 0.0, 0.0, 1.0, 0.0, 0.0, 1.0, 0.0, 0.0, 1.0, 0.0, 0.0, 1.0, 0.0, 0.0, 1.0, 0.0, 0.0, 0.0, 1.0, 0.0, 1.0, 0.0, 0.0, 1.0, 0.0, 0.0, 0.0, 1.0, 1.0, 0.0, 0.0, 0.0, 0.0, 1.0, 0.0, 1.0, 0.0, 0.0, 0.0, 1.0, 0.0, 1.0, 0.0, 1.0, 0.0, 0.0, 0.0, 1.0, 0.0, 0.0, 0.0, 1.0, 0.0, 1.0, 0.0, 0.0, 1.0, 0.0, 0.0, 1.0, 0.0, 0.0, 0.0, 1.0, 0.0, 1.0, 0.0, 0.0, 0.0, 1.0, 0.0, 1.0, 0.0, 0.0, 0.0, 1.0, 0.0, 0.0, 1.0, 1.0, 0.0, 0.0, 0.0, 1.0, 0.0, 0.0, 0.0, 1.0, 0.0, 0.0, 1.0, 0.0, 1.0, 0.0, 0.0, 1.0, 0.0, 0.0, 0.0, 1.0, 0.0, 0.0, 1.0, 0.0, 0.0, 1.0, 0.0, 0.0, 1.0, 1.0, 0.0, 0.0, 1.0, 0.0, 0.0, 1.0, 0.0, 0.0,[2024-10-14T10:33:51.898371][INFO][seed3] Dropping state 55
[2024-10-14T10:33:51.898994][INFO][seed7] Dropping state 9
 0.0, 0.0, 1.0, 1.0, 0.0, 0.0, 1.0, 0.0, 0.0, 0.0, 0.0, 1.0, 0.0, 0.0, 1.0, 1.0, 0.0, 0.0, 0.0, 1.0, 0.0, 1.0, 0.0, 0.0, 0.0, 0.0, 1.0, 1.0, 0.0, 0.0, 0.0, 1.0, 0.0, 0.0, 1.0, 0.0, 0.0, 0.0, 1.0, 1.0, 0.0, 0.0, 0.0, 0.0, 1.0, 1.0, 0.0, 0.0, 0.0, 0.0, 1.0, 1.0, 0.0, 0.0, 0.0, 0.0, 1.0, 0.0, 1.0, 0.0, 0.0, 0.0, 1.0, 1.0, 0.0, 0.0, 0.0, 0.0, 1.0, 0.0, 0.0, 1.0, 0.0, 0.0, 1.0, 0.0, 1.0, 0.0, 1.0, 0.0, 0.0, 1.0, 0.0, 0.0, 0.0, 0.0, 1.0, 0.0, 1.0, 0.0, 1.0, 0.0, 0.0, 0.0, 1.0, 0.0, 0.0, 0.0, 1.0, 0.0, 1.0, 0.0, 1.0, 0.0, 0.0, 0.0, 0.0, 1.0, 0.0, 0.0, 1.0, 0.0, 1.0, 0.0, 0.0, 1.0, 0.0, 1.0, 0.0, 0.0, 0.0, 0.0, 1.0, 0.0, 1.0, 0.0, 0.0, 1.0, 0.0, 0.0, 1.0, 0.0, 0.0, 0.0, 1.0, 0.0, 1.0, 0.0, 0.0, 1.0, 0.0, 0.0, 0.0, 1.0, 0.0, 0.0, 1.0, 0.0, 1.0, 0.0, 0.0, 0.0, 1.0, 1.0, 0.0, 0.0, 0.0, 0.0, 1.0, 0.0, 1.0, 0.0, 0.0, 0.0, 1.0, 0.0, 0.0, 1.0, 0.0, 0.0, 1.0, 0.0, 0.0, 1.0, 1.0, 0.0, 0.0, 1.0, 0.0, 0.0, 0.0, 0.0, 1.0, 0.0, 0.0, 1.0, 1.0, 0.0, 0.0, 0.0, 1.0, 0.0, 0.0, 0.0, 1.0, 0.0, 0.0, 1.0, 0.0, 1.0, 0.0, 1.0, 0.0, 0.0, 0.0, 0.0, 1.0, 0.0, 0.0, 1.0, 0.0, 1.0, 0.0, 0.0, 1.0, 0.0, 0.0, 0.0, 1.0, 0.0, 0.0, 1.0, 0.0, 1.0, 0.0, 0.0, 0.0, 1.0, 0.0, 0.0, 1.0, 0.0, 0.0, 1.0, 0.0, 0.0, 1.0, 1.0, 0.0, 0.0, 0.0, 0.0, 1.0, 0.0, 0.0, 1.0, 0.0, 0.0, 1.0, 0.0, 1.0, 0.0, 0.0, 0.0, 1.0, 0.0, 0.0, 1.0, 0.0, 0.0, 1.0, 0.0, 0.0, 1.0]]

[2024-10-14T10:33:51.899108][INFO][seed13] Dropping state 17
[2024-10-14T10:33:51.900800][INFO][seed13] Dropping state 15
[2024-10-14T10:33:51.901403][INFO][seed13] Dropping state 12
[2024-10-14T10:33:51.901753][INFO][seed7] Dropping state 6
[2024-10-14T10:33:51.902891][INFO][seed21] Dropping state 76
[2024-10-14T10:33:51.904201][INFO][seed3] Dropping state 51
[2024-10-14T10:33:51.904431][INFO][seed13] Dropping state 11
[2024-10-14T10:33:51.904409][INFO][seed21] Dropping state 75
[2024-10-14T10:33:51.904323][INFO][seed20] Dropping state 73
[2024-10-14T10:33:51.905353][INFO][seed6] !0 = [0, 1, 2, 4, 5, 6, 7, 8, 10, 11, 14, 16, 17, 18, 19, 20, 21, 23, 24, 26, 27, 28, 30, 34, 38, 39, 40, 42, 43, 44, 45, 46, 47, 51, 54, 57, 60, 61, 63, 65, 66, 67, 71, 72, 75, 77, 79, 80]
[2024-10-14T10:33:51.905757][INFO][seed13] Dropping state 7
[2024-10-14T10:33:51.905463][INFO][seed20] Dropping state 67
[2024-10-14T10:33:51.905454][INFO][seed7] Dropping state 5
[2024-10-14T10:33:51.906153][INFO][seed6] 0 = [3, 9, 12, 13, 15, 22, 25, 29, 31, 32, 33, 35, 36, 37, 41, 48, 49, 50, 52, 53, 55, 56, 58, 59, 62, 64, 68, 69, 70, 73, 74, 76, 78]
[2024-10-14T10:33:51.906682][INFO][seed21] Dropping state 68
[2024-10-14T10:33:51.908226][INFO][seed13] Dropping state 4
[2024-10-14T10:33:51.906881][INFO][seed3] Dropping state 41
[2024-10-14T10:33:51.907672][INFO][seed7] Dropping state 2
[2024-10-14T10:33:51.908948][INFO][seed3] Dropping state 39
[2024-10-14T10:33:51.909335][INFO][seed21] Dropping state 62
[2024-10-14T10:33:51.909645][INFO][seed15] 
[P([5]) [0.604, 0.396], P([4]) [0.311, 0.689], P([3]) [0.001, 0.001, 0.001, 0.001, 0.001, 0.015, 0.002, 0.001, 0.001, 0.001, 0.001, 0.001, 0.001, 0.0, 0.001, 0.001, 0.001, 0.01, 0.0, 0.001, 0.0, 0.001, 0.001, 0.001, 0.0, 0.001, 0.0, 0.0, 0.085, 0.0, 0.0, 0.001, 0.0, 0.013, 0.0, 0.001, 0.0, 0.001, 0.001, 0.001, 0.0, 0.001, 0.0, 0.0, 0.001, 0.001, 0.001, 0.067, 0.001, 0.0, 0.0, 0.001, 0.001, 0.001, 0.0, 0.0, 0.001, 0.556, 0.001, 0.001, 0.001, 0.001, 0.0, 0.001, 0.001, 0.001, 0.212, 0.0, 0.0, 0.0], P([2, 5]) [1.0, 0.0, 0.0, 1.0], P([1, 4]) [1.0, 0.0, 0.0, 1.0], P([0, 1, 2, 3]) [1.0, 0.0, 0.0, 1.0, 0.0, 0.0, 1.0, 0.0, 0.0, 1.0, 0.0, 0.0, 1.0, 0.0, 0.0, 1.0, 0.0, 0.0, 1.0, 0.0, 0.0, 0.0, 1.0, 0.0, 1.0, 0.0, 0.0, 1.0, 0.0, 0.0, 1.0, 0.0, 0.0, 0.0, 0.0, 1.0, 1.0, 0.0, 0.0, 1.0, 0.0, 0.0, 0.0, 1.0, 0.0, 1.0, 0.0, 0.0, 1.0, 0.0, 0.0, 1.0, 0.0, 0.0, 0.0, 1.0, 0.0, 0.0, 1.0, 0.0, 1.0, 0.0, 0.0, 1.0, 0.0, 0.0, 0.0, 1.0, 0.0, 0.0, 0.0, 1.0, 1.0, 0.0, 0.0, 1.0, 0.0, 0.0, 0.0, 0.0, 1.0, 1.0, 0.0, 0.0, 1.0, 0.0, 0.0, 1.0, 0.[2024-10-14T10:33:51.910288][INFO][seed3] Dropping state 31
[2024-10-14T10:33:51.910626][INFO][seed13] Dropping state 0
[2024-10-14T10:33:51.910247][INFO][seed20] Dropping state 61
[2024-10-14T10:33:51.912119][INFO][seed3] Dropping state 30
0, 0.0, 0.0, 0.0, 1.0, 0.0, 0.0, 1.0, 1.0, 0.0, 0.0, 0.0, 1.0, 0.0, 1.0, 0.0, 0.0, 1.0, 0.0, 0.0, 1.0, 0.0, 0.0, 0.0, 1.0, 0.0, 1.0, 0.0, 0.0, 0.0, 1.0, 0.0, 1.0, 0.0, 0.0, 0.0, 1.0, 0.0, 1.0, 0.0, 0.0, 0.0, 0.0, 1.0, 1.0, 0.0, 0.0, 0.0, 1.0, 0.0, 0.0, 1.0, 0.0, 0.0, 1.0, 0.0, 1.0, 0.0, 0.0, 0.0, 1.0, 0.0, 0.0, 1.0, 0.0, 0.0, 0.0, 1.0, 1.0, 0.0, 0.0, 0.0, 1.0, 0.0, 0.0, 0.0, 1.0, 0.0, 0.0, 1.0, 1.0, 0.0, 0.0, 0.0, 0.0, 1.0, 1.0, 0.0, 0.0, 1.0, 0.0, 0.0, 1.0, 0.0, 0.0, 0.0, 0.0, 1.0, 1.0, 0.0, 0.0, 0.0, 1.0, 0.0, 1.0, 0.0, 0.0, 0.0, 0.0, 1.0, 1.0, 0.0, 0.0, 0.0, 0.0, 1.0, 1.0, 0.0, 0.0, 0.0, 0.0, 1.0, 0.0, 1.0, 0.0, 0.0, 1.0, 0.0, 1.0, 0.0, 0.0, 0.0, 0.0, 1.0, 0.0, 1.0, 0.0, 0.0, 0.0, 1.0, 1.0, 0.0, 0.0, 0.0, 0.0, 1.0, 0.0, 0.0, 1.0, 1.0, 0.0, 0.0, 1.0, 0.0, 0.0, 0.0, 0.0, 1.0, 0.0, 0.0, 1.0, 0.0, 1.0, 0.0, 1.0, 0.0, 0.0, 0.0, 0.0, 1.0, 0.0, 0.0, 1.0, 0.0, 0.0, 1.0, 0.0, 1.0, 0.0, 1.0, 0.0, 0.0, 1.0, 0.0, 0.0, 1.0, 0.0, 0.0, 0.0, 1.0, 0.0, 1.0, 0.0, 0.0, 1.0, 0.0, 0.0, 0.0, 1.0, 0.0, 0.0, 1.0, 0.0, 1.0, 0.0, 0.0, 1.0, 0.0, 0.0, 0.0, 0.0, 1.0, 0.0, 1.0, 0.0, 1.0, 0.0, 0.0, 0.0, 1.0, 0.0, 1.0, 0.0, 0.0, 0.0, 1.0, 0.0, 1.0, 0.0, 0.0, 0.0, 1.0, 0.0, 0.0, 1.0, 0.0, 0.0, 1.0, 0.0, 1.0, 0.0, 0.0, 0.0, 1.0, 0.0, 0.0, 0.0, 1.0, 0.0, 1.0, 0.0, 1.0, 0.0, 0.0, 0.0, 0.0, 1.0, 1.0, 0.0, 0.0, 0.0, 1.0, 0.0, 1.0, 0.0, 0.0, 0.0, 0.0, 1.0, 0.0, 1.0, 0.0, 0.0, 1.0, 0.0, 0.0, 1.0, 0.0, 1.0, 0.0, 0.0, 0.0, 0.0, 1.0, 0.0, 1.0, 0.0, 0.0, 1.0, 0.0, 0.0, 1.0, 0.0, 1.0, 0.0, 0.0, 0.0, 1.0, 0.0, 0.0, 1.0, 0.0, 0.0, 1.0, 0.0, 0.0, 1.0, 0.0, 0.0, 1.0, 0.0, 0.0, 1.0, 0.0, 0.0, 1.0, 0.0, 0.0, 0.0, 1.0, 0.0, 1.0, 0.0, 0.0, 1.0, 0.0, 0.0, 0.0, 1.0, 1.0, 0.0, 0.0, 0.0, 1.0, 0.0, 0.0, 1.0, 0.0, 0.0, 0.0, 1.0, 0.0, 1.0, 0.0, 0.0, 1.0, 0.0, 0.0, 1.0, 0.0, 0.0, 0.0, 1.0, 0.0, 0.0, 1.0, 0.0, 1.0, 0.0, 0.0, 0.0, 1.0, 1.0, 0.0, 0.0, 1.0, 0.0, 0.0, 0.0, 1.0, 0.0, 0.0, 0.0, 1.0, 1.0, 0.0, 0.0, 0.0, 1.0, 0.0, 0.0, 1.0, 0.0, 0.0, 0.0, 1.0, 1.0, 0.0, 0.0, 0.0, 0.0, 1.0, 0.0, 1.0, 0.0, 0.0, 0.0, 1.0, 0.0, 1.0, 0.0, 1.0, 0.0, 0.0, 0.0, 1.0, 0.0, 0.0, 0.0, 1.0, [2024-10-14T10:33:51.912696][INFO][seed6] Dropping state 78
0.0, 1.0, 0.0, 0.0, 1.0, 0.0, 0.0, 1.0, 0.0, 0.0, 0.0, 1.0, 0.0, 1.0, 0.0, 0.0, 0.0, 1.0, 0.0, 1.0, 0.0, 0.0, 0.0, 1.0, 0.0, 0.0, 1.0, 1.0, 0.0, 0.0, 0.0, 1.0, 0.0, 0.0, 0.0, 1.0, 0.0, 0.0, 1.0, 0.0, 1.0, 0.0, 0.0, 1.0, 0.0, 0.0, 0.0, 1.0, 0.0, 0.0, 1.0, 0.0, 0.0, 1.0, 0.0, 0.0, 1.0, 1.0, 0.0, 0.0, 1.0, 0.0, 0.0, 1.0, 0.0, 0.0, 0.0, 0.0, 1.0, 1.0, 0.0, 0.0, 1.0, 0.0, 0.0, 0.0, 1.0, 0.0, 0.0, 0.0, 1.0, 1.0, 0.0, 0.0, 1.0, 0.0, 0.0, 0.0, 0.0, 1.0, 0.0, 0.0, 1.0, 1.0, 0.0, 0.0, 0.0, 1.0, 0.0, 1.0, 0.0, 0.0, 0.0, 0.0, 1.0, 1.0, 0.0, 0.0, 0.0, 1.0, 0.0, 0.0, 1.0, 0.0, 0.0, 0.0, 1.0, 1.0, 0.0, 0.0, 0.0, 1.0, 0.0, 0.0, 0.0, 1.0, 0.0, 0.0, 1.0, 1.0, 0.0, 0.0, 0.0, 0.0, 1.0, 1.0, 0.0, 0.0, 0.0, 0.0, 1.0, 1.0, 0.0, 0.0, 0.0, 0.0, 1.0, 0.0, 1.0, 0.0, 0.0, 0.0, 1.0, 1.0, 0.0, 0.0, 0.0, 0.0, 1.0, 0.0, 0.0, 1.0, 0.0, 0.0, 1.0, 0.0, 1.0, 0.0, 1.0, 0.0, 0.0, 1.0, 0.0, 0.0, 0.0, 0.0, 1.0, 0.0, 1.0, 0.0, 1.0, 0.0, 0.0, 0.0, 1.0, 0.0, 0.0, 0.0, 1.0, 0.0, 1.0, 0.0, 1.0, 0.0, 0.0, 0.0, 0.0, 1.0, 0.0, 0.0, 1.0, 0.0, 1.0, 0.0, 0.0,[2024-10-14T10:33:51.913157][INFO][seed20] Dropping state 60
 1.0, 0.0, 0.0, 1.0, 0.0, 0.0, 0.0, 1.0, 0.0, 1.0, 0.0, 0.0, 1.0, 0.0, 0.0, 0.0, 1.0, 0.0, 0.0, 1.0, 0.0, 1.0, 0.0, 0.0, 0.0, 1.0, 1.0, 0.0, 0.0, 0.0, 0.0, 1.0, 0.0, 1.0, 0.0, 0.0, 0.0, 1.0, 0.0, 1.0, 0.0, 0.0, 0.0, 1.0, 0.0, 1.0, 0.0, 0.0, 0.0, 1.0, 0.0, 0.0, 1.0, 0.0, 0.0, 1.0, 0.0, 0.0, 1.0, 1.0, 0.0, 0.0, 1.0, 0.0, 0.0, 0.0, 0.0, 1.0, 0.0, 0.0, 1.0, 1.0, 0.0, 0.0, 0.0, 0.0, 1.0, 0.0, 0.0, 1.0, 0.0, 0.0, 1.0, 0.0, 1.0, 0.0, 1.0, 0.0, 0.0, 0.0, 0.0, 1.0, 0.0, 0.0, 1.0, 0.0, 1.0, 0.0, 0.0, 1.0, 0.0, 0.0, 0.0, 1.0, 0.0, 0.0, 1.0, 0.0, 0.0, 1.0, 1.0, 0.0, 0.0, 0.0, 0.0, 1.0, 0.0, 0.0, 1.0, 0.0, 0.0, 1.0, 0.0, 1.0, 0.0, 0.0, 0.0, 1.0, 0.0, 0.0, 1.0, 0.0, 0.0, 1.0, 0.0, 0.0, 1.0]]

[2024-10-14T10:33:51.913219][INFO][seed7] U cardinality: 67
[2024-10-14T10:33:51.913709][INFO][seed6] Dropping state 76
[2024-10-14T10:33:51.914180][INFO][seed13] U cardinality: 61
[2024-10-14T10:33:51.915118][INFO][seed3] Dropping state 29
[2024-10-14T10:33:51.915904][INFO][seed21] Dropping state 57
[2024-10-14T10:33:51.917153][INFO][seed3] Dropping state 28
[2024-10-14T10:33:51.918202][INFO][seed20] Dropping state 59
[2024-10-14T10:33:51.919012][INFO][seed3] Dropping state 15
[2024-10-14T10:33:51.919379][INFO][seed2] U cardinality: 81
[2024-10-14T10:33:51.918477][INFO][seed6] Dropping state 73
[2024-10-14T10:33:51.920632][INFO][seed3] Dropping state 14
[2024-10-14T10:33:51.921349][INFO][seed3] Dropping state 13
[2024-10-14T10:33:51.921340][INFO][seed6] Dropping state 69
[2024-10-14T10:33:51.924581][INFO][seed3] Dropping state 6
[2024-10-14T10:33:51.925373][INFO][seed21] Dropping state 48
[2024-10-14T10:33:51.925949][INFO][seed6] Dropping state 68
[2024-10-14T10:33:51.926599][INFO][seed21] Dropping state 45
[2024-10-14T10:33:51.926361][INFO][seed13] 
[P([5]) [0.031, 0.969], P([4]) [0.352, 0.648], P([3]) [0.001, 0.001, 0.0, 0.001, 0.001, 0.001, 0.001, 0.001, 0.001, 0.001, 0.001, 0.001, 0.001, 0.001, 0.001, 0.001, 0.001, 0.0, 0.001, 0.001, 0.001, 0.0, 0.001, 0.001, 0.004, 0.0, 0.001, 0.0, 0.001, 0.001, 0.001, 0.001, 0.001, 0.001, 0.0, 0.0, 0.001, 0.001, 0.868, 0.001, 0.0, 0.001, 0.001, 0.0, 0.001, 0.001, 0.001, 0.001, 0.0, 0.0, 0.001, 0.0, 0.001, 0.001, 0.001, 0.001, 0.001, 0.036, 0.001, 0.0, 0.048], P([2, 5]) [1.0, 0.0, 0.0, 1.0], P([1, 4]) [1.0, 0.0, 0.0, 1.0], P([0, 1, 2, 3]) [1.0, 0.0, 0.0, 1.0, 0.0, 0.0, 1.0, 0.0, 0.0, 0.0, 1.0, 0.0, 1.0, 0.0, 0.0, 1.0, 0.0, 0.0, 1.0, 0.0, 0.0, 0.0, 0.0, 1.0, 1.0, 0.0, 0.0, 1.0, 0.0, 0.0, 0.0, 1.0, 0.0, 1.0, 0.0, 0.0, 1.0, 0.0, 0.0, 1.0, 0.0, 0.0, 0.0, 1.0, 0.0, 0.0, 0.0, 1.0, 1.0, 0.0, 0.0, 1.0, 0.0, 0.0, 0.0, 0.0, 1.0, 1.0, 0.0, 0.0, 1.0, 0.0, 0.0, 1.0, 0.0, 0.0, 0.0, 0.0, 1.0, 0.0, 0.0, 1.0, 1.0, 0.0, 0.0, 0.0, 1.0, 0.0, 1.0, 0.0, 0.0, 1.0, 0.0, 0.0, 1.0, 0.0, 0.0, 0.0, 1.0, 0.0, 1.0, 0.0, 0.0, 0.0, 1.0, 0.0, 1.0, 0.0, 0.0, 0.0, 1.0, 0.0, 0.0, 1.0, 0.0, 0.0, 1.0, 0.0, 1.0, 0.0, 0.0, 0.0, 1.0, 0.0, 0.0, 1.0, 0.0, 0.0, 0.0, 1.0, 1.0, 0.0, 0.0, 0.0, 1.0, 0.0, 0.0, 0.0, 1.0, 0.0, 1.0, 0.0, 1.0, 0.0, 0.0, 0.0, 0.0, 1.0, 1.0, 0.0, 0.0, 1.0, 0.0, 0.0, 1.0, 0.0, 0.0, 0.0, 0.0, 1.0, 1.0, 0.0, 0.0, 0.0, 1.0, 0.0, 1.0, 0.0, 0.0, 0.0, 0.0, 1.0, 1.0, 0.0, 0.0, 0.0, 0.0, 1.0, 1.0, 0.0, 0.0, 0.0, 0.0, 1.0, 0.0, 1.0, 0.0, 0.0, 1.0, 0.0, 1.0, 0.0, 0.0, 0.0, 0.0, 1.0, 0.0, 1.0, 0.0, 0.0, 0.0, 1.0, 1.0, 0.0, 0.0, 0.0, 0.0, 1.0, 0.0, 0.0, 1.0, 1.0, 0.0, 0.0, 0.0, 1.0, 0.0, 1.0, 0.0, 0.0, 1.0, 0.0, 0.0, 1.0, 0.0, 0.0, 0.0, 1.0, 0.0, 1.0, 0.0, 0.0, 1.0, 0.0, 0.0, 0.0, 0.0, 1.0, 0.0, 1.0, 0.0, 1.0, 0.0, 0.0, 0.0, 1.0, 0.0, 0.0, 1.0, 0.0, 0.0, 1.0, 0.0, 1.0, 0.0, 0.0, 0.0, 1.0, 0.0, 0.0, 0.0, 1.0, 0.0, 1.0, 0.0, 1.0, 0.0, 0.0, 0.0, 0.0, 1.0, 0.0, 1.0, 0.0, 0.0, 1.0, 0.0, 0.0, 1.0, 0.0, 1.0, 0.0, 0.0, 1.0, 0.0, 0.0, 0.0, 1.0, 0.0, 0.0, 1.0, 0.0, 1.0, 0.0, 0.0, 0.0, 1.0, 0.0, 0.0, 1.0, 0.0, 0.0, 1.0, 0.0, 1.0, 0.0, 0.0, 0.0, 0.0, 1.0, 0.0, 1.0, 0.0, 0.0, 1.0, 0.0, 0.0, 1.0, 0.0, 1.0, 0.0, 0.0, 0.0, 1.0, 0.0, 0.0, 1.0, 0.0, 0.0, 1.0, 0.0, 0.0, 1.0, 0.0, 0.0, 1.0, 0.0, 0.0, 1.0, 0.0, 0.0, 1.0, 0.0, 0.0, 0.0, 1.0, 0.0, 1.0, 0.0, 0.0, 1.0, 0.0, 0.0, 0.0, 1.0, 1.0, 0.0, 0.0, 0.0, 1.0, 0.0, 0.0, 1.0, 0.0, 0.0, 0.0, 1.0, 0.0, 1.0, 0.0, 0.0, 1.0, 0.0, 0.0, 1.0, 0.0, 0.0, 0.0, 1.0, 0.0, 0.0, 1.0, 0.0, 1.0, 0.0, 0.0, 0.0, 1.0, 1.0, 0.0, 0.0, 1.0, 0.0, 0.0, 0.0, 1.0, 0.0, 0.0, 0.0, 1.0, 1.0, 0.0, 0.0, 0.0, 0.0, 1.0, 0.0, 1.0, 0.0, 0.0, 0.0, 1.0, 0.0, 1.0, 0.0, 1.0, 0.0, 0.0, 0.0, 1.0, 0.0, 0.0, 0.0, 1.0, 0.0, 1.0, 0.0, 0.0, 1.0, 0.0, 0.0, 1.0, 0.0, 0.0, 0.0, 1.0, 0.0, 1.0, 0.0, 0.0, 0.0, 1.0, 0.0, 1.0, 0.0, 0.0, 0.0, 1.0, 0.0, 0.0, 1.0, 1.0, 0.0, 0.0, 0.0, 1.0, 0.0, 0.0, 0.0, 1.0, 0.0, 0.0, 1.0, 0.0, 1.0, 0.0, 0.0, 1.0, 0.0, 0.0, 0.0, 1.0, 0.0, 0.0, 1.0, 0.0, 0.0, 1.0, 0.0, 0.0, 1.0, 1.0, 0.0, 0.0, 1.0, 0.0, 0.0, 1.0, 0.0, 0.0, 0.0, 0.0, 1.0, 1.0, 0.0, 0.0, 1.0, 0.0, 0.0, 0.0, 1.0, 0.0, 0.0, 0.0, 1.0, 1.0, 0.0, 0.0, 1.0, 0.0, 0.0, 0.0, 0.0, 1.0, 0.0, 0.0, 1.0, 1.0, 0.0, 0.0, 0.0, 1.0, 0.0, 1.0, 0.0, 0.0, 0.0, 0.0, 1.0, 1.0, 0.0, 0.0, 0.0, 1.0, 0.0, 0.0, 1.0, 0.0, 0.0, 0.0, 1.0, 1.0, 0.0, 0.0, 0.0, 1.0, 0.0, 0.0, 0.0, 1.0, 0.0, 0.0, 1.0, 1.0, 0.0, 0.0, 0.0, 0.0, 1.0, 1.0, 0.0, 0.0, 0.0, 0.0, 1.0, 1.0, 0.0, 0.0, 0.0, 0.0, 1.0, 0.0, 0.0, 1.0, 0.0, 0.0, 1.0, 0.0, 1.0, 0.0, 1.0, 0.0, 0.0, 1.0, 0.0, 0.0, 0.0, 0.0, 1.0, 0.0, 1.0, 0.0, 1.0, 0.0, 0.0, 0.0, 1.0, 0.0, 0.0, 0.0, 1.0, 0.0, 1.0, 0.0, 1.0, 0.0, 0.0, 0.0, 0.0, 1.0, 0.0, 0.0, 1.0, 0.0, 1.0, 0.0, 0.0, 1.0, 0.0, 1.0, 0.0, 0.0, 0.0, 0.0, 1.0, 0.0, 1.0, 0.0, 0.0, 1.0, 0.0, 0.0, 1.0, 0.0, 0.0, 0.0, 1.0, 0.0, 1.0, 0.0, 0.0, 1.0, 0.0, 0.0, 0.0, 1.0, 0.0, 0.0, 1.0, 0.0, 1.0, 0.0, 0.0, 0.0, 1.0, 0.0, 1.0, 0.0, 0.0, 0.0, 1.0, 0.0, 0.0, 1.0, 1.0, 0.0, 0.0, 1.0, 0.0, 0.0, 0.0, 0.0, 1.0, 0.0, 0.0, 1.0, 1.0, 0.0, 0.0, 0.0, 1.0, 0.0, 0.0, 0.0, 1.0, 0.0, 0.0, 1.0, 1.0, 0.0, 0.0, 0.0, 0.0, 1.0, 0.0, 0.0, 1.0, 0.0, 0.0, 1.0, 0.0, 1.0, 0.0, 1.0, 0.0, 0.0, 0.0, 0.0, 1.0, 0.0, 0.0, 1.0, 0.0, 1.0, 0.0, 0.0, 1.0, 0.0, 0.0, 0.0, 1.0, 0.0[2024-10-14T10:33:51.928130][INFO][seed3] U cardinality: 64
, 0.0, 1.0, 0.0, 1.0, 0.0, 0.0, 0.0, 1.0, 0.0, 0.0, 1.0, 0.0, 0.0, 1.0, 0.0, 0.0, 1.0, 0.0, 1.0, 0.0]]

[2024-10-14T10:33:51.928187][INFO][seed2] !0 = [0, 2, 4, 6, 7, 10, 11, 13, 14, 17, 18, 20, 22, 25, 26, 27, 28, 31, 34, 35, 37, 38, 39, 40, 41, 42, 43, 44, 48, 49, 50, 52, 53, 54, 58, 59, 60, 62, 63, 64, 67, 69, 70, 71, 72, 76, 78, 79]
[2024-10-14T10:33:51.928691][INFO][seed21] Dropping state 35
[2024-10-14T10:33:51.929378][INFO][seed20] Dropping state 57
[2024-10-14T10:33:51.929723][INFO][seed2] 0 = [1, 3, 5, 8, 9, 12, 15, 16, 19, 21, 23, 24, 29, 30, 32, 33, 36, 45, 46, 47, 51, 55, 56, 57, 61, 65, 66, 68, 73, 74, 75, 77, 80]
[2024-10-14T10:33:51.930611][INFO][seed21] Dropping state 33
[2024-10-14T10:33:51.931129][INFO][seed7] 
[P([5]) [0.695, 0.305], P([4]) [0.409, 0.591], P([3]) [0.001, 0.0, 0.001, 0.001, 0.0, 0.001, 0.0, 0.001, 0.001, 0.001, 0.0, 0.001, 0.001, 0.0, 0.001, 0.0, 0.001, 0.001, 0.001, 0.0, 0.001, 0.0, 0.001, 0.001, 0.001, 0.001, 0.001, 0.0, 0.0, 0.001, 0.008, 0.001, 0.0, 0.001, 0.001, 0.001, 0.001, 0.001, 0.001, 0.001, 0.001, 0.0, 0.001, 0.001, 0.0, 0.001, 0.001, 0.001, 0.001, 0.001, 0.0, 0.0, 0.001, 0.001, 0.006, 0.001, 0.002, 0.002, 0.0, 0.0, 0.001, 0.001, 0.001, 0.0, 0.001, 0.0, 0.939], P([2, 5]) [1.0, 0.0, 0.0, 1.0], P([1, 4]) [1.0, 0.0, 0.0, 1.0], P([0, 1, 2, 3]) [1.0, 0.0, 0.0, 1.0, 0.0, 0.0, 1.0, 0.0, 0.0, 1.0, 0.0, 0.0, 1.0, 0.0, 0.0, 1.0, 0.0, 0.0, 1.0, 0.0, 0.0, 0.0, 1.0, 0.0, 1.0, 0.0, 0.0, 1.0, 0.0, 0.0, 0.0, 1.0, 0.0, 1.0, 0.0, 0.0, 1.0, 0.0, 0.0, 1.0, 0.0, 0.0, 0.0, 1.0, 0.0, 0.0, 1.0, 0.0, 1.0, 0.0, 0.0, 1.0, 0.0, 0.0, 0.0, 0.0, 1.0, 0.0, 1.0, 0.0, 1.0, 0.0, 0.0, 1.0, 0.0, 0.0, 0.0, 0.0, 1.0, 0.0, 0.0, 1.0, 1.0, 0.0, 0.0, 0.0, 1.0, 0.0, 1.0, 0.0, 0.0, 0.0, 0.0, 1.0, 1.0, 0.0, 0.0, 0.0, 1.0, 0.0, 0.0, 1[2024-10-14T10:33:51.931823][INFO][seed21] Dropping state 19
.0, 0.0, 0.0, 1.0, 0.0, 1.0, 0.0, 0.0, 0.0, 1.0, 0.0, 0.0, 1.0, 0.0, 0.0, 0.0, 1.0, 1.0, 0.0, 0.0, 0.0, 1.0, 0.0, 0.0, 0.0, 1.0, 1.0, 0.0, 0.0, 1.0, 0.0, 0.0, 0.0, 1.0, 0.0, 0.0, 0.0, 1.0, 0.0, 1.0, 0.0, 1.0, 0.0, 0.0, 0.0, 1.0, 0.0, 0.0, 0.0, 1.0, 0.0, 0.0, 1.0, 1.0, 0.0, 0.0, 0.0, 0.0, 1.0, 1.0, 0.0, 0.0, 1.0, 0.0, 0.0, 1.0, 0.0, 0.0, 0.0, 0.0, 1.0, 1.0, 0.0, 0.0, 0.0, 1.0, 0.0, 1.0, 0.0, 0.0, 0.0, 0.0, 1.0, 1.0, 0.0, 0.0, 0.0, 0.0, 1.0, 1.0, 0.0, 0.0, 0.0, 0.0, 1.0, 0.0, 1.0, 0.0, 1.0, 0.0, 0.0, 1.0, 0.0, 0.0, 0.0, 0.0, 1.0, 0.0, 1.0, 0.0, 0.0, 0.0, 1.0, 1.0, 0.0, 0.0, 0.0, 0.0, 1.0, 0.0, 0.0, 1.0, 0.0, 1.0, 0.0, 1.0, 0.0, 0.0, 0.0, 0.0, 1.0, 0.0, 0.0, 1.0, 0.0, 0.0, 1.0, 0.0, 1.0, 0.0, 1.0, 0.0, 0.0, 1.0, 0.0, 0.0, 1.0, 0.0, 0.0, 0.0, 1.0, 0.0, 1.0, 0.0, 0.0, 1.0, 0.0, 0.0, 0.0, 1.0, 0.0, 0.0, 1.0, 0.0, 1.0, 0.0, 0.0, 1.0, 0.0, 0.0, 0.0, 0.0, 1.0, 0.0, 1.0, 0.0, 1.0, 0.0, 0.0, 0.0, 1.0, 0.0, 1.0, 0.0, 0.0, 0.0, 1.0, 0.0, 1.0, 0.0, 0.0, 0.0, 1.0, 0.0, 0.0, 1.0, 0.0, 0.0, 1.0, 0.0, 1.0, 0.0, 0.0, 0.0, 1.0, 0.0, 0.0, 0.0, 1.0, 0.0, 1.0, 0.0, 1.0, 0.0, 0.0, 0.0, 0.0, 1.0, 1.0, 0.0, 0.0, 0.0, 1.0, 0.0, 1.0, 0.0, 0.0, 0.0, 0.0, 1.0, 0.0, 1.0, 0.0, 0.0, 1.0, 0.0, 1.0, 0.0, 0.0, 0.0, 0.0, 1.0, 0.0, 0.0, 1.0, 0.0, 1.0, 0.0, 0.0, 1.0, 0.0, 1.0, 0.0, 0.0, 1.0, 0.0, 0.0, 0.0, 1.0, 0.0, 0.0, 1.0, 0.0, 1.0, 0.0, 0.0, 0.0, 1.0, 0.0, 0.0, 1.0, 0.0, 0.0, 1.0, 0.0, 1.0, 0.0, 0.0, 0.0, 0.0, 1.0, 0.0, 1.0, 0.0, 0.0, 1.0, 0.0, 0.0, 1.0, 0.0, 0.0, 1.0, 0.0, 0.0, 1.0, 0.0, 0.0, 1.0, 0.0, 0.0, 1.0, 0.0, 0.0, 0.0, 1.0, 0.0, 1.0, 0.0, 0.0, 1.0, 0.0, 0.0, 0.0, 1.0, 1.0, 0.0, 0.0, 0.0, 1.0, 0.0, 0.0, 1.0, 0.0, 0.0, 0.0, 1.0, 0.0, 1.0, 0.0, 0.0, 1.0, 0.0, 0.0, 1.0, 0.0, 0.0, 0.0, 1.0, 0.0, 0.0, 1.0, 0.0, 1.0, 0.0, 0.0, 0.0, 1.0, 1.0, 0.0, 0.0, 1.0, 0.0, 0.0, 0.0, 1.0, 0.0, 0.0, 0.0, 1.0, 1.0, 0.0, 0.0, 0.0, 1.0, 0.0, 0.0, 1.0, 0.0, 0.0, 0.0, 1.0, 1.0, 0.0, 0.0, 0.0, 0.0, 1.0, 0.0, 1.0, 0.0, 0.0, 0.0, 1.0, 0.0, 1.0, 0.0, 1.0, 0.0, 0.0, 0.0, 1.0, 0.0, 0.0, 0.0, 1.0, 0.0, 1.0, 0.0, 0.0, 1.0, 0.0, 0.0, 1.0, 0.0, 0.0, 0.0, 1.0, 0.0, 1.0, 0.0, 0.0, 0.0, 1.0, 0.0, 1.0, 0.0, 0.0, 0.0, 1.0, 0.0, 0.0, 1.0, 1.0, 0.0, 0.0, 0.0, 1.0, 0.0, 0.0, 0.0, 1.0, 0.0, 0.0, 1.0, 0.0, 1.0, 0.0, 0.0, 0.0, 1.0, 1.0, 0.0, 0.0, 1.0, 0.0, 0.0, 1.0, 0.0, 0.0, 0.0, 0.0, 1.0, 1.0, 0.0, 0.0, 1.0, 0.0, 0.0, 0.0, 1.0, 0.0, 0.0, 0.0, 1.0, 1.0, 0.0, 0.0, 1.0, 0.0, 0.0, 0.0, 0.0, 1.0, 0.0, 0.0, 1.0, 1.0, 0.0, 0.0, 0.0, 1.0, 0.0, 1.0, 0.0, 0.0, 0.0, 0.0, 1.0, 1.0, 0.0, 0.0, 0.0, 1.0, 0.0, 0.0, 1.0, 0.0, 0.0, 0.0, 1.0, 1.0, 0.0, 0.0, 0.0, 1.0, 0.0, 0.0, 0.0, 1.0, 0.0, 0.0, 1.0, 1.0, 0.0, 0.0, 0.0, 0.0, 1.0, 1.0, 0.0, 0.0, 0.0, 0.0, 1.0, 1.0, 0.0, 0.0, 0.0, 0.0, 1.0, 0.0, 1.0, 0.0, 0.0, 0.0, 1.0, 1.0, 0.0, 0.0, 0.0, 0.0, 1.0, 0.0, 0.0, 1.0, 0.0, 0.0, 1.0, 0.0, 1.0, 0.0, 1.0, 0.0, 0.0, 1.0, 0.0, 0.0, 0.0, 0.0, 1.0, 0.0, 1.0, 0.0, 1.0, 0.0, 0.0, 0.0, 1.0, 0.0, 0.0, 0.0, 1.0, 0.0, 1.0, 0.0, 1.0, 0.0, 0.0, 0.0, 0.0, 1.0, 0.0, 0.0, 1.0, 0.0, 1.0, 0.0, 0.0, 1.0, 0.0, 1.0, 0.0, 0.0, 0.0, 0.0, 1.0, 0.0, 1.0, 0.0, 0.0, 1.0, 0.0, 0.0, 1.0, 0.0, 0.0, 0.0, 1.0, 0.0, 1.0, 0.0, 0.0, 0.0, 1.0, 0.0[2024-10-14T10:33:51.932530][INFO][seed20] Dropping state 54
, 1.0, 0.0, 0.0, 0.0, 1.0, 0.0, 1.0, 0.0, 0.0, 0.0, 1.0, 0.0, 0.0, 1.0, 0.0, 0.0, 1.0, 0.0, 0.0, 1.0, 1.0, 0.0, 0.0, 1.0, 0.0, 0.0, 0.0, 0.0, 1.0, 0.0, 0.0, 1.0, 1.0, 0.0, 0.0, 0.0, 1.0, 0.0, 0.0, 0.0, 1.0, 0.0, 0.0, 1.0, 1.0, 0.0, 0.0, 0.0, 0.0, 1.0, 0.0, 0.0, 1.0, 0.0, 0.0, 1.0, 0.0, 1.0, 0.0, 1.0, 0.0, 0.0, 0.0, 0.0, 1.0, 0.0, 0.0, 1.0, 0.0, 1.0, 0.0, 0.0, 1.0, 0.0, 0.0, 0.0, 1.0, 0.0, 0.0, 1.0, 0.0, 1.0, 0.0, 0.0, 0.0, 1.0, 0.0, 0.0, 1.0, 0.0, 0.0, 1.0, 0.0, 0.0, 1.0, 0.0, 1.0, 0.0]]

[2024-10-14T10:33:51.932793][INFO][seed21] Dropping state 15
[2024-10-14T10:33:51.932815][INFO][seed8] U cardinality: 81
[2024-10-14T10:33:51.934600][INFO][seed20] Dropping state 39
[2024-10-14T10:33:51.937293][INFO][seed6] Dropping state 62
[2024-10-14T10:33:51.938129][INFO][seed2] Dropping state 77
[2024-10-14T10:33:51.938410][INFO][seed20] Dropping state 34
[2024-10-14T10:33:51.939267][INFO][seed2] Dropping state 73
[2024-10-14T10:33:51.939646][INFO][seed20] Dropping state 28
[2024-10-14T10:33:51.939637][INFO][seed6] Dropping state 59
[2024-10-14T10:33:51.939969][INFO][seed3] 
[P([5]) [0.26, 0.74], P([4]) [0.731, 0.269], P([3]) [0.001, 0.001, 0.0, 0.0, 0.001, 0.001, 0.001, 0.001, 0.001, 0.001, 0.001, 0.0, 0.001, 0.001, 0.0, 0.001, 0.001, 0.001, 0.0, 0.0, 0.001, 0.001, 0.001, 0.237, 0.001, 0.001, 0.001, 0.001, 0.0, 0.0, 0.001, 0.0, 0.0, 0.001, 0.001, 0.001, 0.0, 0.521, 0.001, 0.001, 0.001, 0.001, 0.001, 0.0, 0.001, 0.001, 0.001, 0.001, 0.001, 0.001, 0.0, 0.001, 0.001, 0.0, 0.001, 0.001, 0.001, 0.0, 0.001, 0.001, 0.001, 0.001, 0.197, 0.0], P([2, 5]) [1.0, 0.0, 0.0, 1.0], P([1, 4]) [1.0, 0.0, 0.0, 1.0], P([0, 1, 2, 3]) [1.0, 0.0, 0.0, 1.0, 0.0, 0.0, 1.0, 0.0, 0.0, 1.0, 0.0, 0.0, 1.0, 0.0, 0.0, 1.0, 0.0, 0.0, 1.0, 0.0, 0.0, 0.0, 1.0, 0.0, 1.0, 0.0, 0.0, 1.0, 0.0, 0.0, 1.0, 0.0, 0.0, 0.0, 0.0, 1.0, 1.0, 0.0, 0.0, 1.0, 0.0, 0.0, 0.0, 1.0, 0.0, 1.0, 0.0, 0.0, 1.0, 0.0, 0.0, 1.0, 0.0, 0.0, 0.0, 1.0, 0.0, 0.0, 1.0, 0.0, 1.0, 0.0, 0.0, 1.0, 0.0, 0.0, 0.0, 1.0, 0.0, 0.0, 0.0, 1.0, 1.0, 0.0, 0.0, 1.0, 0.0, 0.0, 0.0, 0.0, 1.0, 0.0, 1.0, 0.0, 1.0, 0.0, 0.0, 1.0, 0.0, 0.0, 0.0, 0.0, 1.0, 0.0, 0.0[2024-10-14T10:33:51.940591][INFO][seed21] Dropping state 7
[2024-10-14T10:33:51.940727][INFO][seed20] Dropping state 26
[2024-10-14T10:33:51.940846][INFO][seed8] !0 = [2, 3, 4, 5, 6, 7, 8, 9, 11, 12, 13, 15, 18, 19, 20, 21, 23, 28, 32, 34, 35, 36, 37, 38, 39, 40, 41, 44, 46, 47, 49, 50, 53, 55, 58, 59, 62, 63, 65, 66, 68, 69, 71, 72, 74, 75, 77, 78]
, 1.0, 1.0, 0.0, 0.0, 0.0, 1.0, 0.0, 1.0, 0.0, 0.0, 1.0, 0.0, 0.0, 1.0, 0.0, 0.0, 0.0, 1.0, 0.0, 1.0, 0.0, 0.0, 0.0, 1.0, 0.0, 1.0, 0.0, 0.0, 0.0, 1.0, 0.0, 1.0, 0.0, 0.0, 0.0, 0.0, 1.0, 1.0, 0.0, 0.0, 0.0, 1.0, 0.0, 0.0, 1.0, 0.0, 1.0, 0.0, 0.0, 1.0, 0.0, 0.0, 0.0, 1.0, 0.0, 0.0, 0.0, 1.0, 0.0, 1.0, 0.0, 1.0, 0.0, 0.0, 0.0, 1.0, 0.0, 0.0, 0.0, 1.0, 0.0, 0.0, 1.0, 1.0, 0.0, 0.0, 0.0, 0.0, 1.0, 1.0, 0.0, 0.0, 1.0, 0.0, 0.0, 1.0, 0.0, 0.0, 0.0, 0.0, 1.0, 1.0, 0.0, 0.0, 0.0, 1.0, 0.0, 1.0, 0.0, 0.0, 0.0, 0.0, 1.0, 1.0, 0.0, 0.0, 0.0, 0.0, 1.0, 1.0, 0.0, 0.0, 0.0, 0.0, 1.0, 0.0, 1.0, 0.0, 1.0, 0.0, 0.0, 1.0, 0.0, 0.0, 0.0, 0.0, 1.0, 0.0, 1.0, 0.0, 0.0, 1.0, 0.0, 1.0, 0.0, 0.0, 0.0, 0.0, 1.0, 0.0, 1.0, 0.0, 0.0, 0.0, 1.0, 1.0, 0.0, 0.0, 0.0, 0.0, 1.0, 0.0, 0.0, 1.0, 1.0, 0.0, 0.0, 1.0, 0.0, 0.0, 0.0, 0.0, 1.0, 0.0, 0.0, 1.0, 0.0, 1.0, 0.0, 1.0, 0.0, 0.0, 0.0, 0.0, 1.0, 0.0, 0.0, 1.0, 0.0, 0.0, 1.0, 0.0, 1.0, 0.0, 1.0, 0.0, 0.0, 1.0, 0.0, 0.0, 1.0, 0.0, 0.0, 0.0, 1.0, 0.0, 1.0, 0.0, 0.0, 0.0, 1.0, 0.0, 0.0, 0.0, 1.[2024-10-14T10:33:51.942449][INFO][seed21] Dropping state 3
[2024-10-14T10:33:51.941626][INFO][seed8] 0 = [0, 1, 10, 14, 16, 17, 22, 24, 25, 26, 27, 29, 30, 31, 33, 42, 43, 45, 48, 51, 52, 54, 56, 57, 60, 61, 64, 67, 70, 73, 76, 79, 80]
0, 0.0, 1.0, 0.0, 1.0, 0.0, 0.0, 0.0, 0.0, 1.0, 1.0, 0.0, 0.0, 0.0, 1.0, 0.0, 1.0, 0.0, 0.0, 0.0, 0.0, 1.0, 0.0, 1.0, 0.0, 0.0, 1.0, 0.0, 1.0, 0.0, 0.0, 0.0, 0.0, 1.0, 0.0, 0.0, 1.0, 0.0, 1.0, 0.0, 0.0, 1.0, 0.0, 1.0, 0.0, 0.0, 1.0, 0.0, 0.0, 0.0, 1.0, 0.0, 0.0, 1.0, 0.0, 1.0, 0.0, 0.0, 0.0, 1.0, 0.0, 0.0, 1.0, 0.0, 0.0, 1.0, 0.0, 1.0, 0.0, 0.0, 0.0, 0.0, 1.0, 0.0, 1.0, 0.0, 0.0, 1.0, 0.0, 0.0, 1.0, 0.0, 0.0, 1.0, 0.0, 0.0, 1.0, 0.0, 0.0, 1.0, 0.0, 0.0, 0.0, 1.0, 1.0, 0.0, 0.0, 0.0, 1.0, 0.0, 0.0, 1.0, 0.0, 0.0, 0.0, 1.0, 0.0, 1.0, 0.0, 0.0, 1.0, 0.0, 0.0, 1.0, 0.0, 0.0, 0.0, 1.0, 0.0, 0.0, 1.0, 0.0, 1.0, 0.0, 0.0, 0.0, 1.0, 1.0, 0.0, 0.0, 1.0, 0.0, 0.0, 0.0, 1.0, 0.0, 0.0, 0.0, 1.0, 1.0, 0.0, 0.0, 0.0, 1.0, 0.0, 0.0, 1.0, 0.0, 0.0, 0.0, 1.0, 1.0, 0.0, 0.0, 0.0, 0.0, 1.0, 0.0, 1.0, 0.0, 0.0, 0.0, 1.0, 0.0, 1.0, 0.0, 1.0, 0.0, 0.0, 0.0, 1.0, 0.0, 0.0, 0.0, 1.0, 0.0, 1.0, 0.0, 0.0, 1.0, 0.0, 0.0, 1.0, 0.0, 0.0, 0.0, 1.0, 0.0, 1.0, 0.0, 0.0, 0.0, 1.0, 0.0, 1.0, 0.0, 0.0, 0.0, 1.0, 0.0, 0.0, 1.0, 0.0, 1.0, 0.0, 0.0, 1.0, 0.0, 0.0, 0.0, 1.0, 0.0, 0.0, 1.0, 0.0, 0.0, 1.0, 0.0, 0.0, 1.0, 1.0, 0.0, 0.0, 1.0, 0.0, 0.0, 1.0, 0.0, 0.0, 0.0, 0.0, 1.0, 1.0, 0.0, 0.0, 1.0, 0.0, 0.0, 0.0, 0.0, 1.0, 0.0, 0.0, 1.0, 1.0, 0.0, 0.0, 0.0, 1.0, 0.0, 1.0, 0.0, 0.0, 0.0, 0.0, 1.0, 1.0, 0.0, 0.0, 0.0, 1.0, 0.0, 0.0, 1.0, 0.0, 0.0, 0.0, 1.0, 1.0, 0.0, 0.0, 0.0, 1.0, 0.0, 0.0, 0.0, 1.0, 0.0, 0.0, 1.0, 1.0, 0.0, 0.0, 0.0, 0.0, 1.0, 0.0, 0.0, 1.0, 0.0, 0.0, 1.0, 0.0, 1.0, 0.0, 1.0, 0.0, 0.0, 1.0, 0.0, 0.0, 0.0, 0.0, 1.0, 0.0, 1.0, 0.0, 1.0, 0.0, 0.0, 0.0, 1.0, 0.0, 0.0, 0.0, 1.0, 0.0, 1.0, 0.0, 1.0, 0.0, 0.0, 0.0, 0.0, 1.0, 0.0, 0.0, 1.0, 0.0, 1.0, 0.0, 0.0, 1.0, 0.0, 1.0, 0.0, 0.0, 0.0, 0.0, 1.0, 0.0, 1.0, 0.0, 0.0, 1.0, 0.0, 0.0, 1.0, 0.0, 0.0, 0.0, 1.0, 0.0, 1.0, 0.0, 0.0, 0.0, 1.0, 1.0, 0.0, 0.0, 0.0, 0.0, 1.0, 0.0, 1.0, 0.0, 0.0, 0.0, 1.0, 0.0, 0.0, 1.0, 0.0, 0.0, 1.0, 0.0, 0.0, 1.0, 1.0, 0.0, 0.0, 1.0, 0.0, 0.0, 0.0, 0.0, 1.0, 0.0, 0.0, 1.0, 1.0, 0.0, 0.0, 0.0, 1.0, 0.0, 0.0, 0.0, 1.0, 0.0, 0.0, 1.0, 1.0, 0.0, 0.0, 0.0, 0.0, 1.0, 0.0, 0.0, 1.0, 0.0, 0.0, 1.0, 0.0, 1.0, 0.0, 1.0, 0.0, 0.0, 0.0, 0.0, 1.0, 0.0, 0.0, 1.0, 0.0, 1.0, 0.0, 0.0, 1.0, 0.0, 0.0, 0.0, 1.0, 0.0, 0.0, 1.0, 0.0, 0.0, 1.0, 1.0, 0.0, 0.0, 0.0, 0.0, 1.0, 0.0, 0.0, 1.0, 0.0, 0.0, 1.0, 0.0, 1.0, 0.0, 0.0, 0.0, 1.0, 0.0, 0.0, 1.0, 0.0, 0.0, 1.0, 0.0, 0.0, 1.0]]

[2024-10-14T10:33:51.944051][INFO][seed6] Dropping state 56
[2024-10-14T10:33:51.944314][INFO][seed2] Dropping state 68
[2024-10-14T10:33:51.945104][INFO][seed21] Dropping state 0
[2024-10-14T10:33:51.945709][INFO][seed6] Dropping state 53
[2024-10-14T10:33:51.946936][INFO][seed6] Dropping state 52
[2024-10-14T10:33:51.947211][INFO][seed2] Dropping state 56
[2024-10-14T10:33:51.947991][INFO][seed20] Dropping state 25
[2024-10-14T10:33:51.948260][INFO][seed21] U cardinality: 67
[2024-10-14T10:33:51.948234][INFO][seed6] Dropping state 37
[2024-10-14T10:33:51.949222][INFO][seed20] Dropping state 24
[2024-10-14T10:33:51.949173][INFO][seed8] Dropping state 80
[2024-10-14T10:33:51.950298][INFO][seed8] Dropping state 79
[2024-10-14T10:33:51.950738][INFO][seed6] Dropping state 33
[2024-10-14T10:33:51.951041][INFO][seed20] Dropping state 17
[2024-10-14T10:33:51.951972][INFO][seed6] Dropping state 32
[2024-10-14T10:33:51.951971][INFO][seed8] Dropping state 73
[2024-10-14T10:33:51.954623][INFO][seed8] Dropping state 67
[2024-10-14T10:33:51.955753][INFO][seed6] Dropping state 31
[2024-10-14T10:33:51.957668][INFO][seed6] Dropping state 29
[2024-10-14T10:33:51.952483][INFO][seed2] Dropping state 51
[2024-10-14T10:33:51.952578][INFO][seed20] Dropping state 10
[2024-10-14T10:33:51.953233][INFO][seed20] Dropping state 7
[2024-10-14T10:33:51.955964][INFO][seed20] Dropping state 3
[2024-10-14T10:33:51.959227][INFO][seed20] Dropping state 0
[2024-10-14T10:33:51.958670][INFO][seed6] Dropping state 25
[2024-10-14T10:33:51.959810][INFO][seed21] 
[P([5]) [0.466, 0.534], P([4]) [0.97, 0.03], P([3]) [0.001, 0.001, 0.001, 0.001, 0.001, 0.001, 0.001, 0.001, 0.001, 0.007, 0.0, 0.0, 0.0, 0.001, 0.001, 0.001, 0.001, 0.001, 0.001, 0.0, 0.001, 0.001, 0.0, 0.0, 0.103, 0.0, 0.008, 0.001, 0.001, 0.0, 0.0, 0.001, 0.001, 0.001, 0.001, 0.001, 0.0, 0.001, 0.0, 0.001, 0.001, 0.001, 0.001, 0.001, 0.001, 0.004, 0.001, 0.0, 0.001, 0.001, 0.001, 0.0, 0.001, 0.001, 0.0, 0.001, 0.0, 0.001, 0.001, 0.0, 0.0, 0.0, 0.0, 0.001, 0.001, 0.001, 0.835], P([2, 5]) [1.0, 0.0, 0.0, 1.0], P([1, 4]) [1.0, 0.0, 0.0, 1.0], P([0, 1, 2, 3]) [1.0, 0.0, 0.0, 1.0, 0.0, 0.0, 1.0, 0.0, 0.0, 0.0, 1.0, 0.0, 1.0, 0.0, 0.0, 1.0, 0.0, 0.0, 1.0, 0.0, 0.0, 0.0, 0.0, 1.0, 1.0, 0.0, 0.0, 1.0, 0.0, 0.0, 0.0, 1.0, 0.0, 0.0, 1.0, 0.0, 1.0, 0.0, 0.0, 1.0, 0.0, 0.0, 0.0, 1.0, 0.0, 0.0, 0.0, 1.0, 1.0, 0.0, 0.0, 1.0, 0.0, 0.0, 0.0, 0.0, 1.0, 1.0, 0.0, 0.0, 1.0, 0.0, 0.0, 1.0, 0.0, 0.0, 0.0, 0.0, 1.0, 0.0, 0.0, 1.0, 1.0, 0.0, 0.0, 0.0, 1.0, 0.0, 1.0, 0.0, 0.0, 1.0, 0.0, 0.0, 1.0, 0.0, 0.0, 0.0, 1.0, 0.0, 1.0, 0.0, 0.0, 0.0, 1.0, 0.0, 1.0, 0.0, 0.0, 0.0, 1.0, 0.0, 1.0, 0.0, 0.0, 0.0, 0.0, 1.0, 1.0, 0.0, 0.0, 0.0, 1.0, 0.0, 0.0, 1.0, 0.0, 1.0, 0.0, 0.0, 1.0, 0.0, 0.0, 0.0, 1.0, 0.0, 0.0, 1.0, 0.0, 0.0, 1.0, 0.0, 1.0, 0.0, 0.0, 0.0, 1.0, 0.0, 0.0, 1.0, 0.0, 0.0, 0.0, 1.0, 1.0, 0.0, 0.0, 0.0, 1.0, 0.0, 0.0, 0.0, 1.0, 0.0, 1.0, 0.0, 1.0, 0.0, 0.0, 0.0, 1.0, 0.0, 0.0, 0.0, 1.0, 0.0, 0.0, 1.0, 1.0, 0.0, 0.0, 0.0, 0.0, 1.0, 1.0, 0.0, 0.0, 1.0, 0.0, 0.0, 1.0, 0.0, 0.0, 0.0, 0.0, 1.0, 1.0, 0.0, 0.0, 0.0, 0.0, 1.0, 1.0, 0.0, 0.0, 0.0, 0.0, 1.0, 0.0, 1.0, 0.0, 1.0, 0.0, 0.0, 1.0, 0.0, 0.0, 0.0, 0.0, 1.0, 0.0, 1.0, 0.0, 0.0, 1.0, 0.0, 1.0, 0.0, 0.0, 0.0, 0.0, 1.0, 0.0, 1.0, 0.0, 0.0, 0.0, 1.0, 1.0, 0.0, 0.0, 0.0, 0.0, 1.0, 0.0, 0.0, 1.0, 1.0, 0.0, 0.0, 1.0, 0.0, 0.0, 0.0, 0.0, 1.0, 0.0, 0.0, 1.0, 0.0, 1.0, 0.0, 1.0, 0.0, 0.0, 0.0, 0.0, 1.0, 0.0, 0.0, 1.0, 0.0, 0.0, 1.0, 0.0, 1.0, 0.0, 1.0, 0.0, 0.0, 1.0, 0.0, 0.0, 1.0, 0.0, 0.0, 0.0, 1.0, 0.0, 1.0, 0.0, 0.0, 1.0, 0.0, 0.0, 0.0, 1.0, 0.0, 0.0, 1.0, 0.0, 1.0, 0.0, 0.0, 1.0, 0.0, 0.0, 0.0, 0.0, 1.0, 0.0, 1.0, 0.0, 1.0, 0.0, 0.0, 0.0, 1.0, 0.0, 1.0, 0.0, 0.0, 0.0, 1.0, 0.0, 1.0, 0.0, 0.0, 0.0, 1.0, 0.0, 0.0, 1.0, 0.0, 0.0, 1.0, 0.0, 1.0, 0.0, 0.0, 0.0, 1.0, 0.0, 0.0, 0.0, 1.0, 0.0, 1.0, 0.0, 1.0, 0.0, 0.0, 0.0, 0.0, 1.0, 0.0, 1.0, 0.0, 0.0, 1.0, 0.0, 0.0, 1.0, 0.0, 1.0, 0.0, 0.0, 1.0, 0.0, 0.0, 0.0, 1.0, 0.0, 0.0, 1.0, 0.0, 1.0, 0.0, 0.0, 0.0, 1.0, 0.0, 0.0, 1.0, 0.0, 0.0, 1.0, 0.0, 1.0, 0.0, 0.0, 0.0, 0.0, 1.0, 0.0, 1.0, 0.0, 0.0, 1.0, 0.0, 0.0, 1.0, 0.0, 1.0, 0.0, 0.0, 0.0, 1.0, 0.0, 0.0, 1.0, 0.0, 0.0, 1.0, 0.0, 0.0, 1.0, 0.0, 0.0, 1.0, 0.0, 0.0, 1.0, 0.0, 0.0, 1.0, 0.0, 0.0, 0.0, 1.0, 0.0, 1.0, 0.0, 0.0, 1.0, 0.0, 0.0, 0.0, 1.0, 1.0, 0.0, 0.0, 0.0, 1.0, 0.0, 0.0, 1.0, 0.0, 0.0, 0.0, 1.0, 0.0, 1.0, 0.0, 0.0, 1.0, 0.0, 0.0, 1.0, 0.0, 0.0, 0.0, 1.0, 0.0, 0.0, 1.0, 0.0, 1.0, 0.0, 0.0, 0.0, 1.0, 1.0, 0.0, 0.0, 0.0, 1.0, 0.0, 0.0, 1.0, 0.0, 0.0, 0.0, 1.0, 1.0, 0.0, 0.0, 0.0, 0.0, 1.0, 0.0, 1.0, 0.0, 0.0, 0.0, 1.0, 0.0, 1.0, 0.0, 0.0, 1.0, 0.0, 0.0, 1.0, 0.0, 0.0, 0.0, 1.0, 0.0, 1.0, 0.0, 0.0, 0.0, 1.0, 0.0, 1.0, 0.0, 0.0, 0.0, 1.0, 0.0, 0.0, 1.0, 1.0, 0.0, 0.0, 0.0, 1.0, 0.0, 0.0, 0.0, 1.0, 0.0, 0.0, 1.0, 0.0, 1.0, 0.0, 0.0, 1.0, 0.0, 0.0, 0.0, 1.0, 0.0, 0.0, 1.0, 0.0, 0.0, 1.0, 0.0, 0.0, 1.0, 1.0, 0.0, 0.0, 1.0, 0.0, 0.0, 1.0, 0.0, 0.0, 0.0, 0.0, 1.0, 1.0, 0.0, 0.0, 1.0, 0.0, 0.0, 0.0, 1.0, 0.0, 0.0, 0.0, 1.0, 1.0, 0.0, 0.0, 1.0, 0.0, 0.0, 0.0, 0.0, 1.0, 0.0, 0.0, 1.0, 1.0, 0.0, 0.0, 0.0, 1.0, 0.0, 0.0, 1.0, 0.0, 0.0, 0.0, 1.0, 1.0, 0.0, 0.0, 0.0, 1.0, 0.0, 0.0, 0.0, 1.0, 0.0, 0.0, 1.0, 1.0, 0.0, 0.0, 0.0, 0.0, 1.0, 1.0, 0.0, 0.0, 0.0, 0.0, 1.0, 1.0, 0.0, 0.0, 0.0, 0.0, 1.0, 0.0, 1.0, 0.0, 0.0, 0.0, 1.0, 0.0, 1.0, 0.0, 1.0, 0.0, 0.0, 1.0, 0.0, 0.0, 0.0, 0.0, 1.0, 0.0, 1.0, 0.0, 1.0, 0.0, 0.0, 0.0, 1.0, 0.0, 0.0, 0.0, 1.0, 0.0, 1.0, 0.0, 1.0, 0.0, 0.0, 0.0, 0.0, 1.0, 0.0, 0.0, 1.0, 0.0, 1.0, 0.0, 0.0, 1.0, 0.0, 1.0, 0.0, 0.0, 0.0, 0.0, 1.0, 0.0, 1.0, 0.0, 0.0, 1.0, 0.0, 0.0, 1.0, 0.0, 0.0, 0.0, 1.0, 0.0, 1.0, 0.0, 0.0, 0.0, 1.0, 1.0, 0.0, 0.0, 0.0, 0.0, 1.0, 0.0, 1.0, 0.0, 0.0, 0.0, 1.0, 0.0, 1.0, 0.0, 0.0, 0.0, 1.0, 0.0, 1.0, 0.0, 0.0, 0.0, 1.0, 0.0, 0.0, 1.0, 0.0, 0.0, 1.0, 0.0, 0.0, 1.0, 1.0, 0.0, 0.0, 1.0, 0.0, 0.0, 0.0, 0.0, 1.0, 0.0, 0.0, 1.0, 1.0, 0.0, 0.0, 0.0, 1.0, 0.0, 0.0, 0.0, 1.0, 0.0, 0.0, 1.0, 1.0, 0.0, 0.0, 0.0, 0.0, 1.0, 0.0, 0.0, 1.0, 0.0, 0.0, 1.0, 0.0, 1.0, 0.0, 0.0, 0.0, 1.0, 0.0, 0.0, 1.0, 0.0, 0.0, 1.0, 0.0, 0.0, 1.0, 1.0, 0.0, 0.0, 0.0, 0.0, 1.0, 0.0, 0.0, 1.0, 0.0, 0.0, 1.0, 0.0, 1.0, 0.0, 0.0, 0.0, 1.0, 0.0, 0.0, 1.0, 0.0, 0.0, 1.0, 0.0, 0.0, 1.0]]

[2024-10-14T10:33:51.961890][INFO][seed6] Dropping state 22
[2024-10-14T10:33:51.962063][INFO][seed8] Dropping state 64
[2024-10-14T10:33:51.963175][INFO][seed6] Dropping state 15
[2024-10-14T10:33:51.963083][INFO][seed20] U cardinality: 63
[2024-10-14T10:33:51.964521][INFO][seed2] Dropping state 47
[2024-10-14T10:33:51.965522][INFO][seed6] Dropping state 13
[2024-10-14T10:33:51.965659][INFO][seed2] Dropping state 36
[2024-10-14T10:33:51.966859][INFO][seed6] Dropping state 12
[2024-10-14T10:33:51.967659][INFO][seed2] Dropping state 33
[2024-10-14T10:33:51.968015][INFO][seed6] Dropping state 3
[2024-10-14T10:33:51.971160][INFO][seed8] Dropping state 61
[2024-10-14T10:33:51.971437][INFO][seed2] Dropping state 30
[2024-10-14T10:33:51.971256][INFO][seed6] U cardinality: 60
[2024-10-14T10:33:51.972561][INFO][seed8] Dropping state 60
[2024-10-14T10:33:51.972820][INFO][seed2] Dropping state 24
[2024-10-14T10:33:51.974148][INFO][seed2] Dropping state 23
[2024-10-14T10:33:51.974103][INFO][seed20] 
[2024-10-14T10:33:51.974289][INFO][seed8] Dropping state 56
[P([5]) [0.284, 0.716], P([4]) [0.063, 0.937], P([3]) [0.001, 0.0, 0.001, 0.0, 0.001, 0.001, 0.048, 0.001, 0.001, 0.0, 0.001, 0.001, 0.001, 0.001, 0.002, 0.0, 0.001, 0.001, 0.001, 0.0, 0.001, 0.001, 0.0, 0.001, 0.001, 0.001, 0.0, 0.001, 0.001, 0.001, 0.001, 0.001, 0.001, 0.0, 0.0, 0.001, 0.001, 0.0, 0.001, 0.001, 0.0, 0.0, 0.001, 0.001, 0.001, 0.001, 0.001, 0.001, 0.0, 0.001, 0.407, 0.001, 0.178, 0.001, 0.0, 0.001, 0.001, 0.001, 0.001, 0.0, 0.001, 0.001, 0.322], P([2, 5]) [1.0, 0.0, 0.0, 1.0], P([1, 4]) [1.0, 0.0, 0.0, 1.0], P([0, 1, 2, 3]) [1.0, 0.0, 0.0, 1.0, 0.0, 0.0, 1.0, 0.0, 0.0, 0.0, 1.0, 0.0, 1.0, 0.0, 0.0, 1.0, 0.0, 0.0, 1.0, 0.0, 0.0, 0.0, 0.0, 1.0, 1.0, 0.0, 0.0, 1.0, 0.0, 0.0, 0.0, 1.0, 0.0, 0.0, 1.0, 0.0, 1.0, 0.0, 0.0, 1.0, 0.0, 0.0, 0.0, 1.0, 0.0, 0.0, 0.0, 1.0, 1.0, 0.0, 0.0, 1.0, 0.0, 0.0, 0.0, 0.0, 1.0, 1.0, 0.0, 0.0, 1.0, 0.0, 0.0, 1.0, 0.0, 0.0, 0.0, 0.0, 1.0, 0.0, 0.0, 1.0, 1.0, 0.0, 0.0, 0.0, 1.0, 0.0, 1.0, 0.0, 0.0, 1.0, 0.0, 0.0, 1.0, 0.0, 0.0, 0.0, 1.0, 0.0, 1.0, 0.0, 0.0, 0.0, 0.0, 1.0, 1.0, 0.0, 0.0, 0.0, 1.0, 0.0, 0.0, 1.0, 0.0, 1.0, 0.0, 0.0, 1.0, 0.0, 0.0, 0.0, 1.0, 0.0, 0.0, 1.0, 0.0, 0.0, 1.0, 0.0, 1.0, 0.0, 0.0, 0.0, 1.0, 0.0, 0.0, 1.0, 0.0, 0.0, 0.0, 1.0, 1.0, 0.0, 0.0, 0.0, 1.0, 0.0, 0.0, 0.0, 1.0, 1.0, 0.0, 0.0, 1.0, 0.0, 0.0, 0.0, 1.0, 0.0, 0.0, 0.0, 1.0, 0.0, 1.0, 0.0, 1.0, 0.0, 0.0, 0.0, 0.0, 1.0, 1.0, 0.0, 0.0, 1.0, 0.0, 0.0, 1.0, 0.0, 0.0, 0.0, 0.0, 1.0, 1.0, 0.0, 0.0, 0.0, 1.0, 0.0, 1.0, 0.0, 0.0, 0.0, 0.0, 1.0, 1.0, 0.0, 0.0, 0.0, 0.0, 1.0, 1.0, 0.0, 0.0, 0.0, 0.0, 1.0, 0.0, 1.0, 0.0, 1.0, 0.0, 0.0, 1.0, 0.0, 0.0, 0.0, 0.0, 1.0, 0.0, 1.0, 0.0, 0.0, 1.0, 0.0, 1.0, 0.0, 0.0, 0.0, 0.0, 1.0, 0.0, 1.0, 0.0, 0.0, 0.0, 1.0, 0.0, 1.0, 0.0, 1.0, 0.0, 0.0, 1.0, 0.0, 0.0, 1.0, 0.0, 0.0, 0.0, 1.0, 0.0, 1.0, 0.0, 0.0, 1.0, 0.0, 0.0, 0.0, 0.0, 1.0, 0.0, 1.0, 0.0, 1.0, 0.0, 0.0, 0.0, 1.0, 0.0, 1.0, 0.0, 0.0, 0.0, 1.0, 0.0, 1.0, 0.0, 0.0, 0.0, 1.0, 0.0, 0.0, 1.0, 0.0, 0.0, 1.0, 0.0, 1.0, 0.0, 0.0, 0.0, 1.0, 0.0, 0.0, 0.0, 1.0, 0.0, 1.0, 0.0, 1.0, 0.0, 0.0, 0.0, 0.0, 1.0, 1.0, 0.0, 0.0, 0.0, 1.0, 0.0, 1.0, 0.0, 0.0, 0.0, 0.0, 1.0, 0.0, 0.0, 1.0, 0.0, 1.0, 0.0, 0.0, 1.0, 0.0, 1.0, 0.0, 0.0, 1.0, 0.0, 0.0, 0.0, 1.0, 0.0, 0.0, 1.0, 0.0, 1.0, 0.0, 0.0, 0.0, 1.0, 0.0, 0.0, 1.0, 0.0, 0.0, 1.0, 0.0, 1.0, 0.0, 0.0, 0.0, 0.0, 1.0, 0.0, 1.0, 0.0, 0.0, 1.0, 0.0, 0.0, 1.0, 0.0, 0.0, 1.0, 0.0, 0.0, 1.0, 0.0, 0.0, 1.0, 0.0, 0.0, 1.0, 0.0, 0.0, 0.0, 1.0, 0.0, 1.0, 0.0, 0.0, 1.0, 0.0, 0.0, 0.0, 1.0, 1.0, 0.0, 0.0, 0.0, 1.0, 0.0, 0.0, 1.0, 0.0, 0.0, 0.0, 1.0, 0.0, 1.0, 0.0, 0.0, 1.0, 0.0, 0.0, 1.0, 0.0, 0.0, 0.0, 1.0, 0.0, 0.0, 1.0, 0.0, 1.0, 0.0, 0.0, 0.0, 1.0, 1.0, 0.0, 0.0, 1.0, 0.0, 0.0, 0.0, 1.0, 0.0, 0.0, 0.0, 1.0, 1.0, 0.0, 0.0, 0.0, 1.0, 0.0, 0.0, 1.0, 0.0, 0.0, 0.0, 1.0, 1.0, 0.0, 0.0, 0.0, 0.0, 1.0, 0.0, 1.0, 0.0, 0.0, 0.0, 1.0, 0.0, 1.0, 0.0, 1.0, 0.0, 0.0, 0.0, 1.0, 0.0, 0.0, 0.0, 1.0, 0.0, 1.0, 0.0, 0.0, 1.0, 0.0, 0.0, 1.0, 0.0, 0.0, 0.0, 1.0, 0.0, 1.0, 0.0, 0.0, 0.0, 1.0, 0.0, 1.0, 0.0, 0.0, 0.0, 1.0, 0.0, 0.0, 1.0, 1.0, 0.0, 0.0, 0.0, 1.0, 0.0, 0.0, 0.0, 1.0, 0.0, 0.0, 1.0, 0.0, 1.0, 0.0, 0.0, 1.0, 0.0, 0.0, 0.0, 1.0, 0.0, 0.0, 1.0, 0.0, 0.0, 1.0, 0.0, 0.0, 1.0, 1.0, 0.0, 0.0, 1.0, 0.0, 0.0, 0.0, 1.0, 0.0, 0.0, 0.0, 1.0, 1.0, 0.0, 0.0, 1.0, 0.0, 0.0, 0.0, 0.0, 1.0, 0.0, 0.0, 1.0, 1.0, 0.0, 0.0, 0.0, 1.0, 0.0, 0.0, 1.0, 0.0, 0.0, 0.0, 1.0, 1.0, 0.0, 0.0, 0.0, 0.0, 1.0, 0.0, 0.0, 1.0, 0.0, 0.0, 1.0, 0.0, 1.0, 0.0, 1.0, 0.0, 0.0, 1.0, 0.0, 0.0, 0.0, 0.0, 1.0, 0.0, 1.0, 0.0, 1.0, 0.0, 0.0, 0.0, 1.0, 0.0, 0.0, 0.0, 1.0, 0.0, 1.0, 0.0, 1.0, 0.0, 0.0, 0.0, 0.0, 1.0, 0.0, 0.0, 1.0, 0.0, 1.0, 0.0, 0.0, 1.0, 0.0, 1.0, 0.0, 0.0, 0.0, 0.0, 1.0, 0.0, 1.0, 0.0, 0.0, 1.0, 0.0, 0.0, 0.0, 1.0, 0.0, 0.0, 1.0, 0.0, 1.0, 0.0, 0.0, 0.0, 1.0, 1.0, 0.0, 0.0, 0.0, 0.0, 1.0, 0.0, 1.0, 0.0, 0.0, 0.0, 1.0, 0.0, 1.0, 0.0, 0.0, 0.0, 1.0, 0.0, 1.0, 0.0, 0.0, 0.0, 1.0, 0.0, 0.0, 1.0, 0.0, 0.0, 1.0, 0.0, 0.0, 1.0, 1.0, 0.0, 0.0, 1.0, 0.0, 0.0, 0.0, 0.0, 1.0, 0.0, 0.0, 1.0, 1.0, 0.0, 0.0, 0.0, 0.0, 1.0, 0.0, 0.0, 1.0, 0.0, 0.0, 1.0, 0.0, 1.0, 0.0, 1.0, 0.0, 0.0, 0.0, 0.0, 1.0, 0.0, 0.0, 1.0, 0.0, 1.0, 0.0, 0.0, 1.0, 0.0, 0.0, 0.0, 1.0, 0.0, 0.0, 1.0, 0.0, 1.0, 0.0, 0.0, 0.0, 1.0, 0.0, 0.0, 1.0, 0.0, 0.0, 1.0, 0.0, 0.0, 1.0, 1.0, 0.0, 0.0, 0.0, 0.0, 1.0, 0.0, 0.0, 1.0, 0.0, 0.0, 1.0, 0.0, 1.0, 0.0, 0.0, 0.0, 1.0, 0.0, 0.0, 1.0, 0.0, 0.0, 1.0, 0.0, 0.0, 1.0]]

[2024-10-14T10:33:51.976411][INFO][seed8] Dropping state 51
[2024-10-14T10:33:51.977028][INFO][seed2] Dropping state 21
[2024-10-14T10:33:51.978312][INFO][seed2] Dropping state 15
[2024-10-14T10:33:51.977768][INFO][seed8] Dropping state 48
[2024-10-14T10:33:51.979735][INFO][seed8] Dropping state 42
[2024-10-14T10:33:51.980853][INFO][seed2] Dropping state 12
[2024-10-14T10:33:51.982437][INFO][seed2] Dropping state 9
[2024-10-14T10:33:51.982659][INFO][seed8] Dropping state 33
[2024-10-14T10:33:51.983119][INFO][seed2] Dropping state 5
[2024-10-14T10:33:51.983539][INFO][seed6] 
[2024-10-14T10:33:51.983996][INFO][seed8] Dropping state 29
[P([5]) [0.488, 0.512], P([4]) [0.681, 0.319], P([3]) [0.001, 0.001, 0.001, 0.001, 0.001, 0.001, 0.001, 0.051, 0.0, 0.001, 0.001, 0.001, 0.004, 0.001, 0.001, 0.001, 0.001, 0.001, 0.001, 0.001, 0.001, 0.001, 0.001, 0.001, 0.001, 0.0, 0.0, 0.001, 0.001, 0.013, 0.0, 0.001, 0.001, 0.001, 0.001, 0.001, 0.001, 0.0, 0.0, 0.0, 0.001, 0.001, 0.0, 0.001, 0.0, 0.001, 0.001, 0.002, 0.0, 0.001, 0.001, 0.001, 0.0, 0.001, 0.001, 0.0, 0.001, 0.001, 0.001, 0.887], P([2, 5]) [1.0, 0.0, 0.0, 1.0], P([1, 4]) [1.0, 0.0, 0.0, 1.0], P([0, 1, 2, 3]) [1.0, 0.0, 0.0, 1.0, 0.0, 0.0, 1.0, 0.0, 0.0, 1.0, 0.0, 0.0, 1.0, 0.0, 0.0, 1.0, 0.0, 0.0, 1.0, 0.0, 0.0, 0.0, 1.0, 0.0, 1.0, 0.0, 0.0, 1.0, 0.0, 0.0, 1.0, 0.0, 0.0, 0.0, 0.0, 1.0, 1.0, 0.0, 0.0, 1.0, 0.0, 0.0, 0.0, 1.0, 0.0, 0.0, 1.0, 0.0, 1.0, 0.0, 0.0, 1.0, 0.0, 0.0, 0.0, 1.0, 0.0, 0.0, 0.0, 1.0, 1.0, 0.0, 0.0, 1.0, 0.0, 0.0, 0.0, 0.0, 1.0, 1.0, 0.0, 0.0, 1.0, 0.0, 0.0, 1.0, 0.0, 0.0, 0.0, 0.0, 1.0, 0.0, 1.0, 0.0, 1.0, 0.0, 0.0, 1.0, 0.0, 0.0, 0.0, 0.0, 1.0, 0.0, 0.0, 1.0, 1.0, 0.0, 0.0, 0.0, 1.0, 0.0, 1.0, 0.0, 0.0, 1.0, 0.0, 0.0, 1.0, 0.0, 0.0, 0.0, 1.0, 0.0, 1.0, 0.0, 0.0, 0.0, 1.0, 0.0, 1.0, 0.0, 0.0, 0.0, 1.0, 0.0, 1.0, 0.0, 0.0, 0.0, 0.0, 1.0, 1.0, 0.0, 0.0, 0.0, 1.0, 0.0, 0.0, 1.0, 0.0, 0.0, 0.0, 1.0, 1.0, 0.0, 0.0, 0.0, 1.0, 0.0, 0.0, 0.0, 1.0, 0.0, 1.0, 0.0, 1.0, 0.0, 0.0, 0.0, 1.0, 0.0, 0.0, 0.0, 1.0, 0.0, 0.0, 1.0, 1.0, 0.0, 0.0, 0.0, 0.0, 1.0, 1.0, 0.0, 0.0, 1.0, 0.0, 0.0, 1.0, 0.0, 0.0, 0.0, 0.0, 1.0, 1.0, 0.0, 0.0, 0.0, 1.0, 0.0, 1.0, 0.0, 0.0, 0.0, 0.0, 1.0, 1.0, 0.0, 0.0, 0.0, 0.0, 1.0, 1.0, 0.0, 0.0, 0.0, 0.0, 1.0, 0.0, 1.0, 0.0, 1.0, 0.0, 0.0, 1.0, 0.0, 0.0, 0.0, 0.0, 1.0, 0.0, 1.0, 0.0, 0.0, 0.0, 1.0, 1.0, 0.0, 0.0, 0.0, 0.0, 1.0, 0.0, 0.0, 1.0, 1.0, 0.0, 0.0, 1.0, 0.0, 0.0, 0.0, 0.0, 1.0, 0.0, 0.0, 1.0, 0.0, 0.0, 1.0, 0.0, 1.0, 0.0, 1.0, 0.0, 0.0, 1.0, 0.0, 0.0, 1.0, 0.0, 0.0, 0.0, 1.0, 0.0, 1.0, 0.0, 0.0, 1.0, 0.0, 0.0, 0.0, 1.0, 0.0, 0.0, 1.0, 0.0, 1.0, 0.0, 0.0, 0.0, 1.0, 0.0, 1.0, 0.0, 0.0, 0.0, 1.0, 0.0, 1.0, 0.0, 0.0, 0.0, 0.0, 1.0, 0.0, 1.0, 0.0, 0.0, 1.0, 0.0, 1.0, 0.0, 0.0, 0.0, 0.0, 1.0, 0.0, 0.0, 1.0, 0.0, 1.0, 0.0, 0.0, 1.0, 0.0, 1.0, 0.0, 0.0, 1.0, 0.0, 0.0, 0.0, 1.0, 0.0, 0.0, 1.0, 0.0, 1.0, 0.0, 0.0, 0.0, 0.0, 1.0, 0.0, 1.0, 0.0, 0.0, 1.0, 0.0, 0.0, 1.0, 0.0, 1.0, 0.0, 0.0, 0.0, 1.0, 0.0, 0.0, 1.0, 0.0, 0.0, 1.0, 0.0, 0.0, 1.0, 0.0, 0.0, 1.0, 0.0, 0.0, 1.0, 0.0, 0.0, 1.0, 0.0, 0.0, 0.0, 1.0, 0.0, 1.0, 0.0, 0.0, 1.0, 0.0, 0.0, 0.0, 1.0, 1.0, 0.0, 0.0, 0.0, 1.0, 0.0, 0.0, 1.0, 0.0, 0.0, 0.0, 1.0, 0.0, 1.0, 0.0, 0.0, 1.0, 0.0, 0.0, 1.0, 0.0, 0.0, 0.0, 1.0, 0.0, 0.0, 1.0, 0.0, 1.0, 0.0, 0.0, 0.0, 1.0, 1.0, 0.0, 0.0, 1.0, 0.0, 0.0, 0.0, 1.0, 0.0, 0.0, 0.0, 1.0, 1.0, 0.0, 0.0, 0.0, 1.0, 0.0, 0.0, 1.0, 0.0, 0.0, 0.0, 1.0, 1.0, 0.0, 0.0, 0.0, 0.0, 1.0, 0.0, 1.0, 0.0, 0.0, 0.0, 1.0, 0.0, 1.0, 0.0, 1.0, 0.0, 0.0, 0.0, 1.0, 0.0, 0.0, 0.0, 1.0, 0.0, 1.0, 0.0, 0.0, 1.0, 0.0, 0.0, 1.0, 0.0, 0.0, 0.0, 1.0, 0.0, 1.0, 0.0, 0.0, 0.0, 1.0, 0.0, 1.0, 0.0, 0.0, 0.0, 1.0, 0.0, 0.0, 1.0, 1.0, 0.0, 0.0, 0.0, 0.0, 1.0, 1.0, 0.0, 0.0, 1.0, 0.0, 0.0, 1.0, 0.0, 0.0, 0.0, 0.0, 1.0, 1.0, 0.0, 0.0, 1.0, 0.0, 0.0, 0.0, 1.0, 0.0, 0.0, 0.0, 1.0, 1.0, 0.0, 0.0, 0.0, 1.0, 0.0, 1.0, 0.0, 0.0, 0.0, 0.0, 1.0, 1.0, 0.0, 0.0, 0.0, 1.0, 0.0, 0.0, 1.0, 0.0, 0.0, 0.0, 1.0, 1.0, 0.0, 0.0, 0.0, 0.0, 1.0, 1.0, 0.0, 0.0, 0.0, 0.0, 1.0, 1.0, 0.0, 0.0, 0.0, 0.0, 1.0, 0.0, 1.0, 0.0, 0.0, 0.0, 1.0, 0.0, 1.0, 0.0, 1.0, 0.0, 0.0, 1.0, 0.0, 0.0, 0.0, 0.0, 1.0, 0.0, 1.0, 0.0, 1.0, 0.0, 0.0, 0.0, 1.0, 0.0, 0.0, 0.0, 1.0, 0.0, 1.0, 0.0, 1.0, 0.0, 0.0, 0.0, 0.0, 1.0, 0.0, 0.0, 1.0, 0.0, 1.0, 0.0, 0.0, 1.0, 0.0, 1.0, 0.0, 0.0, 0.0, 0.0, 1.0, 0.0, 1.0, 0.0, 0.0, 1.0, 0.0, 0.0, 1.0, 0.0, 0.0, 0.0, 1.0, 0.0, 1.0, 0.0, 0.0, 0.0, 1.0, 0.0, 1.0, 0.0, 0.0, 0.0, 1.0, 0.0, 1.0, 0.0, 0.0, 0.0, 1.0, 0.0, 0.0, 1.0, 0.0, 0.0, 1.0, 0.0, 0.0, 1.0, 1.0, 0.0, 0.0, 1.0, 0.0, 0.0, 0.0, 0.0, 1.0, 0.0, 0.0, 1.0, 1.0, 0.0, 0.0, 0.0, 0.0, 1.0, 0.0, 0.0, 1.0, 0.0, 0.0, 1.0, 0.0, 1.0, 0.0, 1.0, 0.0, 0.0, 0.0, 0.0, 1.0, 0.0, 0.0, 1.0, 0.0, 1.0, 0.0, 0.0, 0.0, 1.0, 0.0, 0.0, 1.0, 0.0, 0.0, 1.0, 0.0, 0.0, 1.0, 0.0, 1.0, 0.0, 0.0, 0.0, 1.0, 0.0, 0.0, 1.0, 0.0, 0.0, 1.0, 0.0, 0.0, 1.0]]

[2024-10-14T10:33:51.986057][INFO][seed8] Dropping state 27
[2024-10-14T10:33:51.986325][INFO][seed2] Dropping state 3
[2024-10-14T10:33:51.987658][INFO][seed2] Dropping state 1
[2024-10-14T10:33:51.987901][INFO][seed8] Dropping state 26
[2024-10-14T10:33:51.988677][INFO][seed8] Dropping state 25
[2024-10-14T10:33:51.990922][INFO][seed2] U cardinality: 63
[2024-10-14T10:33:51.991571][INFO][seed8] Dropping state 24
[2024-10-14T10:33:51.992933][INFO][seed8] Dropping state 17
[2024-10-14T10:33:51.998][INFO][seed8] Dropping state 16
[2024-10-14T10:33:51.999544][INFO][seed8] Dropping state 10
[2024-10-14T10:33:52.000792][INFO][seed8] Dropping state 1
[2024-10-14T10:33:52.004198][INFO][seed8] U cardinality: 60
[2024-10-14T10:33:52.008898][INFO][seed2] 
[P([5]) [0.442, 0.558], P([4]) [0.821, 0.179], P([3]) [0.001, 0.001, 0.001, 0.007, 0.001, 0.0, 0.824, 0.001, 0.001, 0.001, 0.0, 0.001, 0.001, 0.0, 0.001, 0.001, 0.001, 0.001, 0.001, 0.001, 0.0, 0.061, 0.0, 0.001, 0.001, 0.001, 0.001, 0.001, 0.001, 0.001, 0.001, 0.001, 0.001, 0.0, 0.0, 0.001, 0.001, 0.001, 0.001, 0.002, 0.001, 0.0, 0.0, 0.001, 0.001, 0.001, 0.0, 0.001, 0.008, 0.001, 0.0, 0.0, 0.001, 0.001, 0.001, 0.002, 0.001, 0.0, 0.0, 0.001, 0.001, 0.055, 0.0], P([2, 5]) [1.0, 0.0, 0.0, 1.0], P([1, 4]) [1.0, 0.0, 0.0, 1.0], P([0, 1, 2, 3]) [1.0, 0.0, 0.0, 1.0, 0.0, 0.0, 1.0, 0.0, 0.0, 1.0, 0.0, 0.0, 1.0, 0.0, 0.0, 1.0, 0.0, 0.0, 1.0, 0.0, 0.0, 0.0, 0.0, 1.0, 1.0, 0.0, 0.0, 1.0, 0.0, 0.0, 0.0, 1.0, 0.0, 0.0, 1.0, 0.0, 1.0, 0.0, 0.0, 1.0, 0.0, 0.0, 0.0, 0.0, 1.0, 1.0, 0.0, 0.0, 1.0, 0.0, 0.0, 1.0, 0.0, 0.0, 0.0, 0.0, 1.0, 0.0, 1.0, 0.0, 1.0, 0.0, 0.0, 1.0, 0.0, 0.0, 0.0, 0.0, 1.0, 0.0, 0.0, 1.0, 1.0, 0.0, 0.0, 0.0, 1.0, 0.0, 1.0, 0.0, 0.0, 0.0, 1.0, 0.0, 1.0, 0.0, 0.0, 0.0, 1.0, 0.0, 1.0, 0.0, 0.0, 0.0, 0.0, 1.0, 1.0, 0.0, 0.0, 0.0, 1.0, 0.0, 0.0, 1.0, 0.0, 0.0, 1.0, 0.0, 1.0, 0.0, 0.0, 0.0, 1.0, 0.0, 0.0, 1.0, 0.0, 0.0, 0.0, 1.0, 1.0, 0.0, 0.0, 0.0, 1.0, 0.0, 0.0, 0.0, 1.0, 0.0, 1.0, 0.0, 1.0, 0.0, 0.0, 0.0, 1.0, 0.0, 0.0, 0.0, 1.0, 0.0, 0.0, 1.0, 1.0, 0.0, 0.0, 0.0, 0.0, 1.0, 1.0, 0.0, 0.0, 1.0, 0.0, 0.0, 1.0, 0.0, 0.0, 0.0, 0.0, 1.0, 1.0, 0.0, 0.0, 0.0, 1.0, 0.0, 1.0, 0.0, 0.0, 0.0, 0.0, 1.0, 1.0, 0.0, 0.0, 0.0, 0.0, 1.0, 1.0, 0.0, 0.0, 0.0, 0.0, 1.0, 0.0, 1.0, 0.0, 0.0, 1.0, 0.0, 1.0, 0.0, 0.0, 0.0, 0.0, 1.0, 0.0, 0.0, 1.0, 0.0, 1.0, 0.0, 1.0, 0.0, 0.0, 0.0, 0.0, 1.0, 0.0, 0.0, 1.0, 0.0, 0.0, 1.0, 0.0, 1.0, 0.0, 1.0, 0.0, 0.0, 1.0, 0.0, 0.0, 1.0, 0.0, 0.0, 0.0, 1.0, 0.0, 1.0, 0.0, 0.0, 1.0, 0.0, 0.0, 0.0, 1.0, 0.0, 0.0, 1.0, 0.0, 1.0, 0.0, 0.0, 1.0, 0.0, 0.0, 0.0, 0.0, 1.0, 0.0, 1.0, 0.0, 1.0, 0.0, 0.0, 0.0, 1.0, 0.0, 0.0, 1.0, 0.0, 0.0, 1.0, 0.0, 1.0, 0.0, 0.0, 0.0, 1.0, 0.0, 0.0, 0.0, 1.0, 0.0, 1.0, 0.0, 1.0, 0.0, 0.0, 0.0, 0.0, 1.0, 0.0, 1.0, 0.0, 0.0, 1.0, 0.0, 1.0, 0.0, 0.0, 0.0, 0.0, 1.0, 0.0, 0.0, 1.0, 0.0, 1.0, 0.0, 0.0, 1.0, 0.0, 1.0, 0.0, 0.0, 0.0, 1.0, 0.0, 0.0, 1.0, 0.0, 0.0, 1.0, 0.0, 1.0, 0.0, 0.0, 0.0, 0.0, 1.0, 0.0, 1.0, 0.0, 0.0, 1.0, 0.0, 0.0, 1.0, 0.0, 1.0, 0.0, 0.0, 0.0, 1.0, 0.0, 0.0, 1.0, 0.0, 0.0, 1.0, 0.0, 0.0, 1.0, 0.0, 0.0, 1.0, 0.0, 0.0, 1.0, 0.0, 0.0, 1.0, 0.0, 0.0, 0.0, 1.0, 0.0, 1.0, 0.0, 0.0, 1.0, 0.0, 0.0, 0.0, 1.0, 1.0, 0.0, 0.0, 0.0, 1.0, 0.0, 0.0, 1.0, 0.0, 0.0, 0.0, 1.0, 0.0, 1.0, 0.0, 0.0, 1.0, 0.0, 0.0, 1.0, 0.0, 0.0, 0.0, 1.0, 0.0, 0.0, 1.0, 0.0, 1.0, 0.0, 0.0, 0.0, 1.0, 1.0, 0.0, 0.0, 1.0, 0.0, 0.0, 0.0, 1.0, 0.0, 0.0, 0.0, 1.0, 1.0, 0.0, 0.0, 0.0, 1.0, 0.0, 0.0, 1.0, 0.0, 0.0, 0.0, 1.0, 0.0, 1.0, 0.0, 1.0, 0.0, 0.0, 0.0, 1.0, 0.0, 0.0, 0.0, 1.0, 0.0, 1.0, 0.0, 0.0, 1.0, 0.0, 0.0, 1.0, 0.0, 0.0, 0.0, 1.0, 0.0, 1.0, 0.0, 0.0, 0.0, 1.0, 0.0, 1.0, 0.0, 0.0, 0.0, 1.0, 0.0, 0.0, 1.0, 0.0, 1.0, 0.0, 0.0, 1.0, 0.0, 0.0, 0.0, 1.0, 0.0, 0.0, 1.0, 0.0, 0.0, 1.0, 0.0, 0.0, 1.0, 1.0, 0.0, 0.0, 1.0, 0.0, 0.0, 1.0, 0.0, 0.0, 0.0, 0.0, 1.0, 1.0, 0.0, 0.0, 1.0, 0.0, 0.0, 0.0, 1.0, 0.0, 0.0, 0.0, 1.0, 1.0, 0.0, 0.0, 0.0, 1.0, 0.0, 1.0, 0.0, 0.0, 0.0, 0.0, 1.0, 1.0, 0.0, 0.0, 0.0, 1.0, 0.0, 0.0, 1.0, 0.0, 0.0, 0.0, 1.0, 1.0, 0.0, 0.0, 0.0, 1.0, 0.0, 0.0, 0.0, 1.0, 0.0, 0.0, 1.0, 1.0, 0.0, 0.0, 0.0, 0.0, 1.0, 1.0, 0.0, 0.0, 0.0, 0.0, 1.0, 1.0, 0.0, 0.0, 0.0, 0.0, 1.0, 0.0, 1.0, 0.0, 0.0, 0.0, 1.0, 1.0, 0.0, 0.0, 0.0, 0.0, 1.0, 0.0, 0.0, 1.0, 0.0, 0.0, 1.0, 0.0, 1.0, 0.0, 1.0, 0.0, 0.0, 1.0, 0.0, 0.0, 0.0, 0.0, 1.0, 0.0, 1.0, 0.0, 1.0, 0.0, 0.0, 0.0, 1.0, 0.0, 0.0, 0.0, 1.0, 0.0, 1.0, 0.0, 1.0, 0.0, 0.0, 0.0, 0.0, 1.0, 0.0, 0.0, 1.0, 0.0, 1.0, 0.0, 0.0, 1.0, 0.0, 1.0, 0.0, 0.0, 0.0, 0.0, 1.0, 0.0, 1.0, 0.0, 0.0, 1.0, 0.0, 0.0, 1.0, 0.0, 0.0, 0.0, 1.0, 0.0, 1.0, 0.0, 0.0, 0.0, 1.0, 1.0, 0.0, 0.0, 0.0, 0.0, 1.0, 0.0, 1.0, 0.0, 0.0, 0.0, 1.0, 0.0, 1.0, 0.0, 0.0, 0.0, 1.0, 0.0, 1.0, 0.0, 0.0, 0.0, 1.0, 0.0, 0.0, 1.0, 0.0, 0.0, 1.0, 0.0, 0.0, 1.0, 1.0, 0.0, 0.0, 1.0, 0.0, 0.0, 0.0, 0.0, 1.0, 0.0, 0.0, 1.0, 1.0, 0.0, 0.0, 0.0, 0.0, 1.0, 0.0, 0.0, 1.0, 0.0, 0.0, 1.0, 0.0, 1.0, 0.0, 1.0, 0.0, 0.0, 0.0, 0.0, 1.0, 0.0, 0.0, 1.0, 0.0, 1.0, 0.0, 0.0, 1.0, 0.0, 0.0, 0.0, 1.0, 0.0, 0.0, 1.0, 0.0, 0.0, 1.0, 1.0, 0.0, 0.0, 0.0, 0.0, 1.0, 0.0, 0.0, 1.0, 0.0, 0.0, 1.0, 0.0, 1.0, 0.0, 0.0, 0.0, 1.0, 0.0, 0.0, 1.0, 0.0, 0.0, 1.0, 0.0, 0.0, 1.0]]

[2024-10-14T10:33:52.015770][INFO][seed8] 
[P([5]) [0.832, 0.168], P([4]) [0.418, 0.582], P([3]) [0.0, 0.001, 0.001, 0.001, 0.001, 0.001, 0.001, 0.001, 0.001, 0.001, 0.001, 0.001, 0.0, 0.001, 0.001, 0.001, 0.01, 0.001, 0.0, 0.001, 0.001, 0.0, 0.0, 0.001, 0.001, 0.001, 0.001, 0.001, 0.001, 0.001, 0.001, 0.001, 0.0, 0.293, 0.0, 0.547, 0.001, 0.001, 0.001, 0.0, 0.001, 0.0, 0.001, 0.0, 0.001, 0.001, 0.001, 0.001, 0.001, 0.001, 0.001, 0.001, 0.0, 0.001, 0.001, 0.002, 0.001, 0.0, 0.001, 0.105], P([2, 5]) [1.0, 0.0, 0.0, 1.0], P([1, 4]) [1.0, 0.0, 0.0, 1.0], P([0, 1, 2, 3]) [1.0, 0.0, 0.0, 1.0, 0.0, 0.0, 1.0, 0.0, 0.0, 1.0, 0.0, 0.0, 1.0, 0.0, 0.0, 1.0, 0.0, 0.0, 1.0, 0.0, 0.0, 0.0, 0.0, 1.0, 1.0, 0.0, 0.0, 1.0, 0.0, 0.0, 0.0, 1.0, 0.0, 1.0, 0.0, 0.0, 1.0, 0.0, 0.0, 1.0, 0.0, 0.0, 0.0, 1.0, 0.0, 0.0, 1.0, 0.0, 1.0, 0.0, 0.0, 1.0, 0.0, 0.0, 0.0, 1.0, 0.0, 0.0, 0.0, 1.0, 1.0, 0.0, 0.0, 1.0, 0.0, 0.0, 0.0, 0.0, 1.0, 1.0, 0.0, 0.0, 1.0, 0.0, 0.0, 1.0, 0.0, 0.0, 0.0, 0.0, 1.0, 0.0, 1.0, 0.0, 1.0, 0.0, 0.0, 1.0, 0.0, 0.0, 0.0, 0.0, 1.0, 0.0, 0.0, 1.0, 1.0, 0.0, 0.0, 0.0, 1.0, 0.0, 1.0, 0.0, 0.0, 1.0, 0.0, 0.0, 1.0, 0.0, 0.0, 0.0, 1.0, 0.0, 1.0, 0.0, 0.0, 0.0, 0.0, 1.0, 1.0, 0.0, 0.0, 0.0, 1.0, 0.0, 0.0, 1.0, 0.0, 1.0, 0.0, 0.0, 1.0, 0.0, 0.0, 0.0, 1.0, 0.0, 0.0, 1.0, 0.0, 0.0, 1.0, 0.0, 1.0, 0.0, 0.0, 0.0, 1.0, 0.0, 0.0, 1.0, 0.0, 0.0, 0.0, 1.0, 1.0, 0.0, 0.0, 0.0, 1.0, 0.0, 0.0, 0.0, 1.0, 1.0, 0.0, 0.0, 1.0, 0.0, 0.0, 0.0, 0.0, 1.0, 1.0, 0.0, 0.0, 1.0, 0.0, 0.0, 1.0, 0.0, 0.0, 0.0, 0.0, 1.0, 1.0, 0.0, 0.0, 0.0, 1.0, 0.0, 1.0, 0.0, 0.0, 0.0, 0.0, 1.0, 1.0, 0.0, 0.0, 0.0, 0.0, 1.0, 1.0, 0.0, 0.0, 0.0, 0.0, 1.0, 0.0, 1.0, 0.0, 1.0, 0.0, 0.0, 1.0, 0.0, 0.0, 0.0, 0.0, 1.0, 0.0, 1.0, 0.0, 0.0, 1.0, 0.0, 1.0, 0.0, 0.0, 0.0, 0.0, 1.0, 0.0, 1.0, 0.0, 0.0, 0.0, 1.0, 0.0, 1.0, 0.0, 1.0, 0.0, 0.0, 1.0, 0.0, 0.0, 0.0, 1.0, 0.0, 0.0, 1.0, 0.0, 1.0, 0.0, 0.0, 0.0, 1.0, 0.0, 1.0, 0.0, 0.0, 0.0, 1.0, 0.0, 1.0, 0.0, 0.0, 0.0, 1.0, 0.0, 0.0, 1.0, 0.0, 0.0, 1.0, 0.0, 1.0, 0.0, 0.0, 0.0, 1.0, 0.0, 0.0, 0.0, 1.0, 0.0, 1.0, 0.0, 1.0, 0.0, 0.0, 0.0, 0.0, 1.0, 0.0, 1.0, 0.0, 0.0, 1.0, 0.0, 1.0, 0.0, 0.0, 0.0, 0.0, 1.0, 0.0, 0.0, 1.0, 0.0, 1.0, 0.0, 0.0, 1.0, 0.0, 1.0, 0.0, 0.0, 1.0, 0.0, 0.0, 0.0, 1.0, 0.0, 0.0, 1.0, 0.0, 1.0, 0.0, 0.0, 0.0, 1.0, 0.0, 0.0, 1.0, 0.0, 0.0, 1.0, 0.0, 1.0, 0.0, 0.0, 0.0, 0.0, 1.0, 0.0, 1.0, 0.0, 0.0, 1.0, 0.0, 0.0, 1.0, 0.0, 1.0, 0.0, 0.0, 0.0, 1.0, 0.0, 0.0, 1.0, 0.0, 0.0, 1.0, 0.0, 0.0, 1.0, 0.0, 0.0, 1.0, 0.0, 0.0, 1.0, 0.0, 0.0, 1.0, 0.0, 0.0, 0.0, 1.0, 0.0, 1.0, 0.0, 0.0, 1.0, 0.0, 0.0, 0.0, 1.0, 0.0, 1.0, 0.0, 0.0, 1.0, 0.0, 0.0, 1.0, 0.0, 0.0, 0.0, 1.0, 0.0, 0.0, 1.0, 0.0, 1.0, 0.0, 0.0, 0.0, 1.0, 1.0, 0.0, 0.0, 1.0, 0.0, 0.0, 0.0, 1.0, 0.0, 0.0, 0.0, 1.0, 1.0, 0.0, 0.0, 0.0, 1.0, 0.0, 0.0, 1.0, 0.0, 0.0, 0.0, 1.0, 1.0, 0.0, 0.0, 0.0, 0.0, 1.0, 0.0, 1.0, 0.0, 0.0, 0.0, 1.0, 0.0, 1.0, 0.0, 0.0, 1.0, 0.0, 0.0, 1.0, 0.0, 0.0, 0.0, 1.0, 0.0, 1.0, 0.0, 0.0, 0.0, 1.0, 0.0, 1.0, 0.0, 0.0, 0.0, 1.0, 0.0, 0.0, 1.0, 0.0, 1.0, 0.0, 0.0, 1.0, 0.0, 0.0, 0.0, 1.0, 0.0, 0.0, 1.0, 0.0, 0.0, 1.0, 0.0, 0.0, 1.0, 1.0, 0.0, 0.0, 1.0, 0.0, 0.0, 1.0, 0.0, 0.0, 0.0, 0.0, 1.0, 1.0, 0.0, 0.0, 1.0, 0.0, 0.0, 0.0, 1.0, 0.0, 0.0, 0.0, 1.0, 1.0, 0.0, 0.0, 0.0, 1.0, 0.0, 1.0, 0.0, 0.0, 0.0, 0.0, 1.0, 1.0, 0.0, 0.0, 0.0, 1.0, 0.0, 0.0, 1.0, 0.0, 0.0, 0.0, 1.0, 1.0, 0.0, 0.0, 0.0, 1.0, 0.0, 0.0, 0.0, 1.0, 0.0, 0.0, 1.0, 1.0, 0.0, 0.0, 0.0, 0.0, 1.0, 0.0, 0.0, 1.0, 0.0, 0.0, 1.0, 0.0, 1.0, 0.0, 1.0, 0.0, 0.0, 1.0, 0.0, 0.0, 0.0, 0.0, 1.0, 0.0, 1.0, 0.0, 1.0, 0.0, 0.0, 0.0, 0.0, 1.0, 0.0, 0.0, 1.0, 0.0, 1.0, 0.0, 0.0, 1.0, 0.0, 1.0, 0.0, 0.0, 0.0, 0.0, 1.0, 0.0, 1.0, 0.0, 0.0, 1.0, 0.0, 0.0, 0.0, 1.0, 0.0, 0.0, 1.0, 0.0, 1.0, 0.0, 0.0, 0.0, 1.0, 1.0, 0.0, 0.0, 0.0, 0.0, 1.0, 0.0, 1.0, 0.0, 0.0, 0.0, 1.0, 0.0, 1.0, 0.0, 0.0, 0.0, 1.0, 0.0, 1.0, 0.0, 0.0, 0.0, 1.0, 0.0, 0.0, 1.0, 0.0, 0.0, 1.0, 0.0, 0.0, 1.0, 1.0, 0.0, 0.0, 1.0, 0.0, 0.0, 0.0, 0.0, 1.0, 0.0, 0.0, 1.0, 1.0, 0.0, 0.0, 0.0, 0.0, 1.0, 0.0, 0.0, 1.0, 0.0, 0.0, 1.0, 0.0, 1.0, 0.0, 1.0, 0.0, 0.0, 0.0, 0.0, 1.0, 0.0, 0.0, 1.0, 0.0, 1.0, 0.0, 0.0, 1.0, 0.0, 0.0, 0.0, 1.0, 0.0, 0.0, 1.0, 0.0, 1.0, 0.0, 0.0, 0.0, 1.0, 0.0, 0.0, 1.0, 0.0, 0.0, 1.0, 0.0, 0.0, 1.0, 1.0, 0.0, 0.0]]

[2024-10-14T10:33:52.127583][INFO][seed17] Sampled 1000 data instances
[2024-10-14T10:33:52.127685][INFO][seed17] Starting exact inference 
[2024-10-14T10:33:52.130953][INFO][seed12] Sampled 1000 data instances
[2024-10-14T10:33:52.131207][INFO][seed12] Starting exact inference 
[2024-10-14T10:33:52.132315][INFO][seed14] Sampled 1000 data instances
[2024-10-14T10:33:52.132402][INFO][seed14] Starting exact inference 
[2024-10-14T10:33:52.170103][INFO][seed18] Sampled 1000 data instances
[2024-10-14T10:33:52.170396][INFO][seed18] Starting exact inference 
[2024-10-14T10:33:52.208122][INFO][seed15] Sampled 1000 data instances
[2024-10-14T10:33:52.208459][INFO][seed15] Starting exact inference 
[2024-10-14T10:33:52.209813][INFO][seed13] Sampled 1000 data instances
[2024-10-14T10:33:52.210110][INFO][seed13] Starting exact inference 
[2024-10-14T10:33:52.228034][INFO][seed7] Sampled 1000 data instances
[2024-10-14T10:33:52.228332][INFO][seed7] Starting exact inference 
[2024-10-14T10:33:52.230796][INFO][seed3] Sampled 1000 data instances
[2024-10-14T10:33:52.231093][INFO][seed3] Starting exact inference 
[2024-10-14T10:33:52.240336][INFO][seed36] Sampled 1000 data instances
[2024-10-14T10:33:52.240594][INFO][seed36] Starting exact inference 
[2024-10-14T10:33:52.247965][INFO][seed21] Sampled 1000 data instances
[2024-10-14T10:33:52.248308][INFO][seed21] Starting exact inference 
[2024-10-14T10:33:52.255789][INFO][seed6] Sampled 1000 data instances
[2024-10-14T10:33:52.256033][INFO][seed6] Starting exact inference 
[2024-10-14T10:33:52.258184][INFO][seed20] Sampled 1000 data instances
[2024-10-14T10:33:52.258419][INFO][seed20] Starting exact inference 
[2024-10-14T10:33:52.295372][INFO][seed8] Sampled 1000 data instances
[2024-10-14T10:33:52.295677][INFO][seed8] Starting exact inference 
[2024-10-14T10:33:52.304045][INFO][seed2] Sampled 1000 data instances
[2024-10-14T10:33:52.304379][INFO][seed2] Starting exact inference 
[2024-10-14T10:33:53.791369][INFO][seed21] PS(V1,V0) in [0.0, 0.0]
[2024-10-14T10:33:53.907137][INFO][seed21] PS(V2,V0) in [0.0, 1.0]
[2024-10-14T10:33:54.063692][INFO][seed21] No feasible solution... resampling
[2024-10-14T10:33:54.334445][INFO][seed21] Sampled 1100 data instances
[2024-10-14T10:33:54.339174][INFO][seed21] Starting exact inference 
[2024-10-14T10:33:54.918505][INFO][seed21] PS(V1,V0) in [0.0, 0.0]
[2024-10-14T10:33:55.019950][INFO][seed21] PS(V2,V0) in [0.0, 0.6506205248333061]
[2024-10-14T10:33:55.099367][INFO][seed21] No feasible solution... resampling
[2024-10-14T10:33:55.245222][INFO][seed21] Sampled 1200 data instances
[2024-10-14T10:33:55.245571][INFO][seed21] Starting exact inference 
Error in variable: 3
[2024-10-14T10:33:55.420750][INFO][seed21] No feasible solution... resampling
[2024-10-14T10:33:55.543309][INFO][seed21] Sampled 1300 data instances
[2024-10-14T10:33:55.543713][INFO][seed21] Starting exact inference 
Error in variable: 3
[2024-10-14T10:33:55.763698][INFO][seed21] No feasible solution... resampling
[2024-10-14T10:33:55.890827][INFO][seed21] Sampled 1400 data instances
[2024-10-14T10:33:55.895739][INFO][seed21] Starting exact inference 
[2024-10-14T10:34:03.958568][INFO][seed21] PS(V1,V0) in [0.0, 0.0]
[2024-10-14T10:34:09.409025][INFO][seed21] PS(V2,V0) in [0.0, 0.7802578587109205]
[2024-10-14T10:34:14.492245][INFO][seed21] No feasible solution... resampling
[2024-10-14T10:34:14.668949][INFO][seed21] Sampled 1500 data instances
[2024-10-14T10:34:14.669402][INFO][seed21] Starting exact inference 
[2024-10-14T10:34:15.097997][INFO][seed21] PS(V1,V0) in [0.0, 0.0]
[2024-10-14T10:34:15.186996][INFO][seed21] PS(V2,V0) in [0.0, 0.7872679604554831]
[2024-10-14T10:34:15.242744][INFO][seed21] No feasible solution... resampling
[2024-10-14T10:34:15.374976][INFO][seed21] Sampled 1600 data instances
[2024-10-14T10:34:15.375479][INFO][seed21] Starting exact inference 
[2024-10-14T10:35:18.446668][INFO][seed21] PS(V1,V0) in [0.0, 0.0]
[2024-10-14T10:36:18.540119][INFO][seed21] PS(V2,V0) in [0.0, 0.8638120092861958]
[2024-10-14T10:36:29.727086][INFO][seed13] PS(V1,V0) in [0.0, 1.0]
[2024-10-14T10:37:18.031154][INFO][seed21] No feasible solution... resampling
[2024-10-14T10:37:18.223302][INFO][seed21] Sampled 1700 data instances
[2024-10-14T10:37:18.223916][INFO][seed21] Starting exact inference 
[2024-10-14T10:37:18.571778][INFO][seed21] PS(V1,V0) in [0.0, 0.0]
[2024-10-14T10:37:18.616679][INFO][seed21] PS(V2,V0) in [0.0, 0.9367912901474069]
[2024-10-14T10:37:18.663487][INFO][seed21] No feasible solution... resampling
[2024-10-14T10:37:18.784548][INFO][seed21] Sampled 1800 data instances
[2024-10-14T10:37:18.799243][INFO][seed21] Starting exact inference 
[2024-10-14T10:37:19.445394][INFO][seed21] PS(V1,V0) in [0.0, 0.0]
[2024-10-14T10:37:19.485532][INFO][seed21] PS(V2,V0) in [0.0, 0.596244806990589]
[2024-10-14T10:37:19.546644][INFO][seed21] No feasible solution... resampling
[2024-10-14T10:37:19.673650][INFO][seed21] Sampled 1900 data instances
[2024-10-14T10:37:19.686282][INFO][seed21] Starting exact inference 
Error in variable: 3
[2024-10-14T10:37:19.840413][INFO][seed21] No feasible solution... resampling
[2024-10-14T10:37:19.979722][INFO][seed21] Sampled 2000 data instances
[2024-10-14T10:37:19.980417][INFO][seed21] Starting exact inference 
[2024-10-14T10:39:00.029930][INFO][seed13] No feasible solution... resampling
[2024-10-14T10:39:00.399556][INFO][seed13] Sampled 1100 data instances
[2024-10-14T10:39:00.400071][INFO][seed13] Starting exact inference 
[2024-10-14T10:39:01.047872][INFO][seed13] PS(V1,V0) in [0.0, 1.0]
[2024-10-14T10:39:01.065576][INFO][seed13] No feasible solution... resampling
[2024-10-14T10:39:01.235916][INFO][seed13] Sampled 1200 data instances
[2024-10-14T10:39:01.246263][INFO][seed13] Starting exact inference 
[2024-10-14T10:39:01.734943][INFO][seed13] PS(V1,V0) in [0.0, 1.0]
[2024-10-14T10:39:01.815744][INFO][seed13] No feasible solution... resampling
[2024-10-14T10:39:02.020080][INFO][seed13] Sampled 1300 data instances
[2024-10-14T10:39:02.020617][INFO][seed13] Starting exact inference 
Error in variable: 3
[2024-10-14T10:39:04.468288][INFO][seed13] No feasible solution... resampling
[2024-10-14T10:39:04.665822][INFO][seed13] Sampled 1400 data instances
[2024-10-14T10:39:04.666360][INFO][seed13] Starting exact inference 
Error in variable: 3
[2024-10-14T10:39:04.803082][INFO][seed13] No feasible solution... resampling
[2024-10-14T10:39:05.007][INFO][seed13] Sampled 1500 data instances
[2024-10-14T10:39:05.007718][INFO][seed13] Starting exact inference 
Error in variable: 3
[2024-10-14T10:39:05.140766][INFO][seed13] No feasible solution... resampling
[2024-10-14T10:39:05.330494][INFO][seed13] Sampled 1600 data instances
[2024-10-14T10:39:05.340912][INFO][seed13] Starting exact inference 
[2024-10-14T10:39:10.604413][INFO][seed13] PS(V1,V0) in [0.0, 0.8543916879687136]
[2024-10-14T10:39:14.062011][INFO][seed13] PS(V2,V0) in [0.0, 0.7688393540729863]
[2024-10-14T10:39:17.205091][INFO][seed13] PN(V1,V0) in [0.0, 0.2514266532393421] 
[2024-10-14T10:39:20.419020][INFO][seed13] PN(V2,V0) in [0.0, 0.54563218613426] 
[2024-10-14T10:39:20.492695][INFO][seed13] Saved data to: /mnt/beegfs/rcabanas/dev/credici/papers/zeros/models/s3/simple_nparents2_nzr06_zdr05_ysize3_13.csv
[2024-10-14T10:39:20.541015][INFO][seed13] Saved model to: /mnt/beegfs/rcabanas/dev/credici/papers/zeros/models/s3/simple_nparents2_nzr06_zdr05_ysize3_13.uai
[2024-10-14T10:39:20.552210][INFO][seed13] Saved queries to: /mnt/beegfs/rcabanas/dev/credici/papers/zeros/models/s3/simple_nparents2_nzr06_zdr05_ysize3_13_query.csv
[2024-10-14T10:39:20.552695][INFO][seed13] Closing log file
[2024-10-14T10:39:20.552828][INFO][seed13] Closed log file
['genn.py', '2', '0.6', '0.5', '51', '3']
2 0.6 0.5 51
/mnt/beegfs/rcabanas/dev/credici/papers/zeros/code/GenerateNparents.java
[2024-10-14T10:39:24.722325][INFO][seed51] Set up logging
[2024-10-14T10:39:24.771252][INFO][seed51] args: -np;2;-nzr;0.6;-zdr;0.5;-o;/mnt/beegfs/rcabanas/dev/credici/papers/zeros/models/s3;-rw;-s;51;-ys;3
[2024-10-14T10:39:24.787736][INFO][seed51] Starting logger with seed 51
[2024-10-14T10:39:24.803046][INFO][seed51] simple_nparents2_nzr06_zdr05_ysize3_51
[2024-10-14T10:39:25.298023][INFO][seed51] U cardinality: 81
[2024-10-14T10:39:25.309333][INFO][seed51] !0 = [1, 3, 5, 8, 9, 10, 13, 15, 17, 18, 19, 20, 22, 23, 24, 26, 27, 28, 29, 31, 36, 38, 39, 43, 44, 45, 46, 47, 48, 50, 51, 52, 54, 59, 60, 63, 65, 66, 68, 70, 71, 72, 74, 75, 76, 77, 79, 80]
[2024-10-14T10:39:25.311261][INFO][seed51] 0 = [0, 2, 4, 6, 7, 11, 12, 14, 16, 21, 25, 30, 32, 33, 34, 35, 37, 40, 41, 42, 49, 53, 55, 56, 57, 58, 61, 62, 64, 67, 69, 73, 78]
[2024-10-14T10:39:25.329506][INFO][seed51] Dropping state 78
[2024-10-14T10:39:25.331237][INFO][seed51] Dropping state 67
[2024-10-14T10:39:25.338425][INFO][seed51] Dropping state 64
[2024-10-14T10:39:25.344907][INFO][seed51] Dropping state 57
[2024-10-14T10:39:25.352352][INFO][seed51] Dropping state 56
[2024-10-14T10:39:25.366786][INFO][seed51] Dropping state 55
[2024-10-14T10:39:25.370267][INFO][seed51] Dropping state 53
[2024-10-14T10:39:25.376730][INFO][seed51] Dropping state 49
[2024-10-14T10:39:25.383063][INFO][seed51] Dropping state 42
[2024-10-14T10:39:25.386383][INFO][seed51] Dropping state 41
[2024-10-14T10:39:25.388523][INFO][seed51] Dropping state 37
[2024-10-14T10:39:25.400842][INFO][seed51] Dropping state 35
[2024-10-14T10:39:25.403307][INFO][seed51] Dropping state 34
[2024-10-14T10:39:25.407053][INFO][seed51] Dropping state 33
[2024-10-14T10:39:25.410114][INFO][seed51] Dropping state 32
[2024-10-14T10:39:25.411408][INFO][seed51] Dropping state 21
[2024-10-14T10:39:25.415705][INFO][seed51] Dropping state 14
[2024-10-14T10:39:25.421794][INFO][seed51] Dropping state 12
[2024-10-14T10:39:25.426475][INFO][seed51] Dropping state 7
[2024-10-14T10:39:25.427866][INFO][seed51] Dropping state 0
[2024-10-14T10:39:25.435439][INFO][seed51] U cardinality: 61
[2024-10-14T10:39:25.468792][INFO][seed51] 
[P([5]) [0.441, 0.559], P([4]) [0.607, 0.393], P([3]) [0.001, 0.0, 0.001, 0.0, 0.001, 0.0, 0.001, 0.001, 0.001, 0.0, 0.001, 0.001, 0.0, 0.001, 0.001, 0.001, 0.001, 0.001, 0.001, 0.001, 0.0, 0.001, 0.001, 0.001, 0.001, 0.0, 0.001, 0.261, 0.129, 0.001, 0.0, 0.001, 0.001, 0.001, 0.001, 0.001, 0.001, 0.001, 0.001, 0.363, 0.001, 0.0, 0.001, 0.001, 0.0, 0.0, 0.001, 0.001, 0.001, 0.001, 0.0, 0.001, 0.001, 0.001, 0.0, 0.001, 0.001, 0.001, 0.001, 0.001, 0.203], P([2, 5]) [1.0, 0.0, 0.0, 1.0], P([1, 4]) [1.0, 0.0, 0.0, 1.0], P([0, 1, 2, 3]) [1.0, 0.0, 0.0, 1.0, 0.0, 0.0, 1.0, 0.0, 0.0, 0.0, 1.0, 0.0, 1.0, 0.0, 0.0, 1.0, 0.0, 0.0, 1.0, 0.0, 0.0, 0.0, 0.0, 1.0, 1.0, 0.0, 0.0, 1.0, 0.0, 0.0, 0.0, 1.0, 0.0, 1.0, 0.0, 0.0, 1.0, 0.0, 0.0, 1.0, 0.0, 0.0, 0.0, 1.0, 0.0, 0.0, 1.0, 0.0, 1.0, 0.0, 0.0, 1.0, 0.0, 0.0, 0.0, 1.0, 0.0, 0.0, 0.0, 1.0, 1.0, 0.0, 0.0, 1.0, 0.0, 0.0, 0.0, 0.0, 1.0, 1.0, 0.0, 0.0, 1.0, 0.0, 0.0, 1.0, 0.0, 0.0, 0.0, 0.0, 1.0, 0.0, 0.0, 1.0, 1.0, 0.0, 0.0, 0.0, 1.0, 0.0, 1.0, 0.0, 0.0, 1.0, 0.0, 0.0, 1.0, 0.0, 0.0, 0.0, 1.0, 0.0, 1.0, 0.0, 0.0, 0.0, 1.0, 0.0, 1.0, 0.0, 0.0, 0.0, 1.0, 0.0, 1.0, 0.0, 0.0, 0.0, 0.0, 1.0, 1.0, 0.0, 0.0, 0.0, 1.0, 0.0, 0.0, 1.0, 0.0, 0.0, 1.0, 0.0, 1.0, 0.0, 0.0, 0.0, 1.0, 0.0, 0.0, 0.0, 1.0, 1.0, 0.0, 0.0, 1.0, 0.0, 0.0, 0.0, 1.0, 0.0, 0.0, 0.0, 1.0, 0.0, 1.0, 0.0, 1.0, 0.0, 0.0, 0.0, 1.0, 0.0, 0.0, 0.0, 1.0, 0.0, 0.0, 1.0, 1.0, 0.0, 0.0, 0.0, 0.0, 1.0, 1.0, 0.0, 0.0, 1.0, 0.0, 0.0, 1.0, 0.0, 0.0, 0.0, 0.0, 1.0, 1.0, 0.0, 0.0, 0.0, 1.0, 0.0, 1.0, 0.0, 0.0, 0.0, 0.0, 1.0, 1.0, 0.0, 0.0, 0.0, 0.0, 1.0, 1.0, 0.0, 0.0, 0.0, 0.0, 1.0, 0.0, 1.0, 0.0, 0.0, 1.0, 0.0, 1.0, 0.0, 0.0, 0.0, 0.0, 1.0, 0.0, 1.0, 0.0, 0.0, 0.0, 1.0, 1.0, 0.0, 0.0, 0.0, 0.0, 1.0, 0.0, 0.0, 1.0, 1.0, 0.0, 0.0, 1.0, 0.0, 0.0, 0.0, 0.0, 1.0, 0.0, 0.0, 1.0, 0.0, 1.0, 0.0, 1.0, 0.0, 0.0, 0.0, 0.0, 1.0, 0.0, 0.0, 1.0, 0.0, 0.0, 1.0, 0.0, 1.0, 0.0, 1.0, 0.0, 0.0, 1.0, 0.0, 0.0, 1.0, 0.0, 0.0, 0.0, 1.0, 0.0, 1.0, 0.0, 0.0, 1.0, 0.0, 0.0, 0.0, 1.0, 0.0, 0.0, 1.0, 0.0, 1.0, 0.0, 0.0, 1.0, 0.0, 0.0, 0.0, 0.0, 1.0, 0.0, 1.0, 0.0, 1.0, 0.0, 0.0, 0.0, 1.0, 0.0, 1.0, 0.0, 0.0, 0.0, 1.0, 0.0, 1.0, 0.0, 0.0, 0.0, 1.0, 0.0, 0.0, 1.0, 0.0, 0.0, 1.0, 0.0, 0.0, 1.0, 0.0, 1.0, 0.0, 0.0, 1.0, 0.0, 0.0, 0.0, 1.0, 0.0, 0.0, 1.0, 0.0, 1.0, 0.0, 0.0, 0.0, 0.0, 1.0, 0.0, 1.0, 0.0, 0.0, 1.0, 0.0, 0.0, 1.0, 0.0, 1.0, 0.0, 0.0, 0.0, 1.0, 0.0, 0.0, 1.0, 0.0, 0.0, 1.0, 0.0, 0.0, 1.0, 0.0, 0.0, 1.0, 0.0, 0.0, 1.0, 0.0, 0.0, 0.0, 1.0, 0.0, 1.0, 0.0, 0.0, 1.0, 0.0, 0.0, 1.0, 0.0, 0.0, 0.0, 1.0, 0.0, 0.0, 1.0, 0.0, 1.0, 0.0, 0.0, 0.0, 1.0, 1.0, 0.0, 0.0, 1.0, 0.0, 0.0, 0.0, 1.0, 0.0, 0.0, 0.0, 1.0, 1.0, 0.0, 0.0, 0.0, 1.0, 0.0, 0.0, 1.0, 0.0, 0.0, 0.0, 1.0, 1.0, 0.0, 0.0, 0.0, 0.0, 1.0, 0.0, 1.0, 0.0, 0.0, 0.0, 1.0, 0.0, 1.0, 0.0, 1.0, 0.0, 0.0, 0.0, 1.0, 0.0, 0.0, 0.0, 1.0, 0.0, 1.0, 0.0, 0.0, 0.0, 1.0, 0.0, 1.0, 0.0, 0.0, 0.0, 1.0, 0.0, 0.0, 1.0, 1.0, 0.0, 0.0, 0.0, 1.0, 0.0, 0.0, 0.0, 1.0, 0.0, 0.0, 1.0, 0.0, 1.0, 0.0, 0.0, 0.0, 1.0, 1.0, 0.0, 0.0, 1.0, 0.0, 0.0, 1.0, 0.0, 0.0, 0.0, 0.0, 1.0, 1.0, 0.0, 0.0, 0.0, 1.0, 0.0, 0.0, 1.0, 0.0, 0.0, 0.0, 1.0, 1.0, 0.0, 0.0, 0.0, 1.0, 0.0, 0.0, 0.0, 1.0, 0.0, 0.0, 1.0, 1.0, 0.0, 0.0, 0.0, 0.0, 1.0, 1.0, 0.0, 0.0, 0.0, 0.0, 1.0, 1.0, 0.0, 0.0, 0.0, 0.0, 1.0, 0.0, 1.0, 0.0, 0.0, 0.0, 1.0, 1.0, 0.0, 0.0, 0.0, 0.0, 1.0, 0.0, 0.0, 1.0, 0.0, 0.0, 1.0, 0.0, 1.0, 0.0, 1.0, 0.0, 0.0, 1.0, 0.0, 0.0, 0.0, 0.0, 1.0, 0.0, 1.0, 0.0, 1.0, 0.0, 0.0, 0.0, 0.0, 1.0, 0.0, 0.0, 1.0, 0.0, 1.0, 0.0, 0.0, 1.0, 0.0, 1.0, 0.0, 0.0, 0.0, 0.0, 1.0, 0.0, 1.0, 0.0, 0.0, 1.0, 0.0, 0.0, 0.0, 1.0, 0.0, 0.0, 1.0, 0.0, 1.0, 0.0, 0.0, 0.0, 1.0, 1.0, 0.0, 0.0, 0.0, 0.0, 1.0, 0.0, 1.0, 0.0, 0.0, 0.0, 1.0, 0.0, 1.0, 0.0, 0.0, 0.0, 1.0, 0.0, 1.0, 0.0, 0.0, 0.0, 1.0, 0.0, 0.0, 1.0, 0.0, 0.0, 1.0, 0.0, 0.0, 1.0, 1.0, 0.0, 0.0, 1.0, 0.0, 0.0, 0.0, 0.0, 1.0, 0.0, 0.0, 1.0, 1.0, 0.0, 0.0, 0.0, 1.0, 0.0, 0.0, 0.0, 1.0, 0.0, 0.0, 1.0, 1.0, 0.0, 0.0, 0.0, 0.0, 1.0, 0.0, 0.0, 1.0, 0.0, 0.0, 1.0, 0.0, 1.0, 0.0, 1.0, 0.0, 0.0, 0.0, 0.0, 1.0, 0.0, 0.0, 1.0, 0.0, 1.0, 0.0, 0.0, 1.0, 0.0, 0.0, 0.0, 1.0, 0.0, 0.0, 1.0, 0.0, 1.0, 0.0, 0.0, 0.0, 1.0, 0.0, 0.0, 1.0, 0.0, 0.0, 1.0, 0.0, 0.0, 1.0, 0.0, 1.0, 0.0, 0.0, 0.0, 1.0, 0.0, 0.0, 1.0, 0.0, 0.0, 1.0, 0.0, 0.0, 1.0]]

[2024-10-14T10:39:25.925284][INFO][seed51] Sampled 1000 data instances
[2024-10-14T10:39:25.925832][INFO][seed51] Starting exact inference 
