0
['genn.py', '2', '0.4', '0.5', '3', '3']
['genn.py', '2', '0.4', '0.5', '8', '3']
2 0.4 0.5 3
/mnt/beegfs/rcabanas/dev/credici/papers/zeros/code/GenerateNparents.java
2 0.4 0.5 8
/mnt/beegfs/rcabanas/dev/credici/papers/zeros/code/GenerateNparents.java
['genn.py', '2', '0.4', '0.5', '23', '3']
['genn.py', '2', '0.4', '0.5', '1', '3']
['genn.py', '2', '0.4', '0.5', '11', '3']
2 0.4 0.5 23
/mnt/beegfs/rcabanas/dev/credici/papers/zeros/code/GenerateNparents.java
2 0.4 0.5 1
/mnt/beegfs/rcabanas/dev/credici/papers/zeros/code/GenerateNparents.java
['genn.py', '2', '0.4', '0.5', '31', '3']
2 0.4 0.5 11
/mnt/beegfs/rcabanas/dev/credici/papers/zeros/code/GenerateNparents.java
['genn.py', '2', '0.4', '0.5', '10', '3']
['genn.py', '2', '0.4', '0.5', '12', '3']
2 0.4 0.5 31
/mnt/beegfs/rcabanas/dev/credici/papers/zeros/code/GenerateNparents.java
2 0.4 0.5 10
/mnt/beegfs/rcabanas/dev/credici/papers/zeros/code/GenerateNparents.java
['genn.py', '2', '0.4', '0.5', '21', '3']
2 0.4 0.5 12
/mnt/beegfs/rcabanas/dev/credici/papers/zeros/code/GenerateNparents.java
['genn.py', '2', '0.4', '0.5', '9', '3']
2 0.4 0.5 21
/mnt/beegfs/rcabanas/dev/credici/papers/zeros/code/GenerateNparents.java
['genn.py', '2', '0.4', '0.5', '25', '3']
['genn.py', '2', '0.4', '0.5', '28', '3']
['genn.py', '2', '0.4', '0.5', '7', '3']
2 0.4 0.5 9
/mnt/beegfs/rcabanas/dev/credici/papers/zeros/code/GenerateNparents.java
['genn.py', '2', '0.4', '0.5', '4', '3']
2 0.4 0.5 25
/mnt/beegfs/rcabanas/dev/credici/papers/zeros/code/GenerateNparents.java
2 0.4 0.5 28
/mnt/beegfs/rcabanas/dev/credici/papers/zeros/code/GenerateNparents.java
['genn.py', '2', '0.4', '0.5', '0', '3']
2 0.4 0.5 7
/mnt/beegfs/rcabanas/dev/credici/papers/zeros/code/GenerateNparents.java
2 0.4 0.5 4
/mnt/beegfs/rcabanas/dev/credici/papers/zeros/code/GenerateNparents.java
2 0.4 0.5 0
/mnt/beegfs/rcabanas/dev/credici/papers/zeros/code/GenerateNparents.java
['genn.py', '2', '0.4', '0.5', '40', '3']
['genn.py', '2', '0.4', '0.5', '19', '3']
['genn.py', '2', '0.4', '0.5', '6', '3']
2 0.4 0.5 40
/mnt/beegfs/rcabanas/dev/credici/papers/zeros/code/GenerateNparents.java
2 0.4 0.5 19
/mnt/beegfs/rcabanas/dev/credici/papers/zeros/code/GenerateNparents.java
['genn.py', '2', '0.4', '0.5', '24', '3']
2 0.4 0.5 6
/mnt/beegfs/rcabanas/dev/credici/papers/zeros/code/GenerateNparents.java
['genn.py', '2', '0.4', '0.5', '32', '3']
2 0.4 0.5 24
/mnt/beegfs/rcabanas/dev/credici/papers/zeros/code/GenerateNparents.java
['genn.py', '2', '0.4', '0.5', '27', '3']
['genn.py', '2', '0.4', '0.5', '17', '3']
2 0.4 0.5 32
/mnt/beegfs/rcabanas/dev/credici/papers/zeros/code/GenerateNparents.java
['genn.py', '2', '0.4', '0.5', '2', '3']
['genn.py', '2', '0.4', '0.5', '20', '3']
2 0.4 0.5 27
/mnt/beegfs/rcabanas/dev/credici/papers/zeros/code/GenerateNparents.java
2 0.4 0.5 17
/mnt/beegfs/rcabanas/dev/credici/papers/zeros/code/GenerateNparents.java
2 0.4 0.5 2
/mnt/beegfs/rcabanas/dev/credici/papers/zeros/code/GenerateNparents.java
['genn.py', '2', '0.4', '0.5', '26', '3']
['genn.py', '2', '0.4', '0.5', '58', '3']
2 0.4 0.5 20
/mnt/beegfs/rcabanas/dev/credici/papers/zeros/code/GenerateNparents.java
2 0.4 0.5 26
/mnt/beegfs/rcabanas/dev/credici/papers/zeros/code/GenerateNparents.java
['genn.py', '2', '0.4', '0.5', '18', '3']
2 0.4 0.5 58
['genn.py', '2', '0.4', '0.5', '54', '3']
/mnt/beegfs/rcabanas/dev/credici/papers/zeros/code/GenerateNparents.java
['genn.py', '2', '0.4', '0.5', '48', '3']
['genn.py', '2', '0.4', '0.5', '43', '3']
['genn.py', '2', '0.4', '0.5', '37', '3']
2 0.4 0.5 18
/mnt/beegfs/rcabanas/dev/credici/papers/zeros/code/GenerateNparents.java
2 0.4 0.5 54
/mnt/beegfs/rcabanas/dev/credici/papers/zeros/code/GenerateNparents.java
2 0.4 0.5 48
2 0.4 0.5 43
/mnt/beegfs/rcabanas/dev/credici/papers/zeros/code/GenerateNparents.java
/mnt/beegfs/rcabanas/dev/credici/papers/zeros/code/GenerateNparents.java
2 0.4 0.5 37
/mnt/beegfs/rcabanas/dev/credici/papers/zeros/code/GenerateNparents.java
['genn.py', '2', '0.4', '0.5', '41', '3']
['genn.py', '2', '0.4', '0.5', '5', '3']
['genn.py', '2', '0.4', '0.5', '46', '3']
['genn.py', '2', '0.4', '0.5', '30', '3']
2 0.4 0.5 41
/mnt/beegfs/rcabanas/dev/credici/papers/zeros/code/GenerateNparents.java
2 0.4 0.5 5
/mnt/beegfs/rcabanas/dev/credici/papers/zeros/code/GenerateNparents.java
2 0.4 0.5 46
/mnt/beegfs/rcabanas/dev/credici/papers/zeros/code/GenerateNparents.java
2 0.4 0.5 30
/mnt/beegfs/rcabanas/dev/credici/papers/zeros/code/GenerateNparents.java
['genn.py', '2', '0.4', '0.5', '50', '3']
['genn.py', '2', '0.4', '0.5', '29', '3']
['genn.py', '2', '0.4', '0.5', '47', '3']
['genn.py', '2', '0.4', '0.5', '16', '3']
2 0.4 0.5 50
/mnt/beegfs/rcabanas/dev/credici/papers/zeros/code/GenerateNparents.java
2 0.4 0.5 29
/mnt/beegfs/rcabanas/dev/credici/papers/zeros/code/GenerateNparents.java
2 0.4 0.5 47
/mnt/beegfs/rcabanas/dev/credici/papers/zeros/code/GenerateNparents.java
2 0.4 0.5 16
/mnt/beegfs/rcabanas/dev/credici/papers/zeros/code/GenerateNparents.java
['genn.py', '2', '0.4', '0.5', '39', '3']
['genn.py', '2', '0.4', '0.5', '13', '3']
['genn.py', '2', '0.4', '0.5', '45', '3']
2 0.4 0.5 39
/mnt/beegfs/rcabanas/dev/credici/papers/zeros/code/GenerateNparents.java
2 0.4 0.5 13
/mnt/beegfs/rcabanas/dev/credici/papers/zeros/code/GenerateNparents.java
2 0.4 0.5 45
/mnt/beegfs/rcabanas/dev/credici/papers/zeros/code/GenerateNparents.java
['genn.py', '2', '0.4', '0.5', '76', '3']
['genn.py', '2', '0.4', '0.5', '15', '3']
2 0.4 0.5 76
/mnt/beegfs/rcabanas/dev/credici/papers/zeros/code/GenerateNparents.java
['genn.py', '2', '0.4', '0.5', '42', '3']
['genn.py', '2', '0.4', '0.5', '36', '3']
['genn.py', '2', '0.4', '0.5', '34', '3']
['genn.py', '2', '0.4', '0.5', '52', '3']
2 0.4 0.5 15
/mnt/beegfs/rcabanas/dev/credici/papers/zeros/code/GenerateNparents.java
2 0.4 0.5 42
/mnt/beegfs/rcabanas/dev/credici/papers/zeros/code/GenerateNparents.java
2 0.4 0.5 36
/mnt/beegfs/rcabanas/dev/credici/papers/zeros/code/GenerateNparents.java
2 0.4 0.5 34
/mnt/beegfs/rcabanas/dev/credici/papers/zeros/code/GenerateNparents.java
['genn.py', '2', '0.4', '0.5', '14', '3']
2 0.4 0.5 52
/mnt/beegfs/rcabanas/dev/credici/papers/zeros/code/GenerateNparents.java
2 0.4 0.5 14
/mnt/beegfs/rcabanas/dev/credici/papers/zeros/code/GenerateNparents.java
['genn.py', '2', '0.4', '0.5', '22', '3']
['genn.py', '2', '0.4', '0.5', '38', '3']
['genn.py', '2', '0.4', '0.5', '33', '3']
['genn.py', '2', '0.4', '0.5', '61', '3']
2 0.4 0.5 22
/mnt/beegfs/rcabanas/dev/credici/papers/zeros/code/GenerateNparents.java
2 0.4 0.5 38
/mnt/beegfs/rcabanas/dev/credici/papers/zeros/code/GenerateNparents.java
2 0.4 0.5 33
/mnt/beegfs/rcabanas/dev/credici/papers/zeros/code/GenerateNparents.java
2 0.4 0.5 61
/mnt/beegfs/rcabanas/dev/credici/papers/zeros/code/GenerateNparents.java
[2024-10-14T10:34:20.792839][INFO][seed3] Set up logging
[2024-10-14T10:34:20.814209][INFO][seed3] args: -np;2;-nzr;0.4;-zdr;0.5;-o;/mnt/beegfs/rcabanas/dev/credici/papers/zeros/models/s3;-rw;-s;3;-ys;3
[2024-10-14T10:34:20.815421][INFO][seed3] Starting logger with seed 3
[2024-10-14T10:34:20.820815][INFO][seed3] simple_nparents2_nzr04_zdr05_ysize3_3
[2024-10-14T10:34:20.809006][INFO][seed8] Set up logging
[2024-10-14T10:34:20.831664][INFO][seed8] args: -np;2;-nzr;0.4;-zdr;0.5;-o;/mnt/beegfs/rcabanas/dev/credici/papers/zeros/models/s3;-rw;-s;8;-ys;3
[2024-10-14T10:34:20.835214][INFO][seed8] Starting logger with seed 8
[2024-10-14T10:34:20.847262][INFO][seed8] simple_nparents2_nzr04_zdr05_ysize3_8
[2024-10-14T10:34:20.869317][INFO][seed1] Set up logging
[2024-10-14T10:34:20.891110][INFO][seed1] args: -np;2;-nzr;0.4;-zdr;0.5;-o;/mnt/beegfs/rcabanas/dev/credici/papers/zeros/models/s3;-rw;-s;1;-ys;3
[2024-10-14T10:34:20.894003][INFO][seed1] Starting logger with seed 1
[2024-10-14T10:34:20.906031][INFO][seed1] simple_nparents2_nzr04_zdr05_ysize3_1
[2024-10-14T10:34:21.005360][INFO][seed3] U cardinality: 81
[2024-10-14T10:34:21.012724][INFO][seed3] !0 = [0, 7, 8, 9, 10, 16, 17, 19, 24, 25, 32, 33, 34, 35, 38, 43, 44, 49, 50, 52, 53, 56, 57, 59, 63, 66, 69, 72, 74, 75, 78, 79]
[2024-10-14T10:34:21.013278][INFO][seed3] 0 = [1, 2, 3, 4, 5, 6, 11, 12, 13, 14, 15, 18, 20, 21, 22, 23, 26, 27, 28, 29, 30, 31, 36, 37, 39, 40, 41, 42, 45, 46, 47, 48, 51, 54, 55, 58, 60, 61, 62, 64, 65, 67, 68, 70, 71, 73, 76, 77, 80]
[2024-10-14T10:34:21.019259][INFO][seed8] U cardinality: 81
[2024-10-14T10:34:21.020030][INFO][seed3] Dropping state 77
[2024-10-14T10:34:21.021298][INFO][seed3] Dropping state 73
[2024-10-14T10:34:21.025019][INFO][seed8] !0 = [3, 4, 5, 6, 12, 13, 15, 18, 19, 20, 21, 23, 28, 32, 34, 35, 36, 37, 38, 40, 41, 44, 47, 53, 55, 59, 62, 63, 65, 69, 71, 72]
[2024-10-14T10:34:21.025545][INFO][seed8] 0 = [0, 1, 2, 7, 8, 9, 10, 11, 14, 16, 17, 22, 24, 25, 26, 27, 29, 30, 31, 33, 39, 42, 43, 45, 46, 48, 49, 50, 51, 52, 54, 56, 57, 58, 60, 61, 64, 66, 67, 68, 70, 73, 74, 75, 76, 77, 78, 79, 80]
[2024-10-14T10:34:21.025724][INFO][seed3] Dropping state 71
[2024-10-14T10:34:21.027967][INFO][seed3] Dropping state 67
[2024-10-14T10:34:21.031591][INFO][seed8] Dropping state 80
[2024-10-14T10:34:21.031981][INFO][seed3] Dropping state 65
[2024-10-14T10:34:21.032496][INFO][seed8] Dropping state 79
[2024-10-14T10:34:21.033879][INFO][seed8] Dropping state 77
[2024-10-14T10:34:21.036131][INFO][seed8] Dropping state 75
[2024-10-14T10:34:21.040242][INFO][seed8] Dropping state 74
[2024-10-14T10:34:21.042932][INFO][seed3] Dropping state 64
[2024-10-14T10:34:21.043877][INFO][seed3] Dropping state 61
[2024-10-14T10:34:21.047497][INFO][seed3] Dropping state 55
[2024-10-14T10:34:21.048154][INFO][seed8] Dropping state 73
[2024-10-14T10:34:21.048734][INFO][seed3] Dropping state 51
[2024-10-14T10:34:21.050017][INFO][seed3] Dropping state 46
[2024-10-14T10:34:21.051489][INFO][seed3] Dropping state 45
[2024-10-14T10:34:21.051284][INFO][seed8] Dropping state 70
[2024-10-14T10:34:21.053138][INFO][seed8] Dropping state 67
[2024-10-14T10:34:21.056273][INFO][seed8] Dropping state 61
[2024-10-14T10:34:21.057354][INFO][seed8] Dropping state 60
[2024-10-14T10:34:21.058151][INFO][seed8] Dropping state 56
[2024-10-14T10:34:21.058007][INFO][seed3] Dropping state 42
[2024-10-14T10:34:21.058995][INFO][seed3] Dropping state 41
[2024-10-14T10:34:21.060674][INFO][seed3] Dropping state 36
[2024-10-14T10:34:21.061140][INFO][seed8] Dropping state 54
[2024-10-14T10:34:21.062133][INFO][seed8] Dropping state 50
[2024-10-14T10:34:21.062221][INFO][seed3] Dropping state 31
[2024-10-14T10:34:21.062783][INFO][seed3] Dropping state 30
[2024-10-14T10:34:21.064324][INFO][seed8] Dropping state 49
[2024-10-14T10:34:21.065711][INFO][seed8] Dropping state 48
[2024-10-14T10:34:21.066267][INFO][seed8] Dropping state 46
[2024-10-14T10:34:21.065996][INFO][seed3] Dropping state 28
[2024-10-14T10:34:21.068843][INFO][seed8] Dropping state 45
[2024-10-14T10:34:21.069357][INFO][seed3] Dropping state 23
[2024-10-14T10:34:21.069866][INFO][seed8] Dropping state 42
[2024-10-14T10:34:21.072036][INFO][seed8] Dropping state 39
[2024-10-14T10:34:21.071508][INFO][seed3] Dropping state 20
[2024-10-14T10:34:21.072889][INFO][seed3] Dropping state 18
[2024-10-14T10:34:21.073408][INFO][seed8] Dropping state 31
[2024-10-14T10:34:21.073907][INFO][seed3] Dropping state 14
[2024-10-14T10:34:21.074421][INFO][seed8] Dropping state 30
[2024-10-14T10:34:21.075103][INFO][seed8] Dropping state 27
[2024-10-14T10:34:21.075159][INFO][seed3] Dropping state 13
[2024-10-14T10:34:21.076906][INFO][seed3] Dropping state 12
[2024-10-14T10:34:21.077834][INFO][seed1] U cardinality: 81
[2024-10-14T10:34:21.078227][INFO][seed3] Dropping state 6
[2024-10-14T10:34:21.078878][INFO][seed8] Dropping state 25
[2024-10-14T10:34:21.079362][INFO][seed3] Dropping state 5
[2024-10-14T10:34:21.080974][INFO][seed3] Dropping state 4
[2024-10-14T10:34:21.082120][INFO][seed8] Dropping state 24
[2024-10-14T10:34:21.082976][INFO][seed1] !0 = [3, 4, 5, 10, 14, 16, 17, 19, 22, 25, 29, 30, 32, 34, 39, 42, 43, 45, 49, 50, 51, 52, 61, 64, 66, 68, 69, 71, 73, 74, 75, 80]
[2024-10-14T10:34:21.083232][INFO][seed8] Dropping state 17
[2024-10-14T10:34:21.083493][INFO][seed1] 0 = [0, 1, 2, 6, 7, 8, 9, 11, 12, 13, 15, 18, 20, 21, 23, 24, 26, 27, 28, 31, 33, 35, 36, 37, 38, 40, 41, 44, 46, 47, 48, 53, 54, 55, 56, 57, 58, 59, 60, 62, 63, 65, 67, 70, 72, 76, 77, 78, 79]
[2024-10-14T10:34:21.083522][INFO][seed3] Dropping state 1
[2024-10-14T10:34:21.084845][INFO][seed8] Dropping state 14
[2024-10-14T10:34:21.086402][INFO][seed3] U cardinality: 54
[2024-10-14T10:34:21.087092][INFO][seed8] Dropping state 9
[2024-10-14T10:34:21.088555][INFO][seed8] Dropping state 8
[2024-10-14T10:34:21.089029][INFO][seed8] Dropping state 7
[2024-10-14T10:34:21.088890][INFO][seed1] Dropping state 79
[2024-10-14T10:34:21.089462][INFO][seed8] Dropping state 2
[2024-10-14T10:34:21.089813][INFO][seed1] Dropping state 65
[2024-10-14T10:34:21.090618][INFO][seed8] Dropping state 1
[2024-10-14T10:34:21.091951][INFO][seed1] Dropping state 60
[2024-10-14T10:34:21.093544][INFO][seed8] U cardinality: 50
[2024-10-14T10:34:21.094399][INFO][seed1] Dropping state 58
[2024-10-14T10:34:21.099146][INFO][seed1] Dropping state 54
[2024-10-14T10:34:21.104239][INFO][seed8] 
[P([5]) [0.832, 0.168], P([4]) [0.418, 0.582], P([3]) [0.0, 0.001, 0.001, 0.001, 0.001, 0.0, 0.0, 0.001, 0.001, 0.001, 0.0, 0.001, 0.001, 0.01, 0.001, 0.0, 0.001, 0.0, 0.001, 0.0, 0.001, 0.0, 0.001, 0.001, 0.001, 0.001, 0.001, 0.001, 0.001, 0.0, 0.293, 0.001, 0.0, 0.0, 0.001, 0.001, 0.0, 0.0, 0.001, 0.001, 0.001, 0.0, 0.001, 0.0, 0.0, 0.001, 0.001, 0.668, 0.0, 0.0], P([2, 5]) [1.0, 0.0, 0.0, 1.0], P([1, 4]) [1.0, 0.0, 0.0, 1.0], P([0, 1, 2, 3]) [1.0, 0.0, 0.0, 1.0, 0.0, 0.0, 1.0, 0.0, 0.0, 1.0, 0.0, 0.0, 1.0, 0.0, 0.0, 1.0, 0.0, 0.0, 0.0, 1.0, 0.0, 1.0, 0.0, 0.0, 1.0, 0.0, 0.0, 1.0, 0.0, 0.0, 0.0, 1.0, 0.0, 0.0, 1.0, 0.0, 1.0, 0.0, 0.0, 1.0, 0.0, 0.0, 0.0, 1.0, 0.0, 0.0, 0.0, 1.0, 1.0, 0.0, 0.0, 1.0, 0.0, 0.0, 0.0, 0.0, 1.0, 1.0, 0.0, 0.0, 1.0, 0.0, 0.0, 0.0, 1.0, 0.0, 1.0, 0.0, 0.0, 0.0, 1.0, 0.0, 1.0, 0.0, 0.0, 0.0, 1.0, 0.0, 1.0, 0.0, 0.0, 0.0, 0.0, 1.0, 1.0, 0.0, 0.0, 0.0, 1.0, 0.0, 0.0, 1.0, 0.0, 1.0, 0.0, 0.0, 1.0, 0.0, 0.0, 0.0, 1.0, 0.0, 0.0, 1.0, 0.0, 0.0, 1.0, 0.0, 1.0, 0.0, 0.0, 0.0, 1.0, 0.0, 0.0, 0.0, 1.0, 1.0, 0.0, 0.0, 1.0, 0.0, 0.0, 0.0, 1.0, 0.0, 0.0, 0.0, 1.0, 0.0, 1.0, 0.0, 1.0, 0.0, 0.0, 0.0, 0.0, 1.0, 1.0, 0.0, 0.0, 1.0, 0.0, 0.0, 1.0, 0.0, 0.0, 0.0, 0.0, 1.0, 1.0, 0.0, 0.0, 0.0, 1.0, 0.0, 1.0, 0.0, 0.0, 0.0, 0.0, 1.0, 1.0, 0.0, 0.0, 0.0, 0.0, 1.0, 1.0, 0.0, 0.0, 0.0, 0.0, 1.0, 0.0, 1.0, 0.0, 1.0, 0.0, 0.0, 1.0, 0.0, 0.0, 0.0, 0.0, 1.0, 0.0, 1.0, 0.0, 0.0, 1.0, 0.0, 1.0, 0.0, 0.0, 0.0, 0.0, 1.0, 0.0, 1.0, 0.0, 0.0, 0.0, 1.0, 1.0, 0.0, 0.0, 0.0, 0.0, 1.0, 0.0, 0.0, 1.0, 0.0, 0.0, 1.0, 0.0, 1.0, 0.0, 1.0, 0.0, 0.0, 1.0, 0.0, 0.0, 0.0, 1.0, 0.0, 0.0, 1.0, 0.0, 1.0, 0.0, 0.0, 1.0, 0.0, 0.0, 0.0, 0.0, 1.0, 0.0, 1.0, 0.0, 1.0, 0.0, 0.0, 0.0, 1.0, 0.0, 0.0, 0.0, 1.0, 0.0, 1.0, 0.0, 1.0, 0.0, 0.0, 0.0, 0.0, 1.0, 1.0, 0.0, 0.0, 0.0, 1.0, 0.0, 1.0, 0.0, 0.0, 0.0, 0.0, 1.0, 0.0, 1.0, 0.0, 0.0, 1.0, 0.0, 1.0, 0.0, 0.0, 0.0, 0.0, 1.0, 0.0, 0.0, 1.0, 0.0, 1.0, 0.0, 0.0, 1.0, 0.0, 1.0, 0.0, 0.0, 1.0, 0.0, 0.0, 0.0, 1.0, 0.0, 0.0, 1.0, 0.0, 1.0, 0.0, 0.0, 0.0, 1.0, 0.0, 0.0, 1.0, 0.0, 0.0, 1.0, 0.0, 1.0, 0.0[2024-10-14T10:34:21.104727][INFO][seed3] 
, 0.0, 0.0, 0.0, 1.0, 0.0, 1.0, 0.0, 0.0, 1.0, 0.0, 0.0, 1.0, 0.0, 0.0, 1.0, 0.0, 0.0, 1.0, 0.0, 0.0, 1.0, 0.0, 0.0, 1.0, 0.0, 0.0, 0.0, 1.0, 0.0, 1.0, 0.0, 0.0, 1.0, 0.0, 0.0, 0.0, 1.0, 0.0, 1.0, 0.0, 0.0, 1.0, 0.0, 0.0, 1.0, 0.0, 0.0, 0.0, 1.0, 0.0, 0.0, 1.0, 0.0, 1.0, 0.0, 0.0, 0.0, 1.0, 1.0, 0.0, 0.0, 0.0, 0.0, 1.0, 0.0, 1.0, 0.0, 0.0, 0.0, 1.0, 0.0, 0.0, 1.0, 1.0, 0.0, 0.0, 0.0, 1.0, 0.0, 0.0, 0.0, 1.0, 0.0, 0.0, 1.0, 0.0, 1.0, 0.0, 0.0, 1.0, 0.0, 0.0, 0.0, 1.0, 0.0, 0.0, 1.0, 0.0, 0.0, 1.0, 0.0, 0.0, 1.0, 1.0, 0.0, 0.0, 1.0, 0.0, 0.0, 0.0, 1.0, 0.0, 0.0, 0.0, 1.0, 1.0, 0.0, 0.0, 0.0, 1.0, 0.0, 1.0, 0.0, 0.0, 0.0, 0.0, 1.0, 1.0, 0.0, 0.0, 0.0, 1.0, 0.0, 0.0, 1.0, 0.0, 0.0, 0.0, 1.0, 1.0, 0.0, 0.0, 0.0, 1.0, 0.0, 0.0, 0.0, 1.0, 0.0, 0.0, 1.0, 1.0, 0.0, 0.0, 0.0, 0.0, 1.0, 0.0, 0.0, 1.0, 0.0, 0.0, 1.0, 0.0, 1.0, 0.0, 1.0, 0.0, 0.0, 1.0, 0.0, 0.0, 0.0, 0.0, 1.0, 0.0, 1.0, 0.0, 1.0, 0.0, 0.0, 0.0, 1.0, 0.0, 0.0, 0.0, 1.0, 0.0, 1.0, 0.0, 1.0, 0.0, 0.0, 0.0, 0.0, 1.0, 0.0, 0.0, 1.0, 0.0, 1.0, 0.0, 0.0, 1.0, 0.0, 1.0, 0.0, 0.0, 0.0, 0.0, 1.0, 0.0, 1.0, 0.0, 0.0, 1.0, 0.0, 0.0, 0.0, 1.0, 0.0, 0.0, 1.0, 0.0, 1.0, 0.0, 0.0, 0.0, 1.0, 1.0, 0.0, 0.0, 0.0, 0.0, 1.0, 0.0, 1.0, 0.0, 0.0, 0.0, 1.0, 0.0, 0.0, 1.0, 0.0, 0.0, 1.0, 0.0, 0.0, 1.0, 1.0, 0.0, 0.0, 1.0, 0.0, 0.0, 0.0, 0.0, 1.0, 0.0, 0.0, 1.0, 0.0, 1.0, 0.0, 0.0, 1.0, 0.0, 0.0, 0.0, 1.0, 0.0, 0.0, 1.0, 0.0, 0.0, 1.0, 1.0, 0.0, 0.0]]

[P([5]) [0.26, 0.74], P([4]) [0.731, 0.269], P([3]) [0.001, 0.0, 0.0, 0.001, 0.001, 0.001, 0.001, 0.0, 0.0, 0.001, 0.001, 0.001, 0.0, 0.0, 0.001, 0.001, 0.0, 0.0, 0.0, 0.001, 0.001, 0.001, 0.001, 0.0, 0.001, 0.0, 0.0, 0.001, 0.001, 0.0, 0.0, 0.001, 0.001, 0.001, 0.001, 0.0, 0.001, 0.001, 0.0, 0.001, 0.0, 0.0, 0.001, 0.001, 0.0, 0.001, 0.0, 0.001, 0.001, 0.001, 0.0, 0.001, 0.969, 0.0], P([2, 5]) [1.0, 0.0, 0.0, 1.0], P([1, 4]) [1.0, 0.0, 0.0, 1.0], P([0, 1, 2, 3]) [1.0, 0.0, 0.0, 1.0, 0.0, 0.0, 1.0, 0.0, 0.0, 1.0, 0.0, 0.0, 1.0, 0.0, 0.0, 1.0, 0.0, 0.0, 1.0, 0.0, 0.0, 0.0, 0.0, 1.0, 1.0, 0.0, 0.0, 1.0, 0.0, 0.0, 0.0, 1.0, 0.0, 1.0, 0.0, 0.0, 1.0, 0.0, 0.0, 1.0, 0.0, 0.0, 0.0, 0.0, 1.0, 0.0, 1.0, 0.0, 1.0, 0.0, 0.0, 1.0, 0.0, 0.0, 0.0, 0.0, 1.0, 0.0, 0.0, 1.0, 1.0, 0.0, 0.0, 0.0, 1.0, 0.0, 1.0, 0.0, 0.0, 1.0, 0.0, 0.0, 1.0, 0.0, 0.0, 0.0, 1.0, 0.0, 1.0, 0.0, 0.0, 0.0, 1.0, 0.0, 1.0, 0.0, 0.0, 0.0, 1.0, 0.0, 1.0, 0.0, 0.0, 0.0, 0.0, 1.0, 1.0, 0.0, 0.0, 0.0, 1.0, 0.0, 0.0, 0.0, 1.0, 1.0, 0.0, 0.0, 1.0, 0.0, 0.0, 0.0, 1.0, 0.0, 0.0, 0.0, 1.0, 0.0, 1.0, 0.0, 1.0, 0.0, 0.0, 0.0, 1.0, 0.0, 0.0, 0.0, 1.0, 0.0, 0.0, 1.0, 1.0, 0.0, 0.0, 0.0, 0.0, 1.0, 1.0, 0.0, 0.0, 0.0, 1.0, 0.0, 1.0, 0.0, 0.0, 0.0, 0.0, 1.0, 0.0, 1.0, 0.0, 1.0, 0.0, 0.0, 1.0, 0.0, 0.0, 0.0, 0.0, 1.0, 0.0, 1.0, 0.0, 0.0, 1.0, 0.0, 1.0, 0.0, 0.0, 0.0, 0.0, 1.0, 0.0, 0.0, 1.0, 1.0, 0.0, 0.0, 1.0, 0.0, 0.0, 0.0, 0.0, 1.0, 0.0, 0.0, 1.0, 0.0, 1.0, 0.0, 1.0, 0.0, 0.0, 0.0, 0.0, 1.0, 0.0, 0.0, 1.0, 0.0, 0.0, 1.0, 0.0, 1.0, 0.0, 1.0, 0.0, 0.0, 1.0, 0.0, 0.0, 1.0, 0.0, 0.0, 0.0, 1.0, 0.0, 1.0, 0.0, 0.0, 1.0, 0.0, 0.0, 0.0, 0.0, 1.0, 0.0, 1.0, 0.0, 1.0, 0.0, 0.0, 0.0, 1.0, 0.0, 0.0, 0.0, 1.0, 0.0, 1.0, 0.0, 1.0, 0.0, 0.0, 0.0, 0.0, 1.0, 1.0, 0.0, 0.0, 0.0, 1.0, 0.0, 1.0, 0.0, 0.0, 0.0, 0.0, 1.0, 0.0, 1.0, 0.0, 0.0, 1.0, 0.0, 1.0, 0.0, 0.0, 0.0, 0.0, 1.0, 0.0, 0.0, 1.0, 0.0, 1.0, 0.0, 0.0, 1.0, 0.0, 1.0, 0.0, 0.0, 0.0, 1.0, 0.0, 0.0, 1.0, 0.0, 0.0, 1.0, 0.0, 1.0, 0.0, 0.0, 0.0, 0.0, 1.0, 0.0, 1.0, 0.0, 0.0, 1.0, 0.0, 0.0, 1.0, 0.0, 1.0, 0.0, 0.0, 0.0, 1.0, 0.0, 0.0, 1.0, 0.0, 0.0, 1.0, 0.0, 0.0, 1.0, 0.0, 0.0, 1.0, 0.0, 0.0, 1.0, 0.0, 0.0, 0.0, 1.0, 0.0, 1.0, 0.0, 0.0, 1.0, 0.0, 0.0, 1.0, 0.0, 0.0, 0.0, 1.0, 0.0, 0.0, 1.0, 0.0, 1.0, 0.0, 0.0, 0.0, 1.0, 1.0, 0.0, 0.0, 0.0, 0.0, 1.0, 0.0, 1.0, 0.0, 0.0, 0.0, 1.0, 0.0, 1.0, 0.0, 1.0, 0.0, 0.0, 0.0, 1.0, 0.0, 0.0, 0.0, 1.0, 0.0, 1.0, 0.0, 0.0, 1.0, 0.0, 0.0, 1.0, 0.0, 0.0, 0.0, 1.0, 0.0, 1.0, 0.0, 0.0, 0.0, 1.0, 0.0, 1.0, 0.0, 0.0, 0.0, 1.0, 0.0, 0.0, 1.0, 0.0, 1.0, 0.0, 0.0, 1.0, 0.0, 0.0, 0.0, 1.0, 0.0, 0.0, 1.0, 0.0, 0.0, 1.0, 0.0, 0.0, 1.0, 1.0, 0.0, 0.0, 1.0, 0.0, 0.0, 1.0, 0.0, 0.0, 0.0, 0.0, 1.0, 1.0, 0.0, 0.0, 1.0, 0.0, 0.0, 0.0, 0.0, 1.0, 0.0, 0.0, 1.0, 1.0, 0.0, 0.0, 0.0, 1.0, 0.0, 1.0, 0.0, 0.0, 0.0, 0.0, 1.0, 1.0, 0.0, 0.0, 0.0, 1.0, 0.0, 0.0, 1.0, 0.0, 0.0, 0.0, 1.0, 1.0, 0.0, 0.0, 0.0, 1.0, 0.0, 0.0, 0.0, 1.0, 0.0, 0.0, 1.0, 1.0, 0.0, 0.0, 0.0, 0.0, 1.0, 1.0, 0.0, 0.0, 0.0, 0.0, 1.0, 1.0, 0.0, 0.0, 0.0, 0.0, 1.0, 0.0, 0.0, 1.0, 0.0, 0.0, 1.0, 0.0, 1.0, 0.0, 1.0, 0.0, 0.0, 1.0, 0.0, 0.0, 0.0, 0.0, 1.0, 0.0, 1.0, 0.0, 0.0, 1.0, 0.0, 1.0, 0.0, 0.0, 0.0, 0.0, 1.0, 0.0, 1.0, 0.0, 0.0, 1.0, 0.0, 0.0, 0.0, 1.0, 0.0, 0.0, 1.0, 0.0, 1.0, 0.0, 0.0, 0.0, 1.0, 1.0, 0.0, 0.0, 0.0, 0.0, 1.0, 0.0, 1.0, 0.0, 0.0, 0.0, 1.0, 0.0, 1.0, 0.0, 0.0, 0.0, 1.0, 0.0, 0.0, 1.0, 1.0, 0.0, 0.0, 1.0, 0.0, 0.0, 0.0, 0.0, 1.0, 0.0, 0.0, 1.0, 1.0, 0.0, 0.0, 0.0, 0.0, 1.0, 0.0, 0.0, 1.0, 0.0, 0.0, 1.0, 0.0, 1.0, 0.0, 1.0, 0.0, 0.0, 0.0, 0.0, 1.0, 0.0, 0.0, 1.0, 0.0, 1.0, 0.0, 0.0, 1.0, 0.0, 0.0, 0.0, 1.0, 0.0, 0.0, 1.0, 0.0, 0.0, 1.0, 1.0, 0.0, 0.0, 0.0, 0.0, 1.0, 0.0, 0.0, 1.0, 0.0, 0.0, 1.0, 0.0, 1.0, 0.0, 0.0, 0.0, 1.0, 0.0, 0.0, 1.0, 0.0, 0.0, 1.0, 0.0, 0.0, 1.0]]

[2024-10-14T10:34:21.107648][INFO][seed1] Dropping state 47
[2024-10-14T10:34:21.108403][INFO][seed1] Dropping state 46
[2024-10-14T10:34:21.110016][INFO][seed1] Dropping state 41
[2024-10-14T10:34:21.111472][INFO][seed1] Dropping state 38
[2024-10-14T10:34:21.114095][INFO][seed1] Dropping state 37
[2024-10-14T10:34:21.114884][INFO][seed1] Dropping state 36
[2024-10-14T10:34:21.123996][INFO][seed1] Dropping state 33
[2024-10-14T10:34:21.124995][INFO][seed1] Dropping state 31
[2024-10-14T10:34:21.126666][INFO][seed1] Dropping state 28
[2024-10-14T10:34:21.128024][INFO][seed1] Dropping state 27
[2024-10-14T10:34:21.129121][INFO][seed1] Dropping state 8
[2024-10-14T10:34:21.131724][INFO][seed1] Dropping state 7
[2024-10-14T10:34:21.132760][INFO][seed1] Dropping state 0
[2024-10-14T10:34:21.135772][INFO][seed1] U cardinality: 63
[2024-10-14T10:34:21.146284][INFO][seed1] 
[P([5]) [0.67, 0.33], P([4]) [0.55, 0.45], P([3]) [0.0, 0.0, 0.001, 0.001, 0.001, 0.0, 0.0, 0.001, 0.0, 0.0, 0.0, 0.001, 0.0, 0.001, 0.001, 0.0, 0.001, 0.0, 0.0, 0.001, 0.0, 0.0, 0.001, 0.0, 0.001, 0.001, 0.001, 0.001, 0.0, 0.001, 0.0, 0.001, 0.001, 0.0, 0.001, 0.0, 0.001, 0.001, 0.001, 0.001, 0.0, 0.0, 0.0, 0.0, 0.0, 0.001, 0.0, 0.0, 0.001, 0.001, 0.0, 0.001, 0.001, 0.0, 0.001, 0.0, 0.001, 0.001, 0.001, 0.0, 0.0, 0.0, 0.969], P([2, 5]) [1.0, 0.0, 0.0, 1.0], P([1, 4]) [1.0, 0.0, 0.0, 1.0], P([0, 1, 2, 3]) [1.0, 0.0, 0.0, 1.0, 0.0, 0.0, 1.0, 0.0, 0.0, 0.0, 1.0, 0.0, 1.0, 0.0, 0.0, 1.0, 0.0, 0.0, 1.0, 0.0, 0.0, 0.0, 0.0, 1.0, 1.0, 0.0, 0.0, 1.0, 0.0, 0.0, 0.0, 1.0, 0.0, 1.0, 0.0, 0.0, 1.0, 0.0, 0.0, 1.0, 0.0, 0.0, 0.0, 1.0, 0.0, 0.0, 1.0, 0.0, 1.0, 0.0, 0.0, 1.0, 0.0, 0.0, 0.0, 1.0, 0.0, 0.0, 0.0, 1.0, 1.0, 0.0, 0.0, 1.0, 0.0, 0.0, 0.0, 0.0, 1.0, 1.0, 0.0, 0.0, 1.0, 0.0, 0.0, 0.0, 1.0, 0.0, 1.0, 0.0, 0.0, 1.0, 0.0, 0.0, 1.0, 0.0, 0.0, 0.0, 1.0, 0.0, 1.0, 0.0, 0.0, 0.0, 1.0, 0.0, 1.0, 0.0, 0.0, 0.0, 1.0, 0.0, 1.0, 0.0, 0.0, 0.0, 0.0, 1.0, 1.0, 0.0, 0.0, 0.0, 1.0, 0.0, 0.0, 1.0, 0.0, 1.0, 0.0, 0.0, 1.0, 0.0, 0.0, 0.0, 1.0, 0.0, 0.0, 1.0, 0.0, 0.0, 1.0, 0.0, 1.0, 0.0, 0.0, 0.0, 1.0, 0.0, 0.0, 1.0, 0.0, 0.0, 0.0, 1.0, 1.0, 0.0, 0.0, 0.0, 1.0, 0.0, 0.0, 0.0, 1.0, 1.0, 0.0, 0.0, 1.0, 0.0, 0.0, 0.0, 1.0, 0.0, 0.0, 0.0, 1.0, 0.0, 1.0, 0.0, 1.0, 0.0, 0.0, 0.0, 1.0, 0.0, 0.0, 0.0, 1.0, 0.0, 0.0, 1.0, 1.0, 0.0, 0.0, 0.0, 0.0, 1.0, 1.0, 0.0, 0.0, 1.0, 0.0, 0.0, 1.0, 0.0, 0.0, 0.0, 0.0, 1.0, 1.0, 0.0, 0.0, 0.0, 1.0, 0.0, 1.0, 0.0, 0.0, 0.0, 0.0, 1.0, 1.0, 0.0, 0.0, 0.0, 0.0, 1.0, 1.0, 0.0, 0.0, 0.0, 0.0, 1.0, 0.0, 1.0, 0.0, 1.0, 0.0, 0.0, 1.0, 0.0, 0.0, 0.0, 0.0, 1.0, 0.0, 1.0, 0.0, 0.0, 1.0, 0.0, 1.0, 0.0, 0.0, 0.0, 0.0, 1.0, 0.0, 1.0, 0.0, 0.0, 0.0, 1.0, 1.0, 0.0, 0.0, 0.0, 0.0, 1.0, 0.0, 0.0, 1.0, 1.0, 0.0, 0.0, 1.0, 0.0, 0.0, 0.0, 0.0, 1.0, 0.0, 0.0, 1.0, 0.0, 1.0, 0.0, 1.0, 0.0, 0.0, 0.0, 0.0, 1.0, 0.0, 0.0, 1.0, 0.0, 0.0, 1.0, 0.0, 1.0, 0.0, 1.0, 0.0, 0.0, 1.0, 0.0, 0.0, 0.0, 0.0, 1.0, 0.0, 1.0, 0.0, 1.0, 0.0, 0.0, 0.0, 1.0, 0.0, 1.0, 0.0, 0.0, 0.0, 1.0, 0.0, 1.0, 0.0, 0.0, 0.0, 1.0, 0.0, 0.0, 0.0, 1.0, 0.0, 1.0, 0.0, 1.0, 0.0, 0.0, 0.0, 0.0, 1.0, 0.0, 1.0, 0.0, 0.0, 1.0, 0.0, 1.0, 0.0, 0.0, 0.0, 0.0, 1.0, 0.0, 0.0, 1.0, 0.0, 1.0, 0.0, 0.0, 1.0, 0.0, 0.0, 1.0, 0.0, 1.0, 0.0, 0.0, 0.0, 1.0, 0.0, 0.0, 1.0, 0.0, 0.0, 1.0, 0.0, 0.0, 1.0, 0.0, 0.0, 1.0, 0.0, 0.0, 1.0, 0.0, 0.0, 0.0, 1.0, 1.0, 0.0, 0.0, 0.0, 1.0, 0.0, 0.0, 1.0, 0.0, 0.0, 0.0, 1.0, 0.0, 1.0, 0.0, 0.0, 1.0, 0.0, 0.0, 1.0, 0.0, 0.0, 0.0, 1.0, 0.0, 0.0, 1.0, 0.0, 1.0, 0.0, 0.0, 0.0, 1.0, 1.0, 0.0, 0.0, 1.0, 0.0, 0.0, 0.0, 1.0, 0.0, 0.0, 0.0, 1.0, 0.0, 1.0, 0.0, 1.0, 0.0, 0.0, 0.0, 1.0, 0.0, 0.0, 0.0, 1.0, 0.0, 1.0, 0.0, 0.0, 1.0, 0.0, 0.0, 1.0, 0.0, 0.0, 0.0, 1.0, 0.0, 1.0, 0.0, 0.0, 0.0, 1.0, 0.0, 1.0, 0.0, 0.0, 0.0, 1.0, 0.0, 0.0, 1.0, 1.0, 0.0, 0.0, 0.0, 1.0, 0.0, 0.0, 0.0, 1.0, 0.0, 0.0, 1.0, 0.0, 1.0, 0.0, 0.0, 1.0, 0.0, 0.0, 0.0, 1.0, 0.0, 0.0, 1.0, 0.0, 0.0, 1.0, 0.0, 0.0, 1.0, 1.0, 0.0, 0.0, 1.0, 0.0, 0.0, 0.0, 1.0, 0.0, 0.0, 0.0, 1.0, 1.0, 0.0, 0.0, 1.0, 0.0, 0.0, 0.0, 0.0, 1.0, 0.0, 0.0, 1.0, 1.0, 0.0, 0.0, 0.0, 1.0, 0.0, 1.0, 0.0, 0.0, 0.0, 0.0, 1.0, 1.0, 0.0, 0.0, 0.0, 1.0, 0.0, 0.0, 0.0, 1.0, 0.0, 0.0, 1.0, 1.0, 0.0, 0.0, 0.0, 0.0, 1.0, 0.0, 1.0, 0.0, 0.0, 0.0, 1.0, 1.0, 0.0, 0.0, 0.0, 0.0, 1.0, 0.0, 0.0, 1.0, 0.0, 0.0, 1.0, 0.0, 1.0, 0.0, 1.0, 0.0, 0.0, 1.0, 0.0, 0.0, 0.0, 0.0, 1.0, 0.0, 1.0, 0.0, 1.0, 0.0, 0.0, 0.0, 1.0, 0.0, 0.0, 0.0, 1.0, 0.0, 1.0, 0.0, 0.0, 1.0, 0.0, 1.0, 0.0, 0.0, 0.0, 0.0, 1.0, 0.0, 1.0, 0.0, 0.0, 1.0, 0.0, 0.0, 1.0, 0.0, 0.0, 0.0, 1.0, 0.0, 1.0, 0.0, 0.0, 1.0, 0.0, 0.0, 0.0, 1.0, 0.0, 0.0, 1.0, 0.0, 1.0, 0.0, 0.0, 0.0, 1.0, 1.0, 0.0, 0.0, 0.0, 0.0, 1.0, 0.0, 1.0, 0.0, 0.0, 0.0, 1.0, 0.0, 1.0, 0.0, 0.0, 0.0, 1.0, 0.0, 1.0, 0.0, 0.0, 0.0, 1.0, 0.0, 0.0, 1.0, 0.0, 0.0, 1.0, 0.0, 0.0, 1.0, 1.0, 0.0, 0.0, 1.0, 0.0, 0.0, 0.0, 0.0, 1.0, 0.0, 0.0, 1.0, 1.0, 0.0, 0.0, 0.0, 1.0, 0.0, 0.0, 0.0, 1.0, 0.0, 0.0, 1.0, 1.0, 0.0, 0.0, 0.0, 0.0, 1.0, 0.0, 0.0, 1.0, 0.0, 0.0, 1.0, 0.0, 1.0, 0.0, 1.0, 0.0, 0.0, 0.0, 0.0, 1.0, 0.0, 0.0, 1.0, 0.0, 1.0, 0.0, 0.0, 1.0, 0.0, 0.0, 0.0, 1.0, 0.0, 0.0, 1.0, 0.0, 1.0, 0.0, 0.0, 0.0, 1.0, 0.0, 0.0, 1.0, 0.0, 0.0, 1.0, 0.0, 0.0, 1.0, 1.0, 0.0, 0.0, 0.0, 0.0, 1.0, 0.0, 0.0, 1.0, 0.0, 0.0, 1.0, 0.0, 0.0, 1.0]]

[2024-10-14T10:34:21.337588][INFO][seed8] Sampled 1000 data instances
[2024-10-14T10:34:21.337839][INFO][seed8] Starting exact inference 
[2024-10-14T10:34:21.355597][INFO][seed3] Sampled 1000 data instances
[2024-10-14T10:34:21.355687][INFO][seed3] Starting exact inference 
[2024-10-14T10:34:21.418710][INFO][seed1] Sampled 1000 data instances
[2024-10-14T10:34:21.418805][INFO][seed1] Starting exact inference 
[2024-10-14T10:34:21.652487][INFO][seed23] Set up logging
[2024-10-14T10:34:21.689253][INFO][seed23] args: -np;2;-nzr;0.4;-zdr;0.5;-o;/mnt/beegfs/rcabanas/dev/credici/papers/zeros/models/s3;-rw;-s;23;-ys;3
[2024-10-14T10:34:21.693652][INFO][seed23] Starting logger with seed 23
[2024-10-14T10:34:21.677286][INFO][seed31] Set up logging
[2024-10-14T10:34:21.703128][INFO][seed31] args: -np;2;-nzr;0.4;-zdr;0.5;-o;/mnt/beegfs/rcabanas/dev/credici/papers/zeros/models/s3;-rw;-s;31;-ys;3
[2024-10-14T10:34:21.707157][INFO][seed31] Starting logger with seed 31
[2024-10-14T10:34:21.678341][INFO][seed21] Set up logging
[2024-10-14T10:34:21.708144][INFO][seed21] args: -np;2;-nzr;0.4;-zdr;0.5;-o;/mnt/beegfs/rcabanas/dev/credici/papers/zeros/models/s3;-rw;-s;21;-ys;3
[2024-10-14T10:34:21.711237][INFO][seed23] simple_nparents2_nzr04_zdr05_ysize3_23
[2024-10-14T10:34:21.712119][INFO][seed21] Starting logger with seed 21
[2024-10-14T10:34:21.728282][INFO][seed21] simple_nparents2_nzr04_zdr05_ysize3_21
[2024-10-14T10:34:21.700166][INFO][seed11] Set up logging
[2024-10-14T10:34:21.732041][INFO][seed11] args: -np;2;-nzr;0.4;-zdr;0.5;-o;/mnt/beegfs/rcabanas/dev/credici/papers/zeros/models/s3;-rw;-s;11;-ys;3
[2024-10-14T10:34:21.734235][INFO][seed31] simple_nparents2_nzr04_zdr05_ysize3_31
[2024-10-14T10:34:21.736417][INFO][seed11] Starting logger with seed 11
[2024-10-14T10:34:21.754809][INFO][seed11] simple_nparents2_nzr04_zdr05_ysize3_11
[2024-10-14T10:34:21.733379][INFO][seed10] Set up logging
[2024-10-14T10:34:21.767522][INFO][seed10] args: -np;2;-nzr;0.4;-zdr;0.5;-o;/mnt/beegfs/rcabanas/dev/credici/papers/zeros/models/s3;-rw;-s;10;-ys;3
[2024-10-14T10:34:21.770210][INFO][seed10] Starting logger with seed 10
[2024-10-14T10:34:21.789671][INFO][seed10] simple_nparents2_nzr04_zdr05_ysize3_10
[2024-10-14T10:34:21.763593][INFO][seed12] Set up logging
[2024-10-14T10:34:21.802247][INFO][seed12] args: -np;2;-nzr;0.4;-zdr;0.5;-o;/mnt/beegfs/rcabanas/dev/credici/papers/zeros/models/s3;-rw;-s;12;-ys;3
[2024-10-14T10:34:21.789647][INFO][seed4] Set up logging
[2024-10-14T10:34:21.807907][INFO][seed12] Starting logger with seed 12
[2024-10-14T10:34:21.770953][INFO][seed28] Set up logging
[2024-10-14T10:34:21.813018][INFO][seed28] args: -np;2;-nzr;0.4;-zdr;0.5;-o;/mnt/beegfs/rcabanas/dev/credici/papers/zeros/models/s3;-rw;-s;28;-ys;3
[2024-10-14T10:34:21.814391][INFO][seed4] args: -np;2;-nzr;0.4;-zdr;0.5;-o;/mnt/beegfs/rcabanas/dev/credici/papers/zeros/models/s3;-rw;-s;4;-ys;3
[2024-10-14T10:34:21.815966][INFO][seed28] Starting logger with seed 28
[2024-10-14T10:34:21.782462][INFO][seed40] Set up logging
[2024-10-14T10:34:21.817761][INFO][seed40] args: -np;2;-nzr;0.4;-zdr;0.5;-o;/mnt/beegfs/rcabanas/dev/credici/papers/zeros/models/s3;-rw;-s;40;-ys;3
[2024-10-14T10:34:21.820006][INFO][seed40] Starting logger with seed 40
[2024-10-14T10:34:21.796534][INFO][seed25] Set up logging
[2024-10-14T10:34:21.827115][INFO][seed25] args: -np;2;-nzr;0.4;-zdr;0.5;-o;/mnt/beegfs/rcabanas/dev/credici/papers/zeros/models/s3;-rw;-s;25;-ys;3
[2024-10-14T10:34:21.826219][INFO][seed12] simple_nparents2_nzr04_zdr05_ysize3_12
[2024-10-14T10:34:21.827753][INFO][seed4] Starting logger with seed 4
[2024-10-14T10:34:21.838826][INFO][seed28] simple_nparents2_nzr04_zdr05_ysize3_28
[2024-10-14T10:34:21.842009][INFO][seed25] Starting logger with seed 25
[2024-10-14T10:34:21.842608][INFO][seed4] simple_nparents2_nzr04_zdr05_ysize3_4
[2024-10-14T10:34:21.846600][INFO][seed40] simple_nparents2_nzr04_zdr05_ysize3_40
[2024-10-14T10:34:21.816147][INFO][seed0] Set up logging
[2024-10-14T10:34:21.823365][INFO][seed24] Set up logging
[2024-10-14T10:34:21.853689][INFO][seed24] args: -np;2;-nzr;0.4;-zdr;0.5;-o;/mnt/beegfs/rcabanas/dev/credici/papers/zeros/models/s3;-rw;-s;24;-ys;3
[2024-10-14T10:34:21.851864][INFO][seed0] args: -np;2;-nzr;0.4;-zdr;0.5;-o;/mnt/beegfs/rcabanas/dev/credici/papers/zeros/models/s3;-rw;-s;0;-ys;3
[2024-10-14T10:34:21.854241][INFO][seed0] Starting logger with seed 0
[2024-10-14T10:34:21.859126][INFO][seed25] simple_nparents2_nzr04_zdr05_ysize3_25
[2024-10-14T10:34:21.860150][INFO][seed24] Starting logger with seed 24
[2024-10-14T10:34:21.870890][INFO][seed0] simple_nparents2_nzr04_zdr05_ysize3_0
[2024-10-14T10:34:21.873236][INFO][seed24] simple_nparents2_nzr04_zdr05_ysize3_24
[2024-10-14T10:34:21.856270][INFO][seed19] Set up logging
[2024-10-14T10:34:21.890430][INFO][seed19] args: -np;2;-nzr;0.4;-zdr;0.5;-o;/mnt/beegfs/rcabanas/dev/credici/papers/zeros/models/s3;-rw;-s;19;-ys;3
[2024-10-14T10:34:21.865052][INFO][seed9] Set up logging
[2024-10-14T10:34:21.896940][INFO][seed9] args: -np;2;-nzr;0.4;-zdr;0.5;-o;/mnt/beegfs/rcabanas/dev/credici/papers/zeros/models/s3;-rw;-s;9;-ys;3
[2024-10-14T10:34:21.901387][INFO][seed19] Starting logger with seed 19
[2024-10-14T10:34:21.909013][INFO][seed9] Starting logger with seed 9
[2024-10-14T10:34:21.910169][INFO][seed19] simple_nparents2_nzr04_zdr05_ysize3_19
[2024-10-14T10:34:21.929373][INFO][seed9] simple_nparents2_nzr04_zdr05_ysize3_9
[2024-10-14T10:34:21.905784][INFO][seed7] Set up logging
[2024-10-14T10:34:21.945705][INFO][seed7] args: -np;2;-nzr;0.4;-zdr;0.5;-o;/mnt/beegfs/rcabanas/dev/credici/papers/zeros/models/s3;-rw;-s;7;-ys;3
[2024-10-14T10:34:21.920192][INFO][seed27] Set up logging
[2024-10-14T10:34:21.948430][INFO][seed27] args: -np;2;-nzr;0.4;-zdr;0.5;-o;/mnt/beegfs/rcabanas/dev/credici/papers/zeros/models/s3;-rw;-s;27;-ys;3
[2024-10-14T10:34:21.948998][INFO][seed7] Starting logger with seed 7
[2024-10-14T10:34:21.963816][INFO][seed27] Starting logger with seed 27
[2024-10-14T10:34:21.970582][INFO][seed27] simple_nparents2_nzr04_zdr05_ysize3_27
[2024-10-14T10:34:21.977364][INFO][seed7] simple_nparents2_nzr04_zdr05_ysize3_7
[2024-10-14T10:34:22.063528][INFO][seed31] U cardinality: 81
[2024-10-14T10:34:22.070763][INFO][seed23] U cardinality: 81
[2024-10-14T10:34:22.072197][INFO][seed31] !0 = [6, 7, 8, 9, 15, 16, 18, 21, 27, 28, 33, 34, 37, 39, 40, 44, 45, 50, 53, 55, 56, 58, 59, 61, 63, 64, 66, 67, 68, 71, 74, 75]
[2024-10-14T10:34:22.073489][INFO][seed31] 0 = [0, 1, 2, 3, 4, 5, 10, 11, 12, 13, 14, 17, 19, 20, 22, 23, 24, 25, 26, 29, 30, 31, 32, 35, 36, 38, 41, 42, 43, 46, 47, 48, 49, 51, 52, 54, 57, 60, 62, 65, 69, 70, 72, 73, 76, 77, 78, 79, 80]
[2024-10-14T10:34:22.079781][INFO][seed23] !0 = [14, 16, 17, 18, 21, 23, 30, 32, 33, 35, 37, 43, 45, 48, 49, 57, 58, 59, 60, 61, 64, 65, 67, 68, 69, 70, 71, 72, 74, 78, 79, 80]
[2024-10-14T10:34:22.081218][INFO][seed23] 0 = [0, 1, 2, 3, 4, 5, 6, 7, 8, 9, 10, 11, 12, 13, 15, 19, 20, 22, 24, 25, 26, 27, 28, 29, 31, 34, 36, 38, 39, 40, 41, 42, 44, 46, 47, 50, 51, 52, 53, 54, 55, 56, 62, 63, 66, 73, 75, 76, 77]
[2024-10-14T10:34:22.084521][INFO][seed31] Dropping state 80
[2024-10-14T10:34:22.086184][INFO][seed31] Dropping state 77
[2024-10-14T10:34:22.087940][INFO][seed31] Dropping state 76
[2024-10-14T10:34:22.089879][INFO][seed23] Dropping state 75
[2024-10-14T10:34:22.091359][INFO][seed31] Dropping state 57
[2024-10-14T10:34:22.049362][INFO][seed2] Set up logging
[2024-10-14T10:34:22.091807][INFO][seed23] Dropping state 56
[2024-10-14T10:34:22.086778][INFO][seed2] args: -np;2;-nzr;0.4;-zdr;0.5;-o;/mnt/beegfs/rcabanas/dev/credici/papers/zeros/models/s3;-rw;-s;2;-ys;3
[2024-10-14T10:34:22.093552][INFO][seed23] Dropping state 53
[2024-10-14T10:34:22.096443][INFO][seed31] Dropping state 54
[2024-10-14T10:34:22.096938][INFO][seed23] Dropping state 52
[2024-10-14T10:34:22.102188][INFO][seed23] Dropping state 51
[2024-10-14T10:34:22.069613][INFO][seed17] Set up logging
[2024-10-14T10:34:22.103901][INFO][seed17] args: -np;2;-nzr;0.4;-zdr;0.5;-o;/mnt/beegfs/rcabanas/dev/credici/papers/zeros/models/s3;-rw;-s;17;-ys;3
[2024-10-14T10:34:22.102238][INFO][seed2] Starting logger with seed 2
[2024-10-14T10:34:22.075680][INFO][seed20] Set up logging
[2024-10-14T10:34:22.108626][INFO][seed31] Dropping state 49
[2024-10-14T10:34:22.109013][INFO][seed20] args: -np;2;-nzr;0.4;-zdr;0.5;-o;/mnt/beegfs/rcabanas/dev/credici/papers/zeros/models/s3;-rw;-s;20;-ys;3
[2024-10-14T10:34:22.109734][INFO][seed21] U cardinality: 81
[2024-10-14T10:34:22.110083][INFO][seed17] Starting logger with seed 17
[2024-10-14T10:34:22.111156][INFO][seed20] Starting logger with seed 20
[2024-10-14T10:34:22.111619][INFO][seed23] Dropping state 50
[2024-10-14T10:34:22.112370][INFO][seed2] simple_nparents2_nzr04_zdr05_ysize3_2
[2024-10-14T10:34:22.112779][INFO][seed31] Dropping state 48
[2024-10-14T10:34:22.087140][INFO][seed6] Set up logging
[2024-10-14T10:34:22.115203][INFO][seed31] Dropping state 43
[2024-10-14T10:34:22.115997][INFO][seed23] Dropping state 47
[2024-10-14T10:34:22.116592][INFO][seed31] Dropping state 42
[2024-10-14T10:34:22.115717][INFO][seed6] args: -np;2;-nzr;0.4;-zdr;0.5;-o;/mnt/beegfs/rcabanas/dev/credici/papers/zeros/models/s3;-rw;-s;6;-ys;3
[2024-10-14T10:34:22.118610][INFO][seed31] Dropping state 41
[2024-10-14T10:34:22.118690][INFO][seed23] Dropping state 46
[2024-10-14T10:34:22.118544][INFO][seed21] !0 = [1, 2, 4, 5, 6, 8, 9, 12, 17, 18, 20, 26, 29, 31, 32, 39, 40, 41, 42, 44, 47, 49, 50, 51, 52, 54, 60, 63, 66, 77, 78, 79]
[2024-10-14T10:34:22.119561][INFO][seed31] Dropping state 35
[2024-10-14T10:34:22.119586][INFO][seed21] 0 = [0, 3, 7, 10, 11, 13, 14, 15, 16, 19, 21, 22, 23, 24, 25, 27, 28, 30, 33, 34, 35, 36, 37, 38, 43, 45, 46, 48, 53, 55, 56, 57, 58, 59, 61, 62, 64, 65, 67, 68, 69, 70, 71, 72, 73, 74, 75, 76, 80]
[2024-10-14T10:34:22.120752][INFO][seed23] Dropping state 44
[2024-10-14T10:34:22.122070][INFO][seed23] Dropping state 42
[2024-10-14T10:34:22.123001][INFO][seed23] Dropping state 40
[2024-10-14T10:34:22.122866][INFO][seed31] Dropping state 32
[2024-10-14T10:34:22.124297][INFO][seed31] Dropping state 30
[2024-10-14T10:34:22.126283][INFO][seed17] simple_nparents2_nzr04_zdr05_ysize3_17
[2024-10-14T10:34:22.126766][INFO][seed6] Starting logger with seed 6
[2024-10-14T10:34:22.127283][INFO][seed31] Dropping state 29
[2024-10-14T10:34:22.127906][INFO][seed20] simple_nparents2_nzr04_zdr05_ysize3_20
[2024-10-14T10:34:22.129147][INFO][seed31] Dropping state 26
[2024-10-14T10:34:22.130043][INFO][seed31] Dropping state 25
[2024-10-14T10:34:22.129764][INFO][seed21] Dropping state 80
[2024-10-14T10:34:22.131798][INFO][seed21] Dropping state 76
[2024-10-14T10:34:22.132126][INFO][seed23] Dropping state 39
[2024-10-14T10:34:22.133161][INFO][seed31] Dropping state 24
[2024-10-14T10:34:22.133595][INFO][seed21] Dropping state 71
[2024-10-14T10:34:22.133570][INFO][seed11] U cardinality: 81
[2024-10-14T10:34:22.133837][INFO][seed23] Dropping state 38
[2024-10-14T10:34:22.135968][INFO][seed23] Dropping state 36
[2024-10-14T10:34:22.137099][INFO][seed21] Dropping state 68
[2024-10-14T10:34:22.134638][INFO][seed31] Dropping state 23
[2024-10-14T10:34:22.137578][INFO][seed23] Dropping state 29
[2024-10-14T10:34:22.139376][INFO][seed23] Dropping state 26
[2024-10-14T10:34:22.140086][INFO][seed6] simple_nparents2_nzr04_zdr05_ysize3_6
[2024-10-14T10:34:22.141008][INFO][seed31] Dropping state 20
[2024-10-14T10:34:22.142936][INFO][seed23] Dropping state 24
[2024-10-14T10:34:22.142852][INFO][seed11] !0 = [1, 4, 8, 10, 14, 15, 16, 17, 21, 24, 26, 28, 29, 35, 36, 38, 39, 41, 48, 52, 55, 56, 58, 61, 62, 65, 66, 69, 71, 73, 74, 77]
[2024-10-14T10:34:22.143088][INFO][seed31] Dropping state 17
[2024-10-14T10:34:22.144080][INFO][seed11] 0 = [0, 2, 3, 5, 6, 7, 9, 11, 12, 13, 18, 19, 20, 22, 23, 25, 27, 30, 31, 32, 33, 34, 37, 40, 42, 43, 44, 45, 46, 47, 49, 50, 51, 53, 54, 57, 59, 60, 63, 64, 67, 68, 70, 72, 75, 76, 78, 79, 80]
[2024-10-14T10:34:22.144423][INFO][seed31] Dropping state 14
[2024-10-14T10:34:22.145219][INFO][seed31] Dropping state 12
[2024-10-14T10:34:22.146467][INFO][seed21] Dropping state 65
[2024-10-14T10:34:22.144496][INFO][seed23] Dropping state 22
[2024-10-14T10:34:22.150211][INFO][seed31] Dropping state 5
[2024-10-14T10:34:22.150691][INFO][seed23] Dropping state 19
[2024-10-14T10:34:22.152236][INFO][seed31] Dropping state 4
[2024-10-14T10:34:22.153232][INFO][seed23] Dropping state 12
[2024-10-14T10:34:22.153595][INFO][seed31] Dropping state 3
[2024-10-14T10:34:22.154655][INFO][seed23] Dropping state 11
[2024-10-14T10:34:22.155269][INFO][seed23] Dropping state 10
[2024-10-14T10:34:22.155133][INFO][seed11] Dropping state 80
[2024-10-14T10:34:22.155503][INFO][seed31] Dropping state 2
[2024-10-14T10:34:22.156883][INFO][seed11] Dropping state 79
[2024-10-14T10:34:22.157417][INFO][seed23] Dropping state 6
[2024-10-14T10:34:22.157292][INFO][seed21] Dropping state 62
[2024-10-14T10:34:22.158289][INFO][seed11] Dropping state 67
[2024-10-14T10:34:22.159019][INFO][seed23] Dropping state 5
[2024-10-14T10:34:22.159008][INFO][seed21] Dropping state 59
[2024-10-14T10:34:22.159615][INFO][seed31] U cardinality: 55
[2024-10-14T10:34:22.160356][INFO][seed23] Dropping state 4
[2024-10-14T10:34:22.160351][INFO][seed25] U cardinality: 81
[2024-10-14T10:34:22.160821][INFO][seed10] U cardinality: 81
[2024-10-14T10:34:22.161805][INFO][seed11] Dropping state 64
[2024-10-14T10:34:22.163916][INFO][seed21] Dropping state 55
[2024-10-14T10:34:22.165867][INFO][seed21] Dropping state 53
[2024-10-14T10:34:22.165678][INFO][seed23] Dropping state 3
[2024-10-14T10:34:22.168198][INFO][seed21] Dropping state 38
[2024-10-14T10:34:22.168579][INFO][seed11] Dropping state 59
[2024-10-14T10:34:22.169114][INFO][seed23] Dropping state 1
[2024-10-14T10:34:22.169254][INFO][seed21] Dropping state 36
[2024-10-14T10:34:22.169530][INFO][seed10] !0 = [0, 2, 3, 15, 16, 17, 19, 20, 21, 22, 28, 31, 32, 33, 36, 47, 48, 49, 50, 53, 55, 58, 59, 64, 65, 66, 68, 69, 72, 73, 74, 75]
[2024-10-14T10:34:22.169069][INFO][seed25] !0 = [0, 1, 8, 9, 10, 14, 17, 18, 20, 21, 23, 26, 30, 33, 36, 39, 42, 43, 45, 50, 51, 52, 53, 55, 56, 61, 63, 66, 71, 72, 74, 76]
[2024-10-14T10:34:22.170769][INFO][seed10] 0 = [1, 4, 5, 6, 7, 8, 9, 10, 11, 12, 13, 14, 18, 23, 24, 25, 26, 27, 29, 30, 34, 35, 37, 38, 39, 40, 41, 42, 43, 44, 45, 46, 51, 52, 54, 56, 57, 60, 61, 62, 63, 67, 70, 71, 76, 77, 78, 79, 80]
[2024-10-14T10:34:22.170713][INFO][seed25] 0 = [2, 3, 4, 5, 6, 7, 11, 12, 13, 15, 16, 19, 22, 24, 25, 27, 28, 29, 31, 32, 34, 35, 37, 38, 40, 41, 44, 46, 47, 48, 49, 54, 57, 58, 59, 60, 62, 64, 65, 67, 68, 69, 70, 73, 75, 77, 78, 79, 80]
[2024-10-14T10:34:22.171189][INFO][seed23] Dropping state 0
[2024-10-14T10:34:22.171525][INFO][seed21] Dropping state 33
[2024-10-14T10:34:22.173848][INFO][seed21] Dropping state 30
[2024-10-14T10:34:22.175716][INFO][seed23] U cardinality: 53
[2024-10-14T10:34:22.177009][INFO][seed21] Dropping state 28
[2024-10-14T10:34:22.178863][INFO][seed21] Dropping state 27
[2024-10-14T10:34:22.179529][INFO][seed10] Dropping state 77
[2024-10-14T10:34:22.180310][INFO][seed21] Dropping state 24
[2024-10-14T10:34:22.180182][INFO][seed11] Dropping state 51
[2024-10-14T10:34:22.180267][INFO][seed0] U cardinality: 81
[2024-10-14T10:34:22.182231][INFO][seed10] Dropping state 71
[2024-10-14T10:34:22.183148][INFO][seed40] U cardinality: 81
[2024-10-14T10:34:22.188988][INFO][seed12] U cardinality: 81
[2024-10-14T10:34:22.184210][INFO][seed25] Dropping state 79
[2024-10-14T10:34:22.190384][INFO][seed0] !0 = [0, 1, 9, 17, 19, 22, 23, 25, 26, 27, 29, 32, 37, 38, 41, 48, 49, 51, 53, 55, 57, 60, 61, 62, 64, 66, 72, 73, 76, 77, 78, 79]
[2024-10-14T10:34:22.183841][INFO][seed21] Dropping state 23
[2024-10-14T10:34:22.191439][INFO][seed0] 0 = [2, 3, 4, 5, 6, 7, 8, 10, 11, 12, 13, 14, 15, 16, 18, 20, 21, 24, 28, 30, 31, 33, 34, 35, 36, 39, 40, 42, 43, 44, 45, 46, 47, 50, 52, 54, 56, 58, 59, 63, 65, 67, 68, 69, 70, 71, 74, 75, 80]
[2024-10-14T10:34:22.157437][INFO][seed26] Set up logging
[2024-10-14T10:34:22.192514][INFO][seed40] !0 = [1, 4, 9, 10, 13, 16, 18, 21, 25, 27, 30, 31, 34, 35, 39, 42, 43, 44, 48, 51, 53, 59, 60, 61, 62, 69, 72, 74, 76, 77, 79, 80]
[2024-10-14T10:34:22.185194][INFO][seed11] Dropping state 50
[2024-10-14T10:34:22.188259][INFO][seed11] Dropping state 49
[2024-10-14T10:34:22.191488][INFO][seed11] Dropping state 46
[2024-10-14T10:34:22.193523][INFO][seed11] Dropping state 45
[2024-10-14T10:34:22.194555][INFO][seed11] Dropping state 42
[2024-10-14T10:34:22.187629][INFO][seed31] 
[2024-10-14T10:34:22.184253][INFO][seed10] Dropping state 70
[2024-10-14T10:34:22.188258][INFO][seed10] Dropping state 60
[2024-10-14T10:34:22.194864][INFO][seed10] Dropping state 57
[2024-10-14T10:34:22.185951][INFO][seed25] Dropping state 77
[2024-10-14T10:34:22.187709][INFO][seed25] Dropping state 75
[2024-10-14T10:34:22.191485][INFO][seed25] Dropping state 65
[2024-10-14T10:34:22.190988][INFO][seed23] 
[2024-10-14T10:34:22.185241][INFO][seed21] Dropping state 19
[2024-10-14T10:34:22.189629][INFO][seed21] Dropping state 15
[2024-10-14T10:34:22.192786][INFO][seed26] args: -np;2;-nzr;0.4;-zdr;0.5;-o;/mnt/beegfs/rcabanas/dev/credici/papers/zeros/models/s3;-rw;-s;26;-ys;3
[2024-10-14T10:34:22.193572][INFO][seed40] 0 = [0, 2, 3, 5, 6, 7, 8, 11, 12, 14, 15, 17, 19, 20, 22, 23, 24, 26, 28, 29, 32, 33, 36, 37, 38, 40, 41, 45, 46, 47, 49, 50, 52, 54, 55, 56, 57, 58, 63, 64, 65, 66, 67, 68, 70, 71, 73, 75, 78]
[2024-10-14T10:34:22.156552][INFO][seed18] Set up logging
[P([5]) [0.99, 0.01], P([4]) [0.129, 0.871], P([3]) [0.0, 0.0, 0.001, 0.001, 0.001, 0.001, 0.0, 0.0, 0.0, 0.001, 0.001, 0.001, 0.0, 0.001, 0.0, 0.001, 0.001, 0.0, 0.001, 0.001, 0.0, 0.001, 0.0, 0.001, 0.001, 0.001, 0.001, 0.0, 0.0, 0.001, 0.0, 0.0, 0.001, 0.001, 0.001, 0.02, 0.001, 0.0, 0.001, 0.0, 0.001, 0.001, 0.0, 0.023, 0.001, 0.001, 0.0, 0.0, 0.001, 0.0, 0.0, 0.001, 0.928, 0.0, 0.0], P([2, 5]) [1.0, 0.0, 0.0, 1.0], P([1, 4]) [1.0, 0.0, 0.0, 1.0], P([0, 1, 2, 3]) [1.0, 0.0, 0.0, 1.0, 0.0, 0.0, 1.0, 0.0, 0.0, 1.0, 0.0, 0.0, 1.0, 0.0, 0.0, 1.0, 0.0, 0.0, 1.0, 0.0, 0.0, 0.0, 1.0, 0.0, 1.0, 0.0, 0.0, 1.0, 0.0, 0.0, 0.0, 0.0, 1.0, 1.0, 0.0, 0.0, 1.0, 0.0, 0.0, 1.0, 0.0, 0.0, 0.0, 0.0, 1.0, 0.0, 1.0, 0.0, 1.0, 0.0, 0.0, 1.0, 0.0, 0.0, 0.0, 0.0, 1.0, 0.0, 0.0, 1.0, 1.0, 0.0, 0.0, 0.0, 1.0, 0.0, 1.0, 0.0, 0.0, 1.0, 0.0, 0.0, 1.0, 0.0, 0.0, 0.0, 1.0, 0.0, 1.0, 0.0, 0.0, 0.0, 1.0, 0.0, 1.0, 0.0, 0.0, 0.0, 1.0, 0.0, 1.0, 0.0, 0.0, 0.0, 0.0, 1.0, 1.0, 0.0, 0.0, 0.0, 1.0, 0.0, 0.0, 1.0, 0.0, 0.0, 1.0, 0.0, 1.0, 0.0, 0[2024-10-14T10:34:22.198769][INFO][seed25] Dropping state 64
[P([5]) [0.899, 0.101], P([4]) [0.929, 0.071], P([3]) [0.0, 0.0, 0.0, 0.0, 0.0, 0.001, 0.0, 0.001, 0.001, 0.001, 0.0, 0.001, 0.001, 0.0, 0.0, 0.0, 0.001, 0.0, 0.001, 0.001, 0.0, 0.001, 0.001, 0.0, 0.001, 0.001, 0.486, 0.001, 0.0, 0.0, 0.001, 0.001, 0.001, 0.001, 0.002, 0.0, 0.0, 0.004, 0.001, 0.0, 0.001, 0.001, 0.001, 0.001, 0.001, 0.005, 0.0, 0.001, 0.0, 0.0, 0.001, 0.001, 0.476], P([2, 5]) [1.0, 0.0, 0.0, 1.0], P([1, 4]) [1.0, 0.0, 0.0, 1.0], P([0, 1, 2, 3]) [1.0, 0.0, 0.0, 1.0, 0.0, 0.0, 1.0, 0.0, 0.0, 0.0, 0.0, 1.0, 1.0, 0.0, 0.0, 1.0, 0.0, 0.0, 0.0, 0.0, 1.0, 0.0, 1.0, 0.0, 1.0, 0.0, 0.0, 1.0, 0.0, 0.0, 0.0, 0.0, 1.0, 0.0, 0.0, 1.0, 1.0, 0.0, 0.0, 0.0, 1.0, 0.0, 1.0, 0.0, 0.0, 1.0, 0.0, 0.0, 1.0, 0.0, 0.0, 0.0, 1.0, 0.0, 0.0, 1.0, 0.0, 0.0, 1.0, 0.0, 1.0, 0.0, 0.0, 0.0, 1.0, 0.0, 0.0, 1.0, 0.0, 0.0, 0.0, 1.0, 1.0, 0.0, 0.0, 0.0, 1.0, 0.0, 0.0, 0.0, 1.0, 1.0, 0.0, 0.0, 1.0, 0.0, 0.0, 0.0, 1.0, 0.0, 0.0, 0.0, 1.0, 0.0, 1.0, 0.0, 1.0, 0.0, 0.0, 0.0, 1.0, 0.0, 0.0, 0.0, 1.0, 0.0, 0.0, 1.0, 1.0, 0.0, 0.0, 0.0, 0.0, 1.0, 1.0, 0.0, 0.0, 1.0, 0.0, 0.0, 1.0, 0.0, 0.0, 0.0, 0.0, 1.0, 1.0, 0.0, 0.0, 0.0, 0.0, 1.0, 1.0, 0.0, 0.0, 0.0, 0.0, 1.0, 0.0, 1.0, 0.0, 1.0, 0.0, 0.0, 1.0, 0.0, 0.0, 0.0, 0.0, 1.0, 0.0, 1.0, 0.0, 0.0, 0.0, 1.0, 1.0, 0.0, 0.0, 0.0, 0.0, 1.0, 0.0, 0.0, 1.0, 0.0, 1.0, 0.0, 0.0, 1.0, 0.0, 1.0, 0.0, 0.0, 1.0, 0.0, 0.0, 1.0, 0.0, 0.0, 0.0, 1.0, 0.0, 1.0, 0.0, 0.0, 1.0, 0.0, 0.0, 0.0, 1.0, 0.0, 0.0, 1.0, 0.0, 1.0, 0.0, 0.0, 0.0, 1.0, 0.0, 1.0, 0.0, 0.0, 0.0, 1.0, 0.0, 1.0, 0.0, 0.0, 0.0, 1.0, 0.0, 0.0, 1.0, 0.0, 0.0, 1.0, 0.0, 1.0, 0.0, 0.0, 0.0, 1.0, 0.0, 0.0, 0.0, 1.0, 0.0, 1.0, 0.0, 1.0, 0.0, 0.0, 0.0, 0.0, 1.0, 1.0, 0.0, 0.0, 0.0, 1.0, 0.0, 1.0, 0.0, 0.0, 0.0, 0.0, 1.0, 0.0, 1.0, 0.0, 0.0, 1.0, 0.0, 1.0, 0.0, 0.0, 0.0, 0.0, 1.0, 0.0, 0.0, 1.0, 0.0, 1.0, 0.0, 0.0, 1.0, 0.0, 1.0, 0.0, 0.0, 0.0, 1.0, 0.0, 0.0, 1.0, 0.0, 0.0, 1.0, 0.0, 0.0, 1.0, 0.0, 0.0, 0.0, 1.0, 0.0, 1.0, 0.0, 0.0, 1.0, 0.0, 0.0, 0.0, 1.0, 0.0, 1.0, 0.0, 0.0, 1.0, 0.0, 0.0, 0.0, 1.0, 1.0, 0.0, 0.0, 1.0, 0.0, 0.0, 0.0, 1.0, 0.0, 0.0, 0.0, 1.0, 0.0, 1.0, 0.0, 1.0, 0.0, 0.0, 0.0, 1.0, 0.0, 0.0, 0.0, 1.0, 0.0, 1.0, 0.0, 0.0, 1.0, 0.0, 0.0, 0.0, 1.0, 1.0, 0.0, 0.0, 1.0, 0.0, 0.0, 1.0, 0.0, 0.0, 0.0, 0.0, 1.0, 1.0, 0.0, 0.0, 1.0, 0.0, 0.0, 0.0, 1.0, 0.0, 0.0, 0.0, 1.0, 1.0, 0.0, 0.0, 0.0, 1.0, 0.0, 1.0, 0.0, 0.0, 0.0, 0.0, 1.0, 1.0, 0.0, 0.0, 0.0, 1.0, 0.0, 0.0, 1.0, 0.0, 0.0, 0.0, 1.0, 1.0, 0.0, 0.0, 0.0, 1.0, 0.0, 0.0, 0.0, 1.0, 0.0, 0.0, 1.0, 1.0, 0.0, 0.0, 0.0, 0.0, 1.0, 1.0, 0.0, 0.0, 0.0, 0.0, 1.0, 1.0, 0.0, 0.0, 0.0, 0.0, 1.0, 0.0, 1.0, 0.0, 0.0, 0.0, 1.0, 1.0, 0.0, 0.0, 0.0, 0.0, 1.0, 0.0, 0.0, 1.0, 0.0, 0.0, 1.0, 0.0, 1.0, 0.0, 1.0, 0.0, 0.0, 1.0, 0.0, 0.0, 0.0, 0.0, 1.0, 0.0, 1.0, 0.0, 1.0, 0.0, 0.0, 0.0, 1.0, 0.0, 0.0, 0.0, 1.0, 0.0, 1.0, 0.0, 1.0, 0.0, 0.0, 0.0, 0.0, 1.0, 0.0, 0.0, 1.0, 0.0, 1.0, 0.0, 0.0, 1.0, 0.0, 1.0, 0.0, 0.0, 0.0, 0.0, 1.0, 0.0, 1.0, 0.0, 0.0, 1.0, 0.0, 0.0, 1.0, 0.0, 0.0, 0.0, 1.0, 0.0, 1.0, 0.0, 0.0, 1.0, 0.0, 0.0, 0.0, 1.0, 0.0, 0.0, 1.0, 0.0, 1.0, 0.0, 0.0, 0.0, 1.0, 1.0, 0.0, 0.0, 0.0, 0.0, 1.0, 0.0, 1.0, 0.0, 0.0, 0.0, 1.0, 0.0, 1.0, 0.0, 0.0, 0.0, 1.0, 0.0, 1.0, 0.0, 0.0, 0.0, 1.0, 0.0, 0.0, 1.0, 0.0, 0.0, 1.0, 0.0, 0.0, 1.0, 1.0, 0.0, 0.0, 1.0, 0.0, 0.0, 0.0, 0.0, 1.0, 0.0, 0.0, 1.0, 1.0, 0.0, 0.0, 0.0, 1.0, 0.0, 0.0, 0.0, 1.0, 0.0, 0.0, 1.0, 1.0, 0.0, 0.0, 0.0, 0.0, 1.0, 0.0, 0.0, 1.0, 0.0, 0.0, 1.0, 0.0, 1.0, 0.0, 0.0, 1.0, 0.0, 0.0, 0.0, 1.0, 0.0, 0.0, 1.0, 0.0, 1.0, 0.0, 0.0, 0.0, 1.0, 0.0, 0.0, 1.0, 0.0, 0.0, 1.0, 0.0, 0.0, 1.0, 1.0, 0.0, 0.0, 0.0, 0.0, 1.0, 0.0, 0.0, 1.0, 0.0, 0.0, 1.0, 0.0, 1.0, 0.0, 0.0, 0.0, 1.0, 0.0, 0.0, 1.0, 0.0, 0.0, 1.0, 0.0, 0.0, 1.0]]

[2024-10-14T10:34:22.197343][INFO][seed11] Dropping state 40
[2024-10-14T10:34:22.191868][INFO][seed21] Dropping state 14
[2024-10-14T10:34:22.195146][INFO][seed18] args: -np;2;-nzr;0.4;-zdr;0.5;-o;/mnt/beegfs/rcabanas/dev/credici/papers/zeros/models/s3;-rw;-s;18;-ys;3
.0, 0.0, 1.0, 0.0, 0.0, 0.0, 1.0, 1.0, 0.0, 0.0, 1.0, 0.0, 0.0, 0.0, 1.0, 0.0, 0.0, 0.0, 1.0, 0.0, 1.0, 0.0, 1.0, 0.0, 0.0, 0.0, 0.0, 1.0, 1.0, 0.0, 0.0, 1.0, 0.0, 0.0, 1.0, 0.0, 0.0, 0.0, 0.0, 1.0, 1.0, 0.0, 0.0, 0.0, 1.0, 0.0, 1.0, 0.0, 0.0, 0.0, 0.0, 1.0, 0.0, 1.0, 0.0, 1.0, 0.0, 0.0, 1.0, 0.0, 0.0, 0.0, 0.0, 1.0, 0.0, 1.0, 0.0, 0.0, 1.0, 0.0, 0.0, 1.0, 0.0, 1.0, 0.0, 0.0, 1.0, 0.0, 0.0, 1.0, 0.0, 0.0, 0.0, 1.0, 0.0, 1.0, 0.0, 0.0, 1.0, 0.0, 0.0, 0.0, 1.0, 0.0, 0.0, 1.0, 0.0, 1.0, 0.0, 0.0, 0.0, 1.0, 0.0, 0.0, 1.0, 0.0, 0.0, 1.0, 0.0, 1.0, 0.0, 0.0, 0.0, 0.0, 1.0, 1.0, 0.0, 0.0, 0.0, 1.0, 0.0, 1.0, 0.0, 0.0, 0.0, 0.0, 1.0, 0.0, 1.0, 0.0, 0.0, 1.0, 0.0, 0.0, 1.0, 0.0, 1.0, 0.0, 0.0, 1.0, 0.0, 0.0, 0.0, 1.0, 0.0, 0.0, 1.0, 0.0, 1.0, 0.0, 0.0, 0.0, 1.0, 0.0, 0.0, 1.0, 0.0, 0.0, 1.0, 0.0, 1.0, 0.0, 0.0, 0.0, 0.0, 1.0, 0.0, 1.0, 0.0, 0.0, 1.0, 0.0, 0.0, 1.0, 0.0, 1.0, 0.0, 0.0, 0.0, 1.0, 0.0, 0.0, 1.0, 0.0, 0.0, 1.0, 0.0, 0.0, 1.0, 0.0, 0.0, 1.0, 0.0, 0.0, 1.0, 0.0, 0.0, 0.0, 1.0, 0.0, 0.0, 1.0, 0.0, 1.0, 0.0, [2024-10-14T10:34:22.198812][INFO][seed11] Dropping state 34
[2024-10-14T10:34:22.200573][INFO][seed12] !0 = [2, 5, 6, 13, 16, 17, 18, 20, 21, 22, 23, 26, 27, 34, 36, 39, 40, 43, 46, 48, 49, 50, 61, 62, 64, 65, 66, 67, 72, 75, 77, 79]
[2024-10-14T10:34:22.202070][INFO][seed12] 0 = [0, 1, 3, 4, 7, 8, 9, 10, 11, 12, 14, 15, 19, 24, 25, 28, 29, 30, 31, 32, 33, 35, 37, 38, 41, 42, 44, 45, 47, 51, 52, 53, 54, 55, 56, 57, 58, 59, 60, 63, 68, 69, 70, 71, 73, 74, 76, 78, 80]
[2024-10-14T10:34:22.193152][INFO][seed21] Dropping state 13
[2024-10-14T10:34:22.200890][INFO][seed18] Starting logger with seed 18
0.0, 0.0, 1.0, 1.0, 0.0, 0.0, 1.0, 0.0, 0.0, 0.0, 1.0, 0.0, 0.0, 0.0, 1.0, 1.0, 0.0, 0.0, 0.0, 1.0, 0.0, 0.0, 1.0, 0.0, 0.0, 0.0, 1.0, 1.0, 0.0, 0.0, 0.0, 0.0, 1.0, 0.0, 1.0, 0.0, 0.0, 0.0, 1.0, 0.0, 1.0, 0.0, 0.0, 0.0, 1.0, 0.0, 1.0, 0.0, 0.0, 0.0, 1.0, 0.0, 0.0, 1.0, 1.0, 0.0, 0.0, 0.0, 1.0, 0.0, 0.0, 0.0, 1.0, 0.0, 0.0, 1.0, 0.0, 1.0, 0.0, 0.0, 1.0, 0.0, 0.0, 0.0, 1.0, 0.0, 0.0, 1.0, 0.0, 0.0, 1.0, 0.0, 0.0, 1.0, 1.0, 0.0, 0.0, 1.0, 0.0, 0.0, 0.0, 1.0, 0.0, 0.0, 0.0, 1.0, 1.0, 0.0, 0.0, 1.0, 0.0, 0.0, 0.0, 0.0, 1.0, 0.0, 0.0, 1.0, 1.0, 0.0, 0.0, 0.0, 1.0, 0.0, 0.0, 1.0, 0.0, 0.0, 0.0, 1.0, 1.0, 0.0, 0.0, 0.0, 1.0, 0.0, 0.0, 0.0, 1.0, 0.0, 0.0, 1.0, 1.0, 0.0, 0.0, 0.0, 0.0, 1.0, 1.0, 0.0, 0.0, 0.0, 0.0, 1.0, 1.0, 0.0, 0.0, 0.0, 0.0, 1.0, 0.0, 1.0, 0.0, 0.0, 0.0, 1.0, 1.0, 0.0, 0.0, 0.0, 0.0, 1.0, 0.0, 0.0, 1.0, 0.0, 0.0, 1.0, 0.0, 1.0, 0.0, 1.0, 0.0, 0.0, 1.0, 0.0, 0.0, 0.0, 0.0, 1.0, 0.0, 1.0, 0.0, 1.0, 0.0, 0.0, 0.0, 1.0, 0.0, 0.0, 0.0, 1.0, 0.0, 1.0, 0.0, 1.0, 0.0, 0.0, 0.0, 0.0, 1.0, 0.0, 0.0, 1.0, 0.0,[2024-10-14T10:34:22.201022][INFO][seed11] Dropping state 31
[2024-10-14T10:34:22.194706][INFO][seed21] Dropping state 11
[2024-10-14T10:34:22.197958][INFO][seed21] Dropping state 3
[2024-10-14T10:34:22.199889][INFO][seed21] Dropping state 0
 1.0, 0.0, 0.0, 1.0, 0.0, 1.0, 0.0, 0.0, 0.0, 0.0, 1.0, 0.0, 1.0, 0.0, 0.0, 1.0, 0.0, 0.0, 1.0, 0.0, 0.0, 0.0, 1.0, 0.0, 1.0, 0.0, 0.0, 1.0, 0.0, 0.0, 0.0, 1.0, 0.0, 0.0, 1.0, 0.0, 1.0, 0.0, 0.0, 0.0, 1.0, 1.0, 0.0, 0.0, 0.0, 0.0, 1.0, 0.0, 1.0, 0.0, 0.0, 0.0, 1.0, 0.0, 1.0, 0.0, 0.0, 0.0, 1.0, 0.0, 1.0, 0.0, 0.0, 0.0, 1.0, 0.0, 0.0, 1.0, 0.0, 0.0, 1.0, 0.0, 0.0, 1.0, 1.0, 0.0, 0.0, 1.0, 0.0, 0.0, 0.0, 0.0, 1.0, 0.0, 0.0, 1.0, 1.0, 0.0, 0.0, 0.0, 1.0, 0.0, 0.0, 0.0, 1.0, 0.0, 0.0, 1.0, 1.0, 0.0, 0.0, 0.0, 0.0, 1.0, 0.0, 0.0, 1.0, 0.0, 0.0, 1.0, 0.0, 1.0, 0.0, 1.0, 0.0, 0.0, 0.0, 0.0, 1.0, 0.0, 0.0, 1.0, 0.0, 0.0, 1.0, 1.0, 0.0, 0.0, 0.0, 0.0, 1.0, 0.0, 0.0, 1.0, 0.0, 0.0, 1.0, 0.0, 1.0, 0.0]]

[2024-10-14T10:34:22.202720][INFO][seed11] Dropping state 25
[2024-10-14T10:34:22.204529][INFO][seed40] Dropping state 68
[2024-10-14T10:34:22.204625][INFO][seed0] Dropping state 71
[2024-10-14T10:34:22.204684][INFO][seed21] U cardinality: 57
[2024-10-14T10:34:22.203464][INFO][seed11] Dropping state 19
[2024-10-14T10:34:22.206396][INFO][seed0] Dropping state 69
[2024-10-14T10:34:22.206846][INFO][seed40] Dropping state 67
[2024-10-14T10:34:22.206857][INFO][seed11] Dropping state 11
[2024-10-14T10:34:22.207704][INFO][seed10] Dropping state 56
[2024-10-14T10:34:22.208605][INFO][seed40] Dropping state 65
[2024-10-14T10:34:22.210899][INFO][seed25] Dropping state 62
[2024-10-14T10:34:22.210932][INFO][seed24] U cardinality: 81
[2024-10-14T10:34:22.208272][INFO][seed11] Dropping state 9
[2024-10-14T10:34:22.212156][INFO][seed0] Dropping state 68
[2024-10-14T10:34:22.212794][INFO][seed40] Dropping state 57
[2024-10-14T10:34:22.212405][INFO][seed10] Dropping state 54
[2024-10-14T10:34:22.205976][INFO][seed26] Starting logger with seed 26
[2024-10-14T10:34:22.215369][INFO][seed10] Dropping state 46
[2024-10-14T10:34:22.215598][INFO][seed12] Dropping state 78
[2024-10-14T10:34:22.215743][INFO][seed25] Dropping state 60
[2024-10-14T10:34:22.215867][INFO][seed0] Dropping state 58
[2024-10-14T10:34:22.215772][INFO][seed11] Dropping state 6
[2024-10-14T10:34:22.217008][INFO][seed12] Dropping state 73
[2024-10-14T10:34:22.217725][INFO][seed10] Dropping state 45
[2024-10-14T10:34:22.217805][INFO][seed11] Dropping state 5
[2024-10-14T10:34:22.218286][INFO][seed25] Dropping state 59
[2024-10-14T10:34:22.217839][INFO][seed26] simple_nparents2_nzr04_zdr05_ysize3_26
[2024-10-14T10:34:22.222346][INFO][seed25] Dropping state 58
[2024-10-14T10:34:22.219187][INFO][seed10] Dropping state 42
[2024-10-14T10:34:22.219228][INFO][seed11] Dropping state 3
[2024-10-14T10:34:22.219280][INFO][seed21] 
[2024-10-14T10:34:22.220199][INFO][seed10] Dropping state 41
[2024-10-14T10:34:22.221082][INFO][seed11] Dropping state 2
[2024-10-14T10:34:22.222897][INFO][seed12] Dropping state 71
[P([5]) [0.466, 0.534], P([4]) [0.97, 0.03], P([3]) [0.001, 0.001, 0.001, 0.001, 0.001, 0.0, 0.001, 0.001, 0.0, 0.007, 0.0, 0.001, 0.001, 0.001, 0.0, 0.0, 0.0, 0.001, 0.103, 0.008, 0.001, 0.0, 0.0, 0.0, 0.001, 0.001, 0.001, 0.001, 0.0, 0.001, 0.0, 0.0, 0.001, 0.0, 0.001, 0.001, 0.001, 0.001, 0.004, 0.0, 0.0, 0.0, 0.001, 0.0, 0.001, 0.0, 0.001, 0.0, 0.0, 0.0, 0.0, 0.0, 0.0, 0.0, 0.001, 0.001, 0.851], P([2, 5]) [1.0, 0.0, 0.0, 1.0], P([1, 4]) [1.0, 0.0, 0.0, 1.0], P([0, 1, 2, 3]) [1.0, 0.0, 0.0, 1.0, 0.0, 0.0, 1.0, 0.0, 0.0, 0.0, 1.0, 0.0, 1.0, 0.0, 0.0, 1.0, 0.0, 0.0, 1.0, 0.0, 0.0, 0.0, 0.0, 1.0, 1.0, 0.0, 0.0, 1.0, 0.0, 0.0, 0.0, 1.0, 0.0, 0.0, 1.0, 0.0, 1.0, 0.0, 0.0, 1.0, 0.0, 0.0, 0.0, 1.0, 0.0, 0.0, 0.0, 1.0, 1.0, 0.0, 0.0, 1.0, 0.0, 0.0, 0.0, 0.0, 1.0, 1.0, 0.0, 0.0, 1.0, 0.0, 0.0, 1.0, 0.0, 0.0, 0.0, 0.0, 1.0, 0.0, 1.0, 0.0, 1.0, 0.0, 0.0, 1.0, 0.0, 0.0, 0.0, 0.0, 1.0, 0.0, 0.0, 1.0, 1.0, 0.0, 0.0, 0.0, 1.0, 0.0, 1.0, 0.0, 0.0, 1.0, 0.0, 0.0, 1.0, 0.0, 0.0, 0.0, 1.0, 0.0, 1.0, 0.0, 0.0, 0.0, 1.0, 0.0, [2024-10-14T10:34:22.223379][INFO][seed0] Dropping state 54
[2024-10-14T10:34:22.223765][INFO][seed25] Dropping state 57
[2024-10-14T10:34:22.223095][INFO][seed40] Dropping state 55
1.0, 0.0, 0.0, 0.0, 1.0, 0.0, 0.0, 1.0, 0.0, 1.0, 0.0, 0.0, 1.0, 0.0, 0.0, 0.0, 1.0, 0.0, 0.0, 0.0, 1.0, 0.0, 1.0, 0.0, 1.0, 0.0, 0.0, 0.0, 1.0, 0.0, 0.0, 0.0, 1.0, 0.0, 0.0, 1.0, 1.0, 0.0, 0.0, 0.0, 0.0, 1.0, 1.0, 0.0, 0.0, 1.0, 0.0, 0.0, 1.0, 0.0, 0.0, 0.0, 0.0, 1.0, 1.0, 0.0, 0.0, 0.0, 0.0, 1.0, 1.0, 0.0, 0.0, 0.0, 0.0, 1.0, 0.0, 1.0, 0.0, 1.0, 0.0, 0.0, 1.0, 0.0, 0.0, 0.0, 0.0, 1.0, 0.0, 1.0, 0.0, 0.0, 1.0, 0.0, 1.0, 0.0, 0.0, 0.0, 0.0, 1.0, 0.0, 0.0, 1.0, 0.0, 1.0, 0.0, 1.0, 0.0, 0.0, 0.0, 0.0, 1.0, 0.0, 0.0, 1.0, 0.0, 0.0, 1.0, 0.0, 1.0, 0.0, 1.0, 0.0, 0.0, 1.0, 0.0, 0.0, 0.0, 0.0, 1.0, 0.0, 1.0, 0.0, 1.0, 0.0, 0.0, 0.0, 1.0, 0.0, 0.0, 1.0, 0.0, 0.0, 1.0, 0.0, 1.0, 0.0, 0.0, 0.0, 1.0, 0.0, 0.0, 0.0, 1.0, 0.0, 1.0, 0.0, 1.0, 0.0, 0.0, 0.0, 0.0, 1.0, 0.0, 1.0, 0.0, 0.0, 1.0, 0.0, 1.0, 0.0, 0.0, 0.0, 0.0, 1.0, 0.0, 0.0, 1.0, 0.0, 1.0, 0.0, 0.0, 1.0, 0.0, 1.0, 0.0, 0.0, 0.0, 1.0, 0.0, 0.0, 1.0, 0.0, 0.0, 1.0, 0.0, 0.0, 1.0, 0.0, 1.0, 0.0, 0.0, 0.0, 1.0, 0.0, 0.0, 1.0, 0.0, 0.0, 1.0, 0.0, 0.0, 1.0, 0.0, 0.0, 1.0, 0.0, 0.0, 1.0, 0.0, 0.0, 1.0, 0.0, 0.0, 0.0, 1.0, 0.0, 1.0, 0.0, 0.0, 1.0, 0.0, 0.0, 0.0, 1.0, 1.0, 0.0, 0.0, 0.0, 1.0, 0.0, 0.0, 1.0, 0.0, 0.0, 0.0, 1.0, 0.0, 1.0, 0.0, 0.0, 1.0, 0.0, 0.0, 1.0, 0.0, 0.0, 0.0, 1.0, 0.0, 0.0, 1.0, 0.0, 1.0, 0.0, 0.0, 0.0, 1.0, 1.0, 0.0, 0.0, 1.0, 0.0, 0.0, 0.0, 1.0, 0.0, 0.0, 0.0, 1.0, 1.0, 0.0, 0.0, 0.0, 1.0, 0.0, 0.0, 1.0, 0.0, 0.0, 0.0, 1.0, 1.0, 0.0, 0.0, 0.0, 0.0, 1.0, 0.0, 1.0, 0.0, 0.0, 0.0, 1.0, 0.0, 1.0, 0.0, 1.0, 0.0, 0.0, 0.0, 1.0, 0.0, 0.0, 0.0, 1.0, 0.0, 1.0, 0.0, 0.0, 1.0, 0.0, 0.0, 1.0, 0.0, 0.0, 0.0, 1.0, 0.0, 1.0, 0.0, 0.0, 0.0, 1.0, 0.0, 1.0, 0.0, 0.0, 0.0, 1.0, 0.0, 0.0, 1.0, 1.0, 0.0, 0.0, 0.0, 1.0, 0.0, 0.0, 0.0, 1.0, 0.0, 0.0, 1.0, 0.0, 1.0, 0.0, 0.0, 0.0, 1.0, 1.0, 0.0, 0.0, 1.0, 0.0, 0.0, 1.0, 0.0, 0.0, 0.0, 0.0, 1.0, 1.0, 0.0, 0.0, 1.0, 0.0, 0.0, 0.0, 0.0, 1.0, 0.0, 0.0, 1.0, 1.0, 0.0, 0.0, 0.0, 1.0, 0.0, 1.0, 0.0, 0.0, 0.0, 0.0, 1.0, 1.0, 0.0, 0.0, 0.0, 1.0, 0.0, 0.0, 1.0, 0.0, 0.0, 0.0, 1.0, 1.0, 0.0, 0.0, 0.0, 0.0, 1.0, 1.0, 0.0, 0.0, 0.0, 0.0[2024-10-14T10:34:22.224496][INFO][seed10] Dropping state 40
[2024-10-14T10:34:22.225214][INFO][seed25] Dropping state 47
[2024-10-14T10:34:22.225286][INFO][seed11] U cardinality: 59
[2024-10-14T10:34:22.224429][INFO][seed24] !0 = [3, 4, 6, 8, 9, 10, 14, 19, 20, 27, 28, 34, 36, 43, 44, 47, 48, 50, 51, 53, 57, 58, 60, 61, 65, 70, 71, 75, 76, 77, 78, 80]
, 1.0, 1.0, 0.0, 0.0, 0.0, 0.0, 1.0, 0.0, 1.0, 0.0, 0.0, 0.0, 1.0, 0.0, 1.0, 0.0, 1.0, 0.0, 0.0, 1.0, 0.0, 0.0, 0.0, 0.0, 1.0, 0.0, 1.0, 0.0, 1.0, 0.0, 0.0, 0.0, 1.0, 0.0, 0.0, 0.0, 1.0, 0.0, 1.0, 0.0, 0.0, 1.0, 0.0, 1.0, 0.0, 0.0, 0.0, 0.0, 1.0, 0.0, 1.0, 0.0, 0.0, 1.0, 0.0, 0.0, 1.0, 0.0, 0.0, 0.0, 1.0, 0.0, 1.0, 0.0, 0.0, 0.0, 1.0, 1.0, 0.0, 0.0, 0.0, 0.0, 1.0, 0.0, 1.0, 0.0, 0.0, 0.0, 1.0, 0.0, 1.0, 0.0, 0.0, 0.0, 1.0, 0.0, 0.0, 1.0, 1.0, 0.0, 0.0, 1.0, 0.0, 0.0, 0.0, 0.0, 1.0, 0.0, 0.0, 1.0, 1.0, 0.0, 0.0, 0.0, 1.0, 0.0, 0.0, 0.0, 1.0, 0.0, 0.0, 1.0, 1.0, 0.0, 0.0, 0.0, 0.0, 1.0, 0.0, 0.0, 1.0, 0.0, 0.0, 1.0, 0.0, 1.0, 0.0, 1.0, 0.0, 0.0, 0.0, 0.0, 1.0, 0.0, 0.0, 1.0, 0.0, 1.0, 0.0, 0.0, 0.0, 1.0, 0.0, 0.0, 1.0, 0.0, 0.0, 1.0, 0.0, 0.0, 1.0, 1.0, 0.0, 0.0, 0.0, 0.0, 1.0, 0.0, 0.0, 1.0, 0.0, 0.0, 1.0, 0.0, 1.0, 0.0]]

[2024-10-14T10:34:22.225804][INFO][seed10] Dropping state 34
[2024-10-14T10:34:22.227894][INFO][seed10] Dropping state 29
[2024-10-14T10:34:22.226449][INFO][seed12] Dropping state 69
[2024-10-14T10:34:22.228074][INFO][seed25] Dropping state 38
[2024-10-14T10:34:22.226164][INFO][seed24] 0 = [0, 1, 2, 5, 7, 11, 12, 13, 15, 16, 17, 18, 21, 22, 23, 24, 25, 26, 29, 30, 31, 32, 33, 35, 37, 38, 39, 40, 41, 42, 45, 46, 49, 52, 54, 55, 56, 59, 62, 63, 64, 66, 67, 68, 69, 72, 73, 74, 79]
[2024-10-14T10:34:22.233096][INFO][seed12] Dropping state 63
[2024-10-14T10:34:22.232049][INFO][seed40] Dropping state 45
[2024-10-14T10:34:22.234359][INFO][seed24] Dropping state 69
[2024-10-14T10:34:22.235839][INFO][seed24] Dropping state 68
[2024-10-14T10:34:22.235699][INFO][seed40] Dropping state 41
[2024-10-14T10:34:22.199879][INFO][seed37] Set up logging
[2024-10-14T10:34:22.237842][INFO][seed40] Dropping state 38
[2024-10-14T10:34:22.238261][INFO][seed37] args: -np;2;-nzr;0.4;-zdr;0.5;-o;/mnt/beegfs/rcabanas/dev/credici/papers/zeros/models/s3;-rw;-s;37;-ys;3
[2024-10-14T10:34:22.229812][INFO][seed18] simple_nparents2_nzr04_zdr05_ysize3_18
[2024-10-14T10:34:22.240695][INFO][seed11] 
[P([5]) [0.35, 0.65], P([4]) [0.549, 0.451], P([3]) [0.0, 0.001, 0.001, 0.0, 0.85, 0.001, 0.0, 0.0, 0.001, 0.001, 0.001, 0.001, 0.0, 0.0, 0.001, 0.0, 0.0, 0.001, 0.001, 0.0, 0.001, 0.001, 0.0, 0.0, 0.0, 0.001, 0.001, 0.0, 0.001, 0.001, 0.001, 0.0, 0.0, 0.0, 0.001, 0.001, 0.0, 0.0, 0.002, 0.001, 0.0, 0.001, 0.0, 0.001, 0.001, 0.0, 0.001, 0.001, 0.0, 0.001, 0.0, 0.001, 0.0, 0.001, 0.001, 0.0, 0.0, 0.119, 0.0], P([2, 5]) [1.0, 0.0, 0.0, 1.0], P([1, 4]) [1.0, 0.0, 0.0, 1.0], P([0, 1, 2, 3]) [1.0, 0.0, 0.0, 1.0, 0.0, 0.0, 1.0, 0.0, 0.0, 1.0, 0.0, 0.0, 1.0, 0.0, 0.0, 1.0, 0.0, 0.0, 1.0, 0.0, 0.0, 0.0, 1.0, 0.0, 1.0, 0.0, 0.0, 1.0, 0.0, 0.0, 0.0, 1.0, 0.0, 0.0, 1.0, 0.0, 1.0, 0.0, 0.0, 1.0, 0.0, 0.0, 0.0, 0.0, 1.0, 0.0, 1.0, 0.0, 1.0, 0.0, 0.0, 1.0, 0.0, 0.0, 0.0, 0.0, 1.0, 0.0, 0.0, 1.0, 1.0, 0.0, 0.0, 0.0, 1.0, 0.0, 1.0, 0.0, 0.0, 0.0, 1.0, 0.0, 1.0, 0.0, 0.0, 0.0, 1.0, 0.0, 0.0, 1.0, 0.0, 1.0, 0.0, 0.0, 1.0, 0.0, 0.0, 0.0, 1.0, 0.0, 0.0, 1.0, 0.0, 0.0, 1.0, 0.0, 1.0, 0.0, 0.0, 0.0, 1.0, 0.0, 0.0, 1.0, 0.0, 0.0, 0[2024-10-14T10:34:22.229554][INFO][seed10] Dropping state 27
[2024-10-14T10:34:22.230231][INFO][seed10] Dropping state 26
[2024-10-14T10:34:22.233381][INFO][seed10] Dropping state 25
[2024-10-14T10:34:22.234668][INFO][seed10] Dropping state 23
[2024-10-14T10:34:22.242105][INFO][seed10] Dropping state 14
[2024-10-14T10:34:22.232256][INFO][seed28] U cardinality: 81
[2024-10-14T10:34:22.232447][INFO][seed0] Dropping state 52
[2024-10-14T10:34:22.229268][INFO][seed25] Dropping state 35
[2024-10-14T10:34:22.232769][INFO][seed25] Dropping state 32
[2024-10-14T10:34:22.234603][INFO][seed25] Dropping state 31
[2024-10-14T10:34:22.235295][INFO][seed25] Dropping state 28
[2024-10-14T10:34:22.238437][INFO][seed25] Dropping state 22
[2024-10-14T10:34:22.239755][INFO][seed25] Dropping state 13
[2024-10-14T10:34:22.240549][INFO][seed37] Starting logger with seed 37
[2024-10-14T10:34:22.240551][INFO][seed40] Dropping state 37
[2024-10-14T10:34:22.242023][INFO][seed40] Dropping state 36
[2024-10-14T10:34:22.241232][INFO][seed24] Dropping state 66
.0, 1.0, 1.0, 0.0, 0.0, 0.0, 1.0, 0.0, 0.0, 0.0, 1.0, 1.0, 0.0, 0.0, 1.0, 0.0, 0.0, 0.0, 1.0, 0.0, 0.0, 0.0, 1.0, 0.0, 1.0, 0.0, 1.0, 0.0, 0.0, 0.0, 1.0, 0.0, 0.0, 0.0, 1.0, 0.0, 0.0, 1.0, 1.0, 0.0, 0.0, 0.0, 0.0, 1.0, 1.0, 0.0, 0.0, 1.0, 0.0, 0.0, 1.0, 0.0, 0.0, 0.0, 0.0, 1.0, 1.0, 0.0, 0.0, 0.0, 0.0, 1.0, 1.0, 0.0, 0.0, 0.0, 0.0, 1.0, 0.0, 1.0, 0.0, 1.0, 0.0, 0.0, 1.0, 0.0, 0.0, 0.0, 0.0, 1.0, 0.0, 1.0, 0.0, 0.0, 1.0, 0.0, 1.0, 0.0, 0.0, 0.0, 0.0, 1.0, 0.0, 1.0, 0.0, 0.0, 0.0, 1.0, 1.0, 0.0, 0.0, 0.0, 0.0, 1.0, 0.0, 0.0, 1.0, 1.0, 0.0, 0.0, 1.0, 0.0, 0.0, 0.0, 0.0, 1.0, 0.0, 0.0, 1.0, 0.0, 0.0, 1.0, 0.0, 1.0, 0.0, 1.0, 0.0, 0.0, 1.0, 0.0, 0.0, 1.0, 0.0, 0.0, 0.0, 1.0, 0.0, 1.0, 0.0, 0.0, 1.0, 0.0, 0.0, 0.0, 1.0, 0.0, 0.0, 1.0, 0.0, 1.0, 0.0, 0.0, 1.0, 0.0, 0.0, 0.0, 0.0, 1.0, 0.0, 1.0, 0.0, 1.0, 0.0, 0.0, 0.0, 1.0, 0.0, 1.0, 0.0, 0.0, 0.0, 1.0, 0.0, 1.0, 0.0, 0.0, 0.0, 1.0, 0.0, 0.0, 0.0, 1.0, 0.0, 1.0, 0.0, 1.0, 0.0, 0.0, 0.0, 0.0, 1.0, 1.0, 0.0, 0.0, 0.0, 1.0, 0.0, 1.0, 0.0, 0.0, 0.0, 0.0, 1.0, 0.0, 0.0, [2024-10-14T10:34:22.241436][INFO][seed4] U cardinality: 81
[2024-10-14T10:34:22.246015][INFO][seed24] Dropping state 52
[2024-10-14T10:34:22.242916][INFO][seed28] !0 = [0, 1, 2, 7, 8, 10, 11, 12, 17, 21, 24, 29, 32, 33, 34, 37, 38, 40, 41, 43, 46, 48, 49, 52, 55, 56, 58, 67, 69, 72, 76, 80]
[2024-10-14T10:34:22.243964][INFO][seed28] 0 = [3, 4, 5, 6, 9, 13, 14, 15, 16, 18, 19, 20, 22, 23, 25, 26, 27, 28, 30, 31, 35, 36, 39, 42, 44, 45, 47, 50, 51, 53, 54, 57, 59, 60, 61, 62, 63, 64, 65, 66, 68, 70, 71, 73, 74, 75, 77, 78, 79]
[2024-10-14T10:34:22.234460][INFO][seed0] Dropping state 44
[2024-10-14T10:34:22.244013][INFO][seed10] Dropping state 13
[2024-10-14T10:34:22.243122][INFO][seed40] Dropping state 33
[2024-10-14T10:34:22.245600][INFO][seed25] Dropping state 7
1.0, 0.0, 1.0, 0.0, 0.0, 1.0, 0.0, 1.0, 0.0, 0.0, 1.0, 0.0, 0.0, 0.0, 1.0, 0.0, 0.0, 1.0, 0.0, 1.0, 0.0, 0.0, 0.0, 1.0, 0.0, 0.0, 1.0, 0.0, 0.0, 1.0, 0.0, 1.0, 0.0, 0.0, 0.0, 0.0, 1.0, 0.0, 1.0, 0.0, 0.0, 1.0, 0.0, 0.0, 1.0, 0.0, 1.0, 0.0, 0.0, 0.0, 1.0, 0.0, 0.0, 1.0, 0.0, 0.0, 1.0, 0.0, 0.0, 0.0, 1.0, 0.0, 1.0, 0.0, 0.0, 1.0, 0.0, 0.0, 0.0, 1.0, 0.0, 1.0, 0.0, 0.0, 1.0, 0.0, 0.0, 1.0, 0.0, 0.0, 0.0, 1.0, 0.0, 0.0, 1.0, 0.0, 1.0, 0.0, 0.0, 0.0, 1.0, 1.0, 0.0, 0.0, 0.0, 0.0, 1.0, 0.0, 1.0, 0.0, 0.0, 0.0, 1.0, 0.0, 1.0, 0.0, 1.0, 0.0, 0.0, 0.0, 1.0, 0.0, 0.0, 0.0, 1.0, 0.0, 0.0, 1.0, 0.0, 1.0, 0.0, 0.0, 1.0, 0.0, 0.0, 0.0, 1.0, 0.0, 0.0, 1.0, 0.0, 0.0, 1.0, 0.0, 0.0, 1.0, 1.0, 0.0, 0.0, 1.0, 0.0, 0.0, 1.0, 0.0, 0.0, 0.0, 0.0, 1.0, 1.0, 0.0, 0.0, 1.0, 0.0, 0.0, 0.0, 1.0, 0.0, 0.0, 0.0, 1.0, 1.0, 0.0, 0.0, 1.0, 0.0, 0.0, 0.0, 0.0, 1.0, 0.0, 0.0, 1.0, 1.0, 0.0, 0.0, 0.0, 1.0, 0.0, 1.0, 0.0, 0.0, 0.0, 0.0, 1.0, 1.0, 0.0, 0.0, 0.0, 1.0, 0.0, 0.0, 1.0, 0.0, 0.0, 0.0, 1.0, 1.0, 0.0, 0.0, 0.0, 0.0, 1.0, 1.0, 0.0, 0.0,[2024-10-14T10:34:22.245792][INFO][seed12] Dropping state 60
[2024-10-14T10:34:22.240469][INFO][seed0] Dropping state 39
[2024-10-14T10:34:22.246058][INFO][seed10] Dropping state 12
[2024-10-14T10:34:22.247754][INFO][seed40] Dropping state 32
[2024-10-14T10:34:22.247435][INFO][seed25] Dropping state 6
 0.0, 0.0, 1.0, 1.0, 0.0, 0.0, 0.0, 0.0, 1.0, 0.0, 1.0, 0.0, 0.0, 0.0, 1.0, 1.0, 0.0, 0.0, 0.0, 0.0, 1.0, 0.0, 0.0, 1.0, 0.0, 0.0, 1.0, 0.0, 1.0, 0.0, 1.0, 0.0, 0.0, 1.0, 0.0, 0.0, 0.0, 0.0, 1.0, 0.0, 1.0, 0.0, 1.0, 0.0, 0.0, 0.0, 0.0, 1.0, 0.0, 0.0, 1.0, 0.0, 1.0, 0.0, 0.0, 1.0, 0.0, 1.0, 0.0, 0.0, 0.0, 0.0, 1.0, 0.0, 1.0, 0.0, 0.0, 1.0, 0.0, 0.0, 0.0, 1.0, 0.0, 0.0, 1.0, 0.0, 1.0, 0.0, 0.0, 0.0, 1.0, 1.0, 0.0, 0.0, 0.0, 0.0, 1.0, 0.0, 1.0, 0.0, 0.0, 0.0, 1.0, 0.0, 1.0, 0.0, 0.0, 0.0, 1.0, 0.0, 1.0, 0.0, 0.0, 0.0, 1.0, 0.0, 0.0, 1.0, 0.0, 0.0, 1.0, 0.0, 0.0, 1.0, 1.0, 0.0, 0.0, 1.0, 0.0, 0.0, 0.0, 0.0, 1.0, 0.0, 0.0, 1.0, 1.0, 0.0, 0.0, 0.0, 1.0, 0.0, 0.0, 0.0, 1.0, 0.0, 0.0, 1.0, 1.0, 0.0, 0.0, 0.0, 0.0, 1.0, 0.0, 0.0, 1.0, 0.0, 0.0, 1.0, 0.0, 1.0, 0.0, 1.0, 0.0, 0.0, 0.0, 0.0, 1.0, 0.0, 0.0, 1.0, 0.0, 1.0, 0.0, 0.0, 1.0, 0.0, 0.0, 0.0, 1.0, 0.0, 0.0, 1.0, 0.0, 1.0, 0.0, 0.0, 0.0, 1.0, 0.0, 0.0, 1.0, 0.0, 0.0, 1.0, 0.0, 0.0, 1.0, 1.0, 0.0, 0.0]]

[2024-10-14T10:34:22.248053][INFO][seed12] Dropping state 59
[2024-10-14T10:34:22.242211][INFO][seed0] Dropping state 35
[2024-10-14T10:34:22.248070][INFO][seed10] Dropping state 8
[2024-10-14T10:34:22.248699][INFO][seed25] Dropping state 4
[2024-10-14T10:34:22.243470][INFO][seed0] Dropping state 34
[2024-10-14T10:34:22.251595][INFO][seed24] Dropping state 49
[2024-10-14T10:34:22.250603][INFO][seed10] Dropping state 7
[2024-10-14T10:34:22.246566][INFO][seed0] Dropping state 30
[2024-10-14T10:34:22.248510][INFO][seed0] Dropping state 28
[2024-10-14T10:34:22.252317][INFO][seed12] Dropping state 58
[2024-10-14T10:34:22.252361][INFO][seed25] U cardinality: 60
[2024-10-14T10:34:22.252246][INFO][seed4] !0 = [3, 4, 6, 9, 10, 11, 12, 13, 22, 23, 25, 26, 27, 28, 32, 38, 42, 44, 47, 50, 51, 54, 55, 59, 60, 61, 65, 67, 70, 75, 77, 79]
[2024-10-14T10:34:22.252134][INFO][seed10] Dropping state 5
[2024-10-14T10:34:22.250416][INFO][seed0] Dropping state 24
[2024-10-14T10:34:22.253720][INFO][seed12] Dropping state 56
[2024-10-14T10:34:22.253301][INFO][seed4] 0 = [0, 1, 2, 5, 7, 8, 14, 15, 16, 17, 18, 19, 20, 21, 24, 29, 30, 31, 33, 34, 35, 36, 37, 39, 40, 41, 43, 45, 46, 48, 49, 52, 53, 56, 57, 58, 62, 63, 64, 66, 68, 69, 71, 72, 73, 74, 76, 78, 80]
[2024-10-14T10:34:22.254551][INFO][seed0] Dropping state 21
[2024-10-14T10:34:22.253351][INFO][seed10] Dropping state 4
[2024-10-14T10:34:22.253853][INFO][seed40] Dropping state 29
[2024-10-14T10:34:22.254890][INFO][seed12] Dropping state 54
[2024-10-14T10:34:22.255808][INFO][seed12] Dropping state 52
[2024-10-14T10:34:22.256067][INFO][seed0] Dropping state 16
[2024-10-14T10:34:22.256052][INFO][seed40] Dropping state 24
[2024-10-14T10:34:22.256671][INFO][seed0] Dropping state 13
[2024-10-14T10:34:22.256760][INFO][seed10] U cardinality: 56
[2024-10-14T10:34:22.257948][INFO][seed40] Dropping state 20
[2024-10-14T10:34:22.258764][INFO][seed40] Dropping state 19
[2024-10-14T10:34:22.260253][INFO][seed12] Dropping state 51
[2024-10-14T10:34:22.261475][INFO][seed12] Dropping state 44
[2024-10-14T10:34:22.261794][INFO][seed0] Dropping state 10
[2024-10-14T10:34:22.262133][INFO][seed40] Dropping state 15
[2024-10-14T10:34:22.262901][INFO][seed24] Dropping state 39
[2024-10-14T10:34:22.263147][INFO][seed0] Dropping state 8
[2024-10-14T10:34:22.262911][INFO][seed28] Dropping state 79
[2024-10-14T10:34:22.264354][INFO][seed28] Dropping state 74
[2024-10-14T10:34:22.249540][INFO][seed5] Set up logging
[2024-10-14T10:34:22.264699][INFO][seed5] args: -np;2;-nzr;0.4;-zdr;0.5;-o;/mnt/beegfs/rcabanas/dev/credici/papers/zeros/models/s3;-rw;-s;5;-ys;3
[2024-10-14T10:34:22.264019][INFO][seed12] Dropping state 42
[2024-10-14T10:34:22.264425][INFO][seed24] Dropping state 38
[2024-10-14T10:34:22.264285][INFO][seed40] Dropping state 14
[2024-10-14T10:34:22.268262][INFO][seed40] Dropping state 7
[2024-10-14T10:34:22.265970][INFO][seed28] Dropping state 73
[2024-10-14T10:34:22.269158][INFO][seed28] Dropping state 70
[2024-10-14T10:34:22.265727][INFO][seed0] Dropping state 6
[2024-10-14T10:34:22.267038][INFO][seed37] simple_nparents2_nzr04_zdr05_ysize3_37
[2024-10-14T10:34:22.272321][INFO][seed40] Dropping state 5
[2024-10-14T10:34:22.267958][INFO][seed4] Dropping state 78
[2024-10-14T10:34:22.270062][INFO][seed4] Dropping state 74
[2024-10-14T10:34:22.265460][INFO][seed12] Dropping state 41
[2024-10-14T10:34:22.266625][INFO][seed12] Dropping state 35
[2024-10-14T10:34:22.271852][INFO][seed12] Dropping state 33
[2024-10-14T10:34:22.273698][INFO][seed12] Dropping state 32
[2024-10-14T10:34:22.268767][INFO][seed24] Dropping state 37
[2024-10-14T10:34:22.268621][INFO][seed0] Dropping state 5
[2024-10-14T10:34:22.270566][INFO][seed0] Dropping state 2
[2024-10-14T10:34:22.274729][INFO][seed0] U cardinality: 60
[2024-10-14T10:34:22.273710][INFO][seed40] Dropping state 3
[2024-10-14T10:34:22.270582][INFO][seed24] Dropping state 31
[2024-10-14T10:34:22.274558][INFO][seed25] 
[2024-10-14T10:34:22.275220][INFO][seed28] Dropping state 68
[2024-10-14T10:34:22.275571][INFO][seed4] Dropping state 72
[P([5]) [0.579, 0.421], P([4]) [0.17, 0.83], P([3]) [0.001, 0.001, 0.0, 0.0, 0.0, 0.029, 0.001, 0.108, 0.0, 0.0, 0.001, 0.0, 0.0, 0.001, 0.001, 0.0, 0.001, 0.001, 0.001, 0.0, 0.0, 0.001, 0.0, 0.0, 0.001, 0.001, 0.0, 0.001, 0.0, 0.001, 0.0, 0.0, 0.001, 0.001, 0.0, 0.001, 0.0, 0.0, 0.0, 0.07, 0.504, 0.001, 0.001, 0.0, 0.001, 0.077, 0.001, 0.001, 0.001, 0.0, 0.0, 0.0, 0.0, 0.001, 0.001, 0.0, 0.001, 0.186, 0.0, 0.0], P([2, 5]) [1.0, 0.0, 0.0, 1.0], P([1, 4]) [1.0, 0.0, 0.0, 1.0], P([0, 1, 2, 3]) [1.0, 0.0, 0.0, 1.0, 0.0, 0.0, 1.0, 0.0, 0.0, 1.0, 0.0, 0.0, 1.0, 0.0, 0.0, 1.0, 0.0, 0.0, 1.0, 0.0, 0.0, 0.0, 1.0, 0.0, 1.0, 0.0, 0.0, 1.0, 0.0, 0.0, 1.0, 0.0, 0.0, 0.0, 0.0, 1.0, 1.0, 0.0, 0.0, 1.0, 0.0, 0.0, 0.0, 1.0, 0.0, 1.0, 0.0, 0.0, 1.0, 0.0, 0.0, 1.0, 0.0, 0.0, 0.0, 1.0, 0.0, 0.0, 0.0, 1.0, 1.0, 0.0, 0.0, 1.0, 0.0, 0.0, 0.0, 0.0, 1.0, 0.0, 0.0, 1.0, 1.0, 0.0, 0.0, 0.0, 1.0, 0.0, 1.0, 0.0, 0.0, 1.0, 0.0, 0.0, 1.0, 0.0, 0.0, 0.0, 1.0, 0.0, 1.0, 0.0, 0.0, 0.0, 1.0, 0.0, 1.0, 0.0, 0.0, 0.0, 1.0, 0.0, 1.0, 0.0, 0.0, 0[2024-10-14T10:34:22.276332][INFO][seed12] Dropping state 31
.0, 0.0, 1.0, 1.0, 0.0, 0.0, 0.0, 1.0, 0.0, 0.0, 1.0, 0.0, 1.0, 0.0, 0.0, 1.0, 0.0, 0.0, 0.0, 1.0, 0.0, 0.0, 1.0, 0.0, 0.0, 0.0, 1.0, 1.0, 0.0, 0.0, 0.0, 1.0, 0.0, 0.0, 0.0, 1.0, 1.0, 0.0, 0.0, 1.0, 0.0, 0.0, 0.0, 1.0, 0.0, 0.0, 0.0, 1.0, 0.0, 1.0, 0.0, 1.0, 0.0, 0.0, 0.0, 1.0, 0.0, 0.0, 0.0, 1.0, 0.0, 0.0, 1.0, 1.0, 0.0, 0.0, 0.0, 0.0, 1.0, 1.0, 0.0, 0.0, 1.0, 0.0, 0.0, 1.0, 0.0, 0.0, 0.0, 0.0, 1.0, 1.0, 0.0, 0.0, 0.0, 1.0, 0.0, 1.0, 0.0, 0.0, 0.0, 0.0, 1.0, 1.0, 0.0, 0.0, 0.0, 0.0, 1.0, 1.0, 0.0, 0.0, 0.0, 0.0, 1.0, 0.0, 1.0, 0.0, 1.0, 0.0, 0.0, 1.0, 0.0, 0.0, 0.0, 0.0, 1.0, 0.0, 1.0, 0.0, 0.0, 0.0, 1.0, 1.0, 0.0, 0.0, 0.0, 0.0, 1.0, 0.0, 0.0, 1.0, 1.0, 0.0, 0.0, 1.0, 0.0, 0.0, 0.0, 0.0, 1.0, 0.0, 0.0, 1.0, 0.0, 1.0, 0.0, 1.0, 0.0, 0.0, 0.0, 0.0, 1.0, 0.0, 0.0, 1.0, 0.0, 0.0, 1.0, 0.0, 1.0, 0.0, 1.0, 0.0, 0.0, 1.0, 0.0, 0.0, 1.0, 0.0, 0.0, 0.0, 1.0, 0.0, 1.0, 0.0, 0.0, 1.0, 0.0, 0.0, 0.0, 0.0, 1.0, 0.0, 1.0, 0.0, 1.0, 0.0, 0.0, 0.0, 1.0, 0.0, 1.0, 0.0, 0.0, 0.0, 1.0, 0.0, 1.0, 0.0, 0.0, 0.0, 0.0, 1.0, 1.0, [2024-10-14T10:34:22.277013][INFO][seed40] Dropping state 2
0.0, 0.0, 0.0, 1.0, 0.0, 1.0, 0.0, 0.0, 0.0, 0.0, 1.0, 0.0, 1.0, 0.0, 0.0, 1.0, 0.0, 0.0, 1.0, 0.0, 1.0, 0.0, 0.0, 1.0, 0.0, 0.0, 0.0, 1.0, 0.0, 0.0, 1.0, 0.0, 1.0, 0.0, 0.0, 0.0, 1.0, 0.0, 0.0, 1.0, 0.0, 0.0, 1.0, 0.0, 0.0, 1.0, 0.0, 1.0, 0.0, 0.0, 0.0, 1.0, 0.0, 0.0, 1.0, 0.0, 0.0, 1.0, 0.0, 0.0, 1.0, 0.0, 0.0, 1.0, 0.0, 0.0, 1.0, 0.0, 0.0, 1.0, 0.0, 0.0, 0.0, 1.0, 0.0, 1.0, 0.0, 0.0, 1.0, 0.0, 0.0, 0.0, 1.0, 1.0, 0.0, 0.0, 0.0, 1.0, 0.0, 0.0, 1.0, 0.0, 0.0, 0.0, 1.0, 0.0, 1.0, 0.0, 0.0, 1.0, 0.0, 0.0, 1.0, 0.0, 0.0, 0.0, 1.0, 0.0, 0.0, 1.0, 0.0, 1.0, 0.0, 0.0, 0.0, 1.0, 1.0, 0.0, 0.0, 1.0, 0.0, 0.0, 0.0, 1.0, 0.0, 0.0, 0.0, 1.0, 1.0, 0.0, 0.0, 0.0, 1.0, 0.0, 0.0, 1.0, 0.0, 0.0, 0.0, 1.0, 0.0, 1.0, 0.0, 1.0, 0.0, 0.0, 0.0, 1.0, 0.0, 0.0, 0.0, 1.0, 0.0, 1.0, 0.0, 0.0, 1.0, 0.0, 0.0, 1.0, 0.0, 0.0, 0.0, 1.0, 0.0, 1.0, 0.0, 0.0, 0.0, 1.0, 0.0, 1.0, 0.0, 0.0, 0.0, 1.0, 0.0, 0.0, 1.0, 1.0, 0.0, 0.0, 0.0, 1.0, 0.0, 0.0, 0.0, 1.0, 0.0, 0.0, 1.0, 0.0, 1.0, 0.0, 0.0, 1.0, 0.0, 0.0, 0.0, 1.0, 0.0, 0.0, 1.0, 0.0, 0.0, 1.0, 0.0, 0.0, 1.0, 1.0, 0.0, 0.0, 1.0, 0.0, 0.0, 1.0, 0.0, 0.0, 0.0, 0.0, 1.0, 1.0, 0.0, 0.0, 1.0, 0.0, 0.0, 0.0, 1.0, 0.0, 0.0, 0.0, 1.0, 1.0, 0.0, 0.0, 1.0, 0.0, 0.0, 0.0, 0.0, 1.0, 0.0, 0.0, 1.0, 1.0, 0.0, 0.0, 0.0, 0.0, 1.0, 0.0, 1.0, 0.0, 0.0, 0.0, 1.0, 0.0, 1.0, 0.0, 1.0, 0.0, 0.0, 1.0, 0.0, 0.0, 0.0, 0.0, 1.0, 0.0, 1.0, 0.0, 0.0, 1.0, 0.0, 1.0, 0.0, 0.0, 0.0, 0.0, 1.0, 0.0, 1.0, 0.0, 0.0, 1.0, 0.0, 0.0, 1.0, 0.0, 0.0, 0.0, 1.0, 0.0, 1.0, 0.0, 0.0, 1.0, 0.0, 0.0, 0.0, 1.0, 0.0, 0.0, 1.0, 0.0, 1.0, 0.0, 0.0, 0.0, 1.0, 1.0, 0.0, 0.0, 0.0, 0.0, 1.0, 0.0, 1.0, 0.0, 0.0, 0.0, 1.0, 0.0, 1.0, 0.0, 0.0, 0.0, 1.0, 0.0, 1.0, 0.0, 0.0, 0.0, 1.0, 0.0, 0.0, 1.0, 0.0, 0.0, 1.0, 0.0, 0.0, 1.0, 1.0, 0.0, 0.0, 1.0, 0.0, 0.0, 0.0, 0.0, 1.0, 0.0, 0.0, 1.0, 1.0, 0.0, 0.0, 0.0, 1.0, 0.0, 0.0, 0.0, 1.0, 0.0, 0.0, 1.0, 1.0, 0.0, 0.0, 0.0, 0.0, 1.0, 0.0, 0.0, 1.0, 0.0, 0.0, 1.0, 0.0, 1.0, 0.0, 0.0, 1.0, 0.0, 0.0, 0.0, 1.0, 0.0, 0.0, 1.0, 0.0, 0.0, 1.0, 1.0, 0.0, 0.0, 0.0, 0.0, 1.0, 0.0, 0.0, 1.0, 0.0, 0.0, 1.0, 0.0, 0.0, 1.0]]

[2024-10-14T10:34:22.277700][INFO][seed10] 
[2024-10-14T10:34:22.278326][INFO][seed12] Dropping state 24
[P([5]) [0.467, 0.533], P([4]) [0.459, 0.541], P([3]) [0.001, 0.0, 0.001, 0.001, 0.0, 0.0, 0.0, 0.0, 0.544, 0.001, 0.001, 0.0, 0.001, 0.001, 0.001, 0.001, 0.0, 0.001, 0.0, 0.001, 0.001, 0.001, 0.0, 0.001, 0.0, 0.0, 0.0, 0.0, 0.0, 0.001, 0.001, 0.001, 0.001, 0.0, 0.0, 0.001, 0.002, 0.001, 0.001, 0.0, 0.0, 0.0, 0.005, 0.001, 0.001, 0.0, 0.001, 0.001, 0.001, 0.001, 0.001, 0.421, 0.0, 0.0, 0.0, 0.0], P([2, 5]) [1.0, 0.0, 0.0, 1.0], P([1, 4]) [1.0, 0.0, 0.0, 1.0], P([0, 1, 2, 3]) [1.0, 0.0, 0.0, 1.0, 0.0, 0.0, 1.0, 0.0, 0.0, 1.0, 0.0, 0.0, 1.0, 0.0, 0.0, 1.0, 0.0, 0.0, 1.0, 0.0, 0.0, 0.0, 1.0, 0.0, 1.0, 0.0, 0.0, 1.0, 0.0, 0.0, 1.0, 0.0, 0.0, 0.0, 0.0, 1.0, 1.0, 0.0, 0.0, 1.0, 0.0, 0.0, 0.0, 1.0, 0.0, 1.0, 0.0, 0.0, 1.0, 0.0, 0.0, 1.0, 0.0, 0.0, 0.0, 0.0, 1.0, 1.0, 0.0, 0.0, 1.0, 0.0, 0.0, 0.0, 1.0, 0.0, 1.0, 0.0, 0.0, 1.0, 0.0, 0.0, 1.0, 0.0, 0.0, 0.0, 1.0, 0.0, 1.0, 0.0, 0.0, 0.0, 1.0, 0.0, 1.0, 0.0, 0.0, 0.0, 1.0, 0.0, 1.0, 0.0, 0.0, 0.0, 0.0, 1.0, 1.0, 0.0, 0.0, 0.0, 1.0, 0.0, 0.0, 0.0, 1.0, 1.0, 0.0, 0.0, 1.0, 0.0, 0.0, 0.0, 1.0, 0.0, 0.0, 0.0, 1.0, 0.0, 1.0, 0.0, 1.0, 0.0, 0.0, 0.0, 1.0, 0.0, 0.0, 0.0, 1.0, 0.0, 0.0, 1.0, 1.0, 0.0, 0.0, 0.0, 0.0, 1.0, 1.0, 0.0, 0.0, 1.0, 0.0, 0.0, 1.0, 0.0, 0.0, 0.0, 0.0, 1.0, 1.0, 0.0, 0.0, 0.0, 1.0, 0.0, 1.0, 0.0, 0.0, 0.0, 0.0, 1.0, 1.0, 0.0, 0.0, 0.0, 0.0, 1.0, 1.0, 0.0, 0.0, 0.0, 0.0, 1.0, 0.0, 1.0, 0.0, 1.0, 0.0, 0.0, 1.0, 0.0, 0.0, 0.0, 0.0, 1.0, 0.0, 1.0, 0.0, 0.0, 1.0, 0.0, 1.0, 0.0, 0.0, 0.0, 0.0, 1.0, 0.0, 0.0, 1.0, 1.0, 0.0, 0.0, 0.0, 1.0, 0.0, 1.0, 0.0, 0.0, 1.0, 0.0, 0.0, 0.0, 1.0, 0.0, 0.0, 1.0, 0.0, 1.0, 0.0, 0.0, 0.0, 1.0, 0.0, 1.0, 0.0, 0.0, 0.0, 1.0, 0.0, 1.0, 0.0, 0.0, 0.0, 1.0, 0.0, 0.0, 1.0, 0.0, 0.0, 1.0, 0.0, 1.0, 0.0, 0.0, 0.0, 1.0, 0.0, 0.0, 0.0, 1.0, 0.0, 1.0, 0.0, 1.0, 0.0, 0.0, 0.0, 0.0, 1.0, 1.0, 0.0, 0.0, 0.0, 1.0, 0.0, 1.0, 0.0, 0.0, 0.0, 0.0, 1.0, 0.0, 0.0, 1.0, 0.0, 1.0, 0.0, 0.0, 1.0, 0.0, 1.0, 0.0, 0.0, 1.0, 0.0, 0.0, 0.0, 1.0, 0.0, 0.0, 1.0, 0.0, 1.0, 0.0, 0.0, 0.0, 1.0, 0.0, 0.0, 1.0, 0.0, 0.0, 1.0, 0.0, 1.0, 0.0, 0.0, 0.0, 0.0, 1.0, 0.0, 1.[2024-10-14T10:34:22.279091][INFO][seed4] Dropping state 68
0, 0.0, 0.0, 1.0, 0.0, 0.0, 1.0, 0.0, 1.0, 0.0, 0.0, 0.0, 1.0, 0.0, 0.0, 1.0, 0.0, 0.0, 0.0, 1.0, 0.0, 1.0, 0.0, 0.0, 1.0, 0.0, 0.0, 1.0, 0.0, 0.0, 0.0, 1.0, 0.0, 0.0, 1.0, 0.0, 1.0, 0.0, 0.0, 0.0, 1.0, 1.0, 0.0, 0.0, 0.0, 0.0, 1.0, 0.0, 1.0, 0.0, 0.0, 0.0, 1.0, 0.0, 1.0, 0.0, 1.0, 0.0, 0.0, 0.0, 1.0, 0.0, 0.0, 0.0, 1.0, 0.0, 1.0, 0.0, 0.0, 1.0, 0.0, 0.0, 1.0, 0.0, 0.0, 0.0, 1.0, 0.0, 1.0, 0.0, 0.0, 0.0, 1.0, 0.0, 1.0, 0.0, 0.0, 0.0, 1.0, 0.0, 0.0, 1.0, 1.0, 0.0, 0.0, 0.0, 1.0, 0.0, 0.0, 0.0, 1.0, 0.0, 0.0, 1.0, 0.0, 1.0, 0.0, 0.0, 1.0, 0.0, 0.0, 0.0, 1.0, 0.0, 0.0, 1.0, 0.0, 0.0, 1.0, 0.0, 0.0, 1.0, 1.0, 0.0, 0.0, 1.0, 0.0, 0.0, 0.0, 1.0, 0.0, 0.0, 0.0, 1.0, 1.0, 0.0, 0.0, 0.0, 1.0, 0.0, 0.0, 1.0, 0.0, 0.0, 0.0, 1.0, 1.0, 0.0, 0.0, 0.0, 1.0, 0.0, 0.0, 0.0, 1.0, 0.0, 0.0, 1.0, 1.0, 0.0, 0.0, 0.0, 0.0, 1.0, 0.0, 1.0, 0.0, 0.0, 0.0, 1.0, 1.0, 0.0, 0.0, 0.0, 0.0, 1.0, 0.0, 0.0, 1.0, 0.0, 0.0, 1.0, 0.0, 1.0, 0.0, 1.0, 0.0, 0.0, 1.0, 0.0, 0.0, 0.0, 0.0, 1.0, 0.0, 1.0, 0.0, 1.0, 0.0, 0.0, 0.0, 1.0, 0.0, 0.0, 0.0, 1[2024-10-14T10:34:22.279089][INFO][seed24] Dropping state 30
[2024-10-14T10:34:22.279364][INFO][seed40] Dropping state 0
.0, 0.0, 1.0, 0.0, 1.0, 0.0, 0.0, 0.0, 0.0, 1.0, 0.0, 0.0, 1.0, 0.0, 1.0, 0.0, 0.0, 1.0, 0.0, 1.0, 0.0, 0.0, 0.0, 0.0, 1.0, 0.0, 1.0, 0.0, 0.0, 1.0, 0.0, 0.0, 1.0, 0.0, 0.0, 0.0, 1.0, 0.0, 1.0, 0.0, 0.0, 1.0, 0.0, 0.0, 0.0, 1.0, 0.0, 0.0, 1.0, 0.0, 1.0, 0.0, 0.0, 0.0, 1.0, 1.0, 0.0, 0.0, 0.0, 0.0, 1.0, 0.0, 0.0, 1.0, 1.0, 0.0, 0.0, 1.0, 0.0, 0.0, 0.0, 0.0, 1.0, 0.0, 0.0, 1.0, 1.0, 0.0, 0.0, 0.0, 1.0, 0.0, 0.0, 0.0, 1.0, 0.0, 0.0, 1.0, 1.0, 0.0, 0.0, 0.0, 0.0, 1.0, 0.0, 0.0, 1.0, 0.0, 0.0, 1.0, 0.0, 1.0, 0.0, 1.0, 0.0, 0.0, 0.0, 0.0, 1.0, 0.0, 0.0, 1.0, 0.0, 1.0, 0.0, 0.0, 1.0, 0.0, 0.0, 0.0, 1.0, 0.0, 0.0, 1.0, 0.0, 0.0, 1.0, 1.0, 0.0, 0.0, 0.0, 0.0, 1.0, 0.0, 0.0, 1.0, 0.0, 0.0, 1.0, 0.0, 1.0, 0.0, 0.0, 0.0, 1.0, 0.0, 0.0, 1.0, 0.0, 0.0, 1.0, 0.0, 0.0, 1.0]]

[2024-10-14T10:34:22.280172][INFO][seed12] Dropping state 12
[2024-10-14T10:34:22.280933][INFO][seed24] Dropping state 29
[2024-10-14T10:34:22.282482][INFO][seed12] Dropping state 11
[2024-10-14T10:34:22.283015][INFO][seed24] Dropping state 26
[2024-10-14T10:34:22.279422][INFO][seed5] Starting logger with seed 5
[2024-10-14T10:34:22.283917][INFO][seed40] U cardinality: 58
[2024-10-14T10:34:22.284855][INFO][seed4] Dropping state 66
[2024-10-14T10:34:22.285054][INFO][seed12] Dropping state 10
[2024-10-14T10:34:22.284202][INFO][seed24] Dropping state 22
[2024-10-14T10:34:22.285876][INFO][seed28] Dropping state 66
[2024-10-14T10:34:22.287206][INFO][seed12] Dropping state 8
[2024-10-14T10:34:22.288979][INFO][seed5] simple_nparents2_nzr04_zdr05_ysize3_5
[2024-10-14T10:34:22.288894][INFO][seed0] 
[2024-10-14T10:34:22.286198][INFO][seed24] Dropping state 21
[2024-10-14T10:34:22.291312][INFO][seed28] Dropping state 64
[2024-10-14T10:34:22.290068][INFO][seed12] Dropping state 7
[2024-10-14T10:34:22.293545][INFO][seed12] Dropping state 4
[P([5]) [0.147, 0.853], P([4]) [0.64, 0.36], P([3]) [0.001, 0.001, 0.0, 0.0, 0.0, 0.001, 0.0, 0.0, 0.0, 0.0, 0.001, 0.0, 0.001, 0.0, 0.001, 0.003, 0.001, 0.001, 0.001, 0.003, 0.0, 0.001, 0.0, 0.0, 0.001, 0.001, 0.0, 0.001, 0.0, 0.0, 0.0, 0.0, 0.0, 0.001, 0.001, 0.0, 0.001, 0.001, 0.001, 0.0, 0.001, 0.0, 0.001, 0.001, 0.001, 0.0, 0.007, 0.0, 0.001, 0.0, 0.0, 0.001, 0.001, 0.0, 0.0, 0.001, 0.007, 0.001, 0.953, 0.0], P([2, 5]) [1.0, 0.0, 0.0, 1.0], P([1, 4]) [1.0, 0.0, 0.0, 1.0], P([0, 1, 2, 3]) [1.0, 0.0, 0.0, 1.0, 0.0, 0.0, 1.0, 0.0, 0.0, 1.0, 0.0, 0.0, 1.0, 0.0, 0.0, 1.0, 0.0, 0.0, 1.0, 0.0, 0.0, 0.0, 1.0, 0.0, 1.0, 0.0, 0.0, 1.0, 0.0, 0.0, 0.0, 1.0, 0.0, 1.0, 0.0, 0.0, 1.0, 0.0, 0.0, 1.0, 0.0, 0.0, 0.0, 1.0, 0.0, 0.0, 1.0, 0.0, 1.0, 0.0, 0.0, 1.0, 0.0, 0.0, 0.0, 0.0, 1.0, 0.0, 1.0, 0.0, 1.0, 0.0, 0.0, 0.0, 1.0, 0.0, 1.0, 0.0, 0.0, 1.0, 0.0, 0.0, 1.0, 0.0, 0.0, 0.0, 1.0, 0.0, 1.0, 0.0, 0.0, 0.0, 0.0, 1.0, 1.0, 0.0, 0.0, 0.0, 1.0, 0.0, 0.0, 1.0, 0.0, 1.0, 0.0, 0.0, 1.0, 0.0, 0.0, 0.0, 1.0, 0.0, 0.0, 1.0, 0.0, [2024-10-14T10:34:22.287782][INFO][seed24] Dropping state 17
[2024-10-14T10:34:22.293986][INFO][seed28] Dropping state 63
0.0, 0.0, 1.0, 1.0, 0.0, 0.0, 0.0, 1.0, 0.0, 0.0, 0.0, 1.0, 1.0, 0.0, 0.0, 1.0, 0.0, 0.0, 0.0, 1.0, 0.0, 0.0, 0.0, 1.0, 0.0, 0.0, 1.0, 1.0, 0.0, 0.0, 0.0, 0.0, 1.0, 1.0, 0.0, 0.0, 1.0, 0.0, 0.0, 1.0, 0.0, 0.0, 0.0, 0.0, 1.0, 1.0, 0.0, 0.0, 0.0, 1.0, 0.0, 1.0, 0.0, 0.0, 0.0, 0.0, 1.0, 1.0, 0.0, 0.0, 0.0, 0.0, 1.0, 1.0, 0.0, 0.0, 0.0, 0.0, 1.0, 0.0, 1.0, 0.0, 0.0, 1.0, 0.0, 1.0, 0.0, 0.0, 0.0, 0.0, 1.0, 0.0, 1.0, 0.0, 0.0, 0.0, 1.0, 1.0, 0.0, 0.0, 0.0, 0.0, 1.0, 0.0, 0.0, 1.0, 0.0, 1.0, 0.0, 1.0, 0.0, 0.0, 0.0, 0.0, 1.0, 0.0, 0.0, 1.0, 0.0, 0.0, 1.0, 0.0, 1.0, 0.0, 1.0, 0.0, 0.0, 1.0, 0.0, 0.0, 1.0, 0.0, 0.0, 0.0, 1.0, 0.0, 1.0, 0.0, 0.0, 1.0, 0.0, 0.0, 0.0, 0.0, 1.0, 0.0, 1.0, 0.0, 1.0, 0.0, 0.0, 0.0, 1.0, 0.0, 0.0, 1.0, 0.0, 0.0, 1.0, 0.0, 1.0, 0.0, 0.0, 0.0, 1.0, 0.0, 0.0, 0.0, 1.0, 0.0, 1.0, 0.0, 1.0, 0.0, 0.0, 0.0, 0.0, 1.0, 1.0, 0.0, 0.0, 0.0, 1.0, 0.0, 0.0, 1.0, 0.0, 1.0, 0.0, 0.0, 1.0, 0.0, 0.0, 0.0, 1.0, 0.0, 0.0, 1.0, 0.0, 1.0, 0.0, 0.0, 0.0, 1.0, 0.0, 0.0, 1.0, 0.0, 0.0, 1.0, 0.0, 1.0, 0.0, 0.0, 0.0,[2024-10-14T10:34:22.288497][INFO][seed24] Dropping state 16
 0.0, 1.0, 0.0, 1.0, 0.0, 0.0, 1.0, 0.0, 0.0, 1.0, 0.0, 0.0, 1.0, 0.0, 0.0, 1.0, 0.0, 0.0, 1.0, 0.0, 0.0, 1.0, 0.0, 0.0, 0.0, 1.0, 0.0, 1.0, 0.0, 0.0, 1.0, 0.0, 0.0, 0.0, 1.0, 1.0, 0.0, 0.0, 0.0, 1.0, 0.0, 0.0, 1.0, 0.0, 0.0, 0.0, 1.0, 0.0, 1.0, 0.0, 0.0, 1.0, 0.0, 0.0, 0.0, 1.0, 1.0, 0.0, 0.0, 1.0, 0.0, 0.0, 0.0, 1.0, 0.0, 0.0, 0.0, 1.0, 1.0, 0.0, 0.0, 0.0, 1.0, 0.0, 0.0, 1.0, 0.0, 0.0, 0.0, 1.0, 1.0, 0.0, 0.0, 0.0, 0.0, 1.0, 0.0, 1.0, 0.0, 0.0, 0.0, 1.0, 0.0, 1.0, 0.0, 1.0, 0.0, 0.0, 0.0, 1.0, 0.0, 0.0, 0.0, 1.0, 0.0, 1.0, 0.0, 0.0, 1.0, 0.0, 0.0, 1.0, 0.0, 0.0, 0.0, 1.0, 0.0, 1.0, 0.0, 0.0, 0.0, 1.0, 0.0, 1.0, 0.0, 0.0, 0.0, 1.0, 0.0, 0.0, 1.0, 1.0, 0.0, 0.0, 0.0, 1.0, 0.0, 0.0, 0.0, 1.0, 0.0, 0.0, 1.0, 0.0, 0.0, 1.0, 0.0, 0.0, 1.0, 1.0, 0.0, 0.0, 1.0, 0.0, 0.0, 0.0, 1.0, 0.0, 0.0, 0.0, 1.0, 1.0, 0.0, 0.0, 1.0, 0.0, 0.0, 0.0, 0.0, 1.0, 0.0, 0.0, 1.0, 1.0, 0.0, 0.0, 0.0, 1.0, 0.0, 1.0, 0.0, 0.0, 0.0, 0.0, 1.0, 1.0, 0.0, 0.0, 0.0, 1.0, 0.0, 0.0, 0.0, 1.0, 0.0, 0.0, 1.0, 1.0, 0.0, 0.0, 0.0, 0.0, 1.0, 1.0, 0.0[2024-10-14T10:34:22.291542][INFO][seed24] Dropping state 15
, 0.0, 0.0, 0.0, 1.0, 1.0, 0.0, 0.0, 0.0, 0.0, 1.0, 0.0, 1.0, 0.0, 0.0, 0.0, 1.0, 1.0, 0.0, 0.0, 0.0, 0.0, 1.0, 0.0, 0.0, 1.0, 0.0, 0.0, 1.0, 0.0, 1.0, 0.0, 1.0, 0.0, 0.0, 1.0, 0.0, 0.0, 0.0, 0.0, 1.0, 0.0, 1.0, 0.0, 1.0, 0.0, 0.0, 0.0, 1.0, 0.0, 0.0, 0.0, 1.0, 0.0, 1.0, 0.0, 1.0, 0.0, 0.0, 0.0, 0.0, 1.0, 0.0, 0.0, 1.0, 0.0, 1.0, 0.0, 0.0, 1.0, 0.0, 1.0, 0.0, 0.0, 0.0, 0.0, 1.0, 0.0, 1.0, 0.0, 0.0, 1.0, 0.0, 0.0, 1.0, 0.0, 0.0, 0.0, 1.0, 0.0, 1.0, 0.0, 0.0, 0.0, 1.0, 0.0, 1.0, 0.0, 0.0, 0.0, 1.0, 0.0, 0.0, 1.0, 1.0, 0.0, 0.0, 1.0, 0.0, 0.0, 0.0, 0.0, 1.0, 0.0, 0.0, 1.0, 1.0, 0.0, 0.0, 0.0, 1.0, 0.0, 0.0, 0.0, 1.0, 0.0, 0.0, 1.0, 1.0, 0.0, 0.0, 0.0, 0.0, 1.0, 0.0, 0.0, 1.0, 0.0, 0.0, 1.0, 0.0, 1.0, 0.0, 1.0, 0.0, 0.0, 0.0, 0.0, 1.0, 0.0, 0.0, 1.0, 0.0, 1.0, 0.0, 0.0, 1.0, 0.0, 0.0, 0.0, 1.0, 0.0, 0.0, 1.0, 0.0, 1.0, 0.0, 0.0, 0.0, 1.0, 0.0, 0.0, 1.0, 0.0, 0.0, 1.0, 0.0, 0.0, 1.0, 1.0, 0.0, 0.0, 0.0, 0.0, 1.0, 0.0, 0.0, 1.0, 0.0, 0.0, 1.0, 0.0, 1.0, 0.0, 0.0, 0.0, 1.0, 0.0, 0.0, 1.0, 0.0, 0.0, 1.0, 0.0, 0.0, 1.0]]

[2024-10-14T10:34:22.295826][INFO][seed28] Dropping state 61
[2024-10-14T10:34:22.292764][INFO][seed24] Dropping state 13
[2024-10-14T10:34:22.296237][INFO][seed12] Dropping state 1
[2024-10-14T10:34:22.296714][INFO][seed4] Dropping state 64
[2024-10-14T10:34:22.297025][INFO][seed28] Dropping state 59
[2024-10-14T10:34:22.297880][INFO][seed28] Dropping state 57
[2024-10-14T10:34:22.295461][INFO][seed24] Dropping state 12
[2024-10-14T10:34:22.299657][INFO][seed7] U cardinality: 81
[2024-10-14T10:34:22.300306][INFO][seed24] Dropping state 7
[2024-10-14T10:34:22.300476][INFO][seed12] U cardinality: 54
[2024-10-14T10:34:22.298524][INFO][seed4] Dropping state 62
[2024-10-14T10:34:22.301025][INFO][seed28] Dropping state 50
[2024-10-14T10:34:22.301788][INFO][seed24] Dropping state 5
[2024-10-14T10:34:22.302148][INFO][seed28] Dropping state 45
[2024-10-14T10:34:22.302415][INFO][seed24] Dropping state 1
[2024-10-14T10:34:22.303693][INFO][seed4] Dropping state 58
[2024-10-14T10:34:22.304020][INFO][seed28] Dropping state 44
[2024-10-14T10:34:22.305486][INFO][seed28] Dropping state 42
[2024-10-14T10:34:22.305867][INFO][seed4] Dropping state 53
[2024-10-14T10:34:22.306157][INFO][seed28] Dropping state 39
[2024-10-14T10:34:22.307205][INFO][seed40] 
[P([5]) [0.246, 0.754], P([4]) [0.318, 0.682], P([3]) [0.001, 0.001, 0.0, 0.0, 0.001, 0.001, 0.0, 0.0, 0.001, 0.001, 0.0, 0.001, 0.001, 0.0, 0.0, 0.001, 0.0, 0.001, 0.0, 0.001, 0.498, 0.001, 0.01, 0.001, 0.0, 0.001, 0.002, 0.332, 0.0, 0.0, 0.001, 0.0, 0.0, 0.001, 0.0, 0.001, 0.0, 0.0, 0.0, 0.001, 0.001, 0.001, 0.001, 0.0, 0.0, 0.0, 0.001, 0.0, 0.0, 0.001, 0.0, 0.001, 0.0, 0.001, 0.001, 0.0, 0.001, 0.131], P([2, 5]) [1.0, 0.0, 0.0, 1.0], P([1, 4]) [1.0, 0.0, 0.0, 1.0], P([0, 1, 2, 3]) [1.0, 0.0, 0.0, 1.0, 0.0, 0.0, 1.0, 0.0, 0.0, 0.0, 1.0, 0.0, 1.0, 0.0, 0.0, 1.0, 0.0, 0.0, 0.0, 1.0, 0.0, 0.0, 1.0, 0.0, 1.0, 0.0, 0.0, 1.0, 0.0, 0.0, 0.0, 0.0, 1.0, 1.0, 0.0, 0.0, 1.0, 0.0, 0.0, 1.0, 0.0, 0.0, 0.0, 0.0, 1.0, 0.0, 0.0, 1.0, 1.0, 0.0, 0.0, 0.0, 1.0, 0.0, 1.0, 0.0, 0.0, 1.0, 0.0, 0.0, 1.0, 0.0, 0.0, 0.0, 1.0, 0.0, 1.0, 0.0, 0.0, 0.0, 1.0, 0.0, 1.0, 0.0, 0.0, 0.0, 1.0, 0.0, 1.0, 0.0, 0.0, 0.0, 0.0, 1.0, 1.0, 0.0, 0.0, 0.0, 1.0, 0.0, 0.0, 1.0, 0.0, 1.0, 0.0, 0.0, 1.0, 0.0, 0.0, 0.0, 1.0, 0.0, 0.0, 1.0, 0.0, 0.0, 1.0, 0.0, 1.0, 0.0, 0.0, 0.0, 1.0, 0.0, 0.0, 0.0, 1.0, 0.0, 1.0, 0.0, 1.0, 0.0, 0.0, 0.0, 1.0, 0.0, 0.0, 0.0, 1.0, 0.0, 0.0, 1.0, 1.0, 0.0, 0.0, 0.0, 0.0, 1.0, 1.0, 0.0, 0.0, 1.0, 0.0, 0.0, 1.0, 0.0, 0.0, 0.0, 0.0, 1.0, 0.0, 1.0, 0.0, 1.0, 0.0, 0.0, 1.0, 0.0, 0.0, 0.0, 0.0, 1.0, 0.0, 1.0, 0.0, 0.0, 1.0, 0.0, 1.0, 0.0, 0.0, 0.0, 0.0, 1.0, 0.0, 1.0, 0.0, 0.0, 0.0, 1.0, 1.0, 0.0, 0.0, 0.0, 0.0, 1.0, 0.0, 0.0, 1.0, 0.0, 1.0, 0.0, 1.0, 0.0, 0.0, 0.0, 0.0, 1.0, 0.0, 0.0, 1.0, 0.0, 0.0, 1.0, 0.0, 1.0, 0.0, 1.0, 0.0, 0.0, 1.0, 0.0, 0.0, 1.0, 0.0, 0.0, 0.0, 1.0, 0.0, 1.0, 0.0, 0.0, 1.0, 0.0, 0.0, 0.0, 1.0, 0.0, 0.0, 1.0, 0.0, 1.0, 0.0, 0.0, 0.0, 1.0, 0.0, 1.0, 0.0, 0.0, 0.0, 1.0, 0.0, 1.0, 0.0, 0.0, 0.0, 1.0, 0.0, 0.0, 1.0, 0.0, 0.0, 1.0, 0.0, 1.0, 0.0, 0.0, 0.0, 0.0, 1.0, 0.0, 1.0, 0.0, 0.0, 1.0, 0.0, 1.0, 0.0, 0.0, 0.0, 0.0, 1.0, 0.0, 0.0, 1.0, 0.0, 1.0, 0.0, 0.0, 1.0, 0.0, 0.0, 1.0, 0.0, 1.0, 0.0, 0.0, 0.0, 1.0, 0.0, 0.0, 1.0, 0.0, 0.0, 1.0, 0.0, 0.0, 1.0, 0.0, 0.0, 1.0, 0.0, 0.0, 1.0, 0.0, 0.0, 0.0, 1.0, 1.0, 0.0, 0.0, 0.0, 1.0, 0.0, 0.0, 1.0, 0.0, 0.0, 0.0, 1.0, 0.0, 1.0, 0.0, 0.0, 1.0, 0.0, 0.0, 1.0, 0.0, 0.0, 0.0, 1.0, 0.0, 0.0, 1.0, 0.0, 1.0, 0.0, 0.0, 0.0, 1.0, 1.0, 0.0, 0.0, 0.0, 1.0, 0.0, 0.0, 1.0, 0.0, 0.0, 0.0, 1.0, 1.0, 0.0, 0.0, 0.0, 0.0, 1.0, 0.0, 1.0, 0.0, 0.0, 0.0, 1.0, 0.0, 1.0, 0.0, 1.0, 0.0, 0.0, 0.0, 1.0, 0.0, 0.0, 0.0, 1.0, 0.0, 1.0, 0.0, 0.0, 1.0, 0.0, 0.0, 1.0, 0.0, 0.0, 0.0, 1.0, 0.0, 1.0, 0.0, 0.0, 0.0, 1.0, 0.0, 1.0, 0.0, 0.0, 0.0, 1.0, 0.0, 0.0, 1.0, 1.0, 0.0, 0.0, 0.0, 1.0, 0.0, 0.0, 0.0, 1.0, 0.0, 0.0, 1.0, 0.0, 1.0, 0.0, 0.0, 1.0, 0.0, 0.0, 0.0, 1.0, 0.0, 0.0, 1.0, 0.0, 0.0, 1.0, 0.0, 0.0, 1.0, 1.0, 0.0, 0.0, 1.0, 0.0, 0.0, 1.0, 0.0, 0.0, 0.0, 0.0, 1.0, 1.0, 0.0, 0.0, 1.0, 0.0, 0.0, 0.0, 0.0, 1.0, 0.0, 0.0, 1.0, 1.0, 0.0, 0.0, 0.0, 1.0, 0.0, 0.0, 1.0, 0.0, 0.0, 0.0, 1.0, 1.0, 0.0, 0.0, 0.0, 1.0, 0.0, 0.0, 0.0, 1.0, 0.0, 0.0, 1.0, 1.0, 0.0, 0.0, 0.0, 0.0, 1.0, 1.0, 0.0, 0.0, 0.0, 0.0, 1.0, 1.0, 0.0, 0.0, 0.0, 0.0, 1.0, 0.0, 1.0, 0.0, 0.0, 0.0, 1.0, 1.0, 0.0, 0.0, 0.0, 0.0, 1.0, 0.0, 0.0, 1.0, 0.0, 0.0, 1.0, 0.0, 1.0, 0.0, 1.0, 0.0, 0.0, 1.0, 0.0, 0.0, 0.0, 0.0, 1.0, 0.0, 1.0, 0.0, 1.0, 0.0, 0.0, 0.0, 1.0, 0.0, 0.0, 0.0, 1.0, 0.0, 1.0, 0.0, 0.0, 1.0, 0.0, 1.0, 0.0, 0.0, 0.0, 0.0, 1.0, 0.0, 1.0, 0.0, 0.0, 0.0, 1.0, 1.0, 0.0, 0.0, 0.0, 0.0, 1.0, 0.0, 1.0, 0.0, 0.0, 0.0, 1.0, 0.0, 1.0, 0.0, 0.0, 0.0, 1.0, 0.0, 1.0, 0.0, 0.0, 0.0, 1.0, 0.0, 0.0, 1.0, 0.0, 0.0, 1.0, 0.0, 0.0, 1.0, 1.0, 0.0, 0.0, 1.0, 0.0, 0.0, 0.0, 0.0, 1.0, 0.0, 0.0, 1.0, 1.0, 0.0, 0.0, 0.0, 1.0, 0.0, 0.0, 0.0, 1.0, 0.0, 0.0, 1.0, 1.0, 0.0, 0.0, 0.0, 0.0, 1.0, 0.0, 0.0, 1.0, 0.0, 0.0, 1.0, 0.0, 1.0, 0.0, 1.0, 0.0, 0.0, 0.0, 0.0, 1.0, 0.0, 0.0, 1.0, 0.0, 1.0, 0.0, 0.0, 1.0, 0.0, 0.0, 0.0, 1.0, 0.0, 0.0, 1.0, 0.0, 1.0, 0.0, 0.0, 0.0, 1.0, 0.0, 0.0, 1.0, 0.0, 0.0, 1.0, 0.0, 0.0, 1.0, 1.0, 0.0, 0.0, 0.0, 0.0, 1.0, 0.0, 0.0, 1.0, 0.0, 0.0, 1.0, 0.0, 1.0, 0.0, 0.0, 0.0, 1.0, 0.0, 0.0, 1.0, 0.0, 0.0, 1.0, 0.0, 0.0, 1.0]]

[2024-10-14T10:34:22.308355][INFO][seed24] U cardinality: 59
[2024-10-14T10:34:22.309525][INFO][seed28] Dropping state 30
[2024-10-14T10:34:22.310079][INFO][seed7] !0 = [0, 4, 8, 13, 14, 17, 18, 23, 25, 28, 30, 31, 32, 33, 34, 37, 38, 40, 42, 43, 46, 47, 48, 52, 56, 58, 62, 63, 64, 67, 72, 79]
[2024-10-14T10:34:22.311431][INFO][seed7] 0 = [1, 2, 3, 5, 6, 7, 9, 10, 11, 12, 15, 16, 19, 20, 21, 22, 24, 26, 27, 29, 35, 36, 39, 41, 44, 45, 49, 50, 51, 53, 54, 55, 57, 59, 60, 61, 65, 66, 68, 69, 70, 71, 73, 74, 75, 76, 77, 78, 80]
[2024-10-14T10:34:22.315112][INFO][seed4] Dropping state 52
[2024-10-14T10:34:22.311601][INFO][seed28] Dropping state 26
[2024-10-14T10:34:22.315801][INFO][seed12] 
[2024-10-14T10:34:22.316586][INFO][seed4] Dropping state 41
[2024-10-14T10:34:22.319824][INFO][seed28] Dropping state 18
[2024-10-14T10:34:22.321889][INFO][seed28] Dropping state 16
[2024-10-14T10:34:22.323068][INFO][seed28] Dropping state 14
[2024-10-14T10:34:22.320259][INFO][seed7] Dropping state 80
[P([5]) [0.213, 0.787], P([4]) [0.442, 0.558], P([3]) [0.0, 0.001, 0.0, 0.001, 0.001, 0.0, 0.001, 0.0, 0.0, 0.001, 0.001, 0.001, 0.0, 0.001, 0.001, 0.022, 0.001, 0.0, 0.001, 0.002, 0.0, 0.0, 0.0, 0.004, 0.001, 0.0, 0.0, 0.001, 0.001, 0.001, 0.0, 0.001, 0.0, 0.001, 0.001, 0.001, 0.0, 0.0, 0.0, 0.001, 0.001, 0.369, 0.005, 0.001, 0.252, 0.0, 0.0, 0.001, 0.0, 0.001, 0.0, 0.001, 0.321, 0.0], P([2, 5]) [1.0, 0.0, 0.0, 1.0], P([1, 4]) [1.0, 0.0, 0.0, 1.0], P([0, 1, 2, 3]) [1.0, 0.0, 0.0, 1.0, 0.0, 0.0, 1.0, 0.0, 0.0, 1.0, 0.0, 0.0, 1.0, 0.0, 0.0, 1.0, 0.0, 0.0, 1.0, 0.0, 0.0, 0.0, 0.0, 1.0, 1.0, 0.0, 0.0, 1.0, 0.0, 0.0, 0.0, 1.0, 0.0, 1.0, 0.0, 0.0, 1.0, 0.0, 0.0, 1.0, 0.0, 0.0, 0.0, 1.0, 0.0, 0.0, 0.0, 1.0, 1.0, 0.0, 0.0, 1.0, 0.0, 0.0, 0.0, 0.0, 1.0, 1.0, 0.0, 0.0, 1.0, 0.0, 0.0, 0.0, 1.0, 0.0, 1.0, 0.0, 0.0, 1.0, 0.0, 0.0, 1.0, 0.0, 0.0, 0.0, 1.0, 0.0, 0.0, 1.0, 0.0, 0.0, 1.0, 0.0, 1.0, 0.0, 0.0, 0.0, 1.0, 0.0, 0.0, 1.0, 0.0, 0.0, 0.0, 1.0, 1.0, 0.0, 0.0, 0.0, 1.0, 0.0, 0.0, 0.0, 1.0, 1.0, 0.0, 0.0, 1.0, 0.0, 0.0, 0.0, 1.0, 0.0, 0.0, 0.0, 1.0, 0.0, 1.0, 0.0, 1.0, 0.0, 0.0, 0.0, 1.0, 0.0, 0.0, 0.0, 1.0, 0.0, 0.0, 1.0, 1.0, 0.0, 0.0, 0.0, 0.0, 1.0, 1.0, 0.0, 0.0, 1.0, 0.0, 0.0, 1.0, 0.0, 0.0, 0.0, 0.0, 1.0, 1.0, 0.0, 0.0, 0.0, 1.0, 0.0, 1.0, 0.0, 0.0, 0.0, 0.0, 1.0, 1.0, 0.0, 0.0, 0.0, 0.0, 1.0, 1.0, 0.0, 0.0, 0.0, 0.0, 1.0, 0.0, 1.0, 0.0, 1.0, 0.0, 0.0, 1.0, 0.0, 0.0, 0.0, 0.0, 1.0, 0.0, 1.0, 0.0, 0.0, 1.0, 0.0, 1.0, 0.0, 0.0, 0.0, 0.0, 1.0, 0.0, 1.0, 0.0, 0.0, 0.0, 1.0, 1.0, 0.0, 0.0, 0.0, 0.0, 1.0, 0.0, 0.0, 1.0, 0.0, 1.0, 0.0, 1.0, 0.0, 0.0, 0.0, 0.0, 1.0, 0.0, 0.0, 1.0, 0.0, 0.0, 1.0, 0.0, 1.0, 0.0, 1.0, 0.0, 0.0, 1.0, 0.0, 0.0, 1.0, 0.0, 0.0, 0.0, 1.0, 0.0, 1.0, 0.0, 0.0, 1.0, 0.0, 0.0, 0.0, 1.0, 0.0, 0.0, 1.0, 0.0, 1.0, 0.0, 0.0, 1.0, 0.0, 0.0, 0.0, 0.0, 1.0, 0.0, 1.0, 0.0, 1.0, 0.0, 0.0, 0.0, 1.0, 0.0, 1.0, 0.0, 0.0, 0.0, 1.0, 0.0, 1.0, 0.0, 0.0, 0.0, 0.0, 1.0, 0.0, 1.0, 0.0, 0.0, 1.0, 0.0, 0.0, 1.0, 0.0, 1.0, 0.0, 0.0, 1.0, 0.0, 0.0, 0.0, 1.0, 0.0, 0.0, 1.0, 0.0, 1.0, 0.0, 0.0, 0.0, 1.0, 0.0, 0.0, 1.0, 0.0, 0.0, 1.0, 0.0, 1.0, 0.0, 0.0, 0.0, 0.0, 1.0, 0.0, 1.0, 0.0, 0.0, 1.0, 0.0, 0.0, 1.0, 0.0, 1.0, 0.0, 0.0, 0.0, 1.0, 0.0, 0.0, 1.0, 0.0, 0.0, 1.0, 0.0, 0.0, 1.0, 0.0, 0.0, 1.0, 0.0, 0.0, 1.0, 0.0, 0.0, 0.0, 1.0, 0.0, 1.0, 0.0, 0.0, 1.0, 0.0, 0.0, 0.0, 1.0, 1.0, 0.0, 0.0, 1.0, 0.0, 0.0, 0.0, 1.0, 0.0, 0.0, 0.0, 1.0, 1.0, 0.0, 0.0, 0.0, 1.0, 0.0, 0.0, 1.0, 0.0, 0.0, 0.0, 1.0, 1.0, 0.0, 0.0, 0.0, 0.0, 1.0, 0.0, 1.0, 0.0, 0.0, 0.0, 1.0, 0.0, 1.0, 0.0, 1.0, 0.0, 0.0, 0.0, 1.0, 0.0, 0.0, 0.0, 1.0, 0.0, 1.0, 0.0, 0.0, 1.0, 0.0, 0.0, 1.0, 0.0, 0.0, 0.0, 1.0, 0.0, 1.0, 0.0, 0.0, 0.0, 1.0, 0.0, 1.0, 0.0, 0.0, 0.0, 1.0, 0.0, 0.0, 1.0, 0.0, 0.0, 1.0, 0.0, 0.0, 1.0, 1.0, 0.0, 0.0, 1.0, 0.0, 0.0, 0.0, 1.0, 0.0, 0.0, 0.0, 1.0, 1.0, 0.0, 0.0, 0.0, 1.0, 0.0, 1.0, 0.0, 0.0, 0.0, 0.0, 1.0, 1.0, 0.0, 0.0, 0.0, 0.0, 1.0, 0.0, 1.0, 0.0, 0.0, 0.0, 1.0, 1.0, 0.0, 0.0, 0.0, 0.0, 1.0, 0.0, 0.0, 1.0, 0.0, 0.0, 1.0, 0.0, 1.0, 0.0, 1.0, 0.0, 0.0, 0.0, 1.0, 0.0, 0.0, 0.0, 1.0, 0.0, 1.0, 0.0, 1.0, 0.0, 0.0, 0.0, 0.0, 1.0, 0.0, 0.0, 1.0, 0.0, 1.0, 0.0, 0.0, 1.0, 0.0, 1.0, 0.0, 0.0, 0.0, 0.0, 1.0, 0.0, 1.0, 0.0, 0.0, 1.0, 0.0, 0.0, 1.0, 0.0, 0.0, 0.0, 1.0, 0.0, 1.0, 0.0, 0.0, 1.0, 0.0, 0.0, 0.0, 1.0, 0.0, 0.0, 1.0, 0.0, 1.0, 0.0, 0.0, 0.0, 1.0, 0.0, 1.0, 0.0, 0.0, 0.0, 1.0, 0.0, 0.0, 1.0, 1.0, 0.0, 0.0, 1.0, 0.0, 0.0, 0.0, 0.0, 1.0, 0.0, 0.0, 1.0, 1.0, 0.0, 0.0, 0.0, 0.0, 1.0, 0.0, 0.0, 1.0, 0.0, 0.0, 1.0, 0.0, 1.0, 0.0, 1.0, 0.0, 0.0, 0.0, 0.0, 1.0, 0.0, 0.0, 1.0, 0.0, 1.0, 0.0, 0.0, 1.0, 0.0, 0.0, 0.0, 1.0, 0.0, 0.0, 1.0, 0.0, 1.0, 0.0, 0.0, 0.0, 1.0, 0.0, 0.0, 1.0, 0.0, 0.0, 1.0, 0.0, 0.0, 1.0, 0.0, 1.0, 0.0, 0.0, 0.0, 1.0, 0.0, 0.0, 1.0, 0.0, 0.0, 1.0, 0.0, 0.0, 1.0]]

[2024-10-14T10:34:22.319286][INFO][seed4] Dropping state 34
[2024-10-14T10:34:22.320568][INFO][seed4] Dropping state 33
[2024-10-14T10:34:22.322541][INFO][seed4] Dropping state 30
[2024-10-14T10:34:22.324269][INFO][seed4] Dropping state 20
[2024-10-14T10:34:22.324906][INFO][seed4] Dropping state 17
[2024-10-14T10:34:22.324052][INFO][seed28] Dropping state 9
[2024-10-14T10:34:22.326106][INFO][seed28] Dropping state 6
[2024-10-14T10:34:22.321642][INFO][seed7] Dropping state 78
[2024-10-14T10:34:22.326804][INFO][seed7] Dropping state 73
[2024-10-14T10:34:22.327768][INFO][seed28] Dropping state 5
[2024-10-14T10:34:22.327857][INFO][seed4] Dropping state 14
[2024-10-14T10:34:22.295824][INFO][seed50] Set up logging
[2024-10-14T10:34:22.329608][INFO][seed4] Dropping state 8
[2024-10-14T10:34:22.329541][INFO][seed50] args: -np;2;-nzr;0.4;-zdr;0.5;-o;/mnt/beegfs/rcabanas/dev/credici/papers/zeros/models/s3;-rw;-s;50;-ys;3
[2024-10-14T10:34:22.330221][INFO][seed7] Dropping state 71
[2024-10-14T10:34:22.330629][INFO][seed27] U cardinality: 81
[2024-10-14T10:34:22.330968][INFO][seed24] 
[P([5]) [0.238, 0.762], P([4]) [0.079, 0.921], P([3]) [0.0, 0.0, 0.001, 0.001, 0.001, 0.001, 0.003, 0.001, 0.0, 0.001, 0.0, 0.001, 0.001, 0.0, 0.0, 0.0, 0.001, 0.001, 0.0, 0.0, 0.001, 0.0, 0.012, 0.0, 0.0, 0.0, 0.001, 0.001, 0.0, 0.0, 0.807, 0.001, 0.001, 0.001, 0.001, 0.0, 0.0, 0.0, 0.001, 0.001, 0.0, 0.001, 0.001, 0.0, 0.0, 0.0, 0.001, 0.0, 0.001, 0.001, 0.0, 0.0, 0.0, 0.001, 0.001, 0.001, 0.001, 0.0, 0.15], P([2, 5]) [1.0, 0.0, 0.0, 1.0], P([1, 4]) [1.0, 0.0, 0.0, 1.0], P([0, 1, 2, 3]) [1.0, 0.0, 0.0, 1.0, 0.0, 0.0, 1.0, 0.0, 0.0, 1.0, 0.0, 0.0, 1.0, 0.0, 0.0, 1.0, 0.0, 0.0, 1.0, 0.0, 0.0, 0.0, 0.0, 1.0, 1.0, 0.0, 0.0, 1.0, 0.0, 0.0, 0.0, 1.0, 0.0, 1.0, 0.0, 0.0, 1.0, 0.0, 0.0, 1.0, 0.0, 0.0, 0.0, 1.0, 0.0, 0.0, 1.0, 0.0, 1.0, 0.0, 0.0, 1.0, 0.0, 0.0, 0.0, 0.0, 1.0, 1.0, 0.0, 0.0, 1.0, 0.0, 0.0, 1.0, 0.0, 0.0, 0.0, 0.0, 1.0, 0.0, 0.0, 1.0, 1.0, 0.0, 0.0, 0.0, 1.0, 0.0, 1.0, 0.0, 0.0, 1.0, 0.0, 0.0, 1.0, 0.0, 0.0, 0.0, 1.0, 0.0, 1.0, 0.0, 0.0, 0.0, 1.0, 0.0, 1.0, 0.0, 0.0, 0.0, 1.0, 0.0, 1.0, 0.0, 0.0, 0.0, 0.0, 1.0, 1.0, 0.0, 0.0, 0.0, 1.0, 0.0, 0.0, 1.0, 0.0, 0.0, 0.0, 1.0, 1.0, 0.0, 0.0, 0.0, 0.0, 1.0, 1.0, 0.0, 0.0, 1.0, 0.0, 0.0, 1.0, 0.0, 0.0, 0.0, 0.0, 1.0, 1.0, 0.0, 0.0, 0.0, 1.0, 0.0, 1.0, 0.0, 0.0, 0.0, 0.0, 1.0, 1.0, 0.0, 0.0, 0.0, 0.0, 1.0, 1.0, 0.0, 0.0, 0.0, 0.0, 1.0, 0.0, 1.0, 0.0, 0.0, 0.0, 1.0, 1.0, 0.0, 0.0, 0.0, 0.0, 1.0, 0.0, 0.0, 1.0, 1.0, 0.0, 0.0, 1.0, 0.0, 0.0, 0.0, 0.0, 1.0, 0.0, 0.0, 1.0, 0.0, 1.0, 0.0, 0.0, 1.0, 0.0, 1.0, 0.0, 0.0, 1.0, 0.0, 0.0, 1.0, 0.0, 0.0, 0.0, 1.0, 0.0, 1.0, 0.0, 0.0, 1.0, 0.0, 0.0, 0.0, 1.0, 0.0, 0.0, 1.0, 0.0, 1.0, 0.0, 0.0, 0.0, 1.0, 0.0, 0.0, 0.0, 1.0, 0.0, 1.0, 0.0, 1.0, 0.0, 0.0, 0.0, 0.0, 1.0, 1.0, 0.0, 0.0, 0.0, 1.0, 0.0, 1.0, 0.0, 0.0, 0.0, 0.0, 1.0, 0.0, 1.0, 0.0, 0.0, 1.0, 0.0, 1.0, 0.0, 0.0, 0.0, 0.0, 1.0, 0.0, 0.0, 1.0, 0.0, 1.0, 0.0, 0.0, 1.0, 0.0, 1.0, 0.0, 0.0, 1.0, 0.0, 0.0, 0.0, 1.0, 0.0, 0.0, 1.0, 0.0, 0.0, 1.0, 0.0, 0.0, 1.0, 0.0, 0.0, 1.0, 0.0, 0.0, 1.0, 0.0, 0.0, 1.0, 0.0, 0.0, 0.0, 1.0, 0.0, 1.0, 0.0, 0.0, 1.0, 0.0, 0.0, 0.0, 1.0, 1.0, 0.0[2024-10-14T10:34:22.331709][INFO][seed50] Starting logger with seed 50
[2024-10-14T10:34:22.333236][INFO][seed28] U cardinality: 57
, 0.0, 0.0, 1.0, 0.0, 0.0, 1.0, 0.0, 0.0, 0.0, 1.0, 0.0, 1.0, 0.0, 0.0, 1.0, 0.0, 0.0, 1.0, 0.0, 0.0, 0.0, 1.0, 0.0, 0.0, 1.0, 0.0, 1.0, 0.0, 0.0, 0.0, 1.0, 1.0, 0.0, 0.0, 1.0, 0.0, 0.0, 0.0, 1.0, 0.0, 0.0, 0.0, 1.0, 1.0, 0.0, 0.0, 0.0, 1.0, 0.0, 0.0, 1.0, 0.0, 0.0, 0.0, 1.0, 1.0, 0.0, 0.0, 0.0, 0.0, 1.0, 0.0, 1.0, 0.0, 0.0, 0.0, 1.0, 0.0, 1.0, 0.0, 1.0, 0.0, 0.0, 0.0, 1.0, 0.0, 0.0, 0.0, 1.0, 0.0, 1.0, 0.0, 0.0, 0.0, 1.0, 0.0, 1.0, 0.0, 0.0, 0.0, 1.0, 0.0, 0.0, 1.0, 1.0, 0.0, 0.0, 0.0, 1.0, 0.0, 0.0, 0.0, 1.0, 0.0, 0.0, 1.0, 0.0, 0.0, 1.0, 0.0, 0.0, 1.0, 1.0, 0.0, 0.0, 1.0, 0.0, 0.0, 1.0, 0.0, 0.0, 0.0, 0.0, 1.0, 1.0, 0.0, 0.0, 1.0, 0.0, 0.0, 0.0, 1.0, 0.0, 0.0, 0.0, 1.0, 1.0, 0.0, 0.0, 1.0, 0.0, 0.0, 0.0, 0.0, 1.0, 0.0, 0.0, 1.0, 1.0, 0.0, 0.0, 0.0, 1.0, 0.0, 1.0, 0.0, 0.0, 0.0, 0.0, 1.0, 1.0, 0.0, 0.0, 0.0, 1.0, 0.0, 0.0, 1.0, 0.0, 0.0, 0.0, 1.0, 1.0, 0.0, 0.0, 0.0, 1.0, 0.0, 0.0, 0.0, 1.0, 0.0, 0.0, 1.0, 1.0, 0.0, 0.0, 0.0, 0.0, 1.0, 1.0, 0.0, 0.0, 0.0, 0.0, 1.0, 1.0, 0.0, 0.0, 0.0, 0.0, 1.0, 0.0, 1.0, 0.0, 0.0, 0.0, 1.0, 1.0, 0.0, 0.0, 0.0, 0.0, 1.0, 0.0, 0.0, 1.0, 0.0, 0.0, 1.0, 0.0, 1.0, 0.0, 1.0, 0.0, 0.0, 1.0, 0.0, 0.0, 0.0, 0.0, 1.0, 0.0, 1.0, 0.0, 1.0, 0.0, 0.0, 0.0, 1.0, 0.0, 0.0, 0.0, 1.0, 0.0, 1.0, 0.0, 1.0, 0.0, 0.0, 0.0, 0.0, 1.0, 0.0, 0.0, 1.0, 0.0, 1.0, 0.0, 0.0, 1.0, 0.0, 0.0, 1.0, 0.0, 0.0, 0.0, 1.0, 0.0, 1.0, 0.0, 0.0, 0.0, 1.0, 0.0, 1.0, 0.0, 0.0, 0.0, 1.0, 0.0, 1.0, 0.0, 0.0, 0.0, 1.0, 0.0, 0.0, 1.0, 0.0, 0.0, 1.0, 0.0, 0.0, 1.0, 1.0, 0.0, 0.0, 1.0, 0.0, 0.0, 0.0, 0.0, 1.0, 0.0, 0.0, 1.0, 1.0, 0.0, 0.0, 0.0, 1.0, 0.0, 0.0, 0.0, 1.0, 0.0, 0.0, 1.0, 1.0, 0.0, 0.0, 0.0, 0.0, 1.0, 0.0, 0.0, 1.0, 0.0, 0.0, 1.0, 0.0, 1.0, 0.0, 1.0, 0.0, 0.0, 0.0, 0.0, 1.0, 0.0, 0.0, 1.0, 0.0, 1.0, 0.0, 0.0, 1.0, 0.0, 0.0, 0.0, 1.0, 0.0, 0.0, 1.0, 0.0, 1.0, 0.0, 0.0, 0.0, 1.0, 0.0, 0.0, 1.0, 0.0, 0.0, 1.0, 0.0, 0.0, 1.0, 1.0, 0.0, 0.0, 0.0, 0.0, 1.0, 0.0, 0.0, 1.0, 0.0, 0.0, 1.0, 0.0, 1.0, 0.0, 0.0, 0.0, 1.0, 0.0, 0.0, 1.0, 0.0, 0.0, 1.0, 0.0, 0.0, 1.0]]

[2024-10-14T10:34:22.335639][INFO][seed4] Dropping state 7
[2024-10-14T10:34:22.336357][INFO][seed7] Dropping state 66
[2024-10-14T10:34:22.337186][INFO][seed4] Dropping state 5
[2024-10-14T10:34:22.338791][INFO][seed4] Dropping state 2
[2024-10-14T10:34:22.339458][INFO][seed4] Dropping state 0
[2024-10-14T10:34:22.339832][INFO][seed19] U cardinality: 81
[2024-10-14T10:34:22.340399][INFO][seed50] simple_nparents2_nzr04_zdr05_ysize3_50
[2024-10-14T10:34:22.341342][INFO][seed27] !0 = [0, 1, 2, 3, 8, 11, 12, 14, 18, 19, 20, 22, 23, 24, 25, 30, 31, 34, 36, 38, 39, 50, 51, 52, 53, 54, 56, 59, 62, 73, 78, 80]
[2024-10-14T10:34:22.342505][INFO][seed27] 0 = [4, 5, 6, 7, 9, 10, 13, 15, 16, 17, 21, 26, 27, 28, 29, 32, 33, 35, 37, 40, 41, 42, 43, 44, 45, 46, 47, 48, 49, 55, 57, 58, 60, 61, 63, 64, 65, 66, 67, 68, 69, 70, 71, 72, 74, 75, 76, 77, 79]
[2024-10-14T10:34:22.344416][INFO][seed4] U cardinality: 59
[2024-10-14T10:34:22.312824][INFO][seed32] Set up logging
[2024-10-14T10:34:22.348232][INFO][seed7] Dropping state 60
[2024-10-14T10:34:22.348795][INFO][seed32] args: -np;2;-nzr;0.4;-zdr;0.5;-o;/mnt/beegfs/rcabanas/dev/credici/papers/zeros/models/s3;-rw;-s;32;-ys;3
[2024-10-14T10:34:22.311724][INFO][seed39] Set up logging
[2024-10-14T10:34:22.349673][INFO][seed39] args: -np;2;-nzr;0.4;-zdr;0.5;-o;/mnt/beegfs/rcabanas/dev/credici/papers/zeros/models/s3;-rw;-s;39;-ys;3
[2024-10-14T10:34:22.350333][INFO][seed7] Dropping state 53
[2024-10-14T10:34:22.351418][INFO][seed27] Dropping state 79
[2024-10-14T10:34:22.351914][INFO][seed28] 
[P([5]) [0.807, 0.193], P([4]) [0.22, 0.78], P([3]) [0.001, 0.001, 0.512, 0.0, 0.0, 0.001, 0.001, 0.001, 0.002, 0.001, 0.0, 0.0, 0.001, 0.0, 0.0, 0.001, 0.0, 0.0, 0.001, 0.0, 0.0, 0.0, 0.087, 0.0, 0.001, 0.001, 0.001, 0.0, 0.0, 0.001, 0.001, 0.001, 0.001, 0.001, 0.001, 0.0, 0.001, 0.001, 0.0, 0.001, 0.0, 0.0, 0.001, 0.001, 0.001, 0.0, 0.0, 0.0, 0.001, 0.001, 0.0, 0.001, 0.0, 0.001, 0.0, 0.0, 0.371], P([2, 5]) [1.0, 0.0, 0.0, 1.0], P([1, 4]) [1.0, 0.0, 0.0, 1.0], P([0, 1, 2, 3]) [1.0, 0.0, 0.0, 1.0, 0.0, 0.0, 1.0, 0.0, 0.0, 1.0, 0.0, 0.0, 1.0, 0.0, 0.0, 1.0, 0.0, 0.0, 1.0, 0.0, 0.0, 0.0, 1.0, 0.0, 1.0, 0.0, 0.0, 1.0, 0.0, 0.0, 1.0, 0.0, 0.0, 0.0, 0.0, 1.0, 1.0, 0.0, 0.0, 1.0, 0.0, 0.0, 0.0, 1.0, 0.0, 1.0, 0.0, 0.0, 1.0, 0.0, 0.0, 1.0, 0.0, 0.0, 0.0, 1.0, 0.0, 0.0, 1.0, 0.0, 1.0, 0.0, 0.0, 1.0, 0.0, 0.0, 0.0, 0.0, 1.0, 0.0, 1.0, 0.0, 1.0, 0.0, 0.0, 1.0, 0.0, 0.0, 0.0, 0.0, 1.0, 0.0, 0.0, 1.0, 1.0, 0.0, 0.0, 0.0, 1.0, 0.0, 1.0, 0.0, 0.0, 0.0, 1.0, 0.0, 1.0, 0.0, 0.0, 0.0, 1.0, 0.0, 1.0, 0.0, 0.0, 0.0, 0.0, 1.0, [2024-10-14T10:34:22.352910][INFO][seed27] Dropping state 75
1.0, 0.0, 0.0, 0.0, 1.0, 0.0, 0.0, 1.0, 0.0, 1.0, 0.0, 0.0, 1.0, 0.0, 0.0, 0.0, 1.0, 0.0, 0.0, 1.0, 0.0, 0.0, 1.0, 0.0, 1.0, 0.0, 0.0, 0.0, 1.0, 0.0, 0.0, 0.0, 1.0, 1.0, 0.0, 0.0, 1.0, 0.0, 0.0, 0.0, 1.0, 0.0, 0.0, 0.0, 1.0, 0.0, 0.0, 1.0, 1.0, 0.0, 0.0, 0.0, 0.0, 1.0, 1.0, 0.0, 0.0, 0.0, 1.0, 0.0, 1.0, 0.0, 0.0, 0.0, 0.0, 1.0, 1.0, 0.0, 0.0, 0.0, 0.0, 1.0, 1.0, 0.0, 0.0, 0.0, 0.0, 1.0, 0.0, 1.0, 0.0, 1.0, 0.0, 0.0, 1.0, 0.0, 0.0, 0.0, 0.0, 1.0, 0.0, 1.0, 0.0, 0.0, 1.0, 0.0, 1.0, 0.0, 0.0, 0.0, 0.0, 1.0, 0.0, 1.0, 0.0, 0.0, 0.0, 1.0, 1.0, 0.0, 0.0, 0.0, 0.0, 1.0, 0.0, 0.0, 1.0, 1.0, 0.0, 0.0, 1.0, 0.0, 0.0, 0.0, 0.0, 1.0, 0.0, 0.0, 1.0, 0.0, 1.0, 0.0, 0.0, 1.0, 0.0, 1.0, 0.0, 0.0, 1.0, 0.0, 0.0, 1.0, 0.0, 0.0, 0.0, 1.0, 0.0, 1.0, 0.0, 0.0, 1.0, 0.0, 0.0, 0.0, 1.0, 0.0, 0.0, 1.0, 0.0, 1.0, 0.0, 0.0, 1.0, 0.0, 0.0, 0.0, 0.0, 1.0, 0.0, 1.0, 0.0, 1.0, 0.0, 0.0, 0.0, 1.0, 0.0, 0.0, 1.0, 0.0, 0.0, 1.0, 0.0, 1.0, 0.0, 0.0, 0.0, 1.0, 0.0, 0.0, 0.0, 1.0, 0.0, 1.0, 0.0, 1.0, 0.0, 0.0, 0.0, 0.0, 1.0, 1.0, 0.0, 0.0, 0.0, 1.0, 0.0, 1.0, 0.0, 0.0, 0.0, 0.0, 1.0, 0.0, 1.0, 0.0, 0.0, 1.0, 0.0, 1.0, 0.0, 0.0, 0.0, 0.0, 1.0, 0.0, 0.0, 1.0, 0.0, 1.0, 0.0, 0.0, 1.0, 0.0, 1.0, 0.0, 0.0, 1.0, 0.0, 0.0, 0.0, 1.0, 0.0, 0.0, 1.0, 0.0, 1.0, 0.0, 0.0, 0.0, 1.0, 0.0, 0.0, 1.0, 0.0, 0.0, 1.0, 0.0, 1.0, 0.0, 0.0, 0.0, 0.0, 1.0, 0.0, 1.0, 0.0, 0.0, 1.0, 0.0, 0.0, 1.0, 0.0, 0.0, 1.0, 0.0, 0.0, 1.0, 0.0, 0.0, 1.0, 0.0, 0.0, 1.0, 0.0, 0.0, 0.0, 1.0, 0.0, 1.0, 0.0, 0.0, 1.0, 0.0, 0.0, 0.0, 1.0, 0.0, 1.0, 0.0, 0.0, 1.0, 0.0, 0.0, 0.0, 1.0, 1.0, 0.0, 0.0, 0.0, 1.0, 0.0, 0.0, 1.0, 0.0, 0.0, 0.0, 1.0, 1.0, 0.0, 0.0, 0.0, 0.0, 1.0, 0.0, 1.0, 0.0, 0.0, 0.0, 1.0, 0.0, 1.0, 0.0, 1.0, 0.0, 0.0, 0.0, 1.0, 0.0, 0.0, 0.0, 1.0, 0.0, 1.0, 0.0, 0.0, 1.0, 0.0, 0.0, 1.0, 0.0, 0.0, 0.0, 1.0, 0.0, 0.0, 1.0, 1.0, 0.0, 0.0, 0.0, 1.0, 0.0, 0.0, 0.0, 1.0, 0.0, 0.0, 1.0, 0.0, 1.0, 0.0, 0.0, 1.0, 0.0, 0.0, 0.0, 1.0, 0.0, 0.0, 1.0, 0.0, 0.0, 1.0, 0.0, 0.0, 1.0, 1.0, 0.0, 0.0, 1.0, 0.0, 0.0, 1.0, 0.0, 0.0, 0.0, 0.0, 1.0, 1.0, 0.0, 0.0, 1.0, 0.0, 0.0, 0.0, 1.0, 0.0, 0.0, 0.0[2024-10-14T10:34:22.318857][INFO][seed16] Set up logging
, 1.0, 1.0, 0.0, 0.0, 1.0, 0.0, 0.0, 0.0, 0.0, 1.0, 0.0, 0.0, 1.0, 1.0, 0.0, 0.0, 0.0, 1.0, 0.0, 0.0, 1.0, 0.0, 0.0, 0.0, 1.0, 1.0, 0.0, 0.0, 0.0, 0.0, 1.0, 1.0, 0.0, 0.0, 0.0, 0.0, 1.0, 1.0, 0.0, 0.0, 0.0, 0.0, 1.0, 0.0, 0.0, 1.0, 0.0, 0.0, 1.0, 0.0, 1.0, 0.0, 1.0, 0.0, 0.0, 0.0, 0.0, 1.0, 0.0, 0.0, 1.0, 0.0, 1.0, 0.0, 0.0, 1.0, 0.0, 0.0, 1.0, 0.0, 0.0, 0.0, 1.0, 0.0, 1.0, 0.0, 0.0, 0.0, 1.0, 1.0, 0.0, 0.0, 0.0, 0.0, 1.0, 0.0, 1.0, 0.0, 0.0, 0.0, 1.0, 0.0, 0.0, 1.0, 0.0, 0.0, 1.0, 0.0, 0.0, 1.0, 1.0, 0.0, 0.0, 1.0, 0.0, 0.0, 0.0, 0.0, 1.0, 0.0, 0.0, 1.0, 0.0, 1.0, 0.0, 1.0, 0.0, 0.0, 0.0, 0.0, 1.0, 0.0, 0.0, 1.0, 0.0, 1.0, 0.0, 0.0, 1.0, 0.0, 0.0, 0.0, 1.0, 0.0, 0.0, 1.0, 0.0, 1.0, 0.0, 0.0, 0.0, 1.0, 0.0, 0.0, 1.0, 0.0, 0.0, 1.0, 0.0, 0.0, 1.0, 1.0, 0.0, 0.0, 0.0, 0.0, 1.0, 0.0, 0.0, 1.0, 0.0, 0.0, 1.0, 0.0, 0.0, 1.0]]

[2024-10-14T10:34:22.354223][INFO][seed16] args: -np;2;-nzr;0.4;-zdr;0.5;-o;/mnt/beegfs/rcabanas/dev/credici/papers/zeros/models/s3;-rw;-s;16;-ys;3
[2024-10-14T10:34:22.355474][INFO][seed7] Dropping state 51
[2024-10-14T10:34:22.356923][INFO][seed19] !0 = [2, 3, 11, 12, 17, 18, 23, 25, 28, 33, 36, 37, 38, 39, 41, 42, 43, 44, 46, 50, 53, 55, 59, 60, 61, 63, 66, 67, 70, 78, 79, 80]
[2024-10-14T10:34:22.357283][INFO][seed7] Dropping state 44
[2024-10-14T10:34:22.358301][INFO][seed27] Dropping state 74
[2024-10-14T10:34:22.358159][INFO][seed19] 0 = [0, 1, 4, 5, 6, 7, 8, 9, 10, 13, 14, 15, 16, 19, 20, 21, 22, 24, 26, 27, 29, 30, 31, 32, 34, 35, 40, 45, 47, 48, 49, 51, 52, 54, 56, 57, 58, 62, 64, 65, 68, 69, 71, 72, 73, 74, 75, 76, 77]
[2024-10-14T10:34:22.360576][INFO][seed7] Dropping state 39
[2024-10-14T10:34:22.361250][INFO][seed16] Starting logger with seed 16
[2024-10-14T10:34:22.361464][INFO][seed32] Starting logger with seed 32
[2024-10-14T10:34:22.361949][INFO][seed27] Dropping state 71
[2024-10-14T10:34:22.361511][INFO][seed9] U cardinality: 81
[2024-10-14T10:34:22.361879][INFO][seed7] Dropping state 36
[2024-10-14T10:34:22.362909][INFO][seed39] Starting logger with seed 39
[2024-10-14T10:34:22.364255][INFO][seed7] Dropping state 29
[2024-10-14T10:34:22.365493][INFO][seed7] Dropping state 27
[2024-10-14T10:34:22.367460][INFO][seed27] Dropping state 69
[2024-10-14T10:34:22.368553][INFO][seed7] Dropping state 26
[2024-10-14T10:34:22.369557][INFO][seed19] Dropping state 77
[2024-10-14T10:34:22.370655][INFO][seed7] Dropping state 20
[2024-10-14T10:34:22.371281][INFO][seed7] Dropping state 19
[2024-10-14T10:34:22.371650][INFO][seed4] 
[2024-10-14T10:34:22.372277][INFO][seed19] Dropping state 76
[P([5]) [0.898, 0.102], P([4]) [0.5, 0.5], P([3]) [0.0, 0.001, 0.001, 0.001, 0.001, 0.002, 0.001, 0.001, 0.842, 0.0, 0.0, 0.0, 0.0, 0.0, 0.071, 0.001, 0.0, 0.001, 0.001, 0.001, 0.001, 0.0, 0.0, 0.001, 0.0, 0.0, 0.0, 0.001, 0.0, 0.0, 0.001, 0.0, 0.001, 0.0, 0.0, 0.001, 0.0, 0.0, 0.001, 0.001, 0.001, 0.001, 0.0, 0.0, 0.001, 0.001, 0.001, 0.0, 0.001, 0.001, 0.0, 0.001, 0.0, 0.0, 0.001, 0.0, 0.001, 0.057, 0.0], P([2, 5]) [1.0, 0.0, 0.0, 1.0], P([1, 4]) [1.0, 0.0, 0.0, 1.0], P([0, 1, 2, 3]) [1.0, 0.0, 0.0, 1.0, 0.0, 0.0, 1.0, 0.0, 0.0, 0.0, 1.0, 0.0, 1.0, 0.0, 0.0, 1.0, 0.0, 0.0, 0.0, 1.0, 0.0, 1.0, 0.0, 0.0, 1.0, 0.0, 0.0, 1.0, 0.0, 0.0, 0.0, 1.0, 0.0, 0.0, 1.0, 0.0, 1.0, 0.0, 0.0, 1.0, 0.0, 0.0, 0.0, 0.0, 1.0, 1.0, 0.0, 0.0, 1.0, 0.0, 0.0, 0.0, 1.0, 0.0, 1.0, 0.0, 0.0, 1.0, 0.0, 0.0, 1.0, 0.0, 0.0, 0.0, 1.0, 0.0, 1.0, 0.0, 0.0, 0.0, 1.0, 0.0, 1.0, 0.0, 0.0, 0.0, 1.0, 0.0, 1.0, 0.0, 0.0, 0.0, 0.0, 1.0, 1.0, 0.0, 0.0, 0.0, 1.0, 0.0, 0.0, 1.0, 0.0, 1.0, 0.0, 0.0, 1.0, 0.0, 0.0, 0.0, 1.0, 0.0, 0.0, 1.0, 0.0, 0.0, 1.[2024-10-14T10:34:22.373032][INFO][seed9] !0 = [0, 1, 4, 5, 6, 9, 12, 13, 16, 19, 20, 23, 27, 30, 32, 34, 37, 42, 50, 53, 54, 57, 64, 67, 68, 69, 70, 71, 72, 75, 76, 80]
0, 0.0, 1.0, 0.0, 0.0, 0.0, 1.0, 0.0, 0.0, 0.0, 1.0, 1.0, 0.0, 0.0, 1.0, 0.0, 0.0, 0.0, 1.0, 0.0, 0.0, 0.0, 1.0, 0.0, 1.0, 0.0, 1.0, 0.0, 0.0, 0.0, 0.0, 1.0, 1.0, 0.0, 0.0, 1.0, 0.0, 0.0, 1.0, 0.0, 0.0, 0.0, 0.0, 1.0, 1.0, 0.0, 0.0, 0.0, 1.0, 0.0, 1.0, 0.0, 0.0, 0.0, 0.0, 1.0, 0.0, 1.0, 0.0, 1.0, 0.0, 0.0, 1.0, 0.0, 0.0, 0.0, 0.0, 1.0, 0.0, 1.0, 0.0, 0.0, 1.0, 0.0, 1.0, 0.0, 0.0, 0.0, 0.0, 1.0, 0.0, 1.0, 0.0, 0.0, 0.0, 1.0, 1.0, 0.0, 0.0, 0.0, 0.0, 1.0, 0.0, 0.0, 1.0, 1.0, 0.0, 0.0, 1.0, 0.0, 0.0, 0.0, 0.0, 1.0, 0.0, 0.0, 1.0, 0.0, 1.0, 0.0, 1.0, 0.0, 0.0, 0.0, 0.0, 1.0, 0.0, 0.0, 1.0, 0.0, 0.0, 1.0, 0.0, 1.0, 0.0, 1.0, 0.0, 0.0, 1.0, 0.0, 0.0, 1.0, 0.0, 0.0, 0.0, 1.0, 0.0, 1.0, 0.0, 0.0, 1.0, 0.0, 0.0, 0.0, 1.0, 0.0, 0.0, 1.0, 0.0, 1.0, 0.0, 0.0, 1.0, 0.0, 0.0, 0.0, 0.0, 1.0, 0.0, 1.0, 0.0, 1.0, 0.0, 0.0, 0.0, 1.0, 0.0, 0.0, 1.0, 0.0, 0.0, 1.0, 0.0, 1.0, 0.0, 0.0, 0.0, 1.0, 0.0, 0.0, 0.0, 1.0, 0.0, 1.0, 0.0, 1.0, 0.0, 0.0, 0.0, 0.0, 1.0, 0.0, 0.0, 1.0, 0.0, 1.0, 0.0, 0.0, 1.0, 0.0, 1.0, 0.0, 0.0, 1.0, 0.0, 0[2024-10-14T10:34:22.371444][INFO][seed16] simple_nparents2_nzr04_zdr05_ysize3_16
[2024-10-14T10:34:22.374009][INFO][seed9] 0 = [2, 3, 7, 8, 10, 11, 14, 15, 17, 18, 21, 22, 24, 25, 26, 28, 29, 31, 33, 35, 36, 38, 39, 40, 41, 43, 44, 45, 46, 47, 48, 49, 51, 52, 55, 56, 58, 59, 60, 61, 62, 63, 65, 66, 73, 74, 77, 78, 79]
.0, 0.0, 1.0, 0.0, 0.0, 1.0, 0.0, 1.0, 0.0, 0.0, 0.0, 1.0, 0.0, 0.0, 1.0, 0.0, 0.0, 1.0, 0.0, 1.0, 0.0, 0.0, 0.0, 0.0, 1.0, 0.0, 1.0, 0.0, 0.0, 1.0, 0.0, 0.0, 1.0, 0.0, 1.0, 0.0, 0.0, 0.0, 1.0, 0.0, 0.0, 1.0, 0.0, 0.0, 1.0, 0.0, 0.0, 1.0, 0.0, 0.0, 1.0, 0.0, 0.0, 1.0, 0.0, 0.0, 0.0, 1.0, 1.0, 0.0, 0.0, 0.0, 1.0, 0.0, 0.0, 1.0, 0.0, 0.0, 0.0, 1.0, 0.0, 1.0, 0.0, 0.0, 1.0, 0.0, 0.0, 1.0, 0.0, 0.0, 0.0, 1.0, 0.0, 0.0, 1.0, 0.0, 1.0, 0.0, 0.0, 0.0, 1.0, 1.0, 0.0, 0.0, 1.0, 0.0, 0.0, 0.0, 1.0, 0.0, 0.0, 0.0, 1.0, 1.0, 0.0, 0.0, 0.0, 1.0, 0.0, 0.0, 1.0, 0.0, 0.0, 0.0, 1.0, 1.0, 0.0, 0.0, 0.0, 0.0, 1.0, 0.0, 1.0, 0.0, 0.0, 0.0, 1.0, 0.0, 1.0, 0.0, 1.0, 0.0, 0.0, 0.0, 1.0, 0.0, 0.0, 0.0, 1.0, 0.0, 1.0, 0.0, 0.0, 1.0, 0.0, 0.0, 1.0, 0.0, 0.0, 0.0, 1.0, 0.0, 1.0, 0.0, 0.0, 0.0, 1.0, 0.0, 1.0, 0.0, 0.0, 0.0, 1.0, 0.0, 0.0, 1.0, 1.0, 0.0, 0.0, 0.0, 0.0, 1.0, 1.0, 0.0, 0.0, 1.0, 0.0, 0.0, 1.0, 0.0, 0.0, 0.0, 0.0, 1.0, 1.0, 0.0, 0.0, 1.0, 0.0, 0.0, 0.0, 1.0, 0.0, 0.0, 0.0, 1.0, 1.0, 0.0, 0.0, 1.0, 0.0, 0.0, 0.0, 0.0, 1.0, [2024-10-14T10:34:22.374654][INFO][seed7] Dropping state 16
0.0, 0.0, 1.0, 1.0, 0.0, 0.0, 0.0, 1.0, 0.0, 1.0, 0.0, 0.0, 0.0, 0.0, 1.0, 1.0, 0.0, 0.0, 0.0, 1.0, 0.0, 0.0, 0.0, 1.0, 0.0, 0.0, 1.0, 1.0, 0.0, 0.0, 0.0, 0.0, 1.0, 1.0, 0.0, 0.0, 0.0, 0.0, 1.0, 1.0, 0.0, 0.0, 0.0, 0.0, 1.0, 0.0, 1.0, 0.0, 0.0, 0.0, 1.0, 0.0, 1.0, 0.0, 1.0, 0.0, 0.0, 1.0, 0.0, 0.0, 0.0, 0.0, 1.0, 0.0, 1.0, 0.0, 1.0, 0.0, 0.0, 0.0, 0.0, 1.0, 0.0, 0.0, 1.0, 0.0, 1.0, 0.0, 0.0, 1.0, 0.0, 0.0, 1.0, 0.0, 0.0, 0.0, 1.0, 0.0, 1.0, 0.0, 0.0, 0.0, 1.0, 1.0, 0.0, 0.0, 0.0, 0.0, 1.0, 0.0, 1.0, 0.0, 0.0, 0.0, 1.0, 0.0, 1.0, 0.0, 0.0, 0.0, 1.0, 0.0, 1.0, 0.0, 0.0, 0.0, 1.0, 0.0, 0.0, 1.0, 0.0, 0.0, 1.0, 0.0, 0.0, 1.0, 1.0, 0.0, 0.0, 0.0, 1.0, 0.0, 0.0, 0.0, 1.0, 0.0, 0.0, 1.0, 0.0, 1.0, 0.0, 1.0, 0.0, 0.0, 0.0, 0.0, 1.0, 0.0, 0.0, 1.0, 0.0, 1.0, 0.0, 0.0, 1.0, 0.0, 0.0, 0.0, 1.0, 0.0, 0.0, 1.0, 0.0, 1.0, 0.0, 0.0, 0.0, 1.0, 0.0, 0.0, 1.0, 0.0, 0.0, 1.0, 0.0, 0.0, 1.0, 0.0, 1.0, 0.0, 0.0, 0.0, 1.0, 0.0, 0.0, 1.0, 0.0, 0.0, 1.0, 0.0, 0.0, 1.0]]

[2024-10-14T10:34:22.375856][INFO][seed7] Dropping state 15
[2024-10-14T10:34:22.376928][INFO][seed27] Dropping state 68
[2024-10-14T10:34:22.378312][INFO][seed7] Dropping state 6
[2024-10-14T10:34:22.378078][INFO][seed19] Dropping state 75
[2024-10-14T10:34:22.378691][INFO][seed39] simple_nparents2_nzr04_zdr05_ysize3_39
[2024-10-14T10:34:22.379517][INFO][seed27] Dropping state 64
[2024-10-14T10:34:22.380149][INFO][seed7] Dropping state 5
[2024-10-14T10:34:22.381343][INFO][seed7] Dropping state 1
[2024-10-14T10:34:22.381664][INFO][seed19] Dropping state 71
[2024-10-14T10:34:22.382249][INFO][seed27] Dropping state 61
[2024-10-14T10:34:22.385503][INFO][seed7] U cardinality: 60
[2024-10-14T10:34:22.386631][INFO][seed9] Dropping state 79
[2024-10-14T10:34:22.387833][INFO][seed27] Dropping state 55
[2024-10-14T10:34:22.388436][INFO][seed9] Dropping state 73
[2024-10-14T10:34:22.388212][INFO][seed19] Dropping state 69
[2024-10-14T10:34:22.389103][INFO][seed32] simple_nparents2_nzr04_zdr05_ysize3_32
[2024-10-14T10:34:22.389393][INFO][seed27] Dropping state 49
[2024-10-14T10:34:22.390350][INFO][seed27] Dropping state 47
[2024-10-14T10:34:22.392325][INFO][seed27] Dropping state 45
[2024-10-14T10:34:22.393499][INFO][seed9] Dropping state 65
[2024-10-14T10:34:22.395704][INFO][seed27] Dropping state 41
[2024-10-14T10:34:22.396292][INFO][seed9] Dropping state 61
[2024-10-14T10:34:22.397433][INFO][seed19] Dropping state 68
[2024-10-14T10:34:22.397802][INFO][seed27] Dropping state 40
[2024-10-14T10:34:22.399067][INFO][seed19] Dropping state 65
[2024-10-14T10:34:22.399377][INFO][seed27] Dropping state 37
[2024-10-14T10:34:22.401005][INFO][seed9] Dropping state 60
[2024-10-14T10:34:22.401329][INFO][seed19] Dropping state 64
[2024-10-14T10:34:22.402774][INFO][seed27] Dropping state 33
[2024-10-14T10:34:22.403676][INFO][seed19] Dropping state 62
[2024-10-14T10:34:22.406406][INFO][seed27] Dropping state 28
[2024-10-14T10:34:22.407403][INFO][seed19] Dropping state 56
[2024-10-14T10:34:22.408396][INFO][seed27] Dropping state 26
[2024-10-14T10:34:22.409936][INFO][seed19] Dropping state 54
[2024-10-14T10:34:22.380876][INFO][seed58] Set up logging
[2024-10-14T10:34:22.412225][INFO][seed7] 
[P([5]) [0.695, 0.305], P([4]) [0.409, 0.591], P([3]) [0.001, 0.0, 0.0, 0.001, 0.0, 0.001, 0.0, 0.0, 0.0, 0.0, 0.001, 0.001, 0.001, 0.001, 0.0, 0.0, 0.001, 0.0, 0.001, 0.001, 0.001, 0.001, 0.001, 0.001, 0.001, 0.0, 0.001, 0.008, 0.001, 0.0, 0.001, 0.001, 0.0, 0.001, 0.001, 0.001, 0.0, 0.0, 0.001, 0.0, 0.0, 0.001, 0.0, 0.001, 0.0, 0.0, 0.001, 0.001, 0.006, 0.0, 0.002, 0.0, 0.0, 0.0, 0.001, 0.0, 0.0, 0.0, 0.0, 0.956], P([2, 5]) [1.0, 0.0, 0.0, 1.0], P([1, 4]) [1.0, 0.0, 0.0, 1.0], P([0, 1, 2, 3]) [1.0, 0.0, 0.0, 1.0, 0.0, 0.0, 1.0, 0.0, 0.0, 1.0, 0.0, 0.0, 1.0, 0.0, 0.0, 1.0, 0.0, 0.0, 1.0, 0.0, 0.0, 0.0, 0.0, 1.0, 1.0, 0.0, 0.0, 1.0, 0.0, 0.0, 0.0, 1.0, 0.0, 1.0, 0.0, 0.0, 1.0, 0.0, 0.0, 1.0, 0.0, 0.0, 0.0, 1.0, 0.0, 0.0, 1.0, 0.0, 1.0, 0.0, 0.0, 1.0, 0.0, 0.0, 0.0, 0.0, 1.0, 0.0, 1.0, 0.0, 1.0, 0.0, 0.0, 1.0, 0.0, 0.0, 0.0, 0.0, 1.0, 0.0, 0.0, 1.0, 1.0, 0.0, 0.0, 0.0, 1.0, 0.0, 1.0, 0.0, 0.0, 1.0, 0.0, 0.0, 1.0, 0.0, 0.0, 0.0, 1.0, 0.0, 1.0, 0.0, 0.0, 0.0, 1.0, 0.0, 1.0, 0.0, 0.0, 0.0, 1.0, 0.0, 1.0, 0.0, 0.0[2024-10-14T10:34:22.413277][INFO][seed58] args: -np;2;-nzr;0.4;-zdr;0.5;-o;/mnt/beegfs/rcabanas/dev/credici/papers/zeros/models/s3;-rw;-s;58;-ys;3
, 0.0, 0.0, 1.0, 1.0, 0.0, 0.0, 0.0, 1.0, 0.0, 0.0, 1.0, 0.0, 1.0, 0.0, 0.0, 1.0, 0.0, 0.0, 0.0, 1.0, 0.0, 0.0, 1.0, 0.0, 0.0, 1.0, 0.0, 1.0, 0.0, 0.0, 0.0, 1.0, 0.0, 0.0, 1.0, 0.0, 0.0, 0.0, 1.0, 1.0, 0.0, 0.0, 0.0, 1.0, 0.0, 0.0, 0.0, 1.0, 0.0, 0.0, 1.0, 1.0, 0.0, 0.0, 0.0, 0.0, 1.0, 1.0, 0.0, 0.0, 1.0, 0.0, 0.0, 1.0, 0.0, 0.0, 0.0, 0.0, 1.0, 0.0, 1.0, 0.0, 1.0, 0.0, 0.0, 1.0, 0.0, 0.0, 0.0, 0.0, 1.0, 0.0, 1.0, 0.0, 0.0, 1.0, 0.0, 1.0, 0.0, 0.0, 0.0, 0.0, 1.0, 0.0, 1.0, 0.0, 0.0, 0.0, 1.0, 1.0, 0.0, 0.0, 0.0, 0.0, 1.0, 0.0, 0.0, 1.0, 1.0, 0.0, 0.0, 1.0, 0.0, 0.0, 0.0, 0.0, 1.0, 0.0, 0.0, 1.0, 0.0, 1.0, 0.0, 0.0, 1.0, 0.0, 1.0, 0.0, 0.0, 1.0, 0.0, 0.0, 0.0, 1.0, 0.0, 0.0, 1.0, 0.0, 1.0, 0.0, 0.0, 0.0, 1.0, 0.0, 1.0, 0.0, 0.0, 0.0, 1.0, 0.0, 1.0, 0.0, 0.0, 0.0, 1.0, 0.0, 0.0, 1.0, 0.0, 0.0, 1.0, 0.0, 1.0, 0.0, 0.0, 0.0, 1.0, 0.0, 0.0, 0.0, 1.0, 0.0, 1.0, 0.0, 1.0, 0.0, 0.0, 0.0, 0.0, 1.0, 1.0, 0.0, 0.0, 0.0, 1.0, 0.0, 1.0, 0.0, 0.0, 0.0, 0.0, 1.0, 0.0, 1.0, 0.0, 0.0, 1.0, 0.0, 1.0, 0.0, 0.0, 0.0, 0.0, 1.0, 0.0, 0.0, 1.0, 0.0, 1.0, 0.0, 0.0, 1.0, 0.0, 1.0, 0.0, 0.0, 0.0, 1.0, 0.0, 0.0, 1.0, 0.0, 0.0, 1.0, 0.0, 1.0, 0.0, 0.0, 0.0, 0.0, 1.0, 0.0, 1.0, 0.0, 0.0, 1.0, 0.0, 0.0, 1.0, 0.0, 0.0, 1.0, 0.0, 0.0, 1.0, 0.0, 0.0, 1.0, 0.0, 0.0, 1.0, 0.0, 0.0, 0.0, 1.0, 0.0, 1.0, 0.0, 0.0, 1.0, 0.0, 0.0, 0.0, 1.0, 1.0, 0.0, 0.0, 0.0, 1.0, 0.0, 0.0, 1.0, 0.0, 0.0, 0.0, 1.0, 0.0, 1.0, 0.0, 0.0, 1.0, 0.0, 0.0, 0.0, 1.0, 1.0, 0.0, 0.0, 1.0, 0.0, 0.0, 0.0, 1.0, 0.0, 0.0, 0.0, 1.0, 1.0, 0.0, 0.0, 0.0, 1.0, 0.0, 0.0, 1.0, 0.0, 0.0, 0.0, 1.0, 1.0, 0.0, 0.0, 0.0, 0.0, 1.0, 0.0, 1.0, 0.0, 0.0, 0.0, 1.0, 0.0, 1.0, 0.0, 1.0, 0.0, 0.0, 0.0, 1.0, 0.0, 0.0, 0.0, 1.0, 0.0, 1.0, 0.0, 0.0, 1.0, 0.0, 0.0, 1.0, 0.0, 0.0, 0.0, 1.0, 0.0, 1.0, 0.0, 0.0, 0.0, 1.0, 0.0, 1.0, 0.0, 0.0, 0.0, 1.0, 0.0, 0.0, 1.0, 0.0, 1.0, 0.0, 0.0, 0.0, 1.0, 1.0, 0.0, 0.0, 1.0, 0.0, 0.0, 1.0, 0.0, 0.0, 0.0, 0.0, 1.0, 1.0, 0.0, 0.0, 1.0, 0.0, 0.0, 0.0, 1.0, 0.0, 0.0, 0.0, 1.0, 1.0, 0.0, 0.0, 1.0, 0.0, 0.0, 0.0, 0.0, 1.0, 0.0, 0.0, 1.0, 1.0, 0.0, 0.0, 0.0, 1.0, 0.0, 1.0, 0.0, 0.0, 0.0, 0.0, 1.0, 1.0, 0.0, 0.0, 0.0, 1.0, 0.0, 0.0, 1.0, 0.0, 0.0, 0.0, 1.0, 1.0, 0.0, 0.0, 0.0, 1.0, 0.0, 0.0, 0.0, 1.0, 0.0, 0.0, 1.0, 1.0, 0.0, 0.0, 0.0, 0.0, 1.0, 0.0, 1.0, 0.0, 0.0, 0.0, 1.0, 1.0, 0.0, 0.0, 0.0, 0.0, 1.0, 0.0, 0.0, 1.0, 0.0, 0.0, 1.0, 0.0, 1.0, 0.0, 1.0, 0.0, 0.0, 1.0, 0.0, 0.0, 0.0, 0.0, 1.0, 0.0, 1.0, 0.0, 1.0, 0.0, 0.0, 0.0, 1.0, 0.0, 0.0, 0.0, 1.0, 0.0, 1.0, 0.0, 1.0, 0.0, 0.0, 0.0, 0.0, 1.0, 0.0, 0.0, 1.0, 0.0, 1.0, 0.0, 0.0, 1.0, 0.0, 0.0, 1.0, 0.0, 0.0, 0.0, 1.0, 0.0, 1.0, 0.0, 0.0, 1.0, 0.0, 0.0, 0.0, 1.0, 0.0, 0.0, 1.0, 0.0, 1.0, 0.0, 0.0, 0.0, 1.0, 1.0, 0.0, 0.0, 0.0, 0.0, 1.0, 0.0, 1.0, 0.0, 0.0, 0.0, 1.0, 0.0, 1.0, 0.0, 0.0, 0.0, 1.0, 0.0, 0.0, 1.0, 1.0, 0.0, 0.0, 1.0, 0.0, 0.0, 0.0, 0.0, 1.0, 0.0, 0.0, 1.0, 1.0, 0.0, 0.0, 0.0, 0.0, 1.0, 0.0, 0.0, 1.0, 0.0, 0.0, 1.0, 0.0, 1.0, 0.0, 1.0, 0.0, 0.0, 0.0, 0.0, 1.0, 0.0, 0.0, 1.0, 0.0, 1.0, 0.0, 0.0, 1.0, 0.0, 0.0, 0.0, 1.0, 0.0, 0.0, 1.0, 0.0, 1.0, 0.0, 0.0, 0.0, 1.0, 0.0, 0.0, 1.0, 0.0, 0.0, 1.0, 0.0, 0.0, 1.0, 0.0, 1.0, [2024-10-14T10:34:22.413960][INFO][seed9] Dropping state 59
0.0]]

[2024-10-14T10:34:22.414456][INFO][seed27] Dropping state 17
[2024-10-14T10:34:22.415172][INFO][seed19] Dropping state 49
[2024-10-14T10:34:22.415552][INFO][seed9] Dropping state 58
[2024-10-14T10:34:22.415721][INFO][seed58] Starting logger with seed 58
[2024-10-14T10:34:22.416537][INFO][seed27] Dropping state 15
[2024-10-14T10:34:22.416858][INFO][seed19] Dropping state 47
[2024-10-14T10:34:22.417787][INFO][seed27] Dropping state 10
[2024-10-14T10:34:22.418932][INFO][seed19] Dropping state 31
[2024-10-14T10:34:22.419910][INFO][seed27] Dropping state 9
[2024-10-14T10:34:22.420701][INFO][seed9] Dropping state 55
[2024-10-14T10:34:22.422102][INFO][seed27] Dropping state 7
[2024-10-14T10:34:22.422486][INFO][seed9] Dropping state 48
[2024-10-14T10:34:22.423871][INFO][seed27] Dropping state 5
[2024-10-14T10:34:22.424441][INFO][seed19] Dropping state 30
[2024-10-14T10:34:22.425439][INFO][seed19] Dropping state 27
[2024-10-14T10:34:22.425653][INFO][seed27] Dropping state 4
[2024-10-14T10:34:22.425974][INFO][seed9] Dropping state 46
[2024-10-14T10:34:22.427498][INFO][seed9] Dropping state 45
[2024-10-14T10:34:22.428751][INFO][seed19] Dropping state 26
[2024-10-14T10:34:22.428897][INFO][seed17] U cardinality: 81
[2024-10-14T10:34:22.429874][INFO][seed9] Dropping state 44
[2024-10-14T10:34:22.430007][INFO][seed27] U cardinality: 56
[2024-10-14T10:34:22.430254][INFO][seed19] Dropping state 19
[2024-10-14T10:34:22.431146][INFO][seed9] Dropping state 41
[2024-10-14T10:34:22.432867][INFO][seed20] U cardinality: 81
[2024-10-14T10:34:22.433060][INFO][seed19] Dropping state 16
[2024-10-14T10:34:22.434750][INFO][seed9] Dropping state 40
[2024-10-14T10:34:22.436263][INFO][seed9] Dropping state 36
[2024-10-14T10:34:22.437120][INFO][seed9] Dropping state 33
[2024-10-14T10:34:22.437706][INFO][seed19] Dropping state 15
[2024-10-14T10:34:22.439426][INFO][seed19] Dropping state 13
[2024-10-14T10:34:22.440217][INFO][seed9] Dropping state 31
[2024-10-14T10:34:22.442635][INFO][seed9] Dropping state 29
[2024-10-14T10:34:22.445354][INFO][seed9] Dropping state 25
[2024-10-14T10:34:22.446124][INFO][seed58] simple_nparents2_nzr04_zdr05_ysize3_58
[2024-10-14T10:34:22.447010][INFO][seed9] Dropping state 24
[2024-10-14T10:34:22.446831][INFO][seed19] Dropping state 9
[2024-10-14T10:34:22.447199][INFO][seed17] !0 = [0, 1, 2, 5, 6, 7, 12, 15, 16, 20, 22, 24, 26, 28, 34, 37, 41, 43, 46, 48, 49, 50, 58, 60, 62, 65, 68, 69, 71, 73, 75, 78]
[2024-10-14T10:34:22.448126][INFO][seed9] Dropping state 17
[2024-10-14T10:34:22.448051][INFO][seed20] !0 = [1, 4, 12, 14, 15, 16, 18, 19, 21, 22, 23, 30, 32, 33, 37, 40, 42, 43, 47, 49, 50, 53, 55, 62, 63, 65, 66, 75, 76, 78, 79, 80]
[2024-10-14T10:34:22.448527][INFO][seed17] 0 = [3, 4, 8, 9, 10, 11, 13, 14, 17, 18, 19, 21, 23, 25, 27, 29, 30, 31, 32, 33, 35, 36, 38, 39, 40, 42, 44, 45, 47, 51, 52, 53, 54, 55, 56, 57, 59, 61, 63, 64, 66, 67, 70, 72, 74, 76, 77, 79, 80]
[2024-10-14T10:34:22.448680][INFO][seed9] Dropping state 14
[2024-10-14T10:34:22.449052][INFO][seed20] 0 = [0, 2, 3, 5, 6, 7, 8, 9, 10, 11, 13, 17, 20, 24, 25, 26, 27, 28, 29, 31, 34, 35, 36, 38, 39, 41, 44, 45, 46, 48, 51, 52, 54, 56, 57, 58, 59, 60, 61, 64, 67, 68, 69, 70, 71, 72, 73, 74, 77]
[2024-10-14T10:34:22.449333][INFO][seed19] Dropping state 8
[2024-10-14T10:34:22.450929][INFO][seed19] Dropping state 6
[2024-10-14T10:34:22.450504][INFO][seed9] Dropping state 10
[2024-10-14T10:34:22.452582][INFO][seed9] Dropping state 8
[2024-10-14T10:34:22.452637][INFO][seed19] Dropping state 5
[2024-10-14T10:34:22.453776][INFO][seed9] Dropping state 7
[2024-10-14T10:34:22.454457][INFO][seed19] Dropping state 4
[2024-10-14T10:34:22.455450][INFO][seed9] Dropping state 3
[2024-10-14T10:34:22.456701][INFO][seed19] Dropping state 1
[2024-10-14T10:34:22.459040][INFO][seed9] U cardinality: 55
[2024-10-14T10:34:22.464141][INFO][seed19] U cardinality: 54
[2024-10-14T10:34:22.464945][INFO][seed17] Dropping state 80
[2024-10-14T10:34:22.466913][INFO][seed17] Dropping state 77
[2024-10-14T10:34:22.466671][INFO][seed20] Dropping state 74
[2024-10-14T10:34:22.468217][INFO][seed20] Dropping state 72
[2024-10-14T10:34:22.468574][INFO][seed17] Dropping state 70
[2024-10-14T10:34:22.468235][INFO][seed27] 
[P([5]) [0.055, 0.945], P([4]) [0.789, 0.211], P([3]) [0.001, 0.001, 0.001, 0.001, 0.0, 0.002, 0.001, 0.001, 0.0, 0.007, 0.0, 0.276, 0.001, 0.001, 0.0, 0.001, 0.001, 0.001, 0.138, 0.0, 0.0, 0.001, 0.001, 0.0, 0.001, 0.0, 0.001, 0.001, 0.001, 0.0, 0.0, 0.0, 0.0, 0.0, 0.001, 0.001, 0.001, 0.027, 0.001, 0.001, 0.0, 0.0, 0.001, 0.0, 0.001, 0.0, 0.0, 0.0, 0.0, 0.0, 0.0, 0.001, 0.0, 0.0, 0.001, 0.524], P([2, 5]) [1.0, 0.0, 0.0, 1.0], P([1, 4]) [1.0, 0.0, 0.0, 1.0], P([0, 1, 2, 3]) [1.0, 0.0, 0.0, 1.0, 0.0, 0.0, 1.0, 0.0, 0.0, 1.0, 0.0, 0.0, 1.0, 0.0, 0.0, 1.0, 0.0, 0.0, 1.0, 0.0, 0.0, 0.0, 1.0, 0.0, 1.0, 0.0, 0.0, 1.0, 0.0, 0.0, 1.0, 0.0, 0.0, 0.0, 0.0, 1.0, 1.0, 0.0, 0.0, 1.0, 0.0, 0.0, 0.0, 1.0, 0.0, 1.0, 0.0, 0.0, 1.0, 0.0, 0.0, 1.0, 0.0, 0.0, 0.0, 0.0, 1.0, 1.0, 0.0, 0.0, 1.0, 0.0, 0.0, 1.0, 0.0, 0.0, 0.0, 0.0, 1.0, 0.0, 0.0, 1.0, 1.0, 0.0, 0.0, 0.0, 1.0, 0.0, 1.0, 0.0, 0.0, 0.0, 0.0, 1.0, 1.0, 0.0, 0.0, 0.0, 1.0, 0.0, 0.0, 1.0, 0.0, 1.0, 0.0, 0.0, 1.0, 0.0, 0.0, 0.0, 1.0, 0.0, 0.0, 1.0, 0.0, 0.0, 1.0, 0.0, 1.0[2024-10-14T10:34:22.470820][INFO][seed20] Dropping state 70
, 0.0, 0.0, 0.0, 1.0, 0.0, 0.0, 1.0, 0.0, 0.0, 0.0, 1.0, 1.0, 0.0, 0.0, 0.0, 1.0, 0.0, 0.0, 0.0, 1.0, 0.0, 1.0, 0.0, 1.0, 0.0, 0.0, 0.0, 0.0, 1.0, 1.0, 0.0, 0.0, 1.0, 0.0, 0.0, 1.0, 0.0, 0.0, 0.0, 0.0, 1.0, 1.0, 0.0, 0.0, 0.0, 1.0, 0.0, 1.0, 0.0, 0.0, 0.0, 0.0, 1.0, 1.0, 0.0, 0.0, 0.0, 0.0, 1.0, 1.0, 0.0, 0.0, 0.0, 0.0, 1.0, 0.0, 1.0, 0.0, 1.0, 0.0, 0.0, 1.0, 0.0, 0.0, 0.0, 0.0, 1.0, 0.0, 1.0, 0.0, 0.0, 1.0, 0.0, 1.0, 0.0, 0.0, 0.0, 0.0, 1.0, 0.0, 1.0, 0.0, 0.0, 0.0, 1.0, 1.0, 0.0, 0.0, 0.0, 0.0, 1.0, 0.0, 0.0, 1.0, 1.0, 0.0, 0.0, 1.0, 0.0, 0.0, 0.0, 0.0, 1.0, 0.0, 0.0, 1.0, 0.0, 1.0, 0.0, 0.0, 1.0, 0.0, 1.0, 0.0, 0.0, 1.0, 0.0, 0.0, 1.0, 0.0, 0.0, 0.0, 1.0, 0.0, 1.0, 0.0, 0.0, 1.0, 0.0, 0.0, 0.0, 0.0, 1.0, 0.0, 1.0, 0.0, 1.0, 0.0, 0.0, 0.0, 1.0, 0.0, 1.0, 0.0, 0.0, 0.0, 1.0, 0.0, 1.0, 0.0, 0.0, 0.0, 1.0, 0.0, 0.0, 1.0, 0.0, 0.0, 1.0, 0.0, 1.0, 0.0, 0.0, 0.0, 1.0, 0.0, 0.0, 0.0, 1.0, 0.0, 1.0, 0.0, 1.0, 0.0, 0.0, 0.0, 0.0, 1.0, 0.0, 1.0, 0.0, 0.0, 1.0, 0.0, 1.0, 0.0, 0.0, 0.0, 0.0, 1.0, 0.0, 0.0, 1.0, 0.0, 1.0, 0.0, 0.0, 1.0, 0.0, 1.0, 0.0, 0.0, 1.0, 0.0, 0.0, 0.0, 1.0, 0.0, 0.0, 1.0, 0.0, 1.0, 0.0, 0.0, 0.0, 0.0, 1.0, 0.0, 1.0, 0.0, 0.0, 1.0, 0.0, 0.0, 1.0, 0.0, 1.0, 0.0, 0.0, 0.0, 1.0, 0.0, 0.0, 1.0, 0.0, 0.0, 0.0, 1.0, 1.0, 0.0, 0.0, 0.0, 1.0, 0.0, 0.0, 1.0, 0.0, 0.0, 0.0, 1.0, 0.0, 1.0, 0.0, 0.0, 1.0, 0.0, 0.0, 1.0, 0.0, 0.0, 0.0, 1.0, 0.0, 0.0, 1.0, 0.0, 1.0, 0.0, 0.0, 0.0, 1.0, 1.0, 0.0, 0.0, 0.0, 1.0, 0.0, 0.0, 1.0, 0.0, 0.0, 0.0, 1.0, 0.0, 1.0, 0.0, 1.0, 0.0, 0.0, 0.0, 1.0, 0.0, 0.0, 0.0, 1.0, 0.0, 1.0, 0.0, 0.0, 0.0, 1.0, 0.0, 1.0, 0.0, 0.0, 0.0, 1.0, 0.0, 0.0, 1.0, 1.0, 0.0, 0.0, 0.0, 1.0, 0.0, 0.0, 0.0, 1.0, 0.0, 0.0, 1.0, 0.0, 1.0, 0.0, 0.0, 1.0, 0.0, 0.0, 0.0, 1.0, 0.0, 0.0, 1.0, 0.0, 0.0, 1.0, 0.0, 0.0, 1.0, 1.0, 0.0, 0.0, 1.0, 0.0, 0.0, 1.0, 0.0, 0.0, 0.0, 0.0, 1.0, 1.0, 0.0, 0.0, 1.0, 0.0, 0.0, 0.0, 0.0, 1.0, 0.0, 0.0, 1.0, 1.0, 0.0, 0.0, 0.0, 1.0, 0.0, 1.0, 0.0, 0.0, 0.0, 0.0, 1.0, 1.0, 0.0, 0.0, 0.0, 1.0, 0.0, 0.0, 1.0, 0.0, 0.0, 0.0, 1.0, 1.0, 0.0, 0.0, 0.0, 1.0, 0.0, 0.0, 0.0, 1.0, 0.0, 0.0, 1.0, 1.0, 0.0, 0.0, 0.0, 0.0, 1.0, 1.0, 0.0, 0.0, 0.0, 0.0, 1.0, 1.0, 0.0, 0.0, 0.0, 0.0, 1.0, 0.0, 0.0, 1.0, 0.0, 0.0, 1.0, 0.0, 1.0, 0.0, 1.0, 0.0, 0.0, 1.0, 0.0, 0.0, 0.0, 0.0, 1.0, 0.0, 1.0, 0.0, 1.0, 0.0, 0.0, 0.0, 0.0, 1.0, 0.0, 0.0, 1.0, 0.0, 1.0, 0.0, 0.0, 1.0, 0.0, 1.0, 0.0, 0.0, 0.0, 0.0, 1.0, 0.0, 1.0, 0.0, 0.0, 1.0, 0.0, 0.0, 1.0, 0.0, 0.0, 0.0, 1.0, 0.0, 1.0, 0.0, 0.0, 0.0, 1.0, 0.0, 1.0, 0.0, 0.0, 0.0, 1.0, 0.0, 0.0, 1.0, 1.0, 0.0, 0.0, 1.0, 0.0, 0.0, 0.0, 0.0, 1.0, 0.0, 0.0, 1.0, 1.0, 0.0, 0.0, 0.0, 1.0, 0.0, 0.0, 0.0, 1.0, 0.0, 0.0, 1.0, 0.0, 1.0, 0.0, 0.0, 1.0, 0.0, 0.0, 0.0, 1.0, 0.0, 0.0, 1.0, 0.0, 1.0, 0.0, 0.0, 0.0, 1.0, 0.0, 0.0, 1.0, 0.0, 0.0, 1.0, 0.0, 0.0, 1.0, 1.0, 0.0, 0.0, 0.0, 0.0, 1.0, 0.0, 0.0, 1.0, 0.0, 0.0, 1.0, 0.0, 0.0, 1.0]]

[2024-10-14T10:34:22.474726][INFO][seed20] Dropping state 69
[2024-10-14T10:34:22.474975][INFO][seed17] Dropping state 67
[2024-10-14T10:34:22.480281][INFO][seed20] Dropping state 68
[2024-10-14T10:34:22.480284][INFO][seed17] Dropping state 66
[2024-10-14T10:34:22.483360][INFO][seed9] 
[P([5]) [0.239, 0.761], P([4]) [0.492, 0.508], P([3]) [0.001, 0.001, 0.0, 0.001, 0.001, 0.001, 0.001, 0.0, 0.001, 0.001, 0.0, 0.001, 0.0, 0.001, 0.001, 0.0, 0.0, 0.001, 0.0, 0.001, 0.0, 0.001, 0.001, 0.001, 0.0, 0.001, 0.0, 0.0, 0.001, 0.0, 0.0, 0.0, 0.001, 0.0, 0.0, 0.239, 0.001, 0.0, 0.001, 0.0, 0.0, 0.001, 0.0, 0.243, 0.001, 0.045, 0.001, 0.001, 0.001, 0.0, 0.001, 0.001, 0.0, 0.0, 0.445], P([2, 5]) [1.0, 0.0, 0.0, 1.0], P([1, 4]) [1.0, 0.0, 0.0, 1.0], P([0, 1, 2, 3]) [1.0, 0.0, 0.0, 1.0, 0.0, 0.0, 1.0, 0.0, 0.0, 1.0, 0.0, 0.0, 1.0, 0.0, 0.0, 1.0, 0.0, 0.0, 1.0, 0.0, 0.0, 0.0, 1.0, 0.0, 1.0, 0.0, 0.0, 1.0, 0.0, 0.0, 1.0, 0.0, 0.0, 0.0, 0.0, 1.0, 1.0, 0.0, 0.0, 1.0, 0.0, 0.0, 0.0, 1.0, 0.0, 0.0, 1.0, 0.0, 1.0, 0.0, 0.0, 1.0, 0.0, 0.0, 0.0, 1.0, 0.0, 0.0, 0.0, 1.0, 1.0, 0.0, 0.0, 1.0, 0.0, 0.0, 0.0, 0.0, 1.0, 1.0, 0.0, 0.0, 1.0, 0.0, 0.0, 0.0, 1.0, 0.0, 1.0, 0.0, 0.0, 1.0, 0.0, 0.0, 1.0, 0.0, 0.0, 0.0, 1.0, 0.0, 1.0, 0.0, 0.0, 0.0, 0.0, 1.0, 1.0, 0.0, 0.0, 0.0, 1.0, 0.0, 0.0, 1.0, 0.0, 1.0, 0.0, 0.0, 1.0, 0.0, 0.0, 0.0, 1.0, 0.0, 0.0, 1.0, 0.0, 0.0, 1.0, 0.0, 1.0, 0.0, 0.0, 0.0, 1.0, 0.0, 0.0, 0.0, 1.0, 1.0, 0.0, 0.0, 1.0, 0.0, 0.0, 0.0, 1.0, 0.0, 0.0, 0.0, 1.0, 0.0, 1.0, 0.0, 1.0, 0.0, 0.0, 0.0, 0.0, 1.0, 1.0, 0.0, 0.0, 1.0, 0.0, 0.0, 1.0, 0.0, 0.0, 0.0, 0.0, 1.0, 1.0, 0.0, 0.0, 0.0, 1.0, 0.0, 1.0, 0.0, 0.0, 0.0, 0.0, 1.0, 1.0, 0.0, 0.0, 0.0, 0.0, 1.0, 1.0, 0.0, 0.0, 0.0, 0.0, 1.0, 0.0, 1.0, 0.0, 1.0, 0.0, 0.0, 1.0, 0.0, 0.0, 0.0, 0.0, 1.0, 0.0, 1.0, 0.0, 0.0, 1.0, 0.0, 1.0, 0.0, 0.0, 0.0, 0.0, 1.0, 0.0, 1.0, 0.0, 0.0, 0.0, 1.0, 1.0, 0.0, 0.0, 0.0, 0.0, 1.0, 0.0, 0.0, 1.0, 0.0, 0.0, 1.0, 0.0, 1.0, 0.0, 1.0, 0.0, 0.0, 1.0, 0.0, 0.0, 1.0, 0.0, 0.0, 0.0, 1.0, 0.0, 1.0, 0.0, 0.0, 1.0, 0.0, 0.0, 0.0, 1.0, 0.0, 0.0, 1.0, 0.0, 1.0, 0.0, 0.0, 0.0, 1.0, 0.0, 1.0, 0.0, 0.0, 0.0, 1.0, 0.0, 1.0, 0.0, 0.0, 0.0, 1.0, 0.0, 0.0, 0.0, 1.0, 0.0, 1.0, 0.0, 1.0, 0.0, 0.0, 0.0, 0.0, 1.0, 0.0, 1.0, 0.0, 0.0, 1.0, 0.0, 1.0, 0.0, 0.0, 0.0, 0.0, 1.0, 0.0, 0.0, 1.0, 0.0, 1.0, 0.0, 0.0, 1.0, 0.0, 1.0, 0.0, 0.0, 0.0, 1.0, 0.0, 0.0, 1.0, 0.0, 0.0, 1.0, 0.0, 1.0, 0.0, 0.0, 0.0, 0.0, 1.0, 0.0, 1.0, 0.0, 0.0, 1.0, 0.0, 0.0, 1.0, 0.0, 1.0, 0.0, 0.0, 0.0, 1.0, 0.0, 0.0, 1.0, 0.0, 0.0, 0.0, 1.0, 1.0, 0.0, 0.0, 0.0, 1.0, 0.0, 0.0, 1.0, 0.0, 0.0, 0.0, 1.0, 0.0, 1.0, 0.0, 0.0, 1.0, 0.0, 0.0, 0.0, 1.0, 1.0, 0.0, 0.0, 0.0, 0.0, 1.0, 0.0, 1.0, 0.0, 0.0, 0.0, 1.0, 0.0, 1.0, 0.0, 0.0, 1.0, 0.0, 0.0, 1.0, 0.0, 0.0, 0.0, 1.0, 0.0, 1.0, 0.0, 0.0, 0.0, 1.0, 0.0, 1.0, 0.0, 0.0, 0.0, 1.0, 0.0, 0.0, 1.0, 1.0, 0.0, 0.0, 0.0, 1.0, 0.0, 0.0, 0.0, 1.0, 0.0, 0.0, 1.0, 0.0, 1.0, 0.0, 0.0, 1.0, 0.0, 0.0, 0.0, 1.0, 0.0, 0.0, 1.0, 0.0, 0.0, 1.0, 0.0, 0.0, 1.0, 1.0, 0.0, 0.0, 1.0, 0.0, 0.0, 1.0, 0.0, 0.0, 0.0, 0.0, 1.0, 1.0, 0.0, 0.0, 1.0, 0.0, 0.0, 0.0, 0.0, 1.0, 0.0, 0.0, 1.0, 1.0, 0.0, 0.0, 0.0, 1.0, 0.0, 1.0, 0.0, 0.0, 0.0, 0.0, 1.0, 1.0, 0.0, 0.0, 0.0, 0.0, 1.0, 0.0, 0.0, 1.0, 0.0, 0.0, 1.0, 0.0, 1.0, 0.0, 1.0, 0.0, 0.0, 1.0, 0.0, 0.0, 0.0, 0.0, 1.0, 0.0, 1.0, 0.0, 1.0, 0.0, 0.0, 0.0, 1.0, 0.0, 0.0, 0.0, 1.0, 0.0, 1.0, 0.0, 0.0, 1.0, 0.0, 1.0, 0.0, 0.0, 0.0, 0.0, 1.0, 0.0, 1.0, 0.0, 0.0, 1.0, 0.0, 0.0, 1.0, 0.0, 0.0, 0.0, 1.0, 0.0, 1.0, 0.0, 0.0, 1.0, 0.0, 0.0, 0.0, 1.0, 0.0, 0.0, 1.0, 0.0, 1.0, 0.0, 0.0, 0.0, 1.0, 1.0, 0.0, 0.0, 0.0, 0.0, 1.0, 0.0, 1.0, 0.0, 0.0, 0.0, 1.0, 0.0, 1.0, 0.0, 0.0, 0.0, 1.0, 0.0, 1.0, 0.0, 0.0, 0.0, 1.0, 0.0, 0.0, 1.0, 0.0, 0.0, 1.0, 0.0, 0.0, 1.0, 1.0, 0.0, 0.0, 1.0, 0.0, 0.0, 0.0, 0.0, 1.0, 0.0, 0.0, 1.0, 1.0, 0.0, 0.0, 0.0, 0.0, 1.0, 0.0, 0.0, 1.0, 0.0, 0.0, 1.0, 0.0, 1.0, 0.0, 1.0, 0.0, 0.0, 0.0, 0.0, 1.0, 0.0, 0.0, 1.0, 0.0, 1.0, 0.0, 0.0, 1.0, 0.0, 0.0, 0.0, 1.0, 0.0, 0.0, 1.0, 0.0, 1.0, 0.0, 0.0, 0.0, 1.0, 0.0, 0.0, 1.0, 0.0, 0.0, 1.0, 0.0, 0.0, 1.0, 1.0, 0.0, 0.0, 0.0, 0.0, 1.0, 0.0, 0.0, 1.0, 0.0, 0.0, 1.0, 0.0, 0.0, 1.0]]

[2024-10-14T10:34:22.484401][INFO][seed19] 
[P([5]) [0.146, 0.854], P([4]) [0.929, 0.071], P([3]) [0.0, 0.001, 0.001, 0.0, 0.0, 0.001, 0.001, 0.0, 0.002, 0.001, 0.0, 0.0, 0.0, 0.001, 0.0, 0.001, 0.001, 0.0, 0.0, 0.001, 0.0, 0.0, 0.001, 0.001, 0.001, 0.001, 0.0, 0.001, 0.001, 0.009, 0.001, 0.0, 0.001, 0.0, 0.001, 0.0, 0.0, 0.001, 0.001, 0.0, 0.0, 0.001, 0.001, 0.001, 0.001, 0.001, 0.001, 0.001, 0.0, 0.0, 0.0, 0.004, 0.001, 0.957], P([2, 5]) [1.0, 0.0, 0.0, 1.0], P([1, 4]) [1.0, 0.0, 0.0, 1.0], P([0, 1, 2, 3]) [1.0, 0.0, 0.0, 1.0, 0.0, 0.0, 1.0, 0.0, 0.0, 1.0, 0.0, 0.0, 1.0, 0.0, 0.0, 1.0, 0.0, 0.0, 1.0, 0.0, 0.0, 0.0, 0.0, 1.0, 1.0, 0.0, 0.0, 1.0, 0.0, 0.0, 0.0, 1.0, 0.0, 1.0, 0.0, 0.0, 1.0, 0.0, 0.0, 1.0, 0.0, 0.0, 0.0, 0.0, 1.0, 0.0, 1.0, 0.0, 1.0, 0.0, 0.0, 0.0, 1.0, 0.0, 1.0, 0.0, 0.0, 0.0, 1.0, 0.0, 1.0, 0.0, 0.0, 0.0, 1.0, 0.0, 1.0, 0.0, 0.0, 0.0, 0.0, 1.0, 1.0, 0.0, 0.0, 0.0, 1.0, 0.0, 0.0, 1.0, 0.0, 1.0, 0.0, 0.0, 1.0, 0.0, 0.0, 0.0, 1.0, 0.0, 0.0, 1.0, 0.0, 0.0, 0.0, 1.0, 1.0, 0.0, 0.0, 0.0, 1.0, 0.0, 0.0, 0.0, 1.0, 0.0, 0.0, 1.0, 1.0, 0.0, 0.0, 0.0, 0.0, 1.0, 1.0, 0.0, 0.0, 1.0, 0.0, 0.0, 1.0, 0.0, 0.0, 0.0, 0.0, 1.0, 1.0, 0.0, 0.0, 0.0, 0.0, 1.0, 1.0, 0.0, 0.0, 0.0, 0.0, 1.0, 0.0, 1.0, 0.0, 1.0, 0.0, 0.0, 1.0, 0.0, 0.0, 0.0, 0.0, 1.0, 0.0, 1.0, 0.0, 0.0, 1.0, 0.0, 1.0, 0.0, 0.0, 0.0, 0.0, 1.0, 0.0, 1.0, 0.0, 0.0, 0.0, 1.0, 1.0, 0.0, 0.0, 0.0, 0.0, 1.0, 0.0, 0.0, 1.0, 1.0, 0.0, 0.0, 1.0, 0.0, 0.0, 0.0, 0.0, 1.0, 0.0, 0.0, 1.0, 0.0, 1.0, 0.0, 0.0, 1.0, 0.0, 1.0, 0.0, 0.0, 1.0, 0.0, 0.0, 0.0, 1.0, 0.0, 0.0, 1.0, 0.0, 1.0, 0.0, 0.0, 1.0, 0.0, 0.0, 0.0, 0.0, 1.0, 0.0, 1.0, 0.0, 1.0, 0.0, 0.0, 0.0, 1.0, 0.0, 0.0, 0.0, 1.0, 0.0, 1.0, 0.0, 1.0, 0.0, 0.0, 0.0, 0.0, 1.0, 1.0, 0.0, 0.0, 0.0, 1.0, 0.0, 1.0, 0.0, 0.0, 0.0, 0.0, 1.0, 0.0, 1.0, 0.0, 0.0, 1.0, 0.0, 1.0, 0.0, 0.0, 0.0, 0.0, 1.0, 0.0, 0.0, 1.0, 0.0, 1.0, 0.0, 0.0, 1.0, 0.0, 1.0, 0.0, 0.0, 1.0, 0.0, 0.0, 0.0, 1.0, 0.0, 0.0, 1.0, 0.0, 1.0, 0.0, 0.0, 0.0, 1.0, 0.0, 0.0, 1.0, 0.0, 0.0, 1.0, 0.0, 1.0, 0.0, 0.0, 0.0, 0.0, 1.0, 0.0, 1.0, 0.0, 0.0, 1.0, 0.0, 0.0, 1.0, 0.0, 1.0, 0.0, 0.0, 0.0, 1.0, 0.0, 0.0, 1.0, 0.0, 0.0, 1.0, 0.0, 0.0, 1.0, 0.0, 0.0, 1.0, 0.0, 0.0, 1.0, 0.0, 0.0, 1.0, 0.0, 0.0, 0.0, 1.0, 0.0, 1.0, 0.0, 0.0, 1.0, 0.0, 0.0, 0.0, 1.0, 1.0, 0.0, 0.0, 0.0, 1.0, 0.0, 0.0, 1.0, 0.0, 0.0, 0.0, 1.0, 0.0, 1.0, 0.0, 0.0, 1.0, 0.0, 0.0, 1.0, 0.0, 0.0, 0.0, 1.0, 0.0, 0.0, 1.0, 0.0, 1.0, 0.0, 0.0, 0.0, 1.0, 1.0, 0.0, 0.0, 1.0, 0.0, 0.0, 0.0, 1.0, 0.0, 0.0, 0.0, 1.0, 1.0, 0.0, 0.0, 0.0, 1.0, 0.0, 0.0, 1.0, 0.0, 0.0, 0.0, 1.0, 0.0, 1.0, 0.0, 1.0, 0.0, 0.0, 0.0, 1.0, 0.0, 0.0, 0.0, 1.0, 0.0, 1.0, 0.0, 0.0, 0.0, 1.0, 0.0, 1.0, 0.0, 0.0, 0.0, 1.0, 0.0, 0.0, 1.0, 1.0, 0.0, 0.0, 0.0, 1.0, 0.0, 0.0, 0.0, 1.0, 0.0, 0.0, 1.0, 0.0, 1.0, 0.0, 0.0, 1.0, 0.0, 0.0, 0.0, 1.0, 0.0, 0.0, 1.0, 0.0, 0.0, 1.0, 0.0, 0.0, 1.0, 1.0, 0.0, 0.0, 1.0, 0.0, 0.0, 0.0, 1.0, 0.0, 0.0, 0.0, 1.0, 1.0, 0.0, 0.0, 0.0, 1.0, 0.0, 1.0, 0.0, 0.0, 0.0, 0.0, 1.0, 1.0, 0.0, 0.0, 0.0, 1.0, 0.0, 0.0, 1.0, 0.0, 0.0, 0.0, 1.0, 1.0, 0.0, 0.0, 0.0, 1.0, 0.0, 0.0, 0.0, 1.0, 0.0, 0.0, 1.0, 1.0, 0.0, 0.0, 0.0, 0.0, 1.0, 1.0, 0.0, 0.0, 0.0, 0.0, 1.0, 1.0, 0.0, 0.0, 0.0, 0.0, 1.0, 0.0, 1.0, 0.0, 0.0, 0.0, 1.0, 0.0, 1.0, 0.0, 1.0, 0.0, 0.0, 1.0, 0.0, 0.0, 0.0, 0.0, 1.0, 0.0, 1.0, 0.0, 0.0, 1.0, 0.0, 1.0, 0.0, 0.0, 0.0, 0.0, 1.0, 0.0, 1.0, 0.0, 0.0, 1.0, 0.0, 0.0, 1.0, 0.0, 0.0, 0.0, 1.0, 0.0, 1.0, 0.0, 0.0, 0.0, 1.0, 0.0, 1.0, 0.0, 0.0, 0.0, 1.0, 0.0, 0.0, 1.0, 1.0, 0.0, 0.0, 1.0, 0.0, 0.0, 0.0, 0.0, 1.0, 0.0, 0.0, 1.0, 1.0, 0.0, 0.0, 0.0, 1.0, 0.0, 0.0, 0.0, 1.0, 0.0, 0.0, 1.0, 1.0, 0.0, 0.0, 0.0, 0.0, 1.0, 0.0, 0.0, 1.0, 0.0, 0.0, 1.0, 0.0, 0.0, 1.0, 1.0, 0.0, 0.0, 0.0, 0.0, 1.0, 0.0, 0.0, 1.0, 0.0, 0.0, 1.0, 0.0, 1.0, 0.0, 0.0, 0.0, 1.0, 0.0, 0.0, 1.0, 0.0, 0.0, 1.0, 0.0, 0.0, 1.0]]

[2024-10-14T10:34:22.490783][INFO][seed17] Dropping state 59
[2024-10-14T10:34:22.491317][INFO][seed20] Dropping state 67
[2024-10-14T10:34:22.494384][INFO][seed17] Dropping state 57
[2024-10-14T10:34:22.496377][INFO][seed20] Dropping state 64
[2024-10-14T10:34:22.496796][INFO][seed17] Dropping state 55
[2024-10-14T10:34:22.497907][INFO][seed6] U cardinality: 81
[2024-10-14T10:34:22.499370][INFO][seed20] Dropping state 56
[2024-10-14T10:34:22.501010][INFO][seed17] Dropping state 53
[2024-10-14T10:34:22.501584][INFO][seed20] Dropping state 52
[2024-10-14T10:34:22.502287][INFO][seed17] Dropping state 47
[2024-10-14T10:34:22.503147][INFO][seed17] Dropping state 45
[2024-10-14T10:34:22.503225][INFO][seed20] Dropping state 48
[2024-10-14T10:34:22.471090][INFO][seed13] Set up logging
[2024-10-14T10:34:22.504084][INFO][seed20] Dropping state 45
[2024-10-14T10:34:22.504816][INFO][seed13] args: -np;2;-nzr;0.4;-zdr;0.5;-o;/mnt/beegfs/rcabanas/dev/credici/papers/zeros/models/s3;-rw;-s;13;-ys;3
[2024-10-14T10:34:22.506474][INFO][seed17] Dropping state 44
[2024-10-14T10:34:22.507903][INFO][seed17] Dropping state 40
[2024-10-14T10:34:22.508567][INFO][seed20] Dropping state 44
[2024-10-14T10:34:22.510482][INFO][seed13] Starting logger with seed 13
[2024-10-14T10:34:22.510974][INFO][seed17] Dropping state 36
[2024-10-14T10:34:22.511713][INFO][seed6] !0 = [0, 1, 5, 6, 7, 8, 10, 11, 14, 16, 17, 18, 23, 24, 26, 27, 28, 30, 38, 39, 44, 45, 46, 57, 60, 61, 67, 71, 72, 75, 77, 79]
[2024-10-14T10:34:22.511041][INFO][seed20] Dropping state 41
[2024-10-14T10:34:22.512871][INFO][seed17] Dropping state 35
[2024-10-14T10:34:22.512963][INFO][seed6] 0 = [2, 3, 4, 9, 12, 13, 15, 19, 20, 21, 22, 25, 29, 31, 32, 33, 34, 35, 36, 37, 40, 41, 42, 43, 47, 48, 49, 50, 51, 52, 53, 54, 55, 56, 58, 59, 62, 63, 64, 65, 66, 68, 69, 70, 73, 74, 76, 78, 80]
[2024-10-14T10:34:22.513605][INFO][seed17] Dropping state 33
[2024-10-14T10:34:22.513693][INFO][seed20] Dropping state 38
[2024-10-14T10:34:22.515616][INFO][seed20] Dropping state 35
[2024-10-14T10:34:22.516347][INFO][seed20] Dropping state 34
[2024-10-14T10:34:22.516624][INFO][seed17] Dropping state 32
[2024-10-14T10:34:22.518627][INFO][seed2] U cardinality: 81
[2024-10-14T10:34:22.490116][INFO][seed15] Set up logging
[2024-10-14T10:34:22.517975][INFO][seed17] Dropping state 29
[2024-10-14T10:34:22.520626][INFO][seed20] Dropping state 29
[2024-10-14T10:34:22.523055][INFO][seed15] args: -np;2;-nzr;0.4;-zdr;0.5;-o;/mnt/beegfs/rcabanas/dev/credici/papers/zeros/models/s3;-rw;-s;15;-ys;3
[2024-10-14T10:34:22.522945][INFO][seed6] Dropping state 80
[2024-10-14T10:34:22.523659][INFO][seed17] Dropping state 19
[2024-10-14T10:34:22.524590][INFO][seed6] Dropping state 78
[2024-10-14T10:34:22.522341][INFO][seed20] Dropping state 27
[2024-10-14T10:34:22.525506][INFO][seed17] Dropping state 13
[2024-10-14T10:34:22.525644][INFO][seed15] Starting logger with seed 15
[2024-10-14T10:34:22.526382][INFO][seed6] Dropping state 74
[2024-10-14T10:34:22.526801][INFO][seed17] Dropping state 11
[2024-10-14T10:34:22.526711][INFO][seed13] simple_nparents2_nzr04_zdr05_ysize3_13
[2024-10-14T10:34:22.527279][INFO][seed2] !0 = [0, 4, 7, 10, 11, 13, 14, 17, 22, 26, 28, 31, 34, 35, 37, 39, 40, 41, 42, 43, 44, 48, 54, 62, 63, 64, 67, 69, 72, 76, 78, 79]
[2024-10-14T10:34:22.527582][INFO][seed17] Dropping state 10
[2024-10-14T10:34:22.528323][INFO][seed2] 0 = [1, 2, 3, 5, 6, 8, 9, 12, 15, 16, 18, 19, 20, 21, 23, 24, 25, 27, 29, 30, 32, 33, 36, 38, 45, 46, 47, 49, 50, 51, 52, 53, 55, 56, 57, 58, 59, 60, 61, 65, 66, 68, 70, 71, 73, 74, 75, 77, 80]
[2024-10-14T10:34:22.528730][INFO][seed20] Dropping state 26
[2024-10-14T10:34:22.530055][INFO][seed6] Dropping state 70
[2024-10-14T10:34:22.530176][INFO][seed17] Dropping state 8
[2024-10-14T10:34:22.531260][INFO][seed20] Dropping state 24
[2024-10-14T10:34:22.531635][INFO][seed17] Dropping state 4
[2024-10-14T10:34:22.532391][INFO][seed20] Dropping state 20
[2024-10-14T10:34:22.532833][INFO][seed17] Dropping state 3
[2024-10-14T10:34:22.533153][INFO][seed20] Dropping state 6
[2024-10-14T10:34:22.535068][INFO][seed20] Dropping state 5
[2024-10-14T10:34:22.536254][INFO][seed17] U cardinality: 56
[2024-10-14T10:34:22.536492][INFO][seed20] Dropping state 2
[2024-10-14T10:34:22.536541][INFO][seed6] Dropping state 69
[2024-10-14T10:34:22.537709][INFO][seed20] Dropping state 0
[2024-10-14T10:34:22.541967][INFO][seed20] U cardinality: 56
[2024-10-14T10:34:22.542221][INFO][seed15] simple_nparents2_nzr04_zdr05_ysize3_15
[2024-10-14T10:34:22.546985][INFO][seed23] Sampled 1000 data instances
[2024-10-14T10:34:22.547478][INFO][seed23] Starting exact inference 
[2024-10-14T10:34:22.547604][INFO][seed6] Dropping state 66
[2024-10-14T10:34:22.547943][INFO][seed31] Sampled 1000 data instances
[2024-10-14T10:34:22.548411][INFO][seed31] Starting exact inference 
[2024-10-14T10:34:22.549092][INFO][seed2] Dropping state 77
[2024-10-14T10:34:22.550813][INFO][seed2] Dropping state 73
[2024-10-14T10:34:22.551401][INFO][seed6] Dropping state 65
[2024-10-14T10:34:22.552960][INFO][seed17] 
[P([5]) [0.488, 0.512], P([4]) [0.888, 0.112], P([3]) [0.001, 0.001, 0.001, 0.001, 0.001, 0.001, 0.0, 0.001, 0.0, 0.001, 0.001, 0.0, 0.0, 0.151, 0.0, 0.001, 0.0, 0.001, 0.0, 0.001, 0.0, 0.001, 0.0, 0.0, 0.001, 0.001, 0.0, 0.0, 0.001, 0.0, 0.443, 0.001, 0.001, 0.001, 0.001, 0.0, 0.0, 0.0, 0.0, 0.001, 0.001, 0.0, 0.001, 0.0, 0.0, 0.001, 0.001, 0.001, 0.001, 0.0, 0.001, 0.0, 0.07, 0.0, 0.308, 0.0], P([2, 5]) [1.0, 0.0, 0.0, 1.0], P([1, 4]) [1.0, 0.0, 0.0, 1.0], P([0, 1, 2, 3]) [1.0, 0.0, 0.0, 1.0, 0.0, 0.0, 1.0, 0.0, 0.0, 1.0, 0.0, 0.0, 1.0, 0.0, 0.0, 1.0, 0.0, 0.0, 1.0, 0.0, 0.0, 0.0, 1.0, 0.0, 1.0, 0.0, 0.0, 1.0, 0.0, 0.0, 1.0, 0.0, 0.0, 0.0, 0.0, 1.0, 1.0, 0.0, 0.0, 1.0, 0.0, 0.0, 0.0, 1.0, 0.0, 0.0, 0.0, 1.0, 1.0, 0.0, 0.0, 1.0, 0.0, 0.0, 0.0, 0.0, 1.0, 1.0, 0.0, 0.0, 1.0, 0.0, 0.0, 1.0, 0.0, 0.0, 0.0, 0.0, 1.0, 0.0, 1.0, 0.0, 1.0, 0.0, 0.0, 0.0, 1.0, 0.0, 1.0, 0.0, 0.0, 1.0, 0.0, 0.0, 1.0, 0.0, 0.0, 0.0, 1.0, 0.0, 0.0, 1.0, 0.0, 1.0, 0.0, 0.0, 1.0, 0.0, 0.0, 0.0, 1.0, 0.0, 0.0, 1.0, 0.0, 0.0, 0.0, 1.0, 1.0, 0.0, 0.0, 0.0, 1.0, 0.0, 0.0, 0.0, 1.0, 1.0, 0.0, 0.0, 1.0, 0.0, 0.0, 0.0, 1.0, 0.0, 0.0, 0.0, 1.0, 0.0, 1.0, 0.0, 1.0, 0.0, 0.0, 0.0, 1.0, 0.0, 0.0, 0.0, 1.0, 0.0, 0.0, 1.0, 1.0, 0.0, 0.0, 0.0, 0.0, 1.0, 1.0, 0.0, 0.0, 1.0, 0.0, 0.0, 1.0, 0.0, 0.0, 0.0, 0.0, 1.0, 1.0, 0.0, 0.0, 0.0, 0.0, 1.0, 1.0, 0.0, 0.0, 0.0, 0.0, 1.0, 0.0, 1.0, 0.0, 1.0, 0.0, 0.0, 1.0, 0.0, 0.0, 0.0, 0.0, 1.0, 0.0, 1.0, 0.0, 0.0, 1.0, 0.0, 1.0, 0.0, 0.0, 0.0, 0.0, 1.0, 0.0, 1.0, 0.0, 0.0, 0.0, 1.0, 1.0, 0.0, 0.0, 0.0, 0.0, 1.0, 0.0, 0.0, 1.0, 1.0, 0.0, 0.0, 1.0, 0.0, 0.0, 0.0, 0.0, 1.0, 0.0, 0.0, 1.0, 0.0, 1.0, 0.0, 1.0, 0.0, 0.0, 0.0, 0.0, 1.0, 0.0, 0.0, 1.0, 0.0, 0.0, 1.0, 0.0, 1.0, 0.0, 1.0, 0.0, 0.0, 1.0, 0.0, 0.0, 1.0, 0.0, 0.0, 0.0, 1.0, 0.0, 1.0, 0.0, 0.0, 1.0, 0.0, 0.0, 0.0, 1.0, 0.0, 0.0, 1.0, 0.0, 1.0, 0.0, 0.0, 0.0, 1.0, 0.0, 1.0, 0.0, 0.0, 0.0, 1.0, 0.0, 1.0, 0.0, 0.0, 0.0, 1.0, 0.0, 0.0, 1.0, 0.0, 0.0, 1.0, 0.0, 1.0, 0.0, 0.0, 0.0, 0.0, 1.0, 0.0, 1.0, 0.0, 0.0, 1.0, 0.0, 0.0, 1.0, 0.0, 1.0, 0.0, 0.0, 0.0, 1.0, 0.0, 0.0, 1.0, 0.0, 0.0, 1.0, 0.0, 1.0, 0.0, 0.0, 0.0, 0.0, 1.0, 0.0, 1.0, 0.0, 0.0, 1.0, 0.0, 0.0, 1.0, 0.0, 1.0, 0.0, 0.0, 0.0, 1.0, 0.0, 0.0, 1.0, 0.0, 0.0, 1.0, 0.0, 0.0, 0.0, 1.0, 0.0, 1.0, 0.0, 0.0, 1.0, 0.0, 0.0, 0.0, 1.0, 1.0, 0.0, 0.0, 0.0, 1.0, 0.0, 0.0, 1.0, 0.0, 0.0, 0.0, 1.0, 0.0, 1.0, 0.0, 0.0, 1.0, 0.0, 0.0, 0.0, 1.0, 1.0, 0.0, 0.0, 0.0, 1.0, 0.0, 0.0, 1.0, 0.0, 0.0, 0.0, 1.0, 0.0, 1.0, 0.0, 1.0, 0.0, 0.0, 0.0, 1.0, 0.0, 0.0, 0.0, 1.0, 0.0, 1.0, 0.0, 0.0, 1.0, 0.0, 0.0, 1.0, 0.0, 0.0, 0.0, 1.0, 0.0, 1.0, 0.0, 0.0, 0.0, 1.0, 0.0, 1.0, 0.0, 0.0, 0.0, 1.0, 0.0, 0.0, 1.0, 1.0, 0.0, 0.0, 0.0, 1.0, 0.0, 0.0, 0.0, 1.0, 0.0, 0.0, 1.0, 0.0, 1.0, 0.0, 0.0, 0.0, 1.0, 1.0, 0.0, 0.0, 1.0, 0.0, 0.0, 1.0, 0.0, 0.0, 0.0, 0.0, 1.0, 1.0, 0.0, 0.0, 1.0, 0.0, 0.0, 0.0, 0.0, 1.0, 0.0, 0.0, 1.0, 1.0, 0.0, 0.0, 0.0, 1.0, 0.0, 0.0, 1.0, 0.0, 0.0, 0.0, 1.0, 1.0, 0.0, 0.0, 0.0, 0.0, 1.0, 1.0, 0.0, 0.0, 0.0, 0.0, 1.0, 1.0, 0.0, 0.0, 0.0, 0.0, 1.0, 0.0, 1.0, 0.0, 0.0, 0.0, 1.0, 1.0, 0.0, 0.0, 0.0, 0.0, 1.0, 0.0, 0.0, 1.0, 0.0, 0.0, 1.0, 0.0, 1.0, 0.0, 1.0, 0.0, 0.0, 1.0, 0.0, 0.0, 0.0, 0.0, 1.0, 0.0, 1.0, 0.0, 1.0, 0.0, 0.0, 0.0, 1.0, 0.0, 0.0, 0.0, 1.0, 0.0, 1.0, 0.0, 1.0, 0.0, 0.0, 0.0, 0.0, 1.0, 0.0, 0.0, 1.0, 0.0, 1.0, 0.0, 0.0, 1.0, 0.0, 0.0, 0.0, 1.0, 0.0, 0.0, 1.0, 0.0, 1.0, 0.0, 0.0, 0.0, 1.0, 1.0, 0.0, 0.0, 0.0, 0.0, 1.0, 0.0, 1.0, 0.0, 0.0, 0.0, 1.0, 0.0, 0.0, 1.0, 0.0, 0.0, 1.0, 0.0, 0.0, 1.0, 1.0, 0.0, 0.0, 1.0, 0.0, 0.0, 0.0, 0.0, 1.0, 0.0, 0.0, 1.0, 1.0, 0.0, 0.0, 0.0, 1.0, 0.0, 0.0, 0.0, 1.0, 0.0, 0.0, 1.0, 1.0, 0.0, 0.0, 0.0, 0.0, 1.0, 0.0, 0.0, 1.0, 0.0, 0.0, 1.0, 0.0, 1.0, 0.0, 1.0, 0.0, 0.0, 0.0, 0.0, 1.0, 0.0, 0.0, 1.0, 0.0, 1.0, 0.0, 0.0, 1.0, 0.0, 0.0, 0.0, 1.0, 0.0, 0.0, 1.0, 0.0, 0.0, 1.0, 1.0, 0.0, 0.0, 0.0, 0.0, 1.0, 0.0, 0.0, 1.0, 0.0, 0.0, 1.0, 0.0, 1.0, 0.0]]

[2024-10-14T10:34:22.553574][INFO][seed6] Dropping state 63
[2024-10-14T10:34:22.556025][INFO][seed2] Dropping state 71
[2024-10-14T10:34:22.526901][INFO][seed41] Set up logging
[2024-10-14T10:34:22.557335][INFO][seed41] args: -np;2;-nzr;0.4;-zdr;0.5;-o;/mnt/beegfs/rcabanas/dev/credici/papers/zeros/models/s3;-rw;-s;41;-ys;3
[2024-10-14T10:34:22.558073][INFO][seed6] Dropping state 59
[2024-10-14T10:34:22.558331][INFO][seed20] 
[P([5]) [0.284, 0.716], P([4]) [0.063, 0.937], P([3]) [0.001, 0.0, 0.001, 0.0, 0.0, 0.0, 0.0, 0.0, 0.001, 0.0, 0.001, 0.001, 0.001, 0.0, 0.001, 0.002, 0.001, 0.001, 0.001, 0.0, 0.0, 0.001, 0.0, 0.001, 0.001, 0.0, 0.001, 0.0, 0.001, 0.001, 0.001, 0.0, 0.001, 0.001, 0.001, 0.0, 0.001, 0.0, 0.001, 0.0, 0.0, 0.0, 0.0, 0.0, 0.001, 0.001, 0.001, 0.407, 0.0, 0.0, 0.001, 0.001, 0.0, 0.001, 0.001, 0.562], P([2, 5]) [1.0, 0.0, 0.0, 1.0], P([1, 4]) [1.0, 0.0, 0.0, 1.0], P([0, 1, 2, 3]) [1.0, 0.0, 0.0, 1.0, 0.0, 0.0, 1.0, 0.0, 0.0, 0.0, 1.0, 0.0, 1.0, 0.0, 0.0, 1.0, 0.0, 0.0, 0.0, 1.0, 0.0, 1.0, 0.0, 0.0, 1.0, 0.0, 0.0, 1.0, 0.0, 0.0, 0.0, 1.0, 0.0, 0.0, 1.0, 0.0, 1.0, 0.0, 0.0, 1.0, 0.0, 0.0, 0.0, 0.0, 1.0, 0.0, 1.0, 0.0, 1.0, 0.0, 0.0, 1.0, 0.0, 0.0, 0.0, 0.0, 1.0, 0.0, 0.0, 1.0, 1.0, 0.0, 0.0, 0.0, 1.0, 0.0, 1.0, 0.0, 0.0, 1.0, 0.0, 0.0, 1.0, 0.0, 0.0, 0.0, 1.0, 0.0, 1.0, 0.0, 0.0, 0.0, 1.0, 0.0, 1.0, 0.0, 0.0, 0.0, 1.0, 0.0, 1.0, 0.0, 0.0, 0.0, 0.0, 1.0, 1.0, 0.0, 0.0, 0.0, 1.0, 0.0, 0.0, 1.0, 0.0, 1.0, 0.0, 0.0, 1.0[2024-10-14T10:34:22.559493][INFO][seed6] Dropping state 58
, 0.0, 0.0, 0.0, 1.0, 0.0, 0.0, 1.0, 0.0, 0.0, 1.0, 0.0, 1.0, 0.0, 0.0, 0.0, 1.0, 0.0, 0.0, 1.0, 0.0, 0.0, 0.0, 1.0, 1.0, 0.0, 0.0, 0.0, 1.0, 0.0, 0.0, 0.0, 1.0, 1.0, 0.0, 0.0, 1.0, 0.0, 0.0, 0.0, 1.0, 0.0, 0.0, 0.0, 1.0, 0.0, 1.0, 0.0, 1.0, 0.0, 0.0, 0.0, 1.0, 0.0, 0.0, 0.0, 1.0, 0.0, 0.0, 1.0, 1.0, 0.0, 0.0, 0.0, 0.0, 1.0, 1.0, 0.0, 0.0, 1.0, 0.0, 0.0, 1.0, 0.0, 0.0, 0.0, 0.0, 1.0, 1.0, 0.0, 0.0, 0.0, 1.0, 0.0, 1.0, 0.0, 0.0, 0.0, 0.0, 1.0, 0.0, 1.0, 0.0, 1.0, 0.0, 0.0, 1.0, 0.0, 0.0, 0.0, 0.0, 1.0, 0.0, 1.0, 0.0, 0.0, 1.0, 0.0, 1.0, 0.0, 0.0, 0.0, 0.0, 1.0, 0.0, 1.0, 0.0, 0.0, 0.0, 1.0, 1.0, 0.0, 0.0, 0.0, 0.0, 1.0, 0.0, 0.0, 1.0, 0.0, 1.0, 0.0, 0.0, 1.0, 0.0, 1.0, 0.0, 0.0, 1.0, 0.0, 0.0, 0.0, 1.0, 0.0, 0.0, 1.0, 0.0, 1.0, 0.0, 0.0, 0.0, 1.0, 0.0, 1.0, 0.0, 0.0, 0.0, 1.0, 0.0, 1.0, 0.0, 0.0, 0.0, 1.0, 0.0, 0.0, 1.0, 0.0, 0.0, 1.0, 0.0, 1.0, 0.0, 0.0, 0.0, 1.0, 0.0, 0.0, 0.0, 1.0, 0.0, 1.0, 0.0, 1.0, 0.0, 0.0, 0.0, 0.0, 1.0, 1.0, 0.0, 0.0, 0.0, 1.0, 0.0, 0.0, 1.0, 0.0, 1.0, 0.0, 0.0, 1.0, 0.0, 0.0, 0.0, 1.0, 0.0, 0.0, 1.0, 0.0, 1.0, 0.0, 0.0, 0.0, 1.0, 0.0, 0.0, 1.0, 0.0, 0.0, 1.0, 0.0, 0.0, 1.0, 0.0, 1.0, 0.0, 0.0, 0.0, 1.0, 0.0, 0.0, 1.0, 0.0, 0.0, 1.0, 0.0, 0.0, 1.0, 0.0, 0.0, 1.0, 0.0, 0.0, 1.0, 0.0, 0.0, 0.0, 1.0, 1.0, 0.0, 0.0, 0.0, 1.0, 0.0, 0.0, 1.0, 0.0, 0.0, 0.0, 1.0, 0.0, 1.0, 0.0, 0.0, 1.0, 0.0, 0.0, 0.0, 1.0, 1.0, 0.0, 0.0, 0.0, 1.0, 0.0, 0.0, 1.0, 0.0, 0.0, 0.0, 1.0, 1.0, 0.0, 0.0, 0.0, 0.0, 1.0, 0.0, 1.0, 0.0, 0.0, 0.0, 1.0, 0.0, 1.0, 0.0, 0.0, 1.0, 0.0, 0.0, 1.0, 0.0, 0.0, 0.0, 1.0, 0.0, 1.0, 0.0, 0.0, 0.0, 1.0, 0.0, 1.0, 0.0, 0.0, 0.0, 1.0, 0.0, 0.0, 1.0, 1.0, 0.0, 0.0, 0.0, 1.0, 0.0, 0.0, 0.0, 1.0, 0.0, 0.0, 1.0, 0.0, 0.0, 1.0, 0.0, 0.0, 1.0, 1.0, 0.0, 0.0, 1.0, 0.0, 0.0, 1.0, 0.0, 0.0, 0.0, 0.0, 1.0, 1.0, 0.0, 0.0, 1.0, 0.0, 0.0, 0.0, 1.0, 0.0, 0.0, 0.0, 1.0, 1.0, 0.0, 0.0, 0.0, 1.0, 0.0, 1.0, 0.0, 0.0, 0.0, 0.0, 1.0, 1.0, 0.0, 0.0, 0.0, 1.0, 0.0, 0.0, 1.0, 0.0, 0.0, 0.0, 1.0, 1.0, 0.0, 0.0, 0.0, 1.0, 0.0, 0.0, 0.0, 1.0, 0.0, 0.0, 1.0, 1.0, 0.0, 0.0, 0.0, 0.0, 1.0, 1.0, 0.0, 0.0, 0.0, 0.0, 1[2024-10-14T10:34:22.560364][INFO][seed6] Dropping state 52
[2024-10-14T10:34:22.559573][INFO][seed2] Dropping state 61
.0, 1.0, 0.0, 0.0, 0.0, 0.0, 1.0, 0.0, 1.0, 0.0, 0.0, 0.0, 1.0, 1.0, 0.0, 0.0, 0.0, 0.0, 1.0, 0.0, 0.0, 1.0, 0.0, 0.0, 1.0, 0.0, 1.0, 0.0, 1.0, 0.0, 0.0, 1.0, 0.0, 0.0, 0.0, 0.0, 1.0, 0.0, 1.0, 0.0, 1.0, 0.0, 0.0, 0.0, 0.0, 1.0, 0.0, 0.0, 1.0, 0.0, 1.0, 0.0, 0.0, 1.0, 0.0, 1.0, 0.0, 0.0, 0.0, 0.0, 1.0, 0.0, 1.0, 0.0, 0.0, 0.0, 1.0, 0.0, 0.0, 1.0, 0.0, 0.0, 1.0, 0.0, 0.0, 1.0, 1.0, 0.0, 0.0, 0.0, 1.0, 0.0, 0.0, 0.0, 1.0, 0.0, 0.0, 1.0, 0.0, 1.0, 0.0, 1.0, 0.0, 0.0, 0.0, 0.0, 1.0, 0.0, 0.0, 1.0, 0.0, 1.0, 0.0, 0.0, 1.0, 0.0, 0.0, 0.0, 1.0, 0.0, 0.0, 1.0, 0.0, 1.0, 0.0, 0.0, 0.0, 1.0, 0.0, 0.0, 1.0, 0.0, 0.0, 1.0, 0.0, 0.0, 1.0, 1.0, 0.0, 0.0, 0.0, 0.0, 1.0, 0.0, 0.0, 1.0, 0.0, 0.0, 1.0, 0.0, 1.0, 0.0, 0.0, 0.0, 1.0, 0.0, 0.0, 1.0, 0.0, 0.0, 1.0, 0.0, 0.0, 1.0]]

[2024-10-14T10:34:22.560576][INFO][seed41] Starting logger with seed 41
[2024-10-14T10:34:22.562386][INFO][seed6] Dropping state 49
[2024-10-14T10:34:22.563921][INFO][seed6] Dropping state 48
[2024-10-14T10:34:22.541287][INFO][seed48] Set up logging
[2024-10-14T10:34:22.565587][INFO][seed2] Dropping state 59
[2024-10-14T10:34:22.566323][INFO][seed6] Dropping state 47
[2024-10-14T10:34:22.566317][INFO][seed48] args: -np;2;-nzr;0.4;-zdr;0.5;-o;/mnt/beegfs/rcabanas/dev/credici/papers/zeros/models/s3;-rw;-s;48;-ys;3
[2024-10-14T10:34:22.568543][INFO][seed6] Dropping state 43
[2024-10-14T10:34:22.569322][INFO][seed6] Dropping state 42
[2024-10-14T10:34:22.572595][INFO][seed6] Dropping state 41
[2024-10-14T10:34:22.574050][INFO][seed6] Dropping state 40
[2024-10-14T10:34:22.578405][INFO][seed41] simple_nparents2_nzr04_zdr05_ysize3_41
[2024-10-14T10:34:22.578630][INFO][seed2] Dropping state 58
[2024-10-14T10:34:22.580273][INFO][seed2] Dropping state 55
[2024-10-14T10:34:22.580567][INFO][seed6] Dropping state 37
[2024-10-14T10:34:22.580883][INFO][seed48] Starting logger with seed 48
[2024-10-14T10:34:22.582478][INFO][seed6] Dropping state 36
[2024-10-14T10:34:22.583765][INFO][seed6] Dropping state 34
[2024-10-14T10:34:22.585118][INFO][seed6] Dropping state 25
[2024-10-14T10:34:22.584891][INFO][seed2] Dropping state 53
[2024-10-14T10:34:22.586659][INFO][seed2] Dropping state 51
[2024-10-14T10:34:22.586346][INFO][seed21] Sampled 1000 data instances
[2024-10-14T10:34:22.586820][INFO][seed21] Starting exact inference 
[2024-10-14T10:34:22.587336][INFO][seed6] Dropping state 19
[2024-10-14T10:34:22.588989][INFO][seed6] Dropping state 15
[2024-10-14T10:34:22.551105][INFO][seed42] Set up logging
[2024-10-14T10:34:22.590593][INFO][seed42] args: -np;2;-nzr;0.4;-zdr;0.5;-o;/mnt/beegfs/rcabanas/dev/credici/papers/zeros/models/s3;-rw;-s;42;-ys;3
[2024-10-14T10:34:22.590574][INFO][seed2] Dropping state 49
[2024-10-14T10:34:22.591555][INFO][seed6] Dropping state 13
[2024-10-14T10:34:22.591797][INFO][seed2] Dropping state 47
[2024-10-14T10:34:22.592311][INFO][seed26] U cardinality: 81
[2024-10-14T10:34:22.592784][INFO][seed42] Starting logger with seed 42
[2024-10-14T10:34:22.594399][INFO][seed2] Dropping state 46
[2024-10-14T10:34:22.595812][INFO][seed2] Dropping state 36
[2024-10-14T10:34:22.596381][INFO][seed6] Dropping state 12
[2024-10-14T10:34:22.598998][INFO][seed2] Dropping state 33
[2024-10-14T10:34:22.599615][INFO][seed6] Dropping state 2
[2024-10-14T10:34:22.600927][INFO][seed2] Dropping state 32
[2024-10-14T10:34:22.601624][INFO][seed2] Dropping state 29
[2024-10-14T10:34:22.601818][INFO][seed26] !0 = [1, 4, 12, 13, 17, 18, 20, 23, 24, 28, 29, 33, 36, 37, 38, 40, 46, 50, 53, 56, 58, 60, 61, 62, 64, 68, 72, 73, 75, 76, 77, 78]
[2024-10-14T10:34:22.602950][INFO][seed26] 0 = [0, 2, 3, 5, 6, 7, 8, 9, 10, 11, 14, 15, 16, 19, 21, 22, 25, 26, 27, 30, 31, 32, 34, 35, 39, 41, 42, 43, 44, 45, 47, 48, 49, 51, 52, 54, 55, 57, 59, 63, 65, 66, 67, 69, 70, 71, 74, 79, 80]
[2024-10-14T10:34:22.604295][INFO][seed6] U cardinality: 54
[2024-10-14T10:34:22.605121][INFO][seed2] Dropping state 27
[2024-10-14T10:34:22.606893][INFO][seed2] Dropping state 25
[2024-10-14T10:34:22.608891][INFO][seed11] Sampled 1000 data instances
[2024-10-14T10:34:22.609445][INFO][seed11] Starting exact inference 
[2024-10-14T10:34:22.609691][INFO][seed2] Dropping state 24
[2024-10-14T10:34:22.572089][INFO][seed46] Set up logging
[2024-10-14T10:34:22.611814][INFO][seed46] args: -np;2;-nzr;0.4;-zdr;0.5;-o;/mnt/beegfs/rcabanas/dev/credici/papers/zeros/models/s3;-rw;-s;46;-ys;3
[2024-10-14T10:34:22.612328][INFO][seed2] Dropping state 20
[2024-10-14T10:34:22.612191][INFO][seed42] simple_nparents2_nzr04_zdr05_ysize3_42
[2024-10-14T10:34:22.613690][INFO][seed2] Dropping state 19
[2024-10-14T10:34:22.614346][INFO][seed46] Starting logger with seed 46
[2024-10-14T10:34:22.614673][INFO][seed2] Dropping state 18
[2024-10-14T10:34:22.614934][INFO][seed26] Dropping state 80
[2024-10-14T10:34:22.616558][INFO][seed2] Dropping state 16
[2024-10-14T10:34:22.616528][INFO][seed26] Dropping state 69
[2024-10-14T10:34:22.617940][INFO][seed26] Dropping state 66
[2024-10-14T10:34:22.617981][INFO][seed2] Dropping state 15
[2024-10-14T10:34:22.619183][INFO][seed2] Dropping state 9
[2024-10-14T10:34:22.620918][INFO][seed2] Dropping state 6
[2024-10-14T10:34:22.622716][INFO][seed26] Dropping state 59
[2024-10-14T10:34:22.624242][INFO][seed2] U cardinality: 55
[2024-10-14T10:34:22.594173][INFO][seed34] Set up logging
[2024-10-14T10:34:22.627013][INFO][seed25] Sampled 1000 data instances
[2024-10-14T10:34:22.627160][INFO][seed25] Starting exact inference 
[2024-10-14T10:34:22.627687][INFO][seed10] Sampled 1000 data instances
[2024-10-14T10:34:22.628132][INFO][seed10] Starting exact inference 
[2024-10-14T10:34:22.628017][INFO][seed26] Dropping state 57
[2024-10-14T10:34:22.628348][INFO][seed34] args: -np;2;-nzr;0.4;-zdr;0.5;-o;/mnt/beegfs/rcabanas/dev/credici/papers/zeros/models/s3;-rw;-s;34;-ys;3
[2024-10-14T10:34:22.630473][INFO][seed34] Starting logger with seed 34
[2024-10-14T10:34:22.631126][INFO][seed46] simple_nparents2_nzr04_zdr05_ysize3_46
[2024-10-14T10:34:22.637592][INFO][seed26] Dropping state 55
[2024-10-14T10:34:22.637751][INFO][seed6] 
[P([5]) [0.488, 0.512], P([4]) [0.681, 0.319], P([3]) [0.001, 0.001, 0.0, 0.0, 0.001, 0.001, 0.001, 0.051, 0.0, 0.001, 0.001, 0.001, 0.004, 0.001, 0.001, 0.0, 0.0, 0.0, 0.001, 0.001, 0.001, 0.001, 0.001, 0.0, 0.001, 0.0, 0.0, 0.0, 0.0, 0.001, 0.001, 0.001, 0.001, 0.001, 0.0, 0.0, 0.0, 0.0, 0.0, 0.0, 0.001, 0.001, 0.001, 0.0, 0.0, 0.001, 0.0, 0.001, 0.001, 0.0, 0.001, 0.0, 0.001, 0.916], P([2, 5]) [1.0, 0.0, 0.0, 1.0], P([1, 4]) [1.0, 0.0, 0.0, 1.0], P([0, 1, 2, 3]) [1.0, 0.0, 0.0, 1.0, 0.0, 0.0, 1.0, 0.0, 0.0, 1.0, 0.0, 0.0, 1.0, 0.0, 0.0, 1.0, 0.0, 0.0, 1.0, 0.0, 0.0, 0.0, 1.0, 0.0, 1.0, 0.0, 0.0, 1.0, 0.0, 0.0, 0.0, 1.0, 0.0, 1.0, 0.0, 0.0, 1.0, 0.0, 0.0, 1.0, 0.0, 0.0, 0.0, 1.0, 0.0, 0.0, 1.0, 0.0, 1.0, 0.0, 0.0, 1.0, 0.0, 0.0, 0.0, 1.0, 0.0, 0.0, 0.0, 1.0, 1.0, 0.0, 0.0, 1.0, 0.0, 0.0, 0.0, 0.0, 1.0, 1.0, 0.0, 0.0, 1.0, 0.0, 0.0, 1.0, 0.0, 0.0, 0.0, 0.0, 1.0, 0.0, 1.0, 0.0, 1.0, 0.0, 0.0, 1.0, 0.0, 0.0, 0.0, 0.0, 1.0, 0.0, 0.0, 1.0, 1.0, 0.0, 0.0, 0.0, 1.0, 0.0, 1.0, 0.0, 0.0, 1.0, 0.0, 0.0, 1.0, 0.0, 0.0, 0.0, 1.0, 0.0, 1.0, 0.0, 0.0, 0.0, 1.0, 0.0, 1.0, 0.0, 0.0, 0.0, 1.0, 0.0, 1.0, 0.0, 0.0, 0.0, 0.0, 1.0, 1.0, 0.0, 0.0, 0.0, 1.0, 0.0, 0.0, 1.0, 0.0, 0.0, 0.0, 1.0, 1.0, 0.0, 0.0, 0.0, 1.0, 0.0, 0.0, 0.0, 1.0, 0.0, 1.0, 0.0, 1.0, 0.0, 0.0, 0.0, 1.0, 0.0, 0.0, 0.0, 1.0, 0.0, 0.0, 1.0, 1.0, 0.0, 0.0, 0.0, 0.0, 1.0, 1.0, 0.0, 0.0, 1.0, 0.0, 0.0, 1.0, 0.0, 0.0, 0.0, 0.0, 1.0, 1.0, 0.0, 0.0, 0.0, 0.0, 1.0, 1.0, 0.0, 0.0, 0.0, 0.0, 1.0, 0.0, 1.0, 0.0, 1.0, 0.0, 0.0, 1.0, 0.0, 0.0, 0.0, 0.0, 1.0, 0.0, 1.0, 0.0, 0.0, 1.0, 0.0, 1.0, 0.0, 0.0, 0.0, 0.0, 1.0, 0.0, 1.0, 0.0, 0.0, 0.0, 1.0, 1.0, 0.0, 0.0, 0.0, 0.0, 1.0, 0.0, 0.0, 1.0, 1.0, 0.0, 0.0, 1.0, 0.0, 0.0, 0.0, 0.0, 1.0, 0.0, 0.0, 1.0, 0.0, 0.0, 1.0, 0.0, 1.0, 0.0, 1.0, 0.0, 0.0, 1.0, 0.0, 0.0, 1.0, 0.0, 0.0, 0.0, 1.0, 0.0, 1.0, 0.0, 0.0, 1.0, 0.0, 0.0, 0.0, 1.0, 0.0, 0.0, 1.0, 0.0, 1.0, 0.0, 0.0, 1.0, 0.0, 0.0, 0.0, 0.0, 1.0, 0.0, 1.0, 0.0, 1.0, 0.0, 0.0, 0.0, 1.0, 0.0, 1.0, 0.0, 0.0, 0.0, 1.0, 0.0, 1.0, 0.0, 0.0, 0.0, 1.0, 0.0, 0.0, 1.0, 0.0, 0.0, 1.0, 0.0, 1.0, 0.0, 0.0, 0.0, 1.0, 0.0, 0.0, 0.0, 1.0, 0.0, 1.0, 0.0, 1.0, 0.0, 0.0, 0.0, 0.0, 1.0, 1.0, 0.0, 0.0, 0.0, 1.0, 0.0, 1.0, 0.0, 0.0, 0.0, 0.0, 1.0, 0.0, 0.0, 1.0, 0.0, 1.0, 0.0, 0.0, 1.0, 0.0, 1.0, 0.0, 0.0, 0.0, 0.0, 1.0, 0.0, 1.0, 0.0, 0.0, 1.0, 0.0, 0.0, 1.0, 0.0, 1.0, 0.0, 0.0, 0.0, 1.0, 0.0, 0.0, 1.0, 0.0, 0.0, 0.0, 1.0, 0.0, 0.0, 1.0, 0.0, 1.0, 0.0, 0.0, 0.0, 1.0, 1.0, 0.0, 0.0, 1.0, 0.0, 0.0, 0.0, 1.0, 0.0, 0.0, 0.0, 1.0, 1.0, 0.0, 0.0, 0.0, 1.0, 0.0, 0.0, 1.0, 0.0, 0.0, 0.0, 1.0, 0.0, 1.0, 0.0, 0.0, 0.0, 1.0, 0.0, 1.0, 0.0, 0.0, 0.0, 1.0, 0.0, 0.0, 1.0, 1.0, 0.0, 0.0, 0.0, 1.0, 0.0, 0.0, 0.0, 1.0, 0.0, 0.0, 1.0, 0.0, 0.0, 1.0, 0.0, 0.0, 1.0, 1.0, 0.0, 0.0, 1.0, 0.0, 0.0, 1.0, 0.0, 0.0, 0.0, 0.0, 1.0, 1.0, 0.0, 0.0, 1.0, 0.0, 0.0, 0.0, 1.0, 0.0, 0.0, 0.0, 1.0, 1.0, 0.0, 0.0, 1.0, 0.0, 0.0, 0.0, 0.0, 1.0, 0.0, 0.0, 1.0, 1.0, 0.0, 0.0, 0.0, 1.0, 0.0, 1.0, 0.0, 0.0, 0.0, 0.0, 1.0, 1.0, 0.0, 0.0, 0.0, 0.0, 1.0, 1.0, 0.0, 0.0, 0.0, 0.0, 1.0, 1.0, 0.0, 0.0, 0.0, 0.0, 1.0, 0.0, 1.0, 0.0, 0.0, 0.0, 1.0, 1.0, 0.0, 0.0, 0.0, 0.0, 1.0, 0.0, 0.0, 1.0, 0.0, 0.0, 1.0, 0.0, 1.0, 0.0, 1.0, 0.0, 0.0, 0.0, 1.0, 0.0, 0.0, 0.0, 1.0, 0.0, 1.0, 0.0, 0.0, 1.0, 0.0, 0.0, 1.0, 0.0, 0.0, 0.0, 1.0, 0.0, 1.0, 0.0, 0.0, 1.0, 0.0, 0.0, 0.0, 1.0, 0.0, 0.0, 1.0, 0.0, 1.0, 0.0, 0.0, 0.0, 1.0, 0.0, 0.0, 1.0, 0.0, 0.0, 1.0, 0.0, 0.0, 1.0, 1.0, 0.0, 0.0, 1.0, 0.0, 0.0, 0.0, 0.0, 1.0, 0.0, 0.0, 1.0, 1.0, 0.0, 0.0, 0.0, 1.0, 0.0, 0.0, 0.0, 1.0, 0.0, 0.0, 1.0, 0.0, 1.0, 0.0, 1.0, 0.0, 0.0, 0.0, 0.0, 1.0, 0.0, 0.0, 1.0, 0.0, 1.0, 0.0, 0.0, 1.0, 0.0, 0.0, 0.0, 1.0, 0.0, 0.0, 1.0, 0.0, 1.0, 0.0, 0.0, 0.0, 1.0, 0.0, 0.0, 1.0, 0.0, 0.0, 1.0, 0.0, 0.0, 1.0, 0.0, 1.0, 0.0]]

[2024-10-14T10:34:22.641083][INFO][seed37] U cardinality: 81
[2024-10-14T10:34:22.642273][INFO][seed26] Dropping state 52
[2024-10-14T10:34:22.642545][INFO][seed18] U cardinality: 81
[2024-10-14T10:34:22.645623][INFO][seed26] Dropping state 51
[2024-10-14T10:34:22.647836][INFO][seed26] Dropping state 49
[2024-10-14T10:34:22.649309][INFO][seed26] Dropping state 45
[2024-10-14T10:34:22.649553][INFO][seed12] Sampled 1000 data instances
[2024-10-14T10:34:22.649899][INFO][seed12] Starting exact inference 
[2024-10-14T10:34:22.649797][INFO][seed37] !0 = [0, 3, 10, 13, 15, 16, 17, 22, 23, 24, 29, 31, 32, 33, 35, 39, 41, 44, 47, 49, 55, 57, 58, 61, 63, 66, 67, 69, 72, 75, 78, 79]
[2024-10-14T10:34:22.650240][INFO][seed26] Dropping state 41
[2024-10-14T10:34:22.650974][INFO][seed18] !0 = [1, 2, 3, 4, 5, 11, 14, 15, 16, 17, 22, 25, 26, 30, 33, 38, 40, 43, 44, 45, 47, 49, 56, 59, 61, 63, 67, 68, 70, 76, 77, 78]
[2024-10-14T10:34:22.650869][INFO][seed37] 0 = [1, 2, 4, 5, 6, 7, 8, 9, 11, 12, 14, 18, 19, 20, 21, 25, 26, 27, 28, 30, 34, 36, 37, 38, 40, 42, 43, 45, 46, 48, 50, 51, 52, 53, 54, 56, 59, 60, 62, 64, 65, 68, 70, 71, 73, 74, 76, 77, 80]
[2024-10-14T10:34:22.652035][INFO][seed18] 0 = [0, 6, 7, 8, 9, 10, 12, 13, 18, 19, 20, 21, 23, 24, 27, 28, 29, 31, 32, 34, 35, 36, 37, 39, 41, 42, 46, 48, 50, 51, 52, 53, 54, 55, 57, 58, 60, 62, 64, 65, 66, 69, 71, 72, 73, 74, 75, 79, 80]
[2024-10-14T10:34:22.654300][INFO][seed2] 
[P([5]) [0.442, 0.558], P([4]) [0.821, 0.179], P([3]) [0.001, 0.0, 0.0, 0.0, 0.001, 0.0, 0.001, 0.0, 0.824, 0.001, 0.0, 0.001, 0.001, 0.001, 0.0, 0.001, 0.0, 0.001, 0.001, 0.0, 0.061, 0.001, 0.001, 0.001, 0.0, 0.001, 0.001, 0.001, 0.001, 0.001, 0.001, 0.0, 0.001, 0.0, 0.0, 0.001, 0.0, 0.0, 0.0, 0.001, 0.008, 0.001, 0.0, 0.0, 0.001, 0.0, 0.001, 0.0, 0.001, 0.0, 0.0, 0.001, 0.001, 0.079, 0.0], P([2, 5]) [1.0, 0.0, 0.0, 1.0], P([1, 4]) [1.0, 0.0, 0.0, 1.0], P([0, 1, 2, 3]) [1.0, 0.0, 0.0, 1.0, 0.0, 0.0, 1.0, 0.0, 0.0, 1.0, 0.0, 0.0, 1.0, 0.0, 0.0, 1.0, 0.0, 0.0, 1.0, 0.0, 0.0, 0.0, 1.0, 0.0, 1.0, 0.0, 0.0, 1.0, 0.0, 0.0, 1.0, 0.0, 0.0, 0.0, 0.0, 1.0, 1.0, 0.0, 0.0, 1.0, 0.0, 0.0, 0.0, 1.0, 0.0, 1.0, 0.0, 0.0, 1.0, 0.0, 0.0, 1.0, 0.0, 0.0, 0.0, 1.0, 0.0, 0.0, 1.0, 0.0, 1.0, 0.0, 0.0, 1.0, 0.0, 0.0, 0.0, 1.0, 0.0, 0.0, 0.0, 1.0, 1.0, 0.0, 0.0, 1.0, 0.0, 0.0, 0.0, 0.0, 1.0, 0.0, 1.0, 0.0, 1.0, 0.0, 0.0, 1.0, 0.0, 0.0, 0.0, 0.0, 1.0, 0.0, 0.0, 1.0, 1.0, 0.0, 0.0, 0.0, 1.0, 0.0, 1.0, 0.0, 0.0, 0.0, 1.0, 0.0, 1.0, 0.0, 0.0, 0.0, 1.0, 0.0, 1.0, 0.0, 0.0, 0.0, 0.0, 1.0, 1.0, 0.0, 0.0, 0.0, 1.0, 0.0, 0.0, 1.0, 0.0, 1.0, 0.0, 0.0, 1.0, 0.0, 0.0, 0.0, 1.0, 0.0, 0.0, 1.0, 0.0, 0.0, 1.0, 0.0, 1.0, 0.0, 0.0, 0.0, 1.0, 0.0, 0.0, 1.0, 0.0, 0.0, 0.0, 1.0, 1.0, 0.0, 0.0, 0.0, 1.0, 0.0, 0.0, 0.0, 1.0, 0.0, 0.0, 1.0, 1.0, 0.0, 0.0, 0.0, 0.0, 1.0, 0.0, 1.0, 0.0, 1.0, 0.0, 0.0, 1.0, 0.0, 0.0, 0.0, 0.0, 1.0, 0.0, 1.0, 0.0, 0.0, 1.0, 0.0, 1.0, 0.0, 0.0, 0.0, 0.0, 1.0, 0.0, 1.0, 0.0, 0.0, 0.0, 1.0, 1.0, 0.0, 0.0, 0.0, 0.0, 1.0, 0.0, 0.0, 1.0, 0.0, 0.0, 1.0, 0.0, 1.0, 0.0, 1.0, 0.0, 0.0, 1.0, 0.0, 0.0, 0.0, 1.0, 0.0, 0.0, 1.0, 0.0, 1.0, 0.0, 0.0, 0.0, 1.0, 0.0, 1.0, 0.0, 0.0, 0.0, 1.0, 0.0, 1.0, 0.0, 0.0, 0.0, 1.0, 0.0, 0.0, 1.0, 0.0, 0.0, 1.0, 0.0, 1.0, 0.0, 0.0, 0.0, 0.0, 1.0, 0.0, 1.0, 0.0, 0.0, 1.0, 0.0, 1.0, 0.0, 0.0, 0.0, 0.0, 1.0, 0.0, 0.0, 1.0, 0.0, 1.0, 0.0, 0.0, 1.0, 0.0, 1.0, 0.0, 0.0, 0.0, 1.0, 0.0, 0.0, 1.0, 0.0, 0.0, 1.0, 0.0, 1.0, 0.0, 0.0, 0.0, 0.0, 1.0, 0.0, 1.0, 0.0, 0.0, 1.0, 0.0, 0.0, 1.0, 0.0, 1.0, 0.0, 0.0, 0.0, 1.0, 0.0, 0.0, 1.0, 0.0, 0.0, 1.0, 0.0, 0.0, 1.0, 0.0, 0.0, 1.0, 0.0, 0.0, 1.0, 0.0, 0.0, 1.0, 0.0, 0.0, 0.0, 1.0, 0.0, 1.0, 0.0, 0.0, 1.0, 0.0, 0.0, 0.0, 1.0, 1.0, 0.0, 0.0, 0.0, 1.0, 0.0, 0.0, 1.0, 0.0, 0.0, 0.0, 1.0, 0.0, 1.0, 0.0, 0.0, 1.0, 0.0, 0.0, 1.0, 0.0, 0.0, 0.0, 1.0, 0.0, 0.0, 1.0, 0.0, 1.0, 0.0, 0.0, 0.0, 1.0, 1.0, 0.0, 0.0, 1.0, 0.0, 0.0, 0.0, 1.0, 0.0, 0.0, 0.0, 1.0, 0.0, 1.0, 0.0, 1.0, 0.0, 0.0, 0.0, 1.0, 0.0, 0.0, 0.0, 1.0, 0.0, 1.0, 0.0, 0.0, 0.0, 1.0, 0.0, 1.0, 0.0, 0.0, 0.0, 1.0, 0.0, 0.0, 1.0, 0.0, 1.0, 0.0, 0.0, 0.0, 1.0, 1.0, 0.0, 0.0, 1.0, 0.0, 0.0, 1.0, 0.0, 0.0, 0.0, 0.0, 1.0, 1.0, 0.0, 0.0, 1.0, 0.0, 0.0, 0.0, 0.0, 1.0, 0.0, 0.0, 1.0, 1.0, 0.0, 0.0, 0.0, 1.0, 0.0, 1.0, 0.0, 0.0, 0.0, 0.0, 1.0, 1.0, 0.0, 0.0, 0.0, 0.0, 1.0, 1.0, 0.0, 0.0, 0.0, 0.0, 1.0, 1.0, 0.0, 0.0, 0.0, 0.0, 1.0, 0.0, 0.0, 1.0, 0.0, 0.0, 1.0, 0.0, 1.0, 0.0, 1.0, 0.0, 0.0, 1.0, 0.0, 0.0, 0.0, 0.0, 1.0, 0.0, 1.0, 0.0, 1.0, 0.0, 0.0, 0.0, 1.0, 0.0, 0.0, 0.0, 1.0, 0.0, 1.0, 0.0, 1.0, 0.0, 0.0, 0.0, 0.0, 1.0, 0.0, 0.0, 1.0, 0.0, 1.0, 0.0, 0.0, 1.0, 0.0, 1.0, 0.0, 0.0, 0.0, 0.0, 1.0, 0.0, 1.0, 0.0, 0.0, 1.0, 0.0, 0.0, 1.0, 0.0, 0.0, 0.0, 1.0, 0.0, 1.0, 0.0, 0.0, 1.0, 0.0, 0.0, 0.0, 1.0, 0.0, 0.0, 1.0, 0.0, 1.0, 0.0, 0.0, 0.0, 1.0, 1.0, 0.0, 0.0, 0.0, 0.0, 1.0, 0.0, 1.0, 0.0, 0.0, 0.0, 1.0, 0.0, 1.0, 0.0, 0.0, 0.0, 1.0, 0.0, 0.0, 1.0, 1.0, 0.0, 0.0, 1.0, 0.0, 0.0, 0.0, 0.0, 1.0, 0.0, 0.0, 1.0, 1.0, 0.0, 0.0, 0.0, 0.0, 1.0, 0.0, 0.0, 1.0, 0.0, 0.0, 1.0, 0.0, 1.0, 0.0, 1.0, 0.0, 0.0, 0.0, 0.0, 1.0, 0.0, 0.0, 1.0, 0.0, 1.0, 0.0, 0.0, 1.0, 0.0, 0.0, 0.0, 1.0, 0.0, 0.0, 1.0, 0.0, 0.0, 1.0, 1.0, 0.0, 0.0, 0.0, 0.0, 1.0, 0.0, 0.0, 1.0, 0.0, 0.0, 1.0, 0.0, 1.0, 0.0, 0.0, 0.0, 1.0, 0.0, 0.0, 1.0, 0.0, 0.0, 1.0, 0.0, 0.0, 1.0]]

[2024-10-14T10:34:22.657560][INFO][seed34] simple_nparents2_nzr04_zdr05_ysize3_34
[2024-10-14T10:34:22.657476][INFO][seed40] Sampled 1000 data instances
[2024-10-14T10:34:22.657645][INFO][seed40] Starting exact inference 
[2024-10-14T10:34:22.661021][INFO][seed26] Dropping state 39
[2024-10-14T10:34:22.661111][INFO][seed18] Dropping state 75
[2024-10-14T10:34:22.659413][INFO][seed37] Dropping state 80
[2024-10-14T10:34:22.662526][INFO][seed18] Dropping state 74
[2024-10-14T10:34:22.662532][INFO][seed26] Dropping state 27
[2024-10-14T10:34:22.663635][INFO][seed37] Dropping state 77
[2024-10-14T10:34:22.664449][INFO][seed26] Dropping state 26
[2024-10-14T10:34:22.666181][INFO][seed37] Dropping state 74
[2024-10-14T10:34:22.666393][INFO][seed26] Dropping state 15
[2024-10-14T10:34:22.667230][INFO][seed26] Dropping state 14
[2024-10-14T10:34:22.667972][INFO][seed18] Dropping state 73
[2024-10-14T10:34:22.669559][INFO][seed37] Dropping state 70
[2024-10-14T10:34:22.671108][INFO][seed26] Dropping state 11
[2024-10-14T10:34:22.671397][INFO][seed18] Dropping state 71
[2024-10-14T10:34:22.671568][INFO][seed0] Sampled 1000 data instances
[2024-10-14T10:34:22.672134][INFO][seed0] Starting exact inference 
[2024-10-14T10:34:22.672604][INFO][seed26] Dropping state 6
[2024-10-14T10:34:22.650201][INFO][seed54] Set up logging
[2024-10-14T10:34:22.673896][INFO][seed54] args: -np;2;-nzr;0.4;-zdr;0.5;-o;/mnt/beegfs/rcabanas/dev/credici/papers/zeros/models/s3;-rw;-s;54;-ys;3
[2024-10-14T10:34:22.674545][INFO][seed39] U cardinality: 81
[2024-10-14T10:34:22.675082][INFO][seed37] Dropping state 68
[2024-10-14T10:34:22.676462][INFO][seed5] U cardinality: 81
[2024-10-14T10:34:22.676941][INFO][seed18] Dropping state 64
[2024-10-14T10:34:22.677048][INFO][seed26] Dropping state 2
[2024-10-14T10:34:22.681908][INFO][seed26] Dropping state 0
[2024-10-14T10:34:22.682510][INFO][seed39] !0 = [6, 8, 9, 13, 14, 15, 16, 17, 19, 21, 23, 24, 25, 27, 29, 32, 35, 36, 39, 40, 42, 45, 46, 47, 55, 56, 59, 63, 67, 72, 77, 78]
[2024-10-14T10:34:22.683863][INFO][seed39] 0 = [0, 1, 2, 3, 4, 5, 7, 10, 11, 12, 18, 20, 22, 26, 28, 30, 31, 33, 34, 37, 38, 41, 43, 44, 48, 49, 50, 51, 52, 53, 54, 57, 58, 60, 61, 62, 64, 65, 66, 68, 69, 70, 71, 73, 74, 75, 76, 79, 80]
[2024-10-14T10:34:22.686166][INFO][seed37] Dropping state 65
[2024-10-14T10:34:22.686696][INFO][seed26] U cardinality: 61
[2024-10-14T10:34:22.686847][INFO][seed5] !0 = [1, 2, 6, 8, 10, 12, 14, 15, 18, 19, 22, 23, 24, 25, 32, 39, 41, 43, 46, 47, 48, 53, 55, 59, 63, 65, 66, 68, 70, 72, 74, 80]
[2024-10-14T10:34:22.687144][INFO][seed54] Starting logger with seed 54
[2024-10-14T10:34:22.688206][INFO][seed37] Dropping state 62
[2024-10-14T10:34:22.688229][INFO][seed5] 0 = [0, 3, 4, 5, 7, 9, 11, 13, 16, 17, 20, 21, 26, 27, 28, 29, 30, 31, 33, 34, 35, 36, 37, 38, 40, 42, 44, 45, 49, 50, 51, 52, 54, 56, 57, 58, 60, 61, 62, 64, 67, 69, 71, 73, 75, 76, 77, 78, 79]
[2024-10-14T10:34:22.689582][INFO][seed18] Dropping state 60
[2024-10-14T10:34:22.691446][INFO][seed18] Dropping state 58
[2024-10-14T10:34:22.692102][INFO][seed37] Dropping state 59
[2024-10-14T10:34:22.658271][INFO][seed43] Set up logging
[2024-10-14T10:34:22.693272][INFO][seed39] Dropping state 75
[2024-10-14T10:34:22.694180][INFO][seed43] args: -np;2;-nzr;0.4;-zdr;0.5;-o;/mnt/beegfs/rcabanas/dev/credici/papers/zeros/models/s3;-rw;-s;43;-ys;3
[2024-10-14T10:34:22.694418][INFO][seed37] Dropping state 54
[2024-10-14T10:34:22.695271][INFO][seed39] Dropping state 74
[2024-10-14T10:34:22.696331][INFO][seed18] Dropping state 55
[2024-10-14T10:34:22.696920][INFO][seed39] Dropping state 70
[2024-10-14T10:34:22.698031][INFO][seed18] Dropping state 54
[2024-10-14T10:34:22.699201][INFO][seed18] Dropping state 52
[2024-10-14T10:34:22.699681][INFO][seed39] Dropping state 69
[2024-10-14T10:34:22.702233][INFO][seed18] Dropping state 42
[2024-10-14T10:34:22.702319][INFO][seed54] simple_nparents2_nzr04_zdr05_ysize3_54
[2024-10-14T10:34:22.703262][INFO][seed37] Dropping state 51
[2024-10-14T10:34:22.704114][INFO][seed18] Dropping state 39
[2024-10-14T10:34:22.704657][INFO][seed37] Dropping state 48
[2024-10-14T10:34:22.705242][INFO][seed18] Dropping state 37
[2024-10-14T10:34:22.705629][INFO][seed39] Dropping state 68
[2024-10-14T10:34:22.706429][INFO][seed37] Dropping state 46
[2024-10-14T10:34:22.707597][INFO][seed37] Dropping state 43
[2024-10-14T10:34:22.706866][INFO][seed5] Dropping state 71
[2024-10-14T10:34:22.708712][INFO][seed5] Dropping state 69
[2024-10-14T10:34:22.708852][INFO][seed43] Starting logger with seed 43
[2024-10-14T10:34:22.710603][INFO][seed5] Dropping state 67
[2024-10-14T10:34:22.710496][INFO][seed28] Sampled 1000 data instances
[2024-10-14T10:34:22.710637][INFO][seed28] Starting exact inference 
[2024-10-14T10:34:22.711025][INFO][seed24] Sampled 1000 data instances
[2024-10-14T10:34:22.711495][INFO][seed24] Starting exact inference 
[2024-10-14T10:34:22.711350][INFO][seed37] Dropping state 42
[2024-10-14T10:34:22.714111][INFO][seed5] Dropping state 62
[2024-10-14T10:34:22.714120][INFO][seed37] Dropping state 37
[2024-10-14T10:34:22.715774][INFO][seed37] Dropping state 34
[2024-10-14T10:34:22.716365][INFO][seed18] Dropping state 34
[2024-10-14T10:34:22.717400][INFO][seed26] 
[P([5]) [0.351, 0.649], P([4]) [0.88, 0.12], P([3]) [0.001, 0.0, 0.001, 0.0, 0.0, 0.0, 0.0, 0.0, 0.001, 0.001, 0.0, 0.001, 0.001, 0.0, 0.001, 0.0, 0.0, 0.001, 0.001, 0.0, 0.116, 0.001, 0.0, 0.0, 0.0, 0.001, 0.0, 0.0, 0.001, 0.001, 0.001, 0.001, 0.0, 0.0, 0.0, 0.001, 0.0, 0.0, 0.001, 0.001, 0.0, 0.001, 0.001, 0.001, 0.001, 0.001, 0.0, 0.001, 0.0, 0.0, 0.001, 0.0, 0.0, 0.002, 0.495, 0.0, 0.001, 0.001, 0.001, 0.359, 0.0], P([2, 5]) [1.0, 0.0, 0.0, 1.0], P([1, 4]) [1.0, 0.0, 0.0, 1.0], P([0, 1, 2, 3]) [1.0, 0.0, 0.0, 1.0, 0.0, 0.0, 1.0, 0.0, 0.0, 0.0, 1.0, 0.0, 1.0, 0.0, 0.0, 1.0, 0.0, 0.0, 0.0, 1.0, 0.0, 1.0, 0.0, 0.0, 1.0, 0.0, 0.0, 1.0, 0.0, 0.0, 0.0, 1.0, 0.0, 0.0, 1.0, 0.0, 1.0, 0.0, 0.0, 1.0, 0.0, 0.0, 0.0, 1.0, 0.0, 0.0, 0.0, 1.0, 1.0, 0.0, 0.0, 1.0, 0.0, 0.0, 0.0, 0.0, 1.0, 0.0, 1.0, 0.0, 1.0, 0.0, 0.0, 1.0, 0.0, 0.0, 0.0, 0.0, 1.0, 0.0, 0.0, 1.0, 1.0, 0.0, 0.0, 0.0, 1.0, 0.0, 1.0, 0.0, 0.0, 1.0, 0.0, 0.0, 1.0, 0.0, 0.0, 0.0, 1.0, 0.0, 1.0, 0.0, 0.0, 0.0, 1.0, 0.0, 1.0, 0.0, 0.0, 0.0, 1.0, 0.0, 0.0, 1.0, 0.0, 1.0, 0.0, 0.0, 1.0, 0.0, 0.0, 0.0, 1.0, 0.0, 0.0, 1.0, 0.0, 0.0, 1.0, 0.0, 1.0, 0.0, 0.0, 0.0, 1.0, 0.0, 0.0, 0.0, 1.0, 0.0, 1.0, 0.0, 1.0, 0.0, 0.0, 0.0, 1.0, 0.0, 0.0, 0.0, 1.0, 0.0, 0.0, 1.0, 1.0, 0.0, 0.0, 0.0, 0.0, 1.0, 1.0, 0.0, 0.0, 1.0, 0.0, 0.0, 1.0, 0.0, 0.0, 0.0, 0.0, 1.0, 1.0, 0.0, 0.0, 0.0, 1.0, 0.0, 1.0, 0.0, 0.0, 0.0, 0.0, 1.0, 1.0, 0.0, 0.0, 0.0, 0.0, 1.0, 1.0, 0.0, 0.0, 0.0, 0.0, 1.0, 0.0, 1.0, 0.0, 1.0, 0.0, 0.0, 1.0, 0.0, 0.0, 0.0, 0.0, 1.0, 0.0, 1.0, 0.0, 0.0, 1.0, 0.0, 1.0, 0.0, 0.0, 0.0, 0.0, 1.0, 0.0, 1.0, 0.0, 0.0, 0.0, 1.0, 1.0, 0.0, 0.0, 0.0, 0.0, 1.0, 0.0, 0.0, 1.0, 1.0, 0.0, 0.0, 1.0, 0.0, 0.0, 0.0, 0.0, 1.0, 0.0, 0.0, 1.0, 0.0, 1.0, 0.0, 0.0, 1.0, 0.0, 1.0, 0.0, 0.0, 1.0, 0.0, 0.0, 0.0, 1.0, 0.0, 0.0, 1.0, 0.0, 1.0, 0.0, 0.0, 1.0, 0.0, 0.0, 0.0, 0.0, 1.0, 0.0, 1.0, 0.0, 1.0, 0.0, 0.0, 0.0, 1.0, 0.0, 1.0, 0.0, 0.0, 0.0, 1.0, 0.0, 1.0, 0.0, 0.0, 0.0, 1.0, 0.0, 0.0, 1.0, 0.0, 0.0, 1.0, 0.0, 1.0, 0.0, 0.0, 0.0, 1.0, 0.0, 0.0, 0.0, 1.0, 0.0, 1.0, 0.0, 1.0, 0.0, 0.0, 0.0, 0.0, 1.0, 1.0, 0.0, 0.0, 0.0, 1.0, 0.0, 1.0, 0.0, 0.0, 0.0, 0.0, 1.0, 0.0, 1.0, 0.0, 0.0, 1.0, 0.0, 1.0, 0.0, 0.0, 0.0, 0.0, 1.0, 0.0, 0.0, 1.0, 0.0, 1.0, 0.0, 0.0, 1.0, 0.0, 1.0, 0.0, 0.0, 1.0, 0.0, 0.0, 0.0, 1.0, 0.0, 0.0, 1.0, 0.0, 1.0, 0.0, 0.0, 0.0, 1.0, 0.0, 0.0, 1.0, 0.0, 0.0, 1.0, 0.0, 1.0, 0.0, 0.0, 0.0, 0.0, 1.0, 0.0, 1.0, 0.0, 0.0, 1.0, 0.0, 0.0, 1.0, 0.0, 0.0, 1.0, 0.0, 0.0, 1.0, 0.0, 0.0, 1.0, 0.0, 0.0, 0.0, 1.0, 1.0, 0.0, 0.0, 0.0, 1.0, 0.0, 0.0, 1.0, 0.0, 0.0, 0.0, 1.0, 0.0, 1.0, 0.0, 0.0, 1.0, 0.0, 0.0, 1.0, 0.0, 0.0, 0.0, 1.0, 0.0, 0.0, 1.0, 0.0, 1.0, 0.0, 0.0, 0.0, 1.0, 1.0, 0.0, 0.0, 0.0, 1.0, 0.0, 0.0, 1.0, 0.0, 0.0, 0.0, 1.0, 1.0, 0.0, 0.0, 0.0, 0.0, 1.0, 0.0, 1.0, 0.0, 0.0, 0.0, 1.0, 0.0, 1.0, 0.0, 1.0, 0.0, 0.0, 0.0, 1.0, 0.0, 0.0, 0.0, 1.0, 0.0, 1.0, 0.0, 0.0, 0.0, 1.0, 0.0, 1.0, 0.0, 0.0, 0.0, 1.0, 0.0, 0.0, 1.0, 0.0, 0.0, 1.0, 0.0, 0.0, 1.0, 1.0, 0.0, 0.0, 1.0, 0.0, 0.0, 1.0, 0.0, 0.0, 0.0, 0.0, 1.0, 1.0, 0.0, 0.0, 1.0, 0.0, 0.0, 0.0, 0.0, 1.0, 0.0, 0.0, 1.0, 1.0, 0.0, 0.0, 0.0, 1.0, 0.0, 0.0, 1.0, 0.0, 0.0, 0.0, 1.0, 1.0, 0.0, 0.0, 0.0, 0.0, 1.0, 1.0, 0.0, 0.0, 0.0, 0.0, 1.0, 1.0, 0.0, 0.0, 0.0, 0.0, 1.0, 0.0, 1.0, 0.0, 0.0, 0.0, 1.0, 1.0, 0.0, 0.0, 0.0, 0.0, 1.0, 0.0, 0.0, 1.0, 0.0, 0.0, 1.0, 0.0, 1.0, 0.0, 1.0, 0.0, 0.0, 1.0, 0.0, 0.0, 0.0, 0.0, 1.0, 0.0, 1.0, 0.0, 1.0, 0.0, 0.0, 0.0, 1.0, 0.0, 0.0, 0.0, 1.0, 0.0, 1.0, 0.0, 1.0, 0.0, 0.0, 0.0, 0.0, 1.0, 0.0, 0.0, 1.0, 0.0, 1.0, 0.0, 0.0, 1.0, 0.0, 0.0, 1.0, 0.0, 0.0, 0.0, 1.0, 0.0, 1.0, 0.0, 0.0, 1.0, 0.0, 0.0, 0.0, 1.0, 0.0, 0.0, 1.0, 0.0, 1.0, 0.0, 0.0, 0.0, 1.0, 0.0, 1.0, 0.0, 0.0, 0.0, 1.0, 0.0, 1.0, 0.0, 0.0, 0.0, 1.0, 0.0, 0.0, 1.0, 0.0, 0.0, 1.0, 0.0, 0.0, 1.0, 1.0, 0.0, 0.0, 1.0, 0.0, 0.0, 0.0, 0.0, 1.0, 0.0, 0.0, 1.0, 1.0, 0.0, 0.0, 0.0, 1.0, 0.0, 0.0, 0.0, 1.0, 0.0, 0.0, 1.0, 1.0, 0.0, 0.0, 0.0, 0.0, 1.0, 0.0, 0.0, 1.0, 0.0, 0.0, 1.0, 0.0, 1.0, 0.0, 1.0, 0.0, 0.0, 0.0, 0.0, 1.0, 0.0, 0.0, 1.0, 0.0, 1.0, 0.0, 0.0, 1.0, 0.0, 0.0, 0.0, 1.0, 0.0, 0.0, 1.0, 0.0, 1.0, 0.0, 0.0, 0.0, 1.0, 0.0, 0.0, 1.0, 0.0, 0.0, 1.0, 0.0, 0.0, 1.0, 1.0, 0.0, 0.0, 0.0, 0.0, 1.0, 0.0, 0.0, 1.0, 0.0, 0.0, 1.0, 0.0, 1.0, 0.0]]

[2024-10-14T10:34:22.718472][INFO][seed18] Dropping state 32
[2024-10-14T10:34:22.718521][INFO][seed39] Dropping state 65
[2024-10-14T10:34:22.720312][INFO][seed39] Dropping state 60
[2024-10-14T10:34:22.719448][INFO][seed18] Dropping state 31
[2024-10-14T10:34:22.720292][INFO][seed37] Dropping state 30
[2024-10-14T10:34:22.720755][INFO][seed5] Dropping state 61
[2024-10-14T10:34:22.721467][INFO][seed18] Dropping state 29
[2024-10-14T10:34:22.721840][INFO][seed37] Dropping state 25
[2024-10-14T10:34:22.723062][INFO][seed18] Dropping state 23
[2024-10-14T10:34:22.724511][INFO][seed39] Dropping state 58
[2024-10-14T10:34:22.724652][INFO][seed37] Dropping state 20
[2024-10-14T10:34:22.724769][INFO][seed18] Dropping state 21
[2024-10-14T10:34:22.725907][INFO][seed50] U cardinality: 81
[2024-10-14T10:34:22.726536][INFO][seed39] Dropping state 57
[2024-10-14T10:34:22.726716][INFO][seed18] Dropping state 20
[2024-10-14T10:34:22.727697][INFO][seed37] Dropping state 18
[2024-10-14T10:34:22.727623][INFO][seed18] Dropping state 19
[2024-10-14T10:34:22.728719][INFO][seed18] Dropping state 18
[2024-10-14T10:34:22.729293][INFO][seed18] Dropping state 10
[2024-10-14T10:34:22.729260][INFO][seed37] Dropping state 14
[2024-10-14T10:34:22.729976][INFO][seed37] Dropping state 9
[2024-10-14T10:34:22.730839][INFO][seed5] Dropping state 57
[2024-10-14T10:34:22.729607][INFO][seed43] simple_nparents2_nzr04_zdr05_ysize3_43
[2024-10-14T10:34:22.731289][INFO][seed39] Dropping state 53
[2024-10-14T10:34:22.731510][INFO][seed18] Dropping state 9
[2024-10-14T10:34:22.732233][INFO][seed37] Dropping state 8
[2024-10-14T10:34:22.732644][INFO][seed18] Dropping state 7
[2024-10-14T10:34:22.732703][INFO][seed39] Dropping state 52
[2024-10-14T10:34:22.734046][INFO][seed37] Dropping state 5
[2024-10-14T10:34:22.734464][INFO][seed39] Dropping state 49
[2024-10-14T10:34:22.733663][INFO][seed18] Dropping state 6
[2024-10-14T10:34:22.735552][INFO][seed37] Dropping state 4
[2024-10-14T10:34:22.735958][INFO][seed39] Dropping state 48
[2024-10-14T10:34:22.735871][INFO][seed5] Dropping state 52
[2024-10-14T10:34:22.736329][INFO][seed50] !0 = [1, 2, 3, 5, 8, 9, 14, 16, 17, 18, 19, 21, 22, 24, 27, 28, 31, 32, 36, 37, 41, 46, 48, 55, 57, 66, 69, 70, 74, 77, 79, 80]
[2024-10-14T10:34:22.737613][INFO][seed37] Dropping state 2
[2024-10-14T10:34:22.738976][INFO][seed18] U cardinality: 55
[2024-10-14T10:34:22.739132][INFO][seed5] Dropping state 49
[2024-10-14T10:34:22.737351][INFO][seed50] 0 = [0, 4, 6, 7, 10, 11, 12, 13, 15, 20, 23, 25, 26, 29, 30, 33, 34, 35, 38, 39, 40, 42, 43, 44, 45, 47, 49, 50, 51, 52, 53, 54, 56, 58, 59, 60, 61, 62, 63, 64, 65, 67, 68, 71, 72, 73, 75, 76, 78]
[2024-10-14T10:34:22.739607][INFO][seed39] Dropping state 44
[2024-10-14T10:34:22.741229][INFO][seed5] Dropping state 44
[2024-10-14T10:34:22.741291][INFO][seed37] U cardinality: 55
[2024-10-14T10:34:22.741565][INFO][seed39] Dropping state 43
[2024-10-14T10:34:22.742157][INFO][seed39] Dropping state 41
[2024-10-14T10:34:22.742502][INFO][seed5] Dropping state 35
[2024-10-14T10:34:22.743335][INFO][seed5] Dropping state 33
[2024-10-14T10:34:22.744835][INFO][seed39] Dropping state 31
[2024-10-14T10:34:22.746858][INFO][seed5] Dropping state 29
[2024-10-14T10:34:22.748262][INFO][seed5] Dropping state 20
[2024-10-14T10:34:22.748220][INFO][seed4] Sampled 1000 data instances
[2024-10-14T10:34:22.745985][INFO][seed39] Dropping state 30
[2024-10-14T10:34:22.748580][INFO][seed4] Starting exact inference 
[2024-10-14T10:34:22.751214][INFO][seed5] Dropping state 17
[2024-10-14T10:34:22.751985][INFO][seed39] Dropping state 26
[2024-10-14T10:34:22.753514][INFO][seed5] Dropping state 13
[2024-10-14T10:34:22.753518][INFO][seed16] U cardinality: 81
[2024-10-14T10:34:22.753901][INFO][seed39] Dropping state 22
[2024-10-14T10:34:22.754353][INFO][seed5] Dropping state 7
[2024-10-14T10:34:22.753818][INFO][seed50] Dropping state 78
[2024-10-14T10:34:22.755309][INFO][seed39] Dropping state 12
[2024-10-14T10:34:22.755948][INFO][seed39] Dropping state 7
[2024-10-14T10:34:22.756089][INFO][seed50] Dropping state 72
[2024-10-14T10:34:22.757673][INFO][seed50] Dropping state 71
[2024-10-14T10:34:22.758217][INFO][seed5] Dropping state 4
[2024-10-14T10:34:22.760596][INFO][seed50] Dropping state 68
[2024-10-14T10:34:22.759814][INFO][seed7] Sampled 1000 data instances
[2024-10-14T10:34:22.759969][INFO][seed7] Starting exact inference 
[2024-10-14T10:34:22.760629][INFO][seed39] Dropping state 5
[2024-10-14T10:34:22.762333][INFO][seed39] Dropping state 1
[2024-10-14T10:34:22.760194][INFO][seed5] Dropping state 0
[2024-10-14T10:34:22.763908][INFO][seed16] !0 = [7, 11, 13, 15, 20, 23, 24, 27, 28, 29, 31, 33, 34, 36, 43, 46, 50, 51, 52, 54, 55, 57, 58, 59, 64, 65, 67, 73, 76, 77, 78, 79]
[2024-10-14T10:34:22.764963][INFO][seed16] 0 = [0, 1, 2, 3, 4, 5, 6, 8, 9, 10, 12, 14, 16, 17, 18, 19, 21, 22, 25, 26, 30, 32, 35, 37, 38, 39, 40, 41, 42, 44, 45, 47, 48, 49, 53, 56, 60, 61, 62, 63, 66, 68, 69, 70, 71, 72, 74, 75, 80]
[2024-10-14T10:34:22.766043][INFO][seed50] Dropping state 67
[2024-10-14T10:34:22.766033][INFO][seed39] U cardinality: 57
[2024-10-14T10:34:22.767383][INFO][seed5] U cardinality: 63
[2024-10-14T10:34:22.769084][INFO][seed18] 
[2024-10-14T10:34:22.769146][INFO][seed37] 
[P([5]) [0.038, 0.962], P([4]) [0.838, 0.162], P([3]) [0.0, 0.001, 0.001, 0.001, 0.001, 0.001, 0.0, 0.001, 0.0, 0.0, 0.001, 0.001, 0.001, 0.001, 0.001, 0.0, 0.001, 0.001, 0.0, 0.0, 0.001, 0.001, 0.0, 0.0, 0.001, 0.001, 0.0, 0.001, 0.001, 0.001, 0.0, 0.001, 0.0, 0.001, 0.0, 0.0, 0.0, 0.003, 0.0, 0.001, 0.001, 0.0, 0.001, 0.0, 0.0, 0.237, 0.002, 0.0, 0.001, 0.0, 0.001, 0.001, 0.73, 0.0, 0.0], P([2, 5]) [1.0, 0.0, 0.0, 1.0], P([1, 4]) [1.0, 0.0, 0.0, 1.0], P([0, 1, 2, 3]) [1.0, 0.0, 0.0, 1.0, 0.0, 0.0, 1.0, 0.0, 0.0, 1.0, 0.0, 0.0, 1.0, 0.0, 0.0, 1.0, 0.0, 0.0, 1.0, 0.0, 0.0, 0.0, 1.0, 0.0, 1.0, 0.0, 0.0, 1.0, 0.0, 0.0, 1.0, 0.0, 0.0, 0.0, 0.0, 1.0, 1.0, 0.0, 0.0, 1.0, 0.0, 0.0, 0.0, 1.0, 0.0, 1.0, 0.0, 0.0, 1.0, 0.0, 0.0, 1.0, 0.0, 0.0, 0.0, 1.0, 0.0, 0.0, 1.0, 0.0, 1.0, 0.0, 0.0, 1.0, 0.0, 0.0, 0.0, 1.0, 0.0, 0.0, 0.0, 1.0, 1.0, 0.0, 0.0, 1.0, 0.0, 0.0, 0.0, 0.0, 1.0, 0.0, 0.0, 1.0, 1.0, 0.0, 0.0, 0.0, 1.0, 0.0, 1.0, 0.0, 0.0, 0.0, 0.0, 1.0, 1.0, 0.0, 0.0, 0.0, 1.0, 0.0, 0.0, 1.0, 0.0, 1.0, 0.0, 0.0, 1.0, 0.0,[P([5]) [0.696, 0.304], P([4]) [0.269, 0.731], P([3]) [0.001, 0.0, 0.001, 0.0, 0.0, 0.001, 0.0, 0.0, 0.001, 0.001, 0.001, 0.002, 0.0, 0.0, 0.001, 0.001, 0.001, 0.0, 0.0, 0.0, 0.001, 0.852, 0.001, 0.028, 0.001, 0.0, 0.0, 0.001, 0.0, 0.001, 0.001, 0.0, 0.002, 0.003, 0.0, 0.0, 0.0, 0.001, 0.0, 0.001, 0.001, 0.0, 0.001, 0.001, 0.0, 0.001, 0.003, 0.001, 0.0, 0.001, 0.0, 0.001, 0.0, 0.001, 0.085], P([2, 5]) [1.0, 0.0, 0.0, 1.0], P([1, 4]) [1.0, 0.0, 0.0, 1.0], P([0, 1, 2, 3]) [1.0, 0.0, 0.0, 1.0, 0.0, 0.0, 1.0, 0.0, 0.0, 1.0, 0.0, 0.0, 1.0, 0.0, 0.0, 1.0, 0.0, 0.0, 1.0, 0.0, 0.0, 0.0, 1.0, 0.0, 1.0, 0.0, 0.0, 1.0, 0.0, 0.0, 0.0, 1.0, 0.0, 1.0, 0.0, 0.0, 1.0, 0.0, 0.0, 1.0, 0.0, 0.0, 0.0, 0.0, 1.0, 1.0, 0.0, 0.0, 1.0, 0.0, 0.0, 1.0, 0.0, 0.0, 0.0, 0.0, 1.0, 0.0, 1.0, 0.0, 1.0, 0.0, 0.0, 0.0, 1.0, 0.0, 1.0, 0.0, 0.0, 0.0, 1.0, 0.0, 1.0, 0.0, 0.0, 0.0, 1.0, 0.0, 1.0, 0.0, 0.0, 0.0, 0.0, 1.0, 1.0, 0.0, 0.0, 0.0, 1.0, 0.0, 0.0, 1.0, 0.0, 1.0, 0.0, 0.0, 1.0, 0.0, 0.0, 0.0, 1.0, 0.0, 0.0, 1.0, 0.0, 0.0, 1.0, 0.0, 1.0, 0.0 0.0, 0.0, 1.0, 0.0, 0.0, 1.0, 0.0, 0.0, 1.0, 0.0, 1.0, 0.0, 0.0, 0.0, 1.0, 0.0, 0.0, 1.0, 0.0, 0.0, 0.0, 1.0, 1.0, 0.0, 0.0, 0.0, 1.0, 0.0, 0.0, 0.0, 1.0, 1.0, 0.0, 0.0, 1.0, 0.0, 0.0, 0.0, 1.0, 0.0, 0.0, 0.0, 1.0, 0.0, 1.0, 0.0, 1.0, 0.0, 0.0, 0.0, 1.0, 0.0, 0.0, 0.0, 1.0, 0.0, 0.0, 1.0, 1.0, 0.0, 0.0, 0.0, 0.0, 1.0, 0.0, 1.0, 0.0, 0.0, 1.0, 0.0, 1.0, 0.0, 0.0, 0.0, 0.0, 1.0, 0.0, 0.0, 1.0, 1.0, 0.0, 0.0, 1.0, 0.0, 0.0, 0.0, 0.0, 1.0, 0.0, 0.0, 1.0, 0.0, 1.0, 0.0, 1.0, 0.0, 0.0, 0.0, 0.0, 1.0, 0.0, 0.0, 1.0, 0.0, 0.0, 1.0, 0.0, 1.0, 0.0, 1.0, 0.0, 0.0, 1.0, 0.0, 0.0, 1.0, 0.0, 0.0, 0.0, 1.0, 0.0, 1.0, 0.0, 0.0, 1.0, 0.0, 0.0, 0.0, 1.0, 0.0, 0.0, 1.0, 0.0, 1.0, 0.0, 0.0, 0.0, 1.0, 0.0, 1.0, 0.0, 0.0, 0.0, 1.0, 0.0, 1.0, 0.0, 0.0, 0.0, 0.0, 1.0, 1.0, 0.0, 0.0, 0.0, 1.0, 0.0, 1.0, 0.0, 0.0, 0.0, 0.0, 1.0, 0.0, 0.0, 1.0, 0.0, 1.0, 0.0, 0.0, 1.0, 0.0, 1.0, 0.0, 0.0, 1.0, 0.0, 0.0, 0.0, 1.0, 0.0, 0.0, 1.0, 0.0, 1.0, 0.0, 0.0, 0.0, 0.0, 1.0, 0.0, 1.0, 0.0, 0.0, 1.0, 0.0, 0.0, 1.0, 0.0, 0.0, 1.0, 0.0, 0.0, 1.0, 0.0, 0.0, 0.0, 1.0, 0.0, 0.0, 0.0, 1.0, 1.0, 0.0, 0.0, 1.0, 0.0, 0.0, 0.0, 1.0, 0.0, 0.0, 0.0, 1.0, 0.0, 1.0, 0.0, 1.0, 0.0, 0.0, 0.0, 1.0, 0.0, 0.0, 0.0, 1.0, 0.0, 0.0, 1.0, 1.0, 0.0, 0.0, 0.0, 0.0, 1.0, 1.0, 0.0, 0.0, 0.0, 1.0, 0.0, 1.0, 0.0, 0.0, 0.0, 0.0, 1.0, 0.0, 1.0, 0.0, 1.0, 0.0, 0.0, 1.0, 0.0, 0.0, 0.0, 0.0, 1.0, 0.0, 1.0, 0.0, 0.0, 1.0, 0.0, 1.0, 0.0, 0.0, 0.0, 0.0, 1.0, 0.0, 1.0, 0.0, 0.0, 0.0, 1.0, 1.0, 0.0, 0.0, 0.0, 0.0, 1.0, 0.0, 0.0, 1.0, 1.0, 0.0, 0.0, 1.0, 0.0, 0.0, 0.0, 0.0, 1.0, 0.0, 0.0, 1.0, 0.0, 0.0, 1.0, 0.0, 1.0, 0.0, 1.0, 0.0, 0.0, 1.0, 0.0, 0.0, 1.0, 0.0, 0.0, 0.0, 1.0, 0.0, 1.0, 0.0, 0.0, 1.0, 0.0, 0.0, 0.0, 1.0, 0.0, 0.0, 1.0, 0.0, 1.0, 0.0, 0.0, 1.0, 0.0, 0.0, 0.0, 0.0, 1.0, 0.0, 1.0, 0.0, 1.0, 0.0, 0.0, 0.0, 1.0, 0.0, 0.0, 1.0, 0.0, 0.0, 1.0, 0.0, 1.0, 0.0, 0.0, 0.0, 1.0, 0.0, 0.0, 0.0, 1.0, 0.0, 1.0, 0.0, 1.0, 0.0, 0.0, 0.0, 0.0, 1.0, 1.0, 0.0, 0.0, 0.0, 1.0, 0.0, 1.0, 0.0, 0.0, 0.0, 0.0, 1.0, 0.0, 0.0, 1.0, 0.0, 1.0, 0.0, 0.0, 1.0, 0.0, 1.0, 0.0, 0.0, 1.0, 0.0, 0.0, 0.0, 1.0, 0.0, 0.0, 1.0, 0.0, 1.0, 0.0, 0.0, 0.0, 0.0, 1.0, 0.0, 1.0, 0.0, 0.0, 1.0, 0.0, 0.0, 1.0, 0.0, 1.0, 0.0, 0.0, 0.0, 1.0, 0.0, 0.0, 1.0, 0.0, 0.0, 1.0, 0.0, 0.0, 1.0, 0.0, 0.0, 1.0, 0.0, 0.0, 1.0, 0.0, 0.0, 1.0, 0.0, 0.0, 0.0, 1.0, 0.0, 1.0, 0.0, 0.0, 1.0, 0.0, 0.0, 0.0, 1.0, 0.0, 0.0, 1.0, 0.0, 1.0, 0.0, 0.0, 0.0, 1.0, 1.0, 0.0, 0.0, 1.0, 0.0, 0.0, 0.0, 1.0, 0.0, 0.0, 0.0, 1.0, 1.0, 0.0, 0.0, 0.0, 0.0, 1.0, 0.0, 1.0, 0.0, 0.0, 0.0, 1.0, 0.0, 1.0, 0.0, 0.0, 1.0, 0.0, 0.0, 1.0, 0.0, 0.0, 0.0, 1.0, 0.0, 1.0, 0.0, 0.0, 0.0, 1.0, 0.0, 1.0, 0.0, 0.0, 0.0, 1.0, 0.0, 0.0, 1.0, 0.0, 1.0, 0.0, 0.0, 1.0, 0.0, 0.0, 0.0, 1.0, 0.0, 0.0, 1.0, 0.0, 0.0, 1.0, 0.0, 0.0, 1.0, 1.0, 0.0, 0.0, 1.0, 0.0, 0.0, 0.0, 1.0, 0.0, 0.0, 0.0, 1.0, 1.0, 0.0, 0.0, 1.0, 0.0, 0.0, 0.0, 0.0, 1.0, 0.0, 0.0, 1.0, 1.0, 0.0, 0.0, 0.0, 1.0, 0.0, 1.0, 0.0, 0.0, 0.0, 0.0, 1.0, 1.0, 0.0, 0.0, 0.0, 1.0, 0.0, 0.0, 1.0, 0.0, 0.0, 0.0, 1.0, 1.0, 0.0, 0.0, 0.0, 0.0, 1.0, 1.0, 0.0, 0.0, 0.0, 0.0, 1.0, 1.0, 0.0, 0.0, 0.0, 0.0, 1.0, 0.0, 1.0, 0.0, 0.0, 0.0, 1.0, 0, 0.0, 1.0, 0.0, 0.0, 1.0, 0.0, 0.0, 0.0, 1.0, 0.0, 1.0, 0.0, 0.0, 1.0, 0.0, 0.0, 0.0, 1.0, 0.0, 1.0, 0.0, 0.0, 1.0, 0.0, 0.0, 1.0, 0.0, 0.0, 0.0, 1.0, 0.0, 0.0, 1.0, 0.0, 1.0, 0.0, 0.0, 0.0, 1.0, 1.0, 0.0, 0.0, 1.0, 0.0, 0.0, 0.0, 1.0, 0.0, 0.0, 0.0, 1.0, 1.0, 0.0, 0.0, 0.0, 1.0, 0.0, 0.0, 1.0, 0.0, 0.0, 0.0, 1.0, 1.0, 0.0, 0.0, 0.0, 0.0, 1.0, 0.0, 1.0, 0.0, 0.0, 0.0, 1.0, 0.0, 1.0, 0.0, 1.0, 0.0, 0.0, 0.0, 1.0, 0.0, 0.0, 0.0, 1.0, 0.0, 1.0, 0.0, 0.0, 1.0, 0.0, 0.0, 1.0, 0.0, 0.0, 0.0, 1.0, 0.0, 1.0, 0.0, 0.0, 0.0, 1.0, 0.0, 1.0, 0.0, 0.0, 0.0, 1.0, 0.0, 0.0, 1.0, 1.0, 0.0, 0.0, 0.0, 1.0, 0.0, 0.0, 0.0, 1.0, 0.0, 0.0, 1.0, 0.0, 0.0, 1.0, 0.0, 0.0, 1.0, 1.0, 0.0, 0.0, 1.0, 0.0, 0.0, 0.0, 0.0, 1.0, 0.0, 0.0, 1.0, 1.0, 0.0, 0.0, 0.0, 1.0, 0.0, 1.0, 0.0, 0.0, 0.0, 0.0, 1.0, 1.0, 0.0, 0.0, 0.0, 1.0, 0.0, 0.0, 0.0, 1.0, 0.0, 0.0, 1.0, 1.0, 0.0, 0.0, 0.0, 0.0, 1.0, 0.0, 1.0, 0.0, 0.0, 0.0, 1.0, 1.0, 0.0, 0.0, 0.0, 0.0, 1.0, 0.0, 0.0, 1.0, 0.0, 0.0, 1.0, 0.0, 1.0, 0.0, 1.0, 0.0, 0.0, 1.0, 0.0, 0.0, 0.0, 0.0, 1.0, 0..0, 1.0, 0.0, 1.0, 0.0, 0.0, 1.0, 0.0, 0.0, 0.0, 0.0, 1.0, 0.0, 1.0, 0.0, 1.0, 0.0, 0.0, 0.0, 1.0, 0.0, 0.0, 0.0, 1.0, 0.0, 1.0, 0.0, 0.0, 1.0, 0.0, 1.0, 0.0, 0.0, 0.0, 0.0, 1.0, 0.0, 1.0, 0.0, 0.0, 1.0, 0.0, 0.0, 1.0, 0.0, 0.0, 0.0, 1.0, 0.0, 1.0, 0.0, 0.0, 0.0, 1.0, 1.0, 0.0, 0.0, 0.0, 0.0, 1.0, 0.0, 1.0, 0.0, 0.0, 0.0, 1.0, 0.0, 0.0, 1.0, 0.0, 0.0, 1.0, 0.0, 0.0, 1.0, 1.0, 0.0, 0.0, 1.0, 0.0, 0.0, 0.0, 0.0, 1.0, 0.0, 0.0, 1.0, 1.0, 0.0, 0.0, 0.0, 1.0, 0.0, 0.0, 0.0, 1.0, 0.0, 0.0, 1.0, 0.0, 1.0, 0.0, 1.0, 0.0, 0.0, 0.0, 0.0, 1.0, 0.0, 0.0, 1.0, 0.0, 1.0, 0.0, 0.0, 1.0, 0.0, 0.0, 0.0, 1.0, 0.0, 0.0, 1.0, 0.0, 0.0, 1.0, 1.0, 0.0, 0.0, 0.0, 0.0, 1.0, 0.0, 0.0, 1.0, 0.0, 0.0, 1.0, 0.0, 1.0, 0.0]]

0, 1.0, 0.0, 1.0, 0.0, 0.0, 0.0, 0.0, 1.0, 0.0, 0.0, 1.0, 0.0, 1.0, 0.0, 0.0, 1.0, 0.0, 1.0, 0.0, 0.0, 0.0, 0.0, 1.0, 0.0, 1.0, 0.0, 0.0, 1.0, 0.0, 0.0, 1.0, 0.0, 0.0, 0.0, 1.0, 0.0, 1.0, 0.0, 0.0, 1.0, 0.0, 0.0, 0.0, 1.0, 0.0, 0.0, 1.0, 0.0, 1.0, 0.0, 0.0, 0.0, 1.0, 1.0, 0.0, 0.0, 0.0, 0.0, 1.0, 0.0, 1.0, 0.0, 0.0, 0.0, 1.0, 0.0, 1.0, 0.0, 0.0, 0.0, 1.0, 0.0, 0.0, 1.0, 1.0, 0.0, 0.0, 1.0, 0.0, 0.0, 0.0, 0.0, 1.0, 0.0, 0.0, 1.0, 0.0, 1.0, 0.0, 0.0, 1.0, 0.0, 0.0, 0.0, 1.0, 0.0, 0.0, 1.0, 0.0, 1.0, 0.0, 0.0, 0.0, 1.0, 0.0, 0.0, 1.0, 0.0, 0.0, 1.0, 0.0, 0.0, 1.0, 1.0, 0.0, 0.0, 0.0, 0.0, 1.0, 0.0, 0.0, 1.0, 0.0, 0.0, 1.0, 0.0, 1.0, 0.0, 0.0, 0.0, 1.0, 0.0, 0.0, 1.0, 0.0, 0.0, 1.0, 0.0, 0.0, 1.0]]

[2024-10-14T10:34:22.776013][INFO][seed50] Dropping state 54
[2024-10-14T10:34:22.775202][INFO][seed48] simple_nparents2_nzr04_zdr05_ysize3_48
[2024-10-14T10:34:22.741855][INFO][seed45] Set up logging
[2024-10-14T10:34:22.779824][INFO][seed45] args: -np;2;-nzr;0.4;-zdr;0.5;-o;/mnt/beegfs/rcabanas/dev/credici/papers/zeros/models/s3;-rw;-s;45;-ys;3
[2024-10-14T10:34:22.780176][INFO][seed50] Dropping state 53
[2024-10-14T10:34:22.782275][INFO][seed50] Dropping state 52
[2024-10-14T10:34:22.782437][INFO][seed45] Starting logger with seed 45
[2024-10-14T10:34:22.784112][INFO][seed50] Dropping state 45
[2024-10-14T10:34:22.785443][INFO][seed50] Dropping state 44
[2024-10-14T10:34:22.785234][INFO][seed16] Dropping state 80
[2024-10-14T10:34:22.786794][INFO][seed16] Dropping state 75
[2024-10-14T10:34:22.786892][INFO][seed50] Dropping state 43
[2024-10-14T10:34:22.789860][INFO][seed50] Dropping state 38
[2024-10-14T10:34:22.791185][INFO][seed50] Dropping state 35
[2024-10-14T10:34:22.791601][INFO][seed39] 
[P([5]) [0.891, 0.109], P([4]) [0.912, 0.088], P([3]) [0.0, 0.0, 0.0, 0.0, 0.001, 0.001, 0.001, 0.0, 0.0, 0.001, 0.001, 0.001, 0.001, 0.001, 0.0, 0.625, 0.0, 0.001, 0.001, 0.001, 0.002, 0.001, 0.0, 0.001, 0.001, 0.0, 0.0, 0.001, 0.001, 0.0, 0.0, 0.001, 0.001, 0.001, 0.001, 0.001, 0.001, 0.0, 0.0, 0.0, 0.001, 0.001, 0.001, 0.0, 0.0, 0.001, 0.0, 0.0, 0.001, 0.0, 0.001, 0.0, 0.0, 0.001, 0.344, 0.0, 0.0], P([2, 5]) [1.0, 0.0, 0.0, 1.0], P([1, 4]) [1.0, 0.0, 0.0, 1.0], P([0, 1, 2, 3]) [1.0, 0.0, 0.0, 1.0, 0.0, 0.0, 1.0, 0.0, 0.0, 1.0, 0.0, 0.0, 1.0, 0.0, 0.0, 1.0, 0.0, 0.0, 1.0, 0.0, 0.0, 0.0, 0.0, 1.0, 1.0, 0.0, 0.0, 1.0, 0.0, 0.0, 0.0, 1.0, 0.0, 1.0, 0.0, 0.0, 1.0, 0.0, 0.0, 1.0, 0.0, 0.0, 0.0, 1.0, 0.0, 0.0, 1.0, 0.0, 1.0, 0.0, 0.0, 1.0, 0.0, 0.0, 0.0, 0.0, 1.0, 1.0, 0.0, 0.0, 1.0, 0.0, 0.0, 1.0, 0.0, 0.0, 0.0, 0.0, 1.0, 0.0, 0.0, 1.0, 1.0, 0.0, 0.0, 0.0, 1.0, 0.0, 1.0, 0.0, 0.0, 1.0, 0.0, 0.0, 1.0, 0.0, 0.0, 0.0, 1.0, 0.0, 1.0, 0.0, 0.0, 0.0, 1.0, 0.0, 1.0, 0.0, 0.0, 0.0, 1.0, 0.0, 1.0, 0.0, 0.0, 0.0, 0.0, 1.0, 1.0, 0.0, 0.0, 0.0, 1.0, 0.0, 0.0, 1.0, 0.0, 0.0, 1.0, 0.0, 1.0, 0.0, 0.0, 0.0, 1.0, 0.0, 0.0, 1.0, 0.0, 0.0, 0.0, 1.0, 1.0, 0.0, 0.0, 0.0, 1.0, 0.0, 0.0, 0.0, 1.0, 1.0, 0.0, 0.0, 1.0, 0.0, 0.0, 0.0, 1.0, 0.0, 0.0, 0.0, 1.0, 0.0, 1.0, 0.0, 1.0, 0.0, 0.0, 0.0, 1.0, 0.0, 0.0, 0.0, 1.0, 0.0, 0.0, 1.0, 1.0, 0.0, 0.0, 0.0, 0.0, 1.0, 1.0, 0.0, 0.0, 1.0, 0.0, 0.0, 1.0, 0.0, 0.0, 0.0, 0.0, 1.0, 1.0, 0.0, 0.0, 0.0, 1.0, 0.0, 1.0, 0.0, 0.0, 0.0, 0.0, 1.0, 1.0, 0.0, 0.0, 0.0, 0.0, 1.0, 1.0, 0.0, 0.0, 0.0, 0.0, 1.0, 0.0, 1.0, 0.0, 1.0, 0.0, 0.0, 1.0, 0.0, 0.0, 0.0, 0.0, 1.0, 0.0, 1.0, 0.0, 0.0, 0.0, 1.0, 1.0, 0.0, 0.0, 0.0, 0.0, 1.0, 0.0, 0.0, 1.0, 1.0, 0.0, 0.0, 1.0, 0.0, 0.0, 0.0, 0.0, 1.0, 0.0, 0.0, 1.0, 0.0, 1.0, 0.0, 0.0, 1.0, 0.0, 1.0, 0.0, 0.0, 1.0, 0.0, 0.0, 1.0, 0.0, 0.0, 0.0, 1.0, 0.0, 1.0, 0.0, 0.0, 1.0, 0.0, 0.0, 0.0, 1.0, 0.0, 0.0, 1.0, 0.0, 1.0, 0.0, 0.0, 1.0, 0.0, 0.0, 0.0, 0.0, 1.0, 0.0, 1.0, 0.0, 1.0, 0.0, 0.0, 0.0, 1.0, 0.0, 0.0, 0.0, 1.0, 0.0, 1.0, 0.0, 1.0, 0.0, 0.0, 0.0, 0.0, 1.0, 1.0, 0.0, 0.0, 0.0, 1.0, 0.0, 1.0, 0.0, 0.0, 0.0, 0.0, 1.0, 0.0, 1.0, 0.0, 0.0, 1.0, 0.0, 1.0, 0.0, 0.0, 0.0, 0.0, 1.0, 0.0, 0.0, 1.0, 0.0, 1.0, 0.0, 0.0, 1.0, 0.0, 1.0, 0.0, 0.0, 1.0, 0.0, 0.0, 0.0, 1.0, 0.0, 0.0, 1.0, 0.0, 1.0, 0.0, 0.0, 0.0, 1.0, 0.0, 0.0, 1.0, 0.0, 0.0, 1.0, 0.0, 1.0, 0.0, 0.0, 0.0, 0.0, 1.0, 0.0, 1.0, 0.0, 0.0, 1.0, 0.0, 0.0, 1.0, 0.0, 1.0, 0.0, 0.0, 0.0, 1.0, 0.0, 0.0, 1.0, 0.0, 0.0, 1.0, 0.0, 0.0, 1.0, 0.0, 0.0, 1.0, 0.0, 0.0, 1.0, 0.0, 0.0, 0.0, 1.0, 1.0, 0.0, 0.0, 0.0, 1.0, 0.0, 0.0, 0.0, 1.0, 1.0, 0.0, 0.0, 1.0, 0.0, 0.0, 0.0, 1.0, 0.0, 0.0, 0.0, 1.0, 1.0, 0.0, 0.0, 0.0, 1.0, 0.0, 0.0, 1.0, 0.0, 0.0, 0.0, 1.0, 1.0, 0.0, 0.0, 0.0, 0.0, 1.0, 0.0, 1.0, 0.0, 0.0, 0.0, 1.0, 0.0, 1.0, 0.0, 0.0, 0.0, 1.0, 0.0, 1.0, 0.0, 0.0, 0.0, 1.0, 0.0, 0.0, 1.0, 1.0, 0.0, 0.0, 0.0, 0.0, 1.0, 1.0, 0.0, 0.0, 1.0, 0.0, 0.0, 1.0, 0.0, 0.0, 0.0, 0.0, 1.0, 1.0, 0.0, 0.0, 1.0, 0.0, 0.0, 0.0, 1.0, 0.0, 0.0, 0.0, 1.0, 1.0, 0.0, 0.0, 1.0, 0.0, 0.0, 0.0, 0.0, 1.0, 0.0, 0.0, 1.0, 1.0, 0.0, 0.0, 0.0, 1.0, 0.0, 0.0, 0.0, 1.0, 0.0, 0.0, 1.0, 1.0, 0.0, 0.0, 0.0, 0.0, 1.0, 0.0, 1.0, 0.0, 0.0, 0.0, 1.0, 1.0, 0.0, 0.0, 0.0, 0.0, 1.0, 0.0, 0.0, 1.0, 0.0, 0.0, 1.0, 0.0, 1.0, 0.0, 1.0, 0.0, 0.0, 1.0, 0.0, 0.0, 0.0, 0.0, 1.0, 0.0, 1.0, 0.0, 1.0, 0.0, 0.0, 0.0, 1.0, 0.0, 0.0, 0.0, 1.0, 0.0, 1.0, 0.0, 0.0, 1.0, 0.0, 1.0, 0.0, 0.0, 0.0, 0.0, 1.0, 0.0, 1.0, 0.0, 0.0, 1.0, 0.0, 0.0, 1.0, 0.0, 0.0, 0.0, 1.0, 0.0, 1.0, 0.0, 0.0, 0.0, 1.0, 0.0, 0.0, 1.0, 0.0, 0.0, 1.0, 0.0, 0.0, 1.0, 1.0, 0.0, 0.0, 1.0, 0.0, 0.0, 0.0, 0.0, 1.0, 0.0, 0.0, 1.0, 1.0, 0.0, 0.0, 0.0, 1.0, 0.0, 0.0, 0.0, 1.0, 0.0, 0.0, 1.0, 0.0, 1.0, 0.0, 0.0, 1.0, 0.0, 0.0, 0.0, 1.0, 0.0, 0.0, 1.0, 0.0, 1.0, 0.0, 0.0, 0.0, 1.0, 0.0, 0.0, 1.0, 0.0, 0.0, 1.0, 0.0, 0.0, 1.0, 1.0, 0.0, 0.0, 0.0, 0.0, 1.0, 0.0, 0.0, 1.0, 0.0, 0.0, 1.0, 0.0, 1.0, 0.0, 0.0, 0.0, 1.0, 0.0, 0.0, 1.0, 0.0, 0.0, 1.0, 0.0, 0.0, 1.0]]

[2024-10-14T10:34:22.793899][INFO][seed50] Dropping state 33
[2024-10-14T10:34:22.791962][INFO][seed16] Dropping state 74
[2024-10-14T10:34:22.795370][INFO][seed16] Dropping state 72
[2024-10-14T10:34:22.795659][INFO][seed50] Dropping state 29
[2024-10-14T10:34:22.796389][INFO][seed50] Dropping state 26
[2024-10-14T10:34:22.797102][INFO][seed5] 
[P([5]) [0.284, 0.716], P([4]) [0.368, 0.632], P([3]) [0.001, 0.001, 0.0, 0.0, 0.189, 0.001, 0.0, 0.001, 0.0, 0.001, 0.006, 0.001, 0.0, 0.001, 0.001, 0.0, 0.001, 0.001, 0.111, 0.001, 0.0, 0.0, 0.0, 0.0, 0.0, 0.002, 0.0, 0.0, 0.0, 0.0, 0.001, 0.0, 0.001, 0.0, 0.001, 0.0, 0.001, 0.001, 0.001, 0.0, 0.0, 0.001, 0.0, 0.001, 0.0, 0.0, 0.001, 0.0, 0.001, 0.0, 0.001, 0.001, 0.001, 0.001, 0.001, 0.0, 0.001, 0.0, 0.0, 0.0, 0.0, 0.0, 0.665], P([2, 5]) [1.0, 0.0, 0.0, 1.0], P([1, 4]) [1.0, 0.0, 0.0, 1.0], P([0, 1, 2, 3]) [1.0, 0.0, 0.0, 1.0, 0.0, 0.0, 1.0, 0.0, 0.0, 0.0, 1.0, 0.0, 1.0, 0.0, 0.0, 1.0, 0.0, 0.0, 1.0, 0.0, 0.0, 0.0, 0.0, 1.0, 1.0, 0.0, 0.0, 1.0, 0.0, 0.0, 0.0, 1.0, 0.0, 1.0, 0.0, 0.0, 1.0, 0.0, 0.0, 1.0, 0.0, 0.0, 0.0, 1.0, 0.0, 0.0, 0.0, 1.0, 1.0, 0.0, 0.0, 1.0, 0.0, 0.0, 0.0, 0.0, 1.0, 1.0, 0.0, 0.0, 1.0, 0.0, 0.0, 1.0, 0.0, 0.0, 0.0, 0.0, 1.0, 0.0, 0.0, 1.0, 1.0, 0.0, 0.0, 0.0, 1.0, 0.0, 1.0, 0.0, 0.0, 1.0, 0.0, 0.0, 1.0, 0.0, 0.0, 0.0, 1.0, 0.0, 1.0, 0.0, 0.0, 0.0, 1.0, 0.0, 1.0, 0.0, 0.0, 0.0, 1.0, 0.0, 1.0, 0.0, 0.0, 0.0, 0.0, 1.0, 1.0, 0.0, 0.0, 0.0, 1.0, 0.0, 0.0, 1.0, 0.0, 1.0, 0.0, 0.0, 1.0, 0.0, 0.0, 0.0, 1.0, 0.0, 0.0, 1.0, 0.0, 0.0, 0.0, 1.0, 1.0, 0.0, 0.0, 0.0, 1.0, 0.0, 0.0, 0.0, 1.0, 1.0, 0.0, 0.0, 1.0, 0.0, 0.0, 0.0, 1.0, 0.0, 0.0, 0.0, 1.0, 0.0, 1.0, 0.0, 1.0, 0.0, 0.0, 0.0, 0.0, 1.0, 1.0, 0.0, 0.0, 1.0, 0.0, 0.0, 1.0, 0.0, 0.0, 0.0, 0.0, 1.0, 1.0, 0.0, 0.0, 0.0, 1.0, 0.0, 1.0, 0.0, 0.0, 0.0, 0.0, 1.0, 0.0, 1.0, 0.0, 1.0, 0.0, 0.0, 1.0, 0.0, 0.0, 0.0, 0.0, 1.0, 0.0, 1.0, 0.0, 0.0, 1.0, 0.0, 1.0, 0.0, 0.0, 0.0, 0.0, 1.0, 0.0, 1.0, 0.0, 0.0, 0.0, 1.0, 1.0, 0.0, 0.0, 0.0, 0.0, 1.0, 0.0, 0.0, 1.0, 1.0, 0.0, 0.0, 1.0, 0.0, 0.0, 0.0, 0.0, 1.0, 0.0, 0.0, 1.0, 0.0, 1.0, 0.0, 1.0, 0.0, 0.0, 0.0, 0.0, 1.0, 0.0, 0.0, 1.0, 0.0, 0.0, 1.0, 0.0, 1.0, 0.0, 1.0, 0.0, 0.0, 1.0, 0.0, 0.0, 1.0, 0.0, 0.0, 0.0, 1.0, 0.0, 1.0, 0.0, 0.0, 1.0, 0.0, 0.0, 0.0, 1.0, 0.0, 0.0, 1.0, 0.0, 1.0, 0.0, 0.0, 0.0, 1.0, 0.0, 1.0, 0.0, 0.0, 0.0, 1.0, 0.0, 1.0, 0.0, 0.0, 0.0, 1.0, 0.0, 0.0, 1.0, 0.0, 0.0, 1.0, 0.0, 1.0, 0.0, 0.0, 0.0, 1.0, 0.0, 0.0, 0.0, 1.0, 0.0, 1.0, 0.0, 1.0, 0.0, 0.0, 0.0, 0.0, 1.0, 0.0, 1.0, 0.0, 0.0, 1.0, 0.0, 0.0, 1.0, 0.0, 1.0, 0.0, 0.0, 1.0, 0.0, 0.0, 0.0, 1.0, 0.0, 0.0, 1.0, 0.0, 1.0, 0.0, 0.0, 0.0, 1.0, 0.0, 0.0, 1.0, 0.0, 0.0, 1.0, 0.0, 1.0, 0.0, 0.0, 0.0, 0.0, 1.0, 0.0, 1.0, 0.0, 0.0, 1.0, 0.0, 0.0, 1.0, 0.0, 1.0, 0.0, 0.0, 0.0, 1.0, 0.0, 0.0, 1.0, 0.0, 0.0, 1.0, 0.0, 0.0, 1.0, 0.0, 0.0, 1.0, 0.0, 0.0, 1.0, 0.0, 0.0, 1.0, 0.0, 0.0, 0.0, 1.0, 0.0, 1.0, 0.0, 0.0, 1.0, 0.0, 0.0, 0.0, 1.0, 1.0, 0.0, 0.0, 0.0, 1.0, 0.0, 0.0, 1.0, 0.0, 0.0, 0.0, 1.0, 0.0, 1.0, 0.0, 0.0, 1.0, 0.0, 0.0, 0.0, 1.0, 1.0, 0.0, 0.0, 1.0, 0.0, 0.0, 0.0, 1.0, 0.0, 0.0, 0.0, 1.0, 1.0, 0.0, 0.0, 0.0, 1.0, 0.0, 0.0, 1.0, 0.0, 0.0, 0.0, 1.0, 1.0, 0.0, 0.0, 0.0, 0.0, 1.0, 0.0, 1.0, 0.0, 0.0, 0.0, 1.0, 0.0, 1.0, 0.0, 1.0, 0.0, 0.0, 0.0, 1.0, 0.0, 0.0, 0.0, 1.0, 0.0, 1.0, 0.0, 0.0, 0.0, 1.0, 0.0, 1.0, 0.0, 0.0, 0.0, 1.0, 0.0, 0.0, 1.0, 1.0, 0.0, 0.0, 0.0, 1.0, 0.0, 0.0, 0.0, 1.0, 0.0, 0.0, 1.0, 0.0, 0.0, 1.0, 0.0, 0.0, 1.0, 1.0, 0.0, 0.0, 1.0, 0.0, 0.0, 1.0, 0.0, 0.0, 0.0, 0.0, 1.0, 1.0, 0.0, 0.0, 1.0, 0.0, 0.0, 0.0, 1.0, 0.0, 0.0, 0.0, 1.0, 1.0, 0.0, 0.0, 1.0, 0.0, 0.0, 0.0, 0.0, 1.0, 0.0, 0.0, 1.0, 1.0, 0.0, 0.0, 0.0, 1.0, 0.0, 0.0, 1.0, 0.0, 0.0, 0.0, 1.0, 1.0, 0.0, 0.0, 0.0, 1.0, 0.0, 0.0, 0.0, 1.0, 0.0, 0.0, 1.0, 1.0, 0.0, 0.0, 0.0, 0.0, 1.0, 1.0, 0.0, 0.0, 0.0, 0.0, 1.0, 0.0, 1.0, 0.0, 1.0, 0.0, 0.0, 1.0, 0.0, 0.0, 0.0, 0.0, 1.0, 0.0, 1.0, 0.0, 1.0, 0.0, 0.0, 0.0, 1.0, 0.0, 0.0, 0.0, 1.0, 0.0, 1.0, 0.0, 1.0, 0.0, 0.0, 0.0, 0.0, 1.0, 0.0, 0.0, 1.0, 0.0, 1.0, 0.0, 0.0, 1.0, 0.0, 1.0, 0.0, 0.0, 0.0, 0.0, 1.0, 0.0, 1.0, 0.0, 0.0, 1.0, 0.0, 0.0, 0.0, 1.0, 0.0, 0.0, 1.0, 0.0, 1.0, 0.0, 0.0, 0.0, 1.0, 0.0, 1.0, 0.0, 0.0, 0.0, 1.0, 0.0, 0.0, 1.0, 1.0, 0.0, 0.0, 1.0, 0.0, 0.0, 0.0, 0.0, 1.0, 0.0, 0.0, 1.0, 1.0, 0.0, 0.0, 0.0, 1.0, 0.0, 0.0, 0.0, 1.0, 0.0, 0.0, 1.0, 1.0, 0.0, 0.0, 0.0, 0.0, 1.0, 0.0, 0.0, 1.0, 0.0, 0.0, 1.0, 0.0, 1.0, 0.0, 1.0, 0.0, 0.0, 0.0, 0.0, 1.0, 0.0, 0.0, 1.0, 0.0, 1.0, 0.0, 0.0, 1.0, 0.0, 0.0, 0.0, 1.0, 0.0, 0.0, 1.0, 0.0, 1.0, 0.0, 0.0, 0.0, 1.0, 0.0, 0.0, 1.0, 0.0, 0.0, 1.0, 0.0, 0.0, 1.0, 1.0, 0.0, 0.0, 0.0, 0.0, 1.0, 0.0, 0.0, 1.0, 0.0, 0.0, 1.0, 0.0, 1.0, 0.0, 0.0, 0.0, 1.0, 0.0, 0.0, 1.0, 0.0, 0.0, 1.0, 0.0, 0.0, 1.0]]

[2024-10-14T10:34:22.799228][INFO][seed50] Dropping state 25
[2024-10-14T10:34:22.800065][INFO][seed45] simple_nparents2_nzr04_zdr05_ysize3_45
[2024-10-14T10:34:22.800663][INFO][seed16] Dropping state 70
[2024-10-14T10:34:22.800989][INFO][seed50] Dropping state 20
[2024-10-14T10:34:22.805540][INFO][seed50] Dropping state 15
[2024-10-14T10:34:22.807389][INFO][seed50] Dropping state 11
[2024-10-14T10:34:22.808564][INFO][seed50] Dropping state 10
[2024-10-14T10:34:22.808073][INFO][seed27] Sampled 1000 data instances
[2024-10-14T10:34:22.808193][INFO][seed27] Starting exact inference 
[2024-10-14T10:34:22.808296][INFO][seed19] Sampled 1000 data instances
[2024-10-14T10:34:22.808407][INFO][seed19] Starting exact inference 
[2024-10-14T10:34:22.809721][INFO][seed50] Dropping state 4
[2024-10-14T10:34:22.812024][INFO][seed50] Dropping state 0
[2024-10-14T10:34:22.811901][INFO][seed16] Dropping state 63
[2024-10-14T10:34:22.815522][INFO][seed16] Dropping state 60
[2024-10-14T10:34:22.817297][INFO][seed16] Dropping state 56
[2024-10-14T10:34:22.817453][INFO][seed50] U cardinality: 58
[2024-10-14T10:34:22.820938][INFO][seed16] Dropping state 53
[2024-10-14T10:34:22.822308][INFO][seed16] Dropping state 49
[2024-10-14T10:34:22.823239][INFO][seed16] Dropping state 48
[2024-10-14T10:34:22.826447][INFO][seed16] Dropping state 47
[2024-10-14T10:34:22.835070][INFO][seed16] Dropping state 41
[2024-10-14T10:34:22.837570][INFO][seed16] Dropping state 40
[2024-10-14T10:34:22.837630][INFO][seed13] U cardinality: 81
[2024-10-14T10:34:22.839327][INFO][seed16] Dropping state 39
[2024-10-14T10:34:22.840034][INFO][seed16] Dropping state 35
[2024-10-14T10:34:22.841554][INFO][seed32] U cardinality: 81
[2024-10-14T10:34:22.843071][INFO][seed16] Dropping state 32
[2024-10-14T10:34:22.844324][INFO][seed16] Dropping state 30
[2024-10-14T10:34:22.844808][INFO][seed50] 
[P([5]) [0.376, 0.624], P([4]) [0.261, 0.739], P([3]) [0.001, 0.001, 0.001, 0.001, 0.0, 0.0, 0.001, 0.005, 0.0, 0.0, 0.001, 0.001, 0.001, 0.001, 0.001, 0.001, 0.001, 0.0, 0.001, 0.001, 0.001, 0.0, 0.001, 0.016, 0.0, 0.001, 0.001, 0.0, 0.0, 0.001, 0.0, 0.001, 0.0, 0.001, 0.0, 0.0, 0.0, 0.001, 0.0, 0.001, 0.0, 0.0, 0.0, 0.0, 0.0, 0.0, 0.0, 0.0, 0.002, 0.001, 0.001, 0.0, 0.001, 0.0, 0.0, 0.001, 0.018, 0.932], P([2, 5]) [1.0, 0.0, 0.0, 1.0], P([1, 4]) [1.0, 0.0, 0.0, 1.0], P([0, 1, 2, 3]) [1.0, 0.0, 0.0, 1.0, 0.0, 0.0, 1.0, 0.0, 0.0, 0.0, 1.0, 0.0, 1.0, 0.0, 0.0, 1.0, 0.0, 0.0, 1.0, 0.0, 0.0, 0.0, 0.0, 1.0, 1.0, 0.0, 0.0, 1.0, 0.0, 0.0, 0.0, 1.0, 0.0, 1.0, 0.0, 0.0, 1.0, 0.0, 0.0, 1.0, 0.0, 0.0, 0.0, 1.0, 0.0, 0.0, 0.0, 1.0, 1.0, 0.0, 0.0, 1.0, 0.0, 0.0, 0.0, 0.0, 1.0, 1.0, 0.0, 0.0, 1.0, 0.0, 0.0, 1.0, 0.0, 0.0, 0.0, 0.0, 1.0, 0.0, 1.0, 0.0, 1.0, 0.0, 0.0, 1.0, 0.0, 0.0, 0.0, 0.0, 1.0, 0.0, 0.0, 1.0, 1.0, 0.0, 0.0, 0.0, 1.0, 0.0, 1.0, 0.0, 0.0, 1.0, 0.0, 0.0, 1.0, 0.0, 0.0, 0.0, 1.0, 0.0, 0.0, 1.0, 0.0, 1.0, 0.0[2024-10-14T10:34:22.845458][INFO][seed13] !0 = [1, 2, 5, 6, 8, 13, 18, 20, 22, 24, 32, 38, 40, 42, 44, 45, 47, 48, 51, 52, 53, 54, 57, 63, 68, 70, 72, 73, 74, 75, 76, 79]
, 0.0, 1.0, 0.0, 0.0, 0.0, 1.0, 0.0, 0.0, 1.0, 0.0, 0.0, 1.0, 0.0, 1.0, 0.0, 0.0, 0.0, 1.0, 0.0, 0.0, 1.0, 0.0, 0.0, 0.0, 1.0, 1.0, 0.0, 0.0, 0.0, 1.0, 0.0, 0.0, 0.0, 1.0, 0.0, 1.0, 0.0, 1.0, 0.0, 0.0, 0.0, 1.0, 0.0, 0.0, 0.0, 1.0, 0.0, 0.0, 1.0, 1.0, 0.0, 0.0, 0.0, 0.0, 1.0, 1.0, 0.0, 0.0, 1.0, 0.0, 0.0, 1.0, 0.0, 0.0, 0.0, 0.0, 1.0, 1.0, 0.0, 0.0, 0.0, 1.0, 0.0, 1.0, 0.0, 0.0, 0.0, 0.0, 1.0, 0.0, 1.0, 0.0, 1.0, 0.0, 0.0, 1.0, 0.0, 0.0, 0.0, 0.0, 1.0, 0.0, 1.0, 0.0, 0.0, 1.0, 0.0, 1.0, 0.0, 0.0, 0.0, 0.0, 1.0, 0.0, 1.0, 0.0, 0.0, 0.0, 1.0, 1.0, 0.0, 0.0, 0.0, 0.0, 1.0, 0.0, 0.0, 1.0, 1.0, 0.0, 0.0, 0.0, 1.0, 0.0, 1.0, 0.0, 0.0, 1.0, 0.0, 0.0, 1.0, 0.0, 0.0, 0.0, 1.0, 0.0, 1.0, 0.0, 0.0, 1.0, 0.0, 0.0, 0.0, 1.0, 0.0, 0.0, 1.0, 0.0, 1.0, 0.0, 0.0, 0.0, 1.0, 0.0, 1.0, 0.0, 0.0, 0.0, 1.0, 0.0, 1.0, 0.0, 0.0, 0.0, 1.0, 0.0, 0.0, 1.0, 0.0, 0.0, 1.0, 0.0, 1.0, 0.0, 0.0, 0.0, 1.0, 0.0, 0.0, 0.0, 1.0, 0.0, 1.0, 0.0, 1.0, 0.0, 0.0, 0.0, 0.0, 1.0, 0.0, 1.0, 0.0, 0.0, 1.0, 0.0, 0.0, 1.0, 0.0, 1.0, 0.0, 0.0, 1.0, 0.0, 0.0, 0.0, 1.0, 0.0, 0.0, 1.0, 0.0, 1.0, 0.0, 0.0, 0.0, 1.0, 0.0, 0.0, 1.0, 0.0, 0.0, 1.0, 0.0, 0.0, 1.0, 0.0, 1.0, 0.0, 0.0, 0.0, 1.0, 0.0, 0.0, 1.0, 0.0, 0.0, 1.0, 0.0, 0.0, 1.0, 0.0, 0.0, 1.0, 0.0, 0.0, 1.0, 0.0, 0.0, 1.0, 0.0, 0.0, 0.0, 1.0, 0.0, 1.0, 0.0, 0.0, 1.0, 0.0, 0.0, 0.0, 1.0, 1.0, 0.0, 0.0, 0.0, 1.0, 0.0, 0.0, 0.0, 1.0, 1.0, 0.0, 0.0, 0.0, 1.0, 0.0, 0.0, 1.0, 0.0, 0.0, 0.0, 1.0, 1.0, 0.0, 0.0, 0.0, 0.0, 1.0, 0.0, 1.0, 0.0, 0.0, 0.0, 1.0, 0.0, 1.0, 0.0, 1.0, 0.0, 0.0, 0.0, 1.0, 0.0, 0.0, 0.0, 1.0, 0.0, 1.0, 0.0, 0.0, 1.0, 0.0, 0.0, 1.0, 0.0, 0.0, 0.0, 1.0, 0.0, 1.0, 0.0, 0.0, 0.0, 1.0, 0.0, 1.0, 0.0, 0.0, 0.0, 1.0, 0.0, 0.0, 1.0, 1.0, 0.0, 0.0, 0.0, 0.0, 1.0, 1.0, 0.0, 0.0, 1.0, 0.0, 0.0, 0.0, 1.0, 0.0, 0.0, 0.0, 1.0, 1.0, 0.0, 0.0, 1.0, 0.0, 0.0, 0.0, 0.0, 1.0, 0.0, 0.0, 1.0, 1.0, 0.0, 0.0, 0.0, 1.0, 0.0, 1.0, 0.0, 0.0, 0.0, 0.0, 1.0, 1.0, 0.0, 0.0, 0.0, 1.0, 0.0, 0.0, 1.0, 0.0, 0.0, 0.0, 1.0, 1.0, 0.0, 0.0, 0.0, 1.0, 0.0, 0.0, 0.0, 1.0, 0.0, 0.0, 1.0, 1.0, 0.0, 0.0, 0.0, 0.0, 1.0, 1.0, 0.0, 0.0, 0.0, 0.0, 1.0, 1.0, 0.0, 0.0, 0.0, 0.0, 1.0, 0.0, 1.0, 0.0, 0.0, 0.0, 1.0, 1.0, 0.0, 0.0, 0.0, 0.0, 1.0, 0.0, 0.0, 1.0, 0.0, 0.0, 1.0, 0.0, 1.0, 0.0, 1.0, 0.0, 0.0, 1.0, 0.0, 0.0, 0.0, 0.0, 1.0, 0.0, 1.0, 0.0, 1.0, 0.0, 0.0, 0.0, 1.0, 0.0, 0.0, 0.0, 1.0, 0.0, 1.0, 0.0, 1.0, 0.0, 0.0, 0.0, 0.0, 1.0, 0.0, 0.0, 1.0, 0.0, 1.0, 0.0, 0.0, 1.0, 0.0, 1.0, 0.0, 0.0, 0.0, 0.0, 1.0, 0.0, 1.0, 0.0, 0.0, 0.0, 1.0, 1.0, 0.0, 0.0, 0.0, 0.0, 1.0, 0.0, 1.0, 0.0, 0.0, 0.0, 1.0, 0.0, 1.0, 0.0, 0.0, 0.0, 1.0, 0.0, 0.0, 1.0, 1.0, 0.0, 0.0, 0.0, 1.0, 0.0, 0.0, 0.0, 1.0, 0.0, 0.0, 1.0, 1.0, 0.0, 0.0, 0.0, 0.0, 1.0, 0.0, 0.0, 1.0, 0.0, 0.0, 1.0, 0.0, 1.0, 0.0, 1.0, 0.0, 0.0, 0.0, 0.0, 1.0, 0.0, 0.0, 1.0, 0.0, 1.0, 0.0, 0.0, 1.0, 0.0, 0.0, 0.0, 1.0, 0.0, 0.0, 1.0, 0.0, 1.0, 0.0, 0.0, 0.0, 1.0, 0.0, 0.0, 1.0, 0.0, 0.0, 1.0, 0.0, 0.0, 1.0, 0.0, 1.0, 0.0, 0.0, 0.0, 1.0, 0.0, 0.0, 1.0, 0.0, 0.0, 1.0, 0.0, 0.0, 1.0]]

[2024-10-14T10:34:22.846687][INFO][seed13] 0 = [0, 3, 4, 7, 9, 10, 11, 12, 14, 15, 16, 17, 19, 21, 23, 25, 26, 27, 28, 29, 30, 31, 33, 34, 35, 36, 37, 39, 41, 43, 46, 49, 50, 55, 56, 58, 59, 60, 61, 62, 64, 65, 66, 67, 69, 71, 77, 78, 80]
[2024-10-14T10:34:22.846951][INFO][seed16] Dropping state 26
[2024-10-14T10:34:22.848571][INFO][seed16] Dropping state 25
[2024-10-14T10:34:22.849289][INFO][seed20] Sampled 1000 data instances
[2024-10-14T10:34:22.849697][INFO][seed20] Starting exact inference 
[2024-10-14T10:34:22.850022][INFO][seed16] Dropping state 22
[2024-10-14T10:34:22.850594][INFO][seed9] Sampled 1000 data instances
[2024-10-14T10:34:22.851018][INFO][seed9] Starting exact inference 
[2024-10-14T10:34:22.851566][INFO][seed32] !0 = [0, 7, 11, 12, 14, 15, 17, 24, 25, 27, 28, 29, 30, 33, 35, 36, 38, 42, 43, 46, 49, 51, 59, 61, 66, 71, 73, 74, 75, 77, 78, 80]
[2024-10-14T10:34:22.851860][INFO][seed16] Dropping state 21
[2024-10-14T10:34:22.852678][INFO][seed32] 0 = [1, 2, 3, 4, 5, 6, 8, 9, 10, 13, 16, 18, 19, 20, 21, 22, 23, 26, 31, 32, 34, 37, 39, 40, 41, 44, 45, 47, 48, 50, 52, 53, 54, 55, 56, 57, 58, 60, 62, 63, 64, 65, 67, 68, 69, 70, 72, 76, 79]
[2024-10-14T10:34:22.853641][INFO][seed16] Dropping state 12
[2024-10-14T10:34:22.854715][INFO][seed13] Dropping state 80
[2024-10-14T10:34:22.856344][INFO][seed16] Dropping state 10
[2024-10-14T10:34:22.856964][INFO][seed13] Dropping state 78
[2024-10-14T10:34:22.857049][INFO][seed15] U cardinality: 81
[2024-10-14T10:34:22.857860][INFO][seed16] Dropping state 8
[2024-10-14T10:34:22.860813][INFO][seed16] Dropping state 5
[2024-10-14T10:34:22.861647][INFO][seed13] Dropping state 71
[2024-10-14T10:34:22.863177][INFO][seed16] Dropping state 4
[2024-10-14T10:34:22.863298][INFO][seed32] Dropping state 79
[2024-10-14T10:34:22.864603][INFO][seed16] Dropping state 3
[2024-10-14T10:34:22.864693][INFO][seed15] !0 = [0, 1, 3, 4, 5, 6, 9, 11, 13, 14, 18, 19, 20, 22, 26, 30, 39, 41, 43, 47, 49, 52, 53, 54, 55, 59, 65, 67, 72, 74, 75, 76]
[2024-10-14T10:34:22.864896][INFO][seed13] Dropping state 69
[2024-10-14T10:34:22.865123][INFO][seed32] Dropping state 76
[2024-10-14T10:34:22.865909][INFO][seed15] 0 = [2, 7, 8, 10, 12, 15, 16, 17, 21, 23, 24, 25, 27, 28, 29, 31, 32, 33, 34, 35, 36, 37, 38, 40, 42, 44, 45, 46, 48, 50, 51, 56, 57, 58, 60, 61, 62, 63, 64, 66, 68, 69, 70, 71, 73, 77, 78, 79, 80]
[2024-10-14T10:34:22.866104][INFO][seed16] Dropping state 2
[2024-10-14T10:34:22.866657][INFO][seed16] Dropping state 1
[2024-10-14T10:34:22.870746][INFO][seed16] U cardinality: 51
[2024-10-14T10:34:22.870837][INFO][seed17] Sampled 1000 data instances
[2024-10-14T10:34:22.871248][INFO][seed17] Starting exact inference 
[2024-10-14T10:34:22.871988][INFO][seed32] Dropping state 69
[2024-10-14T10:34:22.872412][INFO][seed13] Dropping state 64
[2024-10-14T10:34:22.874057][INFO][seed15] Dropping state 77
[2024-10-14T10:34:22.875498][INFO][seed15] Dropping state 73
[2024-10-14T10:34:22.875875][INFO][seed32] Dropping state 68
[2024-10-14T10:34:22.880159][INFO][seed15] Dropping state 70
[2024-10-14T10:34:22.881153][INFO][seed32] Dropping state 65
[2024-10-14T10:34:22.881472][INFO][seed13] Dropping state 58
[2024-10-14T10:34:22.883107][INFO][seed15] Dropping state 51
[2024-10-14T10:34:22.886159][INFO][seed13] Dropping state 50
[2024-10-14T10:34:22.888047][INFO][seed13] Dropping state 46
[2024-10-14T10:34:22.853929][INFO][seed30] Set up logging
[2024-10-14T10:34:22.888686][INFO][seed30] args: -np;2;-nzr;0.4;-zdr;0.5;-o;/mnt/beegfs/rcabanas/dev/credici/papers/zeros/models/s3;-rw;-s;30;-ys;3
[2024-10-14T10:34:22.889354][INFO][seed13] Dropping state 43
[2024-10-14T10:34:22.889336][INFO][seed15] Dropping state 50
[2024-10-14T10:34:22.892427][INFO][seed13] Dropping state 41
[2024-10-14T10:34:22.892258][INFO][seed32] Dropping state 64
[2024-10-14T10:34:22.893341][INFO][seed13] Dropping state 37
[2024-10-14T10:34:22.893898][INFO][seed32] Dropping state 60
[2024-10-14T10:34:22.894883][INFO][seed13] Dropping state 36
[2024-10-14T10:34:22.896123][INFO][seed13] Dropping state 35
[2024-10-14T10:34:22.899236][INFO][seed30] Starting logger with seed 30
[2024-10-14T10:34:22.899466][INFO][seed32] Dropping state 57
[2024-10-14T10:34:22.899609][INFO][seed15] Dropping state 48
[2024-10-14T10:34:22.900335][INFO][seed13] Dropping state 34
[2024-10-14T10:34:22.901007][INFO][seed15] Dropping state 37
[2024-10-14T10:34:22.901950][INFO][seed13] Dropping state 33
[2024-10-14T10:34:22.902575][INFO][seed13] Dropping state 31
[2024-10-14T10:34:22.904941][INFO][seed32] Dropping state 55
[2024-10-14T10:34:22.905283][INFO][seed15] Dropping state 35
[2024-10-14T10:34:22.907093][INFO][seed32] Dropping state 54
[2024-10-14T10:34:22.907239][INFO][seed15] Dropping state 34
[2024-10-14T10:34:22.907631][INFO][seed16] 
[P([5]) [0.671, 0.329], P([4]) [0.021, 0.979], P([3]) [0.0, 0.0, 0.001, 0.0, 0.001, 0.184, 0.0, 0.001, 0.0, 0.0, 0.0, 0.0, 0.001, 0.478, 0.001, 0.001, 0.001, 0.061, 0.001, 0.001, 0.001, 0.001, 0.0, 0.0, 0.0, 0.001, 0.0, 0.0, 0.001, 0.001, 0.001, 0.001, 0.001, 0.001, 0.001, 0.001, 0.001, 0.0, 0.0, 0.001, 0.004, 0.0, 0.001, 0.0, 0.0, 0.0, 0.001, 0.001, 0.001, 0.001, 0.246], P([2, 5]) [1.0, 0.0, 0.0, 1.0], P([1, 4]) [1.0, 0.0, 0.0, 1.0], P([0, 1, 2, 3]) [1.0, 0.0, 0.0, 1.0, 0.0, 0.0, 1.0, 0.0, 0.0, 1.0, 0.0, 0.0, 1.0, 0.0, 0.0, 1.0, 0.0, 0.0, 0.0, 0.0, 1.0, 1.0, 0.0, 0.0, 1.0, 0.0, 0.0, 1.0, 0.0, 0.0, 0.0, 0.0, 1.0, 0.0, 1.0, 0.0, 1.0, 0.0, 0.0, 0.0, 1.0, 0.0, 1.0, 0.0, 0.0, 1.0, 0.0, 0.0, 1.0, 0.0, 0.0, 0.0, 1.0, 0.0, 1.0, 0.0, 0.0, 0.0, 0.0, 1.0, 1.0, 0.0, 0.0, 0.0, 1.0, 0.0, 0.0, 1.0, 0.0, 0.0, 1.0, 0.0, 1.0, 0.0, 0.0, 0.0, 1.0, 0.0, 0.0, 1.0, 0.0, 0.0, 0.0, 1.0, 1.0, 0.0, 0.0, 0.0, 1.0, 0.0, 0.0, 0.0, 1.0, 1.0, 0.0, 0.0, 1.0, 0.0, 0.0, 0.0, 1.0, 0.0, 0.0, 0.0, 1.0, 0.0, 1.0, 0.0, 1.0, 0.0, 0.0, 0.0, 1.0, 0.0, 0.0, 0.0, 1.0, 0.0, 0.0, 1.0, 1.0, 0.0, 0.0, 0.0, 0.0, 1.0, 1.0, 0.0, 0.0, 1.0, 0.0, 0.0, 1.0, 0.0, 0.0, 0.0, 0.0, 1.0, 1.0, 0.0, 0.0, 0.0, 1.0, 0.0, 1.0, 0.0, 0.0, 0.0, 0.0, 1.0, 1.0, 0.0, 0.0, 0.0, 0.0, 1.0, 1.0, 0.0, 0.0, 0.0, 0.0, 1.0, 0.0, 1.0, 0.0, 0.0, 0.0, 1.0, 1.0, 0.0, 0.0, 0.0, 0.0, 1.0, 0.0, 0.0, 1.0, 1.0, 0.0, 0.0, 0.0, 1.0, 0.0, 1.0, 0.0, 0.0, 1.0, 0.0, 0.0, 1.0, 0.0, 0.0, 0.0, 1.0, 0.0, 1.0, 0.0, 0.0, 1.0, 0.0, 0.0, 0.0, 1.0, 0.0, 0.0, 1.0, 0.0, 1.0, 0.0, 0.0, 1.0, 0.0, 0.0, 0.0, 0.0, 1.0, 0.0, 1.0, 0.0, 1.0, 0.0, 0.0, 0.0, 1.0, 0.0, 0.0, 1.0, 0.0, 0.0, 1.0, 0.0, 1.0, 0.0, 0.0, 0.0, 0.0, 1.0, 1.0, 0.0, 0.0, 0.0, 1.0, 0.0, 1.0, 0.0, 0.0, 0.0, 0.0, 1.0, 0.0, 1.0, 0.0, 0.0, 1.0, 0.0, 0.0, 1.0, 0.0, 1.0, 0.0, 0.0, 1.0, 0.0, 0.0, 0.0, 1.0, 0.0, 0.0, 1.0, 0.0, 1.0, 0.0, 0.0, 0.0, 1.0, 0.0, 0.0, 1.0, 0.0, 0.0, 1.0, 0.0, 1.0, 0.0, 0.0, 0.0, 0.0, 1.0, 0.0, 1.0, 0.0, 0.0, 1.0, 0.0, 0.0, 0.0, 1.0, 1.0, 0.0, 0.0, 0.0, 1.0, 0.0, 0.0, 1.0, 0.0, 0.0, 0.0, 1.0, 0.0, 1.0, 0.0, 0.0, 1.0, 0.0, 0.0, 1.0, 0.0, 0.0, 0.0, 1.0, 0.0, 0.0, 1.0, 0.0, 1.0, 0.0, 0.0, 0.0, 1.0, 1.0, 0.0, 0.0, 1.0, 0.0, 0.0, 0.0, 1.0, 0.0, 0.0, 0.0, 1.0, 1.0, 0.0, 0.0, 0.0, 1.0, 0.0, 0.0, 1.0, 0.0, 0.0, 0.0, 1.0, 0.0, 1.0, 0.0, 0.0, 0.0, 1.0, 0.0, 1.0, 0.0, 0.0, 0.0, 1.0, 0.0, 0.0, 1.0, 1.0, 0.0, 0.0, 0.0, 1.0, 0.0, 0.0, 0.0, 1.0, 0.0, 0.0, 1.0, 0.0, 1.0, 0.0, 0.0, 0.0, 1.0, 1.0, 0.0, 0.0, 1.0, 0.0, 0.0, 1.0, 0.0, 0.0, 0.0, 0.0, 1.0, 1.0, 0.0, 0.0, 1.0, 0.0, 0.0, 0.0, 1.0, 0.0, 0.0, 0.0, 1.0, 1.0, 0.0, 0.0, 0.0, 1.0, 0.0, 1.0, 0.0, 0.0, 0.0, 0.0, 1.0, 1.0, 0.0, 0.0, 0.0, 1.0, 0.0, 0.0, 1.0, 0.0, 0.0, 0.0, 1.0, 1.0, 0.0, 0.0, 0.0, 1.0, 0.0, 0.0, 0.0, 1.0, 0.0, 0.0, 1.0, 1.0, 0.0, 0.0, 0.0, 0.0, 1.0, 0.0, 1.0, 0.0, 0.0, 0.0, 1.0, 1.0, 0.0, 0.0, 0.0, 0.0, 1.0, 0.0, 0.0, 1.0, 0.0, 0.0, 1.0, 0.0, 1.0, 0.0, 1.0, 0.0, 0.0, 0.0, 1.0, 0.0, 0.0, 0.0, 1.0, 0.0, 1.0, 0.0, 1.0, 0.0, 0.0, 0.0, 0.0, 1.0, 0.0, 0.0, 1.0, 0.0, 1.0, 0.0, 0.0, 1.0, 0.0, 1.0, 0.0, 0.0, 0.0, 0.0, 1.0, 0.0, 1.0, 0.0, 0.0, 1.0, 0.0, 0.0, 1.0, 0.0, 0.0, 0.0, 1.0, 0.0, 1.0, 0.0, 0.0, 1.0, 0.0, 0.0, 0.0, 1.0, 0.0, 0.0, 1.0, 0.0, 1.0, 0.0, 0.0, 0.0, 1.0, 1.0, 0.0, 0.0, 0.0, 0.0, 1.0, 0.0, 1.0, 0.0, 0.0, 0.0, 1.0, 0.0, 0.0, 1.0, 0.0, 0.0, 1.0, 0.0, 0.0, 1.0, 1.0, 0.0, 0.0, 0.0, 1.0, 0.0, 0.0, 0.0, 1.0, 0.0, 0.0, 1.0, 0.0, 1.0, 0.0, 0.0, 1.0, 0.0, 0.0, 0.0, 1.0, 0.0, 0.0, 1.0, 0.0, 1.0, 0.0, 0.0, 0.0, 1.0, 0.0, 0.0, 1.0, 0.0, 0.0, 1.0, 0.0, 0.0, 1.0, 1.0, 0.0, 0.0, 0.0, 0.0, 1.0, 0.0, 0.0, 1.0, 0.0, 0.0, 1.0, 0.0, 1.0, 0.0]]

[2024-10-14T10:34:22.908089][INFO][seed32] Dropping state 47
[2024-10-14T10:34:22.910085][INFO][seed32] Dropping state 39
[2024-10-14T10:34:22.907995][INFO][seed13] Dropping state 30
[2024-10-14T10:34:22.908534][INFO][seed15] Dropping state 33
[2024-10-14T10:34:22.909427][INFO][seed13] Dropping state 29
[2024-10-14T10:34:22.911811][INFO][seed15] Dropping state 32
[2024-10-14T10:34:22.912681][INFO][seed13] Dropping state 28
[2024-10-14T10:34:22.913590][INFO][seed32] Dropping state 32
[2024-10-14T10:34:22.914504][INFO][seed15] Dropping state 28
[2024-10-14T10:34:22.915716][INFO][seed13] Dropping state 26
[2024-10-14T10:34:22.915774][INFO][seed15] Dropping state 25
[2024-10-14T10:34:22.916942][INFO][seed13] Dropping state 19
[2024-10-14T10:34:22.916965][INFO][seed58] U cardinality: 81
[2024-10-14T10:34:22.917197][INFO][seed32] Dropping state 20
[2024-10-14T10:34:22.917938][INFO][seed13] Dropping state 17
[2024-10-14T10:34:22.918540][INFO][seed15] Dropping state 24
[2024-10-14T10:34:22.918717][INFO][seed30] simple_nparents2_nzr04_zdr05_ysize3_30
[2024-10-14T10:34:22.919085][INFO][seed32] Dropping state 16
[2024-10-14T10:34:22.920184][INFO][seed13] Dropping state 16
[2024-10-14T10:34:22.920309][INFO][seed32] Dropping state 10
[2024-10-14T10:34:22.920832][INFO][seed15] Dropping state 23
[2024-10-14T10:34:22.921572][INFO][seed15] Dropping state 21
[2024-10-14T10:34:22.921699][INFO][seed13] Dropping state 15
[2024-10-14T10:34:22.922900][INFO][seed13] Dropping state 14
[2024-10-14T10:34:22.923900][INFO][seed32] Dropping state 8
[2024-10-14T10:34:22.924655][INFO][seed13] Dropping state 12
[2024-10-14T10:34:22.924922][INFO][seed15] Dropping state 16
[2024-10-14T10:34:22.926226][INFO][seed15] Dropping state 12
[2024-10-14T10:34:22.926666][INFO][seed32] Dropping state 5
[2024-10-14T10:34:22.926052][INFO][seed58] !0 = [0, 3, 7, 12, 17, 18, 19, 20, 22, 25, 26, 29, 31, 32, 33, 34, 36, 38, 43, 45, 48, 49, 50, 52, 53, 56, 59, 61, 64, 74, 77, 80]
[2024-10-14T10:34:22.927074][INFO][seed13] Dropping state 11
[2024-10-14T10:34:22.927869][INFO][seed58] 0 = [1, 2, 4, 5, 6, 8, 9, 10, 11, 13, 14, 15, 16, 21, 23, 24, 27, 28, 30, 35, 37, 39, 40, 41, 42, 44, 46, 47, 51, 54, 55, 57, 58, 60, 62, 63, 65, 66, 67, 68, 69, 70, 71, 72, 73, 75, 76, 78, 79]
[2024-10-14T10:34:22.929008][INFO][seed15] Dropping state 7
[2024-10-14T10:34:22.930322][INFO][seed42] U cardinality: 81
[2024-10-14T10:34:22.930652][INFO][seed32] Dropping state 4
[2024-10-14T10:34:22.931369][INFO][seed13] Dropping state 9
[2024-10-14T10:34:22.932161][INFO][seed13] Dropping state 7
[2024-10-14T10:34:22.932687][INFO][seed13] Dropping state 3
[2024-10-14T10:34:22.933132][INFO][seed15] U cardinality: 62
[2024-10-14T10:34:22.933561][INFO][seed13] Dropping state 0
[2024-10-14T10:34:22.933299][INFO][seed32] Dropping state 2
[2024-10-14T10:34:22.935456][INFO][seed32] Dropping state 1
[2024-10-14T10:34:22.937668][INFO][seed13] U cardinality: 50
[2024-10-14T10:34:22.938094][INFO][seed42] !0 = [3, 4, 6, 9, 10, 15, 16, 19, 20, 26, 27, 30, 33, 35, 36, 40, 48, 51, 52, 53, 55, 58, 60, 61, 62, 63, 70, 71, 74, 76, 78, 79]
[2024-10-14T10:34:22.938432][INFO][seed58] Dropping state 78
[2024-10-14T10:34:22.939099][INFO][seed42] 0 = [0, 1, 2, 5, 7, 8, 11, 12, 13, 14, 17, 18, 21, 22, 23, 24, 25, 28, 29, 31, 32, 34, 37, 38, 39, 41, 42, 43, 44, 45, 46, 47, 49, 50, 54, 56, 57, 59, 64, 65, 66, 67, 68, 69, 72, 73, 75, 77, 80]
[2024-10-14T10:34:22.940017][INFO][seed58] Dropping state 75
[2024-10-14T10:34:22.940127][INFO][seed32] U cardinality: 60
[2024-10-14T10:34:22.946144][INFO][seed58] Dropping state 72
[2024-10-14T10:34:22.946293][INFO][seed15] 
[2024-10-14T10:34:22.946955][INFO][seed42] Dropping state 80
[P([5]) [0.604, 0.396], P([4]) [0.311, 0.689], P([3]) [0.001, 0.001, 0.0, 0.001, 0.001, 0.015, 0.002, 0.0, 0.001, 0.0, 0.001, 0.001, 0.001, 0.0, 0.0, 0.001, 0.001, 0.001, 0.01, 0.001, 0.0, 0.0, 0.001, 0.0, 0.0, 0.0, 0.001, 0.0, 0.013, 0.0, 0.001, 0.0, 0.0, 0.0, 0.001, 0.001, 0.001, 0.001, 0.001, 0.067, 0.0, 0.0, 0.0, 0.001, 0.0, 0.0, 0.0, 0.0, 0.0, 0.556, 0.0, 0.001, 0.0, 0.0, 0.0, 0.001, 0.001, 0.001, 0.312, 0.0, 0.0, 0.0], P([2, 5]) [1.0, 0.0, 0.0, 1.0], P([1, 4]) [1.0, 0.0, 0.0, 1.0], P([0, 1, 2, 3]) [1.0, 0.0, 0.0, 1.0, 0.0, 0.0, 1.0, 0.0, 0.0, 1.0, 0.0, 0.0, 1.0, 0.0, 0.0, 1.0, 0.0, 0.0, 1.0, 0.0, 0.0, 0.0, 1.0, 0.0, 1.0, 0.0, 0.0, 1.0, 0.0, 0.0, 1.0, 0.0, 0.0, 0.0, 0.0, 1.0, 1.0, 0.0, 0.0, 1.0, 0.0, 0.0, 0.0, 1.0, 0.0, 1.0, 0.0, 0.0, 1.0, 0.0, 0.0, 1.0, 0.0, 0.0, 0.0, 1.0, 0.0, 0.0, 1.0, 0.0, 1.0, 0.0, 0.0, 1.0, 0.0, 0.0, 0.0, 1.0, 0.0, 0.0, 0.0, 1.0, 1.0, 0.0, 0.0, 1.0, 0.0, 0.0, 0.0, 0.0, 1.0, 1.0, 0.0, 0.0, 1.0, 0.0, 0.0, 1.0, 0.0, 0.0, 0.0, 0.0, 1.0, 0.0, 0.0, 1.0, 1.0, 0.0, 0.0, 0.0, 1.0, 0.0, 1.0,[2024-10-14T10:34:22.948864][INFO][seed42] Dropping state 69
 0.0, 0.0, 1.0, 0.0, 0.0, 1.0, 0.0, 0.0, 0.0, 1.0, 0.0, 1.0, 0.0, 0.0, 0.0, 1.0, 0.0, 1.0, 0.0, 0.0, 0.0, 1.0, 0.0, 1.0, 0.0, 0.0, 0.0, 0.0, 1.0, 1.0, 0.0, 0.0, 0.0, 1.0, 0.0, 0.0, 1.0, 0.0, 0.0, 1.0, 0.0, 1.0, 0.0, 0.0, 0.0, 1.0, 0.0, 0.0, 1.0, 0.0, 0.0, 0.0, 1.0, 1.0, 0.0, 0.0, 0.0, 1.0, 0.0, 0.0, 0.0, 1.0, 1.0, 0.0, 0.0, 1.0, 0.0, 0.0, 0.0, 1.0, 0.0, 0.0, 0.0, 1.0, 0.0, 0.0, 1.0, 1.0, 0.0, 0.0, 0.0, 0.0, 1.0, 1.0, 0.0, 0.0, 1.0, 0.0, 0.0, 1.0, 0.0, 0.0, 0.0, 0.0, 1.0, 1.0, 0.0, 0.0, 0.0, 1.0, 0.0, 1.0, 0.0, 0.0, 0.0, 0.0, 1.0, 1.0, 0.0, 0.0, 0.0, 0.0, 1.0, 1.0, 0.0, 0.0, 0.0, 0.0, 1.0, 0.0, 1.0, 0.0, 0.0, 1.0, 0.0, 1.0, 0.0, 0.0, 0.0, 0.0, 1.0, 0.0, 0.0, 1.0, 0.0, 0.0, 1.0, 0.0, 1.0, 0.0, 1.0, 0.0, 0.0, 1.0, 0.0, 0.0, 1.0, 0.0, 0.0, 0.0, 1.0, 0.0, 1.0, 0.0, 0.0, 1.0, 0.0, 0.0, 0.0, 0.0, 1.0, 0.0, 1.0, 0.0, 1.0, 0.0, 0.0, 0.0, 1.0, 0.0, 1.0, 0.0, 0.0, 0.0, 1.0, 0.0, 1.0, 0.0, 0.0, 0.0, 1.0, 0.0, 0.0, 1.0, 0.0, 0.0, 1.0, 0.0, 0.0, 1.0, 0.0, 1.0, 0.0, 0.0, 1.0, 0.0, 0.0, 0.0, 1.0, 0.0, 0.0, 1.0, 0.0, 1.0, 0.0, 0.0, 0.0, 0.0, 1.0, 0.0, 1.0, 0.0, 0.0, 1.0, 0.0, 0.0, 1.0, 0.0, 1.0, 0.0, 0.0, 0.0, 1.0, 0.0, 0.0, 1.0, 0.0, 0.0, 1.0, 0.0, 0.0, 1.0, 0.0, 0.0, 1.0, 0.0, 0.0, 1.0, 0.0, 0.0, 1.0, 0.0, 0.0, 0.0, 1.0, 0.0, 1.0, 0.0, 0.0, 1.0, 0.0, 0.0, 0.0, 1.0, 1.0, 0.0, 0.0, 0.0, 1.0, 0.0, 0.0, 1.0, 0.0, 0.0, 0.0, 1.0, 0.0, 1.0, 0.0, 0.0, 1.0, 0.0, 0.0, 1.0, 0.0, 0.0, 0.0, 1.0, 0.0, 0.0, 1.0, 0.0, 1.0, 0.0, 0.0, 0.0, 1.0, 1.0, 0.0, 0.0, 1.0, 0.0, 0.0, 0.0, 1.0, 0.0, 0.0, 0.0, 1.0, 1.0, 0.0, 0.0, 0.0, 1.0, 0.0, 0.0, 1.0, 0.0, 0.0, 0.0, 1.0, 1.0, 0.0, 0.0, 0.0, 0.0, 1.0, 0.0, 1.0, 0.0, 0.0, 0.0, 1.0, 0.0, 1.0, 0.0, 0.0, 1.0, 0.0, 0.0, 1.0, 0.0, 0.0, 0.0, 1.0, 0.0, 0.0, 1.0, 0.0, 1.0, 0.0, 0.0, 1.0, 0.0, 0.0, 0.0, 1.0, 0.0, 0.0, 1.0, 0.0, 0.0, 1.0, 0.0, 0.0, 1.0, 1.0, 0.0, 0.0, 1.0, 0.0, 0.0, 1.0, 0.0, 0.0, 0.0, 0.0, 1.0, 1.0, 0.0, 0.0, 1.0, 0.0, 0.0, 0.0, 1.0, 0.0, 0.0, 0.0, 1.0, 1.0, 0.0, 0.0, 1.0, 0.0, 0.0, 0.0, 0.0, 1.0, 0.0, 0.0, 1.0, 1.0, 0.0, 0.0, 0.0, 1.0, 0.0, 1.0, 0.0, 0.0, 0.0, 0.0, 1.0, 1.0, 0.0, 0.0, 0.0, 1.0, 0.0, 0.0, 1.0, 0.0, 0.0, 0.0, 1.0, 1.0, 0.0, 0.0, 0.0, 1.0, 0.0, 0.0, 0.0, 1.0, 0.0, 0.0, 1.0, 1.0, 0.0, 0.0, 0.0, 0.0, 1.0, 1.0, 0.0, 0.0, 0.0, 0.0, 1.0, 1.0, 0.0, 0.0, 0.0, 0.0, 1.0, 0.0, 1.0, 0.0, 0.0, 0.0, 1.0, 1.0, 0.0, 0.0, 0.0, 0.0, 1.0, 0.0, 0.0, 1.0, 0.0, 0.0, 1.0, 0.0, 1.0, 0.0, 1.0, 0.0, 0.0, 1.0, 0.0, 0.0, 0.0, 0.0, 1.0, 0.0, 1.0, 0.0, 1.0, 0.0, 0.0, 0.0, 1.0, 0.0, 0.0, 0.0, 1.0, 0.0, 1.0, 0.0, 1.0, 0.0, 0.0, 0.0, 0.0, 1.0, 0.0, 0.0, 1.0, 0.0, 1.0, 0.0, 0.0, 1.0, 0.0, 1.0, 0.0, 0.0, 0.0, 0.0, 1.0, 0.0, 1.0, 0.0, 0.0, 1.0, 0.0, 0.0, 1.0, 0.0, 0.0, 0.0, 1.0, 0.0, 1.0, 0.0, 0.0, 1.0, 0.0, 0.0, 0.0, 1.0, 0.0, 0.0, 1.0, 0.0, 1.0, 0.0, 0.0, 0.0, 1.0, 1.0, 0.0, 0.0, 0.0, 0.0, 1.0, 0.0, 1.0, 0.0, 0.0, 0.0, 1.0, 0.0, 0.0, 1.0, 0.0, 0.0, 1.0, 0.0, 0.0, 1.0, 1.0, 0.0, 0.0, 1.0, 0.0, 0.0, 0.0, 0.0, 1.0, 0.0, 0.0, 1.0, 1.0, 0.0, 0.0, 0.0, 0.0, 1.0, 0.0, 0.0, 1.0, 0.0, 0.0, 1.0, 0.0, 1.0, 0.0, 1.0, 0.0, 0.0, 0.0, 0.0, 1.0, 0.0, 0.0, 1.0, 0.0, 1.0, 0.0, 0.0, 1.0, 0.0, 0.0, 0.0, 1.0, 0.0, 0.0, 1.0, 0.0, 0.0, 1.0, 1.0, 0.0, 0.0, 0.0, 0.0, 1.0, 0.0, 0.0, 1.0, 0.0, 0.0, 1.0, 0.0, 1.0, 0.0, 0.0, 0.0, 1.0, 0.0, 0.0, 1.0, 0.0, 0.0, 1.0, 0.0, 0.0, 1.0]]

[2024-10-14T10:34:22.950181][INFO][seed58] Dropping state 71
[2024-10-14T10:34:22.951214][INFO][seed13] 
[P([5]) [0.031, 0.969], P([4]) [0.352, 0.648], P([3]) [0.001, 0.001, 0.0, 0.001, 0.001, 0.001, 0.0, 0.001, 0.001, 0.001, 0.0, 0.001, 0.0, 0.001, 0.0, 0.0, 0.001, 0.004, 0.0, 0.001, 0.001, 0.001, 0.001, 0.001, 0.001, 0.0, 0.001, 0.001, 0.868, 0.001, 0.0, 0.0, 0.001, 0.0, 0.0, 0.0, 0.0, 0.001, 0.0, 0.0, 0.0, 0.001, 0.001, 0.001, 0.001, 0.001, 0.036, 0.001, 0.0, 0.064], P([2, 5]) [1.0, 0.0, 0.0, 1.0], P([1, 4]) [1.0, 0.0, 0.0, 1.0], P([0, 1, 2, 3]) [1.0, 0.0, 0.0, 1.0, 0.0, 0.0, 1.0, 0.0, 0.0, 0.0, 1.0, 0.0, 1.0, 0.0, 0.0, 1.0, 0.0, 0.0, 1.0, 0.0, 0.0, 0.0, 0.0, 1.0, 1.0, 0.0, 0.0, 1.0, 0.0, 0.0, 0.0, 1.0, 0.0, 0.0, 1.0, 0.0, 1.0, 0.0, 0.0, 1.0, 0.0, 0.0, 0.0, 1.0, 0.0, 0.0, 0.0, 1.0, 1.0, 0.0, 0.0, 1.0, 0.0, 0.0, 0.0, 0.0, 1.0, 1.0, 0.0, 0.0, 1.0, 0.0, 0.0, 1.0, 0.0, 0.0, 0.0, 0.0, 1.0, 0.0, 0.0, 1.0, 1.0, 0.0, 0.0, 0.0, 1.0, 0.0, 1.0, 0.0, 0.0, 0.0, 1.0, 0.0, 1.0, 0.0, 0.0, 0.0, 1.0, 0.0, 0.0, 1.0, 0.0, 0.0, 1.0, 0.0, 1.0, 0.0, 0.0, 0.0, 0.0, 1.0, 1.0, 0.0, 0.0, 1.0, 0.0, 0.0, 1.0, 0.0, 0.0, 0.0, 0.0, 1.0, 1.0, 0.0, 0.0, 0.0, 0.0, 1.0, 1.0, 0.0, 0.0, 0.0, 0.0, 1.0, 0.0, 1.0, 0.0, 1.0, 0.0, 0.0, 1.0, 0.0, 0.0, 0.0, 0.0, 1.0, 0.0, 1.0, 0.0, 0.0, 1.0, 0.0, 1.0, 0.0, 0.0, 0.0, 0.0, 1.0, 0.0, 1.0, 0.0, 0.0, 0.0, 1.0, 1.0, 0.0, 0.0, 0.0, 0.0, 1.0, 0.0, 0.0, 1.0, 1.0, 0.0, 0.0, 1.0, 0.0, 0.0, 0.0, 0.0, 1.0, 0.0, 0.0, 1.0, 0.0, 1.0, 0.0, 0.0, 1.0, 0.0, 1.0, 0.0, 0.0, 1.0, 0.0, 0.0, 1.0, 0.0, 0.0, 0.0, 1.0, 0.0, 1.0, 0.0, 0.0, 0.0, 1.0, 0.0, 0.0, 0.0, 1.0, 0.0, 1.0, 0.0, 0.0, 1.0, 0.0, 1.0, 0.0, 0.0, 0.0, 0.0, 1.0, 0.0, 1.0, 0.0, 0.0, 1.0, 0.0, 0.0, 1.0, 0.0, 1.0, 0.0, 0.0, 0.0, 1.0, 0.0, 0.0, 1.0, 0.0, 0.0, 1.0, 0.0, 0.0, 1.0, 0.0, 0.0, 1.0, 0.0, 0.0, 1.0, 0.0, 0.0, 0.0, 1.0, 1.0, 0.0, 0.0, 0.0, 1.0, 0.0, 0.0, 1.0, 0.0, 0.0, 0.0, 1.0, 0.0, 0.0, 1.0, 0.0, 1.0, 0.0, 0.0, 0.0, 1.0, 1.0, 0.0, 0.0, 1.0, 0.0, 0.0, 0.0, 1.0, 0.0, 0.0, 0.0, 1.0, 1.0, 0.0, 0.0, 0.0, 0.0, 1.0, 0.0, 1.0, 0.0, 0.0, 0.0, 1.0, 0.0, 1.0, 0.0, 1.0, 0.0, 0.0, 0.0, 1.0, 0.0, 0.0, 0.0, 1.0, 0.0, 1.0, 0.0, 0.0, 1.0, 0.0, 0.0, 1.0, 0.0, 0.0, 0.0, 1.0, 0.0, 0.0, 1.0, 1.0, 0.0, 0.0, 0.0, 1.0, 0.0, 0.0, 0.0, 1.0, 0.0, 0.0, 1.0, 0.0, 1.0, 0.0, 0.0, 1.0, 0.0, 0.0, 0.0, 1.0, 0.0, 0.0, 1.0, 0.0, 0.0, 1.0, 0.0, 0.0, 1.0, 1.0, 0.0, 0.0, 1.0, 0.0, 0.0, 1.0, 0.0, 0.0, 0.0, 0.0, 1.0, 1.0, 0.0, 0.0, 1.0, 0.0, 0.0, 0.0, 1.0, 0.0, 0.0, 0.0, 1.0, 1.0, 0.0, 0.0, 1.0, 0.0, 0.0, 0.0, 0.0, 1.0, 0.0, 0.0, 1.0, 1.0, 0.0, 0.0, 0.0, 1.0, 0.0, 1.0, 0.0, 0.0, 0.0, 0.0, 1.0, 1.0, 0.0, 0.0, 0.0, 1.0, 0.0, 0.0, 0.0, 1.0, 0.0, 0.0, 1.0, 1.0, 0.0, 0.0, 0.0, 0.0, 1.0, 1.0, 0.0, 0.0, 0.0, 0.0, 1.0, 1.0, 0.0, 0.0, 0.0, 0.0, 1.0, 0.0, 1.0, 0.0, 0.0, 0.0, 1.0, 1.0, 0.0, 0.0, 0.0, 0.0, 1.0, 0.0, 0.0, 1.0, 0.0, 0.0, 1.0, 0.0, 1.0, 0.0, 1.0, 0.0, 0.0, 1.0, 0.0, 0.0, 0.0, 0.0, 1.0, 0.0, 1.0, 0.0, 1.0, 0.0, 0.0, 0.0, 0.0, 1.0, 0.0, 0.0, 1.0, 0.0, 1.0, 0.0, 0.0, 1.0, 0.0, 1.0, 0.0, 0.0, 0.0, 0.0, 1.0, 0.0, 1.0, 0.0, 0.0, 1.0, 0.0, 0.0, 1.0, 0.0, 0.0, 0.0, 1.0, 0.0, 1.0, 0.0, 0.0, 1.0, 0.0, 0.0, 0.0, 1.0, 0.0, 0.0, 1.0, 0.0, 1.0, 0.0, 0.0, 0.0, 1.0, 0.0, 1.0, 0.0, 0.0, 0.0, 1.0, 0.0, 0.0, 1.0, 1.0, 0.0, 0.0, 1.0, 0.0, 0.0, 0.0, 0.0, 1.0, 0.0, 0.0, 1.0, 1.0, 0.0, 0.0, 0.0, 1.0, 0.0, 0.0, 0.0, 1.0, 0.0, 0.0, 1.0, 1.0, 0.0, 0.0, 0.0, 0.0, 1.0, 0.0, 0.0, 1.0, 0.0, 0.0, 1.0, 0.0, 1.0, 0.0, 1.0, 0.0, 0.0, 0.0, 0.0, 1.0, 0.0, 0.0, 1.0, 0.0, 1.0, 0.0, 0.0, 1.0, 0.0, 0.0, 0.0, 1.0, 0.0, 0.0, 1.0, 0.0, 1.0, 0.0, 0.0, 0.0, 1.0, 0.0, 0.0, 1.0, 0.0, 0.0, 1.0, 0.0, 0.0, 1.0, 0.0, 1.0, 0.0]]

[2024-10-14T10:34:22.950972][INFO][seed42] Dropping state 66
[2024-10-14T10:34:22.952653][INFO][seed6] Sampled 1000 data instances
[2024-10-14T10:34:22.953101][INFO][seed6] Starting exact inference 
[2024-10-14T10:34:22.954364][INFO][seed42] Dropping state 65
[2024-10-14T10:34:22.931526][INFO][seed61] Set up logging
[2024-10-14T10:34:22.955299][INFO][seed61] args: -np;2;-nzr;0.4;-zdr;0.5;-o;/mnt/beegfs/rcabanas/dev/credici/papers/zeros/models/s3;-rw;-s;61;-ys;3
[2024-10-14T10:34:22.956575][INFO][seed58] Dropping state 68
[2024-10-14T10:34:22.959394][INFO][seed42] Dropping state 64
[2024-10-14T10:34:22.963333][INFO][seed2] Sampled 1000 data instances
[2024-10-14T10:34:22.963768][INFO][seed2] Starting exact inference 
[2024-10-14T10:34:22.968459][INFO][seed34] U cardinality: 81
[2024-10-14T10:34:22.968809][INFO][seed61] Starting logger with seed 61
[2024-10-14T10:34:22.969172][INFO][seed42] Dropping state 59
[2024-10-14T10:34:22.969903][INFO][seed58] Dropping state 66
[2024-10-14T10:34:22.971587][INFO][seed58] Dropping state 60
[2024-10-14T10:34:22.940361][INFO][seed14] Set up logging
[2024-10-14T10:34:22.972748][INFO][seed14] args: -np;2;-nzr;0.4;-zdr;0.5;-o;/mnt/beegfs/rcabanas/dev/credici/papers/zeros/models/s3;-rw;-s;14;-ys;3
[2024-10-14T10:34:22.973498][INFO][seed42] Dropping state 49
[2024-10-14T10:34:22.976113][INFO][seed42] Dropping state 45
[2024-10-14T10:34:22.975005][INFO][seed32] 
[P([5]) [0.441, 0.559], P([4]) [0.962, 0.038], P([3]) [0.001, 0.0, 0.0, 0.002, 0.0, 0.001, 0.001, 0.0, 0.001, 0.001, 0.001, 0.0, 0.0, 0.0, 0.0, 0.0, 0.001, 0.001, 0.0, 0.001, 0.001, 0.001, 0.001, 0.0, 0.001, 0.0, 0.001, 0.001, 0.0, 0.001, 0.0, 0.0, 0.001, 0.001, 0.0, 0.0, 0.001, 0.0, 0.001, 0.0, 0.001, 0.0, 0.0, 0.0, 0.0, 0.001, 0.002, 0.0, 0.0, 0.001, 0.0, 0.0, 0.001, 0.0, 0.001, 0.001, 0.001, 0.001, 0.001, 0.967], P([2, 5]) [1.0, 0.0, 0.0, 1.0], P([1, 4]) [1.0, 0.0, 0.0, 1.0], P([0, 1, 2, 3]) [1.0, 0.0, 0.0, 1.0, 0.0, 0.0, 1.0, 0.0, 0.0, 1.0, 0.0, 0.0, 1.0, 0.0, 0.0, 1.0, 0.0, 0.0, 0.0, 1.0, 0.0, 1.0, 0.0, 0.0, 1.0, 0.0, 0.0, 1.0, 0.0, 0.0, 0.0, 0.0, 1.0, 1.0, 0.0, 0.0, 1.0, 0.0, 0.0, 1.0, 0.0, 0.0, 0.0, 0.0, 1.0, 0.0, 1.0, 0.0, 1.0, 0.0, 0.0, 0.0, 1.0, 0.0, 1.0, 0.0, 0.0, 1.0, 0.0, 0.0, 1.0, 0.0, 0.0, 0.0, 1.0, 0.0, 1.0, 0.0, 0.0, 0.0, 0.0, 1.0, 1.0, 0.0, 0.0, 0.0, 1.0, 0.0, 0.0, 1.0, 0.0, 1.0, 0.0, 0.0, 1.0, 0.0, 0.0, 0.0, 1.0, 0.0, 0.0, 1.0, 0.0, 0.0, 1.0, 0.0, 1.0, 0.0, 0.0, 0.0, 1.0, 0.0, 0.0, 1.0, 0.0, 0.0, 0.0, 1.0, 1.0, 0.0, 0.0, 0.0, 1.0, 0.0, 0.0, 0.0, 1.0, 1.0, 0.0, 0.0, 1.0, 0.0, 0.0, 0.0, 1.0, 0.0, 0.0, 0.0, 1.0, 0.0, 0.0, 1.0, 1.0, 0.0, 0.0, 0.0, 0.0, 1.0, 1.0, 0.0, 0.0, 1.0, 0.0, 0.0, 1.0, 0.0, 0.0, 0.0, 0.0, 1.0, 1.0, 0.0, 0.0, 0.0, 1.0, 0.0, 1.0, 0.0, 0.0, 0.0, 0.0, 1.0, 0.0, 1.0, 0.0, 1.0, 0.0, 0.0, 1.0, 0.0, 0.0, 0.0, 0.0, 1.0, 0.0, 1.0, 0.0, 0.0, 1.0, 0.0, 1.0, 0.0, 0.0, 0.0, 0.0, 1.0, 0.0, 1.0, 0.0, 0.0, 0.0, 1.0, 1.0, 0.0, 0.0, 0.0, 0.0, 1.0, 0.0, 0.0, 1.0, 1.0, 0.0, 0.0, 1.0, 0.0, 0.0, 0.0, 0.0, 1.0, 0.0, 0.0, 1.0, 0.0, 1.0, 0.0, 1.0, 0.0, 0.0, 0.0, 0.0, 1.0, 0.0, 0.0, 1.0, 0.0, 0.0, 1.0, 0.0, 1.0, 0.0, 1.0, 0.0, 0.0, 1.0, 0.0, 0.0, 1.0, 0.0, 0.0, 0.0, 1.0, 0.0, 1.0, 0.0, 0.0, 1.0, 0.0, 0.0, 0.0, 1.0, 0.0, 0.0, 1.0, 0.0, 1.0, 0.0, 0.0, 1.0, 0.0, 0.0, 0.0, 0.0, 1.0, 0.0, 1.0, 0.0, 1.0, 0.0, 0.0, 0.0, 1.0, 0.0, 1.0, 0.0, 0.0, 0.0, 1.0, 0.0, 1.0, 0.0, 0.0, 0.0, 1.0, 0.0, 0.0, 1.0, 0.0, 0.0, 1.0, 0.0, 1.0, 0.0, 0.0, 0.0, 0.0, 1.0, 1.0, 0.0, 0.0, 0.0, 1.0, 0.0, 1.0, 0.0, 0.0, 0.0, 0.0, 1.0, 0.0, 1.0, 0.0, 0.0, 1.0, 0.0, 1.0, 0.0, 0.0, 0.0, 0.0, 1.0, 0.0, 0.0, 1.0, 0.0, 1.0, 0.0, 0.0, 1.0, 0.0, 1.0, 0.0, 0.0, 1.0, 0.0, 0.0, 0.0, 1.0, 0.0, 0.0, 1.0, 0.0, 1.0, 0.0, 0.0, 0.0, 1.0, 0.0, 0.0, 1.0, 0.0, 0.0, 1.0, 0.0, 1.0, 0.0, 0.0, 0.0, 0.0, 1.0, 0.0, 1.0, 0.0, 0.0, 1.0, 0.0, 0.0, 1.0, 0.0, 0.0, 1.0, 0.0, 0.0, 1.0, 0.0, 0.0, 1.0, 0.0, 0.0, 1.0, 0.0, 0.0, 0.0, 1.0, 0.0, 1.0, 0.0, 0.0, 1.0, 0.0, 0.0, 0.0, 1.0, 1.0, 0.0, 0.0, 0.0, 1.0, 0.0, 0.0, 1.0, 0.0, 0.0, 0.0, 1.0, 0.0, 1.0, 0.0, 0.0, 1.0, 0.0, 0.0, 1.0, 0.0, 0.0, 0.0, 1.0, 0.0, 0.0, 1.0, 0.0, 1.0, 0.0, 0.0, 0.0, 1.0, 1.0, 0.0, 0.0, 1.0, 0.0, 0.0, 0.0, 1.0, 0.0, 0.0, 0.0, 1.0, 1.0, 0.0, 0.0, 0.0, 1.0, 0.0, 0.0, 1.0, 0.0, 0.0, 0.0, 1.0, 0.0, 1.0, 0.0, 1.0, 0.0, 0.0, 0.0, 1.0, 0.0, 0.0, 0.0, 1.0, 0.0, 1.0, 0.0, 0.0, 1.0, 0.0, 0.0, 1.0, 0.0, 0.0, 0.0, 1.0, 0.0, 1.0, 0.0, 0.0, 0.0, 1.0, 0.0, 1.0, 0.0, 0.0, 0.0, 1.0, 0.0, 0.0, 1.0, 1.0, 0.0, 0.0, 0.0, 1.0, 0.0, 0.0, 0.0, 1.0, 0.0, 0.0, 1.0, 0.0, 1.0, 0.0, 0.0, 1.0, 0.0, 0.0, 0.0, 1.0, 0.0, 0.0, 1.0, 0.0, 0.0, 1.0, 0.0, 0.0, 1.0, 1.0, 0.0, 0.0, 1.0, 0.0, 0.0, 0.0, 0.0, 1.0, 0.0, 0.0, 1.0, 1.0, 0.0, 0.0, 0.0, 1.0, 0.0, 0.0, 1.0, 0.0, 0.0, 0.0, 1.0, 1.0, 0.0, 0.0, 0.0, 1.0, 0.0, 0.0, 0.0, 1.0, 0.0, 0.0, 1.0, 1.0, 0.0, 0.0, 0.0, 0.0, 1.0, 0.0, 1.0, 0.0, 0.0, 0.0, 1.0, 1.0, 0.0, 0.0, 0.0, 0.0, 1.0, 0.0, 0.0, 1.0, 0.0, 0.0, 1.0, 0.0, 1.0, 0.0, 1.0, 0.0, 0.0, 1.0, 0.0, 0.0, 0.0, 0.0, 1.0, 0.0, 1.0, 0.0, 0.0, 1.0, 0.0, 1.0, 0.0, 0.0, 0.0, 0.0, 1.0, 0.0, 1.0, 0.0, 0.0, 1.0, 0.0, 0.0, 1.0, 0.0, 0.0, 0.0, 1.0, 0.0, 1.0, 0.0, 0.0, 0.0, 1.0, 0.0, 1.0, 0.0, 0.0, 0.0, 1.0, 0.0, 1.0, 0.0, 0.0, 0.0, 1.0, 0.0, 0.0, 1.0, 0.0, 0.0, 1.0, 0.0, 0.0, 1.0, 1.0, 0.0, 0.0, 1.0, 0.0, 0.0, 0.0, 0.0, 1.0, 0.0, 0.0, 1.0, 1.0, 0.0, 0.0, 0.0, 1.0, 0.0, 0.0, 0.0, 1.0, 0.0, 0.0, 1.0, 1.0, 0.0, 0.0, 0.0, 0.0, 1.0, 0.0, 0.0, 1.0, 0.0, 0.0, 1.0, 0.0, 1.0, 0.0, 1.0, 0.0, 0.0, 0.0, 0.0, 1.0, 0.0, 0.0, 1.0, 0.0, 1.0, 0.0, 0.0, 0.0, 1.0, 0.0, 0.0, 1.0, 0.0, 0.0, 1.0, 0.0, 0.0, 1.0, 1.0, 0.0, 0.0, 0.0, 0.0, 1.0, 0.0, 0.0, 1.0, 0.0, 0.0, 1.0, 0.0, 0.0, [2024-10-14T10:34:22.976851][INFO][seed58] Dropping state 55
1.0]]

[2024-10-14T10:34:22.978487][INFO][seed58] Dropping state 54
[2024-10-14T10:34:22.978525][INFO][seed61] simple_nparents2_nzr04_zdr05_ysize3_61
[2024-10-14T10:34:22.979682][INFO][seed58] Dropping state 41
[2024-10-14T10:34:22.979584][INFO][seed42] Dropping state 37
[2024-10-14T10:34:22.980925][INFO][seed42] Dropping state 31
[2024-10-14T10:34:22.981814][INFO][seed42] Dropping state 28
[2024-10-14T10:34:22.982255][INFO][seed14] Starting logger with seed 14
[2024-10-14T10:34:22.965382][INFO][seed38] Set up logging
[2024-10-14T10:34:22.983095][INFO][seed58] Dropping state 39
[2024-10-14T10:34:22.985324][INFO][seed58] Dropping state 37
[2024-10-14T10:34:22.986657][INFO][seed38] args: -np;2;-nzr;0.4;-zdr;0.5;-o;/mnt/beegfs/rcabanas/dev/credici/papers/zeros/models/s3;-rw;-s;38;-ys;3
[2024-10-14T10:34:22.986971][INFO][seed58] Dropping state 35
[2024-10-14T10:34:22.988513][INFO][seed42] Dropping state 25
[2024-10-14T10:34:22.989137][INFO][seed34] !0 = [4, 5, 6, 7, 9, 12, 13, 14, 16, 17, 22, 23, 25, 26, 29, 36, 39, 41, 44, 46, 51, 53, 57, 59, 60, 64, 66, 68, 69, 71, 75, 77]
[2024-10-14T10:34:22.989896][INFO][seed42] Dropping state 24
[2024-10-14T10:34:22.990096][INFO][seed34] 0 = [0, 1, 2, 3, 8, 10, 11, 15, 18, 19, 20, 21, 24, 27, 28, 30, 31, 32, 33, 34, 35, 37, 38, 40, 42, 43, 45, 47, 48, 49, 50, 52, 54, 55, 56, 58, 61, 62, 63, 65, 67, 70, 72, 73, 74, 76, 78, 79, 80]
[2024-10-14T10:34:22.991003][INFO][seed58] Dropping state 28
[2024-10-14T10:34:22.993848][INFO][seed38] Starting logger with seed 38
[2024-10-14T10:34:22.994631][INFO][seed42] Dropping state 18
[2024-10-14T10:34:22.996416][INFO][seed42] Dropping state 8
[2024-10-14T10:34:22.996528][INFO][seed46] U cardinality: 81
[2024-10-14T10:34:22.997097][INFO][seed42] Dropping state 2
[2024-10-14T10:34:22.993497][INFO][seed58] Dropping state 27
[2024-10-14T10:34:22.994281][INFO][seed58] Dropping state 15
[2024-10-14T10:34:22.998537][INFO][seed58] Dropping state 9
[2024-10-14T10:34:22.999804][INFO][seed42] Dropping state 1
[2024-10-14T10:34:23.000331][INFO][seed14] simple_nparents2_nzr04_zdr05_ysize3_14
[2024-10-14T10:34:23.000585][INFO][seed58] Dropping state 6
[2024-10-14T10:34:23.004298][INFO][seed42] U cardinality: 64
[2024-10-14T10:34:23.004724][INFO][seed34] Dropping state 76
[2024-10-14T10:34:23.005510][INFO][seed58] U cardinality: 63
[2024-10-14T10:34:23.006631][INFO][seed34] Dropping state 74
[2024-10-14T10:34:23.007888][INFO][seed46] !0 = [2, 3, 7, 12, 13, 14, 16, 17, 18, 20, 21, 22, 24, 34, 35, 38, 39, 40, 44, 47, 53, 57, 60, 61, 63, 64, 69, 73, 76, 77, 78, 79]
[2024-10-14T10:34:23.008979][INFO][seed46] 0 = [0, 1, 4, 5, 6, 8, 9, 10, 11, 15, 19, 23, 25, 26, 27, 28, 29, 30, 31, 32, 33, 36, 37, 41, 42, 43, 45, 46, 48, 49, 50, 51, 52, 54, 55, 56, 58, 59, 62, 65, 66, 67, 68, 70, 71, 72, 74, 75, 80]
[2024-10-14T10:34:23.011555][INFO][seed34] Dropping state 73
[2024-10-14T10:34:23.014376][INFO][seed34] Dropping state 70
[2024-10-14T10:34:23.016219][INFO][seed38] simple_nparents2_nzr04_zdr05_ysize3_38
[2024-10-14T10:34:23.016305][INFO][seed42] 
[P([5]) [0.121, 0.879], P([4]) [0.137, 0.863], P([3]) [0.0, 0.001, 0.006, 0.0, 0.001, 0.0, 0.039, 0.001, 0.0, 0.0, 0.0, 0.0, 0.001, 0.001, 0.0, 0.001, 0.001, 0.0, 0.0, 0.0, 0.001, 0.001, 0.0, 0.001, 0.0, 0.001, 0.0, 0.001, 0.001, 0.0, 0.0, 0.027, 0.0, 0.0, 0.0, 0.0, 0.0, 0.0, 0.001, 0.0, 0.001, 0.001, 0.001, 0.0, 0.001, 0.0, 0.0, 0.001, 0.001, 0.001, 0.001, 0.001, 0.0, 0.0, 0.217, 0.001, 0.0, 0.0, 0.001, 0.0, 0.001, 0.0, 0.001, 0.684], P([2, 5]) [1.0, 0.0, 0.0, 1.0], P([1, 4]) [1.0, 0.0, 0.0, 1.0], P([0, 1, 2, 3]) [1.0, 0.0, 0.0, 1.0, 0.0, 0.0, 1.0, 0.0, 0.0, 1.0, 0.0, 0.0, 1.0, 0.0, 0.0, 1.0, 0.0, 0.0, 0.0, 1.0, 0.0, 1.0, 0.0, 0.0, 1.0, 0.0, 0.0, 1.0, 0.0, 0.0, 0.0, 1.0, 0.0, 0.0, 1.0, 0.0, 1.0, 0.0, 0.0, 1.0, 0.0, 0.0, 0.0, 1.0, 0.0, 0.0, 0.0, 1.0, 1.0, 0.0, 0.0, 1.0, 0.0, 0.0, 0.0, 0.0, 1.0, 1.0, 0.0, 0.0, 1.0, 0.0, 0.0, 1.0, 0.0, 0.0, 0.0, 0.0, 1.0, 0.0, 1.0, 0.0, 1.0, 0.0, 0.0, 0.0, 1.0, 0.0, 1.0, 0.0, 0.0, 1.0, 0.0, 0.0, 1.0, 0.0, 0.0, 0.0, 1.0, 0.0, 1.0, 0.0, 0.0, 0.0, 1.0, 0.0, 1.0, 0.0, 0.0, 0.0, 1.0, 0.0, 1.0, 0.0, 0.0, 0.0, 0.0, 1.0, 1.0, 0.0, 0.0, 0.0, 1.0, 0.0, 0.0, 1.0, 0.0, 1.0, 0.0, 0.0, 1.0, 0.0, 0.0, 0.0, 1.0, 0.0, 0.0, 1.0, 0.0, 0.0, 1.0, 0.0, 1.0, 0.0, 0.0, 0.0, 1.0, 0.0, 0.0, 1.0, 0.0, 0.0, 0.0, 1.0, 1.0, 0.0, 0.0, 0.0, 1.0, 0.0, 0.0, 0.0, 1.0, 1.0, 0.0, 0.0, 1.0, 0.0, 0.0, 0.0, 1.0, 0.0, 0.0, 0.0, 1.0, 0.0, 1.0, 0.0, 1.0, 0.0, 0.0, 0.0, 1.0, 0.0, 0.0, 0.0, 1.0, 0.0, 0.0, 1.0, 1.0, 0.0, 0.0, 0.0, 0.0, 1.0, 1.0, 0.0, 0.0, 0.0, 1.0, 0.0, 1.0, 0.0, 0.0, 0.0, 0.0, 1.0, 1.0, 0.0, 0.0, 0.0, 0.0, 1.0, 1.0, 0.0, 0.0, 0.0, 0.0, 1.0, 0.0, 1.0, 0.0, 1.0, 0.0, 0.0, 1.0, 0.0, 0.0, 0.0, 0.0, 1.0, 0.0, 1.0, 0.0, 0.0, 1.0, 0.0, 1.0, 0.0, 0.0, 0.0, 0.0, 1.0, 0.0, 1.0, 0.0, 0.0, 0.0, 1.0, 1.0, 0.0, 0.0, 0.0, 0.0, 1.0, 0.0, 0.0, 1.0, 0.0, 0.0, 1.0, 0.0, 1.0, 0.0, 1.0, 0.0, 0.0, 1.0, 0.0, 0.0, 1.0, 0.0, 0.0, 0.0, 1.0, 0.0, 1.0, 0.0, 0.0, 1.0, 0.0, 0.0, 0.0, 0.0, 1.0, 0.0, 1.0, 0.0, 1.0, 0.0, 0.0, 0.0, 1.0, 0.0, 1.0, 0.0, 0.0, 0.0, 1.0, 0.0, 1.0, 0.0, 0.0, 0.0, 1.0, 0.0, 0.0, 0.0, 1.0, 0.0, 1.0, 0.0, 1.0, 0.0, 0.0, 0.0, 0.0, 1.0, 1.0, 0.0, 0.0, 0.0, 1.0, 0.0, 1.0, 0.0, 0.0, 0.0, 0.0, 1.0, 0.0, 1.0, 0.0, 0.0, 1.0, 0.0, 1.0, 0.0, 0.0, 0.0, 0.0, 1.0, 0.0, 0.0, 1.0, 0.0, 1.0, 0.0, 0.0, 1.0, 0.0, 1.0, 0.0, 0.0, 1.0, 0.0, 0.0, 0.0, 1.0, 0.0, 0.0, 1.0, 0.0, 1.0, 0.0, 0.0, 0.0, 0.0, 1.0, 0.0, 1.0, 0.0, 0.0, 1.0, 0.0, 0.0, 1.0, 0.0, 1.0, 0.0, 0.0, 0.0, 1.0, 0.0, 0.0, 1.0, 0.0, 0.0, 1.0, 0.0, 0.0, 1.0, 0.0, 0.0, 1.0, 0.0, 0.0, 1.0, 0.0, 0.0, 1.0, 0.0, 0.0, 0.0, 1.0, 0.0, 1.0, 0.0, 0.0, 1.0, 0.0, 0.0, 0.0, 1.0, 1.0, 0.0, 0.0, 0.0, 1.0, 0.0, 0.0, 1.0, 0.0, 0.0, 0.0, 1.0, 0.0, 1.0, 0.0, 0.0, 1.0, 0.0, 0.0, 1.0, 0.0, 0.0, 0.0, 1.0, 0.0, 0.0, 1.0, 0.0, 1.0, 0.0, 0.0, 0.0, 1.0, 1.0, 0.0, 0.0, 0.0, 1.0, 0.0, 0.0, 1.0, 0.0, 0.0, 0.0, 1.0, 1.0, 0.0, 0.0, 0.0, 0.0, 1.0, 0.0, 1.0, 0.0, 0.0, 0.0, 1.0, 0.0, 1.0, 0.0, 1.0, 0.0, 0.0, 0.0, 1.0, 0.0, 0.0, 0.0, 1.0, 0.0, 1.0, 0.0, 0.0, 0.0, 1.0, 0.0, 1.0, 0.0, 0.0, 0.0, 1.0, 0.0, 0.0, 1.0, 1.0, 0.0, 0.0, 0.0, 1.0, 0.0, 0.0, 0.0, 1.0, 0.0, 0.0, 1.0, 0.0, 1.0, 0.0, 0.0, 1.0, 0.0, 0.0, 0.0, 1.0, 0.0, 0.0, 1.0, 0.0, 0.0, 1.0, 0.0, 0.0, 1.0, 1.0, 0.0, 0.0, 1.0, 0.0, 0.0, 1.0, 0.0, 0.0, 0.0, 0.0, 1.0, 1.0, 0.0, 0.0, 1.0, 0.0, 0.0, 0.0, 1.0, 0.0, 0.0, 0.0, 1.0, 1.0, 0.0, 0.0, 1.0, 0.0, 0.0, 0.0, 0.0, 1.0, 0.0, 0.0, 1.0, 1.0, 0.0, 0.0, 0.0, 1.0, 0.0, 1.0, 0.0, 0.0, 0.0, 0.0, 1.0, 1.0, 0.0, 0.0, 0.0, 1.0, 0.0, 0.0, 1.0, 0.0, 0.0, 0.0, 1.0, 1.0, 0.0, 0.0, 0.0, 0.0, 1.0, 1.0, 0.0, 0.0, 0.0, 0.0, 1.0, 1.0, 0.0, 0.0, 0.0, 0.0, 1.0, 0.0, 1.0, 0.0, 0.0, 0.0, 1.0, 1.0, 0.0, 0.0, 0.0, 0.0, 1.0, 0.0, 0.0, 1.0, 0.0, 0.0, 1.0, 0.0, 1.0, 0.0, 1.0, 0.0, 0.0, 1.0, 0.0, 0.0, 0.0, 0.0, 1.0, 0.0, 1.0, 0.0, 0.0, 1.0, 0.0, 0.0, 1.0, 0.0, 0.0, 0.0, 1.0, 0.0, 1.0, 0.0, 0.0, 1.0, 0.0, 0.0, 0.0, 1.0, 0.0, 0.0, 1.0, 0.0, 1.0, 0.0, 0.0, 0.0, 1.0, 0.0, 1.0, 0.0, 0.0, 0.0, 1.0, 0.0, 1.0, 0.0, 0.0, 0.0, 1.0, 0.0, 0.0, 1.0, 0.0, 0.0, 1.0, 0.0, 0.0, 1.0, 1.0, 0.0, 0.0, 1.0, 0.0, 0.0, 0.0, 0.0, 1.0, 0.0, 0.0, 1.0, 1.0, 0.0, 0.0, 0.0, 1.0, 0.0, 0.0, 0.0, 1.0, 0.0, 0.0, 1.0, 1.0, 0.0, 0.0, 0.0, 0.0, 1.0, 0.0, 0.0, 1.0, 0.0, 0.0, 1.0, 0.0, 1.0, 0.0, 1.0, 0.0, 0.0, 0.0, 0.0, 1.0, 0.0, 0.0, 1.0, 0.0, 1.0, 0.0, 0.0, 1.0, 0.0, 0.0, 0.0, 1.0, 0.0, 0.0, 1.0, 0.0, 1.0, 0.0, 0.0, 0.0, 1.0, 0.0, 0.0, 1.0, 0.0, 0.0, 1.0, 0.0, 0.0, 1.0, 1.0, 0.0, 0.0, 0.0, 0.0, 1.0, 0.0, 0.0, 1.0, 0.0, 0.0, 1.0, 0.0, 1.0, 0.0]]

[2024-10-14T10:34:23.019444][INFO][seed34] Dropping state 65
[2024-10-14T10:34:23.023046][INFO][seed26] Sampled 1000 data instances
[2024-10-14T10:34:23.023530][INFO][seed26] Starting exact inference 
[2024-10-14T10:34:23.027526][INFO][seed41] U cardinality: 81
[2024-10-14T10:34:23.027495][INFO][seed46] Dropping state 75
[2024-10-14T10:34:22.986931][INFO][seed29] Set up logging
[2024-10-14T10:34:23.029329][INFO][seed29] args: -np;2;-nzr;0.4;-zdr;0.5;-o;/mnt/beegfs/rcabanas/dev/credici/papers/zeros/models/s3;-rw;-s;29;-ys;3
[2024-10-14T10:34:23.029969][INFO][seed46] Dropping state 72
[2024-10-14T10:34:23.032151][INFO][seed46] Dropping state 70
[2024-10-14T10:34:23.035475][INFO][seed46] Dropping state 68
[2024-10-14T10:34:23.030396][INFO][seed34] Dropping state 63
[2024-10-14T10:34:23.034221][INFO][seed34] Dropping state 58
[2024-10-14T10:34:23.036196][INFO][seed34] Dropping state 56
[2024-10-14T10:34:23.036690][INFO][seed58] 
[P([5]) [0.063, 0.937], P([4]) [0.203, 0.797], P([3]) [0.001, 0.0, 0.0, 0.001, 0.0, 0.0, 0.001, 0.0, 0.0, 0.0, 0.001, 0.0, 0.0, 0.0, 0.001, 0.001, 0.002, 0.006, 0.0, 0.001, 0.0, 0.0, 0.009, 0.001, 0.001, 0.0, 0.001, 0.001, 0.001, 0.001, 0.001, 0.001, 0.0, 0.0, 0.001, 0.0, 0.001, 0.0, 0.0, 0.001, 0.006, 0.001, 0.0, 0.001, 0.001, 0.001, 0.0, 0.0, 0.001, 0.001, 0.0, 0.0, 0.001, 0.0, 0.0, 0.0, 0.0, 0.0, 0.001, 0.0, 0.001, 0.0, 0.95], P([2, 5]) [1.0, 0.0, 0.0, 1.0], P([1, 4]) [1.0, 0.0, 0.0, 1.0], P([0, 1, 2, 3]) [1.0, 0.0, 0.0, 1.0, 0.0, 0.0, 1.0, 0.0, 0.0, 1.0, 0.0, 0.0, 1.0, 0.0, 0.0, 1.0, 0.0, 0.0, 1.0, 0.0, 0.0, 0.0, 1.0, 0.0, 1.0, 0.0, 0.0, 1.0, 0.0, 0.0, 1.0, 0.0, 0.0, 0.0, 0.0, 1.0, 1.0, 0.0, 0.0, 1.0, 0.0, 0.0, 0.0, 1.0, 0.0, 1.0, 0.0, 0.0, 1.0, 0.0, 0.0, 1.0, 0.0, 0.0, 0.0, 1.0, 0.0, 0.0, 1.0, 0.0, 1.0, 0.0, 0.0, 1.0, 0.0, 0.0, 0.0, 1.0, 0.0, 0.0, 0.0, 1.0, 1.0, 0.0, 0.0, 1.0, 0.0, 0.0, 0.0, 0.0, 1.0, 0.0, 1.0, 0.0, 1.0, 0.0, 0.0, 1.0, 0.0, 0.0, 0.0, 0.0, 1.0, 0.0, 0.0, 1.0, 1.0, 0.0, 0.0, 0.0, 1.0, 0.0, 1.0, 0.0, 0.0, 0.0, 1.0, 0.0, 1.0, 0.0, 0.0, 0.0, 1.0, 0.0, 1.0, 0.0, 0.0, 0.0, 0.0, 1.0, 1.0, 0.0, 0.0, 0.0, 1.0, 0.0, 0.0, 1.0, 0.0, 1.0, 0.0, 0.0, 1.0, 0.0, 0.0, 0.0, 1.0, 0.0, 0.0, 1.0, 0.0, 0.0, 1.0, 0.0, 1.0, 0.0, 0.0, 0.0, 1.0, 0.0, 0.0, 1.0, 0.0, 0.0, 0.0, 1.0, 1.0, 0.0, 0.0, 0.0, 1.0, 0.0, 0.0, 0.0, 1.0, 0.0, 1.0, 0.0, 1.0, 0.0, 0.0, 0.0, 1.0, 0.0, 0.0, 0.0, 1.0, 0.0, 0.0, 1.0, 1.0, 0.0, 0.0, 0.0, 0.0, 1.0, 1.0, 0.0, 0.0, 1.0, 0.0, 0.0, 1.0, 0.0, 0.0, 0.0, 0.0, 1.0, 1.0, 0.0, 0.0, 0.0, 1.0, 0.0, 1.0, 0.0, 0.0, 0.0, 0.0, 1.0, 1.0, 0.0, 0.0, 0.0, 0.0, 1.0, 1.0, 0.0, 0.0, 0.0, 0.0, 1.0, 0.0, 1.0, 0.0, 1.0, 0.0, 0.0, 1.0, 0.0, 0.0, 0.0, 0.0, 1.0, 0.0, 1.0, 0.0, 0.0, 1.0, 0.0, 1.0, 0.0, 0.0, 0.0, 0.0, 1.0, 0.0, 1.0, 0.0, 0.0, 0.0, 1.0, 1.0, 0.0, 0.0, 0.0, 0.0, 1.0, 0.0, 0.0, 1.0, 1.0, 0.0, 0.0, 1.0, 0.0, 0.0, 0.0, 0.0, 1.0, 0.0, 0.0, 1.0, 0.0, 1.0, 0.0, 1.0, 0.0, 0.0, 0.0, 0.0, 1.0, 0.0, 0.0, 1.0, 0.0, 0.0, 1.0, 0.0, 1.0, 0.0, 1.0, 0.0, 0.0, 1.0, 0.0, 0.0, 0.0, 0.0, 1.0, 0.0, 1.0, 0.0, 1.0, 0.0, 0.0, 0.0, 1.0, 0.0, 1.0, 0.0, 0.0, 0.0, 1.0, 0.0, 1.0, 0.0, 0.0, 0.0, 1.0, 0.0, 0.0, 1.0, 0.0, 0.0, 1.0, 0.0, 1.0, 0.0, 0.0, 0.0, 1.0, 0.0, 0.0, 0.0, 1.0, 0.0, 1.0, 0.0, 1.0, 0.0, 0.0, 0.0, 0.0, 1.0, 1.0, 0.0, 0.0, 0.0, 1.0, 0.0, 1.0, 0.0, 0.0, 0.0, 0.0, 1.0, 0.0, 1.0, 0.0, 0.0, 1.0, 0.0, 0.0, 1.0, 0.0, 1.0, 0.0, 0.0, 1.0, 0.0, 0.0, 0.0, 1.0, 0.0, 0.0, 1.0, 0.0, 1.0, 0.0, 0.0, 0.0, 0.0, 1.0, 0.0, 1.0, 0.0, 0.0, 1.0, 0.0, 0.0, 1.0, 0.0, 0.0, 1.0, 0.0, 0.0, 1.0, 0.0, 0.0, 1.0, 0.0, 0.0, 0.0, 1.0, 1.0, 0.0, 0.0, 0.0, 1.0, 0.0, 0.0, 1.0, 0.0, 0.0, 0.0, 1.0, 0.0, 1.0, 0.0, 0.0, 1.0, 0.0, 0.0, 1.0, 0.0, 0.0, 0.0, 1.0, 0.0, 0.0, 1.0, 0.0, 1.0, 0.0, 0.0, 0.0, 1.0, 1.0, 0.0, 0.0, 1.0, 0.0, 0.0, 0.0, 1.0, 0.0, 0.0, 0.0, 1.0, 1.0, 0.0, 0.0, 0.0, 1.0, 0.0, 0.0, 1.0, 0.0, 0.0, 0.0, 1.0, 1.0, 0.0, 0.0, 0.0, 0.0, 1.0, 0.0, 1.0, 0.0, 0.0, 0.0, 1.0, 0.0, 1.0, 0.0, 1.0, 0.0, 0.0, 0.0, 1.0, 0.0, 0.0, 0.0, 1.0, 0.0, 1.0, 0.0, 0.0, 1.0, 0.0, 0.0, 1.0, 0.0, 0.0, 0.0, 1.0, 0.0, 1.0, 0.0, 0.0, 0.0, 1.0, 0.0, 1.0, 0.0, 0.0, 0.0, 1.0, 0.0, 0.0, 1.0, 1.0, 0.0, 0.0, 0.0, 1.0, 0.0, 0.0, 0.0, 1.0, 0.0, 0.0, 1.0, 0.0, 1.0, 0.0, 0.0, 1.0, 0.0, 0.0, 0.0, 1.0, 0.0, 0.0, 1.0, 0.0, 0.0, 1.0, 0.0, 0.0, 1.0, 1.0, 0.0, 0.0, 1.0, 0.0, 0.0, 0.0, 0.0, 1.0, 0.0, 0.0, 1.0, 1.0, 0.0, 0.0, 0.0, 1.0, 0.0, 1.0, 0.0, 0.0, 0.0, 0.0, 1.0, 1.0, 0.0, 0.0, 0.0, 1.0, 0.0, 0.0, 1.0, 0.0, 0.0, 0.0, 1.0, 1.0, 0.0, 0.0, 0.0, 1.0, 0.0, 0.0, 0.0, 1.0, 0.0, 0.0, 1.0, 1.0, 0.0, 0.0, 0.0, 0.0, 1.0, 0.0, 1.0, 0.0, 0.0, 0.0, 1.0, 1.0, 0.0, 0.0, 0.0, 0.0, 1.0, 0.0, 0.0, 1.0, 0.0, 0.0, 1.0, 0.0, 1.0, 0.0, 1.0, 0.0, 0.0, 1.0, 0.0, 0.0, 0.0, 0.0, 1.0, 0.0, 1.0, 0.0, 1.0, 0.0, 0.0, 0.0, 1.0, 0.0, 0.0, 0.0, 1.0, 0.0, 1.0, 0.0, 1.0, 0.0, 0.0, 0.0, 0.0, 1.0, 0.0, 0.0, 1.0, 0.0, 1.0, 0.0, 0.0, 1.0, 0.0, 0.0, 1.0, 0.0, 0.0, 0.0, 1.0, 0.0, 1.0, 0.0, 0.0, 0.0, 1.0, 1.0, 0.0, 0.0, 0.0, 0.0, 1.0, 0.0, 1.0, 0.0, 0.0, 0.0, 1.0, 0.0, 1.0, 0.0, 0.0, 0.0, 1.0, 0.0, 0.0, 1.0, 1.0, 0.0, 0.0, 0.0, 1.0, 0.0, 0.0, 0.0, 1.0, 0.0, 0.0, 1.0, 1.0, 0.0, 0.0, 0.0, 0.0, 1.0, 0.0, 0.0, 1.0, 0.0, 0.0, 1.0, 0.0, 1.0, 0.0, 0.0, 1.0, 0.0, 0.0, 0.0, 1.0, 0.0, 0.0, 1.0, 0.0, 1.0, 0.0, 0.0, 0.0, 1.0, 0.0, 0.0, 1.0, 0.0, 0.0, 1.0, 0.0, 0.0, 1.0, 0.0, 1.0, 0.0, 0.0, 0.0, 1.0, 0.0, 0.0, 1.0, 0.0, 0.0, 1.0, 0.0, 0.0, 1.0]]

[2024-10-14T10:34:23.039318][INFO][seed29] Starting logger with seed 29
[2024-10-14T10:34:23.040137][INFO][seed34] Dropping state 55
[2024-10-14T10:34:23.040652][INFO][seed46] Dropping state 62
[2024-10-14T10:34:23.041490][INFO][seed34] Dropping state 54
[2024-10-14T10:34:23.042361][INFO][seed34] Dropping state 47
[2024-10-14T10:34:23.044943][INFO][seed34] Dropping state 45
[2024-10-14T10:34:23.046210][INFO][seed34] Dropping state 42
[2024-10-14T10:34:23.048583][INFO][seed34] Dropping state 37
[2024-10-14T10:34:23.050392][INFO][seed34] Dropping state 35
[2024-10-14T10:34:23.051047][INFO][seed34] Dropping state 34
[2024-10-14T10:34:23.054002][INFO][seed34] Dropping state 32
[2024-10-14T10:34:23.052707][INFO][seed41] !0 = [0, 1, 2, 3, 7, 13, 16, 17, 21, 24, 27, 30, 32, 33, 34, 35, 39, 41, 43, 45, 49, 52, 55, 58, 60, 61, 63, 66, 69, 70, 76, 80]
[2024-10-14T10:34:23.053250][INFO][seed46] Dropping state 58
[2024-10-14T10:34:23.054032][INFO][seed41] 0 = [4, 5, 6, 8, 9, 10, 11, 12, 14, 15, 18, 19, 20, 22, 23, 25, 26, 28, 29, 31, 36, 37, 38, 40, 42, 44, 46, 47, 48, 50, 51, 53, 54, 56, 57, 59, 62, 64, 65, 67, 68, 71, 72, 73, 74, 75, 77, 78, 79]
[2024-10-14T10:34:23.055195][INFO][seed34] Dropping state 24
[2024-10-14T10:34:23.057267][INFO][seed29] simple_nparents2_nzr04_zdr05_ysize3_29
[2024-10-14T10:34:23.057615][INFO][seed34] Dropping state 21
[2024-10-14T10:34:23.058258][INFO][seed46] Dropping state 46
[2024-10-14T10:34:23.059291][INFO][seed34] Dropping state 18
[2024-10-14T10:34:23.060396][INFO][seed34] Dropping state 11
[2024-10-14T10:34:23.061136][INFO][seed34] Dropping state 8
[2024-10-14T10:34:23.061542][INFO][seed46] Dropping state 42
[2024-10-14T10:34:23.063175][INFO][seed34] Dropping state 2
[2024-10-14T10:34:23.064093][INFO][seed46] Dropping state 41
[2024-10-14T10:34:23.063944][INFO][seed41] Dropping state 78
[2024-10-14T10:34:23.064774][INFO][seed34] Dropping state 0
[2024-10-14T10:34:23.065562][INFO][seed46] Dropping state 29
[2024-10-14T10:34:23.066423][INFO][seed41] Dropping state 71
[2024-10-14T10:34:23.066578][INFO][seed46] Dropping state 23
[2024-10-14T10:34:23.068534][INFO][seed41] Dropping state 67
[2024-10-14T10:34:23.068407][INFO][seed34] U cardinality: 57
[2024-10-14T10:34:23.070665][INFO][seed46] Dropping state 19
[2024-10-14T10:34:23.072600][INFO][seed41] Dropping state 65
[2024-10-14T10:34:23.073343][INFO][seed46] Dropping state 15
[2024-10-14T10:34:23.075797][INFO][seed46] Dropping state 11
[2024-10-14T10:34:23.077569][INFO][seed46] Dropping state 10
[2024-10-14T10:34:23.078248][INFO][seed46] Dropping state 8
[2024-10-14T10:34:23.081473][INFO][seed46] Dropping state 4
[2024-10-14T10:34:23.081773][INFO][seed34] 
[2024-10-14T10:34:23.082867][INFO][seed41] Dropping state 64
[P([5]) [0.03, 0.97], P([4]) [0.079, 0.921], P([3]) [0.0, 0.0, 0.001, 0.001, 0.001, 0.001, 0.002, 0.0, 0.001, 0.001, 0.001, 0.0, 0.001, 0.001, 0.0, 0.0, 0.001, 0.001, 0.001, 0.001, 0.0, 0.0, 0.001, 0.0, 0.0, 0.0, 0.001, 0.0, 0.001, 0.0, 0.001, 0.0, 0.001, 0.001, 0.0, 0.0, 0.0, 0.001, 0.0, 0.003, 0.001, 0.001, 0.001, 0.0, 0.0, 0.001, 0.001, 0.0, 0.049, 0.001, 0.001, 0.0, 0.001, 0.918, 0.0, 0.0, 0.0], P([2, 5]) [1.0, 0.0, 0.0, 1.0], P([1, 4]) [1.0, 0.0, 0.0, 1.0], P([0, 1, 2, 3]) [1.0, 0.0, 0.0, 1.0, 0.0, 0.0, 1.0, 0.0, 0.0, 0.0, 1.0, 0.0, 1.0, 0.0, 0.0, 1.0, 0.0, 0.0, 0.0, 1.0, 0.0, 1.0, 0.0, 0.0, 1.0, 0.0, 0.0, 1.0, 0.0, 0.0, 0.0, 1.0, 0.0, 0.0, 1.0, 0.0, 1.0, 0.0, 0.0, 1.0, 0.0, 0.0, 0.0, 1.0, 0.0, 0.0, 0.0, 1.0, 1.0, 0.0, 0.0, 1.0, 0.0, 0.0, 0.0, 0.0, 1.0, 1.0, 0.0, 0.0, 1.0, 0.0, 0.0, 1.0, 0.0, 0.0, 0.0, 0.0, 1.0, 0.0, 1.0, 0.0, 1.0, 0.0, 0.0, 0.0, 1.0, 0.0, 1.0, 0.0, 0.0, 1.0, 0.0, 0.0, 1.0, 0.0, 0.0, 0.0, 1.0, 0.0, 1.0, 0.0, 0.0, 0.0, 1.0, 0.0, 1.0, 0.0, 0.0, 0.0, 1.0, 0.0, 0.0, 1.0, 0.0, 1.0, 0.0, 0.0, 1.0, 0.0, 0.0, 0.0, 1.0, 0.0, 0.0, 1.0, 0.0, 0.0, 1.0, 0.0, 1.0, 0.0, 0.0, 0.0, 1.0, 0.0, 0.0, 1.0, 0.0, 0.0, 0.0, 1.0, 1.0, 0.0, 0.0, 0.0, 1.0, 0.0, 0.0, 0.0, 1.0, 1.0, 0.0, 0.0, 1.0, 0.0, 0.0, 0.0, 1.0, 0.0, 0.0, 0.0, 1.0, 0.0, 1.0, 0.0, 1.0, 0.0, 0.0, 0.0, 1.0, 0.0, 0.0, 0.0, 1.0, 0.0, 0.0, 1.0, 1.0, 0.0, 0.0, 0.0, 0.0, 1.0, 1.0, 0.0, 0.0, 0.0, 1.0, 0.0, 1.0, 0.0, 0.0, 0.0, 0.0, 1.0, 1.0, 0.0, 0.0, 0.0, 0.0, 1.0, 1.0, 0.0, 0.0, 0.0, 0.0, 1.0, 0.0, 1.0, 0.0, 0.0, 1.0, 0.0, 1.0, 0.0, 0.0, 0.0, 0.0, 1.0, 0.0, 1.0, 0.0, 0.0, 0.0, 1.0, 1.0, 0.0, 0.0, 0.0, 0.0, 1.0, 0.0, 0.0, 1.0, 0.0, 1.0, 0.0, 1.0, 0.0, 0.0, 0.0, 0.0, 1.0, 0.0, 0.0, 1.0, 0.0, 0.0, 1.0, 0.0, 1.0, 0.0, 1.0, 0.0, 0.0, 1.0, 0.0, 0.0, 1.0, 0.0, 0.0, 0.0, 1.0, 0.0, 1.0, 0.0, 0.0, 1.0, 0.0, 0.0, 0.0, 1.0, 0.0, 0.0, 1.0, 0.0, 1.0, 0.0, 0.0, 1.0, 0.0, 0.0, 0.0, 0.0, 1.0, 0.0, 1.0, 0.0, 1.0, 0.0, 0.0, 0.0, 1.0, 0.0, 1.0, 0.0, 0.0, 0.0, 1.0, 0.0, 1.0, 0.0, 0.0, 0.0, 1.0, 0.0, 0.0, 1.0, 0.0, 0.0, 1.0, 0.0, 1.0, 0.0, 0.0, 0.0, 0.0, 1.0, 1.0, 0.0, 0.0, 0.0, 1.0, 0.0, 0.0, 1.0, 0.0, 1.0, 0.0, 0.0, 1.0, 0.0, 0.0, 0.0, 1.0, 0.0, 0.0, 1.0, 0.0, 1.0, 0.0, 0.0, 0.0, 0.0, 1.0, 0.0, 1.0, 0.0, 0.0, 1.0, 0.0, 0.0, 1.0, 0.0, 1.0, 0.0, 0.0, 0.0, 1.0, 0.0, 0.0, 1.0, 0.0, 0.0, 1.0, 0.0, 0.0, 1.0, 0.0, 0.0, 1.0, 0.0, 0.0, 1.0, 0.0, 0.0, 1.0, 0.0, 0.0, 0.0, 1.0, 0.0, 1.0, 0.0, 0.0, 1.0, 0.0, 0.0, 0.0, 1.0, 0.0, 1.0, 0.0, 0.0, 1.0, 0.0, 0.0, 1.0, 0.0, 0.0, 0.0, 1.0, 0.0, 0.0, 1.0, 0.0, 1.0, 0.0, 0.0, 0.0, 1.0, 1.0, 0.0, 0.0, 0.0, 1.0, 0.0, 0.0, 1.0, 0.0, 0.0, 0.0, 1.0, 0.0, 1.0, 0.0, 1.0, 0.0, 0.0, 0.0, 1.0, 0.0, 0.0, 0.0, 1.0, 0.0, 1.0, 0.0, 0.0, 1.0, 0.0, 0.0, 1.0, 0.0, 0.0, 0.0, 1.0, 0.0, 1.0, 0.0, 0.0, 0.0, 1.0, 0.0, 1.0, 0.0, 0.0, 0.0, 1.0, 0.0, 0.0, 1.0, 1.0, 0.0, 0.0, 0.0, 1.0, 0.0, 0.0, 0.0, 1.0, 0.0, 0.0, 1.0, 0.0, 1.0, 0.0, 0.0, 1.0, 0.0, 0.0, 0.0, 1.0, 0.0, 0.0, 1.0, 0.0, 0.0, 1.0, 0.0, 0.0, 1.0, 1.0, 0.0, 0.0, 0.0, 1.0, 0.0, 1.0, 0.0, 0.0, 0.0, 0.0, 1.0, 1.0, 0.0, 0.0, 0.0, 1.0, 0.0, 0.0, 0.0, 1.0, 0.0, 0.0, 1.0, 1.0, 0.0, 0.0, 0.0, 0.0, 1.0, 1.0, 0.0, 0.0, 0.0, 0.0, 1.0, 1.0, 0.0, 0.0, 0.0, 0.0, 1.0, 0.0, 1.0, 0.0, 0.0, 0.0, 1.0, 1.0, 0.0, 0.0, 0.0, 0.0, 1.0, 0.0, 0.0, 1.0, 0.0, 0.0, 1.0, 0.0, 1.0, 0.0, 1.0, 0.0, 0.0, 0.0, 1.0, 0.0, 0.0, 0.0, 1.0, 0.0, 1.0, 0.0, 0.0, 1.0, 0.0, 1.0, 0.0, 0.0, 0.0, 0.0, 1.0, 0.0, 1.0, 0.0, 0.0, 1.0, 0.0, 0.0, 1.0, 0.0, 0.0, 0.0, 1.0, 0.0, 1.0, 0.0, 0.0, 1.0, 0.0, 0.0, 0.0, 1.0, 0.0, 0.0, 1.0, 0.0, 1.0, 0.0, 0.0, 0.0, 1.0, 1.0, 0.0, 0.0, 0.0, 0.0, 1.0, 0.0, 1.0, 0.0, 0.0, 0.0, 1.0, 0.0, 0.0, 1.0, 0.0, 0.0, 1.0, 0.0, 0.0, 1.0, 1.0, 0.0, 0.0, 1.0, 0.0, 0.0, 0.0, 0.0, 1.0, 0.0, 0.0, 1.0, 0.0, 1.0, 0.0, 1.0, 0.0, 0.0, 0.0, 0.0, 1.0, 0.0, 0.0, 1.0, 0.0, 1.0, 0.0, 0.0, 0.0, 1.0, 0.0, 0.0, 1.0, 0.0, 0.0, 1.0, 0.0, 0.0, 1.0, 1.0, 0.0, 0.0, 0.0, 0.0, 1.0, 0.0, 0.0, 1.0, 0.0, 0.0, 1.0, 0.0, 1.0, 0.0, 0.0, 0.0, 1.0, 0.0, 0.0, 1.0, 0.0, 0.0, 1.0, 0.0, 0.0, 1.0]]

[2024-10-14T10:34:23.082852][INFO][seed46] Dropping state 1
[2024-10-14T10:34:23.086653][INFO][seed48] U cardinality: 81
[2024-10-14T10:34:23.088632][INFO][seed18] Sampled 1000 data instances
[2024-10-14T10:34:23.088778][INFO][seed18] Starting exact inference 
[2024-10-14T10:34:23.090905][INFO][seed46] Dropping state 0
[2024-10-14T10:34:23.092945][INFO][seed37] Sampled 1000 data instances
[2024-10-14T10:34:23.093362][INFO][seed37] Starting exact inference 
[2024-10-14T10:34:23.094422][INFO][seed41] Dropping state 59
[2024-10-14T10:34:23.096275][INFO][seed41] Dropping state 54
[2024-10-14T10:34:23.096325][INFO][seed46] U cardinality: 62
[2024-10-14T10:34:23.096785][INFO][seed48] !0 = [1, 2, 3, 4, 6, 9, 11, 13, 17, 19, 26, 28, 31, 33, 34, 37, 38, 40, 47, 50, 51, 53, 56, 57, 58, 62, 64, 65, 71, 73, 74, 75]
[2024-10-14T10:34:23.098439][INFO][seed48] 0 = [0, 5, 7, 8, 10, 12, 14, 15, 16, 18, 20, 21, 22, 23, 24, 25, 27, 29, 30, 32, 35, 36, 39, 41, 42, 43, 44, 45, 46, 48, 49, 52, 54, 55, 59, 60, 61, 63, 66, 67, 68, 69, 70, 72, 76, 77, 78, 79, 80]
[2024-10-14T10:34:23.101584][INFO][seed41] Dropping state 48
[2024-10-14T10:34:23.103784][INFO][seed41] Dropping state 47
[2024-10-14T10:34:23.107311][INFO][seed41] Dropping state 46
[2024-10-14T10:34:23.108534][INFO][seed41] Dropping state 44
[2024-10-14T10:34:23.110416][INFO][seed48] Dropping state 76
[2024-10-14T10:34:23.111749][INFO][seed46] 
[P([5]) [0.834, 0.166], P([4]) [0.278, 0.722], P([3]) [0.001, 0.001, 0.0, 0.0, 0.001, 0.0, 0.001, 0.001, 0.001, 0.001, 0.001, 0.001, 0.001, 0.001, 0.058, 0.001, 0.0, 0.0, 0.0, 0.0, 0.0, 0.0, 0.0, 0.0, 0.001, 0.284, 0.0, 0.0, 0.001, 0.001, 0.209, 0.0, 0.001, 0.0, 0.001, 0.0, 0.0, 0.0, 0.0, 0.0, 0.002, 0.0, 0.0, 0.0, 0.001, 0.0, 0.001, 0.001, 0.001, 0.001, 0.0, 0.0, 0.0, 0.001, 0.0, 0.001, 0.0, 0.001, 0.007, 0.001, 0.414, 0.0], P([2, 5]) [1.0, 0.0, 0.0, 1.0], P([1, 4]) [1.0, 0.0, 0.0, 1.0], P([0, 1, 2, 3]) [1.0, 0.0, 0.0, 1.0, 0.0, 0.0, 1.0, 0.0, 0.0, 0.0, 0.0, 1.0, 1.0, 0.0, 0.0, 1.0, 0.0, 0.0, 0.0, 1.0, 0.0, 1.0, 0.0, 0.0, 1.0, 0.0, 0.0, 1.0, 0.0, 0.0, 0.0, 1.0, 0.0, 0.0, 0.0, 1.0, 1.0, 0.0, 0.0, 1.0, 0.0, 0.0, 0.0, 0.0, 1.0, 1.0, 0.0, 0.0, 1.0, 0.0, 0.0, 1.0, 0.0, 0.0, 0.0, 0.0, 1.0, 0.0, 1.0, 0.0, 1.0, 0.0, 0.0, 0.0, 1.0, 0.0, 1.0, 0.0, 0.0, 1.0, 0.0, 0.0, 1.0, 0.0, 0.0, 0.0, 1.0, 0.0, 0.0, 1.0, 0.0, 1.0, 0.0, 0.0, 1.0, 0.0, 0.0, 0.0, 1.0, 0.0, 0.0, 1.0, 0.0, 0.0, 1.0, 0.0, 1.0, 0.0, 0.0, 0.0, 1.0, 0.0, 0.0[2024-10-14T10:34:23.112552][INFO][seed41] Dropping state 42
, 1.0, 0.0, 0.0, 0.0, 1.0, 1.0, 0.0, 0.0, 0.0, 1.0, 0.0, 0.0, 0.0, 1.0, 0.0, 1.0, 0.0, 1.0, 0.0, 0.0, 0.0, 1.0, 0.0, 0.0, 0.0, 1.0, 0.0, 0.0, 1.0, 1.0, 0.0, 0.0, 0.0, 0.0, 1.0, 1.0, 0.0, 0.0, 1.0, 0.0, 0.0, 1.0, 0.0, 0.0, 0.0, 0.0, 1.0, 1.0, 0.0, 0.0, 0.0, 0.0, 1.0, 1.0, 0.0, 0.0, 0.0, 0.0, 1.0, 0.0, 1.0, 0.0, 1.0, 0.0, 0.0, 1.0, 0.0, 0.0, 0.0, 0.0, 1.0, 0.0, 1.0, 0.0, 0.0, 1.0, 0.0, 1.0, 0.0, 0.0, 0.0, 0.0, 1.0, 0.0, 0.0, 1.0, 1.0, 0.0, 0.0, 1.0, 0.0, 0.0, 0.0, 0.0, 1.0, 0.0, 0.0, 1.0, 0.0, 1.0, 0.0, 1.0, 0.0, 0.0, 0.0, 0.0, 1.0, 0.0, 0.0, 1.0, 0.0, 0.0, 1.0, 0.0, 1.0, 0.0, 1.0, 0.0, 0.0, 1.0, 0.0, 0.0, 1.0, 0.0, 0.0, 0.0, 1.0, 0.0, 1.0, 0.0, 0.0, 1.0, 0.0, 0.0, 0.0, 1.0, 0.0, 0.0, 1.0, 0.0, 1.0, 0.0, 0.0, 0.0, 1.0, 0.0, 1.0, 0.0, 0.0, 0.0, 1.0, 0.0, 1.0, 0.0, 0.0, 0.0, 1.0, 0.0, 0.0, 1.0, 0.0, 0.0, 1.0, 0.0, 1.0, 0.0, 0.0, 0.0, 1.0, 0.0, 0.0, 0.0, 1.0, 0.0, 1.0, 0.0, 1.0, 0.0, 0.0, 0.0, 0.0, 1.0, 1.0, 0.0, 0.0, 0.0, 1.0, 0.0, 1.0, 0.0, 0.0, 0.0, 0.0, 1.0, 0.0, 1.0, 0.0, 0.0, 1.0, 0.0, 1.0, 0.0, 0.0, 0.0, 0.[2024-10-14T10:34:23.113229][INFO][seed48] Dropping state 72
0, 1.0, 0.0, 0.0, 1.0, 0.0, 1.0, 0.0, 0.0, 1.0, 0.0, 1.0, 0.0, 0.0, 1.0, 0.0, 0.0, 0.0, 1.0, 0.0, 0.0, 1.0, 0.0, 1.0, 0.0, 0.0, 0.0, 1.0, 0.0, 0.0, 1.0, 0.0, 0.0, 1.0, 0.0, 1.0, 0.0, 0.0, 0.0, 0.0, 1.0, 0.0, 1.0, 0.0, 0.0, 1.0, 0.0, 0.0, 1.0, 0.0, 1.0, 0.0, 0.0, 0.0, 1.0, 0.0, 0.0, 1.0, 0.0, 0.0, 1.0, 0.0, 0.0, 1.0, 0.0, 0.0, 1.0, 0.0, 0.0, 1.0, 0.0, 0.0, 0.0, 1.0, 0.0, 1.0, 0.0, 0.0, 1.0, 0.0, 0.0, 1.0, 0.0, 0.0, 0.0, 1.0, 0.0, 0.0, 1.0, 0.0, 1.0, 0.0, 0.0, 0.0, 1.0, 1.0, 0.0, 0.0, 1.0, 0.0, 0.0, 0.0, 1.0, 0.0, 0.0, 0.0, 1.0, 1.0, 0.0, 0.0, 0.0, 0.0, 1.0, 0.0, 1.0, 0.0, 0.0, 0.0, 1.0, 0.0, 1.0, 0.0, 1.0, 0.0, 0.0, 0.0, 1.0, 0.0, 0.0, 0.0, 1.0, 0.0, 1.0, 0.0, 0.0, 1.0, 0.0, 0.0, 1.0, 0.0, 0.0, 0.0, 1.0, 0.0, 1.0, 0.0, 0.0, 0.0, 1.0, 0.0, 1.0, 0.0, 0.0, 0.0, 1.0, 0.0, 0.0, 1.0, 1.0, 0.0, 0.0, 0.0, 1.0, 0.0, 0.0, 0.0, 1.0, 0.0, 0.0, 1.0, 0.0, 1.0, 0.0, 0.0, 1.0, 0.0, 0.0, 0.0, 1.0, 0.0, 0.0, 1.0, 0.0, 0.0, 1.0, 0.0, 0.0, 1.0, 1.0, 0.0, 0.0, 1.0, 0.0, 0.0, 1.0, 0.0, 0.0, 0.0, 0.0, 1.0, 1.0, 0.0, 0.0, 1.0, 0.0, 0.0, 0.0, 1.0, 0.0, 0.0, 0.0, 1.0, 1.0, 0.0, 0.0, 1.0, 0.0, 0.0, 0.0, 0.0, 1.0, 0.0, 0.0, 1.0, 1.0, 0.0, 0.0, 0.0, 1.0, 0.0, 1.0, 0.0, 0.0, 0.0, 0.0, 1.0, 1.0, 0.0, 0.0, 0.0, 1.0, 0.0, 0.0, 0.0, 1.0, 0.0, 0.0, 1.0, 1.0, 0.0, 0.0, 0.0, 0.0, 1.0, 1.0, 0.0, 0.0, 0.0, 0.0, 1.0, 1.0, 0.0, 0.0, 0.0, 0.0, 1.0, 0.0, 1.0, 0.0, 0.0, 0.0, 1.0, 0.0, 1.0, 0.0, 1.0, 0.0, 0.0, 1.0, 0.0, 0.0, 0.0, 0.0, 1.0, 0.0, 1.0, 0.0, 1.0, 0.0, 0.0, 0.0, 1.0, 0.0, 0.0, 0.0, 1.0, 0.0, 1.0, 0.0, 1.0, 0.0, 0.0, 0.0, 0.0, 1.0, 0.0, 0.0, 1.0, 0.0, 1.0, 0.0, 0.0, 1.0, 0.0, 1.0, 0.0, 0.0, 0.0, 0.0, 1.0, 0.0, 1.0, 0.0, 0.0, 1.0, 0.0, 0.0, 1.0, 0.0, 0.0, 0.0, 1.0, 0.0, 1.0, 0.0, 0.0, 0.0, 1.0, 1.0, 0.0, 0.0, 0.0, 0.0, 1.0, 0.0, 1.0, 0.0, 0.0, 0.0, 1.0, 0.0, 0.0, 1.0, 0.0, 0.0, 1.0, 0.0, 0.0, 1.0, 1.0, 0.0, 0.0, 0.0, 1.0, 0.0, 0.0, 0.0, 1.0, 0.0, 0.0, 1.0, 1.0, 0.0, 0.0, 0.0, 0.0, 1.0, 0.0, 0.0, 1.0, 0.0, 0.0, 1.0, 0.0, 1.0, 0.0, 0.0, 1.0, 0.0, 0.0, 0.0, 1.0, 0.0, 0.0, 1.0, 0.0, 1.0, 0.0, 0.0, 0.0, 1.0, 0.0, 0.0, 1.0, 0.0, 0.0, 1.0, 0.0, 0.0, 1.0, 1.0, 0.0, 0.0, 0.0, 0.0, 1.0, 0.0, 0.0, 1.0, 0.0, 0.0, 1.0, 0.0, 1.0, 0.0, 0.0, 0.0, 1.0, 0.0, 0.0, 1.0, 0.0, 0.0, 1.0, 0.0, 0.0, 1.0]]

[2024-10-14T10:34:23.113916][INFO][seed41] Dropping state 40
[2024-10-14T10:34:23.115102][INFO][seed48] Dropping state 68
[2024-10-14T10:34:23.117132][INFO][seed41] Dropping state 37
[2024-10-14T10:34:23.118515][INFO][seed48] Dropping state 66
[2024-10-14T10:34:23.118969][INFO][seed41] Dropping state 36
[2024-10-14T10:34:23.119960][INFO][seed41] Dropping state 31
[2024-10-14T10:34:23.123295][INFO][seed41] Dropping state 28
[2024-10-14T10:34:23.125054][INFO][seed48] Dropping state 63
[2024-10-14T10:34:23.124679][INFO][seed41] Dropping state 20
[2024-10-14T10:34:23.130686][INFO][seed39] Sampled 1000 data instances
[2024-10-14T10:34:23.131180][INFO][seed39] Starting exact inference 
[2024-10-14T10:34:23.131789][INFO][seed41] Dropping state 19
[2024-10-14T10:34:23.133855][INFO][seed41] Dropping state 15
[2024-10-14T10:34:23.135448][INFO][seed48] Dropping state 55
[2024-10-14T10:34:23.136394][INFO][seed41] Dropping state 14
[2024-10-14T10:34:23.137373][INFO][seed41] Dropping state 11
[2024-10-14T10:34:23.139474][INFO][seed41] Dropping state 8
[2024-10-14T10:34:23.139949][INFO][seed48] Dropping state 54
[2024-10-14T10:34:23.141073][INFO][seed41] Dropping state 6
[2024-10-14T10:34:23.142042][INFO][seed48] Dropping state 52
[2024-10-14T10:34:23.142383][INFO][seed41] Dropping state 5
[2024-10-14T10:34:23.144506][INFO][seed48] Dropping state 49
[2024-10-14T10:34:23.145999][INFO][seed48] Dropping state 44
[2024-10-14T10:34:23.147088][INFO][seed48] Dropping state 41
[2024-10-14T10:34:23.147713][INFO][seed41] Dropping state 4
[2024-10-14T10:34:23.147720][INFO][seed5] Sampled 1000 data instances
[2024-10-14T10:34:23.148612][INFO][seed5] Starting exact inference 
[2024-10-14T10:34:23.108713][INFO][seed76] Set up logging
[2024-10-14T10:34:23.150915][INFO][seed76] args: -np;2;-nzr;0.4;-zdr;0.5;-o;/mnt/beegfs/rcabanas/dev/credici/papers/zeros/models/s3;-rw;-s;76;-ys;3
[2024-10-14T10:34:23.151986][INFO][seed48] Dropping state 39
[2024-10-14T10:34:23.152928][INFO][seed41] U cardinality: 55
[2024-10-14T10:34:23.153977][INFO][seed48] Dropping state 36
[2024-10-14T10:34:23.157195][INFO][seed48] Dropping state 35
[2024-10-14T10:34:23.158970][INFO][seed48] Dropping state 25
[2024-10-14T10:34:23.159589][INFO][seed48] Dropping state 20
[2024-10-14T10:34:23.131452][INFO][seed36] Set up logging
[2024-10-14T10:34:23.160619][INFO][seed36] args: -np;2;-nzr;0.4;-zdr;0.5;-o;/mnt/beegfs/rcabanas/dev/credici/papers/zeros/models/s3;-rw;-s;36;-ys;3
[2024-10-14T10:34:23.162615][INFO][seed48] Dropping state 16
[2024-10-14T10:34:23.164716][INFO][seed76] Starting logger with seed 76
[2024-10-14T10:34:23.164425][INFO][seed48] Dropping state 12
[2024-10-14T10:34:23.168595][INFO][seed36] Starting logger with seed 36
[2024-10-14T10:34:23.170292][INFO][seed48] Dropping state 10
[2024-10-14T10:34:23.171892][INFO][seed45] U cardinality: 81
[2024-10-14T10:34:23.172424][INFO][seed48] Dropping state 8
[2024-10-14T10:34:23.173816][INFO][seed48] Dropping state 7
[2024-10-14T10:34:23.174592][INFO][seed48] Dropping state 5
[2024-10-14T10:34:23.176572][INFO][seed48] Dropping state 0
[2024-10-14T10:34:23.179586][INFO][seed41] 
[P([5]) [0.349, 0.651], P([4]) [0.187, 0.813], P([3]) [0.001, 0.001, 0.001, 0.001, 0.001, 0.0, 0.0, 0.0, 0.001, 0.001, 0.001, 0.0, 0.001, 0.0, 0.0, 0.001, 0.0, 0.0, 0.001, 0.0, 0.001, 0.001, 0.001, 0.001, 0.001, 0.0, 0.001, 0.001, 0.001, 0.001, 0.001, 0.0, 0.0, 0.001, 0.0, 0.001, 0.0, 0.0, 0.001, 0.001, 0.001, 0.0, 0.001, 0.036, 0.0, 0.001, 0.001, 0.0, 0.0, 0.0, 0.0, 0.001, 0.0, 0.0, 0.934], P([2, 5]) [1.0, 0.0, 0.0, 1.0], P([1, 4]) [1.0, 0.0, 0.0, 1.0], P([0, 1, 2, 3]) [1.0, 0.0, 0.0, 1.0, 0.0, 0.0, 1.0, 0.0, 0.0, 1.0, 0.0, 0.0, 1.0, 0.0, 0.0, 1.0, 0.0, 0.0, 1.0, 0.0, 0.0, 0.0, 1.0, 0.0, 1.0, 0.0, 0.0, 1.0, 0.0, 0.0, 1.0, 0.0, 0.0, 0.0, 0.0, 1.0, 1.0, 0.0, 0.0, 1.0, 0.0, 0.0, 0.0, 1.0, 0.0, 1.0, 0.0, 0.0, 1.0, 0.0, 0.0, 1.0, 0.0, 0.0, 0.0, 0.0, 1.0, 0.0, 1.0, 0.0, 1.0, 0.0, 0.0, 0.0, 1.0, 0.0, 1.0, 0.0, 0.0, 1.0, 0.0, 0.0, 1.0, 0.0, 0.0, 0.0, 1.0, 0.0, 1.0, 0.0, 0.0, 0.0, 1.0, 0.0, 1.0, 0.0, 0.0, 0.0, 1.0, 0.0, 0.0, 1.0, 0.0, 1.0, 0.0, 0.0, 1.0, 0.0, 0.0, 0.0, 1.0, 0.0, 0.0, 1.0, 0.0, 0.0, 1.0, 0.0, 1.0, 0.0, 0.0, 0.0, 1.0, 0.0, 0.0, 0.0, 1.0, 0.0, 1.0, 0.0, 1.0, 0.0, 0.0, 0.0, 1.0, 0.0, 0.0, 0.0, 1.0, 0.0, 0.0, 1.0, 1.0, 0.0, 0.0, 0.0, 0.0, 1.0, 1.0, 0.0, 0.0, 1.0, 0.0, 0.0, 1.0, 0.0, 0.0, 0.0, 0.0, 1.0, 0.0, 1.0, 0.0, 1.0, 0.0, 0.0, 1.0, 0.0, 0.0, 0.0, 0.0, 1.0, 0.0, 1.0, 0.0, 0.0, 1.0, 0.0, 1.0, 0.0, 0.0, 0.0, 0.0, 1.0, 0.0, 1.0, 0.0, 0.0, 0.0, 1.0, 1.0, 0.0, 0.0, 0.0, 0.0, 1.0, 0.0, 0.0, 1.0, 1.0, 0.0, 0.0, 1.0, 0.0, 0.0, 0.0, 0.0, 1.0, 0.0, 0.0, 1.0, 0.0, 1.0, 0.0, 1.0, 0.0, 0.0, 0.0, 0.0, 1.0, 0.0, 0.0, 1.0, 0.0, 0.0, 1.0, 0.0, 1.0, 0.0, 1.0, 0.0, 0.0, 1.0, 0.0, 0.0, 1.0, 0.0, 0.0, 0.0, 1.0, 0.0, 1.0, 0.0, 0.0, 1.0, 0.0, 0.0, 0.0, 0.0, 1.0, 0.0, 1.0, 0.0, 1.0, 0.0, 0.0, 0.0, 1.0, 0.0, 1.0, 0.0, 0.0, 0.0, 1.0, 0.0, 1.0, 0.0, 0.0, 0.0, 1.0, 0.0, 0.0, 0.0, 1.0, 0.0, 1.0, 0.0, 1.0, 0.0, 0.0, 0.0, 0.0, 1.0, 1.0, 0.0, 0.0, 0.0, 1.0, 0.0, 1.0, 0.0, 0.0, 0.0, 0.0, 1.0, 0.0, 1.0, 0.0, 0.0, 1.0, 0.0, 1.0, 0.0, 0.0, 0.0, 0.0, 1.0, 0.0, 0.0, 1.0, 0.0, 1.0, 0.0, 0.0, 1.0, 0.0, 1.0, 0.0, 0.0, 0.0, 0.0, 1.0, 0.0, 1.0, 0.0, 0.0, 1.0, 0.0, 0.0, 1.0, 0.0, 1.0, 0.0, 0.0, 0.0, 1.0, 0.0, 0.0, 1.0, 0.0, 0.0, 1.0, 0.0, 0.0, 0.0, 1.0, 0.0, 1.0, 0.0, 0.0, 1.0, 0.0, 0.0, 0.0, 1.0, 0.0, 1.0, 0.0, 0.0, 1.0, 0.0, 0.0, 0.0, 1.0, 1.0, 0.0, 0.0, 1.0, 0.0, 0.0, 0.0, 1.0, 0.0, 0.0, 0.0, 1.0, 0.0, 1.0, 0.0, 0.0, 1.0, 0.0, 0.0, 1.0, 0.0, 0.0, 0.0, 1.0, 0.0, 1.0, 0.0, 0.0, 0.0, 1.0, 0.0, 1.0, 0.0, 0.0, 0.0, 1.0, 0.0, 0.0, 1.0, 1.0, 0.0, 0.0, 0.0, 1.0, 0.0, 0.0, 0.0, 1.0, 0.0, 0.0, 1.0, 0.0, 1.0, 0.0, 0.0, 1.0, 0.0, 0.0, 0.0, 1.0, 0.0, 0.0, 1.0, 0.0, 0.0, 1.0, 0.0, 0.0, 1.0, 1.0, 0.0, 0.0, 1.0, 0.0, 0.0, 0.0, 1.0, 0.0, 0.0, 0.0, 1.0, 1.0, 0.0, 0.0, 1.0, 0.0, 0.0, 0.0, 0.0, 1.0, 0.0, 0.0, 1.0, 1.0, 0.0, 0.0, 0.0, 1.0, 0.0, 1.0, 0.0, 0.0, 0.0, 0.0, 1.0, 1.0, 0.0, 0.0, 0.0, 1.0, 0.0, 0.0, 1.0, 0.0, 0.0, 0.0, 1.0, 1.0, 0.0, 0.0, 0.0, 0.0, 1.0, 1.0, 0.0, 0.0, 0.0, 0.0, 1.0, 1.0, 0.0, 0.0, 0.0, 0.0, 1.0, 0.0, 1.0, 0.0, 0.0, 0.0, 1.0, 1.0, 0.0, 0.0, 0.0, 0.0, 1.0, 0.0, 0.0, 1.0, 0.0, 0.0, 1.0, 0.0, 1.0, 0.0, 1.0, 0.0, 0.0, 1.0, 0.0, 0.0, 0.0, 0.0, 1.0, 0.0, 1.0, 0.0, 0.0, 1.0, 0.0, 1.0, 0.0, 0.0, 0.0, 0.0, 1.0, 0.0, 1.0, 0.0, 0.0, 1.0, 0.0, 0.0, 0.0, 1.0, 0.0, 0.0, 1.0, 0.0, 1.0, 0.0, 0.0, 0.0, 1.0, 1.0, 0.0, 0.0, 0.0, 0.0, 1.0, 0.0, 1.0, 0.0, 0.0, 0.0, 1.0, 0.0, 1.0, 0.0, 0.0, 0.0, 1.0, 0.0, 0.0, 1.0, 1.0, 0.0, 0.0, 1.0, 0.0, 0.0, 0.0, 0.0, 1.0, 0.0, 0.0, 1.0, 1.0, 0.0, 0.0, 0.0, 1.0, 0.0, 0.0, 0.0, 1.0, 0.0, 0.0, 1.0, 1.0, 0.0, 0.0, 0.0, 0.0, 1.0, 0.0, 0.0, 1.0, 0.0, 0.0, 1.0, 0.0, 1.0, 0.0, 1.0, 0.0, 0.0, 0.0, 0.0, 1.0, 0.0, 0.0, 1.0, 0.0, 1.0, 0.0, 0.0, 1.0, 0.0, 0.0, 0.0, 1.0, 0.0, 0.0, 1.0, 0.0, 1.0, 0.0, 0.0, 0.0, 1.0, 0.0, 0.0, 1.0, 0.0, 0.0, 1.0, 0.0, 0.0, 1.0, 0.0, 1.0, 0.0, 0.0, 0.0, 1.0, 0.0, 0.0, 1.0, 0.0, 0.0, 1.0, 0.0, 0.0, 1.0]]

[2024-10-14T10:34:23.181843][INFO][seed45] !0 = [3, 6, 7, 9, 18, 19, 21, 22, 23, 25, 28, 32, 35, 36, 37, 40, 41, 42, 45, 48, 52, 58, 60, 64, 65, 66, 67, 68, 75, 77, 78, 80]
[2024-10-14T10:34:23.183132][INFO][seed45] 0 = [0, 1, 2, 4, 5, 8, 10, 11, 12, 13, 14, 15, 16, 17, 20, 24, 26, 27, 29, 30, 31, 33, 34, 38, 39, 43, 44, 46, 47, 49, 50, 51, 53, 54, 55, 56, 57, 59, 61, 62, 63, 69, 70, 71, 72, 73, 74, 76, 79]
[2024-10-14T10:34:23.183986][INFO][seed48] U cardinality: 58
[2024-10-14T10:34:23.187131][INFO][seed76] simple_nparents2_nzr04_zdr05_ysize3_76
[2024-10-14T10:34:23.187786][INFO][seed36] simple_nparents2_nzr04_zdr05_ysize3_36
[2024-10-14T10:34:23.202886][INFO][seed50] Sampled 1000 data instances
[2024-10-14T10:34:23.202991][INFO][seed50] Starting exact inference 
[2024-10-14T10:34:23.205185][INFO][seed43] U cardinality: 81
[2024-10-14T10:34:23.206913][INFO][seed45] Dropping state 79
[2024-10-14T10:34:23.208505][INFO][seed45] Dropping state 76
[2024-10-14T10:34:23.209836][INFO][seed45] Dropping state 72
[2024-10-14T10:34:23.213147][INFO][seed45] Dropping state 70
[2024-10-14T10:34:23.219377][INFO][seed45] Dropping state 63
[2024-10-14T10:34:23.222517][INFO][seed43] !0 = [3, 4, 5, 6, 10, 11, 23, 26, 27, 28, 29, 32, 33, 34, 41, 45, 47, 50, 52, 53, 54, 56, 61, 63, 64, 67, 69, 70, 71, 73, 75, 79]
[2024-10-14T10:34:23.224092][INFO][seed43] 0 = [0, 1, 2, 7, 8, 9, 12, 13, 14, 15, 16, 17, 18, 19, 20, 21, 22, 24, 25, 30, 31, 35, 36, 37, 38, 39, 40, 42, 43, 44, 46, 48, 49, 51, 55, 57, 58, 59, 60, 62, 65, 66, 68, 72, 74, 76, 77, 78, 80]
[2024-10-14T10:34:23.227723][INFO][seed48] 
[P([5]) [0.259, 0.741], P([4]) [0.698, 0.302], P([3]) [0.001, 0.001, 0.001, 0.001, 0.001, 0.001, 0.001, 0.001, 0.0, 0.0, 0.001, 0.0, 0.001, 0.0, 0.0, 0.0, 0.0, 0.001, 0.0, 0.876, 0.0, 0.0, 0.001, 0.0, 0.001, 0.001, 0.001, 0.001, 0.001, 0.0, 0.0, 0.0, 0.0, 0.001, 0.0, 0.001, 0.001, 0.001, 0.001, 0.001, 0.001, 0.0, 0.0, 0.0, 0.001, 0.001, 0.001, 0.0, 0.0, 0.0, 0.001, 0.001, 0.001, 0.094, 0.0, 0.0, 0.0, 0.0], P([2, 5]) [1.0, 0.0, 0.0, 1.0], P([1, 4]) [1.0, 0.0, 0.0, 1.0], P([0, 1, 2, 3]) [1.0, 0.0, 0.0, 1.0, 0.0, 0.0, 1.0, 0.0, 0.0, 0.0, 1.0, 0.0, 1.0, 0.0, 0.0, 1.0, 0.0, 0.0, 1.0, 0.0, 0.0, 0.0, 0.0, 1.0, 1.0, 0.0, 0.0, 1.0, 0.0, 0.0, 0.0, 1.0, 0.0, 1.0, 0.0, 0.0, 1.0, 0.0, 0.0, 1.0, 0.0, 0.0, 0.0, 1.0, 0.0, 0.0, 1.0, 0.0, 1.0, 0.0, 0.0, 1.0, 0.0, 0.0, 0.0, 0.0, 1.0, 1.0, 0.0, 0.0, 1.0, 0.0, 0.0, 0.0, 1.0, 0.0, 1.0, 0.0, 0.0, 1.0, 0.0, 0.0, 1.0, 0.0, 0.0, 0.0, 1.0, 0.0, 1.0, 0.0, 0.0, 0.0, 0.0, 1.0, 1.0, 0.0, 0.0, 0.0, 1.0, 0.0, 0.0, 1.0, 0.0, 0.0, 1.0, 0.0, 1.0, 0.0, 0.0, 0.0, 1.0, 0.0, 0.0, 1.0, 0.0, 0.0, 0.0, 1.0, 1.0, 0.0, 0.0, 0.0, 1.0, 0.0, 0.0, 0.0, 1.0, 1.0, 0.0, 0.0, 1.0, 0.0, 0.0, 0.0, 1.0, 0.0, 0.0, 0.0, 1.0, 0.0, 0.0, 1.0, 1.0, 0.0, 0.0, 0.0, 0.0, 1.0, 1.0, 0.0, 0.0, 1.0, 0.0, 0.0, 1.0, 0.0, 0.0, 0.0, 0.0, 1.0, 1.0, 0.0, 0.0, 0.0, 1.0, 0.0, 1.0, 0.0, 0.0, 0.0, 0.0, 1.0, 0.0, 1.0, 0.0, 1.0, 0.0, 0.0, 1.0, 0.0, 0.0, 0.0, 0.0, 1.0, 0.0, 1.0, 0.0, 0.0, 1.0, 0.0, 1.0, 0.0, 0.0, 0.0, 0.0, 1.0, 0.0, 1.0, 0.0, 0.0, 0.0, 1.0, 1.0, 0.0, 0.0, 0.0, 0.0, 1.0, 0.0, 0.0, 1.0, 1.0, 0.0, 0.0, 1.0, 0.0, 0.0, 0.0, 0.0, 1.0, 0.0, 0.0, 1.0, 0.0, 0.0, 1.0, 0.0, 1.0, 0.0, 1.0, 0.0, 0.0, 1.0, 0.0, 0.0, 1.0, 0.0, 0.0, 0.0, 1.0, 0.0, 1.0, 0.0, 0.0, 1.0, 0.0, 0.0, 0.0, 1.0, 0.0, 0.0, 1.0, 0.0, 1.0, 0.0, 0.0, 1.0, 0.0, 0.0, 0.0, 0.0, 1.0, 0.0, 1.0, 0.0, 1.0, 0.0, 0.0, 0.0, 1.0, 0.0, 1.0, 0.0, 0.0, 0.0, 1.0, 0.0, 1.0, 0.0, 0.0, 0.0, 1.0, 0.0, 0.0, 1.0, 0.0, 0.0, 1.0, 0.0, 1.0, 0.0, 0.0, 0.0, 1.0, 0.0, 0.0, 0.0, 1.0, 0.0, 1.0, 0.0, 1.0, 0.0, 0.0, 0.0, 0.0, 1.0, 1.0, 0.0, 0.0, 0.0, 1.0, 0.0, 1.0, 0.0, 0.0, 0.0, 0.0, 1.0, 0.0, 1.0, 0.0, 0.0, 1.0, 0.0, 0.0, 1.0, 0.0, 1.0, 0.0, 0.0, 0.0, 1.0, 0.0, 0.0, 1.0, 0.0, 0.0, 1.0, 0.0, 1.0, 0.0, 0.0, 0.0, 0.0, 1.0, 0.0, 1.0, 0.0, 0.0, 1.0, 0.0, 0.0, 1.0, 0.0, 0.0, 1.0, 0.0, 0.0, 1.0, 0.0, 0.0, 1.0, 0.0, 0.0, 0.0, 1.0, 1.0, 0.0, 0.0, 0.0, 1.0, 0.0, 0.0, 1.0, 0.0, 0.0, 0.0, 1.0, 0.0, 1.0, 0.0, 0.0, 1.0, 0.0, 0.0, 0.0, 1.0, 1.0, 0.0, 0.0, 1.0, 0.0, 0.0, 0.0, 1.0, 0.0, 0.0, 0.0, 1.0, 1.0, 0.0, 0.0, 0.0, 1.0, 0.0, 0.0, 1.0, 0.0, 0.0, 0.0, 1.0, 1.0, 0.0, 0.0, 0.0, 0.0, 1.0, 0.0, 1.0, 0.0, 0.0, 0.0, 1.0, 0.0, 1.0, 0.0, 1.0, 0.0, 0.0, 0.0, 1.0, 0.0, 0.0, 0.0, 1.0, 0.0, 1.0, 0.0, 0.0, 0.0, 1.0, 0.0, 1.0, 0.0, 0.0, 0.0, 1.0, 0.0, 0.0, 1.0, 1.0, 0.0, 0.0, 0.0, 1.0, 0.0, 0.0, 0.0, 1.0, 0.0, 0.0, 1.0, 0.0, 0.0, 1.0, 0.0, 0.0, 1.0, 1.0, 0.0, 0.0, 1.0, 0.0, 0.0, 0.0, 0.0, 1.0, 0.0, 0.0, 1.0, 1.0, 0.0, 0.0, 0.0, 1.0, 0.0, 1.0, 0.0, 0.0, 0.0, 0.0, 1.0, 1.0, 0.0, 0.0, 0.0, 1.0, 0.0, 0.0, 1.0, 0.0, 0.0, 0.0, 1.0, 1.0, 0.0, 0.0, 0.0, 1.0, 0.0, 0.0, 0.0, 1.0, 0.0, 0.0, 1.0, 1.0, 0.0, 0.0, 0.0, 0.0, 1.0, 1.0, 0.0, 0.0, 0.0, 0.0, 1.0, 1.0, 0.0, 0.0, 0.0, 0.0, 1.0, 0.0, 1.0, 0.0, 0.0, 0.0, 1.0, 1.0, 0.0, 0.0, 0.0, 0.0, 1.0, 0.0, 0.0, 1.0, 0.0, 0.0, 1.0, 0.0, 1.0, 0.0, 1.0, 0.0, 0.0, 0.0, 1.0, 0.0, 0.0, 0.0, 1.0, 0.0, 1.0, 0.0, 1.0, 0.0, 0.0, 0.0, 0.0, 1.0, 0.0, 0.0, 1.0, 0.0, 1.0, 0.0, 0.0, 1.0, 0.0, 0.0, 1.0, 0.0, 0.0, 0.0, 1.0, 0.0, 1.0, 0.0, 0.0, 0.0, 1.0, 1.0, 0.0, 0.0, 0.0, 0.0, 1.0, 0.0, 1.0, 0.0, 0.0, 0.0, 1.0, 0.0, 1.0, 0.0, 0.0, 0.0, 1.0, 0.0, 1.0, 0.0, 0.0, 0.0, 1.0, 0.0, 0.0, 1.0, 0.0, 0.0, 1.0, 0.0, 0.0, 1.0, 1.0, 0.0, 0.0, 0.0, 1.0, 0.0, 0.0, 0.0, 1.0, 0.0, 0.0, 1.0, 1.0, 0.0, 0.0, 0.0, 0.0, 1.0, 0.0, 0.0, 1.0, 0.0, 0.0, 1.0, 0.0, 1.0, 0.0, 1.0, 0.0, 0.0, 0.0, 0.0, 1.0, 0.0, 0.0, 1.0, 0.0, 1.0, 0.0, 0.0, 0.0, 1.0, 0.0, 0.0, 1.0, 0.0, 0.0, 1.0, 0.0, 0.0, 1.0, 1.0, 0.0, 0.0, 0.0, 0.0, 1.0, 0.0, 0.0, 1.0, 0.0, 0.0, 1.0, 0.0, 1.0, 0.0, 0.0, 0.0, 1.0, 0.0, 0.0, 1.0, 0.0, 0.0, 1.0, 0.0, 0.0, 1.0]]

[2024-10-14T10:34:23.230213][INFO][seed45] Dropping state 61
[2024-10-14T10:34:23.235572][INFO][seed43] Dropping state 80
[2024-10-14T10:34:23.235839][INFO][seed45] Dropping state 59
[2024-10-14T10:34:23.238279][INFO][seed16] Sampled 1000 data instances
[2024-10-14T10:34:23.238725][INFO][seed16] Starting exact inference 
[2024-10-14T10:34:23.238657][INFO][seed43] Dropping state 76
[2024-10-14T10:34:23.238766][INFO][seed45] Dropping state 57
[2024-10-14T10:34:23.240821][INFO][seed43] Dropping state 66
[2024-10-14T10:34:23.241249][INFO][seed45] Dropping state 56
[2024-10-14T10:34:23.242633][INFO][seed45] Dropping state 51
[2024-10-14T10:34:23.243529][INFO][seed45] Dropping state 47
[2024-10-14T10:34:23.244753][INFO][seed43] Dropping state 58
[2024-10-14T10:34:23.246280][INFO][seed15] Sampled 1000 data instances
[2024-10-14T10:34:23.246446][INFO][seed15] Starting exact inference 
[2024-10-14T10:34:23.248935][INFO][seed13] Sampled 1000 data instances
[2024-10-14T10:34:23.249320][INFO][seed13] Starting exact inference 
[2024-10-14T10:34:23.251613][INFO][seed43] Dropping state 57
[2024-10-14T10:34:23.254010][INFO][seed45] Dropping state 44
[2024-10-14T10:34:23.255519][INFO][seed45] Dropping state 43
[2024-10-14T10:34:23.257494][INFO][seed45] Dropping state 33
[2024-10-14T10:34:23.259012][INFO][seed45] Dropping state 26
[2024-10-14T10:34:23.259623][INFO][seed45] Dropping state 24
[2024-10-14T10:34:23.262518][INFO][seed45] Dropping state 16
[2024-10-14T10:34:23.264360][INFO][seed43] Dropping state 44
[2024-10-14T10:34:23.265094][INFO][seed45] Dropping state 15
[2024-10-14T10:34:23.269059][INFO][seed43] Dropping state 43
[2024-10-14T10:34:23.269226][INFO][seed45] Dropping state 14
[2024-10-14T10:34:23.271078][INFO][seed45] Dropping state 12
[2024-10-14T10:34:23.272113][INFO][seed43] Dropping state 42
[2024-10-14T10:34:23.274885][INFO][seed45] Dropping state 10
[2024-10-14T10:34:23.275686][INFO][seed45] Dropping state 4
[2024-10-14T10:34:23.278107][INFO][seed45] Dropping state 0
[2024-10-14T10:34:23.278358][INFO][seed43] Dropping state 39
[2024-10-14T10:34:23.280295][INFO][seed43] Dropping state 36
[2024-10-14T10:34:23.281321][INFO][seed43] Dropping state 35
[2024-10-14T10:34:23.282763][INFO][seed45] U cardinality: 58
[2024-10-14T10:34:23.284008][INFO][seed43] Dropping state 30
[2024-10-14T10:34:23.287183][INFO][seed43] Dropping state 24
[2024-10-14T10:34:23.262974][INFO][seed33] Set up logging
[2024-10-14T10:34:23.291557][INFO][seed33] args: -np;2;-nzr;0.4;-zdr;0.5;-o;/mnt/beegfs/rcabanas/dev/credici/papers/zeros/models/s3;-rw;-s;33;-ys;3
[2024-10-14T10:34:23.298871][INFO][seed43] Dropping state 16
[2024-10-14T10:34:23.298847][INFO][seed45] 
[P([5]) [0.383, 0.617], P([4]) [0.673, 0.327], P([3]) [0.0, 0.0, 0.001, 0.0, 0.001, 0.001, 0.0, 0.001, 0.0, 0.0, 0.0, 0.001, 0.001, 0.0, 0.001, 0.001, 0.001, 0.001, 0.0, 0.001, 0.0, 0.0, 0.0, 0.001, 0.0, 0.001, 0.001, 0.001, 0.0, 0.0, 0.001, 0.001, 0.001, 0.001, 0.0, 0.001, 0.0, 0.0, 0.001, 0.0, 0.0, 0.0, 0.001, 0.001, 0.0, 0.001, 0.001, 0.001, 0.001, 0.003, 0.0, 0.0, 0.0, 0.0, 0.001, 0.001, 0.001, 0.967], P([2, 5]) [1.0, 0.0, 0.0, 1.0], P([1, 4]) [1.0, 0.0, 0.0, 1.0], P([0, 1, 2, 3]) [1.0, 0.0, 0.0, 1.0, 0.0, 0.0, 1.0, 0.0, 0.0, 0.0, 1.0, 0.0, 1.0, 0.0, 0.0, 1.0, 0.0, 0.0, 1.0, 0.0, 0.0, 0.0, 0.0, 1.0, 1.0, 0.0, 0.0, 1.0, 0.0, 0.0, 0.0, 1.0, 0.0, 1.0, 0.0, 0.0, 1.0, 0.0, 0.0, 1.0, 0.0, 0.0, 0.0, 1.0, 0.0, 0.0, 0.0, 1.0, 1.0, 0.0, 0.0, 1.0, 0.0, 0.0, 0.0, 0.0, 1.0, 1.0, 0.0, 0.0, 1.0, 0.0, 0.0, 1.0, 0.0, 0.0, 0.0, 0.0, 1.0, 0.0, 1.0, 0.0, 1.0, 0.0, 0.0, 1.0, 0.0, 0.0, 0.0, 0.0, 1.0, 0.0, 0.0, 1.0, 1.0, 0.0, 0.0, 0.0, 1.0, 0.0, 1.0, 0.0, 0.0, 1.0, 0.0, 0.0, 1.0, 0.0, 0.0, 0.0, 1.0, 0.0, 1.0, 0.0, 0.0, 0.0, 0.0, 1.0, 1.0, 0.0, 0.0, 0.0, 1.0, 0.0, 0.0, 1.0, 0.0, 0.0, 1.0, 0.0, 1.0, 0.0, 0.0, 0.0, 1.0, 0.0, 0.0, 0.0, 1.0, 0.0, 0.0, 1.0, 1.0, 0.0, 0.0, 0.0, 0.0, 1.0, 1.0, 0.0, 0.0, 1.0, 0.0, 0.0, 1.0, 0.0, 0.0, 0.0, 0.0, 1.0, 1.0, 0.0, 0.0, 0.0, 1.0, 0.0, 1.0, 0.0, 0.0, 0.0, 0.0, 1.0, 1.0, 0.0, 0.0, 0.0, 0.0, 1.0, 1.0, 0.0, 0.0, 0.0, 0.0, 1.0, 0.0, 1.0, 0.0, 1.0, 0.0, 0.0, 1.0, 0.0, 0.0, 0.0, 0.0, 1.0, 0.0, 1.0, 0.0, 0.0, 1.0, 0.0, 1.0, 0.0, 0.0, 0.0, 0.0, 1.0, 0.0, 1.0, 0.0, 0.0, 0.0, 1.0, 1.0, 0.0, 0.0, 0.0, 0.0, 1.0, 0.0, 0.0, 1.0, 0.0, 1.0, 0.0, 0.0, 1.0, 0.0, 1.0, 0.0, 0.0, 1.0, 0.0, 0.0, 1.0, 0.0, 0.0, 0.0, 1.0, 0.0, 1.0, 0.0, 0.0, 1.0, 0.0, 0.0, 0.0, 1.0, 0.0, 0.0, 1.0, 0.0, 1.0, 0.0, 0.0, 1.0, 0.0, 0.0, 0.0, 0.0, 1.0, 0.0, 1.0, 0.0, 1.0, 0.0, 0.0, 0.0, 1.0, 0.0, 1.0, 0.0, 0.0, 0.0, 1.0, 0.0, 1.0, 0.0, 0.0, 0.0, 1.0, 0.0, 0.0, 1.0, 0.0, 0.0, 1.0, 0.0, 1.0, 0.0, 0.0, 0.0, 1.0, 0.0, 0.0, 0.0, 1.0, 0.0, 1.0, 0.0, 1.0, 0.0, 0.0, 0.0, 0.0, 1.0, 0.0, 1.0, 0.0, 0.0, 1.0, 0.0, 1.0, 0.0, 0.0, 0.0, 0.0, 1.0, 0.0, 0.0, 1.0, 0.0, 1.0, 0.0, 0.0, 1.0, 0.0, 1.0, 0.0, 0.0, 1.0, 0.0, 0.0, 0.0, 1.0, 0.0, 0.0, 1.0, 0.0, 1.0, 0.0, 0.0, 0.0, 1.0, 0.0, 0.0, 1.0, 0.0, 0.0, 1.0, 0.0, 1.0, 0.0, 0.0, 0.0, 0.0, 1.0, 0.0, 1.0, 0.0, 0.0, 1.0, 0.0, 0.0, 1.0, 0.0, 1.0, 0.0, 0.0, 0.0, 1.0, 0.0, 0.0, 1.0, 0.0, 0.0, 1.0, 0.0, 0.0, 1.0, 0.0, 0.0, 1.0, 0.0, 0.0, 1.0, 0.0, 0.0, 1.0, 0.0, 0.0, 0.0, 1.0, 0.0, 1.0, 0.0, 0.0, 1.0, 0.0, 0.0, 0.0, 1.0, 1.0, 0.0, 0.0, 0.0, 1.0, 0.0, 0.0, 0.0, 1.0, 1.0, 0.0, 0.0, 1.0, 0.0, 0.0, 0.0, 1.0, 0.0, 0.0, 0.0, 1.0, 1.0, 0.0, 0.0, 0.0, 1.0, 0.0, 0.0, 1.0, 0.0, 0.0, 0.0, 1.0, 0.0, 1.0, 0.0, 1.0, 0.0, 0.0, 0.0, 1.0, 0.0, 0.0, 0.0, 1.0, 0.0, 1.0, 0.0, 0.0, 1.0, 0.0, 0.0, 1.0, 0.0, 0.0, 0.0, 1.0, 0.0, 1.0, 0.0, 0.0, 0.0, 1.0, 0.0, 1.0, 0.0, 0.0, 0.0, 1.0, 0.0, 0.0, 1.0, 0.0, 1.0, 0.0, 0.0, 1.0, 0.0, 0.0, 0.0, 1.0, 0.0, 0.0, 1.0, 0.0, 0.0, 1.0, 0.0, 0.0, 1.0, 1.0, 0.0, 0.0, 1.0, 0.0, 0.0, 1.0, 0.0, 0.0, 0.0, 0.0, 1.0, 1.0, 0.0, 0.0, 1.0, 0.0, 0.0, 0.0, 1.0, 0.0, 0.0, 0.0, 1.0, 1.0, 0.0, 0.0, 0.0, 1.0, 0.0, 0.0, 1.0, 0.0, 0.0, 0.0, 1.0, 1.0, 0.0, 0.0, 0.0, 0.0, 1.0, 1.0, 0.0, 0.0, 0.0, 0.0, 1.0, 1.0, 0.0, 0.0, 0.0, 0.0, 1.0, 0.0, 0.0, 1.0, 0.0, 0.0, 1.0, 0.0, 1.0, 0.0, 1.0, 0.0, 0.0, 0.0, 1.0, 0.0, 0.0, 0.0, 1.0, 0.0, 1.0, 0.0, 1.0, 0.0, 0.0, 0.0, 0.0, 1.0, 0.0, 0.0, 1.0, 0.0, 1.0, 0.0, 0.0, 1.0, 0.0, 1.0, 0.0, 0.0, 0.0, 0.0, 1.0, 0.0, 1.0, 0.0, 0.0, 1.0, 0.0, 0.0, 1.0, 0.0, 0.0, 0.0, 1.0, 0.0, 1.0, 0.0, 0.0, 1.0, 0.0, 0.0, 0.0, 1.0, 0.0, 0.0, 1.0, 0.0, 1.0, 0.0, 0.0, 0.0, 1.0, 1.0, 0.0, 0.0, 0.0, 0.0, 1.0, 0.0, 1.0, 0.0, 0.0, 0.0, 1.0, 0.0, 0.0, 1.0, 0.0, 0.0, 1.0, 0.0, 0.0, 1.0, 1.0, 0.0, 0.0, 0.0, 1.0, 0.0, 0.0, 0.0, 1.0, 0.0, 0.0, 1.0, 1.0, 0.0, 0.0, 0.0, 0.0, 1.0, 0.0, 0.0, 1.0, 0.0, 0.0, 1.0, 0.0, 1.0, 0.0, 1.0, 0.0, 0.0, 0.0, 0.0, 1.0, 0.0, 0.0, 1.0, 0.0, 1.0, 0.0, 0.0, 0.0, 1.0, 0.0, 0.0, 1.0, 0.0, 0.0, 1.0, 0.0, 0.0, 1.0, 1.0, 0.0, 0.0, 0.0, 0.0, 1.0, 0.0, 0.0, 1.0, 0.0, 0.0, 1.0, 0.0, 0.0, 1.0]]

[2024-10-14T10:34:23.301338][INFO][seed43] Dropping state 13
[2024-10-14T10:34:23.302150][INFO][seed43] Dropping state 12
[2024-10-14T10:34:23.305564][INFO][seed43] Dropping state 2
[2024-10-14T10:34:23.307050][INFO][seed43] Dropping state 1
[2024-10-14T10:34:23.317226][INFO][seed43] U cardinality: 63
[2024-10-14T10:34:23.324239][INFO][seed30] U cardinality: 81
[2024-10-14T10:34:23.329791][INFO][seed54] U cardinality: 81
[2024-10-14T10:34:23.335356][INFO][seed43] 
[P([5]) [0.064, 0.936], P([4]) [0.228, 0.772], P([3]) [0.0, 0.007, 0.045, 0.001, 0.001, 0.0, 0.0, 0.0, 0.001, 0.001, 0.0, 0.0, 0.0, 0.0, 0.0, 0.0, 0.0, 0.0, 0.001, 0.0, 0.404, 0.001, 0.001, 0.009, 0.0, 0.001, 0.001, 0.001, 0.0, 0.0, 0.0, 0.002, 0.001, 0.0, 0.001, 0.0, 0.0, 0.001, 0.0, 0.001, 0.001, 0.001, 0.0, 0.001, 0.0, 0.0, 0.001, 0.0, 0.001, 0.001, 0.0, 0.001, 0.0, 0.001, 0.001, 0.001, 0.0, 0.001, 0.0, 0.001, 0.0, 0.0, 0.507], P([2, 5]) [1.0, 0.0, 0.0, 1.0], P([1, 4]) [1.0, 0.0, 0.0, 1.0], P([0, 1, 2, 3]) [1.0, 0.0, 0.0, 1.0, 0.0, 0.0, 1.0, 0.0, 0.0, 1.0, 0.0, 0.0, 1.0, 0.0, 0.0, 1.0, 0.0, 0.0, 0.0, 1.0, 0.0, 1.0, 0.0, 0.0, 1.0, 0.0, 0.0, 1.0, 0.0, 0.0, 0.0, 1.0, 0.0, 0.0, 1.0, 0.0, 1.0, 0.0, 0.0, 1.0, 0.0, 0.0, 0.0, 1.0, 0.0, 0.0, 0.0, 1.0, 1.0, 0.0, 0.0, 1.0, 0.0, 0.0, 0.0, 0.0, 1.0, 1.0, 0.0, 0.0, 1.0, 0.0, 0.0, 1.0, 0.0, 0.0, 0.0, 0.0, 1.0, 0.0, 1.0, 0.0, 1.0, 0.0, 0.0, 1.0, 0.0, 0.0, 0.0, 0.0, 1.0, 0.0, 0.0, 1.0, 1.0, 0.0, 0.0, 0.0, 1.0, 0.0, 1.0, 0.0, 0.0, 1.0, 0.0, 0.0, 1.0, 0.0, 0.0, 0.0, 1.0, 0.0, 1.0, 0.0, 0.0, 0.0, 1.0, 0.0, 1.0, 0.0, 0.0, 0.0, 1.0, 0.0, 1.0, 0.0, 0.0, 0.0, 0.0, 1.0, 1.0, 0.0, 0.0, 0.0, 1.0, 0.0, 0.0, 1.0, 0.0, 0.0, 0.0, 1.0, 1.0, 0.0, 0.0, 0.0, 1.0, 0.0, 0.0, 0.0, 1.0, 1.0, 0.0, 0.0, 1.0, 0.0, 0.0, 0.0, 1.0, 0.0, 0.0, 0.0, 1.0, 0.0, 0.0, 1.0, 1.0, 0.0, 0.0, 0.0, 0.0, 1.0, 1.0, 0.0, 0.0, 1.0, 0.0, 0.0, 1.0, 0.0, 0.0, 0.0, 0.0, 1.0, 1.0, 0.0, 0.0, 0.0, 1.0, 0.0, 1.0, 0.0, 0.0, 0.0, 0.0, 1.0, 1.0, 0.0, 0.0, 0.0, 0.0, 1.0, 1.0, 0.0, 0.0, 0.0, 0.0, 1.0, 0.0, 1.0, 0.0, 1.0, 0.0, 0.0, 1.0, 0.0, 0.0, 0.0, 0.0, 1.0, 0.0, 1.0, 0.0, 0.0, 1.0, 0.0, 1.0, 0.0, 0.0, 0.0, 0.0, 1.0, 0.0, 1.0, 0.0, 0.0, 0.0, 1.0, 1.0, 0.0, 0.0, 0.0, 0.0, 1.0, 0.0, 0.0, 1.0, 0.0, 1.0, 0.0, 1.0, 0.0, 0.0, 0.0, 0.0, 1.0, 0.0, 0.0, 1.0, 0.0, 0.0, 1.0, 0.0, 1.0, 0.0, 1.0, 0.0, 0.0, 1.0, 0.0, 0.0, 1.0, 0.0, 0.0, 0.0, 1.0, 0.0, 1.0, 0.0, 0.0, 1.0, 0.0, 0.0, 0.0, 1.0, 0.0, 0.0, 1.0, 0.0, 1.0, 0.0, 0.0, 1.0, 0.0, 0.0, 0.0, 0.0, 1.0, 0.0, 1.0, 0.0, 1.0, 0.0, 0.0, 0.0, 1.0, 0.0, 0.0, 1.0, 0.0, 0.0, 1.0, 0.0, 1.0, 0.0, 0.0, 0.0, 1.0, 0.0, 0.0, 0.0, 1.0, 0.0, 1.0, 0.0, 1.0, 0.0, 0.0, 0.0, 0.0, 1.0, 1.0, 0.0, 0.0, 0.0, 1.0, 0.0, 1.0, 0.0, 0.0, 0.0, 0.0, 1.0, 0.0, 1.0, 0.0, 0.0, 1.0, 0.0, 0.0, 1.0, 0.0, 1.0, 0.0, 0.0, 0.0, 1.0, 0.0, 0.0, 1.0, 0.0, 0.0, 1.0, 0.0, 1.0, 0.0, 0.0, 0.0, 0.0, 1.0, 0.0, 1.0, 0.0, 0.0, 1.0, 0.0, 0.0, 1.0, 0.0, 0.0, 1.0, 0.0, 0.0, 1.0, 0.0, 0.0, 1.0, 0.0, 0.0, 1.0, 0.0, 0.0, 0.0, 1.0, 0.0, 1.0, 0.0, 0.0, 0.0, 1.0, 1.0, 0.0, 0.0, 1.0, 0.0, 0.0, 0.0, 1.0, 0.0, 0.0, 0.0, 1.0, 1.0, 0.0, 0.0, 0.0, 1.0, 0.0, 0.0, 1.0, 0.0, 0.0, 0.0, 1.0, 1.0, 0.0, 0.0, 0.0, 0.0, 1.0, 0.0, 1.0, 0.0, 0.0, 0.0, 1.0, 0.0, 1.0, 0.0, 1.0, 0.0, 0.0, 0.0, 1.0, 0.0, 0.0, 0.0, 1.0, 0.0, 1.0, 0.0, 0.0, 1.0, 0.0, 0.0, 1.0, 0.0, 0.0, 0.0, 1.0, 0.0, 1.0, 0.0, 0.0, 0.0, 1.0, 0.0, 1.0, 0.0, 0.0, 0.0, 1.0, 0.0, 0.0, 1.0, 1.0, 0.0, 0.0, 0.0, 1.0, 0.0, 0.0, 0.0, 1.0, 0.0, 0.0, 1.0, 0.0, 1.0, 0.0, 0.0, 1.0, 0.0, 0.0, 0.0, 1.0, 0.0, 0.0, 1.0, 0.0, 0.0, 1.0, 0.0, 0.0, 1.0, 1.0, 0.0, 0.0, 1.0, 0.0, 0.0, 1.0, 0.0, 0.0, 0.0, 0.0, 1.0, 1.0, 0.0, 0.0, 1.0, 0.0, 0.0, 0.0, 1.0, 0.0, 0.0, 0.0, 1.0, 1.0, 0.0, 0.0, 1.0, 0.0, 0.0, 0.0, 0.0, 1.0, 0.0, 0.0, 1.0, 1.0, 0.0, 0.0, 0.0, 1.0, 0.0, 0.0, 0.0, 1.0, 0.0, 0.0, 1.0, 1.0, 0.0, 0.0, 0.0, 0.0, 1.0, 1.0, 0.0, 0.0, 0.0, 0.0, 1.0, 1.0, 0.0, 0.0, 0.0, 0.0, 1.0, 0.0, 1.0, 0.0, 0.0, 0.0, 1.0, 1.0, 0.0, 0.0, 0.0, 0.0, 1.0, 0.0, 0.0, 1.0, 0.0, 0.0, 1.0, 0.0, 1.0, 0.0, 1.0, 0.0, 0.0, 1.0, 0.0, 0.0, 0.0, 0.0, 1.0, 0.0, 1.0, 0.0, 1.0, 0.0, 0.0, 0.0, 1.0, 0.0, 0.0, 0.0, 1.0, 0.0, 1.0, 0.0, 1.0, 0.0, 0.0, 0.0, 0.0, 1.0, 0.0, 0.0, 1.0, 0.0, 1.0, 0.0, 0.0, 1.0, 0.0, 0.0, 1.0, 0.0, 0.0, 0.0, 1.0, 0.0, 1.0, 0.0, 0.0, 1.0, 0.0, 0.0, 0.0, 1.0, 0.0, 0.0, 1.0, 0.0, 1.0, 0.0, 0.0, 0.0, 1.0, 1.0, 0.0, 0.0, 0.0, 0.0, 1.0, 0.0, 1.0, 0.0, 0.0, 0.0, 1.0, 0.0, 1.0, 0.0, 0.0, 0.0, 1.0, 0.0, 1.0, 0.0, 0.0, 0.0, 1.0, 0.0, 0.0, 1.0, 0.0, 0.0, 1.0, 0.0, 0.0, 1.0, 1.0, 0.0, 0.0, 1.0, 0.0, 0.0, 0.0, 0.0, 1.0, 0.0, 0.0, 1.0, 1.0, 0.0, 0.0, 0.0, 1.0, 0.0, 0.0, 0.0, 1.0, 0.0, 0.0, 1.0, 1.0, 0.0, 0.0, 0.0, 0.0, 1.0, 0.0, 0.0, 1.0, 0.0, 0.0, 1.0, 0.0, 1.0, 0.0, 1.0, 0.0, 0.0, 0.0, 0.0, 1.0, 0.0, 0.0, 1.0, 0.0, 1.0, 0.0, 0.0, 0.0, 1.0, 0.0, 0.0, 1.0, 0.0, 0.0, 1.0, 0.0, 0.0, 1.0, 1.0, 0.0, 0.0, 0.0, 0.0, 1.0, 0.0, 0.0, 1.0, 0.0, 0.0, 1.0, 0.0, 1.0, 0.0]]

[2024-10-14T10:34:23.336863][INFO][seed30] !0 = [0, 4, 7, 9, 10, 11, 12, 14, 16, 17, 18, 20, 22, 29, 31, 34, 36, 38, 40, 44, 51, 52, 55, 57, 58, 62, 66, 67, 71, 73, 76, 77]
[2024-10-14T10:34:23.337846][INFO][seed30] 0 = [1, 2, 3, 5, 6, 8, 13, 15, 19, 21, 23, 24, 25, 26, 27, 28, 30, 32, 33, 35, 37, 39, 41, 42, 43, 45, 46, 47, 48, 49, 50, 53, 54, 56, 59, 60, 61, 63, 64, 65, 68, 69, 70, 72, 74, 75, 78, 79, 80]
[2024-10-14T10:34:23.341035][INFO][seed42] Sampled 1000 data instances
[2024-10-14T10:34:23.341158][INFO][seed42] Starting exact inference 
[2024-10-14T10:34:23.342198][INFO][seed32] Sampled 1000 data instances
[2024-10-14T10:34:23.342755][INFO][seed32] Starting exact inference 
[2024-10-14T10:34:23.346123][INFO][seed54] !0 = [1, 7, 8, 10, 11, 17, 18, 20, 21, 31, 32, 33, 35, 37, 41, 42, 44, 48, 49, 50, 51, 52, 54, 58, 59, 61, 63, 66, 69, 72, 75, 80]
[2024-10-14T10:34:23.346452][INFO][seed30] Dropping state 79
[2024-10-14T10:34:23.348601][INFO][seed54] 0 = [0, 2, 3, 4, 5, 6, 9, 12, 13, 14, 15, 16, 19, 22, 23, 24, 25, 26, 27, 28, 29, 30, 34, 36, 38, 39, 40, 43, 45, 46, 47, 53, 55, 56, 57, 60, 62, 64, 65, 67, 68, 70, 71, 73, 74, 76, 77, 78, 79]
[2024-10-14T10:34:23.349094][INFO][seed30] Dropping state 74
[2024-10-14T10:34:23.351147][INFO][seed30] Dropping state 72
[2024-10-14T10:34:23.354360][INFO][seed30] Dropping state 70
[2024-10-14T10:34:23.359261][INFO][seed30] Dropping state 69
[2024-10-14T10:34:23.368859][INFO][seed30] Dropping state 68
[2024-10-14T10:34:23.374226][INFO][seed54] Dropping state 78
[2024-10-14T10:34:23.374988][INFO][seed30] Dropping state 65
[2024-10-14T10:34:23.375779][INFO][seed54] Dropping state 73
[2024-10-14T10:34:23.377877][INFO][seed30] Dropping state 64
[2024-10-14T10:34:23.380274][INFO][seed30] Dropping state 56
[2024-10-14T10:34:23.381622][INFO][seed30] Dropping state 53
[2024-10-14T10:34:23.346926][INFO][seed22] Set up logging
[2024-10-14T10:34:23.382072][INFO][seed54] Dropping state 68
[2024-10-14T10:34:23.382830][INFO][seed22] args: -np;2;-nzr;0.4;-zdr;0.5;-o;/mnt/beegfs/rcabanas/dev/credici/papers/zeros/models/s3;-rw;-s;22;-ys;3
[2024-10-14T10:34:23.384940][INFO][seed30] Dropping state 46
[2024-10-14T10:34:23.386584][INFO][seed54] Dropping state 64
[2024-10-14T10:34:23.388969][INFO][seed22] Starting logger with seed 22
[2024-10-14T10:34:23.392709][INFO][seed54] Dropping state 62
[2024-10-14T10:34:23.396236][INFO][seed30] Dropping state 45
[2024-10-14T10:34:23.397754][INFO][seed30] Dropping state 42
[2024-10-14T10:34:23.399690][INFO][seed30] Dropping state 39
[2024-10-14T10:34:23.401214][INFO][seed30] Dropping state 37
[2024-10-14T10:34:23.401847][INFO][seed30] Dropping state 35
[2024-10-14T10:34:23.402182][INFO][seed54] Dropping state 57
[2024-10-14T10:34:23.404803][INFO][seed30] Dropping state 33
[2024-10-14T10:34:23.402048][INFO][seed33] Starting logger with seed 33
[2024-10-14T10:34:23.406809][INFO][seed30] Dropping state 26
[2024-10-14T10:34:23.407460][INFO][seed54] Dropping state 56
[2024-10-14T10:34:23.407696][INFO][seed34] Sampled 1000 data instances
[2024-10-14T10:34:23.407819][INFO][seed34] Starting exact inference 
[2024-10-14T10:34:23.410381][INFO][seed54] Dropping state 55
[2024-10-14T10:34:23.412826][INFO][seed54] Dropping state 53
[2024-10-14T10:34:23.413687][INFO][seed30] Dropping state 25
[2024-10-14T10:34:23.416063][INFO][seed30] Dropping state 24
[2024-10-14T10:34:23.417483][INFO][seed30] Dropping state 19
[2024-10-14T10:34:23.417772][INFO][seed54] Dropping state 47
[2024-10-14T10:34:23.417561][INFO][seed33] simple_nparents2_nzr04_zdr05_ysize3_33
[2024-10-14T10:34:23.419161][INFO][seed54] Dropping state 43
[2024-10-14T10:34:23.418144][INFO][seed30] Dropping state 15
[2024-10-14T10:34:23.420565][INFO][seed22] simple_nparents2_nzr04_zdr05_ysize3_22
[2024-10-14T10:34:23.421088][INFO][seed54] Dropping state 38
[2024-10-14T10:34:23.420986][INFO][seed14] U cardinality: 81
[2024-10-14T10:34:23.421667][INFO][seed30] Dropping state 13
[2024-10-14T10:34:23.422499][INFO][seed54] Dropping state 34
[2024-10-14T10:34:23.423632][INFO][seed30] Dropping state 6
[2024-10-14T10:34:23.424981][INFO][seed30] Dropping state 3
[2024-10-14T10:34:23.427503][INFO][seed54] Dropping state 25
[2024-10-14T10:34:23.429261][INFO][seed54] Dropping state 24
[2024-10-14T10:34:23.429603][INFO][seed30] U cardinality: 56
[2024-10-14T10:34:23.429970][INFO][seed54] Dropping state 16
[2024-10-14T10:34:23.433629][INFO][seed14] !0 = [0, 1, 2, 7, 9, 13, 18, 19, 23, 24, 27, 28, 29, 32, 33, 36, 40, 41, 44, 48, 51, 52, 53, 54, 57, 60, 61, 68, 70, 73, 77, 80]
[2024-10-14T10:34:23.434911][INFO][seed14] 0 = [3, 4, 5, 6, 8, 10, 11, 12, 14, 15, 16, 17, 20, 21, 22, 25, 26, 30, 31, 34, 35, 37, 38, 39, 42, 43, 45, 46, 47, 49, 50, 55, 56, 58, 59, 62, 63, 64, 65, 66, 67, 69, 71, 72, 74, 75, 76, 78, 79]
[2024-10-14T10:34:23.436751][INFO][seed54] Dropping state 15
[2024-10-14T10:34:23.438383][INFO][seed54] Dropping state 14
[2024-10-14T10:34:23.441472][INFO][seed54] Dropping state 12
[2024-10-14T10:34:23.443608][INFO][seed14] Dropping state 74
[2024-10-14T10:34:23.445544][INFO][seed14] Dropping state 72
[2024-10-14T10:34:23.447204][INFO][seed54] Dropping state 6
[2024-10-14T10:34:23.447182][INFO][seed61] U cardinality: 81
[2024-10-14T10:34:23.448900][INFO][seed54] Dropping state 5
[2024-10-14T10:34:23.449065][INFO][seed14] Dropping state 69
[2024-10-14T10:34:23.449809][INFO][seed54] Dropping state 3
[2024-10-14T10:34:23.452466][INFO][seed14] Dropping state 67
[2024-10-14T10:34:23.452798][INFO][seed30] 
[P([5]) [0.603, 0.397], P([4]) [0.261, 0.739], P([3]) [0.002, 0.0, 0.0, 0.001, 0.0, 0.001, 0.0, 0.001, 0.001, 0.001, 0.001, 0.001, 0.001, 0.001, 0.001, 0.001, 0.0, 0.001, 0.0, 0.0, 0.0, 0.001, 0.0, 0.001, 0.0, 0.001, 0.001, 0.009, 0.001, 0.0, 0.0, 0.001, 0.0, 0.0, 0.0, 0.0, 0.349, 0.001, 0.0, 0.001, 0.001, 0.001, 0.0, 0.0, 0.0, 0.001, 0.0, 0.001, 0.105, 0.001, 0.001, 0.0, 0.001, 0.508, 0.0, 0.0], P([2, 5]) [1.0, 0.0, 0.0, 1.0], P([1, 4]) [1.0, 0.0, 0.0, 1.0], P([0, 1, 2, 3]) [1.0, 0.0, 0.0, 1.0, 0.0, 0.0, 1.0, 0.0, 0.0, 1.0, 0.0, 0.0, 1.0, 0.0, 0.0, 1.0, 0.0, 0.0, 1.0, 0.0, 0.0, 0.0, 1.0, 0.0, 1.0, 0.0, 0.0, 1.0, 0.0, 0.0, 1.0, 0.0, 0.0, 0.0, 0.0, 1.0, 1.0, 0.0, 0.0, 1.0, 0.0, 0.0, 0.0, 1.0, 0.0, 0.0, 1.0, 0.0, 1.0, 0.0, 0.0, 1.0, 0.0, 0.0, 0.0, 1.0, 0.0, 0.0, 0.0, 1.0, 1.0, 0.0, 0.0, 1.0, 0.0, 0.0, 0.0, 0.0, 1.0, 0.0, 1.0, 0.0, 1.0, 0.0, 0.0, 1.0, 0.0, 0.0, 0.0, 0.0, 1.0, 0.0, 0.0, 1.0, 1.0, 0.0, 0.0, 0.0, 1.0, 0.0, 1.0, 0.0, 0.0, 1.0, 0.0, 0.0, 1.0, 0.0, 0.0, 0.0, 1.0, 0.0, 1.0, 0.0, 0.0, 0.0, 1.0, 0.0, 1.0[2024-10-14T10:34:23.453503][INFO][seed54] Dropping state 2
, 0.0, 0.0, 0.0, 1.0, 0.0, 1.0, 0.0, 0.0, 0.0, 0.0, 1.0, 1.0, 0.0, 0.0, 0.0, 1.0, 0.0, 0.0, 1.0, 0.0, 1.0, 0.0, 0.0, 1.0, 0.0, 0.0, 0.0, 1.0, 0.0, 0.0, 1.0, 0.0, 0.0, 0.0, 1.0, 1.0, 0.0, 0.0, 0.0, 1.0, 0.0, 0.0, 0.0, 1.0, 0.0, 1.0, 0.0, 1.0, 0.0, 0.0, 0.0, 1.0, 0.0, 0.0, 0.0, 1.0, 0.0, 0.0, 1.0, 1.0, 0.0, 0.0, 0.0, 0.0, 1.0, 1.0, 0.0, 0.0, 1.0, 0.0, 0.0, 1.0, 0.0, 0.0, 0.0, 0.0, 1.0, 1.0, 0.0, 0.0, 0.0, 0.0, 1.0, 1.0, 0.0, 0.0, 0.0, 0.0, 1.0, 0.0, 1.0, 0.0, 1.0, 0.0, 0.0, 1.0, 0.0, 0.0, 0.0, 0.0, 1.0, 0.0, 1.0, 0.0, 0.0, 1.0, 0.0, 1.0, 0.0, 0.0, 0.0, 0.0, 1.0, 0.0, 1.0, 0.0, 0.0, 0.0, 1.0, 0.0, 1.0, 0.0, 1.0, 0.0, 0.0, 1.0, 0.0, 0.0, 1.0, 0.0, 0.0, 0.0, 1.0, 0.0, 1.0, 0.0, 0.0, 1.0, 0.0, 0.0, 0.0, 1.0, 0.0, 0.0, 1.0, 0.0, 1.0, 0.0, 0.0, 1.0, 0.0, 0.0, 0.0, 0.0, 1.0, 0.0, 1.0, 0.0, 1.0, 0.0, 0.0, 0.0, 1.0, 0.0, 1.0, 0.0, 0.0, 0.0, 1.0, 0.0, 1.0, 0.0, 0.0, 0.0, 1.0, 0.0, 0.0, 1.0, 0.0, 0.0, 1.0, 0.0, 1.0, 0.0, 0.0, 0.0, 1.0, 0.0, 0.0, 0.0, 1.0, 0.0, 1.0, 0.0, 1.0, 0.0, 0.0, 0.0, 0.0, 1.0, 0.0, 1.0, 0.0, 0.0, 1.0, 0.0, 0.0, 1.0, 0.0, 1.0, 0.0, 0.0, 1.0, 0.0, 0.0, 0.0, 1.0, 0.0, 0.0, 1.0, 0.0, 1.0, 0.0, 0.0, 0.0, 0.0, 1.0, 0.0, 1.0, 0.0, 0.0, 1.0, 0.0, 0.0, 1.0, 0.0, 0.0, 1.0, 0.0, 0.0, 1.0, 0.0, 0.0, 1.0, 0.0, 0.0, 1.0, 0.0, 0.0, 0.0, 1.0, 0.0, 1.0, 0.0, 0.0, 1.0, 0.0, 0.0, 0.0, 1.0, 0.0, 1.0, 0.0, 0.0, 1.0, 0.0, 0.0, 1.0, 0.0, 0.0, 0.0, 1.0, 0.0, 0.0, 1.0, 0.0, 1.0, 0.0, 0.0, 0.0, 1.0, 1.0, 0.0, 0.0, 0.0, 0.0, 1.0, 0.0, 1.0, 0.0, 0.0, 0.0, 1.0, 0.0, 1.0, 0.0, 1.0, 0.0, 0.0, 0.0, 1.0, 0.0, 0.0, 0.0, 1.0, 0.0, 1.0, 0.0, 0.0, 1.0, 0.0, 0.0, 1.0, 0.0, 0.0, 0.0, 1.0, 0.0, 1.0, 0.0, 0.0, 0.0, 1.0, 0.0, 1.0, 0.0, 0.0, 0.0, 1.0, 0.0, 0.0, 1.0, 1.0, 0.0, 0.0, 0.0, 1.0, 0.0, 0.0, 0.0, 1.0, 0.0, 0.0, 1.0, 0.0, 1.0, 0.0, 0.0, 0.0, 1.0, 1.0, 0.0, 0.0, 1.0, 0.0, 0.0, 1.0, 0.0, 0.0, 0.0, 0.0, 1.0, 1.0, 0.0, 0.0, 1.0, 0.0, 0.0, 0.0, 1.0, 0.0, 0.0, 0.0, 1.0, 1.0, 0.0, 0.0, 0.0, 1.0, 0.0, 1.0, 0.0, 0.0, 0.0, 0.0, 1.0, 1.0, 0.0, 0.0, 0.0, 1.0, 0.0, 0.0, 1.0, 0.0, 0.0, 0.0, 1.0, 1.0, 0.0, 0.0, 0.0, 1.0, 0.0, 0.0, 0.0, 1.0, 0.0, 0.0, 1.0, 1.0, 0.0, 0.0, 0.0, 0.0, 1.0, 1.0, 0.0, 0.0, 0.0, 0.0, 1.0, 1.0, 0.0, 0.0, 0.0, 0.0, 1.0, 0.0, 1.0, 0.0, 0.0, 0.0, 1.0, 1.0, 0.0, 0.0, 0.0, 0.0, 1.0, 0.0, 0.0, 1.0, 0.0, 0.0, 1.0, 0.0, 1.0, 0.0, 1.0, 0.0, 0.0, 1.0, 0.0, 0.0, 0.0, 0.0, 1.0, 0.0, 1.0, 0.0, 0.0, 1.0, 0.0, 1.0, 0.0, 0.0, 0.0, 0.0, 1.0, 0.0, 1.0, 0.0, 0.0, 1.0, 0.0, 0.0, 1.0, 0.0, 0.0, 0.0, 1.0, 0.0, 1.0, 0.0, 0.0, 0.0, 1.0, 0.0, 0.0, 1.0, 0.0, 0.0, 1.0, 0.0, 0.0, 1.0, 1.0, 0.0, 0.0, 0.0, 1.0, 0.0, 0.0, 0.0, 1.0, 0.0, 0.0, 1.0, 0.0, 1.0, 0.0, 1.0, 0.0, 0.0, 0.0, 0.0, 1.0, 0.0, 0.0, 1.0, 0.0, 1.0, 0.0, 0.0, 1.0, 0.0, 0.0, 0.0, 1.0, 0.0, 0.0, 1.0, 0.0, 1.0, 0.0, 0.0, 0.0, 1.0, 0.0, 0.0, 1.0, 0.0, 0.0, 1.0, 0.0, 0.0, 1.0, 1.0, 0.0, 0.0, 0.0, 0.0, 1.0, 0.0, 0.0, 1.0, 0.0, 0.0, 1.0, 0.0, 0.0, 1.0]]

[2024-10-14T10:34:23.456081][INFO][seed54] Dropping state 0
[2024-10-14T10:34:23.458035][INFO][seed14] Dropping state 66
[2024-10-14T10:34:23.459582][INFO][seed61] !0 = [8, 9, 11, 13, 20, 23, 26, 28, 30, 31, 32, 35, 36, 38, 40, 44, 45, 47, 50, 53, 55, 56, 62, 65, 66, 68, 69, 70, 72, 73, 78, 79]
[2024-10-14T10:34:23.460990][INFO][seed61] 0 = [0, 1, 2, 3, 4, 5, 6, 7, 10, 12, 14, 15, 16, 17, 18, 19, 21, 22, 24, 25, 27, 29, 33, 34, 37, 39, 41, 42, 43, 46, 48, 49, 51, 52, 54, 57, 58, 59, 60, 61, 63, 64, 67, 71, 74, 75, 76, 77, 80]
[2024-10-14T10:34:23.464263][INFO][seed58] Sampled 1000 data instances
[2024-10-14T10:34:23.464455][INFO][seed58] Starting exact inference 
[2024-10-14T10:34:23.465065][INFO][seed54] U cardinality: 57
[2024-10-14T10:34:23.468968][INFO][seed14] Dropping state 62
[2024-10-14T10:34:23.470990][INFO][seed61] Dropping state 74
[2024-10-14T10:34:23.472716][INFO][seed61] Dropping state 67
[2024-10-14T10:34:23.473563][INFO][seed14] Dropping state 56
[2024-10-14T10:34:23.474119][INFO][seed61] Dropping state 63
[2024-10-14T10:34:23.476870][INFO][seed14] Dropping state 50
[2024-10-14T10:34:23.477572][INFO][seed61] Dropping state 58
[2024-10-14T10:34:23.478660][INFO][seed14] Dropping state 49
[2024-10-14T10:34:23.479935][INFO][seed14] Dropping state 46
[2024-10-14T10:34:23.480808][INFO][seed14] Dropping state 43
[2024-10-14T10:34:23.483004][INFO][seed61] Dropping state 52
[2024-10-14T10:34:23.487669][INFO][seed14] Dropping state 34
[2024-10-14T10:34:23.488984][INFO][seed14] Dropping state 31
[2024-10-14T10:34:23.493472][INFO][seed61] Dropping state 43
[2024-10-14T10:34:23.493854][INFO][seed14] Dropping state 20
[2024-10-14T10:34:23.495704][INFO][seed14] Dropping state 17
[2024-10-14T10:34:23.496395][INFO][seed14] Dropping state 16
[2024-10-14T10:34:23.498374][INFO][seed38] U cardinality: 81
[2024-10-14T10:34:23.498516][INFO][seed61] Dropping state 42
[2024-10-14T10:34:23.499855][INFO][seed14] Dropping state 14
[2024-10-14T10:34:23.500751][INFO][seed61] Dropping state 39
[2024-10-14T10:34:23.502501][INFO][seed61] Dropping state 37
[2024-10-14T10:34:23.502405][INFO][seed14] Dropping state 12
[2024-10-14T10:34:23.506883][INFO][seed61] Dropping state 34
[2024-10-14T10:34:23.507486][INFO][seed54] 
[P([5]) [0.67, 0.33], P([4]) [0.657, 0.343], P([3]) [0.001, 0.0, 0.001, 0.001, 0.0, 0.001, 0.001, 0.0, 0.001, 0.001, 0.0, 0.001, 0.001, 0.0, 0.0, 0.0, 0.0, 0.0, 0.0, 0.0, 0.001, 0.001, 0.001, 0.001, 0.0, 0.056, 0.0, 0.0, 0.001, 0.001, 0.001, 0.0, 0.0, 0.001, 0.001, 0.001, 0.001, 0.001, 0.001, 0.001, 0.001, 0.0, 0.001, 0.001, 0.0, 0.001, 0.0, 0.001, 0.0, 0.0, 0.001, 0.0, 0.004, 0.0, 0.0, 0.0, 0.911], P([2, 5]) [1.0, 0.0, 0.0, 1.0], P([1, 4]) [1.0, 0.0, 0.0, 1.0], P([0, 1, 2, 3]) [1.0, 0.0, 0.0, 1.0, 0.0, 0.0, 1.0, 0.0, 0.0, 0.0, 1.0, 0.0, 1.0, 0.0, 0.0, 1.0, 0.0, 0.0, 0.0, 1.0, 0.0, 0.0, 1.0, 0.0, 1.0, 0.0, 0.0, 1.0, 0.0, 0.0, 0.0, 0.0, 1.0, 0.0, 1.0, 0.0, 1.0, 0.0, 0.0, 1.0, 0.0, 0.0, 0.0, 0.0, 1.0, 0.0, 0.0, 1.0, 1.0, 0.0, 0.0, 0.0, 1.0, 0.0, 1.0, 0.0, 0.0, 1.0, 0.0, 0.0, 1.0, 0.0, 0.0, 0.0, 1.0, 0.0, 1.0, 0.0, 0.0, 0.0, 1.0, 0.0, 1.0, 0.0, 0.0, 0.0, 1.0, 0.0, 1.0, 0.0, 0.0, 0.0, 0.0, 1.0, 1.0, 0.0, 0.0, 0.0, 1.0, 0.0, 0.0, 1.0, 0.0, 0.0, 1.0, 0.0, 1.0, 0.0, 0.0, 0.0, 1.0, 0.0, 0.0, 0.0, 1.0, 0.0, 0.0, 1.0, [2024-10-14T10:34:23.508759][INFO][seed14] Dropping state 10
[2024-10-14T10:34:23.509][INFO][seed38] !0 = [6, 10, 11, 12, 14, 15, 19, 24, 28, 29, 31, 35, 37, 39, 41, 43, 44, 45, 50, 52, 57, 59, 60, 62, 64, 68, 70, 74, 75, 76, 77, 78]
1.0, 0.0, 0.0, 0.0, 0.0, 1.0, 1.0, 0.0, 0.0, 1.0, 0.0, 0.0, 1.0, 0.0, 0.0, 0.0, 0.0, 1.0, 1.0, 0.0, 0.0, 0.0, 1.0, 0.0, 1.0, 0.0, 0.0, 0.0, 0.0, 1.0, 1.0, 0.0, 0.0, 0.0, 0.0, 1.0, 1.0, 0.0, 0.0, 0.0, 0.0, 1.0, 0.0, 1.0, 0.0, 1.0, 0.0, 0.0, 1.0, 0.0, 0.0, 0.0, 0.0, 1.0, 0.0, 1.0, 0.0, 0.0, 1.0, 0.0, 1.0, 0.0, 0.0, 0.0, 0.0, 1.0, 0.0, 1.0, 0.0, 0.0, 0.0, 1.0, 1.0, 0.0, 0.0, 0.0, 0.0, 1.0, 0.0, 0.0, 1.0, 0.0, 0.0, 1.0, 0.0, 1.0, 0.0, 1.0, 0.0, 0.0, 1.0, 0.0, 0.0, 1.0, 0.0, 0.0, 0.0, 1.0, 0.0, 1.0, 0.0, 0.0, 1.0, 0.0, 0.0, 0.0, 1.0, 0.0, 0.0, 1.0, 0.0, 1.0, 0.0, 0.0, 1.0, 0.0, 0.0, 0.0, 0.0, 1.0, 0.0, 1.0, 0.0, 1.0, 0.0, 0.0, 0.0, 1.0, 0.0, 1.0, 0.0, 0.0, 0.0, 1.0, 0.0, 1.0, 0.0, 0.0, 0.0, 1.0, 0.0, 0.0, 1.0, 0.0, 0.0, 1.0, 0.0, 1.0, 0.0, 0.0, 0.0, 1.0, 0.0, 0.0, 0.0, 1.0, 0.0, 1.0, 0.0, 1.0, 0.0, 0.0, 0.0, 0.0, 1.0, 1.0, 0.0, 0.0, 0.0, 1.0, 0.0, 1.0, 0.0, 0.0, 0.0, 0.0, 1.0, 0.0, 0.0, 1.0, 0.0, 1.0, 0.0, 0.0, 1.0, 0.0, 1.0, 0.0, 0.0, 1.0, 0.0, 0.0, 0.0, 1.0, 0.0, 0.0, 1.0, 0.0, 1.0, 0.0, 0.0, 0.0, 1.0, 0.0, 0.0, 1.0, 0.0, 0.0, 1.0, 0.0, 0.0, 1.0, 0.0, 1.0, 0.0, 0.0, 0.0, 1.0, 0.0, 0.0, 1.0, 0.0, 0.0, 1.0, 0.0, 0.0, 1.0, 0.0, 0.0, 1.0, 0.0, 0.0, 1.0, 0.0, 0.0, 1.0, 0.0, 0.0, 0.0, 1.0, 0.0, 1.0, 0.0, 0.0, 1.0, 0.0, 0.0, 0.0, 1.0, 1.0, 0.0, 0.0, 0.0, 1.0, 0.0, 0.0, 1.0, 0.0, 0.0, 0.0, 1.0, 0.0, 0.0, 1.0, 0.0, 1.0, 0.0, 0.0, 0.0, 1.0, 1.0, 0.0, 0.0, 1.0, 0.0, 0.0, 0.0, 1.0, 0.0, 0.0, 0.0, 1.0, 1.0, 0.0, 0.0, 0.0, 1.0, 0.0, 0.0, 1.0, 0.0, 0.0, 0.0, 1.0, 0.0, 1.0, 0.0, 1.0, 0.0, 0.0, 0.0, 1.0, 0.0, 0.0, 0.0, 1.0, 0.0, 1.0, 0.0, 0.0, 1.0, 0.0, 0.0, 1.0, 0.0, 0.0, 0.0, 1.0, 0.0, 1.0, 0.0, 0.0, 0.0, 1.0, 0.0, 1.0, 0.0, 0.0, 0.0, 1.0, 0.0, 0.0, 1.0, 1.0, 0.0, 0.0, 0.0, 1.0, 0.0, 0.0, 0.0, 1.0, 0.0, 0.0, 1.0, 0.0, 1.0, 0.0, 0.0, 0.0, 1.0, 1.0, 0.0, 0.0, 1.0, 0.0, 0.0, 1.0, 0.0, 0.0, 0.0, 0.0, 1.0, 1.0, 0.0, 0.0, 0.0, 1.0, 0.0, 0.0, 1.0, 0.0, 0.0, 0.0, 1.0, 1.0, 0.0, 0.0, 0.0, 1.0, 0.0, 0.0, 0.0, 1.0, 0.0, 0.0, 1.0, 1.0, 0.0, 0.0, 0.0, 0.0, 1.0, 1.0, 0.0, 0.0, 0.0, 0.0, 1.0, 1.0, 0.0, 0.0, 0.0, 0.0, 1.0, 0.0, 1.0, 0.0, 0.0, 0.0[2024-10-14T10:34:23.510233][INFO][seed38] 0 = [0, 1, 2, 3, 4, 5, 7, 8, 9, 13, 16, 17, 18, 20, 21, 22, 23, 25, 26, 27, 30, 32, 33, 34, 36, 38, 40, 42, 46, 47, 48, 49, 51, 53, 54, 55, 56, 58, 61, 63, 65, 66, 67, 69, 71, 72, 73, 79, 80]
, 1.0, 0.0, 1.0, 0.0, 1.0, 0.0, 0.0, 1.0, 0.0, 0.0, 0.0, 0.0, 1.0, 0.0, 1.0, 0.0, 1.0, 0.0, 0.0, 0.0, 0.0, 1.0, 0.0, 0.0, 1.0, 0.0, 1.0, 0.0, 0.0, 1.0, 0.0, 1.0, 0.0, 0.0, 0.0, 0.0, 1.0, 0.0, 1.0, 0.0, 0.0, 1.0, 0.0, 0.0, 1.0, 0.0, 0.0, 0.0, 1.0, 0.0, 1.0, 0.0, 0.0, 0.0, 1.0, 1.0, 0.0, 0.0, 0.0, 0.0, 1.0, 0.0, 1.0, 0.0, 0.0, 0.0, 1.0, 0.0, 1.0, 0.0, 0.0, 0.0, 1.0, 0.0, 1.0, 0.0, 0.0, 0.0, 1.0, 0.0, 0.0, 1.0, 0.0, 0.0, 1.0, 0.0, 0.0, 1.0, 1.0, 0.0, 0.0, 1.0, 0.0, 0.0, 0.0, 0.0, 1.0, 0.0, 0.0, 1.0, 1.0, 0.0, 0.0, 0.0, 0.0, 1.0, 0.0, 0.0, 1.0, 0.0, 0.0, 1.0, 0.0, 1.0, 0.0, 1.0, 0.0, 0.0, 0.0, 0.0, 1.0, 0.0, 0.0, 1.0, 0.0, 1.0, 0.0, 0.0, 1.0, 0.0, 0.0, 0.0, 1.0, 0.0, 0.0, 1.0, 0.0, 1.0, 0.0, 0.0, 0.0, 1.0, 0.0, 0.0, 1.0, 0.0, 0.0, 1.0, 0.0, 0.0, 1.0, 0.0, 1.0, 0.0, 0.0, 0.0, 1.0, 0.0, 0.0, 1.0, 0.0, 0.0, 1.0, 0.0, 0.0, 1.0]]

[2024-10-14T10:34:23.510734][INFO][seed14] Dropping state 8
[2024-10-14T10:34:23.512947][INFO][seed61] Dropping state 27
[2024-10-14T10:34:23.512524][INFO][seed14] Dropping state 4
[2024-10-14T10:34:23.516210][INFO][seed61] Dropping state 25
[2024-10-14T10:34:23.517067][INFO][seed46] Sampled 1000 data instances
[2024-10-14T10:34:23.517590][INFO][seed61] Dropping state 21
[2024-10-14T10:34:23.517504][INFO][seed46] Starting exact inference 
[2024-10-14T10:34:23.518842][INFO][seed14] U cardinality: 60
[2024-10-14T10:34:23.519590][INFO][seed61] Dropping state 17
[2024-10-14T10:34:23.521146][INFO][seed61] Dropping state 16
[2024-10-14T10:34:23.522145][INFO][seed61] Dropping state 15
[2024-10-14T10:34:23.525215][INFO][seed38] Dropping state 71
[2024-10-14T10:34:23.526301][INFO][seed61] Dropping state 14
[2024-10-14T10:34:23.527170][INFO][seed38] Dropping state 69
[2024-10-14T10:34:23.529035][INFO][seed61] Dropping state 10
[2024-10-14T10:34:23.528938][INFO][seed38] Dropping state 67
[2024-10-14T10:34:23.533220][INFO][seed38] Dropping state 66
[2024-10-14T10:34:23.535024][INFO][seed61] Dropping state 7
[2024-10-14T10:34:23.536029][INFO][seed14] 
[P([5]) [0.579, 0.421], P([4]) [0.401, 0.599], P([3]) [0.002, 0.001, 0.001, 0.0, 0.0, 0.0, 0.001, 0.001, 0.0, 0.001, 0.0, 0.001, 0.001, 0.0, 0.0, 0.001, 0.001, 0.0, 0.0, 0.001, 0.001, 0.001, 0.0, 0.001, 0.001, 0.0, 0.001, 0.0, 0.0, 0.0, 0.001, 0.001, 0.0, 0.001, 0.0, 0.0, 0.001, 0.001, 0.001, 0.001, 0.001, 0.0, 0.001, 0.0, 0.0, 0.001, 0.001, 0.0, 0.0, 0.0, 0.001, 0.001, 0.0, 0.001, 0.0, 0.0, 0.001, 0.0, 0.0, 0.968], P([2, 5]) [1.0, 0.0, 0.0, 1.0], P([1, 4]) [1.0, 0.0, 0.0, 1.0], P([0, 1, 2, 3]) [1.0, 0.0, 0.0, 1.0, 0.0, 0.0, 1.0, 0.0, 0.0, 1.0, 0.0, 0.0, 1.0, 0.0, 0.0, 1.0, 0.0, 0.0, 1.0, 0.0, 0.0, 0.0, 1.0, 0.0, 1.0, 0.0, 0.0, 1.0, 0.0, 0.0, 1.0, 0.0, 0.0, 0.0, 0.0, 1.0, 1.0, 0.0, 0.0, 1.0, 0.0, 0.0, 0.0, 1.0, 0.0, 1.0, 0.0, 0.0, 1.0, 0.0, 0.0, 1.0, 0.0, 0.0, 0.0, 1.0, 0.0, 0.0, 0.0, 1.0, 1.0, 0.0, 0.0, 1.0, 0.0, 0.0, 0.0, 0.0, 1.0, 1.0, 0.0, 0.0, 1.0, 0.0, 0.0, 1.0, 0.0, 0.0, 0.0, 0.0, 1.0, 0.0, 1.0, 0.0, 1.0, 0.0, 0.0, 0.0, 1.0, 0.0, 1.0, 0.0, 0.0, 1.0, 0.0, 0.0, 1.0, 0.0, 0.0, 0.0, 1.0, 0.0, 1.0, 0.0, 0.0, 0.0, 0.0, 1.0, 1.0, 0.0, 0.0, 0.0, 1.0, 0.0, 0.0, 1.0, 0.0, 0.0, 1.0, 0.0, 1.0, 0.0, 0.0, 0.0, 1.0, 0.0, 0.0, 0.0, 1.0, 1.0, 0.0, 0.0, 1.0, 0.0, 0.0, 0.0, 0.0, 1.0, 1.0, 0.0, 0.0, 1.0, 0.0, 0.0, 1.0, 0.0, 0.0, 0.0, 0.0, 1.0, 1.0, 0.0, 0.0, 0.0, 1.0, 0.0, 1.0, 0.0, 0.0, 0.0, 0.0, 1.0, 0.0, 1.0, 0.0, 1.0, 0.0, 0.0, 1.0, 0.0, 0.0, 0.0, 0.0, 1.0, 0.0, 1.0, 0.0, 0.0, 1.0, 0.0, 1.0, 0.0, 0.0, 0.0, 0.0, 1.0, 0.0, 1.0, 0.0, 0.0, 0.0, 1.0, 1.0, 0.0, 0.0, 0.0, 0.0, 1.0, 0.0, 0.0, 1.0, 1.0, 0.0, 0.0, 1.0, 0.0, 0.0, 0.0, 0.0, 1.0, 0.0, 0.0, 1.0, 0.0, 1.0, 0.0, 1.0, 0.0, 0.0, 0.0, 0.0, 1.0, 0.0, 0.0, 1.0, 0.0, 0.0, 1.0, 0.0, 1.0, 0.0, 1.0, 0.0, 0.0, 1.0, 0.0, 0.0, 1.0, 0.0, 0.0, 0.0, 1.0, 0.0, 1.0, 0.0, 0.0, 1.0, 0.0, 0.0, 0.0, 1.0, 0.0, 0.0, 1.0, 0.0, 1.0, 0.0, 0.0, 1.0, 0.0, 0.0, 0.0, 0.0, 1.0, 0.0, 1.0, 0.0, 1.0, 0.0, 0.0, 0.0, 1.0, 0.0, 1.0, 0.0, 0.0, 0.0, 1.0, 0.0, 1.0, 0.0, 0.0, 0.0, 1.0, 0.0, 0.0, 0.0, 1.0, 0.0, 1.0, 0.0, 1.0, 0.0, 0.0, 0.0, 0.0, 1.0, 1.0, 0.0, 0.0, 0.0, 1.0, 0.0, 1.0, 0.0, 0.0, 0.0, 0.0, 1.0, 0.[2024-10-14T10:34:23.537194][INFO][seed61] Dropping state 5
0, 0.0, 1.0, 0.0, 1.0, 0.0, 0.0, 1.0, 0.0, 1.0, 0.0, 0.0, 1.0, 0.0, 0.0, 0.0, 1.0, 0.0, 0.0, 1.0, 0.0, 1.0, 0.0, 0.0, 0.0, 1.0, 0.0, 0.0, 1.0, 0.0, 0.0, 1.0, 0.0, 1.0, 0.0, 0.0, 0.0, 0.0, 1.0, 0.0, 1.0, 0.0, 0.0, 1.0, 0.0, 0.0, 1.0, 0.0, 1.0, 0.0, 0.0, 0.0, 1.0, 0.0, 0.0, 1.0, 0.0, 0.0, 1.0, 0.0, 0.0, 1.0, 0.0, 0.0, 1.0, 0.0, 0.0, 1.0, 0.0, 0.0, 1.0, 0.0, 0.0, 0.0, 1.0, 0.0, 1.0, 0.0, 0.0, 1.0, 0.0, 0.0, 0.0, 1.0, 1.0, 0.0, 0.0, 0.0, 1.0, 0.0, 0.0, 1.0, 0.0, 0.0, 0.0, 1.0, 0.0, 0.0, 1.0, 0.0, 1.0, 0.0, 0.0, 0.0, 1.0, 1.0, 0.0, 0.0, 1.0, 0.0, 0.0, 0.0, 1.0, 0.0, 0.0, 0.0, 1.0, 1.0, 0.0, 0.0, 0.0, 0.0, 1.0, 0.0, 1.0, 0.0, 0.0, 0.0, 1.0, 0.0, 1.0, 0.0, 1.0, 0.0, 0.0, 0.0, 1.0, 0.0, 0.0, 0.0, 1.0, 0.0, 0.0, 1.0, 1.0, 0.0, 0.0, 0.0, 1.0, 0.0, 0.0, 0.0, 1.0, 0.0, 0.0, 1.0, 0.0, 1.0, 0.0, 0.0, 1.0, 0.0, 0.0, 0.0, 1.0, 0.0, 0.0, 1.0, 0.0, 0.0, 1.0, 0.0, 0.0, 1.0, 1.0, 0.0, 0.0, 1.0, 0.0, 0.0, 1.0, 0.0, 0.0, 0.0, 0.0, 1.0, 1.0, 0.0, 0.0, 1.0, 0.0, 0.0, 0.0, 1.0, 0.0, 0.0, 0.0, 1.0, 1.0, 0.0, 0.0, 0.0, 1.0, 0.0, 1.0, 0.0, 0.0, 0.0, 0.0, 1.0, 1.0, 0.0, 0.0, 0.0, 1.0, 0.0, 0.0, 1.0, 0.0, 0.0, 0.0, 1.0, 1.0, 0.0, 0.0, 0.0, 1.0, 0.0, 0.0, 0.0, 1.0, 0.0, 0.0, 1.0, 1.0, 0.0, 0.0, 0.0, 0.0, 1.0, 1.0, 0.0, 0.0, 0.0, 0.0, 1.0, 1.0, 0.0, 0.0, 0.0, 0.0, 1.0, 0.0, 1.0, 0.0, 0.0, 0.0, 1.0, 0.0, 1.0, 0.0, 1.0, 0.0, 0.0, 1.0, 0.0, 0.0, 0.0, 0.0, 1.0, 0.0, 1.0, 0.0, 1.0, 0.0, 0.0, 0.0, 1.0, 0.0, 0.0, 0.0, 1.0, 0.0, 1.0, 0.0, 1.0, 0.0, 0.0, 0.0, 0.0, 1.0, 0.0, 0.0, 1.0, 0.0, 1.0, 0.0, 0.0, 1.0, 0.0, 0.0, 0.0, 1.0, 0.0, 0.0, 1.0, 0.0, 1.0, 0.0, 0.0, 0.0, 1.0, 0.0, 1.0, 0.0, 0.0, 0.0, 1.0, 0.0, 1.0, 0.0, 0.0, 0.0, 1.0, 0.0, 0.0, 1.0, 0.0, 0.0, 1.0, 0.0, 0.0, 1.0, 1.0, 0.0, 0.0, 0.0, 1.0, 0.0, 0.0, 0.0, 1.0, 0.0, 0.0, 1.0, 0.0, 1.0, 0.0, 1.0, 0.0, 0.0, 0.0, 0.0, 1.0, 0.0, 0.0, 1.0, 0.0, 1.0, 0.0, 0.0, 1.0, 0.0, 0.0, 0.0, 1.0, 0.0, 0.0, 1.0, 0.0, 1.0, 0.0, 0.0, 0.0, 1.0, 0.0, 0.0, 1.0, 0.0, 0.0, 1.0, 0.0, 0.0, 1.0, 1.0, 0.0, 0.0, 0.0, 0.0, 1.0, 0.0, 0.0, 1.0, 0.0, 0.0, 1.0, 0.0, 1.0, 0.0, 0.0, 0.0, 1.0, 0.0, 0.0, 1.0, 0.0, 0.0, 1.0, 0.0, 0.0, [2024-10-14T10:34:23.507580][INFO][seed47] Set up logging
1.0]]

[2024-10-14T10:34:23.538687][INFO][seed61] Dropping state 4
[2024-10-14T10:34:23.539421][INFO][seed47] args: -np;2;-nzr;0.4;-zdr;0.5;-o;/mnt/beegfs/rcabanas/dev/credici/papers/zeros/models/s3;-rw;-s;47;-ys;3
[2024-10-14T10:34:23.539588][INFO][seed61] Dropping state 3
[2024-10-14T10:34:23.540146][INFO][seed38] Dropping state 65
[2024-10-14T10:34:23.541649][INFO][seed61] Dropping state 2
[2024-10-14T10:34:23.543181][INFO][seed47] Starting logger with seed 47
[2024-10-14T10:34:23.544460][INFO][seed61] Dropping state 0
[2024-10-14T10:34:23.549064][INFO][seed61] U cardinality: 57
[2024-10-14T10:34:23.550976][INFO][seed38] Dropping state 61
[2024-10-14T10:34:23.554138][INFO][seed29] U cardinality: 81
[2024-10-14T10:34:23.555689][INFO][seed38] Dropping state 58
[2024-10-14T10:34:23.558563][INFO][seed38] Dropping state 56
[2024-10-14T10:34:23.561075][INFO][seed38] Dropping state 55
[2024-10-14T10:34:23.562448][INFO][seed38] Dropping state 54
[2024-10-14T10:34:23.563359][INFO][seed38] Dropping state 53
[2024-10-14T10:34:23.564361][INFO][seed29] !0 = [1, 7, 10, 11, 13, 14, 17, 19, 26, 27, 31, 34, 35, 36, 37, 42, 49, 50, 54, 57, 58, 61, 62, 63, 64, 65, 68, 69, 70, 73, 75, 80]
[2024-10-14T10:34:23.565487][INFO][seed29] 0 = [0, 2, 3, 4, 5, 6, 8, 9, 12, 15, 16, 18, 20, 21, 22, 23, 24, 25, 28, 29, 30, 32, 33, 38, 39, 40, 41, 43, 44, 45, 46, 47, 48, 51, 52, 53, 55, 56, 59, 60, 66, 67, 71, 72, 74, 76, 77, 78, 79]
[2024-10-14T10:34:23.565914][INFO][seed38] Dropping state 49
[2024-10-14T10:34:23.567086][INFO][seed38] Dropping state 47
[2024-10-14T10:34:23.570572][INFO][seed38] Dropping state 40
[2024-10-14T10:34:23.570472][INFO][seed41] Sampled 1000 data instances
[2024-10-14T10:34:23.570620][INFO][seed47] simple_nparents2_nzr04_zdr05_ysize3_47
[2024-10-14T10:34:23.570961][INFO][seed41] Starting exact inference 
[2024-10-14T10:34:23.572504][INFO][seed38] Dropping state 36
[2024-10-14T10:34:23.573225][INFO][seed38] Dropping state 34
[2024-10-14T10:34:23.575951][INFO][seed29] Dropping state 79
[2024-10-14T10:34:23.576466][INFO][seed38] Dropping state 33
[2024-10-14T10:34:23.577485][INFO][seed29] Dropping state 78
[2024-10-14T10:34:23.578510][INFO][seed38] Dropping state 30
[2024-10-14T10:34:23.582315][INFO][seed61] 
[P([5]) [0.213, 0.787], P([4]) [0.987, 0.013], P([3]) [0.0, 0.0, 0.001, 0.002, 0.001, 0.0, 0.001, 0.0, 0.0, 0.001, 0.0, 0.001, 0.0, 0.001, 0.001, 0.0, 0.001, 0.001, 0.001, 0.0, 0.001, 0.001, 0.001, 0.001, 0.0, 0.001, 0.017, 0.0, 0.001, 0.0, 0.0, 0.001, 0.0, 0.001, 0.0, 0.001, 0.001, 0.0, 0.0, 0.0, 0.0, 0.607, 0.0, 0.001, 0.042, 0.001, 0.001, 0.001, 0.0, 0.001, 0.001, 0.0, 0.0, 0.0, 0.001, 0.305, 0.0], P([2, 5]) [1.0, 0.0, 0.0, 1.0], P([1, 4]) [1.0, 0.0, 0.0, 1.0], P([0, 1, 2, 3]) [1.0, 0.0, 0.0, 1.0, 0.0, 0.0, 1.0, 0.0, 0.0, 0.0, 1.0, 0.0, 1.0, 0.0, 0.0, 1.0, 0.0, 0.0, 0.0, 0.0, 1.0, 1.0, 0.0, 0.0, 1.0, 0.0, 0.0, 1.0, 0.0, 0.0, 0.0, 0.0, 1.0, 0.0, 0.0, 1.0, 1.0, 0.0, 0.0, 0.0, 1.0, 0.0, 1.0, 0.0, 0.0, 1.0, 0.0, 0.0, 1.0, 0.0, 0.0, 0.0, 1.0, 0.0, 1.0, 0.0, 0.0, 0.0, 0.0, 1.0, 1.0, 0.0, 0.0, 0.0, 1.0, 0.0, 0.0, 1.0, 0.0, 1.0, 0.0, 0.0, 1.0, 0.0, 0.0, 0.0, 1.0, 0.0, 0.0, 1.0, 0.0, 0.0, 1.0, 0.0, 1.0, 0.0, 0.0, 0.0, 0.0, 1.0, 1.0, 0.0, 0.0, 1.0, 0.0, 0.0, 1.0, 0.0, 0.0, 0.0, 0.0, 1.0, 1.0, 0.0, 0.0, 0.0, 1.0, 0.0, 1.0, 0.0, 0.0, 0.0, 0.0, 1.0, 1.0, 0.0, 0.0, 0.0, 0.0, 1.0, 1.0, 0.0, 0.0, 0.0, 0.0, 1.0, 0.0, 1.0, 0.0, 0.0, 1.0, 0.0, 1.0, 0.0, 0.0, 0.0, 0.0, 1.0, 0.0, 1.0, 0.0, 0.0, 0.0, 1.0, 1.0, 0.0, 0.0, 0.0, 0.0, 1.0, 0.0, 0.0, 1.0, 1.0, 0.0, 0.0, 1.0, 0.0, 0.0, 0.0, 0.0, 1.0, 0.0, 0.0, 1.0, 0.0, 0.0, 1.0, 0.0, 1.0, 0.0, 1.0, 0.0, 0.0, 1.0, 0.0, 0.0, 0.0, 1.0, 0.0, 0.0, 1.0, 0.0, 1.0, 0.0, 0.0, 1.0, 0.0, 0.0, 0.0, 0.0, 1.0, 0.0, 1.0, 0.0, 1.0, 0.0, 0.0, 0.0, 1.0, 0.0, 1.0, 0.0, 0.0, 0.0, 1.0, 0.0, 1.0, 0.0, 0.0, 0.0, 1.0, 0.0, 0.0, 1.0, 0.0, 0.0, 1.0, 0.0, 1.0, 0.0, 0.0, 0.0, 1.0, 0.0, 0.0, 0.0, 1.0, 0.0, 1.0, 0.0, 1.0, 0.0, 0.0, 0.0, 0.0, 1.0, 1.0, 0.0, 0.0, 0.0, 1.0, 0.0, 1.0, 0.0, 0.0, 0.0, 0.0, 1.0, 0.0, 0.0, 1.0, 0.0, 1.0, 0.0, 0.0, 1.0, 0.0, 1.0, 0.0, 0.0, 1.0, 0.0, 0.0, 0.0, 1.0, 0.0, 0.0, 1.0, 0.0, 1.0, 0.0, 0.0, 0.0, 0.0, 1.0, 0.0, 1.0, 0.0, 0.0, 1.0, 0.0, 0.0, 1.0, 0.0, 0.0, 1.0, 0.0, 0.0, 1.0, 0.0, 0.0, 1.0, 0.0, 0.0, 1.0, 0.0, 0.0, 0.0, 1.0, 0.0, 1.0, 0.0, 0.0, 1.0, 0.0, 0.0, 0.0, 1.0, 0.0, 0.0, 1.0, 0.0, 1.0, 0.0, 0.0, 0.0, 1.0, 1.0, 0.0, 0.0, 1.0, 0.0, 0.0, 0.0, 1.0, 0.0, 0.0, 0.0, 1.0, 1.0, 0.0, 0.0, 0.0, 1.0, 0.0, 0.0, 1.0, 0.0, 0.0, 0.0, 1.0, 1.0, 0.0, 0.0, 0.0, 0.0, 1.0, 0.0, 1.0, 0.0, 0.0, 0.0, 1.0, 0.0, 1.0, 0.0, 1.0, 0.0, 0.0, 0.0, 1.0, 0.0, 0.0, 0.0, 1.0, 0.0, 1.0, 0.0, 0.0, 1.0, 0.0, 0.0, 1.0, 0.0, 0.0, 0.0, 1.0, 0.0, 1.0, 0.0, 0.0, 0.0, 1.0, 0.0, 1.0, 0.0, 0.0, 0.0, 1.0, 0.0, 0.0, 1.0, 1.0, 0.0, 0.0, 0.0, 1.0, 0.0, 0.0, 0.0, 1.0, 0.0, 0.0, 1.0, 0.0, 0.0, 1.0, 0.0, 0.0, 1.0, 1.0, 0.0, 0.0, 1.0, 0.0, 0.0, 1.0, 0.0, 0.0, 0.0, 0.0, 1.0, 1.0, 0.0, 0.0, 1.0, 0.0, 0.0, 0.0, 1.0, 0.0, 0.0, 0.0, 1.0, 1.0, 0.0, 0.0, 1.0, 0.0, 0.0, 0.0, 0.0, 1.0, 0.0, 0.0, 1.0, 1.0, 0.0, 0.0, 0.0, 1.0, 0.0, 1.0, 0.0, 0.0, 0.0, 0.0, 1.0, 1.0, 0.0, 0.0, 0.0, 1.0, 0.0, 0.0, 0.0, 1.0, 0.0, 0.0, 1.0, 1.0, 0.0, 0.0, 0.0, 0.0, 1.0, 1.0, 0.0, 0.0, 0.0, 0.0, 1.0, 1.0, 0.0, 0.0, 0.0, 0.0, 1.0, 0.0, 1.0, 0.0, 0.0, 0.0, 1.0, 1.0, 0.0, 0.0, 0.0, 0.0, 1.0, 0.0, 0.0, 1.0, 0.0, 0.0, 1.0, 0.0, 1.0, 0.0, 1.0, 0.0, 0.0, 0.0, 1.0, 0.0, 0.0, 0.0, 1.0, 0.0, 1.0, 0.0, 1.0, 0.0, 0.0, 0.0, 0.0, 1.0, 0.0, 0.0, 1.0, 0.0, 1.0, 0.0, 0.0, 1.0, 0.0, 1.0, 0.0, 0.0, 0.0, 0.0, 1.0, 0.0, 1.0, 0.0, 0.0, 1.0, 0.0, 0.0, 0.0, 1.0, 0.0, 0.0, 1.0, 0.0, 1.0, 0.0, 0.0, 0.0, 1.0, 1.0, 0.0, 0.0, 0.0, 0.0, 1.0, 0.0, 1.0, 0.0, 0.0, 0.0, 1.0, 0.0, 1.0, 0.0, 0.0, 0.0, 1.0, 0.0, 1.0, 0.0, 0.0, 0.0, 1.0, 0.0, 0.0, 1.0, 0.0, 0.0, 1.0, 0.0, 0.0, 1.0, 1.0, 0.0, 0.0, 1.0, 0.0, 0.0, 0.0, 0.0, 1.0, 0.0, 0.0, 1.0, 1.0, 0.0, 0.0, 0.0, 1.0, 0.0, 0.0, 0.0, 1.0, 0.0, 0.0, 1.0, 0.0, 1.0, 0.0, 1.0, 0.0, 0.0, 0.0, 0.0, 1.0, 0.0, 0.0, 1.0, 0.0, 1.0, 0.0, 0.0, 1.0, 0.0, 0.0, 0.0, 1.0, 0.0, 0.0, 1.0, 0.0, 1.0, 0.0, 0.0, 0.0, 1.0, 0.0, 0.0, 1.0, 0.0, 0.0, 1.0, 0.0, 0.0, 1.0, 1.0, 0.0, 0.0, 0.0, 0.0, 1.0, 0.0, 0.0, 1.0, 0.0, 0.0, 1.0, 0.0, 1.0, 0.0, 0.0, 0.0, 1.0, 0.0, 0.0, 1.0, 0.0, 0.0, 1.0, 0.0, 0.0, 1.0]]

[2024-10-14T10:34:23.583338][INFO][seed29] Dropping state 76
[2024-10-14T10:34:23.586082][INFO][seed38] Dropping state 22
[2024-10-14T10:34:23.587355][INFO][seed29] Dropping state 74
[2024-10-14T10:34:23.588301][INFO][seed38] Dropping state 20
[2024-10-14T10:34:23.589710][INFO][seed38] Dropping state 18
[2024-10-14T10:34:23.590382][INFO][seed38] Dropping state 17
[2024-10-14T10:34:23.592483][INFO][seed38] Dropping state 16
[2024-10-14T10:34:23.593679][INFO][seed29] Dropping state 71
[2024-10-14T10:34:23.594169][INFO][seed38] Dropping state 13
[2024-10-14T10:34:23.596665][INFO][seed38] Dropping state 8
[2024-10-14T10:34:23.601495][INFO][seed38] Dropping state 1
[2024-10-14T10:34:23.604135][INFO][seed29] Dropping state 66
[2024-10-14T10:34:23.606315][INFO][seed38] U cardinality: 55
[2024-10-14T10:34:23.610767][INFO][seed48] Sampled 1000 data instances
[2024-10-14T10:34:23.611089][INFO][seed29] Dropping state 60
[2024-10-14T10:34:23.611271][INFO][seed48] Starting exact inference 
[2024-10-14T10:34:23.613929][INFO][seed29] Dropping state 59
[2024-10-14T10:34:23.615865][INFO][seed29] Dropping state 53
[2024-10-14T10:34:23.620522][INFO][seed29] Dropping state 47
[2024-10-14T10:34:23.621838][INFO][seed29] Dropping state 44
[2024-10-14T10:34:23.622625][INFO][seed76] U cardinality: 81
[2024-10-14T10:34:23.624565][INFO][seed29] Dropping state 43
[2024-10-14T10:34:23.626266][INFO][seed29] Dropping state 39
[2024-10-14T10:34:23.627581][INFO][seed36] U cardinality: 81
[2024-10-14T10:34:23.631398][INFO][seed29] Dropping state 33
[2024-10-14T10:34:23.631700][INFO][seed76] !0 = [0, 1, 4, 8, 9, 10, 11, 13, 15, 16, 18, 20, 23, 25, 26, 27, 29, 33, 38, 39, 41, 42, 43, 44, 49, 53, 55, 60, 63, 66, 71, 80]
[2024-10-14T10:34:23.633012][INFO][seed76] 0 = [2, 3, 5, 6, 7, 12, 14, 17, 19, 21, 22, 24, 28, 30, 31, 32, 34, 35, 36, 37, 40, 45, 46, 47, 48, 50, 51, 52, 54, 56, 57, 58, 59, 61, 62, 64, 65, 67, 68, 69, 70, 72, 73, 74, 75, 76, 77, 78, 79]
[2024-10-14T10:34:23.633401][INFO][seed29] Dropping state 32
[2024-10-14T10:34:23.634202][INFO][seed29] Dropping state 28
[2024-10-14T10:34:23.632607][INFO][seed38] 
[P([5]) [0.925, 0.075], P([4]) [0.781, 0.219], P([3]) [0.0, 0.0, 0.0, 0.0, 0.0, 0.001, 0.0, 0.0, 0.001, 0.001, 0.001, 0.001, 0.001, 0.001, 0.0, 0.0, 0.018, 0.0, 0.0, 0.0, 0.001, 0.873, 0.001, 0.0, 0.001, 0.001, 0.0, 0.001, 0.001, 0.0, 0.009, 0.001, 0.001, 0.0, 0.0, 0.001, 0.0, 0.001, 0.001, 0.001, 0.001, 0.001, 0.0, 0.001, 0.001, 0.001, 0.0, 0.0, 0.001, 0.001, 0.001, 0.001, 0.072, 0.0, 0.0], P([2, 5]) [1.0, 0.0, 0.0, 1.0], P([1, 4]) [1.0, 0.0, 0.0, 1.0], P([0, 1, 2, 3]) [1.0, 0.0, 0.0, 1.0, 0.0, 0.0, 1.0, 0.0, 0.0, 1.0, 0.0, 0.0, 1.0, 0.0, 0.0, 1.0, 0.0, 0.0, 1.0, 0.0, 0.0, 0.0, 0.0, 1.0, 1.0, 0.0, 0.0, 1.0, 0.0, 0.0, 0.0, 1.0, 0.0, 1.0, 0.0, 0.0, 1.0, 0.0, 0.0, 1.0, 0.0, 0.0, 0.0, 1.0, 0.0, 0.0, 1.0, 0.0, 1.0, 0.0, 0.0, 1.0, 0.0, 0.0, 0.0, 1.0, 0.0, 0.0, 0.0, 1.0, 1.0, 0.0, 0.0, 1.0, 0.0, 0.0, 0.0, 0.0, 1.0, 1.0, 0.0, 0.0, 1.0, 0.0, 0.0, 1.0, 0.0, 0.0, 0.0, 0.0, 1.0, 0.0, 1.0, 0.0, 1.0, 0.0, 0.0, 0.0, 1.0, 0.0, 1.0, 0.0, 0.0, 1.0, 0.0, 0.0, 1.0, 0.0, 0.0, 0.0, 1.0, 0.0, 1.0, 0.0, 0.0, 0.0, 1.0, 0.0, 1.0, 0.0, 0.0, 0.0, 1.0, 0.0, 1.0, 0.0, 0.0, 0.0, 0.0, 1.0, 1.0, 0.0, 0.0, 0.0, 1.0, 0.0, 0.0, 1.0, 0.0, 1.0, 0.0, 0.0, 1.0, 0.0, 0.0, 0.0, 1.0, 0.0, 0.0, 1.0, 0.0, 0.0, 0.0, 1.0, 1.0, 0.0, 0.0, 0.0, 1.0, 0.0, 0.0, 0.0, 1.0, 1.0, 0.0, 0.0, 1.0, 0.0, 0.0, 0.0, 0.0, 1.0, 1.0, 0.0, 0.0, 0.0, 1.0, 0.0, 1.0, 0.0, 0.0, 0.0, 0.0, 1.0, 0.0, 1.0, 0.0, 1.0, 0.0, 0.0, 1.0, 0.0, 0.0, 0.0, 0.0, 1.0, 0.0, 1.0, 0.0, 0.0, 0.0, 1.0, 1.0, 0.0, 0.0, 0.0, 0.0, 1.0, 0.0, 0.0, 1.0, 1.0, 0.0, 0.0, 1.0, 0.0, 0.0, 0.0, 0.0, 1.0, 0.0, 0.0, 1.0, 0.0, 1.0, 0.0, 1.0, 0.0, 0.0, 0.0, 0.0, 1.0, 0.0, 0.0, 1.0, 0.0, 0.0, 1.0, 0.0, 1.0, 0.0, 1.0, 0.0, 0.0, 1.0, 0.0, 0.0, 1.0, 0.0, 0.0, 0.0, 1.0, 0.0, 1.0, 0.0, 0.0, 1.0, 0.0, 0.0, 0.0, 1.0, 0.0, 0.0, 1.0, 0.0, 1.0, 0.0, 0.0, 1.0, 0.0, 0.0, 0.0, 0.0, 1.0, 0.0, 1.0, 0.0, 1.0, 0.0, 0.0, 0.0, 1.0, 0.0, 0.0, 1.0, 0.0, 0.0, 1.0, 0.0, 1.0, 0.0, 0.0, 0.0, 1.0, 0.0, 0.0, 0.0, 1.0, 0.0, 1.0, 0.0, 1.0, 0.0, 0.0, 0.0, 0.0, 1.0, 0.0, 0.0, 1.0, 0.0, 1.0, 0.0, 0.0, 1.0, 0.0, 1.0, 0.0, 0.0, 0.0, 1.0, 0.0, 0.0, 1.0, 0.0, 0.0, 1.0, 0.0, 1.0, 0.0, 0.0, 0.0, 0.0, 1.0, 0.0, 1.0, 0.0, 0.0, 1.0, 0.0, 0.0, 1.0, 0.0, 1.0, 0.0, 0.0, 0.0, 1.0, 0.0, 0.0, 1.0, 0.0, 0.0, 1.0, 0.0, 0.0, 0.0, 1.0, 0.0, 1.0, 0.0, 0.0, 1.0, 0.0, 0.0, 0.0, 1.0, 1.0, 0.0, 0.0, 0.0, 1.0, 0.0, 0.0, 1.0, 0.0, 0.0, 0.0, 1.0, 0.0, 1.0, 0.0, 0.0, 1.0, 0.0, 0.0, 1.0, 0.0, 0.0, 0.0, 1.0, 0.0, 0.0, 1.0, 0.0, 1.0, 0.0, 0.0, 0.0, 1.0, 1.0, 0.0, 0.0, 1.0, 0.0, 0.0, 0.0, 1.0, 0.0, 0.0, 0.0, 1.0, 1.0, 0.0, 0.0, 0.0, 1.0, 0.0, 0.0, 1.0, 0.0, 0.0, 0.0, 1.0, 0.0, 1.0, 0.0, 1.0, 0.0, 0.0, 0.0, 1.0, 0.0, 0.0, 0.0, 1.0, 0.0, 1.0, 0.0, 0.0, 0.0, 1.0, 0.0, 1.0, 0.0, 0.0, 0.0, 1.0, 0.0, 0.0, 1.0, 1.0, 0.0, 0.0, 0.0, 1.0, 0.0, 0.0, 0.0, 1.0, 0.0, 0.0, 1.0, 0.0, 1.0, 0.0, 0.0, 0.0, 1.0, 1.0, 0.0, 0.0, 0.0, 1.0, 0.0, 1.0, 0.0, 0.0, 0.0, 0.0, 1.0, 1.0, 0.0, 0.0, 0.0, 1.0, 0.0, 0.0, 0.0, 1.0, 0.0, 0.0, 1.0, 1.0, 0.0, 0.0, 0.0, 0.0, 1.0, 1.0, 0.0, 0.0, 0.0, 0.0, 1.0, 1.0, 0.0, 0.0, 0.0, 0.0, 1.0, 0.0, 0.0, 1.0, 0.0, 0.0, 1.0, 0.0, 1.0, 0.0, 1.0, 0.0, 0.0, 1.0, 0.0, 0.0, 0.0, 0.0, 1.0, 0[2024-10-14T10:34:23.637503][INFO][seed36] !0 = [0, 1, 3, 5, 6, 7, 10, 12, 14, 21, 22, 23, 25, 30, 31, 32, 37, 40, 48, 49, 51, 52, 53, 54, 57, 60, 63, 66, 67, 76, 78, 80]
.0, 1.0, 0.0, 1.0, 0.0, 0.0, 0.0, 1.0, 0.0, 0.0, 0.0, 1.0, 0.0, 1.0, 0.0, 0.0, 1.0, 0.0, 0.0, 0.0, 1.0, 0.0, 0.0, 1.0, 0.0, 1.0, 0.0, 0.0, 0.0, 1.0, 0.0, 1.0, 0.0, 0.0, 0.0, 1.0, 0.0, 0.0, 1.0, 1.0, 0.0, 0.0, 1.0, 0.0, 0.0, 0.0, 0.0, 1.0, 0.0, 0.0, 1.0, 1.0, 0.0, 0.0, 0.0, 1.0, 0.0, 0.0, 0.0, 1.0, 0.0, 0.0, 1.0, 1.0, 0.0, 0.0, 0.0, 0.0, 1.0, 0.0, 0.0, 1.0, 0.0, 0.0, 1.0, 0.0, 1.0, 0.0, 1.0, 0.0, 0.0, 0.0, 0.0, 1.0, 0.0, 0.0, 1.0, 0.0, 1.0, 0.0, 0.0, 1.0, 0.0, 0.0, 0.0, 1.0, 0.0, 0.0, 1.0, 0.0, 1.0, 0.0, 0.0, 0.0, 1.0, 0.0, 0.0, 1.0, 0.0, 0.0, 1.0, 0.0, 0.0, 1.0, 1.0, 0.0, 0.0, 0.0, 0.0, 1.0, 0.0, 0.0, 1.0, 0.0, 0.0, 1.0, 0.0, 1.0, 0.0, 0.0, 0.0, 1.0, 0.0, 0.0, 1.0, 0.0, 0.0, 1.0, 0.0, 0.0, 1.0]]

[2024-10-14T10:34:23.638683][INFO][seed36] 0 = [2, 4, 8, 9, 11, 13, 15, 16, 17, 18, 19, 20, 24, 26, 27, 28, 29, 33, 34, 35, 36, 38, 39, 41, 42, 43, 44, 45, 46, 47, 50, 55, 56, 58, 59, 61, 62, 64, 65, 68, 69, 70, 71, 72, 73, 74, 75, 77, 79]
[2024-10-14T10:34:23.640526][INFO][seed29] Dropping state 24
[2024-10-14T10:34:23.642276][INFO][seed29] Dropping state 23
[2024-10-14T10:34:23.642503][INFO][seed76] Dropping state 78
[2024-10-14T10:34:23.644988][INFO][seed76] Dropping state 77
[2024-10-14T10:34:23.647021][INFO][seed76] Dropping state 74
[2024-10-14T10:34:23.647642][INFO][seed36] Dropping state 77
[2024-10-14T10:34:23.646572][INFO][seed29] Dropping state 21
[2024-10-14T10:34:23.650290][INFO][seed36] Dropping state 72
[2024-10-14T10:34:23.649491][INFO][seed29] Dropping state 16
[2024-10-14T10:34:23.651023][INFO][seed76] Dropping state 70
[2024-10-14T10:34:23.651615][INFO][seed29] Dropping state 15
[2024-10-14T10:34:23.652573][INFO][seed36] Dropping state 68
[2024-10-14T10:34:23.652875][INFO][seed29] Dropping state 12
[2024-10-14T10:34:23.655458][INFO][seed29] Dropping state 9
[2024-10-14T10:34:23.656264][INFO][seed36] Dropping state 62
[2024-10-14T10:34:23.657073][INFO][seed29] Dropping state 6
[2024-10-14T10:34:23.657540][INFO][seed76] Dropping state 67
[2024-10-14T10:34:23.658365][INFO][seed29] Dropping state 5
[2024-10-14T10:34:23.661478][INFO][seed36] Dropping state 61
[2024-10-14T10:34:23.662888][INFO][seed29] Dropping state 3
[2024-10-14T10:34:23.667775][INFO][seed29] U cardinality: 55
[2024-10-14T10:34:23.668294][INFO][seed76] Dropping state 61
[2024-10-14T10:34:23.670358][INFO][seed36] Dropping state 59
[2024-10-14T10:34:23.672929][INFO][seed76] Dropping state 58
[2024-10-14T10:34:23.674822][INFO][seed36] Dropping state 58
[2024-10-14T10:34:23.677891][INFO][seed76] Dropping state 52
[2024-10-14T10:34:23.679092][INFO][seed36] Dropping state 56
[2024-10-14T10:34:23.679978][INFO][seed76] Dropping state 51
[2024-10-14T10:34:23.679297][INFO][seed45] Sampled 1000 data instances
[2024-10-14T10:34:23.679473][INFO][seed45] Starting exact inference 
[2024-10-14T10:34:23.681336][INFO][seed36] Dropping state 55
[2024-10-14T10:34:23.681757][INFO][seed76] Dropping state 50
[2024-10-14T10:34:23.682650][INFO][seed76] Dropping state 47
[2024-10-14T10:34:23.682706][INFO][seed36] Dropping state 47
[2024-10-14T10:34:23.683690][INFO][seed36] Dropping state 42
[2024-10-14T10:34:23.684487][INFO][seed29] 
[P([5]) [0.375, 0.625], P([4]) [0.31, 0.69], P([3]) [0.0, 0.001, 0.0, 0.0, 0.001, 0.0, 0.001, 0.001, 0.001, 0.001, 0.001, 0.0, 0.001, 0.0, 0.0, 0.0, 0.001, 0.001, 0.0, 0.0, 0.001, 0.001, 0.001, 0.001, 0.001, 0.0, 0.0, 0.0, 0.001, 0.0, 0.0, 0.0, 0.001, 0.001, 0.0, 0.0, 0.001, 0.0, 0.0, 0.001, 0.001, 0.001, 0.001, 0.001, 0.001, 0.001, 0.0, 0.001, 0.001, 0.001, 0.0, 0.001, 0.001, 0.0, 0.969], P([2, 5]) [1.0, 0.0, 0.0, 1.0], P([1, 4]) [1.0, 0.0, 0.0, 1.0], P([0, 1, 2, 3]) [1.0, 0.0, 0.0, 1.0, 0.0, 0.0, 1.0, 0.0, 0.0, 1.0, 0.0, 0.0, 1.0, 0.0, 0.0, 1.0, 0.0, 0.0, 1.0, 0.0, 0.0, 0.0, 1.0, 0.0, 1.0, 0.0, 0.0, 1.0, 0.0, 0.0, 1.0, 0.0, 0.0, 0.0, 0.0, 1.0, 1.0, 0.0, 0.0, 1.0, 0.0, 0.0, 0.0, 1.0, 0.0, 0.0, 1.0, 0.0, 1.0, 0.0, 0.0, 1.0, 0.0, 0.0, 0.0, 0.0, 1.0, 0.0, 1.0, 0.0, 1.0, 0.0, 0.0, 1.0, 0.0, 0.0, 0.0, 0.0, 1.0, 0.0, 0.0, 1.0, 1.0, 0.0, 0.0, 0.0, 1.0, 0.0, 1.0, 0.0, 0.0, 0.0, 1.0, 0.0, 1.0, 0.0, 0.0, 0.0, 1.0, 0.0, 1.0, 0.0, 0.0, 0.0, 0.0, 1.0, 1.0, 0.0, 0.0, 0.0, 1.0, 0.0, 0.0, 1.0, 0.0, 0.0, 1.0, 0.0, 1.0, 0.0, 0.0, 0.0, 1.0, 0.0, 0.0, 1.0, 0.0, 0.0, 0.0, 1.0, 1.0, 0.0, 0.0, 0.0, 1.0, 0.0, 0.0, 0.0, 1.0, 0.0, 0.0, 1.0, 1.0, 0.0, 0.0, 0.0, 0.0, 1.0, 1.0, 0.0, 0.0, 1.0, 0.0, 0.0, 1.0, 0.0, 0.0, 0.0, 0.0, 1.0, 1.0, 0.0, 0.0, 0.0, 1.0, 0.0, 1.0, 0.0, 0.0, 0.0, 0.0, 1.0, 1.0, 0.0, 0.0, 0.0, 0.0, 1.0, 1.0, 0.0, 0.0, 0.0, 0.0, 1.0, 0.0, 1.0, 0.0, 0.0, 1.0, 0.0, 1.0, 0.0, 0.0, 0.0, 0.0, 1.0, 0.0, 0.0, 1.0, 0.0, 1.0, 0.0, 1.0, 0.0, 0.0, 0.0, 0.0, 1.0, 0.0, 0.0, 1.0, 0.0, 0.0, 1.0, 0.0, 1.0, 0.0, 1.0, 0.0, 0.0, 1.0, 0.0, 0.0, 1.0, 0.0, 0.0, 0.0, 1.0, 0.0, 1.0, 0.0, 0.0, 1.0, 0.0, 0.0, 0.0, 0.0, 1.0, 0.0, 1.0, 0.0, 1.0, 0.0, 0.0, 0.0, 1.0, 0.0, 1.0, 0.0, 0.0, 0.0, 1.0, 0.0, 1.0, 0.0, 0.0, 0.0, 1.0, 0.0, 0.0, 1.0, 0.0, 0.0, 1.0, 0.0, 1.0, 0.0, 0.0, 0.0, 0.0, 1.0, 0.0, 1.0, 0.0, 0.0, 1.0, 0.0, 1.0, 0.0, 0.0, 0.0, 0.0, 1.0, 0.0, 0.0, 1.0, 0.0, 1.0, 0.0, 0.0, 1.0, 0.0, 1.0, 0.0, 0.0, 1.0, 0.0, 0.0, 0.0, 1.0, 0.0, 0.0, 1.0, 0.0, 1.0, 0.0, 0.0, 0.0, 1.0, 0.0, 0.0, 1.0, 0.0, 0.0, 1.0, 0.0, 1.0, 0.0, 0.0, 0.0, 0.0, 1.0, 0.0, 1.0, 0.0, 0.0, 1.0, 0.0, 0.0, 1.0, 0.0, 0.0, 1.0, 0.0, 0.0, 1.0, 0.0, 0.0, 1.0, 0.0, 0.0, 1.0, 0.0, 0.0, 0.0, 1.0, 0.0, 1.0, 0.0, 0.0, 1.0, 0.0, 0.0, 0.0, 1.0, 1.0, 0.0, 0.0, 0.0, 1.0, 0.0, 0.0, 0.0, 1.0, 1.0, 0.0, 0.0, 1.0, 0.0, 0.0, 0.0, 1.0, 0.0, 0.0, 0.0, 1.0, 1.0, 0.0, 0.0, 0.0, 1.0, 0.0, 0.0, 1.0, 0.0, 0.0, 0.0, 1.0, 0.0, 1.0, 0.0, 1.0, 0.0, 0.0, 0.0, 1.0, 0.0, 0.0, 0.0, 1.0, 0.0, 1.0, 0.0, 0.0, 1.0, 0.0, 0.0, 1.0, 0.0, 0.0, 0.0, 1.0, 0.0, 1.0, 0.0, 0.0, 0.0, 1.0, 0.0, 1.0, 0.0, 0.0, 0.0, 1.0, 0.0, 0.0, 1.0, 1.0, 0.0, 0.0, 0.0, 1.0, 0.0, 0.0, 0.0, 1.0, 0.0, 0.0, 1.0, 0.0, 1.0, 0.0, 0.0, 0.0, 1.0, 1.0, 0.0, 0.0, 1.0, 0.0, 0.0, 1.0, 0.0, 0.0, 0.0, 0.0, 1.0, 1.0, 0.0, 0.0, 1.0, 0.0, 0.0, 0.0, 1.0, 0.0, 0.0, 0.0, 1.0, 1.0, 0.0, 0.0, 1.0, 0.0, 0.0, 0.0, 0.0, 1.0, 0.0, 0.0, 1.0, 1.0, 0.0, 0.0, 0.0, 1.0, 0.0, 1.0, 0.0, 0.0, 0.0, 0.0, 1.0, 1.0, 0.0, 0.0, 0.0, 1.0, 0.0, 0.0, 1.0, 0.0, 0.0, 0.0, 1.0, 1.0, 0.0, 0.0, 0.0, 0.0, 1.0, 0.0, 1.0, 0.0, 0.0, 0.0, 1.0, 1.0, 0.0, 0.0, 0.0, 0.0, 1.0, 0.0, 0.0, 1.0, 0.0, 0.0, 1.0, 0.0[2024-10-14T10:34:23.686330][INFO][seed33] U cardinality: 81
[2024-10-14T10:34:23.685047][INFO][seed76] Dropping state 46
, 1.0, 0.0, 1.0, 0.0, 0.0, 1.0, 0.0, 0.0, 0.0, 0.0, 1.0, 0.0, 1.0, 0.0, 1.0, 0.0, 0.0, 0.0, 1.0, 0.0, 0.0, 0.0, 1.0, 0.0, 1.0, 0.0, 1.0, 0.0, 0.0, 0.0, 0.0, 1.0, 0.0, 0.0, 1.0, 0.0, 1.0, 0.0, 0.0, 1.0, 0.0, 0.0, 1.0, 0.0, 0.0, 0.0, 1.0, 0.0, 1.0, 0.0, 0.0, 1.0, 0.0, 0.0, 0.0, 1.0, 0.0, 0.0, 1.0, 0.0, 1.0, 0.0, 0.0, 0.0, 1.0, 1.0, 0.0, 0.0, 0.0, 0.0, 1.0, 0.0, 1.0, 0.0, 0.0, 0.0, 1.0, 0.0, 1.0, 0.0, 0.0, 0.0, 1.0, 0.0, 0.0, 1.0, 1.0, 0.0, 0.0, 1.0, 0.0, 0.0, 0.0, 0.0, 1.0, 0.0, 0.0, 1.0, 1.0, 0.0, 0.0, 0.0, 1.0, 0.0, 0.0, 0.0, 1.0, 0.0, 0.0, 1.0, 0.0, 1.0, 0.0, 1.0, 0.0, 0.0, 0.0, 0.0, 1.0, 0.0, 0.0, 1.0, 0.0, 1.0, 0.0, 0.0, 0.0, 1.0, 0.0, 0.0, 1.0, 0.0, 0.0, 1.0, 0.0, 0.0, 1.0, 0.0, 0.0, 1.0]]

[2024-10-14T10:34:23.686317][INFO][seed76] Dropping state 37
[2024-10-14T10:34:23.689344][INFO][seed76] Dropping state 36
[2024-10-14T10:34:23.691188][INFO][seed76] Dropping state 35
[2024-10-14T10:34:23.691867][INFO][seed76] Dropping state 34
[2024-10-14T10:34:23.695216][INFO][seed76] Dropping state 32
[2024-10-14T10:34:23.695593][INFO][seed36] Dropping state 41
[2024-10-14T10:34:23.697437][INFO][seed36] Dropping state 39
[2024-10-14T10:34:23.697526][INFO][seed33] !0 = [1, 3, 4, 6, 10, 16, 18, 20, 29, 30, 32, 35, 37, 38, 39, 42, 44, 48, 50, 51, 52, 56, 57, 59, 63, 65, 66, 67, 70, 73, 74, 78]
[2024-10-14T10:34:23.698549][INFO][seed33] 0 = [0, 2, 5, 7, 8, 9, 11, 12, 13, 14, 15, 17, 19, 21, 22, 23, 24, 25, 26, 27, 28, 31, 33, 34, 36, 40, 41, 43, 45, 46, 47, 49, 53, 54, 55, 58, 60, 61, 62, 64, 68, 69, 71, 72, 75, 76, 77, 79, 80]
[2024-10-14T10:34:23.699524][INFO][seed36] Dropping state 38
[2024-10-14T10:34:23.696541][INFO][seed76] Dropping state 24
[2024-10-14T10:34:23.701099][INFO][seed36] Dropping state 36
[2024-10-14T10:34:23.701720][INFO][seed36] Dropping state 33
[2024-10-14T10:34:23.703510][INFO][seed76] Dropping state 22
[2024-10-14T10:34:23.704911][INFO][seed36] Dropping state 29
[2024-10-14T10:34:23.705636][INFO][seed76] Dropping state 19
[2024-10-14T10:34:23.706324][INFO][seed36] Dropping state 28
[2024-10-14T10:34:23.707022][INFO][seed76] Dropping state 17
[2024-10-14T10:34:23.707896][INFO][seed76] Dropping state 12
[2024-10-14T10:34:23.707936][INFO][seed33] Dropping state 80
[2024-10-14T10:34:23.709716][INFO][seed33] Dropping state 76
[2024-10-14T10:34:23.710681][INFO][seed36] Dropping state 24
[2024-10-14T10:34:23.711645][INFO][seed33] Dropping state 75
[2024-10-14T10:34:23.712904][INFO][seed76] U cardinality: 59
[2024-10-14T10:34:23.713807][INFO][seed36] Dropping state 18
[2024-10-14T10:34:23.715465][INFO][seed33] Dropping state 64
[2024-10-14T10:34:23.718773][INFO][seed36] Dropping state 16
[2024-10-14T10:34:23.719946][INFO][seed36] Dropping state 13
[2024-10-14T10:34:23.721507][INFO][seed36] Dropping state 9
[2024-10-14T10:34:23.722688][INFO][seed36] Dropping state 4
[2024-10-14T10:34:23.723334][INFO][seed33] Dropping state 55
[2024-10-14T10:34:23.728956][INFO][seed76] 
[P([5]) [0.613, 0.387], P([4]) [0.137, 0.863], P([3]) [0.006, 0.001, 0.0, 0.0, 0.001, 0.0, 0.0, 0.0, 0.001, 0.001, 0.001, 0.001, 0.001, 0.0, 0.001, 0.001, 0.001, 0.001, 0.0, 0.001, 0.001, 0.001, 0.001, 0.0, 0.001, 0.0, 0.0, 0.01, 0.001, 0.13, 0.0, 0.001, 0.001, 0.001, 0.001, 0.0, 0.0, 0.001, 0.001, 0.0, 0.001, 0.0, 0.0, 0.0, 0.152, 0.0, 0.001, 0.0, 0.0, 0.001, 0.0, 0.0, 0.001, 0.0, 0.0, 0.0, 0.0, 0.0, 0.675], P([2, 5]) [1.0, 0.0, 0.0, 1.0], P([1, 4]) [1.0, 0.0, 0.0, 1.0], P([0, 1, 2, 3]) [1.0, 0.0, 0.0, 1.0, 0.0, 0.0, 1.0, 0.0, 0.0, 1.0, 0.0, 0.0, 1.0, 0.0, 0.0, 1.0, 0.0, 0.0, 1.0, 0.0, 0.0, 0.0, 1.0, 0.0, 1.0, 0.0, 0.0, 1.0, 0.0, 0.0, 1.0, 0.0, 0.0, 0.0, 0.0, 1.0, 1.0, 0.0, 0.0, 1.0, 0.0, 0.0, 0.0, 1.0, 0.0, 1.0, 0.0, 0.0, 1.0, 0.0, 0.0, 1.0, 0.0, 0.0, 0.0, 1.0, 0.0, 0.0, 1.0, 0.0, 1.0, 0.0, 0.0, 1.0, 0.0, 0.0, 0.0, 1.0, 0.0, 0.0, 0.0, 1.0, 1.0, 0.0, 0.0, 1.0, 0.0, 0.0, 0.0, 0.0, 1.0, 1.0, 0.0, 0.0, 1.0, 0.0, 0.0, 1.0, 0.0, 0.0, 0.0, 0.0, 1.0, 0.0, 1.0, 0.0, 1.0, 0.0, 0.0, 1.0, 0.0, 0.0, 0.0, 0.0, 1.0, 0.0, 0.0, 1.0, 1.0, 0.0, 0.0, 0.0, 1.0, 0.0, 1.0, 0.0, 0.0, 1.0, 0.0, 0.0, 1.0, 0.0, 0.0, 0.0, 1.0, 0.0, 1.0, 0.0, 0.0, 0.0, 1.0, 0.0, 1.0, 0.0, 0.0, 0.0, 1.0, 0.0, 1.0, 0.0, 0.0, 0.0, 0.0, 1.0, 1.0, 0.0, 0.0, 0.0, 1.0, 0.0, 0.0, 1.0, 0.0, 0.0, 1.0, 0.0, 1.0, 0.0, 0.0, 0.0, 1.0, 0.0, 0.0, 1.0, 0.0, 0.0, 0.0, 1.0, 1.0, 0.0, 0.0, 0.0, 1.0, 0.0, 0.0, 0.0, 1.0, 1.0, 0.0, 0.0, 1.0, 0.0, 0.0, 0.0, 1.0, 0.0, 0.0, 0.0, 1.0, 0.0, 1.0, 0.0, 1.0, 0.0, 0.0, 0.0, 0.0, 1.0, 1.0, 0.0, 0.0, 1.0, 0.0, 0.0, 1.0, 0.0, 0.0, 0.0, 0.0, 1.0, 1.0, 0.0, 0.0, 0.0, 0.0, 1.0, 1.0, 0.0, 0.0, 0.0, 0.0, 1.0, 0.0, 1.0, 0.0, 1.0, 0.0, 0.0, 1.0, 0.0, 0.0, 0.0, 0.0, 1.0, 0.0, 1.0, 0.0, 0.0, 0.0, 1.0, 1.0, 0.0, 0.0, 0.0, 0.0, 1.0, 0.0, 0.0, 1.0, 0.0, 1.0, 0.0, 1.0, 0.0, 0.0, 0.0, 0.0, 1.0, 0.0, 0.0, 1.0, 0.0, 0.0, 1.0, 0.0, 1.0, 0.0, 1.0, 0.0, 0.0, 1.0, 0.0, 0.0, 1.0, 0.0, 0.0, 0.0, 1.0, 0.0, 1.0, 0.0, 0.0, 1.0, 0.0, 0.0, 0.0, 1.0, 0.0, 0.0, 1.0, 0.0, 1.0, 0.0, 0.0, 1.0, 0.0, 0.0, 0.0, 0.0, 1.0, 0.0, 1.0, 0.0, 1.0, 0.0, 0.0, 0.0, 1.0, 0.0, 1.0, 0.0,[2024-10-14T10:34:23.729628][INFO][seed36] U cardinality: 57
 0.0, 0.0, 1.0, 0.0, 1.0, 0.0, 0.0, 0.0, 1.0, 0.0, 0.0, 1.0, 0.0, 0.0, 1.0, 0.0, 1.0, 0.0, 0.0, 0.0, 0.0, 1.0, 1.0, 0.0, 0.0, 0.0, 1.0, 0.0, 0.0, 1.0, 0.0, 1.0, 0.0, 0.0, 0.0, 0.0, 1.0, 0.0, 1.0, 0.0, 0.0, 1.0, 0.0, 0.0, 1.0, 0.0, 1.0, 0.0, 0.0, 0.0, 1.0, 0.0, 0.0, 1.0, 0.0, 0.0, 1.0, 0.0, 0.0, 1.0, 0.0, 0.0, 1.0, 0.0, 0.0, 1.0, 0.0, 0.0, 1.0, 0.0, 0.0, 0.0, 1.0, 0.0, 1.0, 0.0, 0.0, 1.0, 0.0, 0.0, 0.0, 1.0, 1.0, 0.0, 0.0, 0.0, 1.0, 0.0, 0.0, 1.0, 0.0, 0.0, 0.0, 1.0, 0.0, 1.0, 0.0, 0.0, 1.0, 0.0, 0.0, 1.0, 0.0, 0.0, 0.0, 1.0, 0.0, 0.0, 1.0, 0.0, 1.0, 0.0, 0.0, 0.0, 1.0, 1.0, 0.0, 0.0, 1.0, 0.0, 0.0, 0.0, 1.0, 0.0, 0.0, 0.0, 1.0, 0.0, 1.0, 0.0, 1.0, 0.0, 0.0, 0.0, 1.0, 0.0, 0.0, 0.0, 1.0, 0.0, 1.0, 0.0, 0.0, 1.0, 0.0, 0.0, 1.0, 0.0, 0.0, 0.0, 1.0, 0.0, 0.0, 1.0, 0.0, 0.0, 1.0, 0.0, 0.0, 1.0, 1.0, 0.0, 0.0, 1.0, 0.0, 0.0, 1.0, 0.0, 0.0, 0.0, 0.0, 1.0, 1.0, 0.0, 0.0, 1.0, 0.0, 0.0, 0.0, 1.0, 0.0, 0.0, 0.0, 1.0, 1.0, 0.0, 0.0, 1.0, 0.0, 0.0, 0.0, 0.0, 1.0, 0.0, 0.0, 1.0, 1.0, 0.0, 0.0, 0.0, 1.0, 0.0, 1.0, 0.0, 0.0, 0.0, 0.0, 1.0, 1.0, 0.0, 0.0, 0.0, 1.0, 0.0, 0.0, 0.0, 1.0, 0.0, 0.0, 1.0, 1.0, 0.0, 0.0, 0.0, 0.0, 1.0, 1.0, 0.0, 0.0, 0.0, 0.0, 1.0, 1.0, 0.0, 0.0, 0.0, 0.0, 1.0, 0.0, 0.0, 1.0, 0.0, 0.0, 1.0, 0.0, 1.0, 0.0, 1.0, 0.0, 0.0, 1.0, 0.0, 0.0, 0.0, 0.0, 1.0, 0.0, 1.0, 0.0, 1.0, 0.0, 0.0, 0.0, 1.0, 0.0, 0.0, 0.0, 1.0, 0.0, 1.0, 0.0, 1.0, 0.0, 0.0, 0.0, 0.0, 1.0, 0.0, 0.0, 1.0, 0.0, 1.0, 0.0, 0.0, 1.0, 0.0, 1.0, 0.0, 0.0, 0.0, 0.0, 1.0, 0.0, 1.0, 0.0, 0.0, 1.0, 0.0, 0.0, 0.0, 1.0, 0.0, 0.0, 1.0, 0.0, 1.0, 0.0, 0.0, 0.0, 1.0, 1.0, 0.0, 0.0, 0.0, 0.0, 1.0, 0.0, 1.0, 0.0, 0.0, 0.0, 1.0, 0.0, 0.0, 1.0, 0.0, 0.0, 1.0, 0.0, 0.0, 1.0, 1.0, 0.0, 0.0, 1.0, 0.0, 0.0, 0.0, 0.0, 1.0, 0.0, 0.0, 1.0, 1.0, 0.0, 0.0, 0.0, 1.0, 0.0, 0.0, 0.0, 1.0, 0.0, 0.0, 1.0, 0.0, 1.0, 0.0, 1.0, 0.0, 0.0, 0.0, 0.0, 1.0, 0.0, 0.0, 1.0, 0.0, 1.0, 0.0, 0.0, 1.0, 0.0, 0.0, 0.0, 1.0, 0.0, 0.0, 1.0, 0.0, 0.0, 1.0, 0.0, 1.0, 0.0, 0.0, 0.0, 1.0, 0.0, 0.0, 1.0, 0.0, 0.0, 1.0, 0.0, 0.0, 1.0]]

[2024-10-14T10:34:23.735200][INFO][seed33] Dropping state 54
[2024-10-14T10:34:23.739265][INFO][seed33] Dropping state 53
[2024-10-14T10:34:23.741645][INFO][seed33] Dropping state 49
[2024-10-14T10:34:23.745554][INFO][seed36] 
[P([5]) [0.292, 0.708], P([4]) [0.822, 0.178], P([3]) [0.001, 0.001, 0.0, 0.001, 0.001, 0.363, 0.001, 0.0, 0.001, 0.0, 0.001, 0.001, 0.0, 0.0, 0.0, 0.0, 0.001, 0.001, 0.321, 0.001, 0.0, 0.0, 0.001, 0.001, 0.001, 0.0, 0.0, 0.001, 0.001, 0.0, 0.0, 0.0, 0.0, 0.001, 0.001, 0.0, 0.001, 0.001, 0.001, 0.006, 0.001, 0.001, 0.001, 0.0, 0.0, 0.001, 0.003, 0.0, 0.0, 0.0, 0.0, 0.0, 0.0, 0.001, 0.001, 0.0, 0.28], P([2, 5]) [1.0, 0.0, 0.0, 1.0], P([1, 4]) [1.0, 0.0, 0.0, 1.0], P([0, 1, 2, 3]) [1.0, 0.0, 0.0, 1.0, 0.0, 0.0, 1.0, 0.0, 0.0, 1.0, 0.0, 0.0, 1.0, 0.0, 0.0, 1.0, 0.0, 0.0, 1.0, 0.0, 0.0, 0.0, 1.0, 0.0, 1.0, 0.0, 0.0, 1.0, 0.0, 0.0, 1.0, 0.0, 0.0, 0.0, 0.0, 1.0, 1.0, 0.0, 0.0, 1.0, 0.0, 0.0, 0.0, 1.0, 0.0, 1.0, 0.0, 0.0, 1.0, 0.0, 0.0, 1.0, 0.0, 0.0, 0.0, 1.0, 0.0, 0.0, 0.0, 1.0, 1.0, 0.0, 0.0, 1.0, 0.0, 0.0, 0.0, 0.0, 1.0, 1.0, 0.0, 0.0, 1.0, 0.0, 0.0, 1.0, 0.0, 0.0, 0.0, 0.0, 1.0, 0.0, 1.0, 0.0, 1.0, 0.0, 0.0, 1.0, 0.0, 0.0, 0.0, 0.0, 1.0, 0.0, 0.0, 1.0, 1.0, 0.0, 0.0, 0.0, 1.0, 0.0, 1.0, 0.0, 0.0, 0.0, 1.0, 0.0, 1.0, 0.0, 0.0, 0.0, 1.0, 0.0, 1.0, 0.0, 0.0, 0.0, 0.0, 1.0, 1.0, 0.0, 0.0, 0.0, 1.0, 0.0, 0.0, 1.0, 0.0, 1.0, 0.0, 0.0, 1.0, 0.0, 0.0, 0.0, 1.0, 0.0, 0.0, 1.0, 0.0, 0.0, 0.0, 1.0, 1.0, 0.0, 0.0, 0.0, 1.0, 0.0, 0.0, 0.0, 1.0, 1.0, 0.0, 0.0, 1.0, 0.0, 0.0, 0.0, 1.0, 0.0, 0.0, 0.0, 1.0, 0.0, 0.0, 1.0, 1.0, 0.0, 0.0, 0.0, 0.0, 1.0, 1.0, 0.0, 0.0, 0.0, 1.0, 0.0, 1.0, 0.0, 0.0, 0.0, 0.0, 1.0, 1.0, 0.0, 0.0, 0.0, 0.0, 1.0, 1.0, 0.0, 0.0, 0.0, 0.0, 1.0, 0.0, 1.0, 0.0, 1.0, 0.0, 0.0, 1.0, 0.0, 0.0, 0.0, 0.0, 1.0, 0.0, 1.0, 0.0, 0.0, 1.0, 0.0, 1.0, 0.0, 0.0, 0.0, 0.0, 1.0, 0.0, 1.0, 0.0, 0.0, 0.0, 1.0, 1.0, 0.0, 0.0, 0.0, 0.0, 1.0, 0.0, 0.0, 1.0, 0.0, 1.0, 0.0, 1.0, 0.0, 0.0, 0.0, 0.0, 1.0, 0.0, 0.0, 1.0, 0.0, 0.0, 1.0, 0.0, 1.0, 0.0, 1.0, 0.0, 0.0, 1.0, 0.0, 0.0, 1.0, 0.0, 0.0, 0.0, 1.0, 0.0, 1.0, 0.0, 0.0, 0.0, 1.0, 0.0, 1.0, 0.0, 0.0, 0.0, 1.0, 0.0, 1.0, 0.0, 0.0, 0.0, 1.0, 0.0, 0.0, 1.0, 0.0, 0.0, 1.0, 0.0, 1.0, 0.0, 0.0, 0.0, 1.0, 0.0, 0.0, 0.0, 1.0, 0.0, 1.0, 0.0, 1.0, 0.0, 0.0, 0.0, 0.0, 1.0, 0.0, 1.0, 0.0, 0.0[2024-10-14T10:34:23.746993][INFO][seed33] Dropping state 45
, 1.0, 0.0, 1.0, 0.0, 0.0, 0.0, 0.0, 1.0, 0.0, 0.0, 1.0, 0.0, 1.0, 0.0, 0.0, 1.0, 0.0, 1.0, 0.0, 0.0, 0.0, 1.0, 0.0, 0.0, 1.0, 0.0, 0.0, 1.0, 0.0, 0.0, 1.0, 0.0, 0.0, 1.0, 0.0, 0.0, 1.0, 0.0, 0.0, 1.0, 0.0, 0.0, 0.0, 1.0, 0.0, 1.0, 0.0, 0.0, 1.0, 0.0, 0.0, 1.0, 0.0, 0.0, 0.0, 1.0, 0.0, 0.0, 1.0, 0.0, 1.0, 0.0, 0.0, 0.0, 1.0, 1.0, 0.0, 0.0, 1.0, 0.0, 0.0, 0.0, 1.0, 0.0, 0.0, 0.0, 1.0, 1.0, 0.0, 0.0, 0.0, 1.0, 0.0, 0.0, 1.0, 0.0, 0.0, 0.0, 1.0, 0.0, 1.0, 0.0, 1.0, 0.0, 0.0, 0.0, 1.0, 0.0, 0.0, 0.0, 1.0, 0.0, 1.0, 0.0, 0.0, 1.0, 0.0, 0.0, 1.0, 0.0, 0.0, 0.0, 1.0, 0.0, 1.0, 0.0, 0.0, 0.0, 1.0, 0.0, 1.0, 0.0, 0.0, 0.0, 1.0, 0.0, 0.0, 1.0, 1.0, 0.0, 0.0, 0.0, 1.0, 0.0, 0.0, 0.0, 1.0, 0.0, 0.0, 1.0, 0.0, 1.0, 0.0, 0.0, 1.0, 0.0, 0.0, 0.0, 1.0, 0.0, 0.0, 1.0, 0.0, 0.0, 1.0, 0.0, 0.0, 1.0, 1.0, 0.0, 0.0, 1.0, 0.0, 0.0, 1.0, 0.0, 0.0, 0.0, 0.0, 1.0, 1.0, 0.0, 0.0, 0.0, 1.0, 0.0, 1.0, 0.0, 0.0, 0.0, 0.0, 1.0, 1.0, 0.0, 0.0, 0.0, 0.0, 1.0, 1.0, 0.0, 0.0, 0.0, 0.0, 1.0, 0.0, 1.0, 0.0, 1.0, 0.0, 0.0, 1.0, 0.0, 0.0, 0.0, 0.0, 1.0, 0.0, 1.0, 0.0, 1.0, 0.0, 0.0, 0.0, 1.0, 0.0, 0.0, 0.0, 1.0, 0.0, 1.0, 0.0, 1.0, 0.0, 0.0, 0.0, 0.0, 1.0, 0.0, 0.0, 1.0, 0.0, 1.0, 0.0, 0.0, 1.0, 0.0, 1.0, 0.0, 0.0, 0.0, 0.0, 1.0, 0.0, 1.0, 0.0, 0.0, 1.0, 0.0, 0.0, 1.0, 0.0, 0.0, 0.0, 1.0, 0.0, 1.0, 0.0, 0.0, 0.0, 1.0, 1.0, 0.0, 0.0, 0.0, 0.0, 1.0, 0.0, 1.0, 0.0, 0.0, 0.0, 1.0, 0.0, 1.0, 0.0, 0.0, 0.0, 1.0, 0.0, 1.0, 0.0, 0.0, 0.0, 1.0, 0.0, 0.0, 1.0, 0.0, 0.0, 1.0, 0.0, 0.0, 1.0, 1.0, 0.0, 0.0, 0.0, 1.0, 0.0, 0.0, 0.0, 1.0, 0.0, 0.0, 1.0, 1.0, 0.0, 0.0, 0.0, 0.0, 1.0, 0.0, 0.0, 1.0, 0.0, 0.0, 1.0, 0.0, 1.0, 0.0, 1.0, 0.0, 0.0, 0.0, 0.0, 1.0, 0.0, 0.0, 1.0, 0.0, 1.0, 0.0, 0.0, 1.0, 0.0, 0.0, 0.0, 1.0, 0.0, 0.0, 1.0, 0.0, 0.0, 1.0, 1.0, 0.0, 0.0, 0.0, 0.0, 1.0, 0.0, 0.0, 1.0, 0.0, 0.0, 1.0, 0.0, 1.0, 0.0, 0.0, 0.0, 1.0, 0.0, 0.0, 1.0, 0.0, 0.0, 1.0, 0.0, 0.0, 1.0]]

[2024-10-14T10:34:23.748493][INFO][seed33] Dropping state 41
[2024-10-14T10:34:23.749399][INFO][seed33] Dropping state 40
[2024-10-14T10:34:23.751597][INFO][seed33] Dropping state 33
[2024-10-14T10:34:23.753469][INFO][seed33] Dropping state 28
[2024-10-14T10:34:23.758038][INFO][seed33] Dropping state 25
[2024-10-14T10:34:23.760826][INFO][seed33] Dropping state 24
[2024-10-14T10:34:23.761729][INFO][seed33] Dropping state 17
[2024-10-14T10:34:23.765130][INFO][seed33] Dropping state 14
[2024-10-14T10:34:23.766696][INFO][seed33] Dropping state 9
[2024-10-14T10:34:23.773165][INFO][seed43] Sampled 1000 data instances
[2024-10-14T10:34:23.773623][INFO][seed43] Starting exact inference 
[2024-10-14T10:34:23.773956][INFO][seed33] Dropping state 8
[2024-10-14T10:34:23.777863][INFO][seed33] Dropping state 7
[2024-10-14T10:34:23.779696][INFO][seed33] Dropping state 2
[2024-10-14T10:34:23.784531][INFO][seed33] U cardinality: 60
[2024-10-14T10:34:23.763467][INFO][seed52] Set up logging
[2024-10-14T10:34:23.800007][INFO][seed52] args: -np;2;-nzr;0.4;-zdr;0.5;-o;/mnt/beegfs/rcabanas/dev/credici/papers/zeros/models/s3;-rw;-s;52;-ys;3
[2024-10-14T10:34:23.803489][INFO][seed52] Starting logger with seed 52
[2024-10-14T10:34:23.812178][INFO][seed22] U cardinality: 81
[2024-10-14T10:34:23.812523][INFO][seed33] 
[P([5]) [0.258, 0.742], P([4]) [0.871, 0.129], P([3]) [0.0, 0.001, 0.001, 0.001, 0.0, 0.001, 0.001, 0.0, 0.0, 0.0, 0.0, 0.003, 0.001, 0.0, 0.001, 0.0, 0.0, 0.0, 0.0, 0.0, 0.001, 0.001, 0.0, 0.001, 0.0, 0.001, 0.0, 0.001, 0.001, 0.001, 0.001, 0.0, 0.001, 0.0, 0.0, 0.001, 0.001, 0.001, 0.001, 0.001, 0.001, 0.0, 0.001, 0.0, 0.0, 0.0, 0.003, 0.001, 0.001, 0.001, 0.0, 0.0, 0.001, 0.0, 0.0, 0.001, 0.001, 0.0, 0.965, 0.0], P([2, 5]) [1.0, 0.0, 0.0, 1.0], P([1, 4]) [1.0, 0.0, 0.0, 1.0], P([0, 1, 2, 3]) [1.0, 0.0, 0.0, 1.0, 0.0, 0.0, 1.0, 0.0, 0.0, 1.0, 0.0, 0.0, 1.0, 0.0, 0.0, 1.0, 0.0, 0.0, 1.0, 0.0, 0.0, 0.0, 1.0, 0.0, 1.0, 0.0, 0.0, 1.0, 0.0, 0.0, 0.0, 1.0, 0.0, 1.0, 0.0, 0.0, 1.0, 0.0, 0.0, 1.0, 0.0, 0.0, 0.0, 1.0, 0.0, 0.0, 1.0, 0.0, 1.0, 0.0, 0.0, 1.0, 0.0, 0.0, 0.0, 1.0, 0.0, 0.0, 0.0, 1.0, 1.0, 0.0, 0.0, 1.0, 0.0, 0.0, 0.0, 0.0, 1.0, 1.0, 0.0, 0.0, 1.0, 0.0, 0.0, 0.0, 1.0, 0.0, 1.0, 0.0, 0.0, 0.0, 1.0, 0.0, 1.0, 0.0, 0.0, 0.0, 1.0, 0.0, 1.0, 0.0, 0.0, 0.0, 0.0, 1.0, 1.0, 0.0, 0.0, 0.0, 1.0, 0.0, 0.0, 1.0, 0.0, 1.0, 0.0, 0.0, 1.0, 0.0, 0.0, 0.0, 1.0, 0.0, 0.0, 1.0, 0.0, 0.0, 1.0, 0.0, 1.0, 0.0, 0.0, 0.0, 1.0, 0.0, 0.0, 0.0, 1.0, 1.0, 0.0, 0.0, 1.0, 0.0, 0.0, 0.0, 1.0, 0.0, 0.0, 0.0, 1.0, 0.0, 1.0, 0.0, 1.0, 0.0, 0.0, 0.0, 0.0, 1.0, 1.0, 0.0, 0.0, 1.0, 0.0, 0.0, 1.0, 0.0, 0.0, 0.0, 0.0, 1.0, 1.0, 0.0, 0.0, 0.0, 1.0, 0.0, 1.0, 0.0, 0.0, 0.0, 0.0, 1.0, 1.0, 0.0, 0.0, 0.0, 0.0, 1.0, 1.0, 0.0, 0.0, 0.0, 0.0, 1.0, 0.0, 1.0, 0.0, 1.0, 0.0, 0.0, 1.0, 0.0, 0.0, 0.0, 0.0, 1.0, 0.0, 1.0, 0.0, 0.0, 1.0, 0.0, 1.0, 0.0, 0.0, 0.0, 0.0, 1.0, 0.0, 1.0, 0.0, 0.0, 0.0, 1.0, 1.0, 0.0, 0.0, 0.0, 0.0, 1.0, 0.0, 0.0, 1.0, 0.0, 0.0, 1.0, 0.0, 1.0, 0.0, 1.0, 0.0, 0.0, 1.0, 0.0, 0.0, 1.0, 0.0, 0.0, 0.0, 1.0, 0.0, 1.0, 0.0, 0.0, 1.0, 0.0, 0.0, 0.0, 0.0, 1.0, 0.0, 1.0, 0.0, 1.0, 0.0, 0.0, 0.0, 1.0, 0.0, 1.0, 0.0, 0.0, 0.0, 1.0, 0.0, 1.0, 0.0, 0.0, 0.0, 1.0, 0.0, 0.0, 1.0, 0.0, 0.0, 1.0, 0.0, 1.0, 0.0, 0.0, 0.0, 1.0, 0.0, 0.0, 0.0, 1.0, 0.0, 1.0, 0.0, 1.0, 0.0, 0.0, 0.0, 0.0, 1.0, 0.0, 1.0, 0.0, 0.0, 1.0, 0.0, 1.0, 0.0, 0.0, 0.0, 0.0, 1.0, 0.0, 0.0, 1.0, 0.0, 1.0, 0.0, 0.0, 1.0, 0.0, 1.0, 0.0, 0.0, 1.0, 0.0, 0.0, 0.0, 1.0, 0.0, 0.0, 1.0, 0.0, 1.0, 0.0, 0.0, 0.0, 1.0, 0.0, 0.0, 1.0, 0.0, 0.0, 1.0, 0.0, 1.0, 0.0, 0.0, 0.0, 0.0, 1.0, 0.0, 1.0, 0.0, 0.0, 1.0, 0.0, 0.0, 1.0, 0.0, 1.0, 0.0, 0.0, 0.0, 1.0, 0.0, 0.0, 1.0, 0.0, 0.0, 0.0, 1.0, 1.0, 0.0, 0.0, 0.0, 1.0, 0.0, 0.0, 1.0, 0.0, 0.0, 0.0, 1.0, 0.0, 1.0, 0.0, 0.0, 1.0, 0.0, 0.0, 1.0, 0.0, 0.0, 0.0, 1.0, 0.0, 0.0, 1.0, 0.0, 1.0, 0.0, 0.0, 0.0, 1.0, 1.0, 0.0, 0.0, 0.0, 1.0, 0.0, 0.0, 1.0, 0.0, 0.0, 0.0, 1.0, 1.0, 0.0, 0.0, 0.0, 0.0, 1.0, 0.0, 1.0, 0.0, 0.0, 0.0, 1.0, 0.0, 1.0, 0.0, 1.0, 0.0, 0.0, 0.0, 1.0, 0.0, 0.0, 0.0, 1.0, 0.0, 1.0, 0.0, 0.0, 0.0, 1.0, 0.0, 1.0, 0.0, 0.0, 0.0, 1.0, 0.0, 0.0, 1.0, 1.0, 0.0, 0.0, 0.0, 1.0, 0.0, 0.0, 0.0, 1.0, 0.0, 0.0, 1.0, 0.0, 1.0, 0.0, 0.0, 0.0, 1.0, 1.0, 0.0, 0.0, 1.0, 0.0, 0.0, 0.0, 0.0, 1.0, 0.0, 0.0, 1.0, 1.0, 0.0, 0.0, 0.0, 1.0, 0.0, 1.0, 0.0, 0.0, 0.0, 0.0, 1.0, 1.0, 0.0, 0.0, 0.0, 1.0, 0.0, 0.0, 1.0, 0.0, 0.0, 0.0, 1.0, 1.0, 0.0, 0.0, 0.0, 1.0, 0.0, 0.0, 0.0, 1.0, 0.0, 0.0, 1.0, 1.0, 0.0, 0.0, 0.0, 0.0, 1.0, 1.0, 0.0, 0.0, 0.0, 0.0, 1.0, 1.0, 0.0, 0.0, 0.0, 0.0, 1.0, 0.0, 1.0, 0.0, 0.0, 0.0, 1.0, 1.0, 0.0, 0.0, 0.0, 0.0, 1.0, 0.0, 0.0, 1.0, 0.0, 0.0, 1.0, 0.0, 1.0, 0.0, 1.0, 0.0, 0.0, 1.0, 0.0, 0.0, 0.0, 0.0, 1.0, 0.0, 1.0, 0.0, 1.0, 0.0, 0.0, 0.0, 0.0, 1.0, 0.0, 0.0, 1.0, 0.0, 1.0, 0.0, 0.0, 1.0, 0.0, 1.0, 0.0, 0.0, 0.0, 0.0, 1.0, 0.0, 1.0, 0.0, 0.0, 1.0, 0.0, 0.0, 1.0, 0.0, 0.0, 0.0, 1.0, 0.0, 1.0, 0.0, 0.0, 1.0, 0.0, 0.0, 0.0, 1.0, 0.0, 0.0, 1.0, 0.0, 1.0, 0.0, 0.0, 0.0, 1.0, 1.0, 0.0, 0.0, 0.0, 0.0, 1.0, 0.0, 1.0, 0.0, 0.0, 0.0, 1.0, 0.0, 1.0, 0.0, 0.0, 0.0, 1.0, 0.0, 1.0, 0.0, 0.0, 0.0, 1.0, 0.0, 0.0, 1.0, 0.0, 0.0, 1.0, 0.0, 0.0, 1.0, 1.0, 0.0, 0.0, 1.0, 0.0, 0.0, 0.0, 0.0, 1.0, 0.0, 0.0, 1.0, 1.0, 0.0, 0.0, 0.0, 1.0, 0.0, 0.0, 0.0, 1.0, 0.0, 0.0, 1.0, 1.0, 0.0, 0.0, 0.0, 0.0, 1.0, 0.0, 0.0, 1.0, 0.0, 0.0, 1.0, 0.0, 1.0, 0.0, 0.0, 0.0, 1.0, 0.0, 0.0, 1.0, 0.0, 0.0, 1.0, 0.0, 0.0, 1.0, 1.0, 0.0, 0.0, 0.0, 0.0, 1.0, 0.0, 0.0, 1.0, 0.0, 0.0, 1.0, 0.0, 1.0, 0.0]]

[2024-10-14T10:34:23.823692][INFO][seed52] simple_nparents2_nzr04_zdr05_ysize3_52
[2024-10-14T10:34:23.824978][INFO][seed22] !0 = [0, 3, 4, 11, 18, 21, 23, 25, 26, 31, 34, 37, 39, 43, 45, 48, 49, 56, 57, 58, 64, 65, 67, 68, 69, 70, 71, 74, 76, 77, 78, 79]
[2024-10-14T10:34:23.826658][INFO][seed22] 0 = [1, 2, 5, 6, 7, 8, 9, 10, 12, 13, 14, 15, 16, 17, 19, 20, 22, 24, 27, 28, 29, 30, 32, 33, 35, 36, 38, 40, 41, 42, 44, 46, 47, 50, 51, 52, 53, 54, 55, 59, 60, 61, 62, 63, 66, 72, 73, 75, 80]
[2024-10-14T10:34:23.828978][INFO][seed30] Sampled 1000 data instances
[2024-10-14T10:34:23.829181][INFO][seed30] Starting exact inference 
[2024-10-14T10:34:23.837084][INFO][seed22] Dropping state 73
[2024-10-14T10:34:23.839642][INFO][seed22] Dropping state 72
[2024-10-14T10:34:23.841697][INFO][seed22] Dropping state 63
[2024-10-14T10:34:23.845938][INFO][seed22] Dropping state 62
[2024-10-14T10:34:23.856442][INFO][seed22] Dropping state 60
[2024-10-14T10:34:23.867689][INFO][seed22] Dropping state 59
[2024-10-14T10:34:23.869865][INFO][seed22] Dropping state 55
[2024-10-14T10:34:23.872899][INFO][seed22] Dropping state 54
[2024-10-14T10:34:23.875180][INFO][seed22] Dropping state 50
[2024-10-14T10:34:23.876890][INFO][seed22] Dropping state 46
[2024-10-14T10:34:23.877873][INFO][seed22] Dropping state 42
[2024-10-14T10:34:23.880159][INFO][seed22] Dropping state 40
[2024-10-14T10:34:23.882312][INFO][seed22] Dropping state 36
[2024-10-14T10:34:23.885293][INFO][seed22] Dropping state 35
[2024-10-14T10:34:23.887266][INFO][seed22] Dropping state 33
[2024-10-14T10:34:23.888030][INFO][seed22] Dropping state 27
[2024-10-14T10:34:23.892067][INFO][seed22] Dropping state 22
[2024-10-14T10:34:23.893578][INFO][seed22] Dropping state 20
[2024-10-14T10:34:23.896547][INFO][seed22] Dropping state 17
[2024-10-14T10:34:23.898493][INFO][seed22] Dropping state 15
[2024-10-14T10:34:23.899843][INFO][seed22] Dropping state 10
[2024-10-14T10:34:23.900693][INFO][seed22] Dropping state 7
[2024-10-14T10:34:23.902812][INFO][seed22] Dropping state 5
[2024-10-14T10:34:23.904597][INFO][seed22] Dropping state 2
[2024-10-14T10:34:23.906164][INFO][seed22] Dropping state 1
[2024-10-14T10:34:23.911181][INFO][seed22] U cardinality: 56
[2024-10-14T10:34:23.930454][INFO][seed14] Sampled 1000 data instances
[2024-10-14T10:34:23.930916][INFO][seed14] Starting exact inference 
[2024-10-14T10:34:23.931314][INFO][seed22] 
[P([5]) [0.916, 0.084], P([4]) [0.022, 0.978], P([3]) [0.001, 0.001, 0.001, 0.0, 0.0, 0.0, 0.001, 0.0, 0.0, 0.0, 0.0, 0.001, 0.0, 0.001, 0.001, 0.0, 0.001, 0.001, 0.0, 0.0, 0.0, 0.001, 0.0, 0.001, 0.001, 0.0, 0.001, 0.0, 0.001, 0.0, 0.001, 0.0, 0.001, 0.001, 0.0, 0.0, 0.0, 0.001, 0.001, 0.001, 0.0, 0.001, 0.001, 0.0, 0.001, 0.001, 0.001, 0.001, 0.001, 0.001, 0.0, 0.001, 0.001, 0.001, 0.969, 0.0], P([2, 5]) [1.0, 0.0, 0.0, 1.0], P([1, 4]) [1.0, 0.0, 0.0, 1.0], P([0, 1, 2, 3]) [1.0, 0.0, 0.0, 1.0, 0.0, 0.0, 1.0, 0.0, 0.0, 1.0, 0.0, 0.0, 1.0, 0.0, 0.0, 1.0, 0.0, 0.0, 0.0, 1.0, 0.0, 1.0, 0.0, 0.0, 1.0, 0.0, 0.0, 1.0, 0.0, 0.0, 0.0, 1.0, 0.0, 0.0, 1.0, 0.0, 1.0, 0.0, 0.0, 1.0, 0.0, 0.0, 0.0, 0.0, 1.0, 1.0, 0.0, 0.0, 1.0, 0.0, 0.0, 1.0, 0.0, 0.0, 0.0, 0.0, 1.0, 0.0, 0.0, 1.0, 1.0, 0.0, 0.0, 0.0, 1.0, 0.0, 1.0, 0.0, 0.0, 1.0, 0.0, 0.0, 1.0, 0.0, 0.0, 0.0, 1.0, 0.0, 1.0, 0.0, 0.0, 0.0, 0.0, 1.0, 1.0, 0.0, 0.0, 0.0, 1.0, 0.0, 0.0, 1.0, 0.0, 1.0, 0.0, 0.0, 1.0, 0.0, 0.0, 0.0, 1.0, 0.0, 0.0, 1.0, 0.0, 0.0, 1.0, 0.0, 1.0, 0.0, 0.0, 0.0, 1.0, 0.0, 0.0, 1.0, 0.0, 0.0, 0.0, 1.0, 1.0, 0.0, 0.0, 0.0, 1.0, 0.0, 0.0, 0.0, 1.0, 0.0, 1.0, 0.0, 1.0, 0.0, 0.0, 0.0, 0.0, 1.0, 1.0, 0.0, 0.0, 1.0, 0.0, 0.0, 1.0, 0.0, 0.0, 0.0, 0.0, 1.0, 1.0, 0.0, 0.0, 0.0, 1.0, 0.0, 1.0, 0.0, 0.0, 0.0, 0.0, 1.0, 0.0, 1.0, 0.0, 1.0, 0.0, 0.0, 1.0, 0.0, 0.0, 0.0, 0.0, 1.0, 0.0, 1.0, 0.0, 0.0, 0.0, 1.0, 1.0, 0.0, 0.0, 0.0, 0.0, 1.0, 0.0, 0.0, 1.0, 1.0, 0.0, 0.0, 1.0, 0.0, 0.0, 0.0, 0.0, 1.0, 0.0, 0.0, 1.0, 0.0, 1.0, 0.0, 1.0, 0.0, 0.0, 0.0, 0.0, 1.0, 0.0, 0.0, 1.0, 0.0, 0.0, 1.0, 0.0, 1.0, 0.0, 1.0, 0.0, 0.0, 1.0, 0.0, 0.0, 0.0, 1.0, 0.0, 0.0, 1.0, 0.0, 1.0, 0.0, 0.0, 1.0, 0.0, 0.0, 0.0, 0.0, 1.0, 0.0, 1.0, 0.0, 1.0, 0.0, 0.0, 0.0, 1.0, 0.0, 1.0, 0.0, 0.0, 0.0, 1.0, 0.0, 1.0, 0.0, 0.0, 0.0, 1.0, 0.0, 0.0, 1.0, 0.0, 0.0, 1.0, 0.0, 1.0, 0.0, 0.0, 0.0, 1.0, 0.0, 0.0, 0.0, 1.0, 0.0, 1.0, 0.0, 1.0, 0.0, 0.0, 0.0, 0.0, 1.0, 0.0, 1.0, 0.0, 0.0, 1.0, 0.0, 0.0, 1.0, 0.0, 1.0, 0.0, 0.0, 0.0, 1.0, 0.0, 0.0, 1.0, 0.0, 0.0, 1.0, 0.0, 1.0, 0.0, 0.0, 0.0, 0.0, 1.0, 0.0, 1.0, 0.0, 0.0, 1.0, 0.0, 0.0, 1.0, 0.0, 1.0, 0.0, 0.0, 0.0, 1.0, 0.0, 0.0, 1.0, 0.0, 0.0, 1.0, 0.0, 0.0, 0.0, 1.0, 0.0, 1.0, 0.0, 0.0, 1.0, 0.0, 0.0, 0.0, 1.0, 0.0, 1.0, 0.0, 0.0, 1.0, 0.0, 0.0, 1.0, 0.0, 0.0, 0.0, 1.0, 0.0, 0.0, 1.0, 0.0, 1.0, 0.0, 0.0, 0.0, 1.0, 1.0, 0.0, 0.0, 1.0, 0.0, 0.0, 0.0, 1.0, 0.0, 0.0, 0.0, 1.0, 1.0, 0.0, 0.0, 0.0, 0.0, 1.0, 0.0, 1.0, 0.0, 0.0, 0.0, 1.0, 0.0, 1.0, 0.0, 1.0, 0.0, 0.0, 0.0, 1.0, 0.0, 0.0, 0.0, 1.0, 0.0, 1.0, 0.0, 0.0, 1.0, 0.0, 0.0, 1.0, 0.0, 0.0, 0.0, 1.0, 0.0, 0.0, 1.0, 1.0, 0.0, 0.0, 0.0, 1.0, 0.0, 0.0, 0.0, 1.0, 0.0, 0.0, 1.0, 0.0, 1.0, 0.0, 0.0, 1.0, 0.0, 0.0, 0.0, 1.0, 0.0, 0.0, 1.0, 0.0, 0.0, 1.0, 0.0, 0.0, 1.0, 1.0, 0.0, 0.0, 1.0, 0.0, 0.0, 0.0, 0.0, 1.0, 0.0, 0.0, 1.0, 1.0, 0.0, 0.0, 0.0, 1.0, 0.0, 1.0, 0.0, 0.0, 0.0, 0.0, 1.0, 1.0, 0.0, 0.0, 0.0, 1.0, 0.0, 0.0, 1.0, 0.0, 0.0, 0.0, 1.0, 1.0, 0.0, 0.0, 0.0, 0.0, 1.0, 0.0, 1.0, 0.0, 0.0, 0.0, 1.0, 0.0, 1.0, 0.0, 1.0, 0.0, 0.0, 0.0, 1.0, 0.0, 0.0, 0.0, 1.0, 0.0, 1.0, 0.0, 1.0, 0.0, 0.0, 0.0, 0.0, 1.0, 0.0, 0.0, 1.0, 0.0, 1.0, 0.0, 0.0, 1.0, 0.0, 1.0, 0.0, 0.0, 0.0, 0.0, 1.0, 0.0, 1.0, 0.0, 0.0, 1.0, 0.0, 0.0, 1.0, 0.0, 0.0, 0.0, 1.0, 0.0, 1.0, 0.0, 0.0, 1.0, 0.0, 0.0, 0.0, 1.0, 0.0, 0.0, 1.0, 0.0, 1.0, 0.0, 0.0, 0.0, 1.0, 1.0, 0.0, 0.0, 0.0, 0.0, 1.0, 0.0, 1.0, 0.0, 0.0, 0.0, 1.0, 0.0, 1.0, 0.0, 0.0, 0.0, 1.0, 0.0, 1.0, 0.0, 0.0, 0.0, 1.0, 0.0, 0.0, 1.0, 0.0, 0.0, 1.0, 0.0, 0.0, 1.0, 1.0, 0.0, 0.0, 0.0, 0.0, 1.0, 0.0, 0.0, 1.0, 0.0, 0.0, 1.0, 0.0, 1.0, 0.0, 1.0, 0.0, 0.0, 0.0, 0.0, 1.0, 0.0, 0.0, 1.0, 0.0, 1.0, 0.0, 0.0, 1.0, 0.0, 0.0, 0.0, 1.0, 0.0, 0.0, 1.0, 0.0, 1.0, 0.0, 0.0, 0.0, 1.0, 0.0, 0.0, 1.0, 0.0, 0.0, 1.0, 0.0, 0.0, 1.0, 1.0, 0.0, 0.0, 0.0, 0.0, 1.0, 0.0, 0.0, 1.0, 0.0, 0.0, 1.0, 0.0, 1.0, 0.0, 0.0, 0.0, 1.0, 0.0, 0.0, 1.0, 0.0, 0.0, 1.0, 0.0, 0.0, 1.0]]

[2024-10-14T10:34:23.939125][INFO][seed54] Sampled 1000 data instances
[2024-10-14T10:34:23.939695][INFO][seed54] Starting exact inference 
[2024-10-14T10:34:23.957070][INFO][seed61] Sampled 1000 data instances
[2024-10-14T10:34:23.957244][INFO][seed61] Starting exact inference 
[2024-10-14T10:34:24.008415][INFO][seed38] Sampled 1000 data instances
[2024-10-14T10:34:24.008595][INFO][seed38] Starting exact inference 
[2024-10-14T10:34:24.011881][INFO][seed47] U cardinality: 81
[2024-10-14T10:34:24.025228][INFO][seed47] !0 = [0, 3, 4, 10, 14, 15, 16, 17, 22, 24, 26, 27, 28, 30, 31, 35, 36, 38, 40, 46, 47, 51, 54, 56, 61, 63, 65, 66, 70, 72, 78, 79]
[2024-10-14T10:34:24.026715][INFO][seed47] 0 = [1, 2, 5, 6, 7, 8, 9, 11, 12, 13, 18, 19, 20, 21, 23, 25, 29, 32, 33, 34, 37, 39, 41, 42, 43, 44, 45, 48, 49, 50, 52, 53, 55, 57, 58, 59, 60, 62, 64, 67, 68, 69, 71, 73, 74, 75, 76, 77, 80]
[2024-10-14T10:34:24.048429][INFO][seed47] Dropping state 80
[2024-10-14T10:34:24.051886][INFO][seed47] Dropping state 71
[2024-10-14T10:34:24.054315][INFO][seed47] Dropping state 69
[2024-10-14T10:34:24.059011][INFO][seed47] Dropping state 68
[2024-10-14T10:34:24.060113][INFO][seed29] Sampled 1000 data instances
[2024-10-14T10:34:24.060692][INFO][seed29] Starting exact inference 
[2024-10-14T10:34:24.067861][INFO][seed47] Dropping state 67
[2024-10-14T10:34:24.081515][INFO][seed47] Dropping state 59
[2024-10-14T10:34:24.089700][INFO][seed47] Dropping state 58
[2024-10-14T10:34:24.094028][INFO][seed47] Dropping state 53
[2024-10-14T10:34:24.096281][INFO][seed47] Dropping state 49
[2024-10-14T10:34:24.099313][INFO][seed47] Dropping state 48
[2024-10-14T10:34:24.100968][INFO][seed47] Dropping state 44
[2024-10-14T10:34:24.105994][INFO][seed47] Dropping state 42
[2024-10-14T10:34:24.108108][INFO][seed47] Dropping state 37
[2024-10-14T10:34:24.110397][INFO][seed47] Dropping state 25
[2024-10-14T10:34:24.112089][INFO][seed47] Dropping state 21
[2024-10-14T10:34:24.112781][INFO][seed47] Dropping state 13
[2024-10-14T10:34:24.116054][INFO][seed47] Dropping state 12
[2024-10-14T10:34:24.117553][INFO][seed47] Dropping state 9
[2024-10-14T10:34:24.126497][INFO][seed47] Dropping state 2
[2024-10-14T10:34:24.129053][INFO][seed47] Dropping state 1
[2024-10-14T10:34:24.135226][INFO][seed47] U cardinality: 61
[2024-10-14T10:34:24.140355][INFO][seed76] Sampled 1000 data instances
[2024-10-14T10:34:24.140531][INFO][seed76] Starting exact inference 
[2024-10-14T10:34:24.168708][INFO][seed47] 
[P([5]) [0.018, 0.982], P([4]) [0.632, 0.368], P([3]) [0.001, 0.001, 0.001, 0.0, 0.0, 0.0, 0.0, 0.001, 0.0, 0.001, 0.001, 0.001, 0.001, 0.0, 0.0, 0.0, 0.001, 0.0, 0.001, 0.002, 0.001, 0.001, 0.0, 0.001, 0.001, 0.0, 0.0, 0.0, 0.001, 0.001, 0.001, 0.0, 0.001, 0.0, 0.0, 0.0, 0.001, 0.001, 0.0, 0.002, 0.0, 0.001, 0.0, 0.001, 0.0, 0.0, 0.001, 0.0, 0.001, 0.0, 0.001, 0.001, 0.001, 0.001, 0.0, 0.0, 0.0, 0.0, 0.0, 0.001, 0.967], P([2, 5]) [1.0, 0.0, 0.0, 1.0], P([1, 4]) [1.0, 0.0, 0.0, 1.0], P([0, 1, 2, 3]) [1.0, 0.0, 0.0, 1.0, 0.0, 0.0, 1.0, 0.0, 0.0, 1.0, 0.0, 0.0, 1.0, 0.0, 0.0, 1.0, 0.0, 0.0, 0.0, 1.0, 0.0, 1.0, 0.0, 0.0, 1.0, 0.0, 0.0, 1.0, 0.0, 0.0, 0.0, 1.0, 0.0, 0.0, 1.0, 0.0, 1.0, 0.0, 0.0, 1.0, 0.0, 0.0, 0.0, 1.0, 0.0, 0.0, 0.0, 1.0, 1.0, 0.0, 0.0, 1.0, 0.0, 0.0, 0.0, 0.0, 1.0, 1.0, 0.0, 0.0, 1.0, 0.0, 0.0, 1.0, 0.0, 0.0, 0.0, 0.0, 1.0, 0.0, 1.0, 0.0, 1.0, 0.0, 0.0, 1.0, 0.0, 0.0, 0.0, 0.0, 1.0, 0.0, 0.0, 1.0, 1.0, 0.0, 0.0, 0.0, 1.0, 0.0, 1.0, 0.0, 0.0, 0.0, 1.0, 0.0, 1.0, 0.0, 0.0, 0.0, 1.0, 0.0, 1.0, 0.0, 0.0, 0.0, 0.0, 1.0, 1.0, 0.0, 0.0, 0.0, 1.0, 0.0, 0.0, 1.0, 0.0, 0.0, 0.0, 1.0, 1.0, 0.0, 0.0, 0.0, 1.0, 0.0, 0.0, 0.0, 1.0, 1.0, 0.0, 0.0, 1.0, 0.0, 0.0, 0.0, 1.0, 0.0, 0.0, 0.0, 1.0, 0.0, 1.0, 0.0, 1.0, 0.0, 0.0, 0.0, 1.0, 0.0, 0.0, 0.0, 1.0, 0.0, 0.0, 1.0, 1.0, 0.0, 0.0, 0.0, 0.0, 1.0, 1.0, 0.0, 0.0, 1.0, 0.0, 0.0, 1.0, 0.0, 0.0, 0.0, 0.0, 1.0, 1.0, 0.0, 0.0, 0.0, 1.0, 0.0, 1.0, 0.0, 0.0, 0.0, 0.0, 1.0, 1.0, 0.0, 0.0, 0.0, 0.0, 1.0, 1.0, 0.0, 0.0, 0.0, 0.0, 1.0, 0.0, 1.0, 0.0, 0.0, 1.0, 0.0, 1.0, 0.0, 0.0, 0.0, 0.0, 1.0, 0.0, 1.0, 0.0, 0.0, 0.0, 1.0, 1.0, 0.0, 0.0, 0.0, 0.0, 1.0, 0.0, 0.0, 1.0, 1.0, 0.0, 0.0, 1.0, 0.0, 0.0, 0.0, 0.0, 1.0, 0.0, 0.0, 1.0, 0.0, 0.0, 1.0, 0.0, 1.0, 0.0, 1.0, 0.0, 0.0, 1.0, 0.0, 0.0, 1.0, 0.0, 0.0, 0.0, 1.0, 0.0, 1.0, 0.0, 0.0, 1.0, 0.0, 0.0, 0.0, 1.0, 0.0, 0.0, 1.0, 0.0, 1.0, 0.0, 0.0, 1.0, 0.0, 0.0, 0.0, 0.0, 1.0, 0.0, 1.0, 0.0, 1.0, 0.0, 0.0, 0.0, 1.0, 0.0, 1.0, 0.0, 0.0, 0.0, 1.0, 0.0, 1.0, 0.0, 0.0, 0.0, 1.0, 0.0, 0.0, 1.0, 0.0, 0.0, 1.0, 0.0, 1.0, 0.0, 0.0, 0.0, 1.0, 0.0, 0.0, 0.0, 1.0, 0.0, 1.0, 0.0, 1.0, 0.0, 0.0, 0.0, 0.0, 1.0, 1.0, 0.0, 0.0, 0.0, 1.0, 0.0, 1.0, 0.0, 0.0, 0.0, 0.0, 1.0, 0.0, 1.0, 0.0, 0.0, 1.0, 0.0, 1.0, 0.0, 0.0, 0.0, 0.0, 1.0, 0.0, 0.0, 1.0, 0.0, 1.0, 0.0, 0.0, 1.0, 0.0, 1.0, 0.0, 0.0, 1.0, 0.0, 0.0, 0.0, 1.0, 0.0, 0.0, 1.0, 0.0, 1.0, 0.0, 0.0, 0.0, 0.0, 1.0, 0.0, 1.0, 0.0, 0.0, 1.0, 0.0, 0.0, 1.0, 0.0, 1.0, 0.0, 0.0, 0.0, 1.0, 0.0, 0.0, 1.0, 0.0, 0.0, 1.0, 0.0, 0.0, 1.0, 0.0, 0.0, 1.0, 0.0, 0.0, 1.0, 0.0, 0.0, 1.0, 0.0, 0.0, 0.0, 1.0, 0.0, 1.0, 0.0, 0.0, 1.0, 0.0, 0.0, 0.0, 1.0, 0.0, 1.0, 0.0, 0.0, 1.0, 0.0, 0.0, 0.0, 1.0, 1.0, 0.0, 0.0, 1.0, 0.0, 0.0, 0.0, 1.0, 0.0, 0.0, 0.0, 1.0, 1.0, 0.0, 0.0, 0.0, 1.0, 0.0, 0.0, 1.0, 0.0, 0.0, 0.0, 1.0, 1.0, 0.0, 0.0, 0.0, 0.0, 1.0, 0.0, 1.0, 0.0, 0.0, 0.0, 1.0, 0.0, 1.0, 0.0, 0.0, 0.0, 1.0, 0.0, 1.0, 0.0, 0.0, 0.0, 1.0, 0.0, 0.0, 1.0, 1.0, 0.0, 0.0, 0.0, 1.0, 0.0, 0.0, 0.0, 1.0, 0.0, 0.0, 1.0, 0.0, 1.0, 0.0, 0.0, 0.0, 1.0, 1.0, 0.0, 0.0, 1.0, 0.0, 0.0, 1.0, 0.0, 0.0, 0.0, 0.0, 1.0, 1.0, 0.0, 0.0, 1.0, 0.0, 0.0, 0.0, 1.0, 0.0, 0.0, 0.0, 1.0, 1.0, 0.0, 0.0, 1.0, 0.0, 0.0, 0.0, 0.0, 1.0, 0.0, 0.0, 1.0, 1.0, 0.0, 0.0, 0.0, 1.0, 0.0, 1.0, 0.0, 0.0, 0.0, 0.0, 1.0, 1.0, 0.0, 0.0, 0.0, 0.0, 1.0, 1.0, 0.0, 0.0, 0.0, 0.0, 1.0, 1.0, 0.0, 0.0, 0.0, 0.0, 1.0, 0.0, 1.0, 0.0, 0.0, 0.0, 1.0, 1.0, 0.0, 0.0, 0.0, 0.0, 1.0, 0.0, 0.0, 1.0, 0.0, 0.0, 1.0, 0.0, 1.0, 0.0, 1.0, 0.0, 0.0, 1.0, 0.0, 0.0, 0.0, 0.0, 1.0, 0.0, 1.0, 0.0, 1.0, 0.0, 0.0, 0.0, 1.0, 0.0, 0.0, 0.0, 1.0, 0.0, 1.0, 0.0, 1.0, 0.0, 0.0, 0.0, 0.0, 1.0, 0.0, 0.0, 1.0, 0.0, 1.0, 0.0, 0.0, 1.0, 0.0, 1.0, 0.0, 0.0, 0.0, 0.0, 1.0, 0.0, 1.0, 0.0, 0.0, 0.0, 1.0, 0.0, 1.0, 0.0, 0.0, 0.0, 1.0, 0.0, 0.0, 1.0, 1.0, 0.0, 0.0, 1.0, 0.0, 0.0, 0.0, 0.0, 1.0, 0.0, 0.0, 1.0, 1.0, 0.0, 0.0, 0.0, 1.0, 0.0, 0.0, 0.0, 1.0, 0.0, 0.0, 1.0, 1.0, 0.0, 0.0, 0.0, 0.0, 1.0, 0.0, 0.0, 1.0, 0.0, 0.0, 1.0, 0.0, 1.0, 0.0, 1.0, 0.0, 0.0, 0.0, 0.0, 1.0, 0.0, 0.0, 1.0, 0.0, 1.0, 0.0, 0.0, 1.0, 0.0, 0.0, 0.0, 1.0, 0.0, 0.0, 1.0, 0.0, 1.0, 0.0, 0.0, 0.0, 1.0, 0.0, 0.0, 1.0, 0.0, 0.0, 1.0, 0.0, 0.0, 1.0, 1.0, 0.0, 0.0, 0.0, 0.0, 1.0, 0.0, 0.0, 1.0, 0.0, 0.0, 1.0, 0.0, 1.0, 0.0]]

[2024-10-14T10:34:24.179328][INFO][seed36] Sampled 1000 data instances
[2024-10-14T10:34:24.179517][INFO][seed36] Starting exact inference 
[2024-10-14T10:34:24.211996][INFO][seed33] Sampled 1000 data instances
[2024-10-14T10:34:24.212505][INFO][seed33] Starting exact inference 
Error in variable: 3
[2024-10-14T10:34:24.332928][INFO][seed31] No feasible solution... resampling
[2024-10-14T10:34:24.332998][INFO][seed52] U cardinality: 81
[2024-10-14T10:34:24.347705][INFO][seed52] !0 = [0, 7, 11, 13, 14, 16, 17, 18, 21, 25, 26, 28, 29, 31, 38, 41, 42, 43, 44, 48, 52, 56, 59, 61, 62, 64, 65, 67, 69, 74, 75, 77]
[2024-10-14T10:34:24.349573][INFO][seed52] 0 = [1, 2, 3, 4, 5, 6, 8, 9, 10, 12, 15, 19, 20, 22, 23, 24, 27, 30, 32, 33, 34, 35, 36, 37, 39, 40, 45, 46, 47, 49, 50, 51, 53, 54, 55, 57, 58, 60, 63, 66, 68, 70, 71, 72, 73, 76, 78, 79, 80]
[2024-10-14T10:34:24.361779][INFO][seed52] Dropping state 80
[2024-10-14T10:34:24.364131][INFO][seed52] Dropping state 72
[2024-10-14T10:34:24.371713][INFO][seed52] Dropping state 71
[2024-10-14T10:34:24.377619][INFO][seed52] Dropping state 66
[2024-10-14T10:34:24.385954][INFO][seed52] Dropping state 63
[2024-10-14T10:34:24.398691][INFO][seed52] Dropping state 58
[2024-10-14T10:34:24.406100][INFO][seed52] Dropping state 54
[2024-10-14T10:34:24.410702][INFO][seed52] Dropping state 50
[2024-10-14T10:34:24.415908][INFO][seed52] Dropping state 46
[2024-10-14T10:34:24.418424][INFO][seed52] Dropping state 45
[2024-10-14T10:34:24.423428][INFO][seed52] Dropping state 39
[2024-10-14T10:34:24.426993][INFO][seed52] Dropping state 37
[2024-10-14T10:34:24.428826][INFO][seed52] Dropping state 36
[2024-10-14T10:34:24.435781][INFO][seed52] Dropping state 34
[2024-10-14T10:34:24.438791][INFO][seed52] Dropping state 33
[2024-10-14T10:34:24.439650][INFO][seed52] Dropping state 30
[2024-10-14T10:34:24.443429][INFO][seed52] Dropping state 27
[2024-10-14T10:34:24.446214][INFO][seed52] Dropping state 22
[2024-10-14T10:34:24.451064][INFO][seed52] Dropping state 20
[2024-10-14T10:34:24.455769][INFO][seed52] Dropping state 12
[2024-10-14T10:34:24.457595][INFO][seed52] Dropping state 9
[2024-10-14T10:34:24.458913][INFO][seed52] Dropping state 8
[2024-10-14T10:34:24.463411][INFO][seed52] Dropping state 5
[2024-10-14T10:34:24.467117][INFO][seed52] Dropping state 4
[2024-10-14T10:34:24.468729][INFO][seed52] Dropping state 3
[2024-10-14T10:34:24.476345][INFO][seed52] U cardinality: 56
[2024-10-14T10:34:24.493730][INFO][seed31] Sampled 1100 data instances
Error in variable: 3
[2024-10-14T10:34:24.496074][INFO][seed19] No feasible solution... resampling
[2024-10-14T10:34:24.495518][INFO][seed52] 
[P([5]) [0.696, 0.304], P([4]) [0.162, 0.838], P([3]) [0.001, 0.0, 0.0, 0.0, 0.001, 0.0, 0.001, 0.001, 0.001, 0.0, 0.001, 0.001, 0.002, 0.0, 0.001, 0.0, 0.0, 0.001, 0.001, 0.001, 0.001, 0.001, 0.0, 0.0, 0.001, 0.0, 0.001, 0.002, 0.001, 0.001, 0.0, 0.001, 0.0, 0.0, 0.001, 0.0, 0.0, 0.011, 0.0, 0.05, 0.0, 0.001, 0.001, 0.001, 0.001, 0.001, 0.0, 0.001, 0.0, 0.0, 0.001, 0.001, 0.0, 0.908, 0.0, 0.0], P([2, 5]) [1.0, 0.0, 0.0, 1.0], P([1, 4]) [1.0, 0.0, 0.0, 1.0], P([0, 1, 2, 3]) [1.0, 0.0, 0.0, 1.0, 0.0, 0.0, 1.0, 0.0, 0.0, 1.0, 0.0, 0.0, 1.0, 0.0, 0.0, 1.0, 0.0, 0.0, 1.0, 0.0, 0.0, 0.0, 1.0, 0.0, 1.0, 0.0, 0.0, 1.0, 0.0, 0.0, 1.0, 0.0, 0.0, 0.0, 0.0, 1.0, 1.0, 0.0, 0.0, 1.0, 0.0, 0.0, 0.0, 0.0, 1.0, 1.0, 0.0, 0.0, 1.0, 0.0, 0.0, 1.0, 0.0, 0.0, 0.0, 0.0, 1.0, 0.0, 1.0, 0.0, 1.0, 0.0, 0.0, 0.0, 1.0, 0.0, 1.0, 0.0, 0.0, 0.0, 1.0, 0.0, 1.0, 0.0, 0.0, 0.0, 1.0, 0.0, 1.0, 0.0, 0.0, 0.0, 0.0, 1.0, 1.0, 0.0, 0.0, 0.0, 1.0, 0.0, 0.0, 1.0, 0.0, 0.0, 1.0, 0.0, 1.0, 0.0, 0.0, 0.0, 1.0, 0.0, 0.0, 1.0, 0.0, 0.0, 0.0, 1.0, 1.0, 0.0, 0.0, 0.0, 1.0, 0.0, 0.0, 0.0, 1.0, 1.0, 0.0, 0.0, 1.0, 0.0, 0.0, 0.0, 1.0, 0.0, 0.0, 0.0, 1.0, 0.0, 1.0, 0.0, 1.0, 0.0, 0.0, 0.0, 1.0, 0.0, 0.0, 0.0, 1.0, 0.0, 0.0, 1.0, 1.0, 0.0, 0.0, 0.0, 0.0, 1.0, 1.0, 0.0, 0.0, 1.0, 0.0, 0.0, 1.0, 0.0, 0.0, 0.0, 0.0, 1.0, 1.0, 0.0, 0.0, 0.0, 1.0, 0.0, 1.0, 0.0, 0.0, 0.0, 0.0, 1.0, 0.0, 1.0, 0.0, 1.0, 0.0, 0.0, 1.0, 0.0, 0.0, 0.0, 0.0, 1.0, 0.0, 1.0, 0.0, 0.0, 0.0, 1.0, 1.0, 0.0, 0.0, 0.0, 0.0, 1.0, 0.0, 0.0, 1.0, 1.0, 0.0, 0.0, 1.0, 0.0, 0.0, 0.0, 0.0, 1.0, 0.0, 0.0, 1.0, 0.0, 1.0, 0.0, 1.0, 0.0, 0.0, 0.0, 0.0, 1.0, 0.0, 0.0, 1.0, 0.0, 0.0, 1.0, 0.0, 1.0, 0.0, 1.0, 0.0, 0.0, 1.0, 0.0, 0.0, 0.0, 1.0, 0.0, 0.0, 1.0, 0.0, 1.0, 0.0, 0.0, 1.0, 0.0, 0.0, 0.0, 0.0, 1.0, 0.0, 1.0, 0.0, 1.0, 0.0, 0.0, 0.0, 1.0, 0.0, 0.0, 1.0, 0.0, 0.0, 1.0, 0.0, 1.0, 0.0, 0.0, 0.0, 1.0, 0.0, 0.0, 0.0, 1.0, 0.0, 1.0, 0.0, 1.0, 0.0, 0.0, 0.0, 0.0, 1.0, 0.0, 0.0, 1.0, 0.0, 1.0, 0.0, 0.0, 1.0, 0.0, 1.0, 0.0, 0.0, 0.0, 0.0, 1.0, 0.0, 1.0, 0.0, 0.0, 1.0, 0.0, 0.0, 1.0, 0.0, 0.0, 1.0, 0.0, 0.0, 1.0, 0.0, 0.0, 1.0, 0.0, 0.0, 1.0, 0.0, 0.0, 0.0, 1.0, 0.0, 1.0, 0.0, 0.0, 1.0, 0.0, 0.0, 0.0, 1.0, 1.0, 0.0, 0.0, 0.0, 1.0, 0.0, 0.0, 1.0, 0.0, 0.0, 0.0, 1.0, 0.0, 1.0, 0.0, 0.0, 1.0, 0.0, 0.0, 1.0, 0.0, 0.0, 0.0, 1.0, 0.0, 0.0, 1.0, 0.0, 1.0, 0.0, 0.0, 0.0, 1.0, 1.0, 0.0, 0.0, 0.0, 0.0, 1.0, 0.0, 1.0, 0.0, 0.0, 0.0, 1.0, 0.0, 1.0, 0.0, 1.0, 0.0, 0.0, 0.0, 1.0, 0.0, 0.0, 0.0, 1.0, 0.0, 1.0, 0.0, 0.0, 1.0, 0.0, 0.0, 1.0, 0.0, 0.0, 0.0, 1.0, 0.0, 0.0, 1.0, 1.0, 0.0, 0.0, 0.0, 1.0, 0.0, 0.0, 0.0, 1.0, 0.0, 0.0, 1.0, 0.0, 1.0, 0.0, 0.0, 1.0, 0.0, 0.0, 0.0, 1.0, 0.0, 0.0, 1.0, 0.0, 0.0, 1.0, 0.0, 0.0, 1.0, 1.0, 0.0, 0.0, 1.0, 0.0, 0.0, 0.0, 1.0, 0.0, 0.0, 0.0, 1.0, 1.0, 0.0, 0.0, 1.0, 0.0, 0.0, 0.0, 0.0, 1.0, 0.0, 0.0, 1.0, 1.0, 0.0, 0.0, 0.0, 1.0, 0.0, 1.0, 0.0, 0.0, 0.0, 0.0, 1.0, 1.0, 0.0, 0.0, 0.0, 1.0, 0.0, 0.0, 0.0, 1.0, 0.0, 0.0, 1.0, 1.0, 0.0, 0.0, 0.0, 0.0, 1.0, 1.0, 0.0, 0.0, 0.0, 0.0, 1.0, 1.0, 0.0, 0.0, 0.0, 0.0, 1.0, 0.0, 1.0, 0.0, 0.0, 0.0, 1.0, 1.0, 0.0, 0.0, 0.0, 0.0, 1.0, 0.0, 0.0, 1.0, 0.0, 0.0, 1.0, 0.0, 1.0, 0.0, 1.0, 0.0, 0.0, 0.0, 1.0, 0.0, 0.0, 0.0, 1.0, 0.0, 1.0, 0.0, 1.0, 0.0, 0.0, 0.0, 0.0, 1.0, 0.0, 0.0, 1.0, 0.0, 1.0, 0.0, 0.0, 1.0, 0.0, 0.0, 1.0, 0.0, 0.0, 0.0, 1.0, 0.0, 1.0, 0.0, 0.0, 1.0, 0.0, 0.0, 0.0, 1.0, 0.0, 0.0, 1.0, 0.0, 1.0, 0.0, 0.0, 0.0, 1.0, 1.0, 0.0, 0.0, 0.0, 0.0, 1.0, 0.0, 1.0, 0.0, 0.0, 0.0, 1.0, 0.0, 1.0, 0.0, 0.0, 0.0, 1.0, 0.0, 0.0, 1.0, 1.0, 0.0, 0.0, 0.0, 1.0, 0.0, 0.0, 0.0, 1.0, 0.0, 0.0, 1.0, 1.0, 0.0, 0.0, 0.0, 0.0, 1.0, 0.0, 0.0, 1.0, 0.0, 0.0, 1.0, 0.0, 1.0, 0.0, 1.0, 0.0, 0.0, 0.0, 0.0, 1.0, 0.0, 0.0, 1.0, 0.0, 1.0, 0.0, 0.0, 1.0, 0.0, 0.0, 0.0, 1.0, 0.0, 0.0, 1.0, 0.0, 1.0, 0.0, 0.0, 0.0, 1.0, 0.0, 0.0, 1.0, 0.0, 0.0, 1.0, 0.0, 0.0, 1.0, 1.0, 0.0, 0.0, 0.0, 0.0, 1.0, 0.0, 0.0, 1.0, 0.0, 0.0, 1.0, 0.0, 1.0, 0.0]]

[2024-10-14T10:34:24.500311][INFO][seed31] Starting exact inference 
[2024-10-14T10:34:24.525516][INFO][seed22] Sampled 1000 data instances
[2024-10-14T10:34:24.526315][INFO][seed22] Starting exact inference 
[2024-10-14T10:34:24.696872][INFO][seed47] Sampled 1000 data instances
[2024-10-14T10:34:24.697610][INFO][seed47] Starting exact inference 
[2024-10-14T10:34:24.756258][INFO][seed19] Sampled 1100 data instances
[2024-10-14T10:34:24.765900][INFO][seed19] Starting exact inference 
Error in variable: 3
[2024-10-14T10:34:24.788289][INFO][seed31] No feasible solution... resampling
Removed 000
Removed 000
Removed 000
Removed 000
Removed 000
Error in variable: 3
[2024-10-14T10:34:24.829783][INFO][seed27] PS(V1,V0) in [0.0, 0.6096576256944444]
[2024-10-14T10:34:24.830074][INFO][seed32] No feasible solution... resampling
[2024-10-14T10:34:24.871774][INFO][seed0] PS(V1,V0) in [0.0, 0.9002060412040229]
[2024-10-14T10:34:24.930188][INFO][seed31] Sampled 1200 data instances
[2024-10-14T10:34:24.930747][INFO][seed31] Starting exact inference 
[2024-10-14T10:34:24.975545][INFO][seed27] PS(V2,V0) in [0.0, 0.04149999999999999]
[2024-10-14T10:34:25.030413][INFO][seed52] Sampled 1000 data instances
[2024-10-14T10:34:25.030766][INFO][seed52] Starting exact inference 
[2024-10-14T10:34:25.066992][INFO][seed34] No feasible solution... resampling
[2024-10-14T10:34:25.068616][INFO][seed26] PS(V1,V0) in [0.4746046957355055, 1.0]
[2024-10-14T10:34:25.090574][INFO][seed27] PN(V1,V0) in [0.0, 1.0] 
[2024-10-14T10:34:25.093193][INFO][seed0] PS(V2,V0) in [0.0, 1.0]
[2024-10-14T10:34:25.128026][INFO][seed32] Sampled 1100 data instances
[2024-10-14T10:34:25.128805][INFO][seed32] Starting exact inference 
[2024-10-14T10:34:25.186820][INFO][seed27] PN(V2,V0) in [0.0, 0.22274260331608223] 
[2024-10-14T10:34:25.189458][INFO][seed26] PS(V2,V0) in [0.0, 1.0]
Error in variable: 3
[2024-10-14T10:34:25.202790][INFO][seed31] No feasible solution... resampling
[2024-10-14T10:34:25.240186][INFO][seed27] Saved data to: /mnt/beegfs/rcabanas/dev/credici/papers/zeros/models/s3/simple_nparents2_nzr04_zdr05_ysize3_27.csv
[2024-10-14T10:34:25.267173][INFO][seed27] Saved model to: /mnt/beegfs/rcabanas/dev/credici/papers/zeros/models/s3/simple_nparents2_nzr04_zdr05_ysize3_27.uai
[2024-10-14T10:34:25.269151][INFO][seed26] PN(V1,V0) in [0.44281350122941665, 0.9330154235898964] 
[2024-10-14T10:34:25.273548][INFO][seed27] Saved queries to: /mnt/beegfs/rcabanas/dev/credici/papers/zeros/models/s3/simple_nparents2_nzr04_zdr05_ysize3_27_query.csv
[2024-10-14T10:34:25.275103][INFO][seed27] Closing log file
[2024-10-14T10:34:25.275221][INFO][seed27] Closed log file
[2024-10-14T10:34:25.314473][INFO][seed0] PN(V1,V0) in [0.0, 0.01581550966788456] 
[2024-10-14T10:34:25.366486][INFO][seed26] PN(V2,V0) in [0.0, 0.036023378666966394] 
[2024-10-14T10:34:25.416886][INFO][seed26] Saved data to: /mnt/beegfs/rcabanas/dev/credici/papers/zeros/models/s3/simple_nparents2_nzr04_zdr05_ysize3_26.csv
[2024-10-14T10:34:25.467367][INFO][seed26] Saved model to: /mnt/beegfs/rcabanas/dev/credici/papers/zeros/models/s3/simple_nparents2_nzr04_zdr05_ysize3_26.uai
[2024-10-14T10:34:25.486058][INFO][seed26] Saved queries to: /mnt/beegfs/rcabanas/dev/credici/papers/zeros/models/s3/simple_nparents2_nzr04_zdr05_ysize3_26_query.csv
[2024-10-14T10:34:25.486234][INFO][seed26] Closing log file
[2024-10-14T10:34:25.486266][INFO][seed26] Closed log file
[2024-10-14T10:34:25.519323][INFO][seed0] PN(V2,V0) in [0.0, 0.014535385956645212] 
[2024-10-14T10:34:25.549943][INFO][seed34] Sampled 1100 data instances
[2024-10-14T10:34:25.550482][INFO][seed34] Starting exact inference 
[2024-10-14T10:34:25.560756][INFO][seed31] Sampled 1300 data instances
[2024-10-14T10:34:25.563234][INFO][seed31] Starting exact inference 
[2024-10-14T10:34:25.564628][INFO][seed0] Saved data to: /mnt/beegfs/rcabanas/dev/credici/papers/zeros/models/s3/simple_nparents2_nzr04_zdr05_ysize3_0.csv
[2024-10-14T10:34:25.603469][INFO][seed0] Saved model to: /mnt/beegfs/rcabanas/dev/credici/papers/zeros/models/s3/simple_nparents2_nzr04_zdr05_ysize3_0.uai
[2024-10-14T10:34:25.609219][INFO][seed0] Saved queries to: /mnt/beegfs/rcabanas/dev/credici/papers/zeros/models/s3/simple_nparents2_nzr04_zdr05_ysize3_0_query.csv
[2024-10-14T10:34:25.609552][INFO][seed0] Closing log file
[2024-10-14T10:34:25.609855][INFO][seed0] Closed log file
Error in variable: 3
[2024-10-14T10:34:25.749668][INFO][seed31] No feasible solution... resampling
[2024-10-14T10:34:25.849005][INFO][seed58] PS(V1,V0) in [0.0, 1.0]
['genn.py', '2', '0.4', '0.5', '66', '3']
2 0.4 0.5 66
/mnt/beegfs/rcabanas/dev/credici/papers/zeros/code/GenerateNparents.java
[2024-10-14T10:34:25.920261][INFO][seed58] PS(V2,V0) in [0.0, 0.43047701899376545]
[2024-10-14T10:34:25.962162][INFO][seed31] Sampled 1400 data instances
[2024-10-14T10:34:25.962697][INFO][seed31] Starting exact inference 
[2024-10-14T10:34:25.967053][INFO][seed58] PN(V1,V0) in [0.0, 0.5291343886830583] 
[2024-10-14T10:34:26.013320][INFO][seed58] PN(V2,V0) in [0.0, 0.8184484184472455] 
[2024-10-14T10:34:26.028483][INFO][seed41] No feasible solution... resampling
[2024-10-14T10:34:26.066117][INFO][seed58] Saved data to: /mnt/beegfs/rcabanas/dev/credici/papers/zeros/models/s3/simple_nparents2_nzr04_zdr05_ysize3_58.csv
['genn.py', '2', '0.4', '0.5', '60', '3']
[2024-10-14T10:34:26.106573][INFO][seed58] Saved model to: /mnt/beegfs/rcabanas/dev/credici/papers/zeros/models/s3/simple_nparents2_nzr04_zdr05_ysize3_58.uai
[2024-10-14T10:34:26.114293][INFO][seed58] Saved queries to: /mnt/beegfs/rcabanas/dev/credici/papers/zeros/models/s3/simple_nparents2_nzr04_zdr05_ysize3_58_query.csv
[2024-10-14T10:34:26.114803][INFO][seed58] Closing log file
[2024-10-14T10:34:26.114930][INFO][seed58] Closed log file
2 0.4 0.5 60
/mnt/beegfs/rcabanas/dev/credici/papers/zeros/code/GenerateNparents.java
['genn.py', '2', '0.4', '0.5', '97', '3']
2 0.4 0.5 97
/mnt/beegfs/rcabanas/dev/credici/papers/zeros/code/GenerateNparents.java
[2024-10-14T10:34:26.271432][INFO][seed41] Sampled 1100 data instances
[2024-10-14T10:34:26.272526][INFO][seed41] Starting exact inference 
[2024-10-14T10:34:26.482592][INFO][seed22] No feasible solution... resampling
[2024-10-14T10:34:26.677732][INFO][seed34] PS(V1,V0) in [0.0, 0.8912]
[2024-10-14T10:34:26.776654][INFO][seed34] PS(V2,V0) in [0.0, 0.32308584686774944]
[2024-10-14T10:34:26.787515][INFO][seed32] PS(V1,V0) in [0.0, 0.0]
['genn.py', '2', '0.4', '0.5', '83', '3']
2 0.4 0.5 83
/mnt/beegfs/rcabanas/dev/credici/papers/zeros/code/GenerateNparents.java
[2024-10-14T10:34:26.867554][INFO][seed34] PN(V1,V0) in [0.0, 0.7768759031726974] 
[2024-10-14T10:34:26.935849][INFO][seed34] PN(V2,V0) in [0.0, 0.1214220810814309] 
[2024-10-14T10:34:26.949802][INFO][seed22] Sampled 1100 data instances
[2024-10-14T10:34:26.964669][INFO][seed22] Starting exact inference 
[2024-10-14T10:34:26.997428][INFO][seed34] Saved data to: /mnt/beegfs/rcabanas/dev/credici/papers/zeros/models/s3/simple_nparents2_nzr04_zdr05_ysize3_34.csv
[2024-10-14T10:34:27.024283][INFO][seed34] Saved model to: /mnt/beegfs/rcabanas/dev/credici/papers/zeros/models/s3/simple_nparents2_nzr04_zdr05_ysize3_34.uai
[2024-10-14T10:34:27.030696][INFO][seed34] Saved queries to: /mnt/beegfs/rcabanas/dev/credici/papers/zeros/models/s3/simple_nparents2_nzr04_zdr05_ysize3_34_query.csv
[2024-10-14T10:34:27.030829][INFO][seed34] Closing log file
[2024-10-14T10:34:27.030857][INFO][seed34] Closed log file
[2024-10-14T10:34:27.196652][INFO][seed32] PS(V2,V0) in [0.0, 1.0]
Error in variable: 3
[2024-10-14T10:34:27.375269][INFO][seed23] No feasible solution... resampling
[2024-10-14T10:34:27.393982][INFO][seed19] PS(V1,V0) in [0.0, 1.0]
[2024-10-14T10:34:27.416460][INFO][seed32] No feasible solution... resampling
[2024-10-14T10:34:27.459816][INFO][seed19] No feasible solution... resampling
[2024-10-14T10:34:27.476935][INFO][seed22] No feasible solution... resampling
[2024-10-14T10:34:27.576409][INFO][seed23] Sampled 1100 data instances
[2024-10-14T10:34:27.585895][INFO][seed23] Starting exact inference 
['genn.py', '2', '0.4', '0.5', '88', '3']
[2024-10-14T10:34:27.646452][INFO][seed32] Sampled 1200 data instances
[2024-10-14T10:34:27.647234][INFO][seed32] Starting exact inference 
[2024-10-14T10:34:27.666983][INFO][seed19] Sampled 1200 data instances
[2024-10-14T10:34:27.667553][INFO][seed19] Starting exact inference 
2 0.4 0.5 88
/mnt/beegfs/rcabanas/dev/credici/papers/zeros/code/GenerateNparents.java
[2024-10-14T10:34:27.752377][INFO][seed22] Sampled 1200 data instances
[2024-10-14T10:34:27.766016][INFO][seed22] Starting exact inference 
Error in variable: 3
[2024-10-14T10:34:27.803860][INFO][seed23] No feasible solution... resampling
[2024-10-14T10:34:28.011813][INFO][seed23] Sampled 1200 data instances
[2024-10-14T10:34:28.025950][INFO][seed23] Starting exact inference 
[2024-10-14T10:34:28.146979][INFO][seed19] PS(V1,V0) in [0.0, 0.797500300444658]
[2024-10-14T10:34:28.201872][INFO][seed22] No feasible solution... resampling
[2024-10-14T10:34:28.212520][INFO][seed19] PS(V2,V0) in [0.0, 0.6878338278931752]
[2024-10-14T10:34:28.299546][INFO][seed19] PN(V1,V0) in [0.0, 0.3728613569321534] 
[2024-10-14T10:34:28.306791][INFO][seed24] PS(V1,V0) in [0.0, 0.01223663181524272]
[2024-10-14T10:34:28.368012][INFO][seed19] PN(V2,V0) in [0.0, 0.8407261668973989] 
[2024-10-14T10:34:28.426914][INFO][seed19] Saved data to: /mnt/beegfs/rcabanas/dev/credici/papers/zeros/models/s3/simple_nparents2_nzr04_zdr05_ysize3_19.csv
[2024-10-14T10:34:28.465204][INFO][seed19] Saved model to: /mnt/beegfs/rcabanas/dev/credici/papers/zeros/models/s3/simple_nparents2_nzr04_zdr05_ysize3_19.uai
[2024-10-14T10:34:28.474161][INFO][seed19] Saved queries to: /mnt/beegfs/rcabanas/dev/credici/papers/zeros/models/s3/simple_nparents2_nzr04_zdr05_ysize3_19_query.csv
[2024-10-14T10:34:28.474723][INFO][seed19] Closing log file
[2024-10-14T10:34:28.474865][INFO][seed19] Closed log file
[2024-10-14T10:34:28.540941][INFO][seed22] Sampled 1300 data instances
[2024-10-14T10:34:28.559932][INFO][seed22] Starting exact inference 
[2024-10-14T10:34:28.974177][INFO][seed22] No feasible solution... resampling
[2024-10-14T10:34:28.973951][INFO][seed66] Set up logging
[2024-10-14T10:34:29.014712][INFO][seed66] args: -np;2;-nzr;0.4;-zdr;0.5;-o;/mnt/beegfs/rcabanas/dev/credici/papers/zeros/models/s3;-rw;-s;66;-ys;3
[2024-10-14T10:34:29.017613][INFO][seed66] Starting logger with seed 66
[2024-10-14T10:34:29.049433][INFO][seed66] simple_nparents2_nzr04_zdr05_ysize3_66
[2024-10-14T10:34:29.138473][INFO][seed24] PS(V2,V0) in [0.0, 1.0]
['genn.py', '2', '0.4', '0.5', '87', '3']
2 0.4 0.5 87
/mnt/beegfs/rcabanas/dev/credici/papers/zeros/code/GenerateNparents.java
[2024-10-14T10:34:29.235794][INFO][seed22] Sampled 1400 data instances
[2024-10-14T10:34:29.245848][INFO][seed22] Starting exact inference 
[2024-10-14T10:34:29.225036][INFO][seed97] Set up logging
[2024-10-14T10:34:29.248794][INFO][seed97] args: -np;2;-nzr;0.4;-zdr;0.5;-o;/mnt/beegfs/rcabanas/dev/credici/papers/zeros/models/s3;-rw;-s;97;-ys;3
[2024-10-14T10:34:29.264871][INFO][seed97] Starting logger with seed 97
[2024-10-14T10:34:29.271591][INFO][seed97] simple_nparents2_nzr04_zdr05_ysize3_97
[2024-10-14T10:34:29.412993][INFO][seed66] U cardinality: 81
[2024-10-14T10:34:29.423196][INFO][seed66] !0 = [0, 1, 3, 4, 9, 13, 14, 15, 17, 24, 27, 28, 29, 30, 31, 32, 33, 36, 40, 43, 44, 45, 53, 55, 61, 69, 71, 72, 73, 77, 79, 80]
[2024-10-14T10:34:29.424851][INFO][seed66] 0 = [2, 5, 6, 7, 8, 10, 11, 12, 16, 18, 19, 20, 21, 22, 23, 25, 26, 34, 35, 37, 38, 39, 41, 42, 46, 47, 48, 49, 50, 51, 52, 54, 56, 57, 58, 59, 60, 62, 63, 64, 65, 66, 67, 68, 70, 74, 75, 76, 78]
[2024-10-14T10:34:29.434607][INFO][seed66] Dropping state 78
[2024-10-14T10:34:29.437273][INFO][seed66] Dropping state 74
[2024-10-14T10:34:29.439324][INFO][seed66] Dropping state 70
[2024-10-14T10:34:29.442894][INFO][seed66] Dropping state 68
[2024-10-14T10:34:29.452767][INFO][seed66] Dropping state 67
[2024-10-14T10:34:29.462574][INFO][seed66] Dropping state 65
[2024-10-14T10:34:29.466876][INFO][seed66] Dropping state 64
[2024-10-14T10:34:29.470105][INFO][seed66] Dropping state 59
[2024-10-14T10:34:29.472396][INFO][seed66] Dropping state 58
[2024-10-14T10:34:29.473793][INFO][seed66] Dropping state 57
[2024-10-14T10:34:29.474980][INFO][seed66] Dropping state 52
[2024-10-14T10:34:29.478532][INFO][seed66] Dropping state 51
[2024-10-14T10:34:29.479972][INFO][seed66] Dropping state 49
[2024-10-14T10:34:29.483240][INFO][seed66] Dropping state 48
[2024-10-14T10:34:29.485324][INFO][seed66] Dropping state 47
[2024-10-14T10:34:29.486234][INFO][seed66] Dropping state 46
[2024-10-14T10:34:29.489820][INFO][seed66] Dropping state 42
[2024-10-14T10:34:29.491444][INFO][seed66] Dropping state 35
[2024-10-14T10:34:29.494391][INFO][seed66] Dropping state 26
[2024-10-14T10:34:29.496501][INFO][seed66] Dropping state 21
[2024-10-14T10:34:29.497722][INFO][seed66] Dropping state 18
[2024-10-14T10:34:29.498378][INFO][seed66] Dropping state 16
[2024-10-14T10:34:29.500583][INFO][seed66] Dropping state 11
[2024-10-14T10:34:29.502246][INFO][seed66] Dropping state 7
[2024-10-14T10:34:29.503583][INFO][seed66] Dropping state 6
[2024-10-14T10:34:29.509663][INFO][seed66] Dropping state 5
[2024-10-14T10:34:29.515960][INFO][seed66] U cardinality: 55
[2024-10-14T10:34:29.537495][INFO][seed66] 
[P([5]) [0.384, 0.616], P([4]) [0.756, 0.244], P([3]) [0.001, 0.001, 0.0, 0.001, 0.001, 0.0, 0.001, 0.0, 0.0, 0.001, 0.001, 0.216, 0.001, 0.0, 0.0, 0.0, 0.0, 0.001, 0.0, 0.001, 0.002, 0.001, 0.001, 0.001, 0.001, 0.001, 0.0, 0.703, 0.0, 0.0, 0.0, 0.001, 0.0, 0.001, 0.001, 0.001, 0.0, 0.001, 0.0, 0.001, 0.0, 0.0, 0.001, 0.0, 0.0, 0.0, 0.001, 0.001, 0.001, 0.001, 0.0, 0.0, 0.001, 0.001, 0.051], P([2, 5]) [1.0, 0.0, 0.0, 1.0], P([1, 4]) [1.0, 0.0, 0.0, 1.0], P([0, 1, 2, 3]) [1.0, 0.0, 0.0, 1.0, 0.0, 0.0, 1.0, 0.0, 0.0, 1.0, 0.0, 0.0, 1.0, 0.0, 0.0, 1.0, 0.0, 0.0, 1.0, 0.0, 0.0, 0.0, 1.0, 0.0, 1.0, 0.0, 0.0, 1.0, 0.0, 0.0, 1.0, 0.0, 0.0, 0.0, 0.0, 1.0, 1.0, 0.0, 0.0, 1.0, 0.0, 0.0, 0.0, 1.0, 0.0, 1.0, 0.0, 0.0, 1.0, 0.0, 0.0, 1.0, 0.0, 0.0, 0.0, 1.0, 0.0, 0.0, 1.0, 0.0, 1.0, 0.0, 0.0, 1.0, 0.0, 0.0, 0.0, 0.0, 1.0, 0.0, 0.0, 1.0, 1.0, 0.0, 0.0, 0.0, 1.0, 0.0, 1.0, 0.0, 0.0, 1.0, 0.0, 0.0, 1.0, 0.0, 0.0, 0.0, 1.0, 0.0, 1.0, 0.0, 0.0, 0.0, 1.0, 0.0, 1.0, 0.0, 0.0, 0.0, 1.0, 0.0, 0.0, 1.0, 0.0, 1.0, 0.0, 0.0, 1.0, 0.0, 0.0, 0.0, 1.0, 0.0, 0.0, 1.0, 0.0, 0.0, 1.0, 0.0, 1.0, 0.0, 0.0, 0.0, 1.0, 0.0, 0.0, 1.0, 0.0, 0.0, 0.0, 1.0, 1.0, 0.0, 0.0, 0.0, 1.0, 0.0, 0.0, 0.0, 1.0, 1.0, 0.0, 0.0, 1.0, 0.0, 0.0, 0.0, 1.0, 0.0, 0.0, 0.0, 1.0, 0.0, 0.0, 1.0, 1.0, 0.0, 0.0, 0.0, 0.0, 1.0, 1.0, 0.0, 0.0, 0.0, 1.0, 0.0, 1.0, 0.0, 0.0, 0.0, 0.0, 1.0, 1.0, 0.0, 0.0, 0.0, 0.0, 1.0, 1.0, 0.0, 0.0, 0.0, 0.0, 1.0, 0.0, 1.0, 0.0, 0.0, 1.0, 0.0, 1.0, 0.0, 0.0, 0.0, 0.0, 1.0, 0.0, 1.0, 0.0, 0.0, 0.0, 1.0, 1.0, 0.0, 0.0, 0.0, 0.0, 1.0, 0.0, 0.0, 1.0, 1.0, 0.0, 0.0, 1.0, 0.0, 0.0, 0.0, 0.0, 1.0, 0.0, 0.0, 1.0, 0.0, 1.0, 0.0, 0.0, 1.0, 0.0, 1.0, 0.0, 0.0, 1.0, 0.0, 0.0, 1.0, 0.0, 0.0, 0.0, 1.0, 0.0, 1.0, 0.0, 0.0, 1.0, 0.0, 0.0, 0.0, 1.0, 0.0, 0.0, 1.0, 0.0, 1.0, 0.0, 0.0, 1.0, 0.0, 0.0, 0.0, 0.0, 1.0, 0.0, 1.0, 0.0, 1.0, 0.0, 0.0, 0.0, 1.0, 0.0, 1.0, 0.0, 0.0, 0.0, 1.0, 0.0, 1.0, 0.0, 0.0, 0.0, 1.0, 0.0, 0.0, 1.0, 0.0, 0.0, 1.0, 0.0, 1.0, 0.0, 0.0, 0.0, 1.0, 0.0, 0.0, 0.0, 1.0, 0.0, 1.0, 0.0, 1.0, 0.0, 0.0, 0.0, 0.0, 1.0, 1.0, 0.0, 0.0, 0.0, 1.0, 0.0, 1.0, 0.0, 0.0, 0.0, 0.0, 1.0, 0.0, 1.0, 0.0, 0.0, 1.0, 0.0, 0.0, 1.0, 0.0, 1.0, 0.0, 0.0, 1.0, 0.0, 0.0, 0.0, 1.0, 0.0, 0.0, 1.0, 0.0, 1.0, 0.0, 0.0, 0.0, 1.0, 0.0, 0.0, 1.0, 0.0, 0.0, 1.0, 0.0, 1.0, 0.0, 0.0, 0.0, 0.0, 1.0, 0.0, 1.0, 0.0, 0.0, 1.0, 0.0, 0.0, 1.0, 0.0, 1.0, 0.0, 0.0, 0.0, 1.0, 0.0, 0.0, 1.0, 0.0, 0.0, 1.0, 0.0, 0.0, 1.0, 0.0, 0.0, 1.0, 0.0, 0.0, 1.0, 0.0, 0.0, 1.0, 0.0, 0.0, 0.0, 1.0, 0.0, 1.0, 0.0, 0.0, 1.0, 0.0, 0.0, 0.0, 1.0, 0.0, 1.0, 0.0, 0.0, 1.0, 0.0, 0.0, 1.0, 0.0, 0.0, 0.0, 1.0, 0.0, 0.0, 1.0, 0.0, 1.0, 0.0, 0.0, 0.0, 1.0, 1.0, 0.0, 0.0, 1.0, 0.0, 0.0, 0.0, 1.0, 0.0, 0.0, 0.0, 1.0, 0.0, 1.0, 0.0, 0.0, 0.0, 1.0, 0.0, 1.0, 0.0, 0.0, 0.0, 1.0, 0.0, 0.0, 1.0, 0.0, 0.0, 1.0, 0.0, 0.0, 1.0, 1.0, 0.0, 0.0, 1.0, 0.0, 0.0, 1.0, 0.0, 0.0, 0.0, 0.0, 1.0, 1.0, 0.0, 0.0, 1.0, 0.0, 0.0, 0.0, 1.0, 0.0, 0.0, 0.0, 1.0, 1.0, 0.0, 0.0, 1.0, 0.0, 0.0, 0.0, 0.0, 1.0, 0.0, 0.0, 1.0, 1.0, 0.0, 0.0, 0.0, 0.0, 1.0, 1.0, 0.0, 0.0, 0.0, 0.0, 1.0, 1.0, 0.0, 0.0, 0.0, 0.0, 1.0, 0.0, 1.0, 0.0, 0.0, 0.0, 1.0, 1.0, 0.0, 0.0, 0.0, 0.0, 1.0, 0.0, 0.0, 1.0, 0.0, 0.0, 1.0, 0.0, 1.0, 0.0, 1.0, 0.0, 0.0, 1.0, 0.0, 0.0, 0.0, 0.0, 1.0, 0.0, 1.0, 0.0, 0.0, 1.0, 0.0, 1.0, 0.0, 0.0, 0.0, 0.0, 1.0, 0.0, 1.0, 0.0, 0.0, 0.0, 1.0, 1.0, 0.0, 0.0, 0.0, 0.0, 1.0, 0.0, 1.0, 0.0, 0.0, 0.0, 1.0, 0.0, 0.0, 1.0, 0.0, 0.0, 1.0, 0.0, 0.0, 1.0, 1.0, 0.0, 0.0, 1.0, 0.0, 0.0, 0.0, 0.0, 1.0, 0.0, 0.0, 1.0, 1.0, 0.0, 0.0, 0.0, 1.0, 0.0, 0.0, 0.0, 1.0, 0.0, 0.0, 1.0, 0.0, 1.0, 0.0, 1.0, 0.0, 0.0, 0.0, 0.0, 1.0, 0.0, 0.0, 1.0, 0.0, 1.0, 0.0, 0.0, 1.0, 0.0, 0.0, 0.0, 1.0, 0.0, 0.0, 1.0, 0.0, 1.0, 0.0, 0.0, 0.0, 1.0, 0.0, 0.0, 1.0, 0.0, 0.0, 1.0, 0.0, 0.0, 1.0, 0.0, 1.0, 0.0, 0.0, 0.0, 1.0, 0.0, 0.0, 1.0, 0.0, 0.0, 1.0, 0.0, 0.0, 1.0]]

[2024-10-14T10:34:29.609455][INFO][seed60] Set up logging
[2024-10-14T10:34:29.643391][INFO][seed60] args: -np;2;-nzr;0.4;-zdr;0.5;-o;/mnt/beegfs/rcabanas/dev/credici/papers/zeros/models/s3;-rw;-s;60;-ys;3
[2024-10-14T10:34:29.648394][INFO][seed60] Starting logger with seed 60
[2024-10-14T10:34:29.665596][INFO][seed60] simple_nparents2_nzr04_zdr05_ysize3_60
[2024-10-14T10:34:29.697717][INFO][seed97] U cardinality: 81
[2024-10-14T10:34:29.709476][INFO][seed97] !0 = [2, 4, 5, 9, 10, 11, 13, 14, 15, 18, 20, 22, 26, 28, 29, 32, 33, 34, 37, 40, 42, 46, 48, 51, 54, 55, 58, 64, 66, 71, 73, 77]
[2024-10-14T10:34:29.710757][INFO][seed97] 0 = [0, 1, 3, 6, 7, 8, 12, 16, 17, 19, 21, 23, 24, 25, 27, 30, 31, 35, 36, 38, 39, 41, 43, 44, 45, 47, 49, 50, 52, 53, 56, 57, 59, 60, 61, 62, 63, 65, 67, 68, 69, 70, 72, 74, 75, 76, 78, 79, 80]
[2024-10-14T10:34:29.721496][INFO][seed97] Dropping state 80
[2024-10-14T10:34:29.723414][INFO][seed97] Dropping state 78
[2024-10-14T10:34:29.729743][INFO][seed97] Dropping state 76
[2024-10-14T10:34:29.733608][INFO][seed97] Dropping state 72
[2024-10-14T10:34:29.739780][INFO][seed97] Dropping state 70
[2024-10-14T10:34:29.749831][INFO][seed24] PN(V1,V0) in [0.0, 0.5320731771242857] 
[2024-10-14T10:34:29.750827][INFO][seed97] Dropping state 69
[2024-10-14T10:34:29.757016][INFO][seed97] Dropping state 67
[2024-10-14T10:34:29.760037][INFO][seed97] Dropping state 63
[2024-10-14T10:34:29.761587][INFO][seed97] Dropping state 62
[2024-10-14T10:34:29.763239][INFO][seed97] Dropping state 57
[2024-10-14T10:34:29.766814][INFO][seed97] Dropping state 56
[2024-10-14T10:34:29.768844][INFO][seed97] Dropping state 53
[2024-10-14T10:34:29.770025][INFO][seed97] Dropping state 52
[2024-10-14T10:34:29.775082][INFO][seed97] Dropping state 50
[2024-10-14T10:34:29.777101][INFO][seed97] Dropping state 49
[2024-10-14T10:34:29.777817][INFO][seed97] Dropping state 47
[2024-10-14T10:34:29.784983][INFO][seed97] Dropping state 45
[2024-10-14T10:34:29.787475][INFO][seed97] Dropping state 44
[2024-10-14T10:34:29.790756][INFO][seed97] Dropping state 41
[2024-10-14T10:34:29.795248][INFO][seed97] Dropping state 25
[2024-10-14T10:34:29.797010][INFO][seed97] Dropping state 21
[2024-10-14T10:34:29.798370][INFO][seed97] Dropping state 17
[2024-10-14T10:34:29.801035][INFO][seed97] Dropping state 16
[2024-10-14T10:34:29.803227][INFO][seed97] Dropping state 12
[2024-10-14T10:34:29.805017][INFO][seed97] Dropping state 8
[2024-10-14T10:34:29.807228][INFO][seed97] Dropping state 3
[2024-10-14T10:34:29.810247][INFO][seed97] Dropping state 1
[2024-10-14T10:34:29.816855][INFO][seed97] Dropping state 0
[2024-10-14T10:34:29.822916][INFO][seed97] U cardinality: 53
[2024-10-14T10:34:29.850439][INFO][seed97] 
[P([5]) [0.432, 0.568], P([4]) [0.706, 0.294], P([3]) [0.001, 0.001, 0.001, 0.0, 0.0, 0.001, 0.001, 0.002, 0.001, 0.001, 0.001, 0.105, 0.0, 0.001, 0.01, 0.0, 0.0, 0.001, 0.0, 0.001, 0.001, 0.0, 0.0, 0.001, 0.086, 0.001, 0.0, 0.0, 0.001, 0.0, 0.0, 0.001, 0.001, 0.0, 0.001, 0.001, 0.001, 0.001, 0.002, 0.001, 0.0, 0.0, 0.0, 0.002, 0.0, 0.191, 0.0, 0.001, 0.001, 0.0, 0.0, 0.578, 0.0], P([2, 5]) [1.0, 0.0, 0.0, 1.0], P([1, 4]) [1.0, 0.0, 0.0, 1.0], P([0, 1, 2, 3]) [1.0, 0.0, 0.0, 1.0, 0.0, 0.0, 1.0, 0.0, 0.0, 0.0, 0.0, 1.0, 1.0, 0.0, 0.0, 1.0, 0.0, 0.0, 0.0, 1.0, 0.0, 0.0, 1.0, 0.0, 1.0, 0.0, 0.0, 1.0, 0.0, 0.0, 0.0, 1.0, 0.0, 0.0, 0.0, 1.0, 1.0, 0.0, 0.0, 1.0, 0.0, 0.0, 0.0, 0.0, 1.0, 1.0, 0.0, 0.0, 1.0, 0.0, 0.0, 1.0, 0.0, 0.0, 0.0, 0.0, 1.0, 0.0, 1.0, 0.0, 1.0, 0.0, 0.0, 0.0, 1.0, 0.0, 1.0, 0.0, 0.0, 1.0, 0.0, 0.0, 1.0, 0.0, 0.0, 0.0, 1.0, 0.0, 1.0, 0.0, 0.0, 0.0, 1.0, 0.0, 1.0, 0.0, 0.0, 0.0, 1.0, 0.0, 1.0, 0.0, 0.0, 0.0, 0.0, 1.0, 1.0, 0.0, 0.0, 0.0, 1.0, 0.0, 0.0, 1.0, 0.0, 0.0, 1.0, 0.0, 1.0, 0.0, 0.0, 0.0, 1.0, 0.0, 0.0, 1.0, 0.0, 0.0, 0.0, 1.0, 1.0, 0.0, 0.0, 0.0, 1.0, 0.0, 0.0, 0.0, 1.0, 1.0, 0.0, 0.0, 1.0, 0.0, 0.0, 0.0, 0.0, 1.0, 1.0, 0.0, 0.0, 1.0, 0.0, 0.0, 1.0, 0.0, 0.0, 0.0, 0.0, 1.0, 1.0, 0.0, 0.0, 0.0, 1.0, 0.0, 1.0, 0.0, 0.0, 0.0, 0.0, 1.0, 1.0, 0.0, 0.0, 0.0, 0.0, 1.0, 1.0, 0.0, 0.0, 0.0, 0.0, 1.0, 0.0, 1.0, 0.0, 0.0, 1.0, 0.0, 1.0, 0.0, 0.0, 0.0, 0.0, 1.0, 0.0, 1.0, 0.0, 0.0, 0.0, 1.0, 1.0, 0.0, 0.0, 0.0, 0.0, 1.0, 0.0, 0.0, 1.0, 1.0, 0.0, 0.0, 1.0, 0.0, 0.0, 0.0, 0.0, 1.0, 0.0, 0.0, 1.0, 0.0, 0.0, 1.0, 0.0, 1.0, 0.0, 1.0, 0.0, 0.0, 1.0, 0.0, 0.0, 1.0, 0.0, 0.0, 0.0, 1.0, 0.0, 1.0, 0.0, 0.0, 1.0, 0.0, 0.0, 0.0, 1.0, 0.0, 0.0, 1.0, 0.0, 1.0, 0.0, 0.0, 1.0, 0.0, 0.0, 0.0, 0.0, 1.0, 0.0, 1.0, 0.0, 1.0, 0.0, 0.0, 0.0, 1.0, 0.0, 1.0, 0.0, 0.0, 0.0, 1.0, 0.0, 1.0, 0.0, 0.0, 0.0, 1.0, 0.0, 0.0, 1.0, 0.0, 0.0, 1.0, 0.0, 1.0, 0.0, 0.0, 0.0, 1.0, 0.0, 0.0, 0.0, 1.0, 0.0, 1.0, 0.0, 1.0, 0.0, 0.0, 0.0, 0.0, 1.0, 1.0, 0.0, 0.0, 0.0, 1.0, 0.0, 1.0, 0.0, 0.0, 0.0, 0.0, 1.0, 0.0, 1.0, 0.0, 0.0, 1.0, 0.0, 1.0, 0.0, 0.0, 0.0, 0.0, 1.0, 0.0, 0.0, 1.0, 0.0, 1.0, 0.0, 0.0, 1.0, 0.0, 1.0, 0.0, 0.0, 1.0, 0.0, 0.0, 0.0, 1.0, 0.0, 0.0, 1.0, 0.0, 1.0, 0.0, 0.0, 0.0, 1.0, 0.0, 0.0, 1.0, 0.0, 0.0, 1.0, 0.0, 1.0, 0.0, 0.0, 0.0, 0.0, 1.0, 0.0, 1.0, 0.0, 0.0, 1.0, 0.0, 0.0, 1.0, 0.0, 1.0, 0.0, 0.0, 0.0, 1.0, 0.0, 0.0, 1.0, 0.0, 0.0, 1.0, 0.0, 0.0, 1.0, 0.0, 0.0, 1.0, 0.0, 0.0, 1.0, 0.0, 0.0, 0.0, 1.0, 1.0, 0.0, 0.0, 0.0, 1.0, 0.0, 0.0, 1.0, 0.0, 0.0, 0.0, 1.0, 0.0, 1.0, 0.0, 0.0, 1.0, 0.0, 0.0, 0.0, 1.0, 1.0, 0.0, 0.0, 0.0, 1.0, 0.0, 0.0, 1.0, 0.0, 0.0, 0.0, 1.0, 0.0, 1.0, 0.0, 1.0, 0.0, 0.0, 0.0, 1.0, 0.0, 0.0, 0.0, 1.0, 0.0, 0.0, 1.0, 1.0, 0.0, 0.0, 0.0, 0.0, 1.0, 1.0, 0.0, 0.0, 1.0, 0.0, 0.0, 1.0, 0.0, 0.0, 0.0, 0.0, 1.0, 1.0, 0.0, 0.0, 1.0, 0.0, 0.0, 0.0, 1.0, 0.0, 0.0, 0.0, 1.0, 1.0, 0.0, 0.0, 0.0, 1.0, 0.0, 0.0, 1.0, 0.0, 0.0, 0.0, 1.0, 1.0, 0.0, 0.0, 0.0, 1.0, 0.0, 0.0, 0.0, 1.0, 0.0, 0.0, 1.0, 1.0, 0.0, 0.0, 0.0, 0.0, 1.0, 1.0, 0.0, 0.0, 0.0, 0.0, 1.0, 1.0, 0.0, 0.0, 0.0, 0.0, 1.0, 0.0, 1.0, 0.0, 0.0, 0.0, 1.0, 0.0, 1.0, 0.0, 1.0, 0.0, 0.0, 0.0, 1.0, 0.0, 0.0, 0.0, 1.0, 0.0, 1.0, 0.0, 1.0, 0.0, 0.0, 0.0, 0.0, 1.0, 0.0, 0.0, 1.0, 0.0, 1.0, 0.0, 0.0, 1.0, 0.0, 1.0, 0.0, 0.0, 0.0, 0.0, 1.0, 0.0, 1.0, 0.0, 0.0, 1.0, 0.0, 0.0, 0.0, 1.0, 0.0, 0.0, 1.0, 0.0, 1.0, 0.0, 0.0, 0.0, 1.0, 0.0, 0.0, 1.0, 0.0, 0.0, 1.0, 0.0, 0.0, 1.0, 1.0, 0.0, 0.0, 0.0, 1.0, 0.0, 0.0, 0.0, 1.0, 0.0, 0.0, 1.0, 1.0, 0.0, 0.0, 0.0, 0.0, 1.0, 0.0, 0.0, 1.0, 0.0, 0.0, 1.0, 0.0, 1.0, 0.0, 1.0, 0.0, 0.0, 0.0, 0.0, 1.0, 0.0, 0.0, 1.0, 0.0, 1.0, 0.0, 0.0, 0.0, 1.0, 0.0, 0.0, 1.0, 0.0, 0.0, 1.0, 0.0, 0.0, 1.0, 0.0, 1.0, 0.0]]

[2024-10-14T10:34:29.834816][INFO][seed83] Set up logging
[2024-10-14T10:34:29.860854][INFO][seed83] args: -np;2;-nzr;0.4;-zdr;0.5;-o;/mnt/beegfs/rcabanas/dev/credici/papers/zeros/models/s3;-rw;-s;83;-ys;3
[2024-10-14T10:34:29.863435][INFO][seed83] Starting logger with seed 83
[2024-10-14T10:34:29.879265][INFO][seed83] simple_nparents2_nzr04_zdr05_ysize3_83
[2024-10-14T10:34:30.004258][INFO][seed66] Sampled 1000 data instances
[2024-10-14T10:34:30.004459][INFO][seed66] Starting exact inference 
[2024-10-14T10:34:30.025103][INFO][seed60] U cardinality: 81
[2024-10-14T10:34:30.035649][INFO][seed60] !0 = [0, 2, 3, 6, 7, 8, 11, 21, 22, 24, 25, 34, 35, 37, 38, 41, 44, 45, 46, 47, 48, 59, 63, 64, 65, 67, 68, 69, 74, 78, 79, 80]
[2024-10-14T10:34:30.037131][INFO][seed60] 0 = [1, 4, 5, 9, 10, 12, 13, 14, 15, 16, 17, 18, 19, 20, 23, 26, 27, 28, 29, 30, 31, 32, 33, 36, 39, 40, 42, 43, 49, 50, 51, 52, 53, 54, 55, 56, 57, 58, 60, 61, 62, 66, 70, 71, 72, 73, 75, 76, 77]
[2024-10-14T10:34:30.045566][INFO][seed60] Dropping state 76
[2024-10-14T10:34:30.048350][INFO][seed60] Dropping state 73
[2024-10-14T10:34:30.050222][INFO][seed60] Dropping state 72
[2024-10-14T10:34:30.053994][INFO][seed60] Dropping state 71
[2024-10-14T10:34:30.060458][INFO][seed60] Dropping state 70
[2024-10-14T10:34:30.072913][INFO][seed60] Dropping state 66
[2024-10-14T10:34:30.077884][INFO][seed60] Dropping state 61
[2024-10-14T10:34:30.081225][INFO][seed60] Dropping state 58
[2024-10-14T10:34:30.083240][INFO][seed60] Dropping state 57
[2024-10-14T10:34:30.084761][INFO][seed60] Dropping state 56
[2024-10-14T10:34:30.086043][INFO][seed60] Dropping state 55
[2024-10-14T10:34:30.098351][INFO][seed60] Dropping state 54
[2024-10-14T10:34:30.100315][INFO][seed60] Dropping state 52
[2024-10-14T10:34:30.102393][INFO][seed60] Dropping state 43
[2024-10-14T10:34:30.103987][INFO][seed60] Dropping state 36
[2024-10-14T10:34:30.104618][INFO][seed60] Dropping state 30
[2024-10-14T10:34:30.107645][INFO][seed60] Dropping state 28
[2024-10-14T10:34:30.109364][INFO][seed60] Dropping state 26
[2024-10-14T10:34:30.113034][INFO][seed60] Dropping state 20
[2024-10-14T10:34:30.115561][INFO][seed60] Dropping state 16
[2024-10-14T10:34:30.120566][INFO][seed60] Dropping state 15
[2024-10-14T10:34:30.122068][INFO][seed60] Dropping state 14
[2024-10-14T10:34:30.123557][INFO][seed60] Dropping state 13
[2024-10-14T10:34:30.124934][INFO][seed60] Dropping state 10
[2024-10-14T10:34:30.128949][INFO][seed60] Dropping state 9
[2024-10-14T10:34:30.130718][INFO][seed60] Dropping state 5
[2024-10-14T10:34:30.132705][INFO][seed60] Dropping state 1
[2024-10-14T10:34:30.141007][INFO][seed60] U cardinality: 54
[2024-10-14T10:34:30.158959][INFO][seed60] 
[P([5]) [0.605, 0.395], P([4]) [0.896, 0.104], P([3]) [0.001, 0.001, 0.001, 0.0, 0.005, 0.001, 0.001, 0.001, 0.0, 0.0, 0.0, 0.0, 0.001, 0.001, 0.0, 0.001, 0.001, 0.0, 0.0, 0.0, 0.0, 0.0, 0.001, 0.001, 0.001, 0.002, 0.0, 0.0, 0.001, 0.0, 0.001, 0.001, 0.001, 0.001, 0.001, 0.0, 0.0, 0.0, 0.0, 0.001, 0.0, 0.0, 0.001, 0.001, 0.001, 0.001, 0.001, 0.001, 0.001, 0.0, 0.0, 0.001, 0.001, 0.964], P([2, 5]) [1.0, 0.0, 0.0, 1.0], P([1, 4]) [1.0, 0.0, 0.0, 1.0], P([0, 1, 2, 3]) [1.0, 0.0, 0.0, 1.0, 0.0, 0.0, 1.0, 0.0, 0.0, 1.0, 0.0, 0.0, 1.0, 0.0, 0.0, 1.0, 0.0, 0.0, 1.0, 0.0, 0.0, 0.0, 0.0, 1.0, 1.0, 0.0, 0.0, 1.0, 0.0, 0.0, 0.0, 1.0, 0.0, 1.0, 0.0, 0.0, 1.0, 0.0, 0.0, 1.0, 0.0, 0.0, 0.0, 1.0, 0.0, 0.0, 1.0, 0.0, 1.0, 0.0, 0.0, 1.0, 0.0, 0.0, 0.0, 0.0, 1.0, 1.0, 0.0, 0.0, 1.0, 0.0, 0.0, 1.0, 0.0, 0.0, 0.0, 0.0, 1.0, 0.0, 1.0, 0.0, 1.0, 0.0, 0.0, 1.0, 0.0, 0.0, 0.0, 0.0, 1.0, 0.0, 0.0, 1.0, 1.0, 0.0, 0.0, 0.0, 1.0, 0.0, 1.0, 0.0, 0.0, 0.0, 0.0, 1.0, 1.0, 0.0, 0.0, 0.0, 1.0, 0.0, 0.0, 1.0, 0.0, 1.0, 0.0, 0.0, 1.0, 0.0, 0.0, 0.0, 1.0, 0.0, 0.0, 0.0, 1.0, 0.0, 0.0, 1.0, 1.0, 0.0, 0.0, 0.0, 0.0, 1.0, 1.0, 0.0, 0.0, 1.0, 0.0, 0.0, 1.0, 0.0, 0.0, 0.0, 0.0, 1.0, 1.0, 0.0, 0.0, 0.0, 1.0, 0.0, 1.0, 0.0, 0.0, 0.0, 0.0, 1.0, 0.0, 1.0, 0.0, 1.0, 0.0, 0.0, 1.0, 0.0, 0.0, 0.0, 0.0, 1.0, 0.0, 1.0, 0.0, 0.0, 1.0, 0.0, 1.0, 0.0, 0.0, 0.0, 0.0, 1.0, 0.0, 1.0, 0.0, 0.0, 0.0, 1.0, 1.0, 0.0, 0.0, 0.0, 0.0, 1.0, 0.0, 0.0, 1.0, 1.0, 0.0, 0.0, 1.0, 0.0, 0.0, 0.0, 0.0, 1.0, 0.0, 0.0, 1.0, 0.0, 1.0, 0.0, 0.0, 1.0, 0.0, 1.0, 0.0, 0.0, 1.0, 0.0, 0.0, 1.0, 0.0, 0.0, 0.0, 1.0, 0.0, 1.0, 0.0, 0.0, 1.0, 0.0, 0.0, 0.0, 0.0, 1.0, 0.0, 1.0, 0.0, 1.0, 0.0, 0.0, 0.0, 1.0, 0.0, 0.0, 1.0, 0.0, 0.0, 1.0, 0.0, 1.0, 0.0, 0.0, 0.0, 1.0, 0.0, 0.0, 0.0, 1.0, 0.0, 1.0, 0.0, 1.0, 0.0, 0.0, 0.0, 0.0, 1.0, 1.0, 0.0, 0.0, 0.0, 1.0, 0.0, 1.0, 0.0, 0.0, 0.0, 0.0, 1.0, 0.0, 1.0, 0.0, 0.0, 1.0, 0.0, 1.0, 0.0, 0.0, 0.0, 0.0, 1.0, 0.0, 0.0, 1.0, 0.0, 1.0, 0.0, 0.0, 1.0, 0.0, 1.0, 0.0, 0.0, 0.0, 1.0, 0.0, 0.0, 1.0, 0.0, 0.0, 1.0, 0.0, 1.0, 0.0, 0.0, 0.0, 0.0, 1.0, 0.0, 1.0, 0.0, 0.0, 1.0, 0.0, 0.0, 1.0, 0.0, 1.0, 0.0, 0.0, 0.0, 1.0, 0.0, 0.0, 1.0, 0.0, 0.0, 1.0, 0.0, 0.0, 1.0, 0.0, 0.0, 1.0, 0.0, 0.0, 1.0, 0.0, 0.0, 1.0, 0.0, 0.0, 0.0, 1.0, 0.0, 1.0, 0.0, 0.0, 1.0, 0.0, 0.0, 0.0, 1.0, 1.0, 0.0, 0.0, 0.0, 1.0, 0.0, 0.0, 1.0, 0.0, 0.0, 0.0, 1.0, 0.0, 0.0, 1.0, 0.0, 1.0, 0.0, 0.0, 0.0, 1.0, 1.0, 0.0, 0.0, 1.0, 0.0, 0.0, 0.0, 1.0, 0.0, 0.0, 0.0, 1.0, 1.0, 0.0, 0.0, 0.0, 1.0, 0.0, 0.0, 1.0, 0.0, 0.0, 0.0, 1.0, 1.0, 0.0, 0.0, 0.0, 0.0, 1.0, 0.0, 1.0, 0.0, 0.0, 0.0, 1.0, 0.0, 1.0, 0.0, 1.0, 0.0, 0.0, 0.0, 1.0, 0.0, 0.0, 0.0, 1.0, 0.0, 1.0, 0.0, 0.0, 1.0, 0.0, 0.0, 1.0, 0.0, 0.0, 0.0, 1.0, 0.0, 1.0, 0.0, 0.0, 0.0, 1.0, 0.0, 1.0, 0.0, 0.0, 0.0, 1.0, 0.0, 0.0, 1.0, 1.0, 0.0, 0.0, 0.0, 1.0, 0.0, 0.0, 0.0, 1.0, 0.0, 0.0, 1.0, 0.0, 0.0, 1.0, 0.0, 0.0, 1.0, 1.0, 0.0, 0.0, 0.0, 1.0, 0.0, 0.0, 0.0, 1.0, 0.0, 0.0, 1.0, 1.0, 0.0, 0.0, 0.0, 0.0, 1.0, 1.0, 0.0, 0.0, 0.0, 0.0, 1.0, 1.0, 0.0, 0.0, 0.0, 0.0, 1.0, 0.0, 0.0, 1.0, 0.0, 0.0, 1.0, 0.0, 1.0, 0.0, 1.0, 0.0, 0.0, 1.0, 0.0, 0.0, 0.0, 0.0, 1.0, 0.0, 1.0, 0.0, 1.0, 0.0, 0.0, 0.0, 1.0, 0.0, 0.0, 0.0, 1.0, 0.0, 1.0, 0.0, 1.0, 0.0, 0.0, 0.0, 0.0, 1.0, 0.0, 0.0, 1.0, 0.0, 1.0, 0.0, 0.0, 1.0, 0.0, 0.0, 1.0, 0.0, 0.0, 0.0, 1.0, 0.0, 1.0, 0.0, 0.0, 1.0, 0.0, 0.0, 0.0, 1.0, 0.0, 0.0, 1.0, 0.0, 1.0, 0.0, 0.0, 0.0, 1.0, 1.0, 0.0, 0.0, 0.0, 0.0, 1.0, 0.0, 0.0, 1.0, 1.0, 0.0, 0.0, 0.0, 0.0, 1.0, 0.0, 0.0, 1.0, 0.0, 0.0, 1.0, 0.0, 1.0, 0.0, 1.0, 0.0, 0.0, 0.0, 0.0, 1.0, 0.0, 0.0, 1.0, 0.0, 1.0, 0.0, 0.0, 0.0, 1.0, 0.0, 0.0, 1.0, 0.0, 0.0, 1.0, 0.0, 0.0, 1.0, 1.0, 0.0, 0.0, 0.0, 0.0, 1.0, 0.0, 0.0, 1.0, 0.0, 0.0, 1.0, 0.0, 1.0, 0.0, 0.0, 0.0, 1.0, 0.0, 0.0, 1.0, 0.0, 0.0, 1.0, 0.0, 0.0, 1.0]]

[2024-10-14T10:34:30.170057][INFO][seed83] U cardinality: 81
[2024-10-14T10:34:30.179099][INFO][seed83] !0 = [0, 1, 2, 3, 4, 6, 7, 8, 11, 14, 17, 18, 19, 21, 22, 28, 32, 37, 38, 40, 44, 45, 46, 47, 52, 58, 59, 61, 62, 64, 65, 75]
[2024-10-14T10:34:30.180248][INFO][seed83] 0 = [5, 9, 10, 12, 13, 15, 16, 20, 23, 24, 25, 26, 27, 29, 30, 31, 33, 34, 35, 36, 39, 41, 42, 43, 48, 49, 50, 51, 53, 54, 55, 56, 57, 60, 63, 66, 67, 68, 69, 70, 71, 72, 73, 74, 76, 77, 78, 79, 80]
[2024-10-14T10:34:30.188276][INFO][seed83] Dropping state 79
[2024-10-14T10:34:30.190446][INFO][seed83] Dropping state 76
[2024-10-14T10:34:30.192385][INFO][seed83] Dropping state 68
[2024-10-14T10:34:30.195582][INFO][seed83] Dropping state 67
[2024-10-14T10:34:30.201021][INFO][seed83] Dropping state 66
[2024-10-14T10:34:30.210640][INFO][seed83] Dropping state 57
[2024-10-14T10:34:30.216247][INFO][seed83] Dropping state 56
[2024-10-14T10:34:30.218294][INFO][seed83] Dropping state 54
[2024-10-14T10:34:30.220161][INFO][seed83] Dropping state 53
[2024-10-14T10:34:30.221484][INFO][seed83] Dropping state 50
[2024-10-14T10:34:30.222395][INFO][seed83] Dropping state 49
[2024-10-14T10:34:30.228349][INFO][seed83] Dropping state 48
[2024-10-14T10:34:30.229624][INFO][seed83] Dropping state 43
[2024-10-14T10:34:30.234937][INFO][seed83] Dropping state 39
[2024-10-14T10:34:30.236497][INFO][seed83] Dropping state 36
[2024-10-14T10:34:30.237179][INFO][seed83] Dropping state 34
[2024-10-14T10:34:30.240049][INFO][seed83] Dropping state 33
[2024-10-14T10:34:30.241439][INFO][seed83] Dropping state 31
[2024-10-14T10:34:30.245119][INFO][seed83] Dropping state 27
[2024-10-14T10:34:30.248463][INFO][seed97] Sampled 1000 data instances
[2024-10-14T10:34:30.248985][INFO][seed97] Starting exact inference 
[2024-10-14T10:34:30.249551][INFO][seed83] Dropping state 25
[2024-10-14T10:34:30.250886][INFO][seed83] Dropping state 23
[2024-10-14T10:34:30.251708][INFO][seed83] Dropping state 20
[2024-10-14T10:34:30.253640][INFO][seed83] Dropping state 16
[2024-10-14T10:34:30.258471][INFO][seed83] U cardinality: 58
[2024-10-14T10:34:30.277296][INFO][seed83] 
[P([5]) [0.029, 0.971], P([4]) [0.492, 0.508], P([3]) [0.001, 0.002, 0.001, 0.001, 0.001, 0.0, 0.001, 0.001, 0.001, 0.0, 0.0, 0.001, 0.0, 0.0, 0.001, 0.0, 0.001, 0.001, 0.001, 0.001, 0.001, 0.0, 0.0, 0.001, 0.0, 0.0, 0.001, 0.0, 0.001, 0.001, 0.001, 0.0, 0.0, 0.001, 0.001, 0.001, 0.001, 0.0, 0.001, 0.0, 0.001, 0.002, 0.0, 0.001, 0.045, 0.0, 0.001, 0.001, 0.0, 0.0, 0.0, 0.0, 0.0, 0.0, 0.923, 0.0, 0.0, 0.0], P([2, 5]) [1.0, 0.0, 0.0, 1.0], P([1, 4]) [1.0, 0.0, 0.0, 1.0], P([0, 1, 2, 3]) [1.0, 0.0, 0.0, 1.0, 0.0, 0.0, 1.0, 0.0, 0.0, 1.0, 0.0, 0.0, 1.0, 0.0, 0.0, 1.0, 0.0, 0.0, 1.0, 0.0, 0.0, 0.0, 1.0, 0.0, 1.0, 0.0, 0.0, 1.0, 0.0, 0.0, 1.0, 0.0, 0.0, 0.0, 0.0, 1.0, 1.0, 0.0, 0.0, 1.0, 0.0, 0.0, 0.0, 1.0, 0.0, 1.0, 0.0, 0.0, 1.0, 0.0, 0.0, 1.0, 0.0, 0.0, 0.0, 1.0, 0.0, 0.0, 1.0, 0.0, 1.0, 0.0, 0.0, 1.0, 0.0, 0.0, 0.0, 1.0, 0.0, 0.0, 0.0, 1.0, 1.0, 0.0, 0.0, 1.0, 0.0, 0.0, 0.0, 0.0, 1.0, 1.0, 0.0, 0.0, 1.0, 0.0, 0.0, 1.0, 0.0, 0.0, 0.0, 0.0, 1.0, 0.0, 1.0, 0.0, 1.0, 0.0, 0.0, 1.0, 0.0, 0.0, 0.0, 0.0, 1.0, 0.0, 0.0, 1.0, 1.0, 0.0, 0.0, 0.0, 1.0, 0.0, 1.0, 0.0, 0.0, 1.0, 0.0, 0.0, 1.0, 0.0, 0.0, 0.0, 1.0, 0.0, 1.0, 0.0, 0.0, 0.0, 1.0, 0.0, 1.0, 0.0, 0.0, 0.0, 1.0, 0.0, 1.0, 0.0, 0.0, 0.0, 0.0, 1.0, 1.0, 0.0, 0.0, 0.0, 1.0, 0.0, 0.0, 1.0, 0.0, 1.0, 0.0, 0.0, 1.0, 0.0, 0.0, 0.0, 1.0, 0.0, 0.0, 1.0, 0.0, 0.0, 1.0, 0.0, 1.0, 0.0, 0.0, 0.0, 1.0, 0.0, 0.0, 1.0, 0.0, 0.0, 0.0, 1.0, 1.0, 0.0, 0.0, 0.0, 1.0, 0.0, 0.0, 0.0, 1.0, 1.0, 0.0, 0.0, 1.0, 0.0, 0.0, 0.0, 1.0, 0.0, 0.0, 0.0, 1.0, 0.0, 0.0, 1.0, 1.0, 0.0, 0.0, 0.0, 0.0, 1.0, 1.0, 0.0, 0.0, 1.0, 0.0, 0.0, 1.0, 0.0, 0.0, 0.0, 0.0, 1.0, 1.0, 0.0, 0.0, 0.0, 1.0, 0.0, 1.0, 0.0, 0.0, 0.0, 0.0, 1.0, 0.0, 1.0, 0.0, 1.0, 0.0, 0.0, 1.0, 0.0, 0.0, 0.0, 0.0, 1.0, 0.0, 1.0, 0.0, 0.0, 1.0, 0.0, 1.0, 0.0, 0.0, 0.0, 0.0, 1.0, 0.0, 0.0, 1.0, 1.0, 0.0, 0.0, 1.0, 0.0, 0.0, 0.0, 0.0, 1.0, 0.0, 0.0, 1.0, 0.0, 0.0, 1.0, 0.0, 1.0, 0.0, 1.0, 0.0, 0.0, 1.0, 0.0, 0.0, 0.0, 1.0, 0.0, 0.0, 1.0, 0.0, 1.0, 0.0, 0.0, 1.0, 0.0, 0.0, 0.0, 0.0, 1.0, 0.0, 1.0, 0.0, 1.0, 0.0, 0.0, 0.0, 1.0, 0.0, 1.0, 0.0, 0.0, 0.0, 1.0, 0.0, 1.0, 0.0, 0.0, 0.0, 1.0, 0.0, 0.0, 0.0, 1.0, 0.0, 1.0, 0.0, 1.0, 0.0, 0.0, 0.0, 0.0, 1.0, 0.0, 0.0, 1.0, 0.0, 1.0, 0.0, 0.0, 1.0, 0.0, 1.0, 0.0, 0.0, 0.0, 1.0, 0.0, 0.0, 1.0, 0.0, 0.0, 1.0, 0.0, 1.0, 0.0, 0.0, 0.0, 0.0, 1.0, 0.0, 1.0, 0.0, 0.0, 1.0, 0.0, 0.0, 1.0, 0.0, 0.0, 1.0, 0.0, 0.0, 1.0, 0.0, 0.0, 1.0, 0.0, 0.0, 1.0, 0.0, 0.0, 0.0, 1.0, 0.0, 1.0, 0.0, 0.0, 1.0, 0.0, 0.0, 0.0, 1.0, 1.0, 0.0, 0.0, 0.0, 1.0, 0.0, 0.0, 1.0, 0.0, 0.0, 0.0, 1.0, 0.0, 0.0, 1.0, 0.0, 1.0, 0.0, 0.0, 0.0, 1.0, 1.0, 0.0, 0.0, 1.0, 0.0, 0.0, 0.0, 1.0, 0.0, 0.0, 0.0, 1.0, 1.0, 0.0, 0.0, 0.0, 1.0, 0.0, 0.0, 1.0, 0.0, 0.0, 0.0, 1.0, 1.0, 0.0, 0.0, 0.0, 0.0, 1.0, 0.0, 1.0, 0.0, 0.0, 0.0, 1.0, 0.0, 0.0, 1.0, 1.0, 0.0, 0.0, 0.0, 1.0, 0.0, 0.0, 0.0, 1.0, 0.0, 0.0, 1.0, 0.0, 1.0, 0.0, 0.0, 0.0, 1.0, 1.0, 0.0, 0.0, 1.0, 0.0, 0.0, 0.0, 1.0, 0.0, 0.0, 0.0, 1.0, 1.0, 0.0, 0.0, 0.0, 1.0, 0.0, 0.0, 1.0, 0.0, 0.0, 0.0, 1.0, 1.0, 0.0, 0.0, 0.0, 1.0, 0.0, 0.0, 0.0, 1.0, 0.0, 0.0, 1.0, 1.0, 0.0, 0.0, 0.0, 0.0, 1.0, 1.0, 0.0, 0.0, 0.0, 0.0, 1.0, 1.0, 0.0, 0.0, 0.0, 0.0, 1.0, 0.0, 1.0, 0.0, 0.0, 0.0, 1.0, 1.0, 0.0, 0.0, 0.0, 0.0, 1.0, 0.0, 0.0, 1.0, 0.0, 0.0, 1.0, 0.0, 1.0, 0.0, 1.0, 0.0, 0.0, 1.0, 0.0, 0.0, 0.0, 0.0, 1.0, 0.0, 1.0, 0.0, 1.0, 0.0, 0.0, 0.0, 1.0, 0.0, 0.0, 0.0, 1.0, 0.0, 1.0, 0.0, 1.0, 0.0, 0.0, 0.0, 0.0, 1.0, 0.0, 0.0, 1.0, 0.0, 1.0, 0.0, 0.0, 0.0, 1.0, 1.0, 0.0, 0.0, 0.0, 0.0, 1.0, 0.0, 1.0, 0.0, 0.0, 0.0, 1.0, 0.0, 1.0, 0.0, 0.0, 0.0, 1.0, 0.0, 1.0, 0.0, 0.0, 0.0, 1.0, 0.0, 0.0, 1.0, 0.0, 0.0, 1.0, 0.0, 0.0, 1.0, 1.0, 0.0, 0.0, 1.0, 0.0, 0.0, 0.0, 0.0, 1.0, 0.0, 0.0, 1.0, 1.0, 0.0, 0.0, 0.0, 1.0, 0.0, 0.0, 0.0, 1.0, 0.0, 0.0, 1.0, 1.0, 0.0, 0.0, 0.0, 0.0, 1.0, 0.0, 0.0, 1.0, 0.0, 0.0, 1.0, 0.0, 1.0, 0.0, 1.0, 0.0, 0.0, 0.0, 0.0, 1.0, 0.0, 0.0, 1.0, 0.0, 1.0, 0.0, 0.0, 0.0, 1.0, 0.0, 0.0, 1.0, 0.0, 0.0, 1.0, 0.0, 0.0, 1.0, 1.0, 0.0, 0.0, 0.0, 0.0, 1.0, 0.0, 0.0, 1.0, 0.0, 0.0, 1.0, 0.0, 0.0, 1.0]]

[2024-10-14T10:34:30.298241][INFO][seed22] No feasible solution... resampling
[2024-10-14T10:34:30.357525][INFO][seed24] PN(V2,V0) in [0.0, 0.8001958974979578] 
[2024-10-14T10:34:30.417266][INFO][seed24] Saved data to: /mnt/beegfs/rcabanas/dev/credici/papers/zeros/models/s3/simple_nparents2_nzr04_zdr05_ysize3_24.csv
[2024-10-14T10:34:30.439440][INFO][seed24] Saved model to: /mnt/beegfs/rcabanas/dev/credici/papers/zeros/models/s3/simple_nparents2_nzr04_zdr05_ysize3_24.uai
[2024-10-14T10:34:30.450898][INFO][seed24] Saved queries to: /mnt/beegfs/rcabanas/dev/credici/papers/zeros/models/s3/simple_nparents2_nzr04_zdr05_ysize3_24_query.csv
[2024-10-14T10:34:30.451368][INFO][seed24] Closing log file
[2024-10-14T10:34:30.451470][INFO][seed24] Closed log file
[2024-10-14T10:34:30.582019][INFO][seed60] Sampled 1000 data instances
[2024-10-14T10:34:30.582218][INFO][seed60] Starting exact inference 
[2024-10-14T10:34:30.662484][INFO][seed83] Sampled 1000 data instances
[2024-10-14T10:34:30.662961][INFO][seed83] Starting exact inference 
[2024-10-14T10:34:30.811863][INFO][seed22] Sampled 1500 data instances
[2024-10-14T10:34:30.825978][INFO][seed22] Starting exact inference 
[2024-10-14T10:34:30.934233][INFO][seed88] Set up logging
[2024-10-14T10:34:30.961805][INFO][seed88] args: -np;2;-nzr;0.4;-zdr;0.5;-o;/mnt/beegfs/rcabanas/dev/credici/papers/zeros/models/s3;-rw;-s;88;-ys;3
[2024-10-14T10:34:30.977789][INFO][seed88] Starting logger with seed 88
[2024-10-14T10:34:30.988897][INFO][seed88] simple_nparents2_nzr04_zdr05_ysize3_88
[2024-10-14T10:34:31.077354][INFO][seed18] PS(V1,V0) in [0.0, 0.2445450553549446]
['genn.py', '2', '0.4', '0.5', '100', '3']
2 0.4 0.5 100
/mnt/beegfs/rcabanas/dev/credici/papers/zeros/code/GenerateNparents.java
[2024-10-14T10:34:31.202970][INFO][seed22] No feasible solution... resampling
[2024-10-14T10:34:31.413369][INFO][seed88] U cardinality: 81
[2024-10-14T10:34:31.423104][INFO][seed88] !0 = [2, 3, 10, 12, 13, 14, 15, 17, 19, 21, 26, 28, 31, 32, 34, 35, 36, 39, 43, 48, 49, 50, 56, 61, 62, 64, 65, 68, 70, 72, 73, 75]
[2024-10-14T10:34:31.424256][INFO][seed88] 0 = [0, 1, 4, 5, 6, 7, 8, 9, 11, 16, 18, 20, 22, 23, 24, 25, 27, 29, 30, 33, 37, 38, 40, 41, 42, 44, 45, 46, 47, 51, 52, 53, 54, 55, 57, 58, 59, 60, 63, 66, 67, 69, 71, 74, 76, 77, 78, 79, 80]
[2024-10-14T10:34:31.437419][INFO][seed88] Dropping state 80
[2024-10-14T10:34:31.439275][INFO][seed88] Dropping state 79
[2024-10-14T10:34:31.441008][INFO][seed88] Dropping state 74
[2024-10-14T10:34:31.444337][INFO][seed88] Dropping state 67
[2024-10-14T10:34:31.447099][INFO][seed22] Sampled 1600 data instances
[2024-10-14T10:34:31.447967][INFO][seed22] Starting exact inference 
[2024-10-14T10:34:31.450749][INFO][seed88] Dropping state 66
[2024-10-14T10:34:31.460795][INFO][seed88] Dropping state 63
[2024-10-14T10:34:31.466687][INFO][seed88] Dropping state 59
[2024-10-14T10:34:31.469955][INFO][seed88] Dropping state 58
[2024-10-14T10:34:31.472037][INFO][seed88] Dropping state 57
[2024-10-14T10:34:31.475960][INFO][seed88] Dropping state 54
[2024-10-14T10:34:31.478402][INFO][seed88] Dropping state 53
[2024-10-14T10:34:31.482023][INFO][seed88] Dropping state 52
[2024-10-14T10:34:31.486038][INFO][seed88] Dropping state 44
[2024-10-14T10:34:31.488653][INFO][seed88] Dropping state 41
[2024-10-14T10:34:31.491283][INFO][seed88] Dropping state 40
[2024-10-14T10:34:31.493331][INFO][seed88] Dropping state 33
[2024-10-14T10:34:31.496477][INFO][seed88] Dropping state 30
[2024-10-14T10:34:31.498912][INFO][seed88] Dropping state 27
[2024-10-14T10:34:31.505227][INFO][seed88] Dropping state 25
[2024-10-14T10:34:31.507677][INFO][seed88] Dropping state 22
[2024-10-14T10:34:31.508941][INFO][seed88] Dropping state 20
[2024-10-14T10:34:31.509508][INFO][seed88] Dropping state 16
[2024-10-14T10:34:31.512574][INFO][seed88] Dropping state 8
[2024-10-14T10:34:31.514451][INFO][seed88] Dropping state 0
[2024-10-14T10:34:31.518524][INFO][seed88] U cardinality: 57
[2024-10-14T10:34:31.540838][INFO][seed88] 
[P([5]) [0.064, 0.936], P([4]) [0.343, 0.657], P([3]) [0.0, 0.001, 0.001, 0.0, 0.0, 0.0, 0.0, 0.0, 0.001, 0.0, 0.001, 0.001, 0.001, 0.001, 0.001, 0.0, 0.001, 0.001, 0.0, 0.0, 0.001, 0.001, 0.0, 0.001, 0.002, 0.001, 0.001, 0.001, 0.0, 0.0, 0.001, 0.0, 0.001, 0.0, 0.0, 0.0, 0.001, 0.001, 0.071, 0.0, 0.0, 0.001, 0.0, 0.685, 0.001, 0.001, 0.001, 0.001, 0.0, 0.001, 0.0, 0.001, 0.001, 0.214, 0.0, 0.0, 0.0], P([2, 5]) [1.0, 0.0, 0.0, 1.0], P([1, 4]) [1.0, 0.0, 0.0, 1.0], P([0, 1, 2, 3]) [1.0, 0.0, 0.0, 1.0, 0.0, 0.0, 1.0, 0.0, 0.0, 0.0, 1.0, 0.0, 1.0, 0.0, 0.0, 1.0, 0.0, 0.0, 1.0, 0.0, 0.0, 0.0, 0.0, 1.0, 1.0, 0.0, 0.0, 1.0, 0.0, 0.0, 0.0, 1.0, 0.0, 1.0, 0.0, 0.0, 1.0, 0.0, 0.0, 1.0, 0.0, 0.0, 0.0, 1.0, 0.0, 0.0, 1.0, 0.0, 1.0, 0.0, 0.0, 1.0, 0.0, 0.0, 0.0, 1.0, 0.0, 0.0, 0.0, 1.0, 1.0, 0.0, 0.0, 1.0, 0.0, 0.0, 0.0, 0.0, 1.0, 1.0, 0.0, 0.0, 1.0, 0.0, 0.0, 1.0, 0.0, 0.0, 0.0, 0.0, 1.0, 0.0, 1.0, 0.0, 1.0, 0.0, 0.0, 0.0, 1.0, 0.0, 1.0, 0.0, 0.0, 1.0, 0.0, 0.0, 1.0, 0.0, 0.0, 0.0, 1.0, 0.0, 1.0, 0.0, 0.0, 0.0, 1.0, 0.0, 1.0, 0.0, 0.0, 0.0, 1.0, 0.0, 1.0, 0.0, 0.0, 0.0, 0.0, 1.0, 1.0, 0.0, 0.0, 0.0, 1.0, 0.0, 0.0, 1.0, 0.0, 1.0, 0.0, 0.0, 1.0, 0.0, 0.0, 0.0, 1.0, 0.0, 0.0, 1.0, 0.0, 0.0, 1.0, 0.0, 1.0, 0.0, 0.0, 0.0, 1.0, 0.0, 0.0, 1.0, 0.0, 0.0, 0.0, 1.0, 1.0, 0.0, 0.0, 0.0, 1.0, 0.0, 0.0, 0.0, 1.0, 1.0, 0.0, 0.0, 1.0, 0.0, 0.0, 0.0, 1.0, 0.0, 0.0, 0.0, 1.0, 0.0, 0.0, 1.0, 1.0, 0.0, 0.0, 0.0, 0.0, 1.0, 1.0, 0.0, 0.0, 1.0, 0.0, 0.0, 1.0, 0.0, 0.0, 0.0, 0.0, 1.0, 1.0, 0.0, 0.0, 0.0, 1.0, 0.0, 1.0, 0.0, 0.0, 0.0, 0.0, 1.0, 0.0, 1.0, 0.0, 1.0, 0.0, 0.0, 1.0, 0.0, 0.0, 0.0, 0.0, 1.0, 0.0, 1.0, 0.0, 0.0, 0.0, 1.0, 1.0, 0.0, 0.0, 0.0, 0.0, 1.0, 0.0, 0.0, 1.0, 1.0, 0.0, 0.0, 1.0, 0.0, 0.0, 0.0, 0.0, 1.0, 0.0, 0.0, 1.0, 0.0, 0.0, 1.0, 0.0, 1.0, 0.0, 1.0, 0.0, 0.0, 1.0, 0.0, 0.0, 0.0, 1.0, 0.0, 0.0, 1.0, 0.0, 1.0, 0.0, 0.0, 1.0, 0.0, 0.0, 0.0, 0.0, 1.0, 0.0, 1.0, 0.0, 1.0, 0.0, 0.0, 0.0, 1.0, 0.0, 0.0, 1.0, 0.0, 0.0, 1.0, 0.0, 1.0, 0.0, 0.0, 0.0, 1.0, 0.0, 0.0, 0.0, 1.0, 0.0, 1.0, 0.0, 1.0, 0.0, 0.0, 0.0, 0.0, 1.0, 0.0, 1.0, 0.0, 0.0, 1.0, 0.0, 1.0, 0.0, 0.0, 0.0, 0.0, 1.0, 0.0, 0.0, 1.0, 0.0, 1.0, 0.0, 0.0, 1.0, 0.0, 1.0, 0.0, 0.0, 1.0, 0.0, 0.0, 0.0, 1.0, 0.0, 0.0, 1.0, 0.0, 1.0, 0.0, 0.0, 0.0, 1.0, 0.0, 0.0, 1.0, 0.0, 0.0, 1.0, 0.0, 1.0, 0.0, 0.0, 0.0, 0.0, 1.0, 0.0, 1.0, 0.0, 0.0, 1.0, 0.0, 0.0, 1.0, 0.0, 1.0, 0.0, 0.0, 0.0, 1.0, 0.0, 0.0, 1.0, 0.0, 0.0, 0.0, 1.0, 1.0, 0.0, 0.0, 0.0, 1.0, 0.0, 0.0, 1.0, 0.0, 0.0, 0.0, 1.0, 0.0, 1.0, 0.0, 0.0, 1.0, 0.0, 0.0, 0.0, 1.0, 1.0, 0.0, 0.0, 1.0, 0.0, 0.0, 0.0, 1.0, 0.0, 0.0, 0.0, 1.0, 1.0, 0.0, 0.0, 0.0, 1.0, 0.0, 0.0, 1.0, 0.0, 0.0, 0.0, 1.0, 1.0, 0.0, 0.0, 0.0, 0.0, 1.0, 0.0, 1.0, 0.0, 0.0, 0.0, 1.0, 0.0, 1.0, 0.0, 1.0, 0.0, 0.0, 0.0, 1.0, 0.0, 0.0, 0.0, 1.0, 0.0, 1.0, 0.0, 0.0, 1.0, 0.0, 0.0, 1.0, 0.0, 0.0, 0.0, 1.0, 0.0, 1.0, 0.0, 0.0, 0.0, 1.0, 0.0, 1.0, 0.0, 0.0, 0.0, 1.0, 0.0, 0.0, 1.0, 1.0, 0.0, 0.0, 0.0, 0.0, 1.0, 1.0, 0.0, 0.0, 1.0, 0.0, 0.0, 0.0, 1.0, 0.0, 0.0, 0.0, 1.0, 1.0, 0.0, 0.0, 1.0, 0.0, 0.0, 0.0, 0.0, 1.0, 0.0, 0.0, 1.0, 1.0, 0.0, 0.0, 0.0, 0.0, 1.0, 1.0, 0.0, 0.0, 0.0, 0.0, 1.0, 1.0, 0.0, 0.0, 0.0, 0.0, 1.0, 0.0, 1.0, 0.0, 0.0, 0.0, 1.0, 1.0, 0.0, 0.0, 0.0, 0.0, 1.0, 0.0, 0.0, 1.0, 0.0, 0.0, 1.0, 0.0, 1.0, 0.0, 1.0, 0.0, 0.0, 0.0, 1.0, 0.0, 0.0, 0.0, 1.0, 0.0, 1.0, 0.0, 1.0, 0.0, 0.0, 0.0, 0.0, 1.0, 0.0, 0.0, 1.0, 0.0, 1.0, 0.0, 0.0, 1.0, 0.0, 0.0, 0.0, 1.0, 0.0, 0.0, 1.0, 0.0, 1.0, 0.0, 0.0, 0.0, 1.0, 1.0, 0.0, 0.0, 0.0, 0.0, 1.0, 0.0, 1.0, 0.0, 0.0, 0.0, 1.0, 0.0, 1.0, 0.0, 0.0, 0.0, 1.0, 0.0, 1.0, 0.0, 0.0, 0.0, 1.0, 0.0, 0.0, 1.0, 0.0, 0.0, 1.0, 0.0, 0.0, 1.0, 1.0, 0.0, 0.0, 1.0, 0.0, 0.0, 0.0, 0.0, 1.0, 0.0, 0.0, 1.0, 1.0, 0.0, 0.0, 0.0, 1.0, 0.0, 0.0, 0.0, 1.0, 0.0, 0.0, 1.0, 0.0, 1.0, 0.0, 1.0, 0.0, 0.0, 0.0, 0.0, 1.0, 0.0, 0.0, 1.0, 0.0, 1.0, 0.0, 0.0, 1.0, 0.0, 0.0, 0.0, 1.0, 0.0, 0.0, 1.0, 0.0, 1.0, 0.0, 0.0, 0.0, 1.0, 0.0, 0.0, 1.0, 0.0, 0.0, 1.0, 0.0, 0.0, 1.0, 1.0, 0.0, 0.0]]

[2024-10-14T10:34:31.793937][INFO][seed22] No feasible solution... resampling
[2024-10-14T10:34:31.889119][INFO][seed88] Sampled 1000 data instances
[2024-10-14T10:34:31.889764][INFO][seed88] Starting exact inference 
Error in variable: 3
[2024-10-14T10:34:31.986994][INFO][seed83] No feasible solution... resampling
[2024-10-14T10:34:32.062042][INFO][seed22] Sampled 1700 data instances
[2024-10-14T10:34:32.065879][INFO][seed22] Starting exact inference 
[2024-10-14T10:34:32.392640][INFO][seed22] No feasible solution... resampling
[2024-10-14T10:34:32.424822][INFO][seed83] Sampled 1100 data instances
[2024-10-14T10:34:32.425368][INFO][seed83] Starting exact inference 
[2024-10-14T10:34:32.621345][INFO][seed22] Sampled 1800 data instances
[2024-10-14T10:34:32.622133][INFO][seed22] Starting exact inference 
[2024-10-14T10:34:32.651186][INFO][seed47] PS(V1,V0) in [0.19543899830877387, 1.0]
[2024-10-14T10:34:32.663107][INFO][seed87] Set up logging
[2024-10-14T10:34:32.688232][INFO][seed87] args: -np;2;-nzr;0.4;-zdr;0.5;-o;/mnt/beegfs/rcabanas/dev/credici/papers/zeros/models/s3;-rw;-s;87;-ys;3
[2024-10-14T10:34:32.692145][INFO][seed87] Starting logger with seed 87
[2024-10-14T10:34:32.714060][INFO][seed87] simple_nparents2_nzr04_zdr05_ysize3_87
[2024-10-14T10:34:32.884289][INFO][seed22] No feasible solution... resampling
[2024-10-14T10:34:33.037529][INFO][seed60] PS(V1,V0) in [0.0, 0.4975745047195344]
[2024-10-14T10:34:33.116001][INFO][seed22] Sampled 1900 data instances
[2024-10-14T10:34:33.116786][INFO][seed22] Starting exact inference 
[2024-10-14T10:34:33.132843][INFO][seed87] U cardinality: 81
[2024-10-14T10:34:33.142727][INFO][seed87] !0 = [1, 4, 6, 9, 10, 13, 14, 22, 24, 25, 27, 29, 32, 34, 35, 37, 45, 47, 50, 51, 55, 56, 60, 61, 62, 65, 67, 68, 69, 70, 75, 79]
[2024-10-14T10:34:33.143991][INFO][seed87] 0 = [0, 2, 3, 5, 7, 8, 11, 12, 15, 16, 17, 18, 19, 20, 21, 23, 26, 28, 30, 31, 33, 36, 38, 39, 40, 41, 42, 43, 44, 46, 48, 49, 52, 53, 54, 57, 58, 59, 63, 64, 66, 71, 72, 73, 74, 76, 77, 78, 80]
[2024-10-14T10:34:33.152336][INFO][seed87] Dropping state 80
[2024-10-14T10:34:33.153477][INFO][seed87] Dropping state 78
[2024-10-14T10:34:33.159906][INFO][seed87] Dropping state 76
[2024-10-14T10:34:33.163162][INFO][seed87] Dropping state 74
[2024-10-14T10:34:33.169112][INFO][seed87] Dropping state 72
[2024-10-14T10:34:33.184390][INFO][seed60] PS(V2,V0) in [0.0, 1.0]
[2024-10-14T10:34:33.179339][INFO][seed87] Dropping state 66
[2024-10-14T10:34:33.181824][INFO][seed87] Dropping state 64
[2024-10-14T10:34:33.187052][INFO][seed87] Dropping state 59
[2024-10-14T10:34:33.188760][INFO][seed87] Dropping state 57
[2024-10-14T10:34:33.190963][INFO][seed87] Dropping state 48
[2024-10-14T10:34:33.192874][INFO][seed87] Dropping state 44
[2024-10-14T10:34:33.198456][INFO][seed87] Dropping state 43
[2024-10-14T10:34:33.199966][INFO][seed87] Dropping state 42
[2024-10-14T10:34:33.202118][INFO][seed87] Dropping state 40
[2024-10-14T10:34:33.206302][INFO][seed87] Dropping state 38
[2024-10-14T10:34:33.206992][INFO][seed87] Dropping state 33
[2024-10-14T10:34:33.210074][INFO][seed87] Dropping state 26
[2024-10-14T10:34:33.211362][INFO][seed87] Dropping state 20
[2024-10-14T10:34:33.216621][INFO][seed87] Dropping state 19
[2024-10-14T10:34:33.218464][INFO][seed87] Dropping state 3
[2024-10-14T10:34:33.230775][INFO][seed87] U cardinality: 61
[2024-10-14T10:34:33.252513][INFO][seed87] 
[P([5]) [0.925, 0.075], P([4]) [0.426, 0.574], P([3]) [0.0, 0.429, 0.0, 0.001, 0.0, 0.001, 0.0, 0.0, 0.001, 0.001, 0.0, 0.0, 0.001, 0.001, 0.0, 0.0, 0.0, 0.0, 0.0, 0.001, 0.0, 0.001, 0.001, 0.001, 0.0, 0.001, 0.0, 0.0, 0.001, 0.001, 0.001, 0.0, 0.01, 0.0, 0.0, 0.003, 0.0, 0.001, 0.0, 0.001, 0.008, 0.0, 0.0, 0.0, 0.001, 0.001, 0.0, 0.001, 0.001, 0.001, 0.0, 0.001, 0.001, 0.001, 0.001, 0.001, 0.0, 0.0, 0.001, 0.0, 0.523], P([2, 5]) [1.0, 0.0, 0.0, 1.0], P([1, 4]) [1.0, 0.0, 0.0, 1.0], P([0, 1, 2, 3]) [1.0, 0.0, 0.0, 1.0, 0.0, 0.0, 1.0, 0.0, 0.0, 1.0, 0.0, 0.0, 1.0, 0.0, 0.0, 1.0, 0.0, 0.0, 1.0, 0.0, 0.0, 0.0, 1.0, 0.0, 1.0, 0.0, 0.0, 1.0, 0.0, 0.0, 1.0, 0.0, 0.0, 0.0, 0.0, 1.0, 1.0, 0.0, 0.0, 1.0, 0.0, 0.0, 0.0, 1.0, 0.0, 0.0, 1.0, 0.0, 1.0, 0.0, 0.0, 1.0, 0.0, 0.0, 0.0, 1.0, 0.0, 0.0, 0.0, 1.0, 1.0, 0.0, 0.0, 1.0, 0.0, 0.0, 0.0, 0.0, 1.0, 1.0, 0.0, 0.0, 1.0, 0.0, 0.0, 1.0, 0.0, 0.0, 0.0, 0.0, 1.0, 0.0, 1.0, 0.0, 1.0, 0.0, 0.0, 1.0, 0.0, 0.0, 0.0, 0.0, 1.0, 0.0, 0.0, 1.0, 1.0, 0.0, 0.0, 0.0, 1.0, 0.0, 1.0, 0.0, 0.0, 1.0, 0.0, 0.0, 1.0, 0.0, 0.0, 0.0, 1.0, 0.0, 1.0, 0.0, 0.0, 0.0, 1.0, 0.0, 1.0, 0.0, 0.0, 0.0, 1.0, 0.0, 1.0, 0.0, 0.0, 0.0, 0.0, 1.0, 1.0, 0.0, 0.0, 0.0, 1.0, 0.0, 0.0, 1.0, 0.0, 1.0, 0.0, 0.0, 1.0, 0.0, 0.0, 0.0, 1.0, 0.0, 0.0, 1.0, 0.0, 0.0, 1.0, 0.0, 1.0, 0.0, 0.0, 0.0, 1.0, 0.0, 0.0, 1.0, 0.0, 0.0, 0.0, 1.0, 1.0, 0.0, 0.0, 0.0, 1.0, 0.0, 0.0, 0.0, 1.0, 1.0, 0.0, 0.0, 1.0, 0.0, 0.0, 0.0, 1.0, 0.0, 0.0, 0.0, 1.0, 0.0, 1.0, 0.0, 1.0, 0.0, 0.0, 0.0, 1.0, 0.0, 0.0, 0.0, 1.0, 0.0, 0.0, 1.0, 1.0, 0.0, 0.0, 0.0, 0.0, 1.0, 1.0, 0.0, 0.0, 1.0, 0.0, 0.0, 1.0, 0.0, 0.0, 0.0, 0.0, 1.0, 0.0, 1.0, 0.0, 1.0, 0.0, 0.0, 1.0, 0.0, 0.0, 0.0, 0.0, 1.0, 0.0, 1.0, 0.0, 0.0, 1.0, 0.0, 1.0, 0.0, 0.0, 0.0, 0.0, 1.0, 0.0, 1.0, 0.0, 0.0, 0.0, 1.0, 1.0, 0.0, 0.0, 0.0, 0.0, 1.0, 0.0, 0.0, 1.0, 1.0, 0.0, 0.0, 1.0, 0.0, 0.0, 0.0, 0.0, 1.0, 0.0, 0.0, 1.0, 0.0, 1.0, 0.0, 0.0, 1.0, 0.0, 1.0, 0.0, 0.0, 1.0, 0.0, 0.0, 1.0, 0.0, 0.0, 0.0, 1.0, 0.0, 1.0, 0.0, 0.0, 1.0, 0.0, 0.0, 0.0, 1.0, 0.0, 0.0, 1.0, 0.0, 1.0, 0.0, 0.0, 1.0, 0.0, 0.0, 0.0, 0.0, 1.0, 0.0, 1.0, 0.0, 1.0, 0.0, 0.0, 0.0, 1.0, 0.0, 1.0, 0.0, 0.0, 0.0, 1.0, 0.0, 1.0, 0.0, 0.0, 0.0, 1.0, 0.0, 0.0, 1.0, 0.0, 0.0, 1.0, 0.0, 1.0, 0.0, 0.0, 0.0, 1.0, 0.0, 0.0, 0.0, 1.0, 0.0, 1.0, 0.0, 1.0, 0.0, 0.0, 0.0, 0.0, 1.0, 0.0, 1.0, 0.0, 0.0, 1.0, 0.0, 1.0, 0.0, 0.0, 0.0, 0.0, 1.0, 0.0, 0.0, 1.0, 0.0, 1.0, 0.0, 0.0, 1.0, 0.0, 1.0, 0.0, 0.0, 1.0, 0.0, 0.0, 0.0, 1.0, 0.0, 0.0, 1.0, 0.0, 1.0, 0.0, 0.0, 0.0, 1.0, 0.0, 0.0, 1.0, 0.0, 0.0, 1.0, 0.0, 0.0, 1.0, 0.0, 1.0, 0.0, 0.0, 0.0, 1.0, 0.0, 0.0, 1.0, 0.0, 0.0, 1.0, 0.0, 0.0, 0.0, 1.0, 0.0, 1.0, 0.0, 0.0, 0.0, 1.0, 1.0, 0.0, 0.0, 1.0, 0.0, 0.0, 0.0, 1.0, 0.0, 0.0, 0.0, 1.0, 1.0, 0.0, 0.0, 0.0, 1.0, 0.0, 0.0, 1.0, 0.0, 0.0, 0.0, 1.0, 1.0, 0.0, 0.0, 0.0, 0.0, 1.0, 0.0, 1.0, 0.0, 0.0, 0.0, 1.0, 0.0, 1.0, 0.0, 0.0, 1.0, 0.0, 0.0, 1.0, 0.0, 0.0, 0.0, 1.0, 0.0, 1.0, 0.0, 0.0, 0.0, 1.0, 0.0, 1.0, 0.0, 0.0, 0.0, 1.0, 0.0, 0.0, 1.0, 1.0, 0.0, 0.0, 0.0, 1.0, 0.0, 0.0, 0.0, 1.0, 0.0, 0.0, 1.0, 0.0, 1.0, 0.0, 0.0, 1.0, 0.0, 0.0, 0.0, 1.0, 0.0, 0.0, 1.0, 0.0, 0.0, 1.0, 0.0, 0.0, 1.0, 1.0, 0.0, 0.0, 1.0, 0.0, 0.0, 1.0, 0.0, 0.0, 0.0, 0.0, 1.0, 1.0, 0.0, 0.0, 1.0, 0.0, 0.0, 0.0, 1.0, 0.0, 0.0, 0.0, 1.0, 1.0, 0.0, 0.0, 1.0, 0.0, 0.0, 0.0, 0.0, 1.0, 0.0, 0.0, 1.0, 1.0, 0.0, 0.0, 0.0, 1.0, 0.0, 0.0, 1.0, 0.0, 0.0, 0.0, 1.0, 1.0, 0.0, 0.0, 0.0, 0.0, 1.0, 1.0, 0.0, 0.0, 0.0, 0.0, 1.0, 1.0, 0.0, 0.0, 0.0, 0.0, 1.0, 0.0, 1.0, 0.0, 0.0, 0.0, 1.0, 1.0, 0.0, 0.0, 0.0, 0.0, 1.0, 0.0, 0.0, 1.0, 0.0, 0.0, 1.0, 0.0, 1.0, 0.0, 1.0, 0.0, 0.0, 1.0, 0.0, 0.0, 0.0, 0.0, 1.0, 0.0, 1.0, 0.0, 1.0, 0.0, 0.0, 0.0, 0.0, 1.0, 0.0, 0.0, 1.0, 0.0, 1.0, 0.0, 0.0, 1.0, 0.0, 0.0, 1.0, 0.0, 0.0, 0.0, 1.0, 0.0, 1.0, 0.0, 0.0, 1.0, 0.0, 0.0, 0.0, 1.0, 0.0, 0.0, 1.0, 0.0, 1.0, 0.0, 0.0, 0.0, 1.0, 1.0, 0.0, 0.0, 0.0, 0.0, 1.0, 0.0, 1.0, 0.0, 0.0, 0.0, 1.0, 0.0, 1.0, 0.0, 0.0, 0.0, 1.0, 0.0, 1.0, 0.0, 0.0, 0.0, 1.0, 0.0, 0.0, 1.0, 0.0, 0.0, 1.0, 0.0, 0.0, 1.0, 1.0, 0.0, 0.0, 0.0, 1.0, 0.0, 0.0, 0.0, 1.0, 0.0, 0.0, 1.0, 0.0, 1.0, 0.0, 1.0, 0.0, 0.0, 0.0, 0.0, 1.0, 0.0, 0.0, 1.0, 0.0, 1.0, 0.0, 0.0, 0.0, 1.0, 0.0, 0.0, 1.0, 0.0, 0.0, 1.0, 0.0, 0.0, 1.0, 0.0, 1.0, 0.0]]

[2024-10-14T10:34:33.301052][INFO][seed32] PS(V1,V0) in [0.0, 0.5004126353506158]
[2024-10-14T10:34:33.323018][INFO][seed60] PN(V1,V0) in [0.0, 0.7240592930444698] 
[2024-10-14T10:34:33.420646][INFO][seed22] PS(V1,V0) in [0.0, 0.6371272574548509]
[2024-10-14T10:34:33.436076][INFO][seed60] PN(V2,V0) in [0.0, 0.7448680351906158] 
[2024-10-14T10:34:33.445207][INFO][seed22] PS(V2,V0) in [0.0, 0.9237880283438601]
[2024-10-14T10:34:33.468149][INFO][seed22] PN(V1,V0) in [0.0, 0.15704948990205816] 
[2024-10-14T10:34:33.488548][INFO][seed22] PN(V2,V0) in [0.0, 0.007049984389320281] 
[2024-10-14T10:34:33.517507][INFO][seed60] Saved data to: /mnt/beegfs/rcabanas/dev/credici/papers/zeros/models/s3/simple_nparents2_nzr04_zdr05_ysize3_60.csv
[2024-10-14T10:34:33.536054][INFO][seed22] Saved data to: /mnt/beegfs/rcabanas/dev/credici/papers/zeros/models/s3/simple_nparents2_nzr04_zdr05_ysize3_22.csv
[2024-10-14T10:34:33.560573][INFO][seed22] Saved model to: /mnt/beegfs/rcabanas/dev/credici/papers/zeros/models/s3/simple_nparents2_nzr04_zdr05_ysize3_22.uai
[2024-10-14T10:34:33.562668][INFO][seed60] Saved model to: /mnt/beegfs/rcabanas/dev/credici/papers/zeros/models/s3/simple_nparents2_nzr04_zdr05_ysize3_60.uai
[2024-10-14T10:34:33.567152][INFO][seed22] Saved queries to: /mnt/beegfs/rcabanas/dev/credici/papers/zeros/models/s3/simple_nparents2_nzr04_zdr05_ysize3_22_query.csv
[2024-10-14T10:34:33.567547][INFO][seed22] Closing log file
[2024-10-14T10:34:33.567640][INFO][seed22] Closed log file
[2024-10-14T10:34:33.577519][INFO][seed60] Saved queries to: /mnt/beegfs/rcabanas/dev/credici/papers/zeros/models/s3/simple_nparents2_nzr04_zdr05_ysize3_60_query.csv
[2024-10-14T10:34:33.578191][INFO][seed60] Closing log file
[2024-10-14T10:34:33.578285][INFO][seed60] Closed log file
[2024-10-14T10:34:33.742530][INFO][seed87] Sampled 1000 data instances
[2024-10-14T10:34:33.743281][INFO][seed87] Starting exact inference 
[2024-10-14T10:34:34.006841][INFO][seed88] No feasible solution... resampling
['genn.py', '2', '0.4', '0.5', '109', '3']
2 0.4 0.5 109
/mnt/beegfs/rcabanas/dev/credici/papers/zeros/code/GenerateNparents.java
[2024-10-14T10:34:34.223847][INFO][seed83] PS(V1,V0) in [0.0, 0.6011683483802444]
['genn.py', '2', '0.4', '0.5', '146', '3']
2 0.4 0.5 146
/mnt/beegfs/rcabanas/dev/credici/papers/zeros/code/GenerateNparents.java
[2024-10-14T10:34:34.307517][INFO][seed88] Sampled 1100 data instances
[2024-10-14T10:34:34.308439][INFO][seed88] Starting exact inference 
[2024-10-14T10:34:34.342689][INFO][seed83] PS(V2,V0) in [0.0, 0.2264]
[2024-10-14T10:34:34.344996][INFO][seed100] Set up logging
[2024-10-14T10:34:34.376593][INFO][seed100] args: -np;2;-nzr;0.4;-zdr;0.5;-o;/mnt/beegfs/rcabanas/dev/credici/papers/zeros/models/s3;-rw;-s;100;-ys;3
[2024-10-14T10:34:34.380939][INFO][seed100] Starting logger with seed 100
[2024-10-14T10:34:34.402381][INFO][seed100] simple_nparents2_nzr04_zdr05_ysize3_100
[2024-10-14T10:34:34.421810][INFO][seed83] PN(V1,V0) in [0.0, 1.0] 
[2024-10-14T10:34:34.551771][INFO][seed83] PN(V2,V0) in [0.0, 0.012241940542235775] 
[2024-10-14T10:34:34.619232][INFO][seed83] Saved data to: /mnt/beegfs/rcabanas/dev/credici/papers/zeros/models/s3/simple_nparents2_nzr04_zdr05_ysize3_83.csv
[2024-10-14T10:34:34.657571][INFO][seed83] Saved model to: /mnt/beegfs/rcabanas/dev/credici/papers/zeros/models/s3/simple_nparents2_nzr04_zdr05_ysize3_83.uai
[2024-10-14T10:34:34.664087][INFO][seed83] Saved queries to: /mnt/beegfs/rcabanas/dev/credici/papers/zeros/models/s3/simple_nparents2_nzr04_zdr05_ysize3_83_query.csv
[2024-10-14T10:34:34.664389][INFO][seed83] Closing log file
[2024-10-14T10:34:34.664480][INFO][seed83] Closed log file
[2024-10-14T10:34:34.780195][INFO][seed47] PS(V2,V0) in [0.0, 0.028859422811543772]
[2024-10-14T10:34:34.935726][INFO][seed100] U cardinality: 81
[2024-10-14T10:34:34.955215][INFO][seed100] !0 = [1, 3, 4, 5, 15, 16, 19, 24, 25, 29, 30, 31, 32, 39, 40, 42, 45, 49, 55, 56, 58, 59, 61, 62, 64, 67, 70, 71, 74, 75, 76, 79]
[2024-10-14T10:34:34.958355][INFO][seed100] 0 = [0, 2, 6, 7, 8, 9, 10, 11, 12, 13, 14, 17, 18, 20, 21, 22, 23, 26, 27, 28, 33, 34, 35, 36, 37, 38, 41, 43, 44, 46, 47, 48, 50, 51, 52, 53, 54, 57, 60, 63, 65, 66, 68, 69, 72, 73, 77, 78, 80]
[2024-10-14T10:34:34.977033][INFO][seed100] Dropping state 78
[2024-10-14T10:34:34.980245][INFO][seed100] Dropping state 77
[2024-10-14T10:34:34.983318][INFO][seed100] Dropping state 72
[2024-10-14T10:34:34.988227][INFO][seed100] Dropping state 69
[2024-10-14T10:34:34.992895][INFO][seed100] Dropping state 68
[2024-10-14T10:34:34.995134][INFO][seed100] Dropping state 66
[2024-10-14T10:34:34.996157][INFO][seed100] Dropping state 65
[2024-10-14T10:34:35.000072][INFO][seed100] Dropping state 63
[2024-10-14T10:34:35.003256][INFO][seed100] Dropping state 60
[2024-10-14T10:34:35.006163][INFO][seed100] Dropping state 54
[2024-10-14T10:34:35.008166][INFO][seed100] Dropping state 51
[2024-10-14T10:34:35.011020][INFO][seed100] Dropping state 47
[2024-10-14T10:34:35.013213][INFO][seed100] Dropping state 41
[2024-10-14T10:34:35.016708][INFO][seed100] Dropping state 34
[2024-10-14T10:34:35.019078][INFO][seed100] Dropping state 33
[2024-10-14T10:34:35.021117][INFO][seed100] Dropping state 23
[2024-10-14T10:34:35.025245][INFO][seed100] Dropping state 20
[2024-10-14T10:34:35.028591][INFO][seed100] Dropping state 17
[2024-10-14T10:34:35.032828][INFO][seed100] Dropping state 14
[2024-10-14T10:34:35.035186][INFO][seed100] Dropping state 13
[2024-10-14T10:34:35.037521][INFO][seed100] Dropping state 11
[2024-10-14T10:34:35.038287][INFO][seed100] Dropping state 0
[2024-10-14T10:34:35.048866][INFO][seed100] U cardinality: 59
[2024-10-14T10:34:35.060330][INFO][seed18] PS(V2,V0) in [0.0, 1.0]
[2024-10-14T10:34:35.070126][INFO][seed100] 
[P([5]) [0.882, 0.118], P([4]) [0.244, 0.756], P([3]) [0.026, 0.0, 0.001, 0.001, 0.001, 0.0, 0.0, 0.0, 0.0, 0.0, 0.0, 0.001, 0.001, 0.0, 0.001, 0.0, 0.0, 0.038, 0.001, 0.0, 0.0, 0.0, 0.001, 0.001, 0.001, 0.001, 0.0, 0.0, 0.0, 0.0, 0.001, 0.001, 0.001, 0.0, 0.0, 0.001, 0.0, 0.0, 0.001, 0.0, 0.0, 0.0, 0.042, 0.001, 0.0, 0.001, 0.001, 0.124, 0.001, 0.001, 0.001, 0.001, 0.001, 0.0, 0.001, 0.001, 0.001, 0.743, 0.0], P([2, 5]) [1.0, 0.0, 0.0, 1.0], P([1, 4]) [1.0, 0.0, 0.0, 1.0], P([0, 1, 2, 3]) [1.0, 0.0, 0.0, 1.0, 0.0, 0.0, 1.0, 0.0, 0.0, 0.0, 1.0, 0.0, 1.0, 0.0, 0.0, 1.0, 0.0, 0.0, 1.0, 0.0, 0.0, 0.0, 0.0, 1.0, 1.0, 0.0, 0.0, 1.0, 0.0, 0.0, 0.0, 1.0, 0.0, 1.0, 0.0, 0.0, 1.0, 0.0, 0.0, 1.0, 0.0, 0.0, 0.0, 1.0, 0.0, 0.0, 1.0, 0.0, 1.0, 0.0, 0.0, 1.0, 0.0, 0.0, 0.0, 1.0, 0.0, 0.0, 0.0, 1.0, 1.0, 0.0, 0.0, 1.0, 0.0, 0.0, 0.0, 0.0, 1.0, 1.0, 0.0, 0.0, 1.0, 0.0, 0.0, 1.0, 0.0, 0.0, 0.0, 0.0, 1.0, 0.0, 1.0, 0.0, 1.0, 0.0, 0.0, 1.0, 0.0, 0.0, 0.0, 0.0, 1.0, 0.0, 0.0, 1.0, 1.0, 0.0, 0.0, 0.0, 1.0, 0.0, 1.0, 0.0, 0.0, 1.0, 0.0, 0.0, 1.0, 0.0, 0.0, 0.0, 1.0, 0.0, 1.0, 0.0, 0.0, 0.0, 1.0, 0.0, 1.0, 0.0, 0.0, 0.0, 1.0, 0.0, 0.0, 1.0, 0.0, 1.0, 0.0, 0.0, 1.0, 0.0, 0.0, 0.0, 1.0, 0.0, 0.0, 0.0, 1.0, 1.0, 0.0, 0.0, 1.0, 0.0, 0.0, 0.0, 1.0, 0.0, 0.0, 0.0, 1.0, 0.0, 1.0, 0.0, 1.0, 0.0, 0.0, 0.0, 0.0, 1.0, 1.0, 0.0, 0.0, 1.0, 0.0, 0.0, 1.0, 0.0, 0.0, 0.0, 0.0, 1.0, 1.0, 0.0, 0.0, 0.0, 1.0, 0.0, 1.0, 0.0, 0.0, 0.0, 0.0, 1.0, 0.0, 1.0, 0.0, 1.0, 0.0, 0.0, 1.0, 0.0, 0.0, 0.0, 0.0, 1.0, 0.0, 1.0, 0.0, 0.0, 1.0, 0.0, 1.0, 0.0, 0.0, 0.0, 0.0, 1.0, 0.0, 0.0, 1.0, 1.0, 0.0, 0.0, 1.0, 0.0, 0.0, 0.0, 0.0, 1.0, 0.0, 0.0, 1.0, 0.0, 1.0, 0.0, 1.0, 0.0, 0.0, 0.0, 0.0, 1.0, 0.0, 0.0, 1.0, 0.0, 0.0, 1.0, 0.0, 1.0, 0.0, 1.0, 0.0, 0.0, 1.0, 0.0, 0.0, 1.0, 0.0, 0.0, 0.0, 1.0, 0.0, 1.0, 0.0, 0.0, 1.0, 0.0, 0.0, 0.0, 1.0, 0.0, 0.0, 1.0, 0.0, 1.0, 0.0, 0.0, 1.0, 0.0, 0.0, 0.0, 0.0, 1.0, 0.0, 1.0, 0.0, 1.0, 0.0, 0.0, 0.0, 1.0, 0.0, 1.0, 0.0, 0.0, 0.0, 1.0, 0.0, 1.0, 0.0, 0.0, 0.0, 1.0, 0.0, 0.0, 1.0, 0.0, 0.0, 1.0, 0.0, 1.0, 0.0, 0.0, 0.0, 1.0, 0.0, 0.0, 0.0, 1.0, 0.0, 1.0, 0.0, 1.0, 0.0, 0.0, 0.0, 0.0, 1.0, 0.0, 0.0, 1.0, 0.0, 1.0, 0.0, 0.0, 1.0, 0.0, 1.0, 0.0, 0.0, 1.0, 0.0, 0.0, 0.0, 1.0, 0.0, 0.0, 1.0, 0.0, 1.0, 0.0, 0.0, 0.0, 1.0, 0.0, 0.0, 1.0, 0.0, 0.0, 1.0, 0.0, 1.0, 0.0, 0.0, 0.0, 0.0, 1.0, 0.0, 1.0, 0.0, 0.0, 1.0, 0.0, 0.0, 1.0, 0.0, 1.0, 0.0, 0.0, 0.0, 1.0, 0.0, 0.0, 1.0, 0.0, 0.0, 1.0, 0.0, 0.0, 1.0, 0.0, 0.0, 1.0, 0.0, 0.0, 1.0, 0.0, 0.0, 0.0, 1.0, 1.0, 0.0, 0.0, 0.0, 1.0, 0.0, 0.0, 1.0, 0.0, 0.0, 0.0, 1.0, 0.0, 1.0, 0.0, 0.0, 1.0, 0.0, 0.0, 1.0, 0.0, 0.0, 0.0, 1.0, 0.0, 0.0, 1.0, 0.0, 1.0, 0.0, 0.0, 0.0, 1.0, 1.0, 0.0, 0.0, 1.0, 0.0, 0.0, 0.0, 1.0, 0.0, 0.0, 0.0, 1.0, 1.0, 0.0, 0.0, 0.0, 1.0, 0.0, 0.0, 1.0, 0.0, 0.0, 0.0, 1.0, 0.0, 1.0, 0.0, 1.0, 0.0, 0.0, 0.0, 1.0, 0.0, 0.0, 0.0, 1.0, 0.0, 1.0, 0.0, 0.0, 1.0, 0.0, 0.0, 1.0, 0.0, 0.0, 0.0, 1.0, 0.0, 1.0, 0.0, 0.0, 0.0, 1.0, 0.0, 1.0, 0.0, 0.0, 0.0, 1.0, 0.0, 0.0, 1.0, 0.0, 1.0, 0.0, 0.0, 1.0, 0.0, 0.0, 0.0, 1.0, 0.0, 0.0, 1.0, 0.0, 0.0, 1.0, 0.0, 0.0, 1.0, 1.0, 0.0, 0.0, 1.0, 0.0, 0.0, 0.0, 1.0, 0.0, 0.0, 0.0, 1.0, 1.0, 0.0, 0.0, 1.0, 0.0, 0.0, 0.0, 0.0, 1.0, 0.0, 0.0, 1.0, 1.0, 0.0, 0.0, 0.0, 1.0, 0.0, 1.0, 0.0, 0.0, 0.0, 0.0, 1.0, 1.0, 0.0, 0.0, 0.0, 1.0, 0.0, 0.0, 1.0, 0.0, 0.0, 0.0, 1.0, 1.0, 0.0, 0.0, 0.0, 1.0, 0.0, 0.0, 0.0, 1.0, 0.0, 0.0, 1.0, 1.0, 0.0, 0.0, 0.0, 0.0, 1.0, 0.0, 1.0, 0.0, 0.0, 0.0, 1.0, 1.0, 0.0, 0.0, 0.0, 0.0, 1.0, 0.0, 0.0, 1.0, 0.0, 0.0, 1.0, 0.0, 1.0, 0.0, 1.0, 0.0, 0.0, 0.0, 1.0, 0.0, 0.0, 0.0, 1.0, 0.0, 1.0, 0.0, 0.0, 1.0, 0.0, 0.0, 1.0, 0.0, 0.0, 0.0, 1.0, 0.0, 1.0, 0.0, 0.0, 0.0, 1.0, 0.0, 1.0, 0.0, 0.0, 0.0, 1.0, 0.0, 1.0, 0.0, 0.0, 0.0, 1.0, 0.0, 0.0, 1.0, 0.0, 0.0, 1.0, 0.0, 0.0, 1.0, 1.0, 0.0, 0.0, 0.0, 1.0, 0.0, 0.0, 0.0, 1.0, 0.0, 0.0, 1.0, 1.0, 0.0, 0.0, 0.0, 0.0, 1.0, 0.0, 0.0, 1.0, 0.0, 0.0, 1.0, 0.0, 1.0, 0.0, 1.0, 0.0, 0.0, 0.0, 0.0, 1.0, 0.0, 0.0, 1.0, 0.0, 1.0, 0.0, 0.0, 1.0, 0.0, 0.0, 0.0, 1.0, 0.0, 0.0, 1.0, 0.0, 0.0, 1.0, 0.0, 1.0, 0.0, 0.0, 0.0, 1.0, 0.0, 0.0, 1.0, 0.0, 0.0, 1.0, 0.0, 0.0, 1.0]]

['genn.py', '2', '0.4', '0.5', '170', '3']
2 0.4 0.5 170
/mnt/beegfs/rcabanas/dev/credici/papers/zeros/code/GenerateNparents.java
[2024-10-14T10:34:35.492041][INFO][seed100] Sampled 1000 data instances
[2024-10-14T10:34:35.492687][INFO][seed100] Starting exact inference 
[2024-10-14T10:34:36.623295][INFO][seed32] PS(V2,V0) in [0.02491763870846781, 0.40209887372607844]
[2024-10-14T10:34:36.729254][INFO][seed47] PN(V1,V0) in [0.0021399211127257627, 0.010949304546398173] 
[2024-10-14T10:34:37.415460][INFO][seed146] Set up logging
[2024-10-14T10:34:37.448083][INFO][seed146] args: -np;2;-nzr;0.4;-zdr;0.5;-o;/mnt/beegfs/rcabanas/dev/credici/papers/zeros/models/s3;-rw;-s;146;-ys;3
[2024-10-14T10:34:37.450404][INFO][seed146] Starting logger with seed 146
[2024-10-14T10:34:37.466649][INFO][seed146] simple_nparents2_nzr04_zdr05_ysize3_146
[2024-10-14T10:34:37.524800][INFO][seed109] Set up logging
[2024-10-14T10:34:37.554997][INFO][seed109] args: -np;2;-nzr;0.4;-zdr;0.5;-o;/mnt/beegfs/rcabanas/dev/credici/papers/zeros/models/s3;-rw;-s;109;-ys;3
[2024-10-14T10:34:37.557973][INFO][seed109] Starting logger with seed 109
[2024-10-14T10:34:37.573839][INFO][seed109] simple_nparents2_nzr04_zdr05_ysize3_109
[2024-10-14T10:34:37.749026][INFO][seed146] U cardinality: 81
[2024-10-14T10:34:37.757403][INFO][seed146] !0 = [2, 7, 9, 10, 14, 21, 23, 26, 27, 28, 30, 34, 35, 38, 40, 42, 43, 47, 49, 51, 52, 53, 54, 58, 59, 65, 67, 70, 72, 74, 75, 79]
[2024-10-14T10:34:37.758171][INFO][seed146] 0 = [0, 1, 3, 4, 5, 6, 8, 11, 12, 13, 15, 16, 17, 18, 19, 20, 22, 24, 25, 29, 31, 32, 33, 36, 37, 39, 41, 44, 45, 46, 48, 50, 55, 56, 57, 60, 61, 62, 63, 64, 66, 68, 69, 71, 73, 76, 77, 78, 80]
[2024-10-14T10:34:37.765488][INFO][seed146] Dropping state 80
[2024-10-14T10:34:37.767437][INFO][seed146] Dropping state 78
[2024-10-14T10:34:37.769142][INFO][seed146] Dropping state 73
[2024-10-14T10:34:37.772285][INFO][seed146] Dropping state 69
[2024-10-14T10:34:37.777301][INFO][seed146] Dropping state 63
[2024-10-14T10:34:37.788687][INFO][seed146] Dropping state 62
[2024-10-14T10:34:37.791551][INFO][seed146] Dropping state 56
[2024-10-14T10:34:37.793579][INFO][seed146] Dropping state 45
[2024-10-14T10:34:37.797608][INFO][seed146] Dropping state 44
[2024-10-14T10:34:37.798842][INFO][seed146] Dropping state 41
[2024-10-14T10:34:37.799691][INFO][seed146] Dropping state 39
[2024-10-14T10:34:37.802908][INFO][seed146] Dropping state 36
[2024-10-14T10:34:37.805835][INFO][seed146] Dropping state 33
[2024-10-14T10:34:37.807983][INFO][seed146] Dropping state 32
[2024-10-14T10:34:37.809488][INFO][seed146] Dropping state 29
[2024-10-14T10:34:37.816310][INFO][seed146] Dropping state 25
[2024-10-14T10:34:37.819273][INFO][seed146] Dropping state 24
[2024-10-14T10:34:37.820452][INFO][seed146] Dropping state 22
[2024-10-14T10:34:37.823058][INFO][seed146] Dropping state 19
[2024-10-14T10:34:37.824641][INFO][seed146] Dropping state 18
[2024-10-14T10:34:37.825851][INFO][seed146] Dropping state 16
[2024-10-14T10:34:37.826426][INFO][seed146] Dropping state 15
[2024-10-14T10:34:37.828315][INFO][seed146] Dropping state 11
[2024-10-14T10:34:37.829794][INFO][seed146] Dropping state 8
[2024-10-14T10:34:37.831783][INFO][seed146] Dropping state 3
[2024-10-14T10:34:37.833025][INFO][seed146] Dropping state 1
[2024-10-14T10:34:37.834915][INFO][seed146] Dropping state 0
[2024-10-14T10:34:37.843616][INFO][seed146] U cardinality: 54
[2024-10-14T10:34:37.858428][INFO][seed146] 
[P([5]) [0.689, 0.311], P([4]) [0.096, 0.904], P([3]) [0.001, 0.0, 0.0, 0.0, 0.001, 0.001, 0.001, 0.0, 0.0, 0.001, 0.0, 0.0, 0.001, 0.001, 0.001, 0.001, 0.001, 0.001, 0.0, 0.001, 0.001, 0.0, 0.001, 0.001, 0.001, 0.001, 0.0, 0.001, 0.0, 0.001, 0.0, 0.001, 0.001, 0.001, 0.001, 0.0, 0.0, 0.001, 0.409, 0.0, 0.0, 0.0, 0.001, 0.0, 0.001, 0.0, 0.001, 0.0, 0.001, 0.001, 0.001, 0.0, 0.0, 0.561], P([2, 5]) [1.0, 0.0, 0.0, 1.0], P([1, 4]) [1.0, 0.0, 0.0, 1.0], P([0, 1, 2, 3]) [1.0, 0.0, 0.0, 1.0, 0.0, 0.0, 1.0, 0.0, 0.0, 0.0, 0.0, 1.0, 1.0, 0.0, 0.0, 1.0, 0.0, 0.0, 0.0, 1.0, 0.0, 0.0, 1.0, 0.0, 1.0, 0.0, 0.0, 1.0, 0.0, 0.0, 0.0, 1.0, 0.0, 0.0, 0.0, 1.0, 1.0, 0.0, 0.0, 1.0, 0.0, 0.0, 0.0, 0.0, 1.0, 1.0, 0.0, 0.0, 1.0, 0.0, 0.0, 1.0, 0.0, 0.0, 0.0, 0.0, 1.0, 0.0, 1.0, 0.0, 1.0, 0.0, 0.0, 0.0, 1.0, 0.0, 1.0, 0.0, 0.0, 1.0, 0.0, 0.0, 1.0, 0.0, 0.0, 0.0, 1.0, 0.0, 1.0, 0.0, 0.0, 0.0, 1.0, 0.0, 1.0, 0.0, 0.0, 0.0, 1.0, 0.0, 0.0, 1.0, 0.0, 1.0, 0.0, 0.0, 1.0, 0.0, 0.0, 0.0, 1.0, 0.0, 0.0, 1.0, 0.0, 0.0, 1.0, 0.0, 1.0, 0.0, 0.0, 0.0, 1.0, 0.0, 0.0, 1.0, 0.0, 0.0, 0.0, 1.0, 1.0, 0.0, 0.0, 0.0, 1.0, 0.0, 0.0, 0.0, 1.0, 0.0, 0.0, 1.0, 1.0, 0.0, 0.0, 0.0, 0.0, 1.0, 1.0, 0.0, 0.0, 0.0, 0.0, 1.0, 1.0, 0.0, 0.0, 0.0, 0.0, 1.0, 0.0, 1.0, 0.0, 1.0, 0.0, 0.0, 1.0, 0.0, 0.0, 0.0, 0.0, 1.0, 0.0, 1.0, 0.0, 0.0, 0.0, 1.0, 1.0, 0.0, 0.0, 0.0, 0.0, 1.0, 0.0, 0.0, 1.0, 0.0, 0.0, 1.0, 0.0, 1.0, 0.0, 1.0, 0.0, 0.0, 1.0, 0.0, 0.0, 1.0, 0.0, 0.0, 0.0, 1.0, 0.0, 1.0, 0.0, 0.0, 1.0, 0.0, 0.0, 0.0, 1.0, 0.0, 0.0, 1.0, 0.0, 1.0, 0.0, 0.0, 0.0, 1.0, 0.0, 1.0, 0.0, 0.0, 0.0, 1.0, 0.0, 1.0, 0.0, 0.0, 0.0, 1.0, 0.0, 0.0, 1.0, 0.0, 0.0, 1.0, 0.0, 1.0, 0.0, 0.0, 0.0, 0.0, 1.0, 0.0, 1.0, 0.0, 0.0, 1.0, 0.0, 1.0, 0.0, 0.0, 0.0, 0.0, 1.0, 0.0, 0.0, 1.0, 0.0, 1.0, 0.0, 0.0, 1.0, 0.0, 1.0, 0.0, 0.0, 0.0, 1.0, 0.0, 0.0, 1.0, 0.0, 0.0, 1.0, 0.0, 1.0, 0.0, 0.0, 0.0, 0.0, 1.0, 0.0, 1.0, 0.0, 0.0, 1.0, 0.0, 0.0, 1.0, 0.0, 0.0, 1.0, 0.0, 0.0, 1.0, 0.0, 0.0, 1.0, 0.0, 0.0, 0.0, 1.0, 1.0, 0.0, 0.0, 0.0, 1.0, 0.0, 0.0, 1.0, 0.0, 0.0, 0.0, 1.0, 0.0, 1.0, 0.0, 0.0, 1.0, 0.0, 0.0, 0.0, 1.0, 1.0, 0.0, 0.0, 0.0, 1.0, 0.0, 0.0, 1.0, 0.0, 0.0, 0.0, 1.0, 1.0, 0.0, 0.0, 0.0, 0.0, 1.0, 0.0, 1.0, 0.0, 0.0, 0.0, 1.0, 0.0, 1.0, 0.0, 1.0, 0.0, 0.0, 0.0, 1.0, 0.0, 0.0, 0.0, 1.0, 0.0, 1.0, 0.0, 0.0, 1.0, 0.0, 0.0, 1.0, 0.0, 0.0, 0.0, 1.0, 0.0, 1.0, 0.0, 0.0, 0.0, 1.0, 0.0, 1.0, 0.0, 0.0, 0.0, 1.0, 0.0, 0.0, 1.0, 1.0, 0.0, 0.0, 0.0, 1.0, 0.0, 0.0, 0.0, 1.0, 0.0, 0.0, 1.0, 0.0, 1.0, 0.0, 0.0, 1.0, 0.0, 0.0, 0.0, 1.0, 0.0, 0.0, 1.0, 0.0, 0.0, 1.0, 0.0, 0.0, 1.0, 1.0, 0.0, 0.0, 1.0, 0.0, 0.0, 1.0, 0.0, 0.0, 0.0, 0.0, 1.0, 1.0, 0.0, 0.0, 1.0, 0.0, 0.0, 0.0, 1.0, 0.0, 0.0, 0.0, 1.0, 1.0, 0.0, 0.0, 0.0, 1.0, 0.0, 1.0, 0.0, 0.0, 0.0, 0.0, 1.0, 1.0, 0.0, 0.0, 0.0, 1.0, 0.0, 0.0, 1.0, 0.0, 0.0, 0.0, 1.0, 1.0, 0.0, 0.0, 0.0, 1.0, 0.0, 0.0, 0.0, 1.0, 0.0, 0.0, 1.0, 1.0, 0.0, 0.0, 0.0, 0.0, 1.0, 1.0, 0.0, 0.0, 0.0, 0.0, 1.0, 1.0, 0.0, 0.0, 0.0, 0.0, 1.0, 0.0, 1.0, 0.0, 0.0, 0.0, 1.0, 0.0, 1.0, 0.0, 1.0, 0.0, 0.0, 0.0, 1.0, 0.0, 0.0, 0.0, 1.0, 0.0, 1.0, 0.0, 1.0, 0.0, 0.0, 0.0, 0.0, 1.0, 0.0, 0.0, 1.0, 0.0, 1.0, 0.0, 0.0, 1.0, 0.0, 1.0, 0.0, 0.0, 0.0, 0.0, 1.0, 0.0, 1.0, 0.0, 0.0, 1.0, 0.0, 0.0, 1.0, 0.0, 0.0, 0.0, 1.0, 0.0, 1.0, 0.0, 0.0, 1.0, 0.0, 0.0, 0.0, 1.0, 0.0, 0.0, 1.0, 0.0, 1.0, 0.0, 0.0, 0.0, 1.0, 0.0, 1.0, 0.0, 0.0, 0.0, 1.0, 0.0, 1.0, 0.0, 0.0, 0.0, 1.0, 0.0, 0.0, 1.0, 0.0, 0.0, 1.0, 0.0, 0.0, 1.0, 1.0, 0.0, 0.0, 1.0, 0.0, 0.0, 0.0, 0.0, 1.0, 0.0, 0.0, 1.0, 1.0, 0.0, 0.0, 0.0, 0.0, 1.0, 0.0, 0.0, 1.0, 0.0, 0.0, 1.0, 0.0, 1.0, 0.0, 1.0, 0.0, 0.0, 0.0, 0.0, 1.0, 0.0, 0.0, 1.0, 0.0, 1.0, 0.0, 0.0, 1.0, 0.0, 0.0, 0.0, 1.0, 0.0, 0.0, 1.0, 0.0, 1.0, 0.0, 0.0, 0.0, 1.0, 0.0, 0.0, 1.0, 0.0, 0.0, 1.0, 0.0, 0.0, 1.0, 0.0, 1.0, 0.0]]

[2024-10-14T10:34:37.981044][INFO][seed109] U cardinality: 81
[2024-10-14T10:34:37.990192][INFO][seed109] !0 = [2, 4, 15, 17, 18, 21, 24, 25, 26, 27, 30, 33, 35, 36, 38, 39, 41, 45, 46, 48, 49, 50, 53, 55, 56, 62, 63, 66, 67, 68, 70, 72]
[2024-10-14T10:34:37.991294][INFO][seed109] 0 = [0, 1, 3, 5, 6, 7, 8, 9, 10, 11, 12, 13, 14, 16, 19, 20, 22, 23, 28, 29, 31, 32, 34, 37, 40, 42, 43, 44, 47, 51, 52, 54, 57, 58, 59, 60, 61, 64, 65, 69, 71, 73, 74, 75, 76, 77, 78, 79, 80]
[2024-10-14T10:34:37.999735][INFO][seed109] Dropping state 80
[2024-10-14T10:34:38.002077][INFO][seed109] Dropping state 79
[2024-10-14T10:34:38.003840][INFO][seed109] Dropping state 78
[2024-10-14T10:34:38.007716][INFO][seed109] Dropping state 74
[2024-10-14T10:34:38.016487][INFO][seed109] Dropping state 73
[2024-10-14T10:34:38.025649][INFO][seed109] Dropping state 69
[2024-10-14T10:34:38.027155][INFO][seed109] Dropping state 64
[2024-10-14T10:34:38.031337][INFO][seed109] Dropping state 59
[2024-10-14T10:34:38.032912][INFO][seed109] Dropping state 58
[2024-10-14T10:34:38.034532][INFO][seed109] Dropping state 57
[2024-10-14T10:34:38.038767][INFO][seed109] Dropping state 52
[2024-10-14T10:34:38.040624][INFO][seed109] Dropping state 51
[2024-10-14T10:34:38.041880][INFO][seed109] Dropping state 47
[2024-10-14T10:34:38.043889][INFO][seed109] Dropping state 44
[2024-10-14T10:34:38.046193][INFO][seed109] Dropping state 42
[2024-10-14T10:34:38.046904][INFO][seed109] Dropping state 37
[2024-10-14T10:34:38.050015][INFO][seed109] Dropping state 34
[2024-10-14T10:34:38.051363][INFO][seed109] Dropping state 32
[2024-10-14T10:34:38.055182][INFO][seed109] Dropping state 23
[2024-10-14T10:34:38.056903][INFO][seed109] Dropping state 22
[2024-10-14T10:34:38.058221][INFO][seed109] Dropping state 16
[2024-10-14T10:34:38.059068][INFO][seed109] Dropping state 14
[2024-10-14T10:34:38.062160][INFO][seed109] Dropping state 11
[2024-10-14T10:34:38.063823][INFO][seed109] Dropping state 10
[2024-10-14T10:34:38.066404][INFO][seed109] Dropping state 0
[2024-10-14T10:34:38.072423][INFO][seed109] U cardinality: 56
[2024-10-14T10:34:38.097358][INFO][seed109] 
[P([5]) [0.79, 0.21], P([4]) [0.904, 0.096], P([3]) [0.0, 0.001, 0.0, 0.001, 0.0, 0.0, 0.0, 0.0, 0.0, 0.0, 0.0, 0.001, 0.001, 0.001, 0.0, 0.0, 0.689, 0.001, 0.001, 0.001, 0.002, 0.0, 0.0, 0.001, 0.0, 0.001, 0.001, 0.001, 0.001, 0.002, 0.0, 0.001, 0.0, 0.001, 0.001, 0.001, 0.001, 0.001, 0.001, 0.0, 0.001, 0.001, 0.0, 0.0, 0.001, 0.001, 0.0, 0.001, 0.001, 0.001, 0.003, 0.0, 0.277, 0.0, 0.0, 0.0], P([2, 5]) [1.0, 0.0, 0.0, 1.0], P([1, 4]) [1.0, 0.0, 0.0, 1.0], P([0, 1, 2, 3]) [1.0, 0.0, 0.0, 1.0, 0.0, 0.0, 1.0, 0.0, 0.0, 0.0, 1.0, 0.0, 1.0, 0.0, 0.0, 1.0, 0.0, 0.0, 1.0, 0.0, 0.0, 0.0, 0.0, 1.0, 1.0, 0.0, 0.0, 1.0, 0.0, 0.0, 0.0, 1.0, 0.0, 1.0, 0.0, 0.0, 1.0, 0.0, 0.0, 1.0, 0.0, 0.0, 0.0, 1.0, 0.0, 0.0, 1.0, 0.0, 1.0, 0.0, 0.0, 1.0, 0.0, 0.0, 0.0, 1.0, 0.0, 0.0, 0.0, 1.0, 1.0, 0.0, 0.0, 1.0, 0.0, 0.0, 0.0, 0.0, 1.0, 1.0, 0.0, 0.0, 1.0, 0.0, 0.0, 1.0, 0.0, 0.0, 0.0, 0.0, 1.0, 0.0, 1.0, 0.0, 1.0, 0.0, 0.0, 1.0, 0.0, 0.0, 0.0, 0.0, 1.0, 0.0, 0.0, 1.0, 1.0, 0.0, 0.0, 0.0, 1.0, 0.0, 1.0, 0.0, 0.0, 1.0, 0.0, 0.0, 1.0, 0.0, 0.0, 0.0, 1.0, 0.0, 0.0, 1.0, 0.0, 1.0, 0.0, 0.0, 1.0, 0.0, 0.0, 0.0, 1.0, 0.0, 0.0, 1.0, 0.0, 0.0, 1.0, 0.0, 1.0, 0.0, 0.0, 0.0, 1.0, 0.0, 0.0, 0.0, 1.0, 1.0, 0.0, 0.0, 1.0, 0.0, 0.0, 0.0, 1.0, 0.0, 0.0, 0.0, 1.0, 0.0, 0.0, 1.0, 1.0, 0.0, 0.0, 0.0, 0.0, 1.0, 1.0, 0.0, 0.0, 1.0, 0.0, 0.0, 1.0, 0.0, 0.0, 0.0, 0.0, 1.0, 1.0, 0.0, 0.0, 0.0, 1.0, 0.0, 1.0, 0.0, 0.0, 0.0, 0.0, 1.0, 1.0, 0.0, 0.0, 0.0, 0.0, 1.0, 1.0, 0.0, 0.0, 0.0, 0.0, 1.0, 0.0, 1.0, 0.0, 1.0, 0.0, 0.0, 1.0, 0.0, 0.0, 0.0, 0.0, 1.0, 0.0, 0.0, 1.0, 1.0, 0.0, 0.0, 1.0, 0.0, 0.0, 0.0, 0.0, 1.0, 0.0, 0.0, 1.0, 0.0, 1.0, 0.0, 1.0, 0.0, 0.0, 0.0, 0.0, 1.0, 0.0, 0.0, 1.0, 0.0, 0.0, 1.0, 0.0, 1.0, 0.0, 1.0, 0.0, 0.0, 1.0, 0.0, 0.0, 1.0, 0.0, 0.0, 0.0, 1.0, 0.0, 1.0, 0.0, 0.0, 1.0, 0.0, 0.0, 0.0, 1.0, 0.0, 0.0, 1.0, 0.0, 1.0, 0.0, 0.0, 1.0, 0.0, 0.0, 0.0, 0.0, 1.0, 0.0, 1.0, 0.0, 1.0, 0.0, 0.0, 0.0, 1.0, 0.0, 1.0, 0.0, 0.0, 0.0, 1.0, 0.0, 1.0, 0.0, 0.0, 0.0, 1.0, 0.0, 0.0, 1.0, 0.0, 0.0, 1.0, 0.0, 1.0, 0.0, 0.0, 0.0, 0.0, 1.0, 1.0, 0.0, 0.0, 0.0, 1.0, 0.0, 1.0, 0.0, 0.0, 0.0, 0.0, 1.0, 0.0, 0.0, 1.0, 0.0, 1.0, 0.0, 0.0, 1.0, 0.0, 1.0, 0.0, 0.0, 1.0, 0.0, 0.0, 0.0, 1.0, 0.0, 0.0, 1.0, 0.0, 1.0, 0.0, 0.0, 0.0, 0.0, 1.0, 0.0, 1.0, 0.0, 0.0, 1.0, 0.0, 0.0, 1.0, 0.0, 1.0, 0.0, 0.0, 0.0, 1.0, 0.0, 0.0, 1.0, 0.0, 0.0, 1.0, 0.0, 0.0, 1.0, 0.0, 0.0, 1.0, 0.0, 0.0, 1.0, 0.0, 0.0, 1.0, 0.0, 0.0, 0.0, 1.0, 0.0, 1.0, 0.0, 0.0, 1.0, 0.0, 0.0, 0.0, 1.0, 0.0, 1.0, 0.0, 0.0, 1.0, 0.0, 0.0, 0.0, 1.0, 1.0, 0.0, 0.0, 1.0, 0.0, 0.0, 0.0, 1.0, 0.0, 0.0, 0.0, 1.0, 1.0, 0.0, 0.0, 0.0, 1.0, 0.0, 0.0, 1.0, 0.0, 0.0, 0.0, 1.0, 0.0, 1.0, 0.0, 1.0, 0.0, 0.0, 0.0, 1.0, 0.0, 0.0, 0.0, 1.0, 0.0, 1.0, 0.0, 0.0, 1.0, 0.0, 0.0, 1.0, 0.0, 0.0, 0.0, 1.0, 0.0, 1.0, 0.0, 0.0, 0.0, 1.0, 0.0, 1.0, 0.0, 0.0, 0.0, 1.0, 0.0, 0.0, 1.0, 0.0, 0.0, 1.0, 0.0, 0.0, 1.0, 1.0, 0.0, 0.0, 1.0, 0.0, 0.0, 1.0, 0.0, 0.0, 0.0, 0.0, 1.0, 1.0, 0.0, 0.0, 1.0, 0.0, 0.0, 0.0, 1.0, 0.0, 0.0, 0.0, 1.0, 1.0, 0.0, 0.0, 1.0, 0.0, 0.0, 0.0, 0.0, 1.0, 0.0, 0.0, 1.0, 1.0, 0.0, 0.0, 0.0, 0.0, 1.0, 1.0, 0.0, 0.0, 0.0, 0.0, 1.0, 1.0, 0.0, 0.0, 0.0, 0.0, 1.0, 0.0, 1.0, 0.0, 0.0, 0.0, 1.0, 1.0, 0.0, 0.0, 0.0, 0.0, 1.0, 0.0, 0.0, 1.0, 0.0, 0.0, 1.0, 0.0, 1.0, 0.0, 1.0, 0.0, 0.0, 1.0, 0.0, 0.0, 0.0, 0.0, 1.0, 0.0, 1.0, 0.0, 1.0, 0.0, 0.0, 0.0, 0.0, 1.0, 0.0, 0.0, 1.0, 0.0, 1.0, 0.0, 0.0, 1.0, 0.0, 1.0, 0.0, 0.0, 0.0, 0.0, 1.0, 0.0, 1.0, 0.0, 0.0, 1.0, 0.0, 0.0, 1.0, 0.0, 0.0, 0.0, 1.0, 0.0, 1.0, 0.0, 0.0, 1.0, 0.0, 0.0, 0.0, 1.0, 0.0, 0.0, 1.0, 0.0, 1.0, 0.0, 0.0, 0.0, 1.0, 0.0, 1.0, 0.0, 0.0, 0.0, 1.0, 0.0, 1.0, 0.0, 0.0, 0.0, 1.0, 0.0, 0.0, 1.0, 0.0, 0.0, 1.0, 0.0, 0.0, 1.0, 1.0, 0.0, 0.0, 1.0, 0.0, 0.0, 0.0, 0.0, 1.0, 0.0, 0.0, 1.0, 0.0, 1.0, 0.0, 1.0, 0.0, 0.0, 0.0, 0.0, 1.0, 0.0, 0.0, 1.0, 0.0, 1.0, 0.0, 0.0, 1.0, 0.0, 0.0, 0.0, 1.0, 0.0, 0.0, 1.0, 0.0, 1.0, 0.0, 0.0, 0.0, 1.0]]

[2024-10-14T10:34:38.248436][INFO][seed146] Sampled 1000 data instances
[2024-10-14T10:34:38.249101][INFO][seed146] Starting exact inference 
[2024-10-14T10:34:38.366454][INFO][seed18] PN(V1,V0) in [0.0, 0.016615675382420453] 
[2024-10-14T10:34:38.418156][INFO][seed170] Set up logging
[2024-10-14T10:34:38.452252][INFO][seed170] args: -np;2;-nzr;0.4;-zdr;0.5;-o;/mnt/beegfs/rcabanas/dev/credici/papers/zeros/models/s3;-rw;-s;170;-ys;3
[2024-10-14T10:34:38.455273][INFO][seed170] Starting logger with seed 170
[2024-10-14T10:34:38.474150][INFO][seed170] simple_nparents2_nzr04_zdr05_ysize3_170
[2024-10-14T10:34:38.491878][INFO][seed109] Sampled 1000 data instances
[2024-10-14T10:34:38.492497][INFO][seed109] Starting exact inference 
[2024-10-14T10:34:38.622044][INFO][seed47] PN(V2,V0) in [0.0, 0.008546114590278962] 
[2024-10-14T10:34:38.695921][INFO][seed47] Saved data to: /mnt/beegfs/rcabanas/dev/credici/papers/zeros/models/s3/simple_nparents2_nzr04_zdr05_ysize3_47.csv
[2024-10-14T10:34:38.746216][INFO][seed31] PS(V1,V0) in [0.0, 1.0]
[2024-10-14T10:34:38.754639][INFO][seed47] Saved model to: /mnt/beegfs/rcabanas/dev/credici/papers/zeros/models/s3/simple_nparents2_nzr04_zdr05_ysize3_47.uai
[2024-10-14T10:34:38.774292][INFO][seed47] Saved queries to: /mnt/beegfs/rcabanas/dev/credici/papers/zeros/models/s3/simple_nparents2_nzr04_zdr05_ysize3_47_query.csv
[2024-10-14T10:34:38.775133][INFO][seed47] Closing log file
[2024-10-14T10:34:38.775310][INFO][seed47] Closed log file
[2024-10-14T10:34:38.798249][INFO][seed170] U cardinality: 81
[2024-10-14T10:34:38.809431][INFO][seed170] !0 = [1, 2, 3, 5, 6, 8, 11, 13, 18, 22, 23, 28, 31, 32, 34, 41, 43, 45, 51, 52, 56, 58, 59, 61, 62, 64, 65, 69, 71, 73, 75, 79]
[2024-10-14T10:34:38.810755][INFO][seed170] 0 = [0, 4, 7, 9, 10, 12, 14, 15, 16, 17, 19, 20, 21, 24, 25, 26, 27, 29, 30, 33, 35, 36, 37, 38, 39, 40, 42, 44, 46, 47, 48, 49, 50, 53, 54, 55, 57, 60, 63, 66, 67, 68, 70, 72, 74, 76, 77, 78, 80]
[2024-10-14T10:34:38.822230][INFO][seed170] Dropping state 77
[2024-10-14T10:34:38.824238][INFO][seed170] Dropping state 74
[2024-10-14T10:34:38.826271][INFO][seed170] Dropping state 66
[2024-10-14T10:34:38.829995][INFO][seed170] Dropping state 63
[2024-10-14T10:34:38.837492][INFO][seed170] Dropping state 60
[2024-10-14T10:34:38.849591][INFO][seed170] Dropping state 57
[2024-10-14T10:34:38.854598][INFO][seed170] Dropping state 53
[2024-10-14T10:34:38.858114][INFO][seed170] Dropping state 50
[2024-10-14T10:34:38.860557][INFO][seed170] Dropping state 46
[2024-10-14T10:34:38.862024][INFO][seed170] Dropping state 44
[2024-10-14T10:34:38.862934][INFO][seed170] Dropping state 42
[2024-10-14T10:34:38.865352][INFO][seed170] Dropping state 40
[2024-10-14T10:34:38.866623][INFO][seed170] Dropping state 37
[2024-10-14T10:34:38.870704][INFO][seed170] Dropping state 36
[2024-10-14T10:34:38.872638][INFO][seed170] Dropping state 33
[2024-10-14T10:34:38.873323][INFO][seed170] Dropping state 30
[2024-10-14T10:34:38.876712][INFO][seed170] Dropping state 27
[2024-10-14T10:34:38.878077][INFO][seed170] Dropping state 26
[2024-10-14T10:34:38.885544][INFO][seed170] Dropping state 21
[2024-10-14T10:34:38.887906][INFO][seed170] Dropping state 17
[2024-10-14T10:34:38.889245][INFO][seed170] Dropping state 16
[2024-10-14T10:34:38.890086][INFO][seed170] Dropping state 15
[2024-10-14T10:34:38.890344][INFO][seed32] PN(V1,V0) in [0.0, 0.2402640264026403] 
[2024-10-14T10:34:38.892173][INFO][seed170] Dropping state 14
[2024-10-14T10:34:38.893904][INFO][seed170] Dropping state 12
[2024-10-14T10:34:38.895412][INFO][seed170] Dropping state 10
[2024-10-14T10:34:38.901545][INFO][seed170] Dropping state 9
[2024-10-14T10:34:38.906757][INFO][seed170] Dropping state 4
[2024-10-14T10:34:38.912285][INFO][seed170] U cardinality: 54
[2024-10-14T10:34:38.929761][INFO][seed170] 
[P([5]) [0.228, 0.772], P([4]) [0.797, 0.203], P([3]) [0.0, 0.001, 0.001, 0.001, 0.001, 0.001, 0.0, 0.001, 0.001, 0.001, 0.001, 0.0, 0.0, 0.008, 0.001, 0.0, 0.0, 0.001, 0.0, 0.001, 0.001, 0.001, 0.0, 0.0, 0.0, 0.001, 0.006, 0.001, 0.0, 0.0, 0.0, 0.001, 0.001, 0.0, 0.0, 0.001, 0.001, 0.001, 0.001, 0.001, 0.001, 0.002, 0.0, 0.0, 0.001, 0.0, 0.001, 0.0, 0.001, 0.001, 0.0, 0.0, 0.956, 0.0], P([2, 5]) [1.0, 0.0, 0.0, 1.0], P([1, 4]) [1.0, 0.0, 0.0, 1.0], P([0, 1, 2, 3]) [1.0, 0.0, 0.0, 1.0, 0.0, 0.0, 1.0, 0.0, 0.0, 1.0, 0.0, 0.0, 1.0, 0.0, 0.0, 1.0, 0.0, 0.0, 1.0, 0.0, 0.0, 0.0, 1.0, 0.0, 1.0, 0.0, 0.0, 1.0, 0.0, 0.0, 1.0, 0.0, 0.0, 0.0, 0.0, 1.0, 1.0, 0.0, 0.0, 1.0, 0.0, 0.0, 0.0, 1.0, 0.0, 1.0, 0.0, 0.0, 1.0, 0.0, 0.0, 1.0, 0.0, 0.0, 0.0, 1.0, 0.0, 0.0, 0.0, 1.0, 1.0, 0.0, 0.0, 1.0, 0.0, 0.0, 0.0, 0.0, 1.0, 1.0, 0.0, 0.0, 1.0, 0.0, 0.0, 1.0, 0.0, 0.0, 0.0, 0.0, 1.0, 0.0, 1.0, 0.0, 1.0, 0.0, 0.0, 1.0, 0.0, 0.0, 0.0, 0.0, 1.0, 0.0, 0.0, 1.0, 1.0, 0.0, 0.0, 0.0, 1.0, 0.0, 1.0, 0.0, 0.0, 0.0, 0.0, 1.0, 1.0, 0.0, 0.0, 0.0, 1.0, 0.0, 0.0, 1.0, 0.0, 0.0, 1.0, 0.0, 1.0, 0.0, 0.0, 0.0, 0.0, 1.0, 1.0, 0.0, 0.0, 1.0, 0.0, 0.0, 1.0, 0.0, 0.0, 0.0, 0.0, 1.0, 1.0, 0.0, 0.0, 0.0, 1.0, 0.0, 1.0, 0.0, 0.0, 0.0, 0.0, 1.0, 1.0, 0.0, 0.0, 0.0, 0.0, 1.0, 1.0, 0.0, 0.0, 0.0, 0.0, 1.0, 0.0, 1.0, 0.0, 0.0, 1.0, 0.0, 1.0, 0.0, 0.0, 0.0, 0.0, 1.0, 0.0, 1.0, 0.0, 0.0, 0.0, 1.0, 1.0, 0.0, 0.0, 0.0, 0.0, 1.0, 0.0, 0.0, 1.0, 1.0, 0.0, 0.0, 1.0, 0.0, 0.0, 0.0, 0.0, 1.0, 0.0, 0.0, 1.0, 0.0, 1.0, 0.0, 0.0, 1.0, 0.0, 1.0, 0.0, 0.0, 1.0, 0.0, 0.0, 0.0, 1.0, 0.0, 0.0, 1.0, 0.0, 1.0, 0.0, 0.0, 1.0, 0.0, 0.0, 0.0, 0.0, 1.0, 0.0, 1.0, 0.0, 1.0, 0.0, 0.0, 0.0, 1.0, 0.0, 0.0, 1.0, 0.0, 0.0, 1.0, 0.0, 1.0, 0.0, 0.0, 0.0, 1.0, 0.0, 0.0, 0.0, 1.0, 0.0, 1.0, 0.0, 1.0, 0.0, 0.0, 0.0, 0.0, 1.0, 0.0, 1.0, 0.0, 0.0, 1.0, 0.0, 1.0, 0.0, 0.0, 0.0, 0.0, 1.0, 0.0, 0.0, 1.0, 0.0, 1.0, 0.0, 0.0, 1.0, 0.0, 1.0, 0.0, 0.0, 0.0, 0.0, 1.0, 0.0, 1.0, 0.0, 0.0, 1.0, 0.0, 0.0, 1.0, 0.0, 1.0, 0.0, 0.0, 0.0, 1.0, 0.0, 0.0, 1.0, 0.0, 0.0, 1.0, 0.0, 0.0, 0.0, 1.0, 0.0, 1.0, 0.0, 0.0, 1.0, 0.0, 0.0, 0.0, 1.0, 0.0, 1.0, 0.0, 0.0, 1.0, 0.0, 0.0, 0.0, 1.0, 1.0, 0.0, 0.0, 1.0, 0.0, 0.0, 0.0, 1.0, 0.0, 0.0, 0.0, 1.0, 1.0, 0.0, 0.0, 0.0, 0.0, 1.0, 0.0, 1.0, 0.0, 0.0, 0.0, 1.0, 0.0, 1.0, 0.0, 1.0, 0.0, 0.0, 0.0, 1.0, 0.0, 0.0, 0.0, 1.0, 0.0, 1.0, 0.0, 0.0, 1.0, 0.0, 0.0, 1.0, 0.0, 0.0, 0.0, 1.0, 0.0, 0.0, 1.0, 1.0, 0.0, 0.0, 0.0, 1.0, 0.0, 0.0, 0.0, 1.0, 0.0, 0.0, 1.0, 0.0, 1.0, 0.0, 0.0, 0.0, 1.0, 1.0, 0.0, 0.0, 1.0, 0.0, 0.0, 1.0, 0.0, 0.0, 0.0, 0.0, 1.0, 1.0, 0.0, 0.0, 1.0, 0.0, 0.0, 0.0, 1.0, 0.0, 0.0, 0.0, 1.0, 1.0, 0.0, 0.0, 1.0, 0.0, 0.0, 0.0, 0.0, 1.0, 0.0, 0.0, 1.0, 1.0, 0.0, 0.0, 0.0, 1.0, 0.0, 0.0, 1.0, 0.0, 0.0, 0.0, 1.0, 1.0, 0.0, 0.0, 0.0, 1.0, 0.0, 0.0, 0.0, 1.0, 0.0, 0.0, 1.0, 1.0, 0.0, 0.0, 0.0, 0.0, 1.0, 0.0, 1.0, 0.0, 0.0, 0.0, 1.0, 1.0, 0.0, 0.0, 0.0, 0.0, 1.0, 0.0, 0.0, 1.0, 0.0, 0.0, 1.0, 0.0, 1.0, 0.0, 1.0, 0.0, 0.0, 0.0, 1.0, 0.0, 0.0, 0.0, 1.0, 0.0, 1.0, 0.0, 1.0, 0.0, 0.0, 0.0, 0.0, 1.0, 0.0, 0.0, 1.0, 0.0, 1.0, 0.0, 0.0, 1.0, 0.0, 0.0, 1.0, 0.0, 0.0, 0.0, 1.0, 0.0, 1.0, 0.0, 0.0, 1.0, 0.0, 0.0, 0.0, 1.0, 0.0, 0.0, 1.0, 0.0, 1.0, 0.0, 0.0, 0.0, 1.0, 1.0, 0.0, 0.0, 0.0, 0.0, 1.0, 0.0, 1.0, 0.0, 0.0, 0.0, 1.0, 0.0, 1.0, 0.0, 0.0, 0.0, 1.0, 0.0, 1.0, 0.0, 0.0, 0.0, 1.0, 0.0, 0.0, 1.0, 0.0, 0.0, 1.0, 0.0, 0.0, 1.0, 1.0, 0.0, 0.0, 1.0, 0.0, 0.0, 0.0, 0.0, 1.0, 0.0, 0.0, 1.0, 1.0, 0.0, 0.0, 0.0, 1.0, 0.0, 0.0, 0.0, 1.0, 0.0, 0.0, 1.0, 0.0, 1.0, 0.0, 1.0, 0.0, 0.0, 0.0, 0.0, 1.0, 0.0, 0.0, 1.0, 0.0, 1.0, 0.0, 0.0, 1.0, 0.0, 0.0, 0.0, 1.0, 0.0, 0.0, 1.0, 0.0, 0.0, 1.0, 1.0, 0.0, 0.0, 0.0, 0.0, 1.0, 0.0, 0.0, 1.0, 0.0, 0.0, 1.0, 0.0, 1.0, 0.0, 0.0, 0.0, 1.0, 0.0, 0.0, 1.0, 0.0, 0.0, 1.0, 0.0, 0.0, 1.0]]

[2024-10-14T10:34:39.333487][INFO][seed170] Sampled 1000 data instances
[2024-10-14T10:34:39.334140][INFO][seed170] Starting exact inference 
['genn.py', '2', '0.4', '0.5', '117', '3']
2 0.4 0.5 117
/mnt/beegfs/rcabanas/dev/credici/papers/zeros/code/GenerateNparents.java
[2024-10-14T10:34:40.461126][INFO][seed109] PS(V1,V0) in [0.0, 0.0]
[2024-10-14T10:34:40.544262][INFO][seed109] PS(V2,V0) in [0.6252231253780224, 1.0]
[2024-10-14T10:34:40.596310][INFO][seed109] No feasible solution... resampling
[2024-10-14T10:34:40.808949][INFO][seed109] Sampled 1100 data instances
[2024-10-14T10:34:40.810200][INFO][seed109] Starting exact inference 
[2024-10-14T10:34:41.793630][INFO][seed32] PN(V2,V0) in [0.06196893435081452, 1.0] 
[2024-10-14T10:34:41.866306][INFO][seed32] Saved data to: /mnt/beegfs/rcabanas/dev/credici/papers/zeros/models/s3/simple_nparents2_nzr04_zdr05_ysize3_32.csv
[2024-10-14T10:34:41.899496][INFO][seed32] Saved model to: /mnt/beegfs/rcabanas/dev/credici/papers/zeros/models/s3/simple_nparents2_nzr04_zdr05_ysize3_32.uai
[2024-10-14T10:34:41.908434][INFO][seed32] Saved queries to: /mnt/beegfs/rcabanas/dev/credici/papers/zeros/models/s3/simple_nparents2_nzr04_zdr05_ysize3_32_query.csv
[2024-10-14T10:34:41.909023][INFO][seed32] Closing log file
[2024-10-14T10:34:41.909123][INFO][seed32] Closed log file
[2024-10-14T10:34:42.151141][INFO][seed18] PN(V2,V0) in [0.0, 0.27954946274418574] 
[2024-10-14T10:34:42.209253][INFO][seed18] Saved data to: /mnt/beegfs/rcabanas/dev/credici/papers/zeros/models/s3/simple_nparents2_nzr04_zdr05_ysize3_18.csv
[2024-10-14T10:34:42.246072][INFO][seed18] Saved model to: /mnt/beegfs/rcabanas/dev/credici/papers/zeros/models/s3/simple_nparents2_nzr04_zdr05_ysize3_18.uai
[2024-10-14T10:34:42.255342][INFO][seed18] Saved queries to: /mnt/beegfs/rcabanas/dev/credici/papers/zeros/models/s3/simple_nparents2_nzr04_zdr05_ysize3_18_query.csv
[2024-10-14T10:34:42.256008][INFO][seed18] Closing log file
[2024-10-14T10:34:42.256137][INFO][seed18] Closed log file
['genn.py', '2', '0.4', '0.5', '92', '3']
2 0.4 0.5 92
/mnt/beegfs/rcabanas/dev/credici/papers/zeros/code/GenerateNparents.java
Error in variable: 3
[2024-10-14T10:34:42.654555][INFO][seed23] No feasible solution... resampling
['genn.py', '2', '0.4', '0.5', '123', '3']
[2024-10-14T10:34:42.866081][INFO][seed23] Sampled 1300 data instances
[2024-10-14T10:34:42.866708][INFO][seed23] Starting exact inference 
2 0.4 0.5 123
/mnt/beegfs/rcabanas/dev/credici/papers/zeros/code/GenerateNparents.java
Error in variable: 3
[2024-10-14T10:34:42.997617][INFO][seed23] No feasible solution... resampling
[2024-10-14T10:34:43.187462][INFO][seed23] Sampled 1400 data instances
[2024-10-14T10:34:43.196961][INFO][seed23] Starting exact inference 
[2024-10-14T10:34:43.223958][INFO][seed117] Set up logging
[2024-10-14T10:34:43.266147][INFO][seed117] args: -np;2;-nzr;0.4;-zdr;0.5;-o;/mnt/beegfs/rcabanas/dev/credici/papers/zeros/models/s3;-rw;-s;117;-ys;3
[2024-10-14T10:34:43.299733][INFO][seed109] PS(V1,V0) in [0.0, 0.013949222352853261]
[2024-10-14T10:34:43.390352][INFO][seed117] Starting logger with seed 117
[2024-10-14T10:34:43.412001][INFO][seed117] simple_nparents2_nzr04_zdr05_ysize3_117
[2024-10-14T10:34:43.632467][INFO][seed117] U cardinality: 81
[2024-10-14T10:34:43.642487][INFO][seed117] !0 = [5, 7, 9, 11, 15, 16, 17, 19, 20, 21, 23, 25, 27, 32, 38, 40, 43, 48, 50, 51, 56, 57, 58, 63, 65, 67, 68, 69, 70, 74, 77, 80]
[2024-10-14T10:34:43.643986][INFO][seed117] 0 = [0, 1, 2, 3, 4, 6, 8, 10, 12, 13, 14, 18, 22, 24, 26, 28, 29, 30, 31, 33, 34, 35, 36, 37, 39, 41, 42, 44, 45, 46, 47, 49, 52, 53, 54, 55, 59, 60, 61, 62, 64, 66, 71, 72, 73, 75, 76, 78, 79]
[2024-10-14T10:34:43.653867][INFO][seed117] Dropping state 79
[2024-10-14T10:34:43.655309][INFO][seed117] Dropping state 78
[2024-10-14T10:34:43.661471][INFO][seed117] Dropping state 76
[2024-10-14T10:34:43.664614][INFO][seed117] Dropping state 73
[2024-10-14T10:34:43.670391][INFO][seed117] Dropping state 71
[2024-10-14T10:34:43.679475][INFO][seed117] Dropping state 62
[2024-10-14T10:34:43.686631][INFO][seed117] Dropping state 61
[2024-10-14T10:34:43.690171][INFO][seed117] Dropping state 49
[2024-10-14T10:34:43.691957][INFO][seed117] Dropping state 46
[2024-10-14T10:34:43.694085][INFO][seed117] Dropping state 45
[2024-10-14T10:34:43.695209][INFO][seed117] Dropping state 44
[2024-10-14T10:34:43.699990][INFO][seed117] Dropping state 41
[2024-10-14T10:34:43.701553][INFO][seed117] Dropping state 39
[2024-10-14T10:34:43.703674][INFO][seed117] Dropping state 34
[2024-10-14T10:34:43.707414][INFO][seed117] Dropping state 33
[2024-10-14T10:34:43.708134][INFO][seed117] Dropping state 31
[2024-10-14T10:34:43.711915][INFO][seed117] Dropping state 30
[2024-10-14T10:34:43.715375][INFO][seed117] Dropping state 29
[2024-10-14T10:34:43.718252][INFO][seed117] Dropping state 28
[2024-10-14T10:34:43.720819][INFO][seed117] Dropping state 13
[2024-10-14T10:34:43.722419][INFO][seed117] Dropping state 2
[2024-10-14T10:34:43.723629][INFO][seed117] Dropping state 1
[2024-10-14T10:34:43.727070][INFO][seed117] Dropping state 0
[2024-10-14T10:34:43.732914][INFO][seed117] U cardinality: 58
[2024-10-14T10:34:43.748573][INFO][seed117] 
[P([5]) [0.705, 0.295], P([4]) [0.286, 0.714], P([3]) [0.0, 0.0, 0.001, 0.0, 0.001, 0.0, 0.001, 0.0, 0.001, 0.0, 0.0, 0.001, 0.001, 0.001, 0.0, 0.001, 0.001, 0.001, 0.0, 0.001, 0.0, 0.001, 0.0, 0.001, 0.001, 0.0, 0.0, 0.0, 0.001, 0.001, 0.0, 0.001, 0.0, 0.002, 0.001, 0.001, 0.0, 0.0, 0.0, 0.0, 0.001, 0.001, 0.001, 0.0, 0.0, 0.011, 0.0, 0.001, 0.0, 0.001, 0.001, 0.001, 0.001, 0.0, 0.311, 0.0, 0.001, 0.648], P([2, 5]) [1.0, 0.0, 0.0, 1.0], P([1, 4]) [1.0, 0.0, 0.0, 1.0], P([0, 1, 2, 3]) [1.0, 0.0, 0.0, 1.0, 0.0, 0.0, 0.0, 1.0, 0.0, 1.0, 0.0, 0.0, 1.0, 0.0, 0.0, 1.0, 0.0, 0.0, 0.0, 1.0, 0.0, 0.0, 1.0, 0.0, 1.0, 0.0, 0.0, 1.0, 0.0, 0.0, 0.0, 1.0, 0.0, 0.0, 0.0, 1.0, 1.0, 0.0, 0.0, 1.0, 0.0, 0.0, 0.0, 0.0, 1.0, 1.0, 0.0, 0.0, 1.0, 0.0, 0.0, 1.0, 0.0, 0.0, 0.0, 0.0, 1.0, 0.0, 1.0, 0.0, 1.0, 0.0, 0.0, 1.0, 0.0, 0.0, 0.0, 0.0, 1.0, 0.0, 0.0, 1.0, 1.0, 0.0, 0.0, 0.0, 1.0, 0.0, 1.0, 0.0, 0.0, 1.0, 0.0, 0.0, 1.0, 0.0, 0.0, 0.0, 1.0, 0.0, 1.0, 0.0, 0.0, 0.0, 1.0, 0.0, 1.0, 0.0, 0.0, 0.0, 1.0, 0.0, 1.0, 0.0, 0.0, 0.0, 0.0, 1.0, 1.0, 0.0, 0.0, 0.0, 1.0, 0.0, 0.0, 1.0, 0.0, 1.0, 0.0, 0.0, 1.0, 0.0, 0.0, 0.0, 1.0, 0.0, 0.0, 1.0, 0.0, 0.0, 0.0, 1.0, 1.0, 0.0, 0.0, 0.0, 1.0, 0.0, 0.0, 0.0, 1.0, 1.0, 0.0, 0.0, 1.0, 0.0, 0.0, 0.0, 1.0, 0.0, 0.0, 0.0, 1.0, 0.0, 1.0, 0.0, 1.0, 0.0, 0.0, 0.0, 1.0, 0.0, 0.0, 0.0, 1.0, 0.0, 0.0, 1.0, 1.0, 0.0, 0.0, 0.0, 0.0, 1.0, 1.0, 0.0, 0.0, 1.0, 0.0, 0.0, 1.0, 0.0, 0.0, 0.0, 0.0, 1.0, 1.0, 0.0, 0.0, 0.0, 1.0, 0.0, 1.0, 0.0, 0.0, 0.0, 0.0, 1.0, 1.0, 0.0, 0.0, 0.0, 0.0, 1.0, 1.0, 0.0, 0.0, 0.0, 0.0, 1.0, 0.0, 1.0, 0.0, 1.0, 0.0, 0.0, 1.0, 0.0, 0.0, 0.0, 0.0, 1.0, 0.0, 1.0, 0.0, 0.0, 1.0, 0.0, 1.0, 0.0, 0.0, 0.0, 0.0, 1.0, 0.0, 1.0, 0.0, 0.0, 0.0, 1.0, 1.0, 0.0, 0.0, 0.0, 0.0, 1.0, 0.0, 0.0, 1.0, 1.0, 0.0, 0.0, 1.0, 0.0, 0.0, 0.0, 0.0, 1.0, 0.0, 0.0, 1.0, 0.0, 1.0, 0.0, 1.0, 0.0, 0.0, 0.0, 0.0, 1.0, 0.0, 0.0, 1.0, 0.0, 0.0, 1.0, 0.0, 1.0, 0.0, 1.0, 0.0, 0.0, 1.0, 0.0, 0.0, 1.0, 0.0, 0.0, 0.0, 1.0, 0.0, 1.0, 0.0, 0.0, 0.0, 1.0, 0.0, 0.0, 0.0, 1.0, 0.0, 1.0, 0.0, 1.0, 0.0, 0.0, 0.0, 0.0, 1.0, 0.0, 0.0, 1.0, 0.0, 1.0, 0.0, 0.0, 1.0, 0.0, 1.0, 0.0, 0.0, 1.0, 0.0, 0.0, 0.0, 1.0, 0.0, 0.0, 1.0, 0.0, 1.0, 0.0, 0.0, 0.0, 1.0, 0.0, 0.0, 1.0, 0.0, 0.0, 1.0, 0.0, 1.0, 0.0, 0.0, 0.0, 0.0, 1.0, 0.0, 1.0, 0.0, 0.0, 1.0, 0.0, 0.0, 1.0, 0.0, 0.0, 1.0, 0.0, 0.0, 1.0, 0.0, 0.0, 1.0, 0.0, 0.0, 0.0, 1.0, 1.0, 0.0, 0.0, 0.0, 1.0, 0.0, 0.0, 1.0, 0.0, 0.0, 0.0, 1.0, 0.0, 1.0, 0.0, 0.0, 1.0, 0.0, 0.0, 0.0, 1.0, 1.0, 0.0, 0.0, 0.0, 0.0, 1.0, 0.0, 1.0, 0.0, 0.0, 0.0, 1.0, 0.0, 1.0, 0.0, 1.0, 0.0, 0.0, 0.0, 1.0, 0.0, 0.0, 0.0, 1.0, 0.0, 1.0, 0.0, 0.0, 0.0, 1.0, 0.0, 1.0, 0.0, 0.0, 0.0, 1.0, 0.0, 0.0, 1.0, 1.0, 0.0, 0.0, 0.0, 1.0, 0.0, 0.0, 0.0, 1.0, 0.0, 0.0, 1.0, 0.0, 1.0, 0.0, 0.0, 1.0, 0.0, 0.0, 0.0, 1.0, 0.0, 0.0, 1.0, 0.0, 0.0, 1.0, 0.0, 0.0, 1.0, 1.0, 0.0, 0.0, 1.0, 0.0, 0.0, 1.0, 0.0, 0.0, 0.0, 0.0, 1.0, 1.0, 0.0, 0.0, 1.0, 0.0, 0.0, 0.0, 1.0, 0.0, 0.0, 0.0, 1.0, 1.0, 0.0, 0.0, 1.0, 0.0, 0.0, 0.0, 0.0, 1.0, 0.0, 0.0, 1.0, 1.0, 0.0, 0.0, 0.0, 1.0, 0.0, 1.0, 0.0, 0.0, 0.0, 0.0, 1.0, 1.0, 0.0, 0.0, 0.0, 1.0, 0.0, 0.0, 1.0, 0.0, 0.0, 0.0, 1.0, 1.0, 0.0, 0.0, 0.0, 1.0, 0.0, 0.0, 0.0, 1.0, 0.0, 0.0, 1.0, 1.0, 0.0, 0.0, 0.0, 0.0, 1.0, 1.0, 0.0, 0.0, 0.0, 0.0, 1.0, 0.0, 1.0, 0.0, 1.0, 0.0, 0.0, 1.0, 0.0, 0.0, 0.0, 0.0, 1.0, 0.0, 1.0, 0.0, 1.0, 0.0, 0.0, 0.0, 1.0, 0.0, 0.0, 0.0, 1.0, 0.0, 1.0, 0.0, 1.0, 0.0, 0.0, 0.0, 0.0, 1.0, 0.0, 0.0, 1.0, 0.0, 1.0, 0.0, 0.0, 1.0, 0.0, 1.0, 0.0, 0.0, 0.0, 0.0, 1.0, 0.0, 1.0, 0.0, 0.0, 1.0, 0.0, 0.0, 1.0, 0.0, 0.0, 0.0, 1.0, 0.0, 1.0, 0.0, 0.0, 1.0, 0.0, 0.0, 0.0, 1.0, 0.0, 0.0, 1.0, 0.0, 1.0, 0.0, 0.0, 0.0, 1.0, 1.0, 0.0, 0.0, 0.0, 0.0, 1.0, 0.0, 1.0, 0.0, 0.0, 0.0, 1.0, 0.0, 1.0, 0.0, 0.0, 0.0, 1.0, 0.0, 0.0, 1.0, 1.0, 0.0, 0.0, 1.0, 0.0, 0.0, 0.0, 0.0, 1.0, 0.0, 0.0, 1.0, 1.0, 0.0, 0.0, 0.0, 0.0, 1.0, 0.0, 0.0, 1.0, 0.0, 0.0, 1.0, 0.0, 1.0, 0.0, 1.0, 0.0, 0.0, 0.0, 0.0, 1.0, 0.0, 0.0, 1.0, 0.0, 1.0, 0.0, 0.0, 0.0, 1.0, 0.0, 0.0, 1.0, 0.0, 0.0, 1.0, 0.0, 0.0, 1.0, 0.0, 0.0, 1.0]]

[2024-10-14T10:34:44.131101][INFO][seed117] Sampled 1000 data instances
[2024-10-14T10:34:44.132011][INFO][seed117] Starting exact inference 
[2024-10-14T10:34:44.222475][INFO][seed109] PS(V2,V0) in [0.5134618753693644, 0.9389955732776758]
[2024-10-14T10:34:45.048358][INFO][seed109] PN(V1,V0) in [0.0, 1.0] 
[2024-10-14T10:34:45.660455][INFO][seed31] PS(V2,V0) in [0.0, 1.0]
[2024-10-14T10:34:45.782554][INFO][seed20] PS(V1,V0) in [0.0, 0.2384737678855326]
[2024-10-14T10:34:45.758567][INFO][seed92] Set up logging
[2024-10-14T10:34:45.791092][INFO][seed92] args: -np;2;-nzr;0.4;-zdr;0.5;-o;/mnt/beegfs/rcabanas/dev/credici/papers/zeros/models/s3;-rw;-s;92;-ys;3
[2024-10-14T10:34:45.793706][INFO][seed92] Starting logger with seed 92
[2024-10-14T10:34:45.810097][INFO][seed92] simple_nparents2_nzr04_zdr05_ysize3_92
[2024-10-14T10:34:45.956259][INFO][seed109] PN(V2,V0) in [0.5468203365188022, 1.0] 
[2024-10-14T10:34:45.968773][INFO][seed123] Set up logging
[2024-10-14T10:34:46.006148][INFO][seed109] Saved data to: /mnt/beegfs/rcabanas/dev/credici/papers/zeros/models/s3/simple_nparents2_nzr04_zdr05_ysize3_109.csv
[2024-10-14T10:34:46.006820][INFO][seed123] args: -np;2;-nzr;0.4;-zdr;0.5;-o;/mnt/beegfs/rcabanas/dev/credici/papers/zeros/models/s3;-rw;-s;123;-ys;3
[2024-10-14T10:34:46.009522][INFO][seed123] Starting logger with seed 123
[2024-10-14T10:34:46.039494][INFO][seed123] simple_nparents2_nzr04_zdr05_ysize3_123
[2024-10-14T10:34:46.043332][INFO][seed109] Saved model to: /mnt/beegfs/rcabanas/dev/credici/papers/zeros/models/s3/simple_nparents2_nzr04_zdr05_ysize3_109.uai
[2024-10-14T10:34:46.049918][INFO][seed109] Saved queries to: /mnt/beegfs/rcabanas/dev/credici/papers/zeros/models/s3/simple_nparents2_nzr04_zdr05_ysize3_109_query.csv
[2024-10-14T10:34:46.050034][INFO][seed109] Closing log file
[2024-10-14T10:34:46.050059][INFO][seed109] Closed log file
[2024-10-14T10:34:46.130952][INFO][seed92] U cardinality: 81
[2024-10-14T10:34:46.140960][INFO][seed92] !0 = [2, 3, 5, 7, 12, 18, 21, 23, 26, 27, 32, 36, 38, 43, 44, 45, 47, 49, 50, 54, 55, 56, 60, 61, 62, 64, 67, 71, 74, 75, 77, 78]
[2024-10-14T10:34:46.143841][INFO][seed92] 0 = [0, 1, 4, 6, 8, 9, 10, 11, 13, 14, 15, 16, 17, 19, 20, 22, 24, 25, 28, 29, 30, 31, 33, 34, 35, 37, 39, 40, 41, 42, 46, 48, 51, 52, 53, 57, 58, 59, 63, 65, 66, 68, 69, 70, 72, 73, 76, 79, 80]
[2024-10-14T10:34:46.154580][INFO][seed92] Dropping state 79
[2024-10-14T10:34:46.157318][INFO][seed92] Dropping state 70
[2024-10-14T10:34:46.159413][INFO][seed92] Dropping state 69
[2024-10-14T10:34:46.163528][INFO][seed92] Dropping state 63
[2024-10-14T10:34:46.170385][INFO][seed92] Dropping state 59
[2024-10-14T10:34:46.182018][INFO][seed92] Dropping state 57
[2024-10-14T10:34:46.187078][INFO][seed92] Dropping state 52
[2024-10-14T10:34:46.190530][INFO][seed92] Dropping state 46
[2024-10-14T10:34:46.192986][INFO][seed92] Dropping state 42
[2024-10-14T10:34:46.194380][INFO][seed92] Dropping state 37
[2024-10-14T10:34:46.195361][INFO][seed92] Dropping state 28
[2024-10-14T10:34:46.199010][INFO][seed92] Dropping state 25
[2024-10-14T10:34:46.200957][INFO][seed92] Dropping state 24
[2024-10-14T10:34:46.202963][INFO][seed92] Dropping state 19
[2024-10-14T10:34:46.204605][INFO][seed92] Dropping state 16
[2024-10-14T10:34:46.205294][INFO][seed92] Dropping state 15
[2024-10-14T10:34:46.208401][INFO][seed92] Dropping state 13
[2024-10-14T10:34:46.209644][INFO][seed92] Dropping state 11
[2024-10-14T10:34:46.216388][INFO][seed92] Dropping state 10
[2024-10-14T10:34:46.218123][INFO][seed92] Dropping state 4
[2024-10-14T10:34:46.219361][INFO][seed92] Dropping state 1
[2024-10-14T10:34:46.220180][INFO][seed92] Dropping state 0
[2024-10-14T10:34:46.225692][INFO][seed92] U cardinality: 59
[2024-10-14T10:34:46.240984][INFO][seed92] 
[P([5]) [0.019, 0.981], P([4]) [0.797, 0.203], P([3]) [0.001, 0.001, 0.001, 0.0, 0.001, 0.0, 0.0, 0.001, 0.0, 0.0, 0.001, 0.0, 0.001, 0.0, 0.001, 0.001, 0.001, 0.0, 0.0, 0.0, 0.391, 0.0, 0.0, 0.0, 0.001, 0.001, 0.0, 0.0, 0.0, 0.001, 0.001, 0.001, 0.001, 0.0, 0.001, 0.001, 0.0, 0.0, 0.001, 0.001, 0.001, 0.0, 0.001, 0.001, 0.001, 0.001, 0.0, 0.0, 0.001, 0.0, 0.001, 0.0, 0.0, 0.001, 0.001, 0.0, 0.001, 0.579, 0.0], P([2, 5]) [1.0, 0.0, 0.0, 1.0], P([1, 4]) [1.0, 0.0, 0.0, 1.0], P([0, 1, 2, 3]) [1.0, 0.0, 0.0, 1.0, 0.0, 0.0, 1.0, 0.0, 0.0, 0.0, 0.0, 1.0, 1.0, 0.0, 0.0, 1.0, 0.0, 0.0, 0.0, 1.0, 0.0, 1.0, 0.0, 0.0, 1.0, 0.0, 0.0, 1.0, 0.0, 0.0, 0.0, 1.0, 0.0, 0.0, 0.0, 1.0, 1.0, 0.0, 0.0, 1.0, 0.0, 0.0, 0.0, 0.0, 1.0, 1.0, 0.0, 0.0, 1.0, 0.0, 0.0, 1.0, 0.0, 0.0, 0.0, 0.0, 1.0, 0.0, 1.0, 0.0, 1.0, 0.0, 0.0, 1.0, 0.0, 0.0, 0.0, 0.0, 1.0, 0.0, 0.0, 1.0, 1.0, 0.0, 0.0, 0.0, 1.0, 0.0, 1.0, 0.0, 0.0, 1.0, 0.0, 0.0, 1.0, 0.0, 0.0, 0.0, 1.0, 0.0, 0.0, 1.0, 0.0, 1.0, 0.0, 0.0, 1.0, 0.0, 0.0, 0.0, 1.0, 0.0, 0.0, 1.0, 0.0, 0.0, 0.0, 1.0, 1.0, 0.0, 0.0, 0.0, 1.0, 0.0, 0.0, 0.0, 1.0, 0.0, 0.0, 1.0, 1.0, 0.0, 0.0, 0.0, 0.0, 1.0, 1.0, 0.0, 0.0, 1.0, 0.0, 0.0, 1.0, 0.0, 0.0, 0.0, 0.0, 1.0, 1.0, 0.0, 0.0, 0.0, 0.0, 1.0, 1.0, 0.0, 0.0, 0.0, 0.0, 1.0, 0.0, 1.0, 0.0, 1.0, 0.0, 0.0, 1.0, 0.0, 0.0, 0.0, 0.0, 1.0, 0.0, 1.0, 0.0, 0.0, 1.0, 0.0, 1.0, 0.0, 0.0, 0.0, 0.0, 1.0, 0.0, 1.0, 0.0, 0.0, 0.0, 1.0, 1.0, 0.0, 0.0, 0.0, 0.0, 1.0, 0.0, 0.0, 1.0, 0.0, 0.0, 1.0, 0.0, 1.0, 0.0, 1.0, 0.0, 0.0, 1.0, 0.0, 0.0, 1.0, 0.0, 0.0, 0.0, 1.0, 0.0, 1.0, 0.0, 0.0, 1.0, 0.0, 0.0, 0.0, 0.0, 1.0, 0.0, 1.0, 0.0, 1.0, 0.0, 0.0, 0.0, 1.0, 0.0, 1.0, 0.0, 0.0, 0.0, 1.0, 0.0, 1.0, 0.0, 0.0, 0.0, 1.0, 0.0, 0.0, 1.0, 0.0, 0.0, 1.0, 0.0, 1.0, 0.0, 0.0, 0.0, 1.0, 0.0, 0.0, 0.0, 1.0, 0.0, 1.0, 0.0, 1.0, 0.0, 0.0, 0.0, 0.0, 1.0, 1.0, 0.0, 0.0, 0.0, 1.0, 0.0, 1.0, 0.0, 0.0, 0.0, 0.0, 1.0, 0.0, 1.0, 0.0, 0.0, 1.0, 0.0, 1.0, 0.0, 0.0, 0.0, 0.0, 1.0, 0.0, 0.0, 1.0, 0.0, 1.0, 0.0, 0.0, 1.0, 0.0, 1.0, 0.0, 0.0, 1.0, 0.0, 0.0, 0.0, 1.0, 0.0, 0.0, 1.0, 0.0, 1.0, 0.0, 0.0, 0.0, 0.0, 1.0, 0.0, 1.0, 0.0, 0.0, 1.0, 0.0, 0.0, 1.0, 0.0, 1.0, 0.0, 0.0, 0.0, 1.0, 0.0, 0.0, 1.0, 0.0, 0.0, 1.0, 0.0, 0.0, 1.0, 0.0, 0.0, 1.0, 0.0, 0.0, 1.0, 0.0, 0.0, 1.0, 0.0, 0.0, 0.0, 1.0, 0.0, 1.0, 0.0, 0.0, 1.0, 0.0, 0.0, 0.0, 1.0, 0.0, 1.0, 0.0, 0.0, 1.0, 0.0, 0.0, 1.0, 0.0, 0.0, 0.0, 1.0, 0.0, 0.0, 1.0, 0.0, 1.0, 0.0, 0.0, 0.0, 1.0, 1.0, 0.0, 0.0, 1.0, 0.0, 0.0, 0.0, 1.0, 0.0, 0.0, 0.0, 1.0, 1.0, 0.0, 0.0, 0.0, 0.0, 1.0, 0.0, 1.0, 0.0, 0.0, 0.0, 1.0, 0.0, 1.0, 0.0, 1.0, 0.0, 0.0, 0.0, 1.0, 0.0, 0.0, 0.0, 1.0, 0.0, 1.0, 0.0, 0.0, 1.0, 0.0, 0.0, 1.0, 0.0, 0.0, 0.0, 1.0, 0.0, 1.0, 0.0, 0.0, 0.0, 1.0, 0.0, 1.0, 0.0, 0.0, 0.0, 1.0, 0.0, 0.0, 1.0, 1.0, 0.0, 0.0, 0.0, 1.0, 0.0, 0.0, 0.0, 1.0, 0.0, 0.0, 1.0, 0.0, 0.0, 1.0, 0.0, 0.0, 1.0, 1.0, 0.0, 0.0, 1.0, 0.0, 0.0, 1.0, 0.0, 0.0, 0.0, 0.0, 1.0, 1.0, 0.0, 0.0, 1.0, 0.0, 0.0, 0.0, 1.0, 0.0, 0.0, 0.0, 1.0, 1.0, 0.0, 0.0, 1.0, 0.0, 0.0, 0.0, 0.0, 1.0, 0.0, 0.0, 1.0, 1.0, 0.0, 0.0, 0.0, 1.0, 0.0, 0.0, 1.0, 0.0, 0.0, 0.0, 1.0, 1.0, 0.0, 0.0, 0.0, 0.0, 1.0, 1.0, 0.0, 0.0, 0.0, 0.0, 1.0, 1.0, 0.0, 0.0, 0.0, 0.0, 1.0, 0.0, 1.0, 0.0, 0.0, 0.0, 1.0, 1.0, 0.0, 0.0, 0.0, 0.0, 1.0, 0.0, 0.0, 1.0, 0.0, 0.0, 1.0, 0.0, 1.0, 0.0, 1.0, 0.0, 0.0, 0.0, 1.0, 0.0, 0.0, 0.0, 1.0, 0.0, 1.0, 0.0, 1.0, 0.0, 0.0, 0.0, 0.0, 1.0, 0.0, 0.0, 1.0, 0.0, 1.0, 0.0, 0.0, 1.0, 0.0, 1.0, 0.0, 0.0, 0.0, 0.0, 1.0, 0.0, 1.0, 0.0, 0.0, 1.0, 0.0, 0.0, 1.0, 0.0, 0.0, 0.0, 1.0, 0.0, 1.0, 0.0, 0.0, 1.0, 0.0, 0.0, 0.0, 1.0, 0.0, 0.0, 1.0, 0.0, 1.0, 0.0, 0.0, 0.0, 1.0, 0.0, 0.0, 1.0, 0.0, 0.0, 1.0, 0.0, 0.0, 1.0, 1.0, 0.0, 0.0, 1.0, 0.0, 0.0, 0.0, 0.0, 1.0, 0.0, 0.0, 1.0, 1.0, 0.0, 0.0, 0.0, 1.0, 0.0, 0.0, 0.0, 1.0, 0.0, 0.0, 1.0, 1.0, 0.0, 0.0, 0.0, 0.0, 1.0, 0.0, 0.0, 1.0, 0.0, 0.0, 1.0, 0.0, 1.0, 0.0, 1.0, 0.0, 0.0, 0.0, 0.0, 1.0, 0.0, 0.0, 1.0, 0.0, 1.0, 0.0, 0.0, 1.0, 0.0, 0.0, 0.0, 1.0, 0.0, 0.0, 1.0, 0.0, 1.0, 0.0, 0.0, 0.0, 1.0, 0.0, 0.0, 1.0, 0.0, 0.0, 1.0, 0.0, 0.0, 1.0, 1.0, 0.0, 0.0, 0.0, 0.0, 1.0, 0.0, 0.0, 1.0, 0.0, 0.0, 1.0, 0.0, 0.0, 1.0]]

[2024-10-14T10:34:46.364592][INFO][seed123] U cardinality: 81
[2024-10-14T10:34:46.376478][INFO][seed123] !0 = [2, 3, 5, 6, 10, 11, 15, 19, 21, 22, 24, 25, 32, 35, 36, 37, 39, 40, 46, 47, 48, 49, 52, 53, 58, 62, 63, 65, 68, 73, 74, 78]
[2024-10-14T10:34:46.377997][INFO][seed123] 0 = [0, 1, 4, 7, 8, 9, 12, 13, 14, 16, 17, 18, 20, 23, 26, 27, 28, 29, 30, 31, 33, 34, 38, 41, 42, 43, 44, 45, 50, 51, 54, 55, 56, 57, 59, 60, 61, 64, 66, 67, 69, 70, 71, 72, 75, 76, 77, 79, 80]
[2024-10-14T10:34:46.386195][INFO][seed123] Dropping state 80
[2024-10-14T10:34:46.387674][INFO][seed123] Dropping state 77
[2024-10-14T10:34:46.389342][INFO][seed123] Dropping state 75
[2024-10-14T10:34:46.395469][INFO][seed123] Dropping state 69
[2024-10-14T10:34:46.400681][INFO][seed123] Dropping state 67
[2024-10-14T10:34:46.410276][INFO][seed123] Dropping state 59
[2024-10-14T10:34:46.414900][INFO][seed123] Dropping state 56
[2024-10-14T10:34:46.417219][INFO][seed123] Dropping state 55
[2024-10-14T10:34:46.418889][INFO][seed123] Dropping state 50
[2024-10-14T10:34:46.420490][INFO][seed123] Dropping state 45
[2024-10-14T10:34:46.421695][INFO][seed123] Dropping state 44
[2024-10-14T10:34:46.425834][INFO][seed123] Dropping state 43
[2024-10-14T10:34:46.427131][INFO][seed123] Dropping state 41
[2024-10-14T10:34:46.431912][INFO][seed123] Dropping state 38
[2024-10-14T10:34:46.433823][INFO][seed123] Dropping state 34
[2024-10-14T10:34:46.435001][INFO][seed123] Dropping state 31
[2024-10-14T10:34:46.438165][INFO][seed123] Dropping state 30
[2024-10-14T10:34:46.439459][INFO][seed123] Dropping state 29
[2024-10-14T10:34:46.444842][INFO][seed123] Dropping state 28
[2024-10-14T10:34:46.447205][INFO][seed123] Dropping state 20
[2024-10-14T10:34:46.448473][INFO][seed123] Dropping state 18
[2024-10-14T10:34:46.449257][INFO][seed123] Dropping state 17
[2024-10-14T10:34:46.451292][INFO][seed123] Dropping state 16
[2024-10-14T10:34:46.452966][INFO][seed123] Dropping state 13
[2024-10-14T10:34:46.454311][INFO][seed123] Dropping state 9
[2024-10-14T10:34:46.456181][INFO][seed123] Dropping state 7
[2024-10-14T10:34:46.458677][INFO][seed123] Dropping state 1
[2024-10-14T10:34:46.460374][INFO][seed123] Dropping state 0
[2024-10-14T10:34:46.464930][INFO][seed123] U cardinality: 53
[2024-10-14T10:34:46.489529][INFO][seed123] 
[P([5]) [0.294, 0.706], P([4]) [0.467, 0.533], P([3]) [0.001, 0.227, 0.0, 0.001, 0.001, 0.0, 0.002, 0.001, 0.0, 0.0, 0.001, 0.002, 0.001, 0.001, 0.0, 0.033, 0.017, 0.0, 0.0, 0.001, 0.0, 0.001, 0.001, 0.001, 0.001, 0.001, 0.0, 0.001, 0.001, 0.001, 0.001, 0.0, 0.001, 0.468, 0.0, 0.0, 0.001, 0.0, 0.0, 0.001, 0.001, 0.0, 0.001, 0.0, 0.001, 0.0, 0.0, 0.0, 0.001, 0.001, 0.0, 0.226, 0.0], P([2, 5]) [1.0, 0.0, 0.0, 1.0], P([1, 4]) [1.0, 0.0, 0.0, 1.0], P([0, 1, 2, 3]) [1.0, 0.0, 0.0, 1.0, 0.0, 0.0, 1.0, 0.0, 0.0, 0.0, 0.0, 1.0, 1.0, 0.0, 0.0, 1.0, 0.0, 0.0, 0.0, 1.0, 0.0, 1.0, 0.0, 0.0, 1.0, 0.0, 0.0, 1.0, 0.0, 0.0, 0.0, 1.0, 0.0, 0.0, 1.0, 0.0, 1.0, 0.0, 0.0, 1.0, 0.0, 0.0, 0.0, 1.0, 0.0, 0.0, 0.0, 1.0, 1.0, 0.0, 0.0, 1.0, 0.0, 0.0, 0.0, 0.0, 1.0, 1.0, 0.0, 0.0, 1.0, 0.0, 0.0, 1.0, 0.0, 0.0, 0.0, 0.0, 1.0, 0.0, 0.0, 1.0, 1.0, 0.0, 0.0, 0.0, 1.0, 0.0, 1.0, 0.0, 0.0, 0.0, 1.0, 0.0, 1.0, 0.0, 0.0, 0.0, 1.0, 0.0, 1.0, 0.0, 0.0, 0.0, 0.0, 1.0, 1.0, 0.0, 0.0, 0.0, 1.0, 0.0, 0.0, 1.0, 0.0, 1.0, 0.0, 0.0, 1.0, 0.0, 0.0, 0.0, 1.0, 0.0, 0.0, 1.0, 0.0, 0.0, 0.0, 1.0, 1.0, 0.0, 0.0, 0.0, 1.0, 0.0, 0.0, 0.0, 1.0, 1.0, 0.0, 0.0, 1.0, 0.0, 0.0, 0.0, 0.0, 1.0, 1.0, 0.0, 0.0, 0.0, 1.0, 0.0, 1.0, 0.0, 0.0, 0.0, 0.0, 1.0, 0.0, 1.0, 0.0, 1.0, 0.0, 0.0, 1.0, 0.0, 0.0, 0.0, 0.0, 1.0, 0.0, 1.0, 0.0, 0.0, 1.0, 0.0, 1.0, 0.0, 0.0, 0.0, 0.0, 1.0, 0.0, 1.0, 0.0, 0.0, 0.0, 1.0, 1.0, 0.0, 0.0, 0.0, 0.0, 1.0, 0.0, 0.0, 1.0, 1.0, 0.0, 0.0, 1.0, 0.0, 0.0, 0.0, 0.0, 1.0, 0.0, 0.0, 1.0, 0.0, 1.0, 0.0, 1.0, 0.0, 0.0, 0.0, 0.0, 1.0, 0.0, 0.0, 1.0, 0.0, 0.0, 1.0, 0.0, 1.0, 0.0, 1.0, 0.0, 0.0, 1.0, 0.0, 0.0, 1.0, 0.0, 0.0, 0.0, 1.0, 0.0, 1.0, 0.0, 0.0, 0.0, 1.0, 0.0, 0.0, 0.0, 1.0, 0.0, 1.0, 0.0, 1.0, 0.0, 0.0, 0.0, 0.0, 1.0, 1.0, 0.0, 0.0, 0.0, 1.0, 0.0, 1.0, 0.0, 0.0, 0.0, 0.0, 1.0, 0.0, 0.0, 1.0, 0.0, 1.0, 0.0, 0.0, 1.0, 0.0, 1.0, 0.0, 0.0, 1.0, 0.0, 0.0, 0.0, 1.0, 0.0, 0.0, 1.0, 0.0, 1.0, 0.0, 0.0, 0.0, 1.0, 0.0, 0.0, 1.0, 0.0, 0.0, 1.0, 0.0, 0.0, 1.0, 0.0, 1.0, 0.0, 0.0, 0.0, 1.0, 0.0, 0.0, 1.0, 0.0, 0.0, 1.0, 0.0, 0.0, 1.0, 0.0, 0.0, 1.0, 0.0, 0.0, 1.0, 0.0, 0.0, 0.0, 1.0, 1.0, 0.0, 0.0, 0.0, 1.0, 0.0, 0.0, 0.0, 1.0, 1.0, 0.0, 0.0, 0.0, 1.0, 0.0, 0.0, 1.0, 0.0, 0.0, 0.0, 1.0, 1.0, 0.0, 0.0, 0.0, 0.0, 1.0, 0.0, 1.0, 0.0, 0.0, 0.0, 1.0, 0.0, 1.0, 0.0, 1.0, 0.0, 0.0, 0.0, 1.0, 0.0, 0.0, 0.0, 1.0, 0.0, 1.0, 0.0, 0.0, 1.0, 0.0, 0.0, 1.0, 0.0, 0.0, 0.0, 1.0, 0.0, 0.0, 1.0, 1.0, 0.0, 0.0, 0.0, 1.0, 0.0, 0.0, 0.0, 1.0, 0.0, 0.0, 1.0, 0.0, 1.0, 0.0, 0.0, 1.0, 0.0, 0.0, 0.0, 1.0, 0.0, 0.0, 1.0, 0.0, 0.0, 1.0, 0.0, 0.0, 1.0, 1.0, 0.0, 0.0, 1.0, 0.0, 0.0, 1.0, 0.0, 0.0, 0.0, 0.0, 1.0, 1.0, 0.0, 0.0, 0.0, 1.0, 0.0, 1.0, 0.0, 0.0, 0.0, 0.0, 1.0, 1.0, 0.0, 0.0, 0.0, 1.0, 0.0, 0.0, 1.0, 0.0, 0.0, 0.0, 1.0, 1.0, 0.0, 0.0, 0.0, 0.0, 1.0, 1.0, 0.0, 0.0, 0.0, 0.0, 1.0, 1.0, 0.0, 0.0, 0.0, 0.0, 1.0, 0.0, 1.0, 0.0, 0.0, 0.0, 1.0, 1.0, 0.0, 0.0, 0.0, 0.0, 1.0, 0.0, 0.0, 1.0, 0.0, 0.0, 1.0, 0.0, 1.0, 0.0, 1.0, 0.0, 0.0, 1.0, 0.0, 0.0, 0.0, 0.0, 1.0, 0.0, 1.0, 0.0, 1.0, 0.0, 0.0, 0.0, 1.0, 0.0, 0.0, 0.0, 1.0, 0.0, 1.0, 0.0, 1.0, 0.0, 0.0, 0.0, 0.0, 1.0, 0.0, 0.0, 1.0, 0.0, 1.0, 0.0, 0.0, 1.0, 0.0, 1.0, 0.0, 0.0, 0.0, 0.0, 1.0, 0.0, 1.0, 0.0, 0.0, 1.0, 0.0, 0.0, 0.0, 1.0, 0.0, 0.0, 1.0, 0.0, 1.0, 0.0, 0.0, 0.0, 1.0, 0.0, 1.0, 0.0, 0.0, 0.0, 1.0, 0.0, 1.0, 0.0, 0.0, 0.0, 1.0, 0.0, 0.0, 1.0, 0.0, 0.0, 1.0, 0.0, 0.0, 1.0, 1.0, 0.0, 0.0, 1.0, 0.0, 0.0, 0.0, 0.0, 1.0, 0.0, 0.0, 1.0, 1.0, 0.0, 0.0, 0.0, 1.0, 0.0, 0.0, 0.0, 1.0, 0.0, 0.0, 1.0, 1.0, 0.0, 0.0, 0.0, 0.0, 1.0, 0.0, 0.0, 1.0, 0.0, 0.0, 1.0, 0.0, 1.0, 0.0, 0.0, 1.0, 0.0, 0.0, 0.0, 1.0, 0.0, 0.0, 1.0, 0.0, 0.0, 1.0, 1.0, 0.0, 0.0, 0.0, 0.0, 1.0, 0.0, 0.0, 1.0, 0.0, 0.0, 1.0, 0.0, 1.0, 0.0]]

['genn.py', '2', '0.4', '0.5', '164', '3']
2 0.4 0.5 164
/mnt/beegfs/rcabanas/dev/credici/papers/zeros/code/GenerateNparents.java
[2024-10-14T10:34:46.687830][INFO][seed92] Sampled 1000 data instances
[2024-10-14T10:34:46.688570][INFO][seed92] Starting exact inference 
[2024-10-14T10:34:46.885203][INFO][seed123] Sampled 1000 data instances
[2024-10-14T10:34:46.885406][INFO][seed123] Starting exact inference 
[2024-10-14T10:34:49.461187][INFO][seed164] Set up logging
[2024-10-14T10:34:49.489190][INFO][seed164] args: -np;2;-nzr;0.4;-zdr;0.5;-o;/mnt/beegfs/rcabanas/dev/credici/papers/zeros/models/s3;-rw;-s;164;-ys;3
[2024-10-14T10:34:49.491608][INFO][seed164] Starting logger with seed 164
[2024-10-14T10:34:49.507348][INFO][seed164] simple_nparents2_nzr04_zdr05_ysize3_164
[2024-10-14T10:34:49.743391][INFO][seed164] U cardinality: 81
[2024-10-14T10:34:49.751797][INFO][seed164] !0 = [6, 7, 9, 10, 11, 12, 13, 16, 18, 19, 22, 24, 31, 37, 40, 43, 45, 47, 48, 49, 52, 55, 59, 61, 64, 65, 66, 71, 72, 75, 79, 80]
[2024-10-14T10:34:49.752724][INFO][seed164] 0 = [0, 1, 2, 3, 4, 5, 8, 14, 15, 17, 20, 21, 23, 25, 26, 27, 28, 29, 30, 32, 33, 34, 35, 36, 38, 39, 41, 42, 44, 46, 50, 51, 53, 54, 56, 57, 58, 60, 62, 63, 67, 68, 69, 70, 73, 74, 76, 77, 78]
[2024-10-14T10:34:49.760790][INFO][seed164] Dropping state 78
[2024-10-14T10:34:49.762024][INFO][seed164] Dropping state 74
[2024-10-14T10:34:49.768081][INFO][seed164] Dropping state 73
[2024-10-14T10:34:49.771176][INFO][seed164] Dropping state 69
[2024-10-14T10:34:49.776130][INFO][seed164] Dropping state 63
[2024-10-14T10:34:49.786141][INFO][seed164] Dropping state 58
[2024-10-14T10:34:49.788671][INFO][seed164] Dropping state 56
[2024-10-14T10:34:49.793044][INFO][seed164] Dropping state 54
[2024-10-14T10:34:49.794557][INFO][seed164] Dropping state 53
[2024-10-14T10:34:49.795731][INFO][seed164] Dropping state 51
[2024-10-14T10:34:49.796614][INFO][seed164] Dropping state 46
[2024-10-14T10:34:49.800328][INFO][seed164] Dropping state 44
[2024-10-14T10:34:49.801467][INFO][seed164] Dropping state 42
[2024-10-14T10:34:49.805308][INFO][seed164] Dropping state 39
[2024-10-14T10:34:49.806876][INFO][seed164] Dropping state 38
[2024-10-14T10:34:49.807468][INFO][seed164] Dropping state 36
[2024-10-14T10:34:49.810884][INFO][seed164] Dropping state 35
[2024-10-14T10:34:49.812174][INFO][seed164] Dropping state 34
[2024-10-14T10:34:49.815212][INFO][seed164] Dropping state 33
[2024-10-14T10:34:49.816815][INFO][seed164] Dropping state 32
[2024-10-14T10:34:49.818076][INFO][seed164] Dropping state 30
[2024-10-14T10:34:49.818858][INFO][seed164] Dropping state 29
[2024-10-14T10:34:49.823481][INFO][seed164] Dropping state 28
[2024-10-14T10:34:49.824988][INFO][seed164] Dropping state 27
[2024-10-14T10:34:49.826329][INFO][seed164] Dropping state 25
[2024-10-14T10:34:49.828135][INFO][seed164] Dropping state 23
[2024-10-14T10:34:49.830524][INFO][seed164] Dropping state 20
[2024-10-14T10:34:49.832233][INFO][seed164] Dropping state 17
[2024-10-14T10:34:49.832818][INFO][seed164] Dropping state 8
[2024-10-14T10:34:49.836209][INFO][seed164] Dropping state 5
[2024-10-14T10:34:49.837057][INFO][seed164] Dropping state 4
[2024-10-14T10:34:49.841228][INFO][seed164] Dropping state 2
[2024-10-14T10:34:49.842696][INFO][seed164] Dropping state 1
[2024-10-14T10:34:49.843368][INFO][seed164] Dropping state 0
[2024-10-14T10:34:49.847332][INFO][seed164] U cardinality: 47
[2024-10-14T10:34:49.869188][INFO][seed164] 
[P([5]) [0.139, 0.861], P([4]) [0.978, 0.022], P([3]) [0.0, 0.001, 0.001, 0.001, 0.001, 0.001, 0.001, 0.001, 0.0, 0.0, 0.001, 0.001, 0.001, 0.0, 0.565, 0.001, 0.0, 0.001, 0.001, 0.001, 0.0, 0.109, 0.002, 0.001, 0.001, 0.001, 0.0, 0.001, 0.001, 0.0, 0.001, 0.0, 0.001, 0.0, 0.001, 0.001, 0.001, 0.0, 0.0, 0.0, 0.001, 0.001, 0.001, 0.0, 0.0, 0.001, 0.296], P([2, 5]) [1.0, 0.0, 0.0, 1.0], P([1, 4]) [1.0, 0.0, 0.0, 1.0], P([0, 1, 2, 3]) [1.0, 0.0, 0.0, 1.0, 0.0, 0.0, 0.0, 1.0, 0.0, 1.0, 0.0, 0.0, 1.0, 0.0, 0.0, 1.0, 0.0, 0.0, 0.0, 0.0, 1.0, 1.0, 0.0, 0.0, 1.0, 0.0, 0.0, 1.0, 0.0, 0.0, 0.0, 0.0, 1.0, 0.0, 1.0, 0.0, 1.0, 0.0, 0.0, 0.0, 1.0, 0.0, 1.0, 0.0, 0.0, 1.0, 0.0, 0.0, 1.0, 0.0, 0.0, 0.0, 1.0, 0.0, 1.0, 0.0, 0.0, 0.0, 1.0, 0.0, 1.0, 0.0, 0.0, 0.0, 1.0, 0.0, 1.0, 0.0, 0.0, 0.0, 0.0, 1.0, 1.0, 0.0, 0.0, 0.0, 1.0, 0.0, 0.0, 1.0, 0.0, 1.0, 0.0, 0.0, 1.0, 0.0, 0.0, 0.0, 1.0, 0.0, 0.0, 1.0, 0.0, 0.0, 1.0, 0.0, 1.0, 0.0, 0.0, 0.0, 1.0, 0.0, 0.0, 1.0, 0.0, 0.0, 0.0, 1.0, 1.0, 0.0, 0.0, 0.0, 1.0, 0.0, 0.0, 0.0, 1.0, 1.0, 0.0, 0.0, 1.0, 0.0, 0.0, 0.0, 1.0, 0.0, 0.0, 0.0, 1.0, 0.0, 1.0, 0.0, 1.0, 0.0, 0.0, 0.0, 0.0, 1.0, 1.0, 0.0, 0.0, 1.0, 0.0, 0.0, 1.0, 0.0, 0.0, 0.0, 0.0, 1.0, 1.0, 0.0, 0.0, 0.0, 1.0, 0.0, 1.0, 0.0, 0.0, 0.0, 0.0, 1.0, 0.0, 1.0, 0.0, 1.0, 0.0, 0.0, 1.0, 0.0, 0.0, 0.0, 0.0, 1.0, 0.0, 1.0, 0.0, 0.0, 1.0, 0.0, 1.0, 0.0, 0.0, 0.0, 0.0, 1.0, 0.0, 0.0, 1.0, 1.0, 0.0, 0.0, 1.0, 0.0, 0.0, 0.0, 0.0, 1.0, 0.0, 0.0, 1.0, 0.0, 0.0, 1.0, 0.0, 1.0, 0.0, 1.0, 0.0, 0.0, 0.0, 1.0, 0.0, 0.0, 1.0, 0.0, 0.0, 1.0, 0.0, 0.0, 1.0, 0.0, 1.0, 0.0, 0.0, 0.0, 1.0, 0.0, 0.0, 1.0, 0.0, 0.0, 1.0, 0.0, 0.0, 1.0, 0.0, 0.0, 1.0, 0.0, 0.0, 1.0, 0.0, 0.0, 1.0, 0.0, 0.0, 1.0, 0.0, 0.0, 0.0, 1.0, 0.0, 1.0, 0.0, 0.0, 1.0, 0.0, 0.0, 0.0, 1.0, 0.0, 1.0, 0.0, 0.0, 1.0, 0.0, 0.0, 0.0, 1.0, 1.0, 0.0, 0.0, 1.0, 0.0, 0.0, 0.0, 1.0, 0.0, 0.0, 0.0, 1.0, 1.0, 0.0, 0.0, 0.0, 0.0, 1.0, 0.0, 1.0, 0.0, 0.0, 0.0, 1.0, 0.0, 1.0, 0.0, 1.0, 0.0, 0.0, 0.0, 1.0, 0.0, 0.0, 0.0, 1.0, 0.0, 1.0, 0.0, 0.0, 1.0, 0.0, 0.0, 1.0, 0.0, 0.0, 0.0, 1.0, 0.0, 1.0, 0.0, 0.0, 0.0, 1.0, 0.0, 1.0, 0.0, 0.0, 0.0, 1.0, 0.0, 0.0, 1.0, 0.0, 1.0, 0.0, 0.0, 0.0, 1.0, 1.0, 0.0, 0.0, 1.0, 0.0, 0.0, 0.0, 1.0, 0.0, 0.0, 0.0, 1.0, 1.0, 0.0, 0.0, 0.0, 1.0, 0.0, 1.0, 0.0, 0.0, 0.0, 0.0, 1.0, 1.0, 0.0, 0.0, 0.0, 1.0, 0.0, 0.0, 0.0, 1.0, 0.0, 0.0, 1.0, 1.0, 0.0, 0.0, 0.0, 0.0, 1.0, 1.0, 0.0, 0.0, 0.0, 0.0, 1.0, 1.0, 0.0, 0.0, 0.0, 0.0, 1.0, 0.0, 1.0, 0.0, 0.0, 0.0, 1.0, 1.0, 0.0, 0.0, 0.0, 0.0, 1.0, 0.0, 0.0, 1.0, 0.0, 0.0, 1.0, 0.0, 1.0, 0.0, 1.0, 0.0, 0.0, 0.0, 1.0, 0.0, 0.0, 0.0, 1.0, 0.0, 1.0, 0.0, 1.0, 0.0, 0.0, 0.0, 0.0, 1.0, 0.0, 0.0, 1.0, 0.0, 1.0, 0.0, 0.0, 1.0, 0.0, 1.0, 0.0, 0.0, 0.0, 0.0, 1.0, 0.0, 1.0, 0.0, 0.0, 1.0, 0.0, 0.0, 1.0, 0.0, 0.0, 0.0, 1.0, 0.0, 1.0, 0.0, 0.0, 1.0, 0.0, 0.0, 0.0, 1.0, 0.0, 0.0, 1.0, 0.0, 1.0, 0.0, 0.0, 0.0, 1.0, 0.0, 1.0, 0.0, 0.0, 0.0, 1.0, 0.0, 1.0, 0.0, 0.0, 0.0, 1.0, 0.0, 0.0, 1.0, 0.0, 0.0, 1.0, 0.0, 0.0, 1.0, 1.0, 0.0, 0.0, 1.0, 0.0, 0.0, 0.0, 0.0, 1.0, 0.0, 0.0, 1.0, 0.0, 1.0, 0.0, 1.0, 0.0, 0.0, 0.0, 0.0, 1.0, 0.0, 0.0, 1.0, 0.0, 1.0, 0.0, 0.0, 1.0, 0.0, 0.0, 0.0, 1.0, 0.0, 0.0, 1.0, 0.0, 1.0, 0.0, 0.0, 0.0, 1.0, 0.0, 0.0, 1.0, 0.0, 0.0, 1.0, 0.0, 0.0, 1.0, 0.0, 1.0, 0.0, 0.0, 0.0, 1.0, 0.0, 0.0, 1.0, 0.0, 0.0, 1.0, 0.0, 0.0, 1.0]]

[2024-10-14T10:34:50.160915][INFO][seed164] Sampled 1000 data instances
[2024-10-14T10:34:50.161387][INFO][seed164] Starting exact inference 
[2024-10-14T10:34:51.629587][INFO][seed164] PS(V1,V0) in [0.0, 0.13209981017037167]
[2024-10-14T10:34:51.678974][INFO][seed164] PS(V2,V0) in [0.2540120096920322, 0.9239561751589]
[2024-10-14T10:34:51.712754][INFO][seed164] PN(V1,V0) in [0.0, 0.026704574300654923] 
[2024-10-14T10:34:51.750249][INFO][seed164] PN(V2,V0) in [0.24656092147508385, 0.896853208735974] 
[2024-10-14T10:34:51.798367][INFO][seed164] Saved data to: /mnt/beegfs/rcabanas/dev/credici/papers/zeros/models/s3/simple_nparents2_nzr04_zdr05_ysize3_164.csv
[2024-10-14T10:34:51.826582][INFO][seed164] Saved model to: /mnt/beegfs/rcabanas/dev/credici/papers/zeros/models/s3/simple_nparents2_nzr04_zdr05_ysize3_164.uai
[2024-10-14T10:34:51.833402][INFO][seed164] Saved queries to: /mnt/beegfs/rcabanas/dev/credici/papers/zeros/models/s3/simple_nparents2_nzr04_zdr05_ysize3_164_query.csv
[2024-10-14T10:34:51.833624][INFO][seed164] Closing log file
[2024-10-14T10:34:51.833712][INFO][seed164] Closed log file
['genn.py', '2', '0.4', '0.5', '149', '3']
2 0.4 0.5 149
/mnt/beegfs/rcabanas/dev/credici/papers/zeros/code/GenerateNparents.java
[2024-10-14T10:34:52.569708][INFO][seed31] PN(V1,V0) in [0.0, 0.5429732038191275] 
[2024-10-14T10:34:53.366734][INFO][seed92] PS(V1,V0) in [0.0, 0.0]
[2024-10-14T10:34:54.955308][INFO][seed149] Set up logging
[2024-10-14T10:34:54.985499][INFO][seed149] args: -np;2;-nzr;0.4;-zdr;0.5;-o;/mnt/beegfs/rcabanas/dev/credici/papers/zeros/models/s3;-rw;-s;149;-ys;3
[2024-10-14T10:34:54.987797][INFO][seed149] Starting logger with seed 149
[2024-10-14T10:34:55.010076][INFO][seed149] simple_nparents2_nzr04_zdr05_ysize3_149
[2024-10-14T10:34:55.327224][INFO][seed149] U cardinality: 81
[2024-10-14T10:34:55.335084][INFO][seed149] !0 = [2, 7, 14, 15, 18, 20, 23, 24, 25, 27, 30, 34, 35, 40, 41, 42, 43, 44, 49, 53, 54, 60, 61, 62, 63, 64, 66, 68, 70, 74, 75, 76]
[2024-10-14T10:34:55.335816][INFO][seed149] 0 = [0, 1, 3, 4, 5, 6, 8, 9, 10, 11, 12, 13, 16, 17, 19, 21, 22, 26, 28, 29, 31, 32, 33, 36, 37, 38, 39, 45, 46, 47, 48, 50, 51, 52, 55, 56, 57, 58, 59, 65, 67, 69, 71, 72, 73, 77, 78, 79, 80]
[2024-10-14T10:34:55.353079][INFO][seed149] Dropping state 72
[2024-10-14T10:34:55.354802][INFO][seed149] Dropping state 65
[2024-10-14T10:34:55.356822][INFO][seed149] Dropping state 58
[2024-10-14T10:34:55.359619][INFO][seed149] Dropping state 57
[2024-10-14T10:34:55.363437][INFO][seed149] Dropping state 56
[2024-10-14T10:34:55.364400][INFO][seed149] Dropping state 52
[2024-10-14T10:34:55.365266][INFO][seed149] Dropping state 47
[2024-10-14T10:34:55.375698][INFO][seed149] Dropping state 39
[2024-10-14T10:34:55.377266][INFO][seed149] Dropping state 36
[2024-10-14T10:34:55.378569][INFO][seed149] Dropping state 29
[2024-10-14T10:34:55.379564][INFO][seed149] Dropping state 22
[2024-10-14T10:34:55.381198][INFO][seed149] Dropping state 21
[2024-10-14T10:34:55.382314][INFO][seed149] Dropping state 19
[2024-10-14T10:34:55.384295][INFO][seed149] Dropping state 16
[2024-10-14T10:34:55.385731][INFO][seed149] Dropping state 12
[2024-10-14T10:34:55.386574][INFO][seed149] Dropping state 10
[2024-10-14T10:34:55.388954][INFO][seed149] Dropping state 6
[2024-10-14T10:34:55.390062][INFO][seed149] Dropping state 3
[2024-10-14T10:34:55.392584][INFO][seed149] Dropping state 0
[2024-10-14T10:34:55.400523][INFO][seed149] U cardinality: 62
[2024-10-14T10:34:55.421830][INFO][seed149] 
[P([5]) [0.813, 0.187], P([4]) [0.905, 0.095], P([3]) [0.0, 0.001, 0.0, 0.0, 0.001, 0.0, 0.0, 0.0, 0.0, 0.001, 0.001, 0.0, 0.001, 0.001, 0.001, 0.001, 0.001, 0.0, 0.001, 0.0, 0.001, 0.0, 0.0, 0.0, 0.001, 0.001, 0.0, 0.0, 0.001, 0.001, 0.001, 0.001, 0.123, 0.0, 0.0, 0.0, 0.003, 0.0, 0.0, 0.001, 0.001, 0.0, 0.0, 0.001, 0.001, 0.001, 0.001, 0.001, 0.001, 0.0, 0.001, 0.0, 0.001, 0.0, 0.0, 0.001, 0.001, 0.845, 0.0, 0.0, 0.0, 0.0], P([2, 5]) [1.0, 0.0, 0.0, 1.0], P([1, 4]) [1.0, 0.0, 0.0, 1.0], P([0, 1, 2, 3]) [1.0, 0.0, 0.0, 1.0, 0.0, 0.0, 1.0, 0.0, 0.0, 0.0, 1.0, 0.0, 1.0, 0.0, 0.0, 1.0, 0.0, 0.0, 1.0, 0.0, 0.0, 0.0, 0.0, 1.0, 1.0, 0.0, 0.0, 1.0, 0.0, 0.0, 0.0, 1.0, 0.0, 0.0, 1.0, 0.0, 1.0, 0.0, 0.0, 1.0, 0.0, 0.0, 0.0, 1.0, 0.0, 0.0, 0.0, 1.0, 1.0, 0.0, 0.0, 1.0, 0.0, 0.0, 0.0, 0.0, 1.0, 0.0, 1.0, 0.0, 1.0, 0.0, 0.0, 1.0, 0.0, 0.0, 0.0, 0.0, 1.0, 0.0, 0.0, 1.0, 1.0, 0.0, 0.0, 0.0, 1.0, 0.0, 1.0, 0.0, 0.0, 1.0, 0.0, 0.0, 1.0, 0.0, 0.0, 0.0, 1.0, 0.0, 1.0, 0.0, 0.0, 0.0, 0.0, 1.0, 1.0, 0.0, 0.0, 0.0, 1.0, 0.0, 0.0, 1.0, 0.0, 0.0, 1.0, 0.0, 1.0, 0.0, 0.0, 0.0, 1.0, 0.0, 0.0, 1.0, 0.0, 0.0, 0.0, 1.0, 1.0, 0.0, 0.0, 0.0, 1.0, 0.0, 0.0, 0.0, 1.0, 1.0, 0.0, 0.0, 1.0, 0.0, 0.0, 0.0, 1.0, 0.0, 0.0, 0.0, 1.0, 0.0, 0.0, 1.0, 1.0, 0.0, 0.0, 0.0, 0.0, 1.0, 1.0, 0.0, 0.0, 1.0, 0.0, 0.0, 1.0, 0.0, 0.0, 0.0, 0.0, 1.0, 1.0, 0.0, 0.0, 0.0, 0.0, 1.0, 1.0, 0.0, 0.0, 0.0, 0.0, 1.0, 0.0, 1.0, 0.0, 0.0, 0.0, 1.0, 1.0, 0.0, 0.0, 0.0, 0.0, 1.0, 0.0, 0.0, 1.0, 1.0, 0.0, 0.0, 1.0, 0.0, 0.0, 0.0, 0.0, 1.0, 0.0, 0.0, 1.0, 0.0, 1.0, 0.0, 1.0, 0.0, 0.0, 0.0, 0.0, 1.0, 0.0, 0.0, 1.0, 0.0, 0.0, 1.0, 0.0, 1.0, 0.0, 1.0, 0.0, 0.0, 1.0, 0.0, 0.0, 1.0, 0.0, 0.0, 0.0, 1.0, 0.0, 1.0, 0.0, 0.0, 1.0, 0.0, 0.0, 0.0, 1.0, 0.0, 0.0, 1.0, 0.0, 1.0, 0.0, 0.0, 0.0, 1.0, 0.0, 1.0, 0.0, 0.0, 0.0, 1.0, 0.0, 1.0, 0.0, 0.0, 0.0, 1.0, 0.0, 0.0, 1.0, 0.0, 0.0, 1.0, 0.0, 1.0, 0.0, 0.0, 0.0, 1.0, 0.0, 0.0, 0.0, 1.0, 0.0, 1.0, 0.0, 1.0, 0.0, 0.0, 0.0, 0.0, 1.0, 1.0, 0.0, 0.0, 0.0, 1.0, 0.0, 1.0, 0.0, 0.0, 0.0, 0.0, 1.0, 0.0, 1.0, 0.0, 0.0, 1.0, 0.0, 1.0, 0.0, 0.0, 0.0, 0.0, 1.0, 0.0, 0.0, 1.0, 0.0, 1.0, 0.0, 0.0, 1.0, 0.0, 1.0, 0.0, 0.0, 0.0, 1.0, 0.0, 0.0, 1.0, 0.0, 0.0, 1.0, 0.0, 1.0, 0.0, 0.0, 0.0, 0.0, 1.0, 0.0, 1.0, 0.0, 0.0, 1.0, 0.0, 0.0, 1.0, 0.0, 0.0, 1.0, 0.0, 0.0, 1.0, 0.0, 0.0, 1.0, 0.0, 0.0, 1.0, 0.0, 0.0, 0.0, 1.0, 0.0, 1.0, 0.0, 0.0, 1.0, 0.0, 0.0, 0.0, 1.0, 1.0, 0.0, 0.0, 0.0, 1.0, 0.0, 0.0, 1.0, 0.0, 0.0, 0.0, 1.0, 0.0, 1.0, 0.0, 0.0, 1.0, 0.0, 0.0, 1.0, 0.0, 0.0, 0.0, 1.0, 0.0, 0.0, 1.0, 0.0, 1.0, 0.0, 0.0, 0.0, 1.0, 1.0, 0.0, 0.0, 1.0, 0.0, 0.0, 0.0, 1.0, 0.0, 0.0, 0.0, 1.0, 1.0, 0.0, 0.0, 0.0, 1.0, 0.0, 0.0, 1.0, 0.0, 0.0, 0.0, 1.0, 0.0, 1.0, 0.0, 1.0, 0.0, 0.0, 0.0, 1.0, 0.0, 0.0, 0.0, 1.0, 0.0, 1.0, 0.0, 0.0, 1.0, 0.0, 0.0, 1.0, 0.0, 0.0, 0.0, 1.0, 0.0, 1.0, 0.0, 0.0, 0.0, 1.0, 0.0, 1.0, 0.0, 0.0, 0.0, 1.0, 0.0, 0.0, 1.0, 1.0, 0.0, 0.0, 0.0, 1.0, 0.0, 0.0, 0.0, 1.0, 0.0, 0.0, 1.0, 0.0, 0.0, 1.0, 0.0, 0.0, 1.0, 1.0, 0.0, 0.0, 1.0, 0.0, 0.0, 1.0, 0.0, 0.0, 0.0, 0.0, 1.0, 1.0, 0.0, 0.0, 1.0, 0.0, 0.0, 0.0, 1.0, 0.0, 0.0, 0.0, 1.0, 1.0, 0.0, 0.0, 0.0, 1.0, 0.0, 0.0, 0.0, 1.0, 0.0, 0.0, 1.0, 1.0, 0.0, 0.0, 0.0, 0.0, 1.0, 1.0, 0.0, 0.0, 0.0, 0.0, 1.0, 1.0, 0.0, 0.0, 0.0, 0.0, 1.0, 0.0, 1.0, 0.0, 0.0, 0.0, 1.0, 1.0, 0.0, 0.0, 0.0, 0.0, 1.0, 0.0, 0.0, 1.0, 0.0, 0.0, 1.0, 0.0, 1.0, 0.0, 1.0, 0.0, 0.0, 1.0, 0.0, 0.0, 0.0, 0.0, 1.0, 0.0, 1.0, 0.0, 1.0, 0.0, 0.0, 0.0, 1.0, 0.0, 0.0, 0.0, 1.0, 0.0, 1.0, 0.0, 0.0, 1.0, 0.0, 1.0, 0.0, 0.0, 0.0, 0.0, 1.0, 0.0, 1.0, 0.0, 0.0, 1.0, 0.0, 0.0, 1.0, 0.0, 0.0, 0.0, 1.0, 0.0, 1.0, 0.0, 0.0, 1.0, 0.0, 0.0, 0.0, 1.0, 0.0, 0.0, 1.0, 0.0, 1.0, 0.0, 0.0, 0.0, 1.0, 1.0, 0.0, 0.0, 0.0, 0.0, 1.0, 0.0, 1.0, 0.0, 0.0, 0.0, 1.0, 0.0, 1.0, 0.0, 0.0, 0.0, 1.0, 0.0, 1.0, 0.0, 0.0, 0.0, 1.0, 0.0, 0.0, 1.0, 0.0, 0.0, 1.0, 0.0, 0.0, 1.0, 1.0, 0.0, 0.0, 0.0, 1.0, 0.0, 0.0, 0.0, 1.0, 0.0, 0.0, 1.0, 1.0, 0.0, 0.0, 0.0, 0.0, 1.0, 0.0, 0.0, 1.0, 0.0, 0.0, 1.0, 0.0, 1.0, 0.0, 1.0, 0.0, 0.0, 0.0, 0.0, 1.0, 0.0, 0.0, 1.0, 0.0, 1.0, 0.0, 0.0, 1.0, 0.0, 0.0, 0.0, 1.0, 0.0, 0.0, 1.0, 0.0, 1.0, 0.0, 0.0, 0.0, 1.0, 0.0, 0.0, 1.0, 0.0, 0.0, 1.0, 0.0, 0.0, 1.0, 1.0, 0.0, 0.0, 0.0, 0.0, 1.0, 0.0, 0.0, 1.0, 0.0, 0.0, 1.0, 0.0, 1.0, 0.0, 0.0, 0.0, 1.0, 0.0, 0.0, 1.0, 0.0, 0.0, 1.0, 0.0, 0.0, 1.0]]

[2024-10-14T10:34:55.624054][INFO][seed92] PS(V2,V0) in [0.0, 0.0]
[2024-10-14T10:34:55.790900][INFO][seed149] Sampled 1000 data instances
[2024-10-14T10:34:55.791325][INFO][seed149] Starting exact inference 
[2024-10-14T10:34:56.992416][INFO][seed20] No feasible solution... resampling
[2024-10-14T10:34:57.292869][INFO][seed92] No feasible solution... resampling
[2024-10-14T10:34:57.321294][INFO][seed20] Sampled 1100 data instances
[2024-10-14T10:34:57.339526][INFO][seed20] Starting exact inference 
[2024-10-14T10:34:57.614635][INFO][seed92] Sampled 1100 data instances
[2024-10-14T10:34:57.615437][INFO][seed92] Starting exact inference 
[2024-10-14T10:34:58.975413][INFO][seed13] PS(V1,V0) in [0.0, 1.0]
[2024-10-14T10:34:59.163154][INFO][seed31] PN(V2,V0) in [0.0, 0.2561586743861554] 
[2024-10-14T10:34:59.214391][INFO][seed31] Saved data to: /mnt/beegfs/rcabanas/dev/credici/papers/zeros/models/s3/simple_nparents2_nzr04_zdr05_ysize3_31.csv
[2024-10-14T10:34:59.258841][INFO][seed31] Saved model to: /mnt/beegfs/rcabanas/dev/credici/papers/zeros/models/s3/simple_nparents2_nzr04_zdr05_ysize3_31.uai
[2024-10-14T10:34:59.275154][INFO][seed31] Saved queries to: /mnt/beegfs/rcabanas/dev/credici/papers/zeros/models/s3/simple_nparents2_nzr04_zdr05_ysize3_31_query.csv
[2024-10-14T10:34:59.275964][INFO][seed31] Closing log file
[2024-10-14T10:34:59.276085][INFO][seed31] Closed log file
['genn.py', '2', '0.4', '0.5', '129', '3']
2 0.4 0.5 129
/mnt/beegfs/rcabanas/dev/credici/papers/zeros/code/GenerateNparents.java
[2024-10-14T10:35:03.952938][INFO][seed129] Set up logging
[2024-10-14T10:35:03.996069][INFO][seed129] args: -np;2;-nzr;0.4;-zdr;0.5;-o;/mnt/beegfs/rcabanas/dev/credici/papers/zeros/models/s3;-rw;-s;129;-ys;3
[2024-10-14T10:35:03.999662][INFO][seed129] Starting logger with seed 129
[2024-10-14T10:35:04.027135][INFO][seed129] simple_nparents2_nzr04_zdr05_ysize3_129
[2024-10-14T10:35:04.435104][INFO][seed129] U cardinality: 81
[2024-10-14T10:35:04.448090][INFO][seed129] !0 = [0, 3, 5, 9, 11, 12, 19, 22, 25, 26, 27, 29, 34, 36, 38, 40, 41, 44, 46, 47, 48, 49, 51, 57, 58, 60, 63, 66, 68, 74, 77, 80]
[2024-10-14T10:35:04.449864][INFO][seed129] 0 = [1, 2, 4, 6, 7, 8, 10, 13, 14, 15, 16, 17, 18, 20, 21, 23, 24, 28, 30, 31, 32, 33, 35, 37, 39, 42, 43, 45, 50, 52, 53, 54, 55, 56, 59, 61, 62, 64, 65, 67, 69, 70, 71, 72, 73, 75, 76, 78, 79]
[2024-10-14T10:35:04.462993][INFO][seed129] Dropping state 78
[2024-10-14T10:35:04.465827][INFO][seed129] Dropping state 75
[2024-10-14T10:35:04.468726][INFO][seed129] Dropping state 73
[2024-10-14T10:35:04.475555][INFO][seed129] Dropping state 72
[2024-10-14T10:35:04.486894][INFO][seed129] Dropping state 70
[2024-10-14T10:35:04.499281][INFO][seed129] Dropping state 65
[2024-10-14T10:35:04.505881][INFO][seed129] Dropping state 55
[2024-10-14T10:35:04.509342][INFO][seed129] Dropping state 52
[2024-10-14T10:35:04.517046][INFO][seed129] Dropping state 42
[2024-10-14T10:35:04.519129][INFO][seed129] Dropping state 37
[2024-10-14T10:35:04.520125][INFO][seed129] Dropping state 35
[2024-10-14T10:35:04.523050][INFO][seed129] Dropping state 32
[2024-10-14T10:35:04.526589][INFO][seed129] Dropping state 31
[2024-10-14T10:35:04.530696][INFO][seed129] Dropping state 28
[2024-10-14T10:35:04.536212][INFO][seed129] Dropping state 23
[2024-10-14T10:35:04.537530][INFO][seed129] Dropping state 21
[2024-10-14T10:35:04.541618][INFO][seed129] Dropping state 18
[2024-10-14T10:35:04.543786][INFO][seed129] Dropping state 15
[2024-10-14T10:35:04.553955][INFO][seed129] Dropping state 13
[2024-10-14T10:35:04.557288][INFO][seed129] Dropping state 10
[2024-10-14T10:35:04.559329][INFO][seed129] Dropping state 6
[2024-10-14T10:35:04.560337][INFO][seed129] Dropping state 4
[2024-10-14T10:35:04.566262][INFO][seed129] U cardinality: 59
[2024-10-14T10:35:04.586034][INFO][seed129] 
[P([5]) [0.677, 0.323], P([4]) [0.707, 0.293], P([3]) [0.001, 0.0, 0.0, 0.001, 0.001, 0.0, 0.0, 0.001, 0.001, 0.001, 0.0, 0.0, 0.0, 0.001, 0.0, 0.001, 0.0, 0.001, 0.001, 0.001, 0.001, 0.0, 0.0, 0.001, 0.001, 0.001, 0.0, 0.001, 0.001, 0.0, 0.003, 0.0, 0.001, 0.001, 0.001, 0.202, 0.0, 0.001, 0.0, 0.0, 0.0, 0.01, 0.001, 0.0, 0.001, 0.0, 0.0, 0.001, 0.0, 0.001, 0.0, 0.001, 0.0, 0.0, 0.02, 0.0, 0.001, 0.0, 0.738], P([2, 5]) [1.0, 0.0, 0.0, 1.0], P([1, 4]) [1.0, 0.0, 0.0, 1.0], P([0, 1, 2, 3]) [1.0, 0.0, 0.0, 1.0, 0.0, 0.0, 1.0, 0.0, 0.0, 1.0, 0.0, 0.0, 1.0, 0.0, 0.0, 1.0, 0.0, 0.0, 1.0, 0.0, 0.0, 0.0, 1.0, 0.0, 1.0, 0.0, 0.0, 1.0, 0.0, 0.0, 1.0, 0.0, 0.0, 0.0, 0.0, 1.0, 1.0, 0.0, 0.0, 1.0, 0.0, 0.0, 0.0, 1.0, 0.0, 1.0, 0.0, 0.0, 1.0, 0.0, 0.0, 1.0, 0.0, 0.0, 0.0, 1.0, 0.0, 0.0, 0.0, 1.0, 1.0, 0.0, 0.0, 1.0, 0.0, 0.0, 0.0, 0.0, 1.0, 0.0, 1.0, 0.0, 1.0, 0.0, 0.0, 1.0, 0.0, 0.0, 0.0, 0.0, 1.0, 0.0, 0.0, 1.0, 1.0, 0.0, 0.0, 0.0, 1.0, 0.0, 1.0, 0.0, 0.0, 1.0, 0.0, 0.0, 1.0, 0.0, 0.0, 0.0, 1.0, 0.0, 1.0, 0.0, 0.0, 0.0, 0.0, 1.0, 1.0, 0.0, 0.0, 0.0, 1.0, 0.0, 0.0, 1.0, 0.0, 1.0, 0.0, 0.0, 1.0, 0.0, 0.0, 0.0, 1.0, 0.0, 0.0, 1.0, 0.0, 0.0, 0.0, 1.0, 1.0, 0.0, 0.0, 0.0, 1.0, 0.0, 0.0, 0.0, 1.0, 0.0, 1.0, 0.0, 1.0, 0.0, 0.0, 0.0, 1.0, 0.0, 0.0, 0.0, 1.0, 0.0, 0.0, 1.0, 1.0, 0.0, 0.0, 0.0, 0.0, 1.0, 1.0, 0.0, 0.0, 0.0, 1.0, 0.0, 1.0, 0.0, 0.0, 0.0, 0.0, 1.0, 1.0, 0.0, 0.0, 0.0, 0.0, 1.0, 1.0, 0.0, 0.0, 0.0, 0.0, 1.0, 0.0, 1.0, 0.0, 0.0, 1.0, 0.0, 1.0, 0.0, 0.0, 0.0, 0.0, 1.0, 0.0, 0.0, 1.0, 1.0, 0.0, 0.0, 1.0, 0.0, 0.0, 0.0, 0.0, 1.0, 0.0, 0.0, 1.0, 0.0, 1.0, 0.0, 1.0, 0.0, 0.0, 0.0, 0.0, 1.0, 0.0, 0.0, 1.0, 0.0, 0.0, 1.0, 0.0, 1.0, 0.0, 1.0, 0.0, 0.0, 1.0, 0.0, 0.0, 1.0, 0.0, 0.0, 0.0, 1.0, 0.0, 1.0, 0.0, 0.0, 1.0, 0.0, 0.0, 0.0, 0.0, 1.0, 0.0, 1.0, 0.0, 1.0, 0.0, 0.0, 0.0, 1.0, 0.0, 1.0, 0.0, 0.0, 0.0, 1.0, 0.0, 1.0, 0.0, 0.0, 0.0, 0.0, 1.0, 1.0, 0.0, 0.0, 0.0, 1.0, 0.0, 1.0, 0.0, 0.0, 0.0, 0.0, 1.0, 0.0, 1.0, 0.0, 0.0, 1.0, 0.0, 0.0, 1.0, 0.0, 1.0, 0.0, 0.0, 1.0, 0.0, 0.0, 0.0, 1.0, 0.0, 0.0, 1.0, 0.0, 1.0, 0.0, 0.0, 0.0, 0.0, 1.0, 0.0, 1.0, 0.0, 0.0, 1.0, 0.0, 0.0, 1.0, 0.0, 1.0, 0.0, 0.0, 0.0, 1.0, 0.0, 0.0, 1.0, 0.0, 0.0, 1.0, 0.0, 0.0, 1.0, 0.0, 0.0, 1.0, 0.0, 0.0, 1.0, 0.0, 0.0, 1.0, 0.0, 0.0, 0.0, 1.0, 0.0, 1.0, 0.0, 0.0, 1.0, 0.0, 0.0, 0.0, 1.0, 0.0, 1.0, 0.0, 0.0, 1.0, 0.0, 0.0, 1.0, 0.0, 0.0, 0.0, 1.0, 0.0, 0.0, 1.0, 0.0, 1.0, 0.0, 0.0, 0.0, 1.0, 1.0, 0.0, 0.0, 1.0, 0.0, 0.0, 0.0, 1.0, 0.0, 0.0, 0.0, 1.0, 1.0, 0.0, 0.0, 0.0, 1.0, 0.0, 0.0, 1.0, 0.0, 0.0, 0.0, 1.0, 1.0, 0.0, 0.0, 0.0, 0.0, 1.0, 0.0, 1.0, 0.0, 0.0, 0.0, 1.0, 0.0, 1.0, 0.0, 1.0, 0.0, 0.0, 0.0, 1.0, 0.0, 0.0, 0.0, 1.0, 0.0, 1.0, 0.0, 0.0, 1.0, 0.0, 0.0, 1.0, 0.0, 0.0, 0.0, 1.0, 0.0, 1.0, 0.0, 0.0, 0.0, 1.0, 0.0, 1.0, 0.0, 0.0, 0.0, 1.0, 0.0, 0.0, 1.0, 1.0, 0.0, 0.0, 0.0, 1.0, 0.0, 0.0, 0.0, 1.0, 0.0, 0.0, 1.0, 0.0, 0.0, 1.0, 0.0, 0.0, 1.0, 1.0, 0.0, 0.0, 1.0, 0.0, 0.0, 1.0, 0.0, 0.0, 0.0, 0.0, 1.0, 1.0, 0.0, 0.0, 1.0, 0.0, 0.0, 0.0, 0.0, 1.0, 0.0, 0.0, 1.0, 1.0, 0.0, 0.0, 0.0, 1.0, 0.0, 1.0, 0.0, 0.0, 0.0, 0.0, 1.0, 1.0, 0.0, 0.0, 0.0, 1.0, 0.0, 0.0, 1.0, 0.0, 0.0, 0.0, 1.0, 1.0, 0.0, 0.0, 0.0, 1.0, 0.0, 0.0, 0.0, 1.0, 0.0, 0.0, 1.0, 1.0, 0.0, 0.0, 0.0, 0.0, 1.0, 1.0, 0.0, 0.0, 0.0, 0.0, 1.0, 1.0, 0.0, 0.0, 0.0, 0.0, 1.0, 0.0, 1.0, 0.0, 0.0, 0.0, 1.0, 1.0, 0.0, 0.0, 0.0, 0.0, 1.0, 0.0, 0.0, 1.0, 0.0, 0.0, 1.0, 0.0, 1.0, 0.0, 1.0, 0.0, 0.0, 1.0, 0.0, 0.0, 0.0, 0.0, 1.0, 0.0, 1.0, 0.0, 1.0, 0.0, 0.0, 0.0, 1.0, 0.0, 0.0, 0.0, 1.0, 0.0, 1.0, 0.0, 0.0, 1.0, 0.0, 1.0, 0.0, 0.0, 0.0, 0.0, 1.0, 0.0, 1.0, 0.0, 0.0, 1.0, 0.0, 0.0, 1.0, 0.0, 0.0, 0.0, 1.0, 0.0, 1.0, 0.0, 0.0, 1.0, 0.0, 0.0, 0.0, 1.0, 0.0, 0.0, 1.0, 0.0, 1.0, 0.0, 0.0, 0.0, 1.0, 1.0, 0.0, 0.0, 0.0, 0.0, 1.0, 0.0, 1.0, 0.0, 0.0, 0.0, 1.0, 0.0, 0.0, 1.0, 0.0, 0.0, 1.0, 0.0, 0.0, 1.0, 1.0, 0.0, 0.0, 0.0, 0.0, 1.0, 0.0, 0.0, 1.0, 0.0, 0.0, 1.0, 0.0, 1.0, 0.0, 0.0, 1.0, 0.0, 0.0, 0.0, 1.0, 0.0, 0.0, 1.0, 0.0, 1.0, 0.0, 0.0, 0.0, 1.0, 0.0, 0.0, 1.0, 0.0, 0.0, 1.0, 0.0, 0.0, 1.0, 0.0, 1.0, 0.0, 0.0, 0.0, 1.0, 0.0, 0.0, 1.0, 0.0, 0.0, 1.0, 0.0, 0.0, 1.0]]

[2024-10-14T10:35:05.083564][INFO][seed129] Sampled 1000 data instances
[2024-10-14T10:35:05.084224][INFO][seed129] Starting exact inference 
[2024-10-14T10:35:08.820238][INFO][seed43] PS(V1,V0) in [0.0, 0.4235886743392951]
[2024-10-14T10:35:12.174780][INFO][seed45] PS(V1,V0) in [0.0, 0.5002337819112309]
[2024-10-14T10:35:18.411786][INFO][seed20] PS(V1,V0) in [0.0, 1.0]
[2024-10-14T10:35:20.521903][INFO][seed61] PS(V1,V0) in [0.0, 1.0]
[2024-10-14T10:35:20.945624][INFO][seed13] No feasible solution... resampling
[2024-10-14T10:35:21.232916][INFO][seed13] Sampled 1100 data instances
[2024-10-14T10:35:21.245811][INFO][seed13] Starting exact inference 
Error in variable: 3
[2024-10-14T10:35:21.387668][INFO][seed13] No feasible solution... resampling
[2024-10-14T10:35:21.620859][INFO][seed13] Sampled 1200 data instances
[2024-10-14T10:35:21.621551][INFO][seed13] Starting exact inference 
[2024-10-14T10:35:21.972504][INFO][seed13] PS(V1,V0) in [0.0, 0.0]
[2024-10-14T10:35:21.977828][INFO][seed13] PS(V2,V0) in [0.0, 0.0]
[2024-10-14T10:35:21.989649][INFO][seed13] PN(V1,V0) in [0.0, 0.0] 
[2024-10-14T10:35:22.008936][INFO][seed13] PN(V2,V0) in [0.0, 0.0] 
[2024-10-14T10:35:22.058040][INFO][seed13] Saved data to: /mnt/beegfs/rcabanas/dev/credici/papers/zeros/models/s3/simple_nparents2_nzr04_zdr05_ysize3_13.csv
[2024-10-14T10:35:22.085241][INFO][seed13] Saved model to: /mnt/beegfs/rcabanas/dev/credici/papers/zeros/models/s3/simple_nparents2_nzr04_zdr05_ysize3_13.uai
[2024-10-14T10:35:22.091242][INFO][seed13] Saved queries to: /mnt/beegfs/rcabanas/dev/credici/papers/zeros/models/s3/simple_nparents2_nzr04_zdr05_ysize3_13_query.csv
[2024-10-14T10:35:22.091313][INFO][seed13] Closing log file
[2024-10-14T10:35:22.091337][INFO][seed13] Closed log file
['genn.py', '2', '0.4', '0.5', '158', '3']
2 0.4 0.5 158
/mnt/beegfs/rcabanas/dev/credici/papers/zeros/code/GenerateNparents.java
[2024-10-14T10:35:25.363524][INFO][seed158] Set up logging
[2024-10-14T10:35:25.376236][INFO][seed158] args: -np;2;-nzr;0.4;-zdr;0.5;-o;/mnt/beegfs/rcabanas/dev/credici/papers/zeros/models/s3;-rw;-s;158;-ys;3
[2024-10-14T10:35:25.388333][INFO][seed158] Starting logger with seed 158
[2024-10-14T10:35:25.401695][INFO][seed158] simple_nparents2_nzr04_zdr05_ysize3_158
[2024-10-14T10:35:25.735613][INFO][seed158] U cardinality: 81
[2024-10-14T10:35:25.746391][INFO][seed158] !0 = [0, 1, 3, 7, 8, 10, 11, 12, 19, 20, 22, 23, 25, 26, 27, 29, 32, 43, 44, 50, 51, 54, 55, 58, 61, 62, 63, 64, 65, 69, 70, 71]
[2024-10-14T10:35:25.747160][INFO][seed158] 0 = [2, 4, 5, 6, 9, 13, 14, 15, 16, 17, 18, 21, 24, 28, 30, 31, 33, 34, 35, 36, 37, 38, 39, 40, 41, 42, 45, 46, 47, 48, 49, 52, 53, 56, 57, 59, 60, 66, 67, 68, 72, 73, 74, 75, 76, 77, 78, 79, 80]
[2024-10-14T10:35:25.755576][INFO][seed158] Dropping state 80
[2024-10-14T10:35:25.756771][INFO][seed158] Dropping state 77
[2024-10-14T10:35:25.758446][INFO][seed158] Dropping state 74
[2024-10-14T10:35:25.761575][INFO][seed158] Dropping state 73
[2024-10-14T10:35:25.766518][INFO][seed158] Dropping state 72
[2024-10-14T10:35:25.777880][INFO][seed158] Dropping state 68
[2024-10-14T10:35:25.781003][INFO][seed158] Dropping state 67
[2024-10-14T10:35:25.783400][INFO][seed158] Dropping state 59
[2024-10-14T10:35:25.786810][INFO][seed158] Dropping state 56
[2024-10-14T10:35:25.788046][INFO][seed158] Dropping state 52
[2024-10-14T10:35:25.788982][INFO][seed158] Dropping state 47
[2024-10-14T10:35:25.791937][INFO][seed158] Dropping state 46
[2024-10-14T10:35:25.793852][INFO][seed158] Dropping state 42
[2024-10-14T10:35:25.796400][INFO][seed158] Dropping state 40
[2024-10-14T10:35:25.798097][INFO][seed158] Dropping state 39
[2024-10-14T10:35:25.799213][INFO][seed158] Dropping state 38
[2024-10-14T10:35:25.802325][INFO][seed158] Dropping state 37
[2024-10-14T10:35:25.804499][INFO][seed158] Dropping state 30
[2024-10-14T10:35:25.809973][INFO][seed158] Dropping state 28
[2024-10-14T10:35:25.811726][INFO][seed158] Dropping state 24
[2024-10-14T10:35:25.812987][INFO][seed158] Dropping state 21
[2024-10-14T10:35:25.813785][INFO][seed158] Dropping state 18
[2024-10-14T10:35:25.815871][INFO][seed158] Dropping state 17
[2024-10-14T10:35:25.817417][INFO][seed158] Dropping state 16
[2024-10-14T10:35:25.818773][INFO][seed158] Dropping state 13
[2024-10-14T10:35:25.822871][INFO][seed158] Dropping state 2
[2024-10-14T10:35:25.827439][INFO][seed158] U cardinality: 55
[2024-10-14T10:35:25.847408][INFO][seed158] 
[P([5]) [0.825, 0.175], P([4]) [0.896, 0.104], P([3]) [0.001, 0.001, 0.002, 0.0, 0.0, 0.0, 0.001, 0.001, 0.0, 0.001, 0.001, 0.065, 0.0, 0.0, 0.001, 0.001, 0.291, 0.001, 0.001, 0.001, 0.444, 0.001, 0.0, 0.001, 0.0, 0.0, 0.0, 0.0, 0.0, 0.001, 0.001, 0.0, 0.0, 0.0, 0.001, 0.001, 0.0, 0.001, 0.001, 0.0, 0.001, 0.0, 0.001, 0.001, 0.001, 0.001, 0.032, 0.0, 0.001, 0.001, 0.14, 0.0, 0.0, 0.0, 0.0], P([2, 5]) [1.0, 0.0, 0.0, 1.0], P([1, 4]) [1.0, 0.0, 0.0, 1.0], P([0, 1, 2, 3]) [1.0, 0.0, 0.0, 1.0, 0.0, 0.0, 1.0, 0.0, 0.0, 1.0, 0.0, 0.0, 1.0, 0.0, 0.0, 1.0, 0.0, 0.0, 1.0, 0.0, 0.0, 0.0, 1.0, 0.0, 1.0, 0.0, 0.0, 1.0, 0.0, 0.0, 0.0, 1.0, 0.0, 1.0, 0.0, 0.0, 1.0, 0.0, 0.0, 1.0, 0.0, 0.0, 0.0, 1.0, 0.0, 0.0, 1.0, 0.0, 1.0, 0.0, 0.0, 1.0, 0.0, 0.0, 0.0, 1.0, 0.0, 0.0, 0.0, 1.0, 1.0, 0.0, 0.0, 1.0, 0.0, 0.0, 0.0, 0.0, 1.0, 1.0, 0.0, 0.0, 1.0, 0.0, 0.0, 1.0, 0.0, 0.0, 0.0, 0.0, 1.0, 0.0, 1.0, 0.0, 1.0, 0.0, 0.0, 1.0, 0.0, 0.0, 0.0, 0.0, 1.0, 0.0, 0.0, 1.0, 1.0, 0.0, 0.0, 0.0, 1.0, 0.0, 1.0, 0.0, 0.0, 1.0, 0.0, 0.0, 1.0, 0.0, 0.0, 0.0, 1.0, 0.0, 1.0, 0.0, 0.0, 0.0, 1.0, 0.0, 1.0, 0.0, 0.0, 0.0, 1.0, 0.0, 1.0, 0.0, 0.0, 0.0, 0.0, 1.0, 1.0, 0.0, 0.0, 0.0, 1.0, 0.0, 0.0, 1.0, 0.0, 1.0, 0.0, 0.0, 1.0, 0.0, 0.0, 0.0, 1.0, 0.0, 0.0, 1.0, 0.0, 0.0, 0.0, 1.0, 1.0, 0.0, 0.0, 0.0, 1.0, 0.0, 0.0, 0.0, 1.0, 1.0, 0.0, 0.0, 1.0, 0.0, 0.0, 0.0, 0.0, 1.0, 1.0, 0.0, 0.0, 0.0, 1.0, 0.0, 1.0, 0.0, 0.0, 0.0, 0.0, 1.0, 1.0, 0.0, 0.0, 0.0, 0.0, 1.0, 1.0, 0.0, 0.0, 0.0, 0.0, 1.0, 0.0, 1.0, 0.0, 0.0, 1.0, 0.0, 1.0, 0.0, 0.0, 0.0, 0.0, 1.0, 0.0, 1.0, 0.0, 0.0, 0.0, 1.0, 1.0, 0.0, 0.0, 0.0, 0.0, 1.0, 0.0, 0.0, 1.0, 0.0, 1.0, 0.0, 1.0, 0.0, 0.0, 0.0, 0.0, 1.0, 0.0, 0.0, 1.0, 0.0, 0.0, 1.0, 0.0, 1.0, 0.0, 1.0, 0.0, 0.0, 1.0, 0.0, 0.0, 1.0, 0.0, 0.0, 0.0, 1.0, 0.0, 1.0, 0.0, 0.0, 1.0, 0.0, 0.0, 0.0, 0.0, 1.0, 0.0, 1.0, 0.0, 1.0, 0.0, 0.0, 0.0, 1.0, 0.0, 0.0, 1.0, 0.0, 0.0, 1.0, 0.0, 1.0, 0.0, 0.0, 0.0, 1.0, 0.0, 0.0, 0.0, 1.0, 0.0, 1.0, 0.0, 1.0, 0.0, 0.0, 0.0, 0.0, 1.0, 1.0, 0.0, 0.0, 0.0, 1.0, 0.0, 1.0, 0.0, 0.0, 0.0, 0.0, 1.0, 0.0, 1.0, 0.0, 0.0, 1.0, 0.0, 1.0, 0.0, 0.0, 0.0, 0.0, 1.0, 0.0, 0.0, 1.0, 0.0, 1.0, 0.0, 0.0, 1.0, 0.0, 1.0, 0.0, 0.0, 1.0, 0.0, 0.0, 0.0, 1.0, 0.0, 0.0, 1.0, 0.0, 0.0, 1.0, 0.0, 0.0, 0.0, 1.0, 0.0, 1.0, 0.0, 0.0, 1.0, 0.0, 0.0, 0.0, 1.0, 0.0, 1.0, 0.0, 0.0, 1.0, 0.0, 0.0, 1.0, 0.0, 0.0, 0.0, 1.0, 0.0, 0.0, 1.0, 0.0, 1.0, 0.0, 0.0, 0.0, 1.0, 1.0, 0.0, 0.0, 1.0, 0.0, 0.0, 0.0, 1.0, 0.0, 0.0, 0.0, 1.0, 0.0, 1.0, 0.0, 1.0, 0.0, 0.0, 0.0, 1.0, 0.0, 0.0, 0.0, 1.0, 0.0, 1.0, 0.0, 0.0, 1.0, 0.0, 0.0, 1.0, 0.0, 0.0, 0.0, 1.0, 0.0, 1.0, 0.0, 0.0, 0.0, 1.0, 0.0, 1.0, 0.0, 0.0, 0.0, 1.0, 0.0, 0.0, 1.0, 1.0, 0.0, 0.0, 0.0, 1.0, 0.0, 0.0, 0.0, 1.0, 0.0, 0.0, 1.0, 0.0, 0.0, 1.0, 0.0, 0.0, 1.0, 1.0, 0.0, 0.0, 1.0, 0.0, 0.0, 1.0, 0.0, 0.0, 0.0, 0.0, 1.0, 1.0, 0.0, 0.0, 1.0, 0.0, 0.0, 0.0, 1.0, 0.0, 0.0, 0.0, 1.0, 1.0, 0.0, 0.0, 0.0, 1.0, 0.0, 1.0, 0.0, 0.0, 0.0, 0.0, 1.0, 1.0, 0.0, 0.0, 0.0, 1.0, 0.0, 0.0, 1.0, 0.0, 0.0, 0.0, 1.0, 1.0, 0.0, 0.0, 0.0, 0.0, 1.0, 1.0, 0.0, 0.0, 0.0, 0.0, 1.0, 1.0, 0.0, 0.0, 0.0, 0.0, 1.0, 0.0, 1.0, 0.0, 0.0, 0.0, 1.0, 1.0, 0.0, 0.0, 0.0, 0.0, 1.0, 0.0, 0.0, 1.0, 0.0, 0.0, 1.0, 0.0, 1.0, 0.0, 1.0, 0.0, 0.0, 1.0, 0.0, 0.0, 0.0, 0.0, 1.0, 0.0, 1.0, 0.0, 1.0, 0.0, 0.0, 0.0, 1.0, 0.0, 0.0, 0.0, 1.0, 0.0, 1.0, 0.0, 1.0, 0.0, 0.0, 0.0, 0.0, 1.0, 0.0, 0.0, 1.0, 0.0, 1.0, 0.0, 0.0, 1.0, 0.0, 1.0, 0.0, 0.0, 0.0, 0.0, 1.0, 0.0, 1.0, 0.0, 0.0, 0.0, 1.0, 1.0, 0.0, 0.0, 0.0, 0.0, 1.0, 0.0, 1.0, 0.0, 0.0, 0.0, 1.0, 0.0, 1.0, 0.0, 0.0, 0.0, 1.0, 0.0, 1.0, 0.0, 0.0, 0.0, 1.0, 0.0, 0.0, 1.0, 0.0, 0.0, 1.0, 0.0, 0.0, 1.0, 0.0, 1.0, 0.0, 1.0, 0.0, 0.0, 0.0, 0.0, 1.0, 0.0, 0.0, 1.0, 0.0, 1.0, 0.0, 0.0, 1.0, 0.0, 0.0, 0.0, 1.0, 0.0, 0.0, 1.0, 0.0, 0.0, 1.0, 1.0, 0.0, 0.0, 0.0, 0.0, 1.0, 0.0, 0.0, 1.0, 0.0, 0.0, 1.0, 0.0, 1.0, 0.0]]

[2024-10-14T10:35:26.223636][INFO][seed158] Sampled 1000 data instances
[2024-10-14T10:35:26.223839][INFO][seed158] Starting exact inference 
[2024-10-14T10:35:33.612490][INFO][seed87] PS(V1,V0) in [0.059526895194576705, 0.0946837382731578]
[2024-10-14T10:35:35.241487][INFO][seed4] PS(V1,V0) in [0.8676917113508624, 0.944419320800224]
[2024-10-14T10:35:37.205897][INFO][seed20] PS(V2,V0) in [0.0, 1.0]
[2024-10-14T10:35:42.860613][INFO][seed23] PS(V1,V0) in [0.0, 0.8577153128405738]
[2024-10-14T10:35:44.046522][INFO][seed43] PS(V2,V0) in [0.0, 0.3315318898073322]
[2024-10-14T10:35:48.034279][INFO][seed16] PS(V1,V0) in [0.07730480042817806, 0.3639016937501577]
[2024-10-14T10:35:53.686864][INFO][seed45] PS(V2,V0) in [0.0, 0.2824279182449932]
[2024-10-14T10:35:56.323579][INFO][seed20] PN(V1,V0) in [0.0, 0.07719091289861275] 
[2024-10-14T10:35:59.933261][INFO][seed36] PS(V1,V0) in [0.0, 0.0]
[2024-10-14T10:36:03.442132][INFO][seed7] PS(V1,V0) in [0.6422047244094489, 1.0]
[2024-10-14T10:36:10.524713][INFO][seed61] PS(V2,V0) in [0.0, 0.4285628571857141]
[2024-10-14T10:36:16.658033][INFO][seed20] PN(V2,V0) in [0.0, 0.11024870948160612] 
[2024-10-14T10:36:16.730616][INFO][seed20] Saved data to: /mnt/beegfs/rcabanas/dev/credici/papers/zeros/models/s3/simple_nparents2_nzr04_zdr05_ysize3_20.csv
[2024-10-14T10:36:16.777150][INFO][seed20] Saved model to: /mnt/beegfs/rcabanas/dev/credici/papers/zeros/models/s3/simple_nparents2_nzr04_zdr05_ysize3_20.uai
[2024-10-14T10:36:16.788975][INFO][seed20] Saved queries to: /mnt/beegfs/rcabanas/dev/credici/papers/zeros/models/s3/simple_nparents2_nzr04_zdr05_ysize3_20_query.csv
[2024-10-14T10:36:16.789833][INFO][seed20] Closing log file
[2024-10-14T10:36:16.789985][INFO][seed20] Closed log file
['genn.py', '2', '0.4', '0.5', '59', '3']
2 0.4 0.5 59
/mnt/beegfs/rcabanas/dev/credici/papers/zeros/code/GenerateNparents.java
[2024-10-14T10:36:19.674516][INFO][seed43] PN(V1,V0) in [0.0, 0.049476777925457245] 
[2024-10-14T10:36:21.410547][INFO][seed59] Set up logging
[2024-10-14T10:36:21.447838][INFO][seed59] args: -np;2;-nzr;0.4;-zdr;0.5;-o;/mnt/beegfs/rcabanas/dev/credici/papers/zeros/models/s3;-rw;-s;59;-ys;3
[2024-10-14T10:36:21.452107][INFO][seed59] Starting logger with seed 59
[2024-10-14T10:36:21.491438][INFO][seed59] simple_nparents2_nzr04_zdr05_ysize3_59
[2024-10-14T10:36:21.936206][INFO][seed59] U cardinality: 81
[2024-10-14T10:36:21.957058][INFO][seed59] !0 = [0, 4, 6, 8, 9, 10, 12, 13, 14, 16, 19, 21, 22, 28, 44, 46, 48, 53, 55, 57, 59, 60, 63, 64, 68, 69, 71, 73, 75, 76, 79, 80]
[2024-10-14T10:36:21.959004][INFO][seed59] 0 = [1, 2, 3, 5, 7, 11, 15, 17, 18, 20, 23, 24, 25, 26, 27, 29, 30, 31, 32, 33, 34, 35, 36, 37, 38, 39, 40, 41, 42, 43, 45, 47, 49, 50, 51, 52, 54, 56, 58, 61, 62, 65, 66, 67, 70, 72, 74, 77, 78]
[2024-10-14T10:36:21.969535][INFO][seed59] Dropping state 77
[2024-10-14T10:36:21.972936][INFO][seed59] Dropping state 66
[2024-10-14T10:36:21.974921][INFO][seed59] Dropping state 65
[2024-10-14T10:36:21.980236][INFO][seed59] Dropping state 61
[2024-10-14T10:36:21.986730][INFO][seed59] Dropping state 58
[2024-10-14T10:36:21.998217][INFO][seed59] Dropping state 54
[2024-10-14T10:36:22.002973][INFO][seed59] Dropping state 52
[2024-10-14T10:36:22.010102][INFO][seed59] Dropping state 50
[2024-10-14T10:36:22.012447][INFO][seed59] Dropping state 45
[2024-10-14T10:36:22.013904][INFO][seed59] Dropping state 43
[2024-10-14T10:36:22.014885][INFO][seed59] Dropping state 42
[2024-10-14T10:36:22.020719][INFO][seed59] Dropping state 40
[2024-10-14T10:36:22.022414][INFO][seed59] Dropping state 39
[2024-10-14T10:36:22.024782][INFO][seed59] Dropping state 38
[2024-10-14T10:36:22.027279][INFO][seed59] Dropping state 34
[2024-10-14T10:36:22.033993][INFO][seed59] Dropping state 26
[2024-10-14T10:36:22.038649][INFO][seed59] Dropping state 17
[2024-10-14T10:36:22.040175][INFO][seed59] Dropping state 11
[2024-10-14T10:36:22.043247][INFO][seed59] Dropping state 7
[2024-10-14T10:36:22.054504][INFO][seed59] U cardinality: 62
[2024-10-14T10:36:22.077309][INFO][seed59] 
[P([5]) [0.468, 0.532], P([4]) [0.112, 0.888], P([3]) [0.001, 0.0, 0.0, 0.0, 0.001, 0.0, 0.001, 0.001, 0.001, 0.001, 0.001, 0.001, 0.001, 0.0, 0.001, 0.0, 0.001, 0.0, 0.126, 0.001, 0.0, 0.0, 0.0, 0.0, 0.001, 0.0, 0.0, 0.0, 0.0, 0.0, 0.0, 0.0, 0.0, 0.0, 0.001, 0.001, 0.0, 0.002, 0.0, 0.0, 0.001, 0.001, 0.0, 0.001, 0.001, 0.186, 0.0, 0.001, 0.001, 0.0, 0.001, 0.001, 0.0, 0.001, 0.0, 0.001, 0.0, 0.001, 0.001, 0.0, 0.001, 0.658], P([2, 5]) [1.0, 0.0, 0.0, 1.0], P([1, 4]) [1.0, 0.0, 0.0, 1.0], P([0, 1, 2, 3]) [1.0, 0.0, 0.0, 1.0, 0.0, 0.0, 1.0, 0.0, 0.0, 1.0, 0.0, 0.0, 1.0, 0.0, 0.0, 1.0, 0.0, 0.0, 1.0, 0.0, 0.0, 0.0, 1.0, 0.0, 1.0, 0.0, 0.0, 1.0, 0.0, 0.0, 1.0, 0.0, 0.0, 0.0, 0.0, 1.0, 1.0, 0.0, 0.0, 1.0, 0.0, 0.0, 0.0, 1.0, 0.0, 1.0, 0.0, 0.0, 1.0, 0.0, 0.0, 1.0, 0.0, 0.0, 0.0, 1.0, 0.0, 0.0, 1.0, 0.0, 1.0, 0.0, 0.0, 1.0, 0.0, 0.0, 0.0, 1.0, 0.0, 0.0, 0.0, 1.0, 1.0, 0.0, 0.0, 1.0, 0.0, 0.0, 0.0, 0.0, 1.0, 1.0, 0.0, 0.0, 1.0, 0.0, 0.0, 1.0, 0.0, 0.0, 0.0, 0.0, 1.0, 0.0, 0.0, 1.0, 1.0, 0.0, 0.0, 0.0, 1.0, 0.0, 1.0, 0.0, 0.0, 1.0, 0.0, 0.0, 1.0, 0.0, 0.0, 0.0, 1.0, 0.0, 1.0, 0.0, 0.0, 0.0, 1.0, 0.0, 1.0, 0.0, 0.0, 0.0, 1.0, 0.0, 0.0, 1.0, 0.0, 1.0, 0.0, 0.0, 1.0, 0.0, 0.0, 0.0, 1.0, 0.0, 0.0, 1.0, 0.0, 0.0, 1.0, 0.0, 1.0, 0.0, 0.0, 0.0, 1.0, 0.0, 0.0, 1.0, 0.0, 0.0, 0.0, 1.0, 1.0, 0.0, 0.0, 0.0, 1.0, 0.0, 0.0, 0.0, 1.0, 1.0, 0.0, 0.0, 1.0, 0.0, 0.0, 0.0, 1.0, 0.0, 0.0, 0.0, 1.0, 0.0, 1.0, 0.0, 1.0, 0.0, 0.0, 0.0, 0.0, 1.0, 1.0, 0.0, 0.0, 1.0, 0.0, 0.0, 1.0, 0.0, 0.0, 0.0, 0.0, 1.0, 1.0, 0.0, 0.0, 0.0, 1.0, 0.0, 1.0, 0.0, 0.0, 0.0, 0.0, 1.0, 1.0, 0.0, 0.0, 0.0, 0.0, 1.0, 1.0, 0.0, 0.0, 0.0, 0.0, 1.0, 0.0, 1.0, 0.0, 1.0, 0.0, 0.0, 1.0, 0.0, 0.0, 0.0, 0.0, 1.0, 0.0, 1.0, 0.0, 0.0, 1.0, 0.0, 1.0, 0.0, 0.0, 0.0, 0.0, 1.0, 0.0, 1.0, 0.0, 0.0, 0.0, 1.0, 1.0, 0.0, 0.0, 0.0, 0.0, 1.0, 0.0, 0.0, 1.0, 1.0, 0.0, 0.0, 1.0, 0.0, 0.0, 0.0, 0.0, 1.0, 0.0, 0.0, 1.0, 0.0, 1.0, 0.0, 0.0, 1.0, 0.0, 1.0, 0.0, 0.0, 1.0, 0.0, 0.0, 1.0, 0.0, 0.0, 0.0, 1.0, 0.0, 1.0, 0.0, 0.0, 1.0, 0.0, 0.0, 0.0, 1.0, 0.0, 0.0, 1.0, 0.0, 1.0, 0.0, 0.0, 1.0, 0.0, 0.0, 0.0, 0.0, 1.0, 0.0, 1.0, 0.0, 1.0, 0.0, 0.0, 0.0, 1.0, 0.0, 1.0, 0.0, 0.0, 0.0, 1.0, 0.0, 1.0, 0.0, 0.0, 0.0, 1.0, 0.0, 0.0, 1.0, 0.0, 0.0, 1.0, 0.0, 1.0, 0.0, 0.0, 0.0, 1.0, 0.0, 0.0, 0.0, 1.0, 0.0, 1.0, 0.0, 1.0, 0.0, 0.0, 0.0, 0.0, 1.0, 1.0, 0.0, 0.0, 0.0, 1.0, 0.0, 1.0, 0.0, 0.0, 0.0, 0.0, 1.0, 0.0, 0.0, 1.0, 0.0, 1.0, 0.0, 0.0, 1.0, 0.0, 1.0, 0.0, 0.0, 1.0, 0.0, 0.0, 0.0, 1.0, 0.0, 0.0, 1.0, 0.0, 1.0, 0.0, 0.0, 0.0, 1.0, 0.0, 0.0, 1.0, 0.0, 0.0, 1.0, 0.0, 0.0, 1.0, 0.0, 0.0, 0.0, 1.0, 0.0, 1.0, 0.0, 0.0, 1.0, 0.0, 0.0, 0.0, 1.0, 0.0, 0.0, 1.0, 0.0, 1.0, 0.0, 0.0, 0.0, 1.0, 1.0, 0.0, 0.0, 0.0, 1.0, 0.0, 0.0, 1.0, 0.0, 0.0, 0.0, 1.0, 1.0, 0.0, 0.0, 0.0, 0.0, 1.0, 0.0, 1.0, 0.0, 0.0, 0.0, 1.0, 0.0, 1.0, 0.0, 1.0, 0.0, 0.0, 0.0, 1.0, 0.0, 0.0, 0.0, 1.0, 0.0, 1.0, 0.0, 0.0, 1.0, 0.0, 0.0, 1.0, 0.0, 0.0, 0.0, 1.0, 0.0, 0.0, 1.0, 1.0, 0.0, 0.0, 0.0, 1.0, 0.0, 0.0, 0.0, 1.0, 0.0, 0.0, 1.0, 0.0, 0.0, 1.0, 0.0, 0.0, 1.0, 1.0, 0.0, 0.0, 1.0, 0.0, 0.0, 0.0, 1.0, 0.0, 0.0, 0.0, 1.0, 1.0, 0.0, 0.0, 1.0, 0.0, 0.0, 0.0, 0.0, 1.0, 0.0, 0.0, 1.0, 1.0, 0.0, 0.0, 0.0, 1.0, 0.0, 1.0, 0.0, 0.0, 0.0, 0.0, 1.0, 1.0, 0.0, 0.0, 0.0, 1.0, 0.0, 0.0, 0.0, 1.0, 0.0, 0.0, 1.0, 1.0, 0.0, 0.0, 0.0, 0.0, 1.0, 1.0, 0.0, 0.0, 0.0, 0.0, 1.0, 1.0, 0.0, 0.0, 0.0, 0.0, 1.0, 0.0, 0.0, 1.0, 0.0, 0.0, 1.0, 0.0, 1.0, 0.0, 1.0, 0.0, 0.0, 1.0, 0.0, 0.0, 0.0, 0.0, 1.0, 0.0, 1.0, 0.0, 1.0, 0.0, 0.0, 0.0, 1.0, 0.0, 0.0, 0.0, 1.0, 0.0, 1.0, 0.0, 0.0, 1.0, 0.0, 0.0, 1.0, 0.0, 0.0, 0.0, 1.0, 0.0, 1.0, 0.0, 0.0, 1.0, 0.0, 0.0, 0.0, 1.0, 0.0, 0.0, 1.0, 0.0, 1.0, 0.0, 0.0, 0.0, 1.0, 1.0, 0.0, 0.0, 0.0, 0.0, 1.0, 0.0, 1.0, 0.0, 0.0, 0.0, 1.0, 0.0, 1.0, 0.0, 0.0, 0.0, 1.0, 0.0, 1.0, 0.0, 0.0, 0.0, 1.0, 0.0, 0.0, 1.0, 0.0, 0.0, 1.0, 0.0, 0.0, 1.0, 1.0, 0.0, 0.0, 1.0, 0.0, 0.0, 0.0, 0.0, 1.0, 0.0, 0.0, 1.0, 1.0, 0.0, 0.0, 0.0, 1.0, 0.0, 0.0, 0.0, 1.0, 0.0, 0.0, 1.0, 1.0, 0.0, 0.0, 0.0, 0.0, 1.0, 0.0, 0.0, 1.0, 0.0, 0.0, 1.0, 0.0, 1.0, 0.0, 1.0, 0.0, 0.0, 0.0, 0.0, 1.0, 0.0, 0.0, 1.0, 0.0, 1.0, 0.0, 0.0, 1.0, 0.0, 0.0, 0.0, 1.0, 0.0, 0.0, 1.0, 0.0, 0.0, 1.0, 1.0, 0.0, 0.0, 0.0, 0.0, 1.0, 0.0, 0.0, 1.0, 0.0, 0.0, 1.0, 0.0, 1.0, 0.0, 0.0, 0.0, 1.0, 0.0, 0.0, 1.0, 0.0, 0.0, 1.0, 0.0, 0.0, 1.0]]

[2024-10-14T10:36:22.555130][INFO][seed59] Sampled 1000 data instances
[2024-10-14T10:36:22.555840][INFO][seed59] Starting exact inference 
[2024-10-14T10:36:24.325114][INFO][seed21] PS(V1,V0) in [0.0, 0.9058963751075687]
[2024-10-14T10:36:25.295638][INFO][seed87] PS(V2,V0) in [0.5152565834512213, 0.5412056529449205]
[2024-10-14T10:36:33.285591][INFO][seed23] PS(V2,V0) in [0.0, 0.7511430879277139]
[2024-10-14T10:36:35.542358][INFO][seed45] PN(V1,V0) in [0.0, 0.8829166666666667] 
[2024-10-14T10:36:44.999399][INFO][seed4] PS(V2,V0) in [0.8954450267550972, 0.9789987291267469]
[2024-10-14T10:36:56.249792][INFO][seed43] PN(V2,V0) in [0.0, 0.11188987138939882] 
[2024-10-14T10:36:56.305053][INFO][seed43] Saved data to: /mnt/beegfs/rcabanas/dev/credici/papers/zeros/models/s3/simple_nparents2_nzr04_zdr05_ysize3_43.csv
[2024-10-14T10:36:56.332840][INFO][seed43] Saved model to: /mnt/beegfs/rcabanas/dev/credici/papers/zeros/models/s3/simple_nparents2_nzr04_zdr05_ysize3_43.uai
[2024-10-14T10:36:56.340165][INFO][seed43] Saved queries to: /mnt/beegfs/rcabanas/dev/credici/papers/zeros/models/s3/simple_nparents2_nzr04_zdr05_ysize3_43_query.csv
[2024-10-14T10:36:56.340373][INFO][seed43] Closing log file
[2024-10-14T10:36:56.340469][INFO][seed43] Closed log file
['genn.py', '2', '0.4', '0.5', '128', '3']
2 0.4 0.5 128
/mnt/beegfs/rcabanas/dev/credici/papers/zeros/code/GenerateNparents.java
[2024-10-14T10:36:59.500163][INFO][seed128] Set up logging
[2024-10-14T10:36:59.532224][INFO][seed128] args: -np;2;-nzr;0.4;-zdr;0.5;-o;/mnt/beegfs/rcabanas/dev/credici/papers/zeros/models/s3;-rw;-s;128;-ys;3
[2024-10-14T10:36:59.534730][INFO][seed128] Starting logger with seed 128
[2024-10-14T10:36:59.548982][INFO][seed128] simple_nparents2_nzr04_zdr05_ysize3_128
[2024-10-14T10:36:59.813399][INFO][seed128] U cardinality: 81
[2024-10-14T10:36:59.820273][INFO][seed128] !0 = [0, 2, 4, 7, 8, 9, 11, 12, 13, 14, 16, 18, 19, 20, 22, 24, 25, 29, 32, 34, 38, 39, 41, 52, 55, 56, 63, 67, 70, 71, 73, 75]
[2024-10-14T10:36:59.820885][INFO][seed128] 0 = [1, 3, 5, 6, 10, 15, 17, 21, 23, 26, 27, 28, 30, 31, 33, 35, 36, 37, 40, 42, 43, 44, 45, 46, 47, 48, 49, 50, 51, 53, 54, 57, 58, 59, 60, 61, 62, 64, 65, 66, 68, 69, 72, 74, 76, 77, 78, 79, 80]
[2024-10-14T10:36:59.827670][INFO][seed128] Dropping state 80
[2024-10-14T10:36:59.828791][INFO][seed128] Dropping state 79
[2024-10-14T10:36:59.830390][INFO][seed128] Dropping state 76
[2024-10-14T10:36:59.833461][INFO][seed128] Dropping state 66
[2024-10-14T10:36:59.838959][INFO][seed128] Dropping state 62
[2024-10-14T10:36:59.847522][INFO][seed128] Dropping state 61
[2024-10-14T10:36:59.851092][INFO][seed128] Dropping state 60
[2024-10-14T10:36:59.853365][INFO][seed128] Dropping state 53
[2024-10-14T10:36:59.854991][INFO][seed128] Dropping state 51
[2024-10-14T10:36:59.856270][INFO][seed128] Dropping state 49
[2024-10-14T10:36:59.857404][INFO][seed128] Dropping state 46
[2024-10-14T10:36:59.860760][INFO][seed128] Dropping state 45
[2024-10-14T10:36:59.861922][INFO][seed128] Dropping state 44
[2024-10-14T10:36:59.864389][INFO][seed128] Dropping state 43
[2024-10-14T10:36:59.865991][INFO][seed128] Dropping state 42
[2024-10-14T10:36:59.866626][INFO][seed128] Dropping state 36
[2024-10-14T10:36:59.869430][INFO][seed128] Dropping state 35
[2024-10-14T10:36:59.870589][INFO][seed128] Dropping state 33
[2024-10-14T10:36:59.875423][INFO][seed128] Dropping state 31
[2024-10-14T10:36:59.879161][INFO][seed128] Dropping state 30
[2024-10-14T10:36:59.880436][INFO][seed128] Dropping state 27
[2024-10-14T10:36:59.881227][INFO][seed128] Dropping state 26
[2024-10-14T10:36:59.883126][INFO][seed128] Dropping state 21
[2024-10-14T10:36:59.884596][INFO][seed128] Dropping state 15
[2024-10-14T10:36:59.885935][INFO][seed128] Dropping state 6
[2024-10-14T10:36:59.889952][INFO][seed128] Dropping state 5
[2024-10-14T10:36:59.894812][INFO][seed128] U cardinality: 55
[2024-10-14T10:36:59.913613][INFO][seed128] 
[P([5]) [0.506, 0.494], P([4]) [0.203, 0.797], P([3]) [0.001, 0.0, 0.001, 0.0, 0.001, 0.001, 0.001, 0.001, 0.0, 0.001, 0.001, 0.001, 0.001, 0.461, 0.0, 0.001, 0.001, 0.071, 0.001, 0.0, 0.095, 0.001, 0.0, 0.001, 0.001, 0.001, 0.0, 0.001, 0.001, 0.0, 0.002, 0.0, 0.0, 0.0, 0.001, 0.0, 0.001, 0.001, 0.0, 0.0, 0.0, 0.001, 0.0, 0.0, 0.001, 0.0, 0.0, 0.001, 0.001, 0.0, 0.001, 0.0, 0.344, 0.0, 0.0], P([2, 5]) [1.0, 0.0, 0.0, 1.0], P([1, 4]) [1.0, 0.0, 0.0, 1.0], P([0, 1, 2, 3]) [1.0, 0.0, 0.0, 1.0, 0.0, 0.0, 1.0, 0.0, 0.0, 1.0, 0.0, 0.0, 1.0, 0.0, 0.0, 1.0, 0.0, 0.0, 1.0, 0.0, 0.0, 0.0, 1.0, 0.0, 1.0, 0.0, 0.0, 1.0, 0.0, 0.0, 1.0, 0.0, 0.0, 0.0, 0.0, 1.0, 1.0, 0.0, 0.0, 1.0, 0.0, 0.0, 0.0, 1.0, 0.0, 1.0, 0.0, 0.0, 1.0, 0.0, 0.0, 1.0, 0.0, 0.0, 0.0, 1.0, 0.0, 0.0, 1.0, 0.0, 1.0, 0.0, 0.0, 1.0, 0.0, 0.0, 0.0, 0.0, 1.0, 0.0, 1.0, 0.0, 1.0, 0.0, 0.0, 1.0, 0.0, 0.0, 0.0, 0.0, 1.0, 0.0, 0.0, 1.0, 1.0, 0.0, 0.0, 0.0, 1.0, 0.0, 1.0, 0.0, 0.0, 1.0, 0.0, 0.0, 1.0, 0.0, 0.0, 0.0, 1.0, 0.0, 1.0, 0.0, 0.0, 0.0, 1.0, 0.0, 1.0, 0.0, 0.0, 0.0, 1.0, 0.0, 1.0, 0.0, 0.0, 0.0, 0.0, 1.0, 1.0, 0.0, 0.0, 0.0, 1.0, 0.0, 0.0, 1.0, 0.0, 1.0, 0.0, 0.0, 1.0, 0.0, 0.0, 0.0, 1.0, 0.0, 0.0, 1.0, 0.0, 0.0, 1.0, 0.0, 1.0, 0.0, 0.0, 0.0, 1.0, 0.0, 0.0, 1.0, 0.0, 0.0, 0.0, 1.0, 1.0, 0.0, 0.0, 0.0, 1.0, 0.0, 0.0, 0.0, 1.0, 0.0, 1.0, 0.0, 1.0, 0.0, 0.0, 0.0, 1.0, 0.0, 0.0, 0.0, 1.0, 0.0, 0.0, 1.0, 1.0, 0.0, 0.0, 0.0, 0.0, 1.0, 1.0, 0.0, 0.0, 1.0, 0.0, 0.0, 1.0, 0.0, 0.0, 0.0, 0.0, 1.0, 1.0, 0.0, 0.0, 0.0, 1.0, 0.0, 1.0, 0.0, 0.0, 0.0, 0.0, 1.0, 1.0, 0.0, 0.0, 0.0, 0.0, 1.0, 1.0, 0.0, 0.0, 0.0, 0.0, 1.0, 0.0, 1.0, 0.0, 0.0, 1.0, 0.0, 1.0, 0.0, 0.0, 0.0, 0.0, 1.0, 0.0, 1.0, 0.0, 0.0, 0.0, 1.0, 1.0, 0.0, 0.0, 0.0, 0.0, 1.0, 0.0, 0.0, 1.0, 1.0, 0.0, 0.0, 1.0, 0.0, 0.0, 0.0, 0.0, 1.0, 0.0, 0.0, 1.0, 0.0, 1.0, 0.0, 0.0, 1.0, 0.0, 1.0, 0.0, 0.0, 1.0, 0.0, 0.0, 0.0, 1.0, 0.0, 0.0, 1.0, 0.0, 1.0, 0.0, 0.0, 1.0, 0.0, 0.0, 0.0, 0.0, 1.0, 0.0, 1.0, 0.0, 1.0, 0.0, 0.0, 0.0, 1.0, 0.0, 0.0, 0.0, 1.0, 0.0, 1.0, 0.0, 1.0, 0.0, 0.0, 0.0, 0.0, 1.0, 0.0, 1.0, 0.0, 0.0, 1.0, 0.0, 0.0, 1.0, 0.0, 1.0, 0.0, 0.0, 0.0, 1.0, 0.0, 0.0, 1.0, 0.0, 0.0, 1.0, 0.0, 1.0, 0.0, 0.0, 0.0, 0.0, 1.0, 0.0, 1.0, 0.0, 0.0, 1.0, 0.0, 0.0, 1.0, 0.0, 1.0, 0.0, 0.0, 0.0, 1.0, 0.0, 0.0, 1.0, 0.0, 0.0, 1.0, 0.0, 0.0, 1.0, 0.0, 0.0, 1.0, 0.0, 0.0, 1.0, 0.0, 0.0, 1.0, 0.0, 0.0, 0.0, 1.0, 0.0, 1.0, 0.0, 0.0, 0.0, 1.0, 1.0, 0.0, 0.0, 0.0, 0.0, 1.0, 0.0, 1.0, 0.0, 0.0, 0.0, 1.0, 0.0, 1.0, 0.0, 1.0, 0.0, 0.0, 0.0, 1.0, 0.0, 0.0, 0.0, 1.0, 0.0, 1.0, 0.0, 0.0, 0.0, 1.0, 0.0, 1.0, 0.0, 0.0, 0.0, 1.0, 0.0, 0.0, 1.0, 0.0, 1.0, 0.0, 0.0, 0.0, 1.0, 1.0, 0.0, 0.0, 1.0, 0.0, 0.0, 1.0, 0.0, 0.0, 0.0, 0.0, 1.0, 1.0, 0.0, 0.0, 1.0, 0.0, 0.0, 0.0, 1.0, 0.0, 0.0, 0.0, 1.0, 1.0, 0.0, 0.0, 1.0, 0.0, 0.0, 0.0, 0.0, 1.0, 0.0, 0.0, 1.0, 1.0, 0.0, 0.0, 0.0, 1.0, 0.0, 1.0, 0.0, 0.0, 0.0, 0.0, 1.0, 1.0, 0.0, 0.0, 0.0, 1.0, 0.0, 0.0, 1.0, 0.0, 0.0, 0.0, 1.0, 1.0, 0.0, 0.0, 0.0, 1.0, 0.0, 0.0, 0.0, 1.0, 0.0, 0.0, 1.0, 0.0, 1.0, 0.0, 1.0, 0.0, 0.0, 1.0, 0.0, 0.0, 0.0, 0.0, 1.0, 0.0, 1.0, 0.0, 1.0, 0.0, 0.0, 0.0, 1.0, 0.0, 0.0, 0.0, 1.0, 0.0, 1.0, 0.0, 1.0, 0.0, 0.0, 0.0, 0.0, 1.0, 0.0, 0.0, 1.0, 0.0, 1.0, 0.0, 0.0, 1.0, 0.0, 0.0, 1.0, 0.0, 0.0, 0.0, 1.0, 0.0, 1.0, 0.0, 0.0, 1.0, 0.0, 0.0, 0.0, 1.0, 0.0, 0.0, 1.0, 0.0, 1.0, 0.0, 0.0, 0.0, 1.0, 1.0, 0.0, 0.0, 0.0, 0.0, 1.0, 0.0, 1.0, 0.0, 0.0, 0.0, 1.0, 0.0, 1.0, 0.0, 0.0, 0.0, 1.0, 0.0, 1.0, 0.0, 0.0, 0.0, 1.0, 0.0, 0.0, 1.0, 0.0, 0.0, 1.0, 0.0, 0.0, 1.0, 1.0, 0.0, 0.0, 1.0, 0.0, 0.0, 0.0, 0.0, 1.0, 0.0, 0.0, 1.0, 1.0, 0.0, 0.0, 0.0, 1.0, 0.0, 0.0, 0.0, 1.0, 0.0, 0.0, 1.0, 1.0, 0.0, 0.0, 0.0, 0.0, 1.0, 0.0, 0.0, 1.0, 0.0, 0.0, 1.0, 0.0, 1.0, 0.0, 1.0, 0.0, 0.0, 0.0, 0.0, 1.0, 0.0, 0.0, 1.0, 0.0, 1.0, 0.0, 0.0, 0.0, 1.0, 0.0, 0.0, 1.0, 0.0, 0.0, 1.0, 0.0, 0.0, 1.0, 1.0, 0.0, 0.0]]

[2024-10-14T10:37:00.245842][INFO][seed128] Sampled 1000 data instances
[2024-10-14T10:37:00.246345][INFO][seed128] Starting exact inference 
[2024-10-14T10:37:01.028404][INFO][seed61] PN(V1,V0) in [0.0, 0.09044135662034933] 
[2024-10-14T10:37:12.125048][INFO][seed16] PS(V2,V0) in [0.0687300592947041, 0.9146419548855654]
[2024-10-14T10:37:17.672605][INFO][seed45] PN(V2,V0) in [0.0, 1.0] 
[2024-10-14T10:37:17.744533][INFO][seed45] Saved data to: /mnt/beegfs/rcabanas/dev/credici/papers/zeros/models/s3/simple_nparents2_nzr04_zdr05_ysize3_45.csv
[2024-10-14T10:37:17.804024][INFO][seed45] Saved model to: /mnt/beegfs/rcabanas/dev/credici/papers/zeros/models/s3/simple_nparents2_nzr04_zdr05_ysize3_45.uai
[2024-10-14T10:37:17.815234][INFO][seed45] Saved queries to: /mnt/beegfs/rcabanas/dev/credici/papers/zeros/models/s3/simple_nparents2_nzr04_zdr05_ysize3_45_query.csv
[2024-10-14T10:37:17.815804][INFO][seed45] Closing log file
[2024-10-14T10:37:17.817616][INFO][seed45] Closed log file
['genn.py', '2', '0.4', '0.5', '51', '3']
2 0.4 0.5 51
/mnt/beegfs/rcabanas/dev/credici/papers/zeros/code/GenerateNparents.java
[2024-10-14T10:37:19.483358][INFO][seed87] PN(V1,V0) in [0.28766924177613884, 0.45756794653135563] 
[2024-10-14T10:37:22.848217][INFO][seed23] PN(V1,V0) in [0.0, 0.4942418426103648] 
[2024-10-14T10:37:22.971653][INFO][seed51] Set up logging
[2024-10-14T10:37:23.030530][INFO][seed51] args: -np;2;-nzr;0.4;-zdr;0.5;-o;/mnt/beegfs/rcabanas/dev/credici/papers/zeros/models/s3;-rw;-s;51;-ys;3
[2024-10-14T10:37:23.038503][INFO][seed51] Starting logger with seed 51
[2024-10-14T10:37:23.095895][INFO][seed51] simple_nparents2_nzr04_zdr05_ysize3_51
[2024-10-14T10:37:23.603017][INFO][seed51] U cardinality: 81
[2024-10-14T10:37:23.615949][INFO][seed51] !0 = [1, 5, 9, 10, 15, 17, 18, 19, 22, 24, 26, 28, 31, 36, 38, 39, 43, 44, 46, 47, 48, 50, 52, 54, 60, 63, 65, 68, 71, 72, 76, 79]
[2024-10-14T10:37:23.618354][INFO][seed51] 0 = [0, 2, 3, 4, 6, 7, 8, 11, 12, 13, 14, 16, 20, 21, 23, 25, 27, 29, 30, 32, 33, 34, 35, 37, 40, 41, 42, 45, 49, 51, 53, 55, 56, 57, 58, 59, 61, 62, 64, 66, 67, 69, 70, 73, 74, 75, 77, 78, 80]
[2024-10-14T10:37:23.637473][INFO][seed51] Dropping state 80
[2024-10-14T10:37:23.642062][INFO][seed51] Dropping state 75
[2024-10-14T10:37:23.646033][INFO][seed51] Dropping state 74
[2024-10-14T10:37:23.652512][INFO][seed51] Dropping state 67
[2024-10-14T10:37:23.661717][INFO][seed51] Dropping state 66
[2024-10-14T10:37:23.677714][INFO][seed51] Dropping state 64
[2024-10-14T10:37:23.685208][INFO][seed51] Dropping state 62
[2024-10-14T10:37:23.689783][INFO][seed51] Dropping state 61
[2024-10-14T10:37:23.698110][INFO][seed51] Dropping state 59
[2024-10-14T10:37:23.701212][INFO][seed51] Dropping state 58
[2024-10-14T10:37:23.704713][INFO][seed51] Dropping state 56
[2024-10-14T10:37:23.710970][INFO][seed51] Dropping state 55
[2024-10-14T10:37:23.714175][INFO][seed51] Dropping state 53
[2024-10-14T10:37:23.720191][INFO][seed51] Dropping state 51
[2024-10-14T10:37:23.724312][INFO][seed51] Dropping state 49
[2024-10-14T10:37:23.725849][INFO][seed51] Dropping state 41
[2024-10-14T10:37:23.731996][INFO][seed51] Dropping state 37
[2024-10-14T10:37:23.735251][INFO][seed51] Dropping state 35
[2024-10-14T10:37:23.745955][INFO][seed51] Dropping state 33
[2024-10-14T10:37:23.750288][INFO][seed51] Dropping state 27
[2024-10-14T10:37:23.754019][INFO][seed51] Dropping state 25
[2024-10-14T10:37:23.756262][INFO][seed51] Dropping state 21
[2024-10-14T10:37:23.760955][INFO][seed51] Dropping state 20
[2024-10-14T10:37:23.769313][INFO][seed51] Dropping state 12
[2024-10-14T10:37:23.773363][INFO][seed51] Dropping state 11
[2024-10-14T10:37:23.778133][INFO][seed51] Dropping state 8
[2024-10-14T10:37:23.783567][INFO][seed51] Dropping state 6
[2024-10-14T10:37:23.788002][INFO][seed51] Dropping state 3
[2024-10-14T10:37:23.789658][INFO][seed51] Dropping state 2
[2024-10-14T10:37:23.790889][INFO][seed51] Dropping state 0
[2024-10-14T10:37:23.799082][INFO][seed51] U cardinality: 51
[2024-10-14T10:37:23.823349][INFO][seed51] 
[P([5]) [0.441, 0.559], P([4]) [0.607, 0.393], P([3]) [0.001, 0.0, 0.001, 0.0, 0.001, 0.001, 0.0, 0.0, 0.001, 0.0, 0.001, 0.001, 0.001, 0.001, 0.0, 0.001, 0.001, 0.001, 0.0, 0.0, 0.001, 0.0, 0.0, 0.261, 0.129, 0.001, 0.0, 0.0, 0.001, 0.001, 0.0, 0.001, 0.001, 0.001, 0.001, 0.363, 0.001, 0.0, 0.001, 0.001, 0.001, 0.001, 0.0, 0.0, 0.001, 0.001, 0.0, 0.001, 0.0, 0.0, 0.219], P([2, 5]) [1.0, 0.0, 0.0, 1.0], P([1, 4]) [1.0, 0.0, 0.0, 1.0], P([0, 1, 2, 3]) [1.0, 0.0, 0.0, 1.0, 0.0, 0.0, 1.0, 0.0, 0.0, 0.0, 1.0, 0.0, 1.0, 0.0, 0.0, 1.0, 0.0, 0.0, 0.0, 1.0, 0.0, 0.0, 1.0, 0.0, 1.0, 0.0, 0.0, 1.0, 0.0, 0.0, 0.0, 1.0, 0.0, 0.0, 0.0, 1.0, 1.0, 0.0, 0.0, 1.0, 0.0, 0.0, 0.0, 0.0, 1.0, 0.0, 1.0, 0.0, 1.0, 0.0, 0.0, 0.0, 1.0, 0.0, 1.0, 0.0, 0.0, 1.0, 0.0, 0.0, 1.0, 0.0, 0.0, 0.0, 1.0, 0.0, 1.0, 0.0, 0.0, 0.0, 1.0, 0.0, 1.0, 0.0, 0.0, 0.0, 1.0, 0.0, 0.0, 1.0, 0.0, 0.0, 1.0, 0.0, 1.0, 0.0, 0.0, 0.0, 1.0, 0.0, 0.0, 1.0, 0.0, 0.0, 0.0, 1.0, 1.0, 0.0, 0.0, 0.0, 1.0, 0.0, 0.0, 0.0, 1.0, 1.0, 0.0, 0.0, 1.0, 0.0, 0.0, 0.0, 1.0, 0.0, 0.0, 0.0, 1.0, 0.0, 1.0, 0.0, 1.0, 0.0, 0.0, 0.0, 1.0, 0.0, 0.0, 0.0, 1.0, 0.0, 0.0, 1.0, 1.0, 0.0, 0.0, 0.0, 0.0, 1.0, 1.0, 0.0, 0.0, 1.0, 0.0, 0.0, 1.0, 0.0, 0.0, 0.0, 0.0, 1.0, 1.0, 0.0, 0.0, 0.0, 1.0, 0.0, 1.0, 0.0, 0.0, 0.0, 0.0, 1.0, 0.0, 1.0, 0.0, 0.0, 1.0, 0.0, 1.0, 0.0, 0.0, 0.0, 0.0, 1.0, 0.0, 1.0, 0.0, 0.0, 0.0, 1.0, 1.0, 0.0, 0.0, 0.0, 0.0, 1.0, 0.0, 0.0, 1.0, 1.0, 0.0, 0.0, 1.0, 0.0, 0.0, 0.0, 0.0, 1.0, 0.0, 0.0, 1.0, 0.0, 0.0, 1.0, 0.0, 1.0, 0.0, 1.0, 0.0, 0.0, 1.0, 0.0, 0.0, 0.0, 1.0, 0.0, 0.0, 1.0, 0.0, 1.0, 0.0, 0.0, 1.0, 0.0, 0.0, 0.0, 0.0, 1.0, 0.0, 1.0, 0.0, 1.0, 0.0, 0.0, 0.0, 1.0, 0.0, 1.0, 0.0, 0.0, 0.0, 1.0, 0.0, 1.0, 0.0, 0.0, 0.0, 1.0, 0.0, 0.0, 1.0, 0.0, 0.0, 1.0, 0.0, 1.0, 0.0, 0.0, 0.0, 1.0, 0.0, 0.0, 0.0, 1.0, 0.0, 1.0, 0.0, 1.0, 0.0, 0.0, 0.0, 0.0, 1.0, 0.0, 1.0, 0.0, 0.0, 1.0, 0.0, 0.0, 1.0, 0.0, 1.0, 0.0, 0.0, 1.0, 0.0, 0.0, 0.0, 1.0, 0.0, 0.0, 1.0, 0.0, 1.0, 0.0, 0.0, 0.0, 0.0, 1.0, 0.0, 1.0, 0.0, 0.0, 1.0, 0.0, 0.0, 1.0, 0.0, 1.0, 0.0, 0.0, 0.0, 1.0, 0.0, 0.0, 1.0, 0.0, 0.0, 1.0, 0.0, 0.0, 1.0, 0.0, 0.0, 1.0, 0.0, 0.0, 1.0, 0.0, 0.0, 0.0, 1.0, 1.0, 0.0, 0.0, 0.0, 1.0, 0.0, 0.0, 1.0, 0.0, 0.0, 0.0, 1.0, 0.0, 1.0, 0.0, 0.0, 1.0, 0.0, 0.0, 1.0, 0.0, 0.0, 0.0, 1.0, 0.0, 0.0, 1.0, 0.0, 1.0, 0.0, 0.0, 0.0, 1.0, 1.0, 0.0, 0.0, 1.0, 0.0, 0.0, 0.0, 1.0, 0.0, 0.0, 0.0, 1.0, 1.0, 0.0, 0.0, 0.0, 1.0, 0.0, 0.0, 1.0, 0.0, 0.0, 0.0, 1.0, 1.0, 0.0, 0.0, 0.0, 0.0, 1.0, 0.0, 1.0, 0.0, 0.0, 0.0, 1.0, 0.0, 1.0, 0.0, 1.0, 0.0, 0.0, 0.0, 1.0, 0.0, 0.0, 0.0, 1.0, 0.0, 1.0, 0.0, 0.0, 0.0, 1.0, 0.0, 1.0, 0.0, 0.0, 0.0, 1.0, 0.0, 0.0, 1.0, 0.0, 1.0, 0.0, 0.0, 0.0, 1.0, 1.0, 0.0, 0.0, 1.0, 0.0, 0.0, 1.0, 0.0, 0.0, 0.0, 0.0, 1.0, 1.0, 0.0, 0.0, 0.0, 1.0, 0.0, 1.0, 0.0, 0.0, 0.0, 0.0, 1.0, 1.0, 0.0, 0.0, 0.0, 0.0, 1.0, 1.0, 0.0, 0.0, 0.0, 0.0, 1.0, 0.0, 1.0, 0.0, 1.0, 0.0, 0.0, 1.0, 0.0, 0.0, 0.0, 0.0, 1.0, 0.0, 1.0, 0.0, 1.0, 0.0, 0.0, 0.0, 0.0, 1.0, 0.0, 0.0, 1.0, 0.0, 1.0, 0.0, 0.0, 1.0, 0.0, 0.0, 0.0, 1.0, 0.0, 0.0, 1.0, 0.0, 1.0, 0.0, 0.0, 0.0, 1.0, 1.0, 0.0, 0.0, 0.0, 0.0, 1.0, 0.0, 1.0, 0.0, 0.0, 0.0, 1.0, 0.0, 1.0, 0.0, 0.0, 0.0, 1.0, 0.0, 1.0, 0.0, 0.0, 0.0, 1.0, 0.0, 0.0, 1.0, 0.0, 0.0, 1.0, 0.0, 0.0, 1.0, 1.0, 0.0, 0.0, 1.0, 0.0, 0.0, 0.0, 0.0, 1.0, 0.0, 0.0, 1.0, 1.0, 0.0, 0.0, 0.0, 1.0, 0.0, 0.0, 0.0, 1.0, 0.0, 0.0, 1.0, 0.0, 1.0, 0.0, 0.0, 1.0, 0.0, 0.0, 0.0, 1.0, 0.0, 0.0, 1.0, 0.0, 1.0, 0.0, 0.0, 0.0, 1.0, 0.0, 0.0, 1.0, 0.0, 0.0, 1.0, 0.0, 0.0, 1.0, 1.0, 0.0, 0.0, 0.0, 0.0, 1.0, 0.0, 0.0, 1.0, 0.0, 0.0, 1.0, 0.0, 1.0, 0.0]]

[2024-10-14T10:37:24.400171][INFO][seed51] Sampled 1000 data instances
[2024-10-14T10:37:24.400417][INFO][seed51] Starting exact inference 
[2024-10-14T10:37:24.408986][INFO][seed36] PS(V2,V0) in [0.06827930628980576, 0.3991741701829016]
[2024-10-14T10:37:43.400438][INFO][seed7] PS(V2,V0) in [0.5879579252811026, 1.0]
[2024-10-14T10:37:52.414772][INFO][seed61] PN(V2,V0) in [0.0, 0.06339151599597964] 
[2024-10-14T10:37:52.493238][INFO][seed61] Saved data to: /mnt/beegfs/rcabanas/dev/credici/papers/zeros/models/s3/simple_nparents2_nzr04_zdr05_ysize3_61.csv
[2024-10-14T10:37:52.548715][INFO][seed61] Saved model to: /mnt/beegfs/rcabanas/dev/credici/papers/zeros/models/s3/simple_nparents2_nzr04_zdr05_ysize3_61.uai
[2024-10-14T10:37:52.560456][INFO][seed61] Saved queries to: /mnt/beegfs/rcabanas/dev/credici/papers/zeros/models/s3/simple_nparents2_nzr04_zdr05_ysize3_61_query.csv
[2024-10-14T10:37:52.561862][INFO][seed61] Closing log file
[2024-10-14T10:37:52.563193][INFO][seed61] Closed log file
['genn.py', '2', '0.4', '0.5', '114', '3']
2 0.4 0.5 114
/mnt/beegfs/rcabanas/dev/credici/papers/zeros/code/GenerateNparents.java
[2024-10-14T10:37:53.868608][INFO][seed4] PN(V1,V0) in [0.8243560131542818, 0.8972515651079387] 
[2024-10-14T10:37:57.764482][INFO][seed114] Set up logging
[2024-10-14T10:37:57.817634][INFO][seed114] args: -np;2;-nzr;0.4;-zdr;0.5;-o;/mnt/beegfs/rcabanas/dev/credici/papers/zeros/models/s3;-rw;-s;114;-ys;3
[2024-10-14T10:37:57.826090][INFO][seed114] Starting logger with seed 114
[2024-10-14T10:37:57.871928][INFO][seed114] simple_nparents2_nzr04_zdr05_ysize3_114
[2024-10-14T10:37:58.466377][INFO][seed114] U cardinality: 81
[2024-10-14T10:37:58.488122][INFO][seed114] !0 = [1, 2, 6, 7, 10, 12, 17, 22, 25, 26, 29, 30, 36, 38, 41, 42, 43, 46, 47, 51, 57, 60, 61, 62, 64, 66, 67, 68, 73, 77, 78, 79]
[2024-10-14T10:37:58.490701][INFO][seed114] 0 = [0, 3, 4, 5, 8, 9, 11, 13, 14, 15, 16, 18, 19, 20, 21, 23, 24, 27, 28, 31, 32, 33, 34, 35, 37, 39, 40, 44, 45, 48, 49, 50, 52, 53, 54, 55, 56, 58, 59, 63, 65, 69, 70, 71, 72, 74, 75, 76, 80]
[2024-10-14T10:37:58.513953][INFO][seed114] Dropping state 75
[2024-10-14T10:37:58.517056][INFO][seed114] Dropping state 71
[2024-10-14T10:37:58.522137][INFO][seed114] Dropping state 65
[2024-10-14T10:37:58.528438][INFO][seed114] Dropping state 59
[2024-10-14T10:37:58.537391][INFO][seed114] Dropping state 56
[2024-10-14T10:37:58.552433][INFO][seed114] Dropping state 54
[2024-10-14T10:37:58.554869][INFO][seed114] Dropping state 53
[2024-10-14T10:37:58.564558][INFO][seed114] Dropping state 52
[2024-10-14T10:37:58.568501][INFO][seed114] Dropping state 39
[2024-10-14T10:37:58.572490][INFO][seed114] Dropping state 33
[2024-10-14T10:37:58.575453][INFO][seed114] Dropping state 32
[2024-10-14T10:37:58.587446][INFO][seed114] Dropping state 31
[2024-10-14T10:37:58.594297][INFO][seed114] Dropping state 28
[2024-10-14T10:37:58.599246][INFO][seed114] Dropping state 24
[2024-10-14T10:37:58.603339][INFO][seed114] Dropping state 19
[2024-10-14T10:37:58.607091][INFO][seed114] Dropping state 15
[2024-10-14T10:37:58.616765][INFO][seed114] Dropping state 14
[2024-10-14T10:37:58.621061][INFO][seed114] Dropping state 11
[2024-10-14T10:37:58.626572][INFO][seed114] Dropping state 9
[2024-10-14T10:37:58.630545][INFO][seed114] Dropping state 5
[2024-10-14T10:37:58.636762][INFO][seed114] U cardinality: 61
[2024-10-14T10:37:58.678754][INFO][seed114] 
[P([5]) [0.798, 0.202], P([4]) [0.904, 0.096], P([3]) [0.0, 0.001, 0.002, 0.0, 0.0, 0.001, 0.001, 0.0, 0.001, 0.001, 0.0, 0.0, 0.001, 0.0, 0.0, 0.0, 0.001, 0.0, 0.001, 0.001, 0.0, 0.001, 0.001, 0.0, 0.0, 0.001, 0.0, 0.001, 0.0, 0.183, 0.001, 0.001, 0.0, 0.0, 0.001, 0.001, 0.0, 0.0, 0.0, 0.001, 0.0, 0.001, 0.0, 0.001, 0.001, 0.001, 0.0, 0.001, 0.258, 0.001, 0.001, 0.0, 0.0, 0.0, 0.001, 0.0, 0.0, 0.001, 0.001, 0.529, 0.0], P([2, 5]) [1.0, 0.0, 0.0, 1.0], P([1, 4]) [1.0, 0.0, 0.0, 1.0], P([0, 1, 2, 3]) [1.0, 0.0, 0.0, 1.0, 0.0, 0.0, 1.0, 0.0, 0.0, 1.0, 0.0, 0.0, 1.0, 0.0, 0.0, 1.0, 0.0, 0.0, 1.0, 0.0, 0.0, 0.0, 1.0, 0.0, 1.0, 0.0, 0.0, 1.0, 0.0, 0.0, 1.0, 0.0, 0.0, 0.0, 0.0, 1.0, 1.0, 0.0, 0.0, 1.0, 0.0, 0.0, 0.0, 1.0, 0.0, 1.0, 0.0, 0.0, 1.0, 0.0, 0.0, 1.0, 0.0, 0.0, 0.0, 1.0, 0.0, 0.0, 1.0, 0.0, 1.0, 0.0, 0.0, 1.0, 0.0, 0.0, 0.0, 0.0, 1.0, 1.0, 0.0, 0.0, 1.0, 0.0, 0.0, 1.0, 0.0, 0.0, 0.0, 0.0, 1.0, 0.0, 1.0, 0.0, 1.0, 0.0, 0.0, 1.0, 0.0, 0.0, 0.0, 0.0, 1.0, 0.0, 0.0, 1.0, 1.0, 0.0, 0.0, 0.0, 1.0, 0.0, 1.0, 0.0, 0.0, 0.0, 1.0, 0.0, 1.0, 0.0, 0.0, 0.0, 1.0, 0.0, 0.0, 1.0, 0.0, 1.0, 0.0, 0.0, 1.0, 0.0, 0.0, 0.0, 1.0, 0.0, 0.0, 1.0, 0.0, 0.0, 1.0, 0.0, 1.0, 0.0, 0.0, 0.0, 1.0, 0.0, 0.0, 0.0, 1.0, 0.0, 1.0, 0.0, 1.0, 0.0, 0.0, 0.0, 1.0, 0.0, 0.0, 0.0, 1.0, 0.0, 0.0, 1.0, 1.0, 0.0, 0.0, 0.0, 0.0, 1.0, 1.0, 0.0, 0.0, 1.0, 0.0, 0.0, 1.0, 0.0, 0.0, 0.0, 0.0, 1.0, 1.0, 0.0, 0.0, 0.0, 0.0, 1.0, 1.0, 0.0, 0.0, 0.0, 0.0, 1.0, 0.0, 1.0, 0.0, 1.0, 0.0, 0.0, 1.0, 0.0, 0.0, 0.0, 0.0, 1.0, 0.0, 1.0, 0.0, 0.0, 1.0, 0.0, 1.0, 0.0, 0.0, 0.0, 0.0, 1.0, 0.0, 1.0, 0.0, 0.0, 0.0, 1.0, 1.0, 0.0, 0.0, 0.0, 0.0, 1.0, 0.0, 0.0, 1.0, 0.0, 1.0, 0.0, 1.0, 0.0, 0.0, 0.0, 0.0, 1.0, 0.0, 0.0, 1.0, 0.0, 0.0, 1.0, 0.0, 1.0, 0.0, 1.0, 0.0, 0.0, 1.0, 0.0, 0.0, 1.0, 0.0, 0.0, 0.0, 1.0, 0.0, 1.0, 0.0, 0.0, 1.0, 0.0, 0.0, 0.0, 0.0, 1.0, 0.0, 1.0, 0.0, 1.0, 0.0, 0.0, 0.0, 1.0, 0.0, 1.0, 0.0, 0.0, 0.0, 1.0, 0.0, 1.0, 0.0, 0.0, 0.0, 0.0, 1.0, 0.0, 1.0, 0.0, 0.0, 1.0, 0.0, 1.0, 0.0, 0.0, 0.0, 0.0, 1.0, 0.0, 0.0, 1.0, 0.0, 1.0, 0.0, 0.0, 1.0, 0.0, 1.0, 0.0, 0.0, 1.0, 0.0, 0.0, 0.0, 1.0, 0.0, 0.0, 1.0, 0.0, 1.0, 0.0, 0.0, 0.0, 1.0, 0.0, 0.0, 1.0, 0.0, 0.0, 1.0, 0.0, 1.0, 0.0, 0.0, 0.0, 0.0, 1.0, 0.0, 1.0, 0.0, 0.0, 1.0, 0.0, 0.0, 1.0, 0.0, 0.0, 1.0, 0.0, 0.0, 1.0, 0.0, 0.0, 1.0, 0.0, 0.0, 1.0, 0.0, 0.0, 0.0, 1.0, 0.0, 1.0, 0.0, 0.0, 1.0, 0.0, 0.0, 0.0, 1.0, 1.0, 0.0, 0.0, 0.0, 1.0, 0.0, 0.0, 1.0, 0.0, 0.0, 0.0, 1.0, 0.0, 1.0, 0.0, 0.0, 1.0, 0.0, 0.0, 1.0, 0.0, 0.0, 0.0, 1.0, 0.0, 0.0, 1.0, 0.0, 1.0, 0.0, 0.0, 0.0, 1.0, 1.0, 0.0, 0.0, 1.0, 0.0, 0.0, 0.0, 1.0, 0.0, 0.0, 0.0, 1.0, 1.0, 0.0, 0.0, 0.0, 1.0, 0.0, 0.0, 1.0, 0.0, 0.0, 0.0, 1.0, 1.0, 0.0, 0.0, 0.0, 0.0, 1.0, 0.0, 1.0, 0.0, 0.0, 0.0, 1.0, 0.0, 1.0, 0.0, 1.0, 0.0, 0.0, 0.0, 1.0, 0.0, 0.0, 0.0, 1.0, 0.0, 1.0, 0.0, 0.0, 1.0, 0.0, 0.0, 1.0, 0.0, 0.0, 0.0, 1.0, 0.0, 1.0, 0.0, 0.0, 0.0, 1.0, 0.0, 1.0, 0.0, 0.0, 0.0, 1.0, 0.0, 0.0, 1.0, 1.0, 0.0, 0.0, 0.0, 0.0, 1.0, 1.0, 0.0, 0.0, 1.0, 0.0, 0.0, 0.0, 1.0, 0.0, 0.0, 0.0, 1.0, 1.0, 0.0, 0.0, 0.0, 1.0, 0.0, 1.0, 0.0, 0.0, 0.0, 0.0, 1.0, 1.0, 0.0, 0.0, 0.0, 1.0, 0.0, 0.0, 1.0, 0.0, 0.0, 0.0, 1.0, 1.0, 0.0, 0.0, 0.0, 0.0, 1.0, 1.0, 0.0, 0.0, 0.0, 0.0, 1.0, 1.0, 0.0, 0.0, 0.0, 0.0, 1.0, 0.0, 1.0, 0.0, 0.0, 0.0, 1.0, 1.0, 0.0, 0.0, 0.0, 0.0, 1.0, 0.0, 0.0, 1.0, 0.0, 0.0, 1.0, 0.0, 1.0, 0.0, 1.0, 0.0, 0.0, 1.0, 0.0, 0.0, 0.0, 0.0, 1.0, 0.0, 1.0, 0.0, 1.0, 0.0, 0.0, 0.0, 1.0, 0.0, 0.0, 0.0, 1.0, 0.0, 1.0, 0.0, 0.0, 1.0, 0.0, 1.0, 0.0, 0.0, 0.0, 0.0, 1.0, 0.0, 1.0, 0.0, 0.0, 1.0, 0.0, 0.0, 1.0, 0.0, 0.0, 0.0, 1.0, 0.0, 1.0, 0.0, 0.0, 1.0, 0.0, 0.0, 0.0, 1.0, 0.0, 0.0, 1.0, 0.0, 1.0, 0.0, 0.0, 0.0, 1.0, 1.0, 0.0, 0.0, 0.0, 0.0, 1.0, 0.0, 1.0, 0.0, 0.0, 0.0, 1.0, 0.0, 1.0, 0.0, 0.0, 0.0, 1.0, 0.0, 0.0, 1.0, 1.0, 0.0, 0.0, 1.0, 0.0, 0.0, 0.0, 0.0, 1.0, 0.0, 0.0, 1.0, 1.0, 0.0, 0.0, 0.0, 1.0, 0.0, 0.0, 0.0, 1.0, 0.0, 0.0, 1.0, 1.0, 0.0, 0.0, 0.0, 0.0, 1.0, 0.0, 0.0, 1.0, 0.0, 0.0, 1.0, 0.0, 1.0, 0.0, 0.0, 1.0, 0.0, 0.0, 0.0, 1.0, 0.0, 0.0, 1.0, 0.0, 1.0, 0.0, 0.0, 0.0, 1.0, 0.0, 0.0, 1.0, 0.0, 0.0, 1.0, 0.0, 0.0, 1.0, 1.0, 0.0, 0.0, 0.0, 0.0, 1.0, 0.0, 0.0, 1.0, 0.0, 0.0, 1.0, 0.0, 1.0, 0.0, 0.0, 0.0, 1.0, 0.0, 0.0, 1.0, 0.0, 0.0, 1.0, 0.0, 0.0, 1.0]]

[2024-10-14T10:37:59.186137][INFO][seed114] Sampled 1000 data instances
[2024-10-14T10:37:59.186683][INFO][seed114] Starting exact inference 
[2024-10-14T10:38:11.983396][INFO][seed87] PN(V2,V0) in [0.4224087747786391, 0.443681893848872] 
[2024-10-14T10:38:12.063096][INFO][seed87] Saved data to: /mnt/beegfs/rcabanas/dev/credici/papers/zeros/models/s3/simple_nparents2_nzr04_zdr05_ysize3_87.csv
[2024-10-14T10:38:12.106292][INFO][seed87] Saved model to: /mnt/beegfs/rcabanas/dev/credici/papers/zeros/models/s3/simple_nparents2_nzr04_zdr05_ysize3_87.uai
[2024-10-14T10:38:12.120893][INFO][seed87] Saved queries to: /mnt/beegfs/rcabanas/dev/credici/papers/zeros/models/s3/simple_nparents2_nzr04_zdr05_ysize3_87_query.csv
[2024-10-14T10:38:12.121709][INFO][seed87] Closing log file
[2024-10-14T10:38:12.121902][INFO][seed87] Closed log file
['genn.py', '2', '0.4', '0.5', '200', '3']
2 0.4 0.5 200
/mnt/beegfs/rcabanas/dev/credici/papers/zeros/code/GenerateNparents.java
[2024-10-14T10:38:14.206279][INFO][seed23] PN(V2,V0) in [0.0, 0.009227075644103631] 
[2024-10-14T10:38:14.272063][INFO][seed23] Saved data to: /mnt/beegfs/rcabanas/dev/credici/papers/zeros/models/s3/simple_nparents2_nzr04_zdr05_ysize3_23.csv
[2024-10-14T10:38:14.300266][INFO][seed23] Saved model to: /mnt/beegfs/rcabanas/dev/credici/papers/zeros/models/s3/simple_nparents2_nzr04_zdr05_ysize3_23.uai
[2024-10-14T10:38:14.308165][INFO][seed23] Saved queries to: /mnt/beegfs/rcabanas/dev/credici/papers/zeros/models/s3/simple_nparents2_nzr04_zdr05_ysize3_23_query.csv
[2024-10-14T10:38:14.308371][INFO][seed23] Closing log file
[2024-10-14T10:38:14.308507][INFO][seed23] Closed log file
['genn.py', '2', '0.4', '0.5', '90', '3']
2 0.4 0.5 90
/mnt/beegfs/rcabanas/dev/credici/papers/zeros/code/GenerateNparents.java
[2024-10-14T10:38:16.409114][INFO][seed21] PS(V2,V0) in [0.08195753992157054, 1.0]
[2024-10-14T10:38:16.713328][INFO][seed200] Set up logging
[2024-10-14T10:38:16.752721][INFO][seed200] args: -np;2;-nzr;0.4;-zdr;0.5;-o;/mnt/beegfs/rcabanas/dev/credici/papers/zeros/models/s3;-rw;-s;200;-ys;3
[2024-10-14T10:38:16.755636][INFO][seed200] Starting logger with seed 200
[2024-10-14T10:38:16.786545][INFO][seed200] simple_nparents2_nzr04_zdr05_ysize3_200
[2024-10-14T10:38:17.431663][INFO][seed200] U cardinality: 81
[2024-10-14T10:38:17.444186][INFO][seed200] !0 = [1, 3, 12, 13, 16, 17, 18, 21, 23, 24, 25, 26, 27, 28, 31, 32, 33, 34, 45, 49, 50, 52, 53, 64, 67, 69, 70, 76, 77, 78, 79, 80]
[2024-10-14T10:38:17.445614][INFO][seed200] 0 = [0, 2, 4, 5, 6, 7, 8, 9, 10, 11, 14, 15, 19, 20, 22, 29, 30, 35, 36, 37, 38, 39, 40, 41, 42, 43, 44, 46, 47, 48, 51, 54, 55, 56, 57, 58, 59, 60, 61, 62, 63, 65, 66, 68, 71, 72, 73, 74, 75]
[2024-10-14T10:38:17.458816][INFO][seed200] Dropping state 74
[2024-10-14T10:38:17.460890][INFO][seed200] Dropping state 73
[2024-10-14T10:38:17.468125][INFO][seed200] Dropping state 72
[2024-10-14T10:38:17.473126][INFO][seed200] Dropping state 71
[2024-10-14T10:38:17.480105][INFO][seed200] Dropping state 62
[2024-10-14T10:38:17.492383][INFO][seed200] Dropping state 60
[2024-10-14T10:38:17.494938][INFO][seed200] Dropping state 59
[2024-10-14T10:38:17.499040][INFO][seed200] Dropping state 56
[2024-10-14T10:38:17.506498][INFO][seed200] Dropping state 55
[2024-10-14T10:38:17.508338][INFO][seed200] Dropping state 54
[2024-10-14T10:38:17.509375][INFO][seed200] Dropping state 48
[2024-10-14T10:38:17.512319][INFO][seed200] Dropping state 46
[2024-10-14T10:38:17.513615][INFO][seed200] Dropping state 40
[2024-10-14T10:38:17.520059][INFO][seed200] Dropping state 35
[2024-10-14T10:38:17.522404][INFO][seed200] Dropping state 30
[2024-10-14T10:38:17.523134][INFO][seed200] Dropping state 15
[2024-10-14T10:38:17.526677][INFO][seed200] Dropping state 10
[2024-10-14T10:38:17.528698][INFO][seed200] Dropping state 9
[2024-10-14T10:38:17.535486][INFO][seed200] Dropping state 8
[2024-10-14T10:38:17.537776][INFO][seed200] Dropping state 7
[2024-10-14T10:38:17.539196][INFO][seed200] Dropping state 6
[2024-10-14T10:38:17.539955][INFO][seed200] Dropping state 0
[2024-10-14T10:38:17.552323][INFO][seed200] U cardinality: 59
[2024-10-14T10:38:17.578807][INFO][seed200] 
[P([5]) [0.008, 0.992], P([4]) [0.938, 0.062], P([3]) [0.225, 0.0, 0.001, 0.0, 0.0, 0.0, 0.001, 0.001, 0.0, 0.001, 0.001, 0.001, 0.0, 0.0, 0.001, 0.0, 0.001, 0.001, 0.001, 0.001, 0.001, 0.001, 0.0, 0.001, 0.001, 0.001, 0.001, 0.0, 0.0, 0.0, 0.0, 0.0, 0.0, 0.0, 0.0, 0.001, 0.0, 0.023, 0.004, 0.0, 0.001, 0.001, 0.0, 0.0, 0.0, 0.0, 0.001, 0.0, 0.0, 0.001, 0.0, 0.001, 0.001, 0.0, 0.001, 0.001, 0.001, 0.001, 0.72], P([2, 5]) [1.0, 0.0, 0.0, 1.0], P([1, 4]) [1.0, 0.0, 0.0, 1.0], P([0, 1, 2, 3]) [1.0, 0.0, 0.0, 1.0, 0.0, 0.0, 1.0, 0.0, 0.0, 0.0, 1.0, 0.0, 1.0, 0.0, 0.0, 1.0, 0.0, 0.0, 1.0, 0.0, 0.0, 0.0, 0.0, 1.0, 1.0, 0.0, 0.0, 1.0, 0.0, 0.0, 0.0, 1.0, 0.0, 1.0, 0.0, 0.0, 1.0, 0.0, 0.0, 1.0, 0.0, 0.0, 0.0, 1.0, 0.0, 0.0, 1.0, 0.0, 1.0, 0.0, 0.0, 1.0, 0.0, 0.0, 0.0, 1.0, 0.0, 0.0, 0.0, 1.0, 1.0, 0.0, 0.0, 0.0, 1.0, 0.0, 1.0, 0.0, 0.0, 0.0, 0.0, 1.0, 1.0, 0.0, 0.0, 0.0, 1.0, 0.0, 0.0, 1.0, 0.0, 1.0, 0.0, 0.0, 1.0, 0.0, 0.0, 0.0, 1.0, 0.0, 0.0, 1.0, 0.0, 0.0, 1.0, 0.0, 1.0, 0.0, 0.0, 0.0, 1.0, 0.0, 0.0, 1.0, 0.0, 0.0, 0.0, 1.0, 1.0, 0.0, 0.0, 0.0, 1.0, 0.0, 0.0, 0.0, 1.0, 0.0, 1.0, 0.0, 1.0, 0.0, 0.0, 0.0, 1.0, 0.0, 0.0, 0.0, 1.0, 0.0, 0.0, 1.0, 1.0, 0.0, 0.0, 0.0, 0.0, 1.0, 1.0, 0.0, 0.0, 1.0, 0.0, 0.0, 1.0, 0.0, 0.0, 0.0, 0.0, 1.0, 1.0, 0.0, 0.0, 0.0, 1.0, 0.0, 1.0, 0.0, 0.0, 0.0, 0.0, 1.0, 1.0, 0.0, 0.0, 0.0, 0.0, 1.0, 1.0, 0.0, 0.0, 0.0, 0.0, 1.0, 0.0, 1.0, 0.0, 1.0, 0.0, 0.0, 1.0, 0.0, 0.0, 0.0, 0.0, 1.0, 0.0, 1.0, 0.0, 0.0, 1.0, 0.0, 1.0, 0.0, 0.0, 0.0, 0.0, 1.0, 0.0, 1.0, 0.0, 0.0, 0.0, 1.0, 1.0, 0.0, 0.0, 0.0, 0.0, 1.0, 0.0, 0.0, 1.0, 1.0, 0.0, 0.0, 1.0, 0.0, 0.0, 0.0, 0.0, 1.0, 0.0, 0.0, 1.0, 0.0, 1.0, 0.0, 1.0, 0.0, 0.0, 0.0, 0.0, 1.0, 0.0, 0.0, 1.0, 0.0, 0.0, 1.0, 0.0, 1.0, 0.0, 1.0, 0.0, 0.0, 1.0, 0.0, 0.0, 1.0, 0.0, 0.0, 0.0, 1.0, 0.0, 1.0, 0.0, 0.0, 1.0, 0.0, 0.0, 0.0, 1.0, 0.0, 0.0, 1.0, 0.0, 1.0, 0.0, 0.0, 1.0, 0.0, 0.0, 0.0, 0.0, 1.0, 0.0, 1.0, 0.0, 1.0, 0.0, 0.0, 0.0, 1.0, 0.0, 0.0, 1.0, 0.0, 0.0, 1.0, 0.0, 1.0, 0.0, 0.0, 0.0, 1.0, 0.0, 0.0, 0.0, 1.0, 0.0, 1.0, 0.0, 1.0, 0.0, 0.0, 0.0, 0.0, 1.0, 1.0, 0.0, 0.0, 0.0, 1.0, 0.0, 1.0, 0.0, 0.0, 0.0, 0.0, 1.0, 0.0, 1.0, 0.0, 0.0, 1.0, 0.0, 0.0, 1.0, 0.0, 1.0, 0.0, 0.0, 1.0, 0.0, 0.0, 0.0, 1.0, 0.0, 0.0, 1.0, 0.0, 1.0, 0.0, 0.0, 0.0, 1.0, 0.0, 0.0, 1.0, 0.0, 0.0, 1.0, 0.0, 1.0, 0.0, 0.0, 0.0, 0.0, 1.0, 0.0, 1.0, 0.0, 0.0, 1.0, 0.0, 0.0, 1.0, 0.0, 1.0, 0.0, 0.0, 0.0, 1.0, 0.0, 0.0, 1.0, 0.0, 0.0, 1.0, 0.0, 0.0, 0.0, 1.0, 0.0, 1.0, 0.0, 0.0, 1.0, 0.0, 0.0, 0.0, 1.0, 1.0, 0.0, 0.0, 0.0, 1.0, 0.0, 0.0, 1.0, 0.0, 0.0, 0.0, 1.0, 0.0, 1.0, 0.0, 0.0, 1.0, 0.0, 0.0, 1.0, 0.0, 0.0, 0.0, 1.0, 0.0, 0.0, 1.0, 0.0, 1.0, 0.0, 0.0, 0.0, 1.0, 1.0, 0.0, 0.0, 1.0, 0.0, 0.0, 0.0, 1.0, 0.0, 0.0, 0.0, 1.0, 1.0, 0.0, 0.0, 0.0, 0.0, 1.0, 0.0, 1.0, 0.0, 0.0, 0.0, 1.0, 0.0, 1.0, 0.0, 0.0, 1.0, 0.0, 0.0, 1.0, 0.0, 0.0, 0.0, 1.0, 0.0, 1.0, 0.0, 0.0, 0.0, 1.0, 0.0, 1.0, 0.0, 0.0, 0.0, 1.0, 0.0, 0.0, 1.0, 1.0, 0.0, 0.0, 0.0, 1.0, 0.0, 0.0, 0.0, 1.0, 0.0, 0.0, 1.0, 0.0, 1.0, 0.0, 0.0, 1.0, 0.0, 0.0, 0.0, 1.0, 0.0, 0.0, 1.0, 0.0, 0.0, 1.0, 0.0, 0.0, 1.0, 1.0, 0.0, 0.0, 0.0, 1.0, 0.0, 1.0, 0.0, 0.0, 0.0, 0.0, 1.0, 1.0, 0.0, 0.0, 0.0, 1.0, 0.0, 0.0, 1.0, 0.0, 0.0, 0.0, 1.0, 1.0, 0.0, 0.0, 0.0, 0.0, 1.0, 0.0, 1.0, 0.0, 0.0, 0.0, 1.0, 0.0, 1.0, 0.0, 1.0, 0.0, 0.0, 1.0, 0.0, 0.0, 0.0, 0.0, 1.0, 0.0, 1.0, 0.0, 1.0, 0.0, 0.0, 0.0, 1.0, 0.0, 0.0, 0.0, 1.0, 0.0, 1.0, 0.0, 1.0, 0.0, 0.0, 0.0, 0.0, 1.0, 0.0, 0.0, 1.0, 0.0, 1.0, 0.0, 0.0, 1.0, 0.0, 1.0, 0.0, 0.0, 0.0, 0.0, 1.0, 0.0, 1.0, 0.0, 0.0, 1.0, 0.0, 0.0, 1.0, 0.0, 0.0, 0.0, 1.0, 0.0, 1.0, 0.0, 0.0, 1.0, 0.0, 0.0, 0.0, 1.0, 0.0, 0.0, 1.0, 0.0, 1.0, 0.0, 0.0, 0.0, 1.0, 1.0, 0.0, 0.0, 0.0, 0.0, 1.0, 0.0, 1.0, 0.0, 0.0, 0.0, 1.0, 0.0, 1.0, 0.0, 0.0, 0.0, 1.0, 0.0, 0.0, 1.0, 0.0, 1.0, 0.0, 1.0, 0.0, 0.0, 0.0, 0.0, 1.0, 0.0, 0.0, 1.0, 0.0, 1.0, 0.0, 0.0, 1.0, 0.0, 0.0, 0.0, 1.0, 0.0, 0.0, 1.0, 0.0, 1.0, 0.0, 0.0, 0.0, 1.0, 0.0, 0.0, 1.0, 0.0, 0.0, 1.0, 0.0, 0.0, 1.0, 1.0, 0.0, 0.0, 0.0, 0.0, 1.0, 0.0, 0.0, 1.0, 0.0, 0.0, 1.0, 0.0, 1.0, 0.0, 0.0, 0.0, 1.0, 0.0, 0.0, 1.0, 0.0, 0.0, 1.0, 0.0, 0.0, 1.0]]

[2024-10-14T10:38:17.911934][INFO][seed90] Set up logging
[2024-10-14T10:38:17.943376][INFO][seed90] args: -np;2;-nzr;0.4;-zdr;0.5;-o;/mnt/beegfs/rcabanas/dev/credici/papers/zeros/models/s3;-rw;-s;90;-ys;3
[2024-10-14T10:38:17.946678][INFO][seed90] Starting logger with seed 90
[2024-10-14T10:38:17.965448][INFO][seed90] simple_nparents2_nzr04_zdr05_ysize3_90
[2024-10-14T10:38:18.068943][INFO][seed200] Sampled 1000 data instances
[2024-10-14T10:38:18.069604][INFO][seed200] Starting exact inference 
[2024-10-14T10:38:18.321888][INFO][seed90] U cardinality: 81
[2024-10-14T10:38:18.330299][INFO][seed90] !0 = [2, 6, 7, 8, 9, 10, 14, 16, 17, 21, 25, 28, 29, 33, 34, 36, 39, 42, 44, 46, 48, 49, 53, 55, 61, 63, 65, 68, 69, 71, 79, 80]
[2024-10-14T10:38:18.331050][INFO][seed90] 0 = [0, 1, 3, 4, 5, 11, 12, 13, 15, 18, 19, 20, 22, 23, 24, 26, 27, 30, 31, 32, 35, 37, 38, 40, 41, 43, 45, 47, 50, 51, 52, 54, 56, 57, 58, 59, 60, 62, 64, 66, 67, 70, 72, 73, 74, 75, 76, 77, 78]
[2024-10-14T10:38:18.342403][INFO][seed90] Dropping state 73
[2024-10-14T10:38:18.344787][INFO][seed90] Dropping state 72
[2024-10-14T10:38:18.347042][INFO][seed90] Dropping state 67
[2024-10-14T10:38:18.353351][INFO][seed90] Dropping state 66
[2024-10-14T10:38:18.358920][INFO][seed90] Dropping state 62
[2024-10-14T10:38:18.368449][INFO][seed90] Dropping state 59
[2024-10-14T10:38:18.371946][INFO][seed90] Dropping state 54
[2024-10-14T10:38:18.374096][INFO][seed90] Dropping state 52
[2024-10-14T10:38:18.376094][INFO][seed90] Dropping state 47
[2024-10-14T10:38:18.377325][INFO][seed90] Dropping state 45
[2024-10-14T10:38:18.379103][INFO][seed90] Dropping state 43
[2024-10-14T10:38:18.388683][INFO][seed90] Dropping state 40
[2024-10-14T10:38:18.389959][INFO][seed90] Dropping state 38
[2024-10-14T10:38:18.392038][INFO][seed90] Dropping state 37
[2024-10-14T10:38:18.394108][INFO][seed90] Dropping state 35
[2024-10-14T10:38:18.394760][INFO][seed90] Dropping state 31
[2024-10-14T10:38:18.398093][INFO][seed90] Dropping state 27
[2024-10-14T10:38:18.400556][INFO][seed90] Dropping state 26
[2024-10-14T10:38:18.405873][INFO][seed90] Dropping state 23
[2024-10-14T10:38:18.407754][INFO][seed90] Dropping state 12
[2024-10-14T10:38:18.409022][INFO][seed90] Dropping state 4
[2024-10-14T10:38:18.410305][INFO][seed90] Dropping state 0
[2024-10-14T10:38:18.420471][INFO][seed90] U cardinality: 59
[2024-10-14T10:38:18.440350][INFO][seed90] 
[P([5]) [0.475, 0.525], P([4]) [0.302, 0.698], P([3]) [0.0, 0.001, 0.0, 0.0, 0.001, 0.001, 0.001, 0.001, 0.001, 0.0, 0.0, 0.004, 0.0, 0.001, 0.001, 0.0, 0.0, 0.0, 0.001, 0.0, 0.0, 0.001, 0.001, 0.001, 0.0, 0.0, 0.002, 0.001, 0.001, 0.001, 0.0, 0.001, 0.001, 0.001, 0.001, 0.026, 0.0, 0.0, 0.001, 0.001, 0.0, 0.0, 0.0, 0.0, 0.015, 0.001, 0.0, 0.001, 0.234, 0.001, 0.0, 0.373, 0.0, 0.0, 0.0, 0.0, 0.0, 0.001, 0.321], P([2, 5]) [1.0, 0.0, 0.0, 1.0], P([1, 4]) [1.0, 0.0, 0.0, 1.0], P([0, 1, 2, 3]) [1.0, 0.0, 0.0, 1.0, 0.0, 0.0, 1.0, 0.0, 0.0, 0.0, 1.0, 0.0, 1.0, 0.0, 0.0, 1.0, 0.0, 0.0, 1.0, 0.0, 0.0, 0.0, 0.0, 1.0, 1.0, 0.0, 0.0, 1.0, 0.0, 0.0, 0.0, 1.0, 0.0, 1.0, 0.0, 0.0, 1.0, 0.0, 0.0, 1.0, 0.0, 0.0, 0.0, 1.0, 0.0, 0.0, 0.0, 1.0, 1.0, 0.0, 0.0, 1.0, 0.0, 0.0, 0.0, 0.0, 1.0, 1.0, 0.0, 0.0, 1.0, 0.0, 0.0, 1.0, 0.0, 0.0, 0.0, 0.0, 1.0, 0.0, 1.0, 0.0, 1.0, 0.0, 0.0, 1.0, 0.0, 0.0, 0.0, 0.0, 1.0, 0.0, 0.0, 1.0, 1.0, 0.0, 0.0, 0.0, 1.0, 0.0, 1.0, 0.0, 0.0, 1.0, 0.0, 0.0, 1.0, 0.0, 0.0, 0.0, 1.0, 0.0, 1.0, 0.0, 0.0, 0.0, 1.0, 0.0, 1.0, 0.0, 0.0, 0.0, 1.0, 0.0, 1.0, 0.0, 0.0, 0.0, 0.0, 1.0, 1.0, 0.0, 0.0, 0.0, 1.0, 0.0, 0.0, 1.0, 0.0, 0.0, 1.0, 0.0, 1.0, 0.0, 0.0, 0.0, 1.0, 0.0, 0.0, 1.0, 0.0, 0.0, 0.0, 1.0, 1.0, 0.0, 0.0, 0.0, 1.0, 0.0, 0.0, 0.0, 1.0, 1.0, 0.0, 0.0, 1.0, 0.0, 0.0, 0.0, 1.0, 0.0, 0.0, 0.0, 1.0, 0.0, 1.0, 0.0, 1.0, 0.0, 0.0, 0.0, 1.0, 0.0, 0.0, 0.0, 1.0, 0.0, 0.0, 1.0, 1.0, 0.0, 0.0, 0.0, 0.0, 1.0, 1.0, 0.0, 0.0, 1.0, 0.0, 0.0, 1.0, 0.0, 0.0, 0.0, 0.0, 1.0, 1.0, 0.0, 0.0, 0.0, 1.0, 0.0, 1.0, 0.0, 0.0, 0.0, 0.0, 1.0, 1.0, 0.0, 0.0, 0.0, 0.0, 1.0, 1.0, 0.0, 0.0, 0.0, 0.0, 1.0, 0.0, 1.0, 0.0, 1.0, 0.0, 0.0, 1.0, 0.0, 0.0, 0.0, 0.0, 1.0, 0.0, 1.0, 0.0, 0.0, 1.0, 0.0, 1.0, 0.0, 0.0, 0.0, 0.0, 1.0, 0.0, 0.0, 1.0, 1.0, 0.0, 0.0, 1.0, 0.0, 0.0, 0.0, 0.0, 1.0, 0.0, 0.0, 1.0, 0.0, 1.0, 0.0, 0.0, 1.0, 0.0, 1.0, 0.0, 0.0, 1.0, 0.0, 0.0, 0.0, 1.0, 0.0, 0.0, 1.0, 0.0, 1.0, 0.0, 0.0, 1.0, 0.0, 0.0, 0.0, 0.0, 1.0, 0.0, 1.0, 0.0, 1.0, 0.0, 0.0, 0.0, 1.0, 0.0, 1.0, 0.0, 0.0, 0.0, 1.0, 0.0, 1.0, 0.0, 0.0, 0.0, 1.0, 0.0, 0.0, 0.0, 1.0, 0.0, 1.0, 0.0, 1.0, 0.0, 0.0, 0.0, 0.0, 1.0, 1.0, 0.0, 0.0, 0.0, 1.0, 0.0, 1.0, 0.0, 0.0, 0.0, 0.0, 1.0, 0.0, 1.0, 0.0, 0.0, 1.0, 0.0, 0.0, 1.0, 0.0, 1.0, 0.0, 0.0, 1.0, 0.0, 0.0, 0.0, 1.0, 0.0, 0.0, 1.0, 0.0, 0.0, 1.0, 0.0, 1.0, 0.0, 0.0, 0.0, 1.0, 0.0, 0.0, 1.0, 0.0, 0.0, 1.0, 0.0, 0.0, 0.0, 1.0, 0.0, 1.0, 0.0, 0.0, 1.0, 0.0, 0.0, 0.0, 1.0, 1.0, 0.0, 0.0, 0.0, 1.0, 0.0, 0.0, 1.0, 0.0, 0.0, 0.0, 1.0, 0.0, 0.0, 1.0, 0.0, 1.0, 0.0, 0.0, 0.0, 1.0, 1.0, 0.0, 0.0, 0.0, 1.0, 0.0, 0.0, 1.0, 0.0, 0.0, 0.0, 1.0, 0.0, 1.0, 0.0, 1.0, 0.0, 0.0, 0.0, 1.0, 0.0, 0.0, 0.0, 1.0, 0.0, 1.0, 0.0, 0.0, 1.0, 0.0, 0.0, 1.0, 0.0, 0.0, 0.0, 1.0, 0.0, 1.0, 0.0, 0.0, 0.0, 1.0, 0.0, 1.0, 0.0, 0.0, 0.0, 1.0, 0.0, 0.0, 1.0, 1.0, 0.0, 0.0, 0.0, 1.0, 0.0, 0.0, 0.0, 1.0, 0.0, 0.0, 1.0, 0.0, 0.0, 1.0, 0.0, 0.0, 1.0, 1.0, 0.0, 0.0, 1.0, 0.0, 0.0, 0.0, 1.0, 0.0, 0.0, 0.0, 1.0, 1.0, 0.0, 0.0, 1.0, 0.0, 0.0, 0.0, 0.0, 1.0, 0.0, 0.0, 1.0, 1.0, 0.0, 0.0, 0.0, 1.0, 0.0, 1.0, 0.0, 0.0, 0.0, 0.0, 1.0, 1.0, 0.0, 0.0, 0.0, 1.0, 0.0, 0.0, 1.0, 0.0, 0.0, 0.0, 1.0, 1.0, 0.0, 0.0, 0.0, 0.0, 1.0, 1.0, 0.0, 0.0, 0.0, 0.0, 1.0, 1.0, 0.0, 0.0, 0.0, 0.0, 1.0, 0.0, 1.0, 0.0, 0.0, 0.0, 1.0, 0.0, 1.0, 0.0, 1.0, 0.0, 0.0, 1.0, 0.0, 0.0, 0.0, 0.0, 1.0, 0.0, 1.0, 0.0, 1.0, 0.0, 0.0, 0.0, 1.0, 0.0, 0.0, 0.0, 1.0, 0.0, 1.0, 0.0, 1.0, 0.0, 0.0, 0.0, 0.0, 1.0, 0.0, 0.0, 1.0, 0.0, 1.0, 0.0, 0.0, 1.0, 0.0, 0.0, 0.0, 1.0, 0.0, 0.0, 1.0, 0.0, 1.0, 0.0, 0.0, 0.0, 1.0, 1.0, 0.0, 0.0, 0.0, 0.0, 1.0, 0.0, 1.0, 0.0, 0.0, 0.0, 1.0, 0.0, 1.0, 0.0, 0.0, 0.0, 1.0, 0.0, 1.0, 0.0, 0.0, 0.0, 1.0, 0.0, 0.0, 1.0, 0.0, 0.0, 1.0, 0.0, 0.0, 1.0, 1.0, 0.0, 0.0, 0.0, 0.0, 1.0, 0.0, 0.0, 1.0, 0.0, 0.0, 1.0, 0.0, 1.0, 0.0, 1.0, 0.0, 0.0, 0.0, 0.0, 1.0, 0.0, 0.0, 1.0, 0.0, 1.0, 0.0, 0.0, 1.0, 0.0, 0.0, 0.0, 1.0, 0.0, 0.0, 1.0, 0.0, 1.0, 0.0, 0.0, 0.0, 1.0, 0.0, 0.0, 1.0, 0.0, 0.0, 1.0, 0.0, 0.0, 1.0, 1.0, 0.0, 0.0, 0.0, 0.0, 1.0, 0.0, 0.0, 1.0, 0.0, 0.0, 1.0, 0.0, 1.0, 0.0, 0.0, 0.0, 1.0, 0.0, 0.0, 1.0, 0.0, 0.0, 1.0, 0.0, 0.0, 1.0]]

[2024-10-14T10:38:18.872557][INFO][seed90] Sampled 1000 data instances
[2024-10-14T10:38:18.873405][INFO][seed90] Starting exact inference 
[2024-10-14T10:38:20.289188][INFO][seed200] PS(V1,V0) in [0.0, 0.9809983889800791]
[2024-10-14T10:38:20.359522][INFO][seed200] PS(V2,V0) in [0.0, 0.070875]
[2024-10-14T10:38:20.417888][INFO][seed200] PN(V1,V0) in [0.0, 0.937259444714323] 
[2024-10-14T10:38:20.459093][INFO][seed200] PN(V2,V0) in [0.0, 0.5736088150902807] 
[2024-10-14T10:38:20.526928][INFO][seed200] Saved data to: /mnt/beegfs/rcabanas/dev/credici/papers/zeros/models/s3/simple_nparents2_nzr04_zdr05_ysize3_200.csv
[2024-10-14T10:38:20.574541][INFO][seed200] Saved model to: /mnt/beegfs/rcabanas/dev/credici/papers/zeros/models/s3/simple_nparents2_nzr04_zdr05_ysize3_200.uai
[2024-10-14T10:38:20.588127][INFO][seed200] Saved queries to: /mnt/beegfs/rcabanas/dev/credici/papers/zeros/models/s3/simple_nparents2_nzr04_zdr05_ysize3_200_query.csv
[2024-10-14T10:38:20.589001][INFO][seed200] Closing log file
[2024-10-14T10:38:20.590194][INFO][seed200] Closed log file
['genn.py', '2', '0.4', '0.5', '120', '3']
2 0.4 0.5 120
/mnt/beegfs/rcabanas/dev/credici/papers/zeros/code/GenerateNparents.java
[2024-10-14T10:38:24.647729][INFO][seed120] Set up logging
[2024-10-14T10:38:24.688559][INFO][seed120] args: -np;2;-nzr;0.4;-zdr;0.5;-o;/mnt/beegfs/rcabanas/dev/credici/papers/zeros/models/s3;-rw;-s;120;-ys;3
[2024-10-14T10:38:24.695598][INFO][seed120] Starting logger with seed 120
[2024-10-14T10:38:24.701735][INFO][seed120] simple_nparents2_nzr04_zdr05_ysize3_120
[2024-10-14T10:38:24.982075][INFO][seed120] U cardinality: 81
[2024-10-14T10:38:24.992914][INFO][seed120] !0 = [1, 3, 4, 6, 9, 11, 14, 15, 16, 19, 20, 22, 25, 27, 29, 35, 36, 39, 42, 45, 50, 54, 57, 58, 61, 62, 68, 73, 76, 77, 78, 80]
[2024-10-14T10:38:24.994506][INFO][seed120] 0 = [0, 2, 5, 7, 8, 10, 12, 13, 17, 18, 21, 23, 24, 26, 28, 30, 31, 32, 33, 34, 37, 38, 40, 41, 43, 44, 46, 47, 48, 49, 51, 52, 53, 55, 56, 59, 60, 63, 64, 65, 66, 67, 69, 70, 71, 72, 74, 75, 79]
[2024-10-14T10:38:25.003669][INFO][seed120] Dropping state 74
[2024-10-14T10:38:25.005574][INFO][seed120] Dropping state 72
[2024-10-14T10:38:25.007125][INFO][seed120] Dropping state 71
[2024-10-14T10:38:25.010363][INFO][seed120] Dropping state 70
[2024-10-14T10:38:25.017013][INFO][seed120] Dropping state 69
[2024-10-14T10:38:25.028252][INFO][seed120] Dropping state 67
[2024-10-14T10:38:25.033266][INFO][seed120] Dropping state 65
[2024-10-14T10:38:25.035751][INFO][seed120] Dropping state 64
[2024-10-14T10:38:25.041246][INFO][seed120] Dropping state 60
[2024-10-14T10:38:25.042928][INFO][seed120] Dropping state 59
[2024-10-14T10:38:25.043945][INFO][seed120] Dropping state 41
[2024-10-14T10:38:25.047063][INFO][seed120] Dropping state 40
[2024-10-14T10:38:25.049558][INFO][seed120] Dropping state 33
[2024-10-14T10:38:25.052551][INFO][seed120] Dropping state 26
[2024-10-14T10:38:25.054449][INFO][seed120] Dropping state 24
[2024-10-14T10:38:25.055825][INFO][seed120] Dropping state 23
[2024-10-14T10:38:25.061544][INFO][seed120] Dropping state 12
[2024-10-14T10:38:25.063430][INFO][seed120] Dropping state 2
[2024-10-14T10:38:25.069998][INFO][seed120] U cardinality: 63
[2024-10-14T10:38:25.085895][INFO][seed120] 
[P([5]) [0.477, 0.523], P([4]) [0.664, 0.336], P([3]) [0.0, 0.001, 0.001, 0.109, 0.0, 0.001, 0.0, 0.0, 0.082, 0.0, 0.001, 0.0, 0.001, 0.001, 0.001, 0.0, 0.0, 0.001, 0.001, 0.0, 0.001, 0.001, 0.001, 0.0, 0.001, 0.0, 0.0, 0.0, 0.0, 0.001, 0.001, 0.0, 0.0, 0.001, 0.001, 0.0, 0.0, 0.001, 0.0, 0.0, 0.0, 0.0, 0.005, 0.0, 0.0, 0.0, 0.001, 0.0, 0.0, 0.001, 0.001, 0.001, 0.001, 0.0, 0.0, 0.001, 0.001, 0.0, 0.001, 0.001, 0.001, 0.0, 0.776], P([2, 5]) [1.0, 0.0, 0.0, 1.0], P([1, 4]) [1.0, 0.0, 0.0, 1.0], P([0, 1, 2, 3]) [1.0, 0.0, 0.0, 1.0, 0.0, 0.0, 1.0, 0.0, 0.0, 1.0, 0.0, 0.0, 1.0, 0.0, 0.0, 1.0, 0.0, 0.0, 1.0, 0.0, 0.0, 0.0, 1.0, 0.0, 1.0, 0.0, 0.0, 1.0, 0.0, 0.0, 0.0, 1.0, 0.0, 1.0, 0.0, 0.0, 1.0, 0.0, 0.0, 1.0, 0.0, 0.0, 0.0, 1.0, 0.0, 0.0, 1.0, 0.0, 1.0, 0.0, 0.0, 1.0, 0.0, 0.0, 0.0, 1.0, 0.0, 0.0, 0.0, 1.0, 1.0, 0.0, 0.0, 1.0, 0.0, 0.0, 0.0, 0.0, 1.0, 1.0, 0.0, 0.0, 1.0, 0.0, 0.0, 1.0, 0.0, 0.0, 0.0, 0.0, 1.0, 0.0, 1.0, 0.0, 1.0, 0.0, 0.0, 1.0, 0.0, 0.0, 0.0, 0.0, 1.0, 0.0, 0.0, 1.0, 1.0, 0.0, 0.0, 0.0, 1.0, 0.0, 1.0, 0.0, 0.0, 1.0, 0.0, 0.0, 1.0, 0.0, 0.0, 0.0, 1.0, 0.0, 1.0, 0.0, 0.0, 0.0, 1.0, 0.0, 1.0, 0.0, 0.0, 0.0, 1.0, 0.0, 1.0, 0.0, 0.0, 0.0, 0.0, 1.0, 1.0, 0.0, 0.0, 0.0, 1.0, 0.0, 0.0, 1.0, 0.0, 0.0, 1.0, 0.0, 1.0, 0.0, 0.0, 0.0, 1.0, 0.0, 0.0, 1.0, 0.0, 0.0, 0.0, 1.0, 1.0, 0.0, 0.0, 0.0, 1.0, 0.0, 0.0, 0.0, 1.0, 1.0, 0.0, 0.0, 1.0, 0.0, 0.0, 0.0, 1.0, 0.0, 0.0, 0.0, 1.0, 0.0, 1.0, 0.0, 1.0, 0.0, 0.0, 0.0, 1.0, 0.0, 0.0, 0.0, 1.0, 0.0, 0.0, 1.0, 1.0, 0.0, 0.0, 0.0, 0.0, 1.0, 1.0, 0.0, 0.0, 1.0, 0.0, 0.0, 1.0, 0.0, 0.0, 0.0, 0.0, 1.0, 1.0, 0.0, 0.0, 0.0, 1.0, 0.0, 1.0, 0.0, 0.0, 0.0, 0.0, 1.0, 1.0, 0.0, 0.0, 0.0, 0.0, 1.0, 1.0, 0.0, 0.0, 0.0, 0.0, 1.0, 0.0, 1.0, 0.0, 1.0, 0.0, 0.0, 1.0, 0.0, 0.0, 0.0, 0.0, 1.0, 0.0, 1.0, 0.0, 0.0, 1.0, 0.0, 1.0, 0.0, 0.0, 0.0, 0.0, 1.0, 0.0, 0.0, 1.0, 0.0, 1.0, 0.0, 0.0, 1.0, 0.0, 1.0, 0.0, 0.0, 1.0, 0.0, 0.0, 1.0, 0.0, 0.0, 0.0, 1.0, 0.0, 1.0, 0.0, 0.0, 1.0, 0.0, 0.0, 0.0, 1.0, 0.0, 0.0, 1.0, 0.0, 1.0, 0.0, 0.0, 1.0, 0.0, 0.0, 0.0, 0.0, 1.0, 0.0, 1.0, 0.0, 1.0, 0.0, 0.0, 0.0, 1.0, 0.0, 1.0, 0.0, 0.0, 0.0, 1.0, 0.0, 1.0, 0.0, 0.0, 0.0, 1.0, 0.0, 0.0, 1.0, 0.0, 0.0, 1.0, 0.0, 1.0, 0.0, 0.0, 0.0, 1.0, 0.0, 0.0, 0.0, 1.0, 0.0, 1.0, 0.0, 1.0, 0.0, 0.0, 0.0, 0.0, 1.0, 0.0, 1.0, 0.0, 0.0, 1.0, 0.0, 1.0, 0.0, 0.0, 0.0, 0.0, 1.0, 0.0, 0.0, 1.0, 0.0, 1.0, 0.0, 0.0, 1.0, 0.0, 1.0, 0.0, 0.0, 1.0, 0.0, 0.0, 0.0, 1.0, 0.0, 0.0, 1.0, 0.0, 1.0, 0.0, 0.0, 0.0, 1.0, 0.0, 0.0, 1.0, 0.0, 0.0, 1.0, 0.0, 1.0, 0.0, 0.0, 0.0, 0.0, 1.0, 0.0, 1.0, 0.0, 0.0, 1.0, 0.0, 0.0, 1.0, 0.0, 1.0, 0.0, 0.0, 0.0, 1.0, 0.0, 0.0, 1.0, 0.0, 0.0, 0.0, 1.0, 1.0, 0.0, 0.0, 0.0, 1.0, 0.0, 0.0, 1.0, 0.0, 0.0, 0.0, 1.0, 0.0, 1.0, 0.0, 0.0, 1.0, 0.0, 0.0, 1.0, 0.0, 0.0, 0.0, 1.0, 0.0, 0.0, 1.0, 0.0, 1.0, 0.0, 0.0, 0.0, 1.0, 1.0, 0.0, 0.0, 1.0, 0.0, 0.0, 0.0, 1.0, 0.0, 0.0, 0.0, 1.0, 1.0, 0.0, 0.0, 0.0, 1.0, 0.0, 0.0, 1.0, 0.0, 0.0, 0.0, 1.0, 1.0, 0.0, 0.0, 0.0, 0.0, 1.0, 0.0, 1.0, 0.0, 0.0, 0.0, 1.0, 0.0, 1.0, 0.0, 1.0, 0.0, 0.0, 0.0, 1.0, 0.0, 0.0, 0.0, 1.0, 0.0, 1.0, 0.0, 0.0, 1.0, 0.0, 0.0, 1.0, 0.0, 0.0, 0.0, 1.0, 0.0, 1.0, 0.0, 0.0, 0.0, 1.0, 0.0, 1.0, 0.0, 0.0, 0.0, 1.0, 0.0, 0.0, 1.0, 1.0, 0.0, 0.0, 0.0, 1.0, 0.0, 0.0, 0.0, 1.0, 0.0, 0.0, 1.0, 0.0, 1.0, 0.0, 0.0, 1.0, 0.0, 0.0, 0.0, 1.0, 0.0, 0.0, 1.0, 0.0, 0.0, 1.0, 0.0, 0.0, 1.0, 1.0, 0.0, 0.0, 1.0, 0.0, 0.0, 1.0, 0.0, 0.0, 0.0, 0.0, 1.0, 1.0, 0.0, 0.0, 1.0, 0.0, 0.0, 0.0, 1.0, 0.0, 0.0, 0.0, 1.0, 1.0, 0.0, 0.0, 1.0, 0.0, 0.0, 0.0, 0.0, 1.0, 0.0, 0.0, 1.0, 1.0, 0.0, 0.0, 0.0, 1.0, 0.0, 1.0, 0.0, 0.0, 0.0, 0.0, 1.0, 1.0, 0.0, 0.0, 0.0, 1.0, 0.0, 0.0, 1.0, 0.0, 0.0, 0.0, 1.0, 1.0, 0.0, 0.0, 0.0, 0.0, 1.0, 0.0, 1.0, 0.0, 0.0, 0.0, 1.0, 1.0, 0.0, 0.0, 0.0, 0.0, 1.0, 0.0, 0.0, 1.0, 0.0, 0.0, 1.0, 0.0, 1.0, 0.0, 1.0, 0.0, 0.0, 1.0, 0.0, 0.0, 0.0, 0.0, 1.0, 0.0, 1.0, 0.0, 0.0, 1.0, 0.0, 1.0, 0.0, 0.0, 0.0, 0.0, 1.0, 0.0, 1.0, 0.0, 0.0, 1.0, 0.0, 0.0, 0.0, 1.0, 0.0, 0.0, 1.0, 0.0, 0.0, 1.0, 1.0, 0.0, 0.0, 0.0, 1.0, 0.0, 0.0, 0.0, 1.0, 0.0, 0.0, 1.0, 0.0, 1.0, 0.0, 1.0, 0.0, 0.0, 0.0, 0.0, 1.0, 0.0, 0.0, 1.0, 0.0, 1.0, 0.0, 0.0, 1.0, 0.0, 0.0, 0.0, 1.0, 0.0, 0.0, 1.0, 0.0, 1.0, 0.0, 0.0, 0.0, 1.0, 0.0, 0.0, 1.0, 0.0, 0.0, 1.0, 0.0, 0.0, 1.0, 1.0, 0.0, 0.0, 0.0, 0.0, 1.0, 0.0, 0.0, 1.0, 0.0, 0.0, 1.0, 0.0, 1.0, 0.0, 0.0, 0.0, 1.0, 0.0, 0.0, 1.0, 0.0, 0.0, 1.0, 0.0, 0.0, 1.0]]

[2024-10-14T10:38:25.494978][INFO][seed120] Sampled 1000 data instances
[2024-10-14T10:38:25.495612][INFO][seed120] Starting exact inference 
[2024-10-14T10:38:30.726066][INFO][seed90] No feasible solution... resampling
[2024-10-14T10:38:30.971535][INFO][seed90] Sampled 1100 data instances
[2024-10-14T10:38:30.984790][INFO][seed90] Starting exact inference 
[2024-10-14T10:38:35.537501][INFO][seed16] PN(V1,V0) in [0.15142027242046346, 0.7127900634464597] 
[2024-10-14T10:38:39.606200][INFO][seed59] PS(V1,V0) in [0.0, 0.17962706619982088]
[2024-10-14T10:38:43.460173][INFO][seed149] PS(V1,V0) in [0.0, 1.0]
[2024-10-14T10:38:47.348150][INFO][seed36] No feasible solution... resampling
[2024-10-14T10:38:47.642346][INFO][seed36] Sampled 1100 data instances
[2024-10-14T10:38:47.643555][INFO][seed36] Starting exact inference 
[2024-10-14T10:39:04.153856][INFO][seed4] PN(V2,V0) in [0.4243094434937708, 0.46390162826878883] 
[2024-10-14T10:39:04.267511][INFO][seed4] Saved data to: /mnt/beegfs/rcabanas/dev/credici/papers/zeros/models/s3/simple_nparents2_nzr04_zdr05_ysize3_4.csv
[2024-10-14T10:39:04.313367][INFO][seed4] Saved model to: /mnt/beegfs/rcabanas/dev/credici/papers/zeros/models/s3/simple_nparents2_nzr04_zdr05_ysize3_4.uai
[2024-10-14T10:39:04.322811][INFO][seed4] Saved queries to: /mnt/beegfs/rcabanas/dev/credici/papers/zeros/models/s3/simple_nparents2_nzr04_zdr05_ysize3_4_query.csv
[2024-10-14T10:39:04.323417][INFO][seed4] Closing log file
[2024-10-14T10:39:04.325966][INFO][seed4] Closed log file
['genn.py', '2', '0.4', '0.5', '190', '3']
2 0.4 0.5 190
/mnt/beegfs/rcabanas/dev/credici/papers/zeros/code/GenerateNparents.java
[2024-10-14T10:39:08.913375][INFO][seed190] Set up logging
[2024-10-14T10:39:08.951912][INFO][seed190] args: -np;2;-nzr;0.4;-zdr;0.5;-o;/mnt/beegfs/rcabanas/dev/credici/papers/zeros/models/s3;-rw;-s;190;-ys;3
[2024-10-14T10:39:08.969039][INFO][seed190] Starting logger with seed 190
[2024-10-14T10:39:08.981299][INFO][seed190] simple_nparents2_nzr04_zdr05_ysize3_190
[2024-10-14T10:39:09.616211][INFO][seed190] U cardinality: 81
[2024-10-14T10:39:09.630027][INFO][seed190] !0 = [2, 3, 5, 9, 11, 12, 15, 17, 18, 19, 20, 21, 27, 34, 35, 36, 37, 38, 39, 41, 44, 46, 49, 50, 58, 60, 61, 66, 68, 69, 75, 78]
[2024-10-14T10:39:09.631759][INFO][seed190] 0 = [0, 1, 4, 6, 7, 8, 10, 13, 14, 16, 22, 23, 24, 25, 26, 28, 29, 30, 31, 32, 33, 40, 42, 43, 45, 47, 48, 51, 52, 53, 54, 55, 56, 57, 59, 62, 63, 64, 65, 67, 70, 71, 72, 73, 74, 76, 77, 79, 80]
[2024-10-14T10:39:09.648124][INFO][seed190] Dropping state 79
[2024-10-14T10:39:09.651435][INFO][seed190] Dropping state 71
[2024-10-14T10:39:09.659569][INFO][seed190] Dropping state 70
[2024-10-14T10:39:09.665232][INFO][seed190] Dropping state 67
[2024-10-14T10:39:09.673609][INFO][seed190] Dropping state 65
[2024-10-14T10:39:09.686586][INFO][seed190] Dropping state 62
[2024-10-14T10:39:09.689224][INFO][seed190] Dropping state 57
[2024-10-14T10:39:09.695967][INFO][seed190] Dropping state 55
[2024-10-14T10:39:09.702054][INFO][seed190] Dropping state 52
[2024-10-14T10:39:09.704786][INFO][seed190] Dropping state 51
[2024-10-14T10:39:09.706208][INFO][seed190] Dropping state 45
[2024-10-14T10:39:09.712509][INFO][seed190] Dropping state 32
[2024-10-14T10:39:09.714902][INFO][seed190] Dropping state 30
[2024-10-14T10:39:09.718022][INFO][seed190] Dropping state 28
[2024-10-14T10:39:09.725346][INFO][seed190] Dropping state 26
[2024-10-14T10:39:09.726637][INFO][seed190] Dropping state 24
[2024-10-14T10:39:09.730654][INFO][seed190] Dropping state 23
[2024-10-14T10:39:09.736866][INFO][seed190] Dropping state 22
[2024-10-14T10:39:09.741011][INFO][seed190] Dropping state 14
[2024-10-14T10:39:09.746034][INFO][seed190] Dropping state 7
[2024-10-14T10:39:09.750599][INFO][seed190] Dropping state 4
[2024-10-14T10:39:09.758238][INFO][seed190] U cardinality: 60
[2024-10-14T10:39:09.791552][INFO][seed190] 
[P([5]) [0.587, 0.413], P([4]) [0.22, 0.78], P([3]) [0.0, 0.0, 0.001, 0.001, 0.001, 0.0, 0.0, 0.001, 0.0, 0.001, 0.842, 0.0, 0.001, 0.0, 0.001, 0.001, 0.001, 0.001, 0.031, 0.0, 0.001, 0.0, 0.0, 0.0, 0.001, 0.001, 0.001, 0.001, 0.001, 0.001, 0.0, 0.001, 0.0, 0.0, 0.001, 0.001, 0.0, 0.0, 0.001, 0.001, 0.0, 0.0, 0.0, 0.001, 0.0, 0.001, 0.001, 0.0, 0.0, 0.001, 0.001, 0.001, 0.0, 0.0, 0.0, 0.002, 0.0, 0.0, 0.097, 0.0], P([2, 5]) [1.0, 0.0, 0.0, 1.0], P([1, 4]) [1.0, 0.0, 0.0, 1.0], P([0, 1, 2, 3]) [1.0, 0.0, 0.0, 1.0, 0.0, 0.0, 1.0, 0.0, 0.0, 1.0, 0.0, 0.0, 1.0, 0.0, 0.0, 1.0, 0.0, 0.0, 1.0, 0.0, 0.0, 0.0, 1.0, 0.0, 1.0, 0.0, 0.0, 1.0, 0.0, 0.0, 1.0, 0.0, 0.0, 0.0, 0.0, 1.0, 1.0, 0.0, 0.0, 1.0, 0.0, 0.0, 0.0, 1.0, 0.0, 1.0, 0.0, 0.0, 1.0, 0.0, 0.0, 1.0, 0.0, 0.0, 0.0, 1.0, 0.0, 0.0, 0.0, 1.0, 1.0, 0.0, 0.0, 1.0, 0.0, 0.0, 0.0, 0.0, 1.0, 1.0, 0.0, 0.0, 1.0, 0.0, 0.0, 1.0, 0.0, 0.0, 0.0, 0.0, 1.0, 0.0, 0.0, 1.0, 1.0, 0.0, 0.0, 0.0, 1.0, 0.0, 1.0, 0.0, 0.0, 1.0, 0.0, 0.0, 1.0, 0.0, 0.0, 0.0, 1.0, 0.0, 1.0, 0.0, 0.0, 0.0, 1.0, 0.0, 1.0, 0.0, 0.0, 0.0, 1.0, 0.0, 1.0, 0.0, 0.0, 0.0, 0.0, 1.0, 1.0, 0.0, 0.0, 0.0, 1.0, 0.0, 0.0, 1.0, 0.0, 1.0, 0.0, 0.0, 1.0, 0.0, 0.0, 0.0, 1.0, 0.0, 0.0, 1.0, 0.0, 0.0, 1.0, 0.0, 1.0, 0.0, 0.0, 0.0, 1.0, 0.0, 0.0, 0.0, 1.0, 1.0, 0.0, 0.0, 1.0, 0.0, 0.0, 0.0, 1.0, 0.0, 0.0, 0.0, 1.0, 0.0, 1.0, 0.0, 1.0, 0.0, 0.0, 0.0, 1.0, 0.0, 0.0, 0.0, 1.0, 0.0, 0.0, 1.0, 1.0, 0.0, 0.0, 0.0, 0.0, 1.0, 1.0, 0.0, 0.0, 1.0, 0.0, 0.0, 1.0, 0.0, 0.0, 0.0, 0.0, 1.0, 1.0, 0.0, 0.0, 0.0, 1.0, 0.0, 1.0, 0.0, 0.0, 0.0, 0.0, 1.0, 1.0, 0.0, 0.0, 0.0, 0.0, 1.0, 1.0, 0.0, 0.0, 0.0, 0.0, 1.0, 0.0, 1.0, 0.0, 1.0, 0.0, 0.0, 1.0, 0.0, 0.0, 0.0, 0.0, 1.0, 0.0, 0.0, 1.0, 0.0, 1.0, 0.0, 0.0, 1.0, 0.0, 1.0, 0.0, 0.0, 1.0, 0.0, 0.0, 1.0, 0.0, 0.0, 0.0, 1.0, 0.0, 1.0, 0.0, 0.0, 1.0, 0.0, 0.0, 0.0, 0.0, 1.0, 0.0, 1.0, 0.0, 1.0, 0.0, 0.0, 0.0, 1.0, 0.0, 0.0, 1.0, 0.0, 0.0, 1.0, 0.0, 1.0, 0.0, 0.0, 0.0, 0.0, 1.0, 1.0, 0.0, 0.0, 0.0, 1.0, 0.0, 1.0, 0.0, 0.0, 0.0, 0.0, 1.0, 0.0, 1.0, 0.0, 0.0, 1.0, 0.0, 1.0, 0.0, 0.0, 0.0, 0.0, 1.0, 0.0, 0.0, 1.0, 0.0, 1.0, 0.0, 0.0, 1.0, 0.0, 1.0, 0.0, 0.0, 1.0, 0.0, 0.0, 0.0, 1.0, 0.0, 0.0, 1.0, 0.0, 1.0, 0.0, 0.0, 0.0, 1.0, 0.0, 0.0, 1.0, 0.0, 0.0, 1.0, 0.0, 1.0, 0.0, 0.0, 0.0, 0.0, 1.0, 0.0, 1.0, 0.0, 0.0, 1.0, 0.0, 0.0, 1.0, 0.0, 1.0, 0.0, 0.0, 0.0, 1.0, 0.0, 0.0, 1.0, 0.0, 0.0, 1.0, 0.0, 0.0, 1.0, 0.0, 0.0, 1.0, 0.0, 0.0, 1.0, 0.0, 0.0, 1.0, 0.0, 0.0, 0.0, 1.0, 0.0, 1.0, 0.0, 0.0, 1.0, 0.0, 0.0, 0.0, 1.0, 1.0, 0.0, 0.0, 0.0, 1.0, 0.0, 0.0, 1.0, 0.0, 0.0, 0.0, 1.0, 0.0, 1.0, 0.0, 0.0, 1.0, 0.0, 0.0, 1.0, 0.0, 0.0, 0.0, 1.0, 0.0, 0.0, 1.0, 0.0, 1.0, 0.0, 0.0, 0.0, 1.0, 1.0, 0.0, 0.0, 0.0, 1.0, 0.0, 0.0, 1.0, 0.0, 0.0, 0.0, 1.0, 1.0, 0.0, 0.0, 0.0, 0.0, 1.0, 0.0, 1.0, 0.0, 0.0, 0.0, 1.0, 0.0, 1.0, 0.0, 1.0, 0.0, 0.0, 0.0, 1.0, 0.0, 0.0, 0.0, 1.0, 0.0, 1.0, 0.0, 0.0, 1.0, 0.0, 0.0, 1.0, 0.0, 0.0, 0.0, 1.0, 0.0, 1.0, 0.0, 0.0, 0.0, 1.0, 0.0, 1.0, 0.0, 0.0, 0.0, 1.0, 0.0, 0.0, 1.0, 0.0, 0.0, 1.0, 0.0, 0.0, 1.0, 1.0, 0.0, 0.0, 1.0, 0.0, 0.0, 1.0, 0.0, 0.0, 0.0, 0.0, 1.0, 1.0, 0.0, 0.0, 1.0, 0.0, 0.0, 0.0, 0.0, 1.0, 0.0, 0.0, 1.0, 1.0, 0.0, 0.0, 0.0, 1.0, 0.0, 0.0, 1.0, 0.0, 0.0, 0.0, 1.0, 1.0, 0.0, 0.0, 0.0, 1.0, 0.0, 0.0, 0.0, 1.0, 0.0, 0.0, 1.0, 1.0, 0.0, 0.0, 0.0, 0.0, 1.0, 1.0, 0.0, 0.0, 0.0, 0.0, 1.0, 1.0, 0.0, 0.0, 0.0, 0.0, 1.0, 0.0, 1.0, 0.0, 0.0, 0.0, 1.0, 0.0, 1.0, 0.0, 1.0, 0.0, 0.0, 1.0, 0.0, 0.0, 0.0, 0.0, 1.0, 0.0, 1.0, 0.0, 1.0, 0.0, 0.0, 0.0, 1.0, 0.0, 0.0, 0.0, 1.0, 0.0, 1.0, 0.0, 0.0, 1.0, 0.0, 1.0, 0.0, 0.0, 0.0, 0.0, 1.0, 0.0, 1.0, 0.0, 0.0, 1.0, 0.0, 0.0, 0.0, 1.0, 0.0, 0.0, 1.0, 0.0, 1.0, 0.0, 0.0, 0.0, 1.0, 1.0, 0.0, 0.0, 0.0, 0.0, 1.0, 0.0, 0.0, 1.0, 1.0, 0.0, 0.0, 1.0, 0.0, 0.0, 0.0, 0.0, 1.0, 0.0, 0.0, 1.0, 1.0, 0.0, 0.0, 0.0, 1.0, 0.0, 0.0, 0.0, 1.0, 0.0, 0.0, 1.0, 1.0, 0.0, 0.0, 0.0, 0.0, 1.0, 0.0, 0.0, 1.0, 0.0, 0.0, 1.0, 0.0, 1.0, 0.0, 1.0, 0.0, 0.0, 0.0, 0.0, 1.0, 0.0, 0.0, 1.0, 0.0, 1.0, 0.0, 0.0, 1.0, 0.0, 0.0, 0.0, 1.0, 0.0, 0.0, 1.0, 0.0, 1.0, 0.0, 0.0, 0.0, 1.0, 0.0, 0.0, 1.0, 0.0, 0.0, 1.0, 0.0, 0.0, 1.0, 1.0, 0.0, 0.0, 0.0, 0.0, 1.0, 0.0, 0.0, 1.0, 0.0, 0.0, 1.0, 0.0, 0.0, 1.0]]

[2024-10-14T10:39:10.316067][INFO][seed190] Sampled 1000 data instances
[2024-10-14T10:39:10.316684][INFO][seed190] Starting exact inference 
[2024-10-14T10:39:24.067525][INFO][seed7] PN(V1,V0) in [0.019591038526304217, 0.030505908445814557] 
[2024-10-14T10:39:56.199777][INFO][seed16] PN(V2,V0) in [0.011863298569564277, 0.15787372666930735] 
[2024-10-14T10:39:56.306716][INFO][seed16] Saved data to: /mnt/beegfs/rcabanas/dev/credici/papers/zeros/models/s3/simple_nparents2_nzr04_zdr05_ysize3_16.csv
[2024-10-14T10:39:56.364803][INFO][seed16] Saved model to: /mnt/beegfs/rcabanas/dev/credici/papers/zeros/models/s3/simple_nparents2_nzr04_zdr05_ysize3_16.uai
[2024-10-14T10:39:56.381648][INFO][seed16] Saved queries to: /mnt/beegfs/rcabanas/dev/credici/papers/zeros/models/s3/simple_nparents2_nzr04_zdr05_ysize3_16_query.csv
[2024-10-14T10:39:56.382199][INFO][seed16] Closing log file
[2024-10-14T10:39:56.382323][INFO][seed16] Closed log file
['genn.py', '2', '0.4', '0.5', '186', '3']
2 0.4 0.5 186
/mnt/beegfs/rcabanas/dev/credici/papers/zeros/code/GenerateNparents.java
[2024-10-14T10:40:01.133641][INFO][seed186] Set up logging
[2024-10-14T10:40:01.183729][INFO][seed186] args: -np;2;-nzr;0.4;-zdr;0.5;-o;/mnt/beegfs/rcabanas/dev/credici/papers/zeros/models/s3;-rw;-s;186;-ys;3
[2024-10-14T10:40:01.189689][INFO][seed186] Starting logger with seed 186
[2024-10-14T10:40:01.218780][INFO][seed186] simple_nparents2_nzr04_zdr05_ysize3_186
[2024-10-14T10:40:01.724107][INFO][seed186] U cardinality: 81
[2024-10-14T10:40:01.735490][INFO][seed186] !0 = [2, 8, 9, 10, 14, 17, 18, 20, 22, 23, 28, 29, 30, 31, 43, 46, 47, 48, 50, 51, 52, 54, 57, 59, 60, 64, 67, 73, 74, 76, 79, 80]
[2024-10-14T10:40:01.737385][INFO][seed186] 0 = [0, 1, 3, 4, 5, 6, 7, 11, 12, 13, 15, 16, 19, 21, 24, 25, 26, 27, 32, 33, 34, 35, 36, 37, 38, 39, 40, 41, 42, 44, 45, 49, 53, 55, 56, 58, 61, 62, 63, 65, 66, 68, 69, 70, 71, 72, 75, 77, 78]
[2024-10-14T10:40:01.752959][INFO][seed186] Dropping state 78
[2024-10-14T10:40:01.754645][INFO][seed186] Dropping state 69
[2024-10-14T10:40:01.763433][INFO][seed186] Dropping state 61
[2024-10-14T10:40:01.768433][INFO][seed186] Dropping state 58
[2024-10-14T10:40:01.776394][INFO][seed186] Dropping state 55
[2024-10-14T10:40:01.788389][INFO][seed186] Dropping state 45
[2024-10-14T10:40:01.796378][INFO][seed186] Dropping state 44
[2024-10-14T10:40:01.800152][INFO][seed186] Dropping state 42
[2024-10-14T10:40:01.802888][INFO][seed186] Dropping state 37
[2024-10-14T10:40:01.805223][INFO][seed186] Dropping state 35
[2024-10-14T10:40:01.810804][INFO][seed186] Dropping state 34
[2024-10-14T10:40:01.815140][INFO][seed186] Dropping state 27
[2024-10-14T10:40:01.821218][INFO][seed186] Dropping state 26
[2024-10-14T10:40:01.824581][INFO][seed186] Dropping state 24
[2024-10-14T10:40:01.831640][INFO][seed186] Dropping state 21
[2024-10-14T10:40:01.832943][INFO][seed186] Dropping state 19
[2024-10-14T10:40:01.837649][INFO][seed186] Dropping state 16
[2024-10-14T10:40:01.841684][INFO][seed186] Dropping state 13
[2024-10-14T10:40:01.849467][INFO][seed186] Dropping state 12
[2024-10-14T10:40:01.853594][INFO][seed186] Dropping state 11
[2024-10-14T10:40:01.856283][INFO][seed186] Dropping state 5
[2024-10-14T10:40:01.858282][INFO][seed186] Dropping state 3
[2024-10-14T10:40:01.861673][INFO][seed186] Dropping state 0
[2024-10-14T10:40:01.869661][INFO][seed186] U cardinality: 58
[2024-10-14T10:40:01.903143][INFO][seed186] 
[P([5]) [0.368, 0.632], P([4]) [0.862, 0.138], P([3]) [0.0, 0.001, 0.0, 0.0, 0.0, 0.001, 0.001, 0.001, 0.001, 0.0, 0.001, 0.001, 0.001, 0.001, 0.001, 0.0, 0.001, 0.001, 0.001, 0.001, 0.0, 0.0, 0.0, 0.0, 0.0, 0.0, 0.0, 0.001, 0.001, 0.001, 0.001, 0.0, 0.001, 0.218, 0.001, 0.0, 0.001, 0.0, 0.017, 0.001, 0.001, 0.0, 0.0, 0.001, 0.0, 0.0, 0.001, 0.0, 0.0, 0.0, 0.0, 0.001, 0.001, 0.0, 0.001, 0.0, 0.001, 0.736], P([2, 5]) [1.0, 0.0, 0.0, 1.0], P([1, 4]) [1.0, 0.0, 0.0, 1.0], P([0, 1, 2, 3]) [1.0, 0.0, 0.0, 1.0, 0.0, 0.0, 1.0, 0.0, 0.0, 0.0, 1.0, 0.0, 1.0, 0.0, 0.0, 1.0, 0.0, 0.0, 1.0, 0.0, 0.0, 0.0, 0.0, 1.0, 1.0, 0.0, 0.0, 1.0, 0.0, 0.0, 0.0, 1.0, 0.0, 0.0, 1.0, 0.0, 1.0, 0.0, 0.0, 1.0, 0.0, 0.0, 0.0, 0.0, 1.0, 1.0, 0.0, 0.0, 1.0, 0.0, 0.0, 1.0, 0.0, 0.0, 0.0, 0.0, 1.0, 0.0, 1.0, 0.0, 1.0, 0.0, 0.0, 1.0, 0.0, 0.0, 0.0, 0.0, 1.0, 0.0, 0.0, 1.0, 1.0, 0.0, 0.0, 0.0, 1.0, 0.0, 1.0, 0.0, 0.0, 1.0, 0.0, 0.0, 1.0, 0.0, 0.0, 0.0, 1.0, 0.0, 1.0, 0.0, 0.0, 0.0, 1.0, 0.0, 1.0, 0.0, 0.0, 0.0, 1.0, 0.0, 0.0, 1.0, 0.0, 0.0, 0.0, 1.0, 1.0, 0.0, 0.0, 0.0, 1.0, 0.0, 0.0, 0.0, 1.0, 1.0, 0.0, 0.0, 1.0, 0.0, 0.0, 0.0, 1.0, 0.0, 0.0, 0.0, 1.0, 0.0, 0.0, 1.0, 1.0, 0.0, 0.0, 0.0, 0.0, 1.0, 1.0, 0.0, 0.0, 1.0, 0.0, 0.0, 1.0, 0.0, 0.0, 0.0, 0.0, 1.0, 1.0, 0.0, 0.0, 0.0, 0.0, 1.0, 1.0, 0.0, 0.0, 0.0, 0.0, 1.0, 0.0, 1.0, 0.0, 0.0, 1.0, 0.0, 1.0, 0.0, 0.0, 0.0, 0.0, 1.0, 0.0, 1.0, 0.0, 0.0, 0.0, 1.0, 1.0, 0.0, 0.0, 0.0, 0.0, 1.0, 0.0, 0.0, 1.0, 0.0, 1.0, 0.0, 0.0, 1.0, 0.0, 1.0, 0.0, 0.0, 1.0, 0.0, 0.0, 0.0, 1.0, 0.0, 0.0, 1.0, 0.0, 1.0, 0.0, 0.0, 1.0, 0.0, 0.0, 0.0, 0.0, 1.0, 0.0, 1.0, 0.0, 1.0, 0.0, 0.0, 0.0, 1.0, 0.0, 1.0, 0.0, 0.0, 0.0, 1.0, 0.0, 1.0, 0.0, 0.0, 0.0, 1.0, 0.0, 0.0, 1.0, 0.0, 0.0, 1.0, 0.0, 1.0, 0.0, 0.0, 0.0, 1.0, 0.0, 0.0, 0.0, 1.0, 0.0, 1.0, 0.0, 1.0, 0.0, 0.0, 0.0, 0.0, 1.0, 1.0, 0.0, 0.0, 0.0, 1.0, 0.0, 0.0, 1.0, 0.0, 1.0, 0.0, 0.0, 1.0, 0.0, 0.0, 0.0, 1.0, 0.0, 0.0, 1.0, 0.0, 1.0, 0.0, 0.0, 0.0, 0.0, 1.0, 0.0, 1.0, 0.0, 0.0, 1.0, 0.0, 0.0, 1.0, 0.0, 1.0, 0.0, 0.0, 0.0, 1.0, 0.0, 0.0, 1.0, 0.0, 0.0, 1.0, 0.0, 0.0, 1.0, 0.0, 0.0, 1.0, 0.0, 0.0, 1.0, 0.0, 0.0, 1.0, 0.0, 0.0, 0.0, 1.0, 0.0, 1.0, 0.0, 0.0, 1.0, 0.0, 0.0, 0.0, 1.0, 0.0, 1.0, 0.0, 0.0, 1.0, 0.0, 0.0, 0.0, 1.0, 1.0, 0.0, 0.0, 0.0, 1.0, 0.0, 0.0, 1.0, 0.0, 0.0, 0.0, 1.0, 1.0, 0.0, 0.0, 0.0, 0.0, 1.0, 0.0, 1.0, 0.0, 0.0, 0.0, 1.0, 0.0, 1.0, 0.0, 1.0, 0.0, 0.0, 0.0, 1.0, 0.0, 0.0, 0.0, 1.0, 0.0, 1.0, 0.0, 0.0, 1.0, 0.0, 0.0, 1.0, 0.0, 0.0, 0.0, 1.0, 0.0, 1.0, 0.0, 0.0, 0.0, 1.0, 0.0, 1.0, 0.0, 0.0, 0.0, 1.0, 0.0, 0.0, 1.0, 1.0, 0.0, 0.0, 0.0, 1.0, 0.0, 0.0, 0.0, 1.0, 0.0, 0.0, 1.0, 0.0, 1.0, 0.0, 0.0, 1.0, 0.0, 0.0, 0.0, 1.0, 0.0, 0.0, 1.0, 0.0, 0.0, 1.0, 0.0, 0.0, 1.0, 1.0, 0.0, 0.0, 1.0, 0.0, 0.0, 1.0, 0.0, 0.0, 0.0, 0.0, 1.0, 1.0, 0.0, 0.0, 1.0, 0.0, 0.0, 0.0, 0.0, 1.0, 0.0, 0.0, 1.0, 1.0, 0.0, 0.0, 0.0, 1.0, 0.0, 1.0, 0.0, 0.0, 0.0, 0.0, 1.0, 1.0, 0.0, 0.0, 0.0, 1.0, 0.0, 0.0, 0.0, 1.0, 0.0, 0.0, 1.0, 1.0, 0.0, 0.0, 0.0, 0.0, 1.0, 1.0, 0.0, 0.0, 0.0, 0.0, 1.0, 1.0, 0.0, 0.0, 0.0, 0.0, 1.0, 0.0, 0.0, 1.0, 0.0, 0.0, 1.0, 0.0, 1.0, 0.0, 1.0, 0.0, 0.0, 1.0, 0.0, 0.0, 0.0, 0.0, 1.0, 0.0, 1.0, 0.0, 1.0, 0.0, 0.0, 0.0, 1.0, 0.0, 0.0, 0.0, 1.0, 0.0, 1.0, 0.0, 1.0, 0.0, 0.0, 0.0, 0.0, 1.0, 0.0, 0.0, 1.0, 0.0, 1.0, 0.0, 0.0, 1.0, 0.0, 1.0, 0.0, 0.0, 0.0, 0.0, 1.0, 0.0, 1.0, 0.0, 0.0, 1.0, 0.0, 0.0, 1.0, 0.0, 0.0, 0.0, 1.0, 0.0, 1.0, 0.0, 0.0, 1.0, 0.0, 0.0, 0.0, 1.0, 0.0, 0.0, 1.0, 0.0, 1.0, 0.0, 0.0, 0.0, 1.0, 0.0, 1.0, 0.0, 0.0, 0.0, 1.0, 0.0, 1.0, 0.0, 0.0, 0.0, 1.0, 0.0, 0.0, 1.0, 0.0, 0.0, 1.0, 0.0, 0.0, 1.0, 1.0, 0.0, 0.0, 1.0, 0.0, 0.0, 0.0, 0.0, 1.0, 0.0, 0.0, 1.0, 1.0, 0.0, 0.0, 0.0, 1.0, 0.0, 0.0, 0.0, 1.0, 0.0, 0.0, 1.0, 1.0, 0.0, 0.0, 0.0, 0.0, 1.0, 0.0, 0.0, 1.0, 0.0, 0.0, 1.0, 0.0, 1.0, 0.0, 1.0, 0.0, 0.0, 0.0, 0.0, 1.0, 0.0, 0.0, 1.0, 0.0, 1.0, 0.0, 0.0, 1.0, 0.0, 0.0, 0.0, 1.0, 0.0, 0.0, 1.0, 0.0, 1.0, 0.0, 0.0, 0.0, 1.0, 0.0, 0.0, 1.0, 0.0, 0.0, 1.0, 0.0, 0.0, 1.0, 0.0, 1.0, 0.0, 0.0, 0.0, 1.0, 0.0, 0.0, 1.0, 0.0, 0.0, 1.0, 0.0, 0.0, 1.0]]

[2024-10-14T10:40:02.342506][INFO][seed186] Sampled 1000 data instances
[2024-10-14T10:40:02.342706][INFO][seed186] Starting exact inference 
[2024-10-14T10:40:09.149727][INFO][seed21] PN(V1,V0) in [0.0, 0.1458686697358856] 
[2024-10-14T10:40:45.178864][INFO][seed59] PS(V2,V0) in [0.0, 0.12315032359008485]
[2024-10-14T10:41:01.086619][INFO][seed7] PN(V2,V0) in [0.016396261530992072, 0.027886793979608356] 
[2024-10-14T10:41:01.224948][INFO][seed7] Saved data to: /mnt/beegfs/rcabanas/dev/credici/papers/zeros/models/s3/simple_nparents2_nzr04_zdr05_ysize3_7.csv
[2024-10-14T10:41:01.309723][INFO][seed7] Saved model to: /mnt/beegfs/rcabanas/dev/credici/papers/zeros/models/s3/simple_nparents2_nzr04_zdr05_ysize3_7.uai
[2024-10-14T10:41:01.338475][INFO][seed7] Saved queries to: /mnt/beegfs/rcabanas/dev/credici/papers/zeros/models/s3/simple_nparents2_nzr04_zdr05_ysize3_7_query.csv
[2024-10-14T10:41:01.339365][INFO][seed7] Closing log file
[2024-10-14T10:41:01.339613][INFO][seed7] Closed log file
['genn.py', '2', '0.4', '0.5', '180', '3']
2 0.4 0.5 180
/mnt/beegfs/rcabanas/dev/credici/papers/zeros/code/GenerateNparents.java
[2024-10-14T10:41:07.106062][INFO][seed180] Set up logging
[2024-10-14T10:41:07.165204][INFO][seed180] args: -np;2;-nzr;0.4;-zdr;0.5;-o;/mnt/beegfs/rcabanas/dev/credici/papers/zeros/models/s3;-rw;-s;180;-ys;3
[2024-10-14T10:41:07.170341][INFO][seed180] Starting logger with seed 180
[2024-10-14T10:41:07.196277][INFO][seed180] simple_nparents2_nzr04_zdr05_ysize3_180
[2024-10-14T10:41:07.557572][INFO][seed180] U cardinality: 81
[2024-10-14T10:41:07.568589][INFO][seed180] !0 = [0, 2, 3, 5, 10, 15, 17, 18, 20, 21, 22, 24, 25, 28, 30, 32, 38, 47, 48, 50, 54, 55, 56, 57, 60, 61, 62, 67, 70, 74, 76, 78]
[2024-10-14T10:41:07.570548][INFO][seed180] 0 = [1, 4, 6, 7, 8, 9, 11, 12, 13, 14, 16, 19, 23, 26, 27, 29, 31, 33, 34, 35, 36, 37, 39, 40, 41, 42, 43, 44, 45, 46, 49, 51, 52, 53, 58, 59, 63, 64, 65, 66, 68, 69, 71, 72, 73, 75, 77, 79, 80]
[2024-10-14T10:41:07.581822][INFO][seed180] Dropping state 79
[2024-10-14T10:41:07.583567][INFO][seed180] Dropping state 73
[2024-10-14T10:41:07.591643][INFO][seed180] Dropping state 66
[2024-10-14T10:41:07.597750][INFO][seed180] Dropping state 65
[2024-10-14T10:41:07.606795][INFO][seed180] Dropping state 63
[2024-10-14T10:41:07.619642][INFO][seed180] Dropping state 59
[2024-10-14T10:41:07.622092][INFO][seed180] Dropping state 53
[2024-10-14T10:41:07.628286][INFO][seed180] Dropping state 49
[2024-10-14T10:41:07.637591][INFO][seed180] Dropping state 46
[2024-10-14T10:41:07.640240][INFO][seed180] Dropping state 45
[2024-10-14T10:41:07.641492][INFO][seed180] Dropping state 43
[2024-10-14T10:41:07.649808][INFO][seed180] Dropping state 41
[2024-10-14T10:41:07.652430][INFO][seed180] Dropping state 40
[2024-10-14T10:41:07.655026][INFO][seed180] Dropping state 39
[2024-10-14T10:41:07.657468][INFO][seed180] Dropping state 35
[2024-10-14T10:41:07.661709][INFO][seed180] Dropping state 33
[2024-10-14T10:41:07.667497][INFO][seed180] Dropping state 31
[2024-10-14T10:41:07.673566][INFO][seed180] Dropping state 29
[2024-10-14T10:41:07.678356][INFO][seed180] Dropping state 27
[2024-10-14T10:41:07.687245][INFO][seed180] Dropping state 26
[2024-10-14T10:41:07.691199][INFO][seed180] Dropping state 23
[2024-10-14T10:41:07.693870][INFO][seed180] Dropping state 13
[2024-10-14T10:41:07.705078][INFO][seed180] Dropping state 8
[2024-10-14T10:41:07.709879][INFO][seed180] Dropping state 7
[2024-10-14T10:41:07.713972][INFO][seed180] Dropping state 1
[2024-10-14T10:41:07.727189][INFO][seed180] U cardinality: 56
[2024-10-14T10:41:07.746901][INFO][seed180] 
[P([5]) [0.045, 0.955], P([4]) [0.681, 0.319], P([3]) [0.001, 0.001, 0.001, 0.0, 0.001, 0.0, 0.0, 0.003, 0.0, 0.0, 0.0, 0.001, 0.0, 0.001, 0.001, 0.0, 0.001, 0.001, 0.001, 0.001, 0.001, 0.001, 0.001, 0.001, 0.0, 0.0, 0.0, 0.001, 0.0, 0.0, 0.002, 0.001, 0.001, 0.0, 0.0, 0.001, 0.001, 0.001, 0.001, 0.0, 0.001, 0.001, 0.001, 0.0, 0.001, 0.0, 0.0, 0.001, 0.0, 0.0, 0.001, 0.0, 0.001, 0.0, 0.966, 0.0], P([2, 5]) [1.0, 0.0, 0.0, 1.0], P([1, 4]) [1.0, 0.0, 0.0, 1.0], P([0, 1, 2, 3]) [1.0, 0.0, 0.0, 1.0, 0.0, 0.0, 1.0, 0.0, 0.0, 1.0, 0.0, 0.0, 1.0, 0.0, 0.0, 1.0, 0.0, 0.0, 1.0, 0.0, 0.0, 0.0, 0.0, 1.0, 1.0, 0.0, 0.0, 1.0, 0.0, 0.0, 0.0, 1.0, 0.0, 1.0, 0.0, 0.0, 1.0, 0.0, 0.0, 1.0, 0.0, 0.0, 0.0, 1.0, 0.0, 0.0, 1.0, 0.0, 1.0, 0.0, 0.0, 1.0, 0.0, 0.0, 0.0, 1.0, 0.0, 0.0, 0.0, 1.0, 1.0, 0.0, 0.0, 1.0, 0.0, 0.0, 0.0, 0.0, 1.0, 1.0, 0.0, 0.0, 1.0, 0.0, 0.0, 0.0, 1.0, 0.0, 1.0, 0.0, 0.0, 1.0, 0.0, 0.0, 1.0, 0.0, 0.0, 0.0, 1.0, 0.0, 1.0, 0.0, 0.0, 0.0, 1.0, 0.0, 1.0, 0.0, 0.0, 0.0, 1.0, 0.0, 1.0, 0.0, 0.0, 0.0, 0.0, 1.0, 1.0, 0.0, 0.0, 0.0, 1.0, 0.0, 0.0, 1.0, 0.0, 1.0, 0.0, 0.0, 1.0, 0.0, 0.0, 0.0, 1.0, 0.0, 0.0, 1.0, 0.0, 0.0, 0.0, 1.0, 1.0, 0.0, 0.0, 0.0, 1.0, 0.0, 0.0, 0.0, 1.0, 1.0, 0.0, 0.0, 1.0, 0.0, 0.0, 0.0, 1.0, 0.0, 0.0, 0.0, 1.0, 0.0, 1.0, 0.0, 1.0, 0.0, 0.0, 0.0, 1.0, 0.0, 0.0, 0.0, 1.0, 0.0, 0.0, 1.0, 1.0, 0.0, 0.0, 0.0, 0.0, 1.0, 1.0, 0.0, 0.0, 1.0, 0.0, 0.0, 1.0, 0.0, 0.0, 0.0, 0.0, 1.0, 1.0, 0.0, 0.0, 0.0, 1.0, 0.0, 1.0, 0.0, 0.0, 0.0, 0.0, 1.0, 1.0, 0.0, 0.0, 0.0, 0.0, 1.0, 1.0, 0.0, 0.0, 0.0, 0.0, 1.0, 0.0, 1.0, 0.0, 1.0, 0.0, 0.0, 1.0, 0.0, 0.0, 0.0, 0.0, 1.0, 0.0, 1.0, 0.0, 0.0, 1.0, 0.0, 1.0, 0.0, 0.0, 0.0, 0.0, 1.0, 0.0, 0.0, 1.0, 1.0, 0.0, 0.0, 1.0, 0.0, 0.0, 0.0, 0.0, 1.0, 0.0, 0.0, 1.0, 0.0, 1.0, 0.0, 0.0, 1.0, 0.0, 1.0, 0.0, 0.0, 1.0, 0.0, 0.0, 0.0, 1.0, 0.0, 0.0, 1.0, 0.0, 1.0, 0.0, 0.0, 0.0, 1.0, 0.0, 1.0, 0.0, 0.0, 0.0, 1.0, 0.0, 1.0, 0.0, 0.0, 0.0, 1.0, 0.0, 0.0, 0.0, 1.0, 0.0, 1.0, 0.0, 1.0, 0.0, 0.0, 0.0, 0.0, 1.0, 0.0, 1.0, 0.0, 0.0, 1.0, 0.0, 0.0, 1.0, 0.0, 1.0, 0.0, 0.0, 1.0, 0.0, 0.0, 0.0, 1.0, 0.0, 0.0, 1.0, 0.0, 1.0, 0.0, 0.0, 0.0, 1.0, 0.0, 0.0, 1.0, 0.0, 0.0, 1.0, 0.0, 1.0, 0.0, 0.0, 0.0, 0.0, 1.0, 0.0, 1.0, 0.0, 0.0, 1.0, 0.0, 0.0, 0.0, 1.0, 1.0, 0.0, 0.0, 0.0, 1.0, 0.0, 0.0, 1.0, 0.0, 0.0, 0.0, 1.0, 0.0, 0.0, 1.0, 0.0, 1.0, 0.0, 0.0, 0.0, 1.0, 1.0, 0.0, 0.0, 0.0, 0.0, 1.0, 0.0, 1.0, 0.0, 0.0, 0.0, 1.0, 0.0, 1.0, 0.0, 1.0, 0.0, 0.0, 0.0, 1.0, 0.0, 0.0, 0.0, 1.0, 0.0, 1.0, 0.0, 0.0, 0.0, 1.0, 0.0, 1.0, 0.0, 0.0, 0.0, 1.0, 0.0, 0.0, 1.0, 1.0, 0.0, 0.0, 0.0, 1.0, 0.0, 0.0, 0.0, 1.0, 0.0, 0.0, 1.0, 0.0, 1.0, 0.0, 0.0, 0.0, 1.0, 1.0, 0.0, 0.0, 1.0, 0.0, 0.0, 1.0, 0.0, 0.0, 0.0, 0.0, 1.0, 1.0, 0.0, 0.0, 1.0, 0.0, 0.0, 0.0, 1.0, 0.0, 0.0, 0.0, 1.0, 1.0, 0.0, 0.0, 1.0, 0.0, 0.0, 0.0, 0.0, 1.0, 0.0, 0.0, 1.0, 1.0, 0.0, 0.0, 0.0, 1.0, 0.0, 1.0, 0.0, 0.0, 0.0, 0.0, 1.0, 1.0, 0.0, 0.0, 0.0, 1.0, 0.0, 0.0, 1.0, 0.0, 0.0, 0.0, 1.0, 1.0, 0.0, 0.0, 0.0, 0.0, 1.0, 1.0, 0.0, 0.0, 0.0, 0.0, 1.0, 1.0, 0.0, 0.0, 0.0, 0.0, 1.0, 0.0, 1.0, 0.0, 0.0, 0.0, 1.0, 1.0, 0.0, 0.0, 0.0, 0.0, 1.0, 0.0, 0.0, 1.0, 0.0, 0.0, 1.0, 0.0, 1.0, 0.0, 1.0, 0.0, 0.0, 0.0, 1.0, 0.0, 0.0, 0.0, 1.0, 0.0, 1.0, 0.0, 0.0, 1.0, 0.0, 0.0, 1.0, 0.0, 0.0, 0.0, 1.0, 0.0, 1.0, 0.0, 0.0, 1.0, 0.0, 0.0, 0.0, 1.0, 0.0, 0.0, 1.0, 0.0, 1.0, 0.0, 0.0, 0.0, 1.0, 1.0, 0.0, 0.0, 0.0, 0.0, 1.0, 0.0, 1.0, 0.0, 0.0, 0.0, 1.0, 0.0, 1.0, 0.0, 0.0, 0.0, 1.0, 0.0, 1.0, 0.0, 0.0, 0.0, 1.0, 0.0, 0.0, 1.0, 0.0, 0.0, 1.0, 0.0, 0.0, 1.0, 1.0, 0.0, 0.0, 1.0, 0.0, 0.0, 0.0, 0.0, 1.0, 0.0, 0.0, 1.0, 1.0, 0.0, 0.0, 0.0, 0.0, 1.0, 0.0, 0.0, 1.0, 0.0, 0.0, 1.0, 0.0, 1.0, 0.0, 1.0, 0.0, 0.0, 0.0, 0.0, 1.0, 0.0, 0.0, 1.0, 0.0, 1.0, 0.0, 0.0, 1.0, 0.0, 0.0, 0.0, 1.0, 0.0, 0.0, 1.0, 0.0, 1.0, 0.0, 0.0, 0.0, 1.0, 0.0, 0.0, 1.0, 0.0, 0.0, 1.0, 0.0, 0.0, 1.0, 1.0, 0.0, 0.0, 0.0, 0.0, 1.0, 0.0, 0.0, 1.0, 0.0, 0.0, 1.0, 0.0, 0.0, 1.0]]

[2024-10-14T10:41:08.138323][INFO][seed180] Sampled 1000 data instances
[2024-10-14T10:41:08.138954][INFO][seed180] Starting exact inference 
[2024-10-14T10:41:10.337429][INFO][seed180] PS(V1,V0) in [0.0, 0.0]
[2024-10-14T10:41:10.405392][INFO][seed180] No feasible solution... resampling
[2024-10-14T10:41:10.650407][INFO][seed180] Sampled 1100 data instances
[2024-10-14T10:41:10.651920][INFO][seed180] Starting exact inference 
[2024-10-14T10:41:11.085208][INFO][seed180] PS(V1,V0) in [0.0, 0.0]
[2024-10-14T10:41:11.117158][INFO][seed180] No feasible solution... resampling
[2024-10-14T10:41:11.307598][INFO][seed180] Sampled 1200 data instances
[2024-10-14T10:41:11.308234][INFO][seed180] Starting exact inference 
[2024-10-14T10:41:12.028245][INFO][seed180] PS(V1,V0) in [0.0, 0.6187913165486575]
[2024-10-14T10:41:12.193639][INFO][seed180] PS(V2,V0) in [0.0, 0.32381352372952543]
[2024-10-14T10:41:12.376878][INFO][seed180] PN(V1,V0) in [0.0, 1.0] 
[2024-10-14T10:41:12.510318][INFO][seed180] PN(V2,V0) in [0.0, 0.5983042055749891] 
[2024-10-14T10:41:12.571344][INFO][seed180] Saved data to: /mnt/beegfs/rcabanas/dev/credici/papers/zeros/models/s3/simple_nparents2_nzr04_zdr05_ysize3_180.csv
[2024-10-14T10:41:12.623331][INFO][seed180] Saved model to: /mnt/beegfs/rcabanas/dev/credici/papers/zeros/models/s3/simple_nparents2_nzr04_zdr05_ysize3_180.uai
[2024-10-14T10:41:12.631827][INFO][seed180] Saved queries to: /mnt/beegfs/rcabanas/dev/credici/papers/zeros/models/s3/simple_nparents2_nzr04_zdr05_ysize3_180_query.csv
[2024-10-14T10:41:12.632426][INFO][seed180] Closing log file
[2024-10-14T10:41:12.632537][INFO][seed180] Closed log file
['genn.py', '2', '0.4', '0.5', '188', '3']
2 0.4 0.5 188
/mnt/beegfs/rcabanas/dev/credici/papers/zeros/code/GenerateNparents.java
[2024-10-14T10:41:16.879045][INFO][seed188] Set up logging
[2024-10-14T10:41:16.925859][INFO][seed188] args: -np;2;-nzr;0.4;-zdr;0.5;-o;/mnt/beegfs/rcabanas/dev/credici/papers/zeros/models/s3;-rw;-s;188;-ys;3
[2024-10-14T10:41:16.929883][INFO][seed188] Starting logger with seed 188
[2024-10-14T10:41:16.956643][INFO][seed188] simple_nparents2_nzr04_zdr05_ysize3_188
[2024-10-14T10:41:17.284411][INFO][seed188] U cardinality: 81
[2024-10-14T10:41:17.293893][INFO][seed188] !0 = [0, 1, 2, 3, 15, 16, 18, 19, 20, 22, 24, 29, 32, 38, 39, 41, 42, 43, 44, 45, 47, 52, 55, 59, 60, 69, 72, 73, 74, 75, 77, 79]
[2024-10-14T10:41:17.295110][INFO][seed188] 0 = [4, 5, 6, 7, 8, 9, 10, 11, 12, 13, 14, 17, 21, 23, 25, 26, 27, 28, 30, 31, 33, 34, 35, 36, 37, 40, 46, 48, 49, 50, 51, 53, 54, 56, 57, 58, 61, 62, 63, 64, 65, 66, 67, 68, 70, 71, 76, 78, 80]
[2024-10-14T10:41:17.304174][INFO][seed188] Dropping state 80
[2024-10-14T10:41:17.306997][INFO][seed188] Dropping state 71
[2024-10-14T10:41:17.309444][INFO][seed188] Dropping state 67
[2024-10-14T10:41:17.313514][INFO][seed188] Dropping state 66
[2024-10-14T10:41:17.321336][INFO][seed188] Dropping state 64
[2024-10-14T10:41:17.334197][INFO][seed188] Dropping state 62
[2024-10-14T10:41:17.339513][INFO][seed188] Dropping state 61
[2024-10-14T10:41:17.342919][INFO][seed188] Dropping state 58
[2024-10-14T10:41:17.347512][INFO][seed188] Dropping state 57
[2024-10-14T10:41:17.357024][INFO][seed188] Dropping state 56
[2024-10-14T10:41:17.359959][INFO][seed188] Dropping state 49
[2024-10-14T10:41:17.362920][INFO][seed188] Dropping state 48
[2024-10-14T10:41:17.364703][INFO][seed188] Dropping state 46
[2024-10-14T10:41:17.367161][INFO][seed188] Dropping state 36
[2024-10-14T10:41:17.369079][INFO][seed188] Dropping state 34
[2024-10-14T10:41:17.379840][INFO][seed188] Dropping state 33
[2024-10-14T10:41:17.384343][INFO][seed188] Dropping state 31
[2024-10-14T10:41:17.386880][INFO][seed188] Dropping state 30
[2024-10-14T10:41:17.388718][INFO][seed188] Dropping state 28
[2024-10-14T10:41:17.391332][INFO][seed188] Dropping state 26
[2024-10-14T10:41:17.393095][INFO][seed188] Dropping state 25
[2024-10-14T10:41:17.394577][INFO][seed188] Dropping state 23
[2024-10-14T10:41:17.395552][INFO][seed188] Dropping state 12
[2024-10-14T10:41:17.397382][INFO][seed188] Dropping state 9
[2024-10-14T10:41:17.398664][INFO][seed188] Dropping state 8
[2024-10-14T10:41:17.403454][INFO][seed188] Dropping state 7
[2024-10-14T10:41:17.412231][INFO][seed188] U cardinality: 55
[2024-10-14T10:41:17.431156][INFO][seed188] 
[P([5]) [0.048, 0.952], P([4]) [0.038, 0.962], P([3]) [0.006, 0.001, 0.001, 0.001, 0.0, 0.0, 0.0, 0.0, 0.0, 0.0, 0.0, 0.001, 0.001, 0.0, 0.001, 0.001, 0.001, 0.0, 0.001, 0.001, 0.0, 0.001, 0.007, 0.0, 0.0, 0.001, 0.001, 0.0, 0.001, 0.275, 0.001, 0.001, 0.001, 0.001, 0.0, 0.0, 0.001, 0.0, 0.0, 0.002, 0.001, 0.001, 0.0, 0.0, 0.0, 0.001, 0.0, 0.001, 0.001, 0.001, 0.001, 0.0, 0.001, 0.0, 0.683], P([2, 5]) [1.0, 0.0, 0.0, 1.0], P([1, 4]) [1.0, 0.0, 0.0, 1.0], P([0, 1, 2, 3]) [1.0, 0.0, 0.0, 1.0, 0.0, 0.0, 1.0, 0.0, 0.0, 1.0, 0.0, 0.0, 1.0, 0.0, 0.0, 1.0, 0.0, 0.0, 1.0, 0.0, 0.0, 0.0, 1.0, 0.0, 1.0, 0.0, 0.0, 1.0, 0.0, 0.0, 1.0, 0.0, 0.0, 0.0, 0.0, 1.0, 1.0, 0.0, 0.0, 1.0, 0.0, 0.0, 0.0, 1.0, 0.0, 1.0, 0.0, 0.0, 1.0, 0.0, 0.0, 1.0, 0.0, 0.0, 0.0, 1.0, 0.0, 0.0, 1.0, 0.0, 1.0, 0.0, 0.0, 1.0, 0.0, 0.0, 0.0, 1.0, 0.0, 0.0, 0.0, 1.0, 1.0, 0.0, 0.0, 1.0, 0.0, 0.0, 0.0, 0.0, 1.0, 1.0, 0.0, 0.0, 1.0, 0.0, 0.0, 0.0, 1.0, 0.0, 1.0, 0.0, 0.0, 0.0, 1.0, 0.0, 1.0, 0.0, 0.0, 0.0, 1.0, 0.0, 1.0, 0.0, 0.0, 0.0, 0.0, 1.0, 1.0, 0.0, 0.0, 0.0, 1.0, 0.0, 0.0, 1.0, 0.0, 0.0, 1.0, 0.0, 1.0, 0.0, 0.0, 0.0, 1.0, 0.0, 0.0, 1.0, 0.0, 0.0, 0.0, 1.0, 1.0, 0.0, 0.0, 0.0, 1.0, 0.0, 0.0, 0.0, 1.0, 1.0, 0.0, 0.0, 1.0, 0.0, 0.0, 0.0, 1.0, 0.0, 0.0, 0.0, 1.0, 0.0, 1.0, 0.0, 1.0, 0.0, 0.0, 0.0, 1.0, 0.0, 0.0, 0.0, 1.0, 0.0, 0.0, 1.0, 1.0, 0.0, 0.0, 0.0, 0.0, 1.0, 1.0, 0.0, 0.0, 1.0, 0.0, 0.0, 1.0, 0.0, 0.0, 0.0, 0.0, 1.0, 1.0, 0.0, 0.0, 0.0, 1.0, 0.0, 1.0, 0.0, 0.0, 0.0, 0.0, 1.0, 1.0, 0.0, 0.0, 0.0, 0.0, 1.0, 1.0, 0.0, 0.0, 0.0, 0.0, 1.0, 0.0, 1.0, 0.0, 1.0, 0.0, 0.0, 1.0, 0.0, 0.0, 0.0, 0.0, 1.0, 0.0, 1.0, 0.0, 0.0, 1.0, 0.0, 1.0, 0.0, 0.0, 0.0, 0.0, 1.0, 0.0, 0.0, 1.0, 1.0, 0.0, 0.0, 0.0, 1.0, 0.0, 1.0, 0.0, 0.0, 1.0, 0.0, 0.0, 1.0, 0.0, 0.0, 0.0, 1.0, 0.0, 1.0, 0.0, 0.0, 1.0, 0.0, 0.0, 0.0, 0.0, 1.0, 0.0, 1.0, 0.0, 1.0, 0.0, 0.0, 0.0, 1.0, 0.0, 0.0, 0.0, 1.0, 0.0, 1.0, 0.0, 1.0, 0.0, 0.0, 0.0, 0.0, 1.0, 0.0, 0.0, 1.0, 0.0, 1.0, 0.0, 0.0, 1.0, 0.0, 1.0, 0.0, 0.0, 0.0, 1.0, 0.0, 0.0, 1.0, 0.0, 0.0, 1.0, 0.0, 1.0, 0.0, 0.0, 0.0, 0.0, 1.0, 0.0, 1.0, 0.0, 0.0, 1.0, 0.0, 0.0, 1.0, 0.0, 1.0, 0.0, 0.0, 0.0, 1.0, 0.0, 0.0, 1.0, 0.0, 0.0, 1.0, 0.0, 0.0, 1.0, 0.0, 0.0, 1.0, 0.0, 0.0, 1.0, 0.0, 0.0, 1.0, 0.0, 0.0, 0.0, 1.0, 0.0, 1.0, 0.0, 0.0, 1.0, 0.0, 0.0, 0.0, 1.0, 1.0, 0.0, 0.0, 0.0, 1.0, 0.0, 0.0, 1.0, 0.0, 0.0, 0.0, 1.0, 0.0, 1.0, 0.0, 0.0, 1.0, 0.0, 0.0, 1.0, 0.0, 0.0, 0.0, 1.0, 0.0, 0.0, 1.0, 0.0, 1.0, 0.0, 0.0, 0.0, 1.0, 1.0, 0.0, 0.0, 1.0, 0.0, 0.0, 0.0, 1.0, 0.0, 0.0, 0.0, 1.0, 1.0, 0.0, 0.0, 0.0, 0.0, 1.0, 0.0, 1.0, 0.0, 0.0, 0.0, 1.0, 0.0, 1.0, 0.0, 0.0, 0.0, 1.0, 0.0, 1.0, 0.0, 0.0, 0.0, 1.0, 0.0, 0.0, 1.0, 1.0, 0.0, 0.0, 0.0, 1.0, 0.0, 0.0, 0.0, 1.0, 0.0, 0.0, 1.0, 0.0, 1.0, 0.0, 0.0, 1.0, 0.0, 0.0, 0.0, 1.0, 0.0, 0.0, 1.0, 0.0, 0.0, 1.0, 0.0, 0.0, 1.0, 1.0, 0.0, 0.0, 1.0, 0.0, 0.0, 1.0, 0.0, 0.0, 0.0, 0.0, 1.0, 1.0, 0.0, 0.0, 1.0, 0.0, 0.0, 0.0, 1.0, 0.0, 0.0, 0.0, 1.0, 1.0, 0.0, 0.0, 0.0, 1.0, 0.0, 0.0, 0.0, 1.0, 0.0, 0.0, 1.0, 1.0, 0.0, 0.0, 0.0, 0.0, 1.0, 1.0, 0.0, 0.0, 0.0, 0.0, 1.0, 0.0, 1.0, 0.0, 1.0, 0.0, 0.0, 1.0, 0.0, 0.0, 0.0, 0.0, 1.0, 0.0, 1.0, 0.0, 1.0, 0.0, 0.0, 0.0, 0.0, 1.0, 0.0, 0.0, 1.0, 0.0, 1.0, 0.0, 0.0, 1.0, 0.0, 0.0, 0.0, 1.0, 0.0, 0.0, 1.0, 0.0, 1.0, 0.0, 0.0, 0.0, 1.0, 1.0, 0.0, 0.0, 0.0, 0.0, 1.0, 0.0, 1.0, 0.0, 0.0, 0.0, 1.0, 0.0, 1.0, 0.0, 0.0, 0.0, 1.0, 0.0, 0.0, 1.0, 1.0, 0.0, 0.0, 1.0, 0.0, 0.0, 0.0, 0.0, 1.0, 0.0, 0.0, 1.0, 1.0, 0.0, 0.0, 0.0, 1.0, 0.0, 0.0, 0.0, 1.0, 0.0, 0.0, 1.0, 1.0, 0.0, 0.0, 0.0, 0.0, 1.0, 0.0, 0.0, 1.0, 0.0, 0.0, 1.0, 0.0, 1.0, 0.0, 1.0, 0.0, 0.0, 0.0, 0.0, 1.0, 0.0, 0.0, 1.0, 0.0, 1.0, 0.0, 0.0, 1.0, 0.0, 0.0, 0.0, 1.0, 0.0, 0.0, 1.0, 0.0, 1.0, 0.0, 0.0, 0.0, 1.0, 0.0, 0.0, 1.0, 0.0, 0.0, 1.0, 0.0, 0.0, 1.0, 1.0, 0.0, 0.0, 0.0, 0.0, 1.0, 0.0, 0.0, 1.0, 0.0, 0.0, 1.0, 0.0, 1.0, 0.0]]

[2024-10-14T10:41:17.887524][INFO][seed188] Sampled 1000 data instances
[2024-10-14T10:41:17.888227][INFO][seed188] Starting exact inference 
[2024-10-14T10:41:20.343410][INFO][seed188] PS(V1,V0) in [0.0, 0.7368]
[2024-10-14T10:41:20.426316][INFO][seed188] PS(V2,V0) in [0.0, 1.0]
[2024-10-14T10:41:20.487410][INFO][seed188] PN(V1,V0) in [0.0, 0.06578605675550127] 
[2024-10-14T10:41:20.536102][INFO][seed188] PN(V2,V0) in [0.0, 0.05560384836385603] 
[2024-10-14T10:41:20.603624][INFO][seed188] Saved data to: /mnt/beegfs/rcabanas/dev/credici/papers/zeros/models/s3/simple_nparents2_nzr04_zdr05_ysize3_188.csv
[2024-10-14T10:41:20.642913][INFO][seed188] Saved model to: /mnt/beegfs/rcabanas/dev/credici/papers/zeros/models/s3/simple_nparents2_nzr04_zdr05_ysize3_188.uai
[2024-10-14T10:41:20.653148][INFO][seed188] Saved queries to: /mnt/beegfs/rcabanas/dev/credici/papers/zeros/models/s3/simple_nparents2_nzr04_zdr05_ysize3_188_query.csv
[2024-10-14T10:41:20.653766][INFO][seed188] Closing log file
[2024-10-14T10:41:20.654586][INFO][seed188] Closed log file
['genn.py', '2', '0.4', '0.5', '197', '3']
2 0.4 0.5 197
/mnt/beegfs/rcabanas/dev/credici/papers/zeros/code/GenerateNparents.java
[2024-10-14T10:41:25.396184][INFO][seed197] Set up logging
[2024-10-14T10:41:25.438408][INFO][seed197] args: -np;2;-nzr;0.4;-zdr;0.5;-o;/mnt/beegfs/rcabanas/dev/credici/papers/zeros/models/s3;-rw;-s;197;-ys;3
[2024-10-14T10:41:25.446103][INFO][seed197] Starting logger with seed 197
[2024-10-14T10:41:25.469685][INFO][seed197] simple_nparents2_nzr04_zdr05_ysize3_197
[2024-10-14T10:41:25.822965][INFO][seed197] U cardinality: 81
[2024-10-14T10:41:25.834387][INFO][seed197] !0 = [0, 3, 6, 7, 8, 10, 14, 15, 22, 24, 26, 28, 29, 30, 32, 37, 39, 42, 44, 47, 50, 57, 58, 59, 62, 68, 70, 71, 73, 74, 77, 78]
[2024-10-14T10:41:25.835833][INFO][seed197] 0 = [1, 2, 4, 5, 9, 11, 12, 13, 16, 17, 18, 19, 20, 21, 23, 25, 27, 31, 33, 34, 35, 36, 38, 40, 41, 43, 45, 46, 48, 49, 51, 52, 53, 54, 55, 56, 60, 61, 63, 64, 65, 66, 67, 69, 72, 75, 76, 79, 80]
[2024-10-14T10:41:25.847040][INFO][seed197] Dropping state 80
[2024-10-14T10:41:25.849343][INFO][seed197] Dropping state 79
[2024-10-14T10:41:25.851428][INFO][seed197] Dropping state 76
[2024-10-14T10:41:25.855145][INFO][seed197] Dropping state 72
[2024-10-14T10:41:25.862227][INFO][seed197] Dropping state 69
[2024-10-14T10:41:25.875695][INFO][seed197] Dropping state 61
[2024-10-14T10:41:25.880886][INFO][seed197] Dropping state 60
[2024-10-14T10:41:25.884304][INFO][seed197] Dropping state 56
[2024-10-14T10:41:25.887716][INFO][seed197] Dropping state 54
[2024-10-14T10:41:25.890230][INFO][seed197] Dropping state 53
[2024-10-14T10:41:25.892127][INFO][seed197] Dropping state 49
[2024-10-14T10:41:25.898689][INFO][seed197] Dropping state 48
[2024-10-14T10:41:25.900572][INFO][seed197] Dropping state 46
[2024-10-14T10:41:25.908515][INFO][seed197] Dropping state 45
[2024-10-14T10:41:25.912559][INFO][seed197] Dropping state 41
[2024-10-14T10:41:25.914102][INFO][seed197] Dropping state 40
[2024-10-14T10:41:25.921061][INFO][seed197] Dropping state 38
[2024-10-14T10:41:25.924282][INFO][seed197] Dropping state 36
[2024-10-14T10:41:25.932604][INFO][seed197] Dropping state 31
[2024-10-14T10:41:25.937930][INFO][seed197] Dropping state 27
[2024-10-14T10:41:25.940798][INFO][seed197] Dropping state 25
[2024-10-14T10:41:25.942023][INFO][seed197] Dropping state 20
[2024-10-14T10:41:25.946153][INFO][seed197] Dropping state 19
[2024-10-14T10:41:25.948344][INFO][seed197] Dropping state 13
[2024-10-14T10:41:25.950288][INFO][seed197] Dropping state 9
[2024-10-14T10:41:25.957512][INFO][seed197] Dropping state 4
[2024-10-14T10:41:25.964903][INFO][seed197] U cardinality: 55
[2024-10-14T10:41:25.987712][INFO][seed197] 
[P([5]) [0.458, 0.542], P([4]) [0.987, 0.013], P([3]) [0.001, 0.0, 0.0, 0.001, 0.0, 0.001, 0.001, 0.206, 0.001, 0.0, 0.0, 0.002, 0.001, 0.0, 0.0, 0.0, 0.0, 0.001, 0.0, 0.001, 0.001, 0.001, 0.001, 0.001, 0.001, 0.0, 0.0, 0.0, 0.001, 0.001, 0.001, 0.0, 0.001, 0.001, 0.001, 0.0, 0.0, 0.0, 0.001, 0.001, 0.001, 0.001, 0.0, 0.0, 0.0, 0.0, 0.0, 0.001, 0.001, 0.001, 0.001, 0.001, 0.0, 0.001, 0.763], P([2, 5]) [1.0, 0.0, 0.0, 1.0], P([1, 4]) [1.0, 0.0, 0.0, 1.0], P([0, 1, 2, 3]) [1.0, 0.0, 0.0, 1.0, 0.0, 0.0, 1.0, 0.0, 0.0, 1.0, 0.0, 0.0, 1.0, 0.0, 0.0, 1.0, 0.0, 0.0, 1.0, 0.0, 0.0, 0.0, 1.0, 0.0, 1.0, 0.0, 0.0, 1.0, 0.0, 0.0, 1.0, 0.0, 0.0, 0.0, 0.0, 1.0, 1.0, 0.0, 0.0, 1.0, 0.0, 0.0, 0.0, 1.0, 0.0, 1.0, 0.0, 0.0, 1.0, 0.0, 0.0, 1.0, 0.0, 0.0, 0.0, 1.0, 0.0, 0.0, 0.0, 1.0, 1.0, 0.0, 0.0, 1.0, 0.0, 0.0, 0.0, 0.0, 1.0, 1.0, 0.0, 0.0, 1.0, 0.0, 0.0, 1.0, 0.0, 0.0, 0.0, 0.0, 1.0, 0.0, 1.0, 0.0, 1.0, 0.0, 0.0, 1.0, 0.0, 0.0, 0.0, 0.0, 1.0, 0.0, 0.0, 1.0, 1.0, 0.0, 0.0, 0.0, 1.0, 0.0, 1.0, 0.0, 0.0, 0.0, 1.0, 0.0, 1.0, 0.0, 0.0, 0.0, 1.0, 0.0, 1.0, 0.0, 0.0, 0.0, 0.0, 1.0, 1.0, 0.0, 0.0, 0.0, 1.0, 0.0, 0.0, 1.0, 0.0, 1.0, 0.0, 0.0, 1.0, 0.0, 0.0, 0.0, 1.0, 0.0, 0.0, 1.0, 0.0, 0.0, 0.0, 1.0, 1.0, 0.0, 0.0, 0.0, 1.0, 0.0, 0.0, 0.0, 1.0, 1.0, 0.0, 0.0, 1.0, 0.0, 0.0, 0.0, 1.0, 0.0, 0.0, 0.0, 1.0, 0.0, 1.0, 0.0, 1.0, 0.0, 0.0, 0.0, 1.0, 0.0, 0.0, 0.0, 1.0, 0.0, 0.0, 1.0, 1.0, 0.0, 0.0, 0.0, 0.0, 1.0, 1.0, 0.0, 0.0, 1.0, 0.0, 0.0, 1.0, 0.0, 0.0, 0.0, 0.0, 1.0, 0.0, 1.0, 0.0, 1.0, 0.0, 0.0, 1.0, 0.0, 0.0, 0.0, 0.0, 1.0, 0.0, 1.0, 0.0, 0.0, 1.0, 0.0, 1.0, 0.0, 0.0, 0.0, 0.0, 1.0, 0.0, 1.0, 0.0, 0.0, 0.0, 1.0, 1.0, 0.0, 0.0, 0.0, 0.0, 1.0, 0.0, 0.0, 1.0, 1.0, 0.0, 0.0, 1.0, 0.0, 0.0, 0.0, 0.0, 1.0, 0.0, 0.0, 1.0, 0.0, 0.0, 1.0, 0.0, 1.0, 0.0, 1.0, 0.0, 0.0, 1.0, 0.0, 0.0, 0.0, 1.0, 0.0, 0.0, 1.0, 0.0, 1.0, 0.0, 0.0, 1.0, 0.0, 0.0, 0.0, 0.0, 1.0, 0.0, 1.0, 0.0, 1.0, 0.0, 0.0, 0.0, 1.0, 0.0, 1.0, 0.0, 0.0, 0.0, 1.0, 0.0, 1.0, 0.0, 0.0, 0.0, 1.0, 0.0, 0.0, 0.0, 1.0, 0.0, 1.0, 0.0, 1.0, 0.0, 0.0, 0.0, 0.0, 1.0, 1.0, 0.0, 0.0, 0.0, 1.0, 0.0, 1.0, 0.0, 0.0, 0.0, 0.0, 1.0, 0.0, 1.0, 0.0, 0.0, 1.0, 0.0, 1.0, 0.0, 0.0, 0.0, 0.0, 1.0, 0.0, 0.0, 1.0, 0.0, 1.0, 0.0, 0.0, 1.0, 0.0, 1.0, 0.0, 0.0, 0.0, 1.0, 0.0, 0.0, 1.0, 0.0, 0.0, 1.0, 0.0, 0.0, 1.0, 0.0, 1.0, 0.0, 0.0, 0.0, 1.0, 0.0, 0.0, 1.0, 0.0, 0.0, 0.0, 1.0, 1.0, 0.0, 0.0, 0.0, 1.0, 0.0, 0.0, 1.0, 0.0, 0.0, 0.0, 1.0, 0.0, 1.0, 0.0, 0.0, 1.0, 0.0, 0.0, 1.0, 0.0, 0.0, 0.0, 1.0, 0.0, 0.0, 1.0, 0.0, 1.0, 0.0, 0.0, 0.0, 1.0, 1.0, 0.0, 0.0, 0.0, 0.0, 1.0, 0.0, 1.0, 0.0, 0.0, 0.0, 1.0, 0.0, 1.0, 0.0, 0.0, 0.0, 1.0, 0.0, 1.0, 0.0, 0.0, 0.0, 1.0, 0.0, 0.0, 1.0, 1.0, 0.0, 0.0, 0.0, 1.0, 0.0, 0.0, 0.0, 1.0, 0.0, 0.0, 1.0, 0.0, 1.0, 0.0, 0.0, 0.0, 1.0, 1.0, 0.0, 0.0, 1.0, 0.0, 0.0, 0.0, 1.0, 0.0, 0.0, 0.0, 1.0, 1.0, 0.0, 0.0, 0.0, 1.0, 0.0, 1.0, 0.0, 0.0, 0.0, 0.0, 1.0, 1.0, 0.0, 0.0, 0.0, 1.0, 0.0, 0.0, 1.0, 0.0, 0.0, 0.0, 1.0, 1.0, 0.0, 0.0, 0.0, 1.0, 0.0, 0.0, 0.0, 1.0, 0.0, 0.0, 1.0, 1.0, 0.0, 0.0, 0.0, 0.0, 1.0, 0.0, 0.0, 1.0, 0.0, 0.0, 1.0, 0.0, 1.0, 0.0, 1.0, 0.0, 0.0, 1.0, 0.0, 0.0, 0.0, 0.0, 1.0, 0.0, 1.0, 0.0, 1.0, 0.0, 0.0, 0.0, 1.0, 0.0, 0.0, 0.0, 1.0, 0.0, 1.0, 0.0, 1.0, 0.0, 0.0, 0.0, 0.0, 1.0, 0.0, 0.0, 1.0, 0.0, 1.0, 0.0, 0.0, 1.0, 0.0, 1.0, 0.0, 0.0, 0.0, 0.0, 1.0, 0.0, 1.0, 0.0, 0.0, 1.0, 0.0, 0.0, 1.0, 0.0, 0.0, 0.0, 1.0, 0.0, 1.0, 0.0, 0.0, 1.0, 0.0, 0.0, 0.0, 1.0, 0.0, 0.0, 1.0, 0.0, 1.0, 0.0, 0.0, 0.0, 1.0, 0.0, 1.0, 0.0, 0.0, 0.0, 1.0, 0.0, 1.0, 0.0, 0.0, 0.0, 1.0, 0.0, 0.0, 1.0, 0.0, 0.0, 1.0, 0.0, 0.0, 1.0, 1.0, 0.0, 0.0, 0.0, 1.0, 0.0, 0.0, 0.0, 1.0, 0.0, 0.0, 1.0, 1.0, 0.0, 0.0, 0.0, 0.0, 1.0, 0.0, 0.0, 1.0, 0.0, 0.0, 1.0, 0.0, 1.0, 0.0, 1.0, 0.0, 0.0, 0.0, 0.0, 1.0, 0.0, 0.0, 1.0, 0.0, 1.0, 0.0, 0.0, 0.0, 1.0, 0.0, 0.0, 1.0, 0.0, 0.0, 1.0, 0.0, 0.0, 1.0, 1.0, 0.0, 0.0]]

[2024-10-14T10:41:26.400982][INFO][seed197] Sampled 1000 data instances
[2024-10-14T10:41:26.401608][INFO][seed197] Starting exact inference 
[2024-10-14T10:41:32.885186][INFO][seed197] PS(V1,V0) in [0.0, 0.0]
[2024-10-14T10:41:35.224995][INFO][seed197] PS(V2,V0) in [0.0, 0.0530649600136424]
[2024-10-14T10:41:36.471321][INFO][seed197] No feasible solution... resampling
[2024-10-14T10:41:36.712040][INFO][seed197] Sampled 1100 data instances
[2024-10-14T10:41:36.724855][INFO][seed197] Starting exact inference 
[2024-10-14T10:42:05.876388][INFO][seed21] PN(V2,V0) in [0.043606799704360676, 0.532065747045242] 
[2024-10-14T10:42:06.022913][INFO][seed21] Saved data to: /mnt/beegfs/rcabanas/dev/credici/papers/zeros/models/s3/simple_nparents2_nzr04_zdr05_ysize3_21.csv
[2024-10-14T10:42:06.083672][INFO][seed21] Saved model to: /mnt/beegfs/rcabanas/dev/credici/papers/zeros/models/s3/simple_nparents2_nzr04_zdr05_ysize3_21.uai
[2024-10-14T10:42:06.097314][INFO][seed21] Saved queries to: /mnt/beegfs/rcabanas/dev/credici/papers/zeros/models/s3/simple_nparents2_nzr04_zdr05_ysize3_21_query.csv
[2024-10-14T10:42:06.099906][INFO][seed21] Closing log file
[2024-10-14T10:42:06.100851][INFO][seed21] Closed log file
['genn.py', '2', '0.4', '0.5', '62', '3']
2 0.4 0.5 62
/mnt/beegfs/rcabanas/dev/credici/papers/zeros/code/GenerateNparents.java
[2024-10-14T10:42:10.602922][INFO][seed62] Set up logging
[2024-10-14T10:42:10.646095][INFO][seed62] args: -np;2;-nzr;0.4;-zdr;0.5;-o;/mnt/beegfs/rcabanas/dev/credici/papers/zeros/models/s3;-rw;-s;62;-ys;3
[2024-10-14T10:42:10.648905][INFO][seed62] Starting logger with seed 62
[2024-10-14T10:42:10.686918][INFO][seed62] simple_nparents2_nzr04_zdr05_ysize3_62
[2024-10-14T10:42:11.146196][INFO][seed62] U cardinality: 81
[2024-10-14T10:42:11.162922][INFO][seed62] !0 = [0, 1, 3, 5, 6, 7, 9, 14, 15, 16, 23, 25, 33, 35, 37, 38, 39, 47, 48, 49, 50, 52, 55, 60, 62, 63, 65, 68, 73, 74, 78, 79]
[2024-10-14T10:42:11.165188][INFO][seed62] 0 = [2, 4, 8, 10, 11, 12, 13, 17, 18, 19, 20, 21, 22, 24, 26, 27, 28, 29, 30, 31, 32, 34, 36, 40, 41, 42, 43, 44, 45, 46, 51, 53, 54, 56, 57, 58, 59, 61, 64, 66, 67, 69, 70, 71, 72, 75, 76, 77, 80]
[2024-10-14T10:42:11.179407][INFO][seed62] Dropping state 80
[2024-10-14T10:42:11.182825][INFO][seed62] Dropping state 77
[2024-10-14T10:42:11.185928][INFO][seed62] Dropping state 75
[2024-10-14T10:42:11.191655][INFO][seed62] Dropping state 71
[2024-10-14T10:42:11.200682][INFO][seed62] Dropping state 70
[2024-10-14T10:42:11.214995][INFO][seed62] Dropping state 69
[2024-10-14T10:42:11.217697][INFO][seed62] Dropping state 67
[2024-10-14T10:42:11.225333][INFO][seed62] Dropping state 64
[2024-10-14T10:42:11.229139][INFO][seed62] Dropping state 59
[2024-10-14T10:42:11.235160][INFO][seed62] Dropping state 58
[2024-10-14T10:42:11.237987][INFO][seed62] Dropping state 56
[2024-10-14T10:42:11.241449][INFO][seed62] Dropping state 53
[2024-10-14T10:42:11.244639][INFO][seed62] Dropping state 51
[2024-10-14T10:42:11.248664][INFO][seed62] Dropping state 46
[2024-10-14T10:42:11.252225][INFO][seed62] Dropping state 43
[2024-10-14T10:42:11.253845][INFO][seed62] Dropping state 34
[2024-10-14T10:42:11.258107][INFO][seed62] Dropping state 32
[2024-10-14T10:42:11.260250][INFO][seed62] Dropping state 27
[2024-10-14T10:42:11.266958][INFO][seed62] Dropping state 24
[2024-10-14T10:42:11.271051][INFO][seed62] Dropping state 22
[2024-10-14T10:42:11.273004][INFO][seed62] Dropping state 21
[2024-10-14T10:42:11.274170][INFO][seed62] Dropping state 20
[2024-10-14T10:42:11.276885][INFO][seed62] Dropping state 19
[2024-10-14T10:42:11.279031][INFO][seed62] Dropping state 18
[2024-10-14T10:42:11.282350][INFO][seed62] Dropping state 17
[2024-10-14T10:42:11.288950][INFO][seed62] Dropping state 13
[2024-10-14T10:42:11.292966][INFO][seed62] Dropping state 11
[2024-10-14T10:42:11.295441][INFO][seed62] Dropping state 8
[2024-10-14T10:42:11.296457][INFO][seed62] Dropping state 2
[2024-10-14T10:42:11.302382][INFO][seed62] U cardinality: 52
[2024-10-14T10:42:11.324579][INFO][seed62] 
[P([5]) [0.017, 0.983], P([4]) [0.937, 0.063], P([3]) [0.001, 0.001, 0.002, 0.0, 0.001, 0.001, 0.001, 0.001, 0.0, 0.0, 0.001, 0.001, 0.001, 0.001, 0.001, 0.0, 0.0, 0.0, 0.0, 0.0, 0.001, 0.001, 0.0, 0.001, 0.001, 0.001, 0.0, 0.0, 0.0, 0.0, 0.0, 0.001, 0.001, 0.001, 0.004, 0.001, 0.0, 0.001, 0.0, 0.001, 0.0, 0.001, 0.001, 0.001, 0.0, 0.001, 0.0, 0.001, 0.001, 0.0, 0.001, 0.965], P([2, 5]) [1.0, 0.0, 0.0, 1.0], P([1, 4]) [1.0, 0.0, 0.0, 1.0], P([0, 1, 2, 3]) [1.0, 0.0, 0.0, 1.0, 0.0, 0.0, 1.0, 0.0, 0.0, 1.0, 0.0, 0.0, 1.0, 0.0, 0.0, 1.0, 0.0, 0.0, 1.0, 0.0, 0.0, 0.0, 1.0, 0.0, 1.0, 0.0, 0.0, 1.0, 0.0, 0.0, 0.0, 1.0, 0.0, 1.0, 0.0, 0.0, 1.0, 0.0, 0.0, 1.0, 0.0, 0.0, 0.0, 1.0, 0.0, 0.0, 1.0, 0.0, 1.0, 0.0, 0.0, 1.0, 0.0, 0.0, 0.0, 1.0, 0.0, 0.0, 0.0, 1.0, 1.0, 0.0, 0.0, 1.0, 0.0, 0.0, 0.0, 0.0, 1.0, 1.0, 0.0, 0.0, 1.0, 0.0, 0.0, 1.0, 0.0, 0.0, 0.0, 0.0, 1.0, 0.0, 1.0, 0.0, 1.0, 0.0, 0.0, 0.0, 1.0, 0.0, 1.0, 0.0, 0.0, 1.0, 0.0, 0.0, 1.0, 0.0, 0.0, 0.0, 1.0, 0.0, 1.0, 0.0, 0.0, 0.0, 1.0, 0.0, 1.0, 0.0, 0.0, 0.0, 1.0, 0.0, 0.0, 1.0, 0.0, 1.0, 0.0, 0.0, 1.0, 0.0, 0.0, 0.0, 1.0, 0.0, 0.0, 1.0, 0.0, 0.0, 0.0, 1.0, 1.0, 0.0, 0.0, 0.0, 1.0, 0.0, 0.0, 0.0, 1.0, 1.0, 0.0, 0.0, 1.0, 0.0, 0.0, 0.0, 1.0, 0.0, 0.0, 0.0, 1.0, 0.0, 1.0, 0.0, 1.0, 0.0, 0.0, 0.0, 0.0, 1.0, 0.0, 1.0, 0.0, 0.0, 0.0, 1.0, 1.0, 0.0, 0.0, 0.0, 0.0, 1.0, 0.0, 0.0, 1.0, 0.0, 1.0, 0.0, 1.0, 0.0, 0.0, 0.0, 0.0, 1.0, 0.0, 0.0, 1.0, 0.0, 0.0, 1.0, 0.0, 1.0, 0.0, 1.0, 0.0, 0.0, 1.0, 0.0, 0.0, 0.0, 1.0, 0.0, 0.0, 1.0, 0.0, 1.0, 0.0, 0.0, 1.0, 0.0, 0.0, 0.0, 0.0, 1.0, 0.0, 1.0, 0.0, 1.0, 0.0, 0.0, 0.0, 1.0, 0.0, 1.0, 0.0, 0.0, 0.0, 1.0, 0.0, 1.0, 0.0, 0.0, 0.0, 1.0, 0.0, 0.0, 1.0, 0.0, 0.0, 1.0, 0.0, 1.0, 0.0, 0.0, 0.0, 0.0, 1.0, 1.0, 0.0, 0.0, 0.0, 1.0, 0.0, 1.0, 0.0, 0.0, 0.0, 0.0, 1.0, 0.0, 0.0, 1.0, 0.0, 1.0, 0.0, 0.0, 1.0, 0.0, 1.0, 0.0, 0.0, 1.0, 0.0, 0.0, 0.0, 1.0, 0.0, 0.0, 1.0, 0.0, 1.0, 0.0, 0.0, 0.0, 1.0, 0.0, 0.0, 1.0, 0.0, 0.0, 1.0, 0.0, 1.0, 0.0, 0.0, 0.0, 0.0, 1.0, 0.0, 1.0, 0.0, 0.0, 1.0, 0.0, 0.0, 1.0, 0.0, 1.0, 0.0, 0.0, 0.0, 1.0, 0.0, 0.0, 1.0, 0.0, 0.0, 1.0, 0.0, 0.0, 1.0, 0.0, 0.0, 1.0, 0.0, 0.0, 1.0, 0.0, 0.0, 1.0, 0.0, 0.0, 0.0, 1.0, 0.0, 1.0, 0.0, 0.0, 1.0, 0.0, 0.0, 0.0, 1.0, 1.0, 0.0, 0.0, 0.0, 1.0, 0.0, 0.0, 1.0, 0.0, 0.0, 0.0, 1.0, 0.0, 0.0, 1.0, 0.0, 1.0, 0.0, 0.0, 0.0, 1.0, 1.0, 0.0, 0.0, 1.0, 0.0, 0.0, 0.0, 1.0, 0.0, 0.0, 0.0, 1.0, 1.0, 0.0, 0.0, 0.0, 0.0, 1.0, 0.0, 1.0, 0.0, 0.0, 0.0, 1.0, 0.0, 1.0, 0.0, 1.0, 0.0, 0.0, 0.0, 1.0, 0.0, 0.0, 0.0, 1.0, 0.0, 1.0, 0.0, 0.0, 1.0, 0.0, 0.0, 1.0, 0.0, 0.0, 0.0, 1.0, 0.0, 1.0, 0.0, 0.0, 0.0, 1.0, 0.0, 1.0, 0.0, 0.0, 0.0, 1.0, 0.0, 0.0, 1.0, 0.0, 1.0, 0.0, 0.0, 0.0, 1.0, 1.0, 0.0, 0.0, 1.0, 0.0, 0.0, 1.0, 0.0, 0.0, 0.0, 0.0, 1.0, 1.0, 0.0, 0.0, 1.0, 0.0, 0.0, 0.0, 1.0, 0.0, 0.0, 0.0, 1.0, 1.0, 0.0, 0.0, 0.0, 1.0, 0.0, 1.0, 0.0, 0.0, 0.0, 0.0, 1.0, 1.0, 0.0, 0.0, 0.0, 0.0, 1.0, 1.0, 0.0, 0.0, 0.0, 0.0, 1.0, 1.0, 0.0, 0.0, 0.0, 0.0, 1.0, 0.0, 1.0, 0.0, 0.0, 0.0, 1.0, 1.0, 0.0, 0.0, 0.0, 0.0, 1.0, 0.0, 0.0, 1.0, 0.0, 0.0, 1.0, 0.0, 1.0, 0.0, 1.0, 0.0, 0.0, 1.0, 0.0, 0.0, 0.0, 0.0, 1.0, 0.0, 1.0, 0.0, 1.0, 0.0, 0.0, 0.0, 0.0, 1.0, 0.0, 0.0, 1.0, 0.0, 1.0, 0.0, 0.0, 1.0, 0.0, 1.0, 0.0, 0.0, 0.0, 0.0, 1.0, 0.0, 1.0, 0.0, 0.0, 1.0, 0.0, 0.0, 0.0, 1.0, 0.0, 0.0, 1.0, 0.0, 0.0, 1.0, 1.0, 0.0, 0.0, 1.0, 0.0, 0.0, 0.0, 0.0, 1.0, 0.0, 0.0, 1.0, 1.0, 0.0, 0.0, 0.0, 1.0, 0.0, 0.0, 0.0, 1.0, 0.0, 0.0, 1.0, 1.0, 0.0, 0.0, 0.0, 0.0, 1.0, 0.0, 0.0, 1.0, 0.0, 0.0, 1.0, 0.0, 1.0, 0.0, 0.0, 1.0, 0.0, 0.0, 0.0, 1.0, 0.0, 0.0, 1.0, 0.0, 0.0, 1.0, 1.0, 0.0, 0.0, 0.0, 0.0, 1.0, 0.0, 0.0, 1.0, 0.0, 0.0, 1.0, 0.0, 1.0, 0.0]]

[2024-10-14T10:42:11.804395][INFO][seed62] Sampled 1000 data instances
[2024-10-14T10:42:11.804642][INFO][seed62] Starting exact inference 
Error in variable: 3
[2024-10-14T10:42:13.293889][INFO][seed62] No feasible solution... resampling
[2024-10-14T10:42:13.746293][INFO][seed62] Sampled 1100 data instances
[2024-10-14T10:42:13.748529][INFO][seed62] Starting exact inference 
[2024-10-14T10:42:14.476428][INFO][seed62] PS(V1,V0) in [0.0, 0.91085423239098]
[2024-10-14T10:42:14.533879][INFO][seed62] PS(V2,V0) in [0.0, 0.0]
[2024-10-14T10:42:14.577950][INFO][seed62] PN(V1,V0) in [0.0, 0.010214915219295986] 
[2024-10-14T10:42:14.605545][INFO][seed62] PN(V2,V0) in [0.0, 0.0] 
[2024-10-14T10:42:14.661423][INFO][seed62] Saved data to: /mnt/beegfs/rcabanas/dev/credici/papers/zeros/models/s3/simple_nparents2_nzr04_zdr05_ysize3_62.csv
[2024-10-14T10:42:14.698263][INFO][seed62] Saved model to: /mnt/beegfs/rcabanas/dev/credici/papers/zeros/models/s3/simple_nparents2_nzr04_zdr05_ysize3_62.uai
[2024-10-14T10:42:14.706343][INFO][seed62] Saved queries to: /mnt/beegfs/rcabanas/dev/credici/papers/zeros/models/s3/simple_nparents2_nzr04_zdr05_ysize3_62_query.csv
[2024-10-14T10:42:14.707002][INFO][seed62] Closing log file
[2024-10-14T10:42:14.707064][INFO][seed62] Closed log file
['genn.py', '2', '0.4', '0.5', '140', '3']
2 0.4 0.5 140
/mnt/beegfs/rcabanas/dev/credici/papers/zeros/code/GenerateNparents.java
[2024-10-14T10:42:19.533543][INFO][seed140] Set up logging
[2024-10-14T10:42:19.567309][INFO][seed140] args: -np;2;-nzr;0.4;-zdr;0.5;-o;/mnt/beegfs/rcabanas/dev/credici/papers/zeros/models/s3;-rw;-s;140;-ys;3
[2024-10-14T10:42:19.570434][INFO][seed140] Starting logger with seed 140
[2024-10-14T10:42:19.588614][INFO][seed140] simple_nparents2_nzr04_zdr05_ysize3_140
[2024-10-14T10:42:20.006663][INFO][seed140] U cardinality: 81
[2024-10-14T10:42:20.017196][INFO][seed140] !0 = [1, 2, 4, 5, 7, 8, 10, 11, 16, 17, 18, 20, 25, 26, 27, 32, 33, 37, 40, 41, 42, 46, 50, 54, 55, 57, 64, 72, 73, 75, 76, 79]
[2024-10-14T10:42:20.018952][INFO][seed140] 0 = [0, 3, 6, 9, 12, 13, 14, 15, 19, 21, 22, 23, 24, 28, 29, 30, 31, 34, 35, 36, 38, 39, 43, 44, 45, 47, 48, 49, 51, 52, 53, 56, 58, 59, 60, 61, 62, 63, 65, 66, 67, 68, 69, 70, 71, 74, 77, 78, 80]
[2024-10-14T10:42:20.031972][INFO][seed140] Dropping state 80
[2024-10-14T10:42:20.033983][INFO][seed140] Dropping state 74
[2024-10-14T10:42:20.036071][INFO][seed140] Dropping state 68
[2024-10-14T10:42:20.039882][INFO][seed140] Dropping state 66
[2024-10-14T10:42:20.046355][INFO][seed140] Dropping state 65
[2024-10-14T10:42:20.059412][INFO][seed140] Dropping state 63
[2024-10-14T10:42:20.065295][INFO][seed140] Dropping state 60
[2024-10-14T10:42:20.069047][INFO][seed140] Dropping state 58
[2024-10-14T10:42:20.072205][INFO][seed140] Dropping state 53
[2024-10-14T10:42:20.074031][INFO][seed140] Dropping state 52
[2024-10-14T10:42:20.075119][INFO][seed140] Dropping state 51
[2024-10-14T10:42:20.087784][INFO][seed140] Dropping state 43
[2024-10-14T10:42:20.090027][INFO][seed140] Dropping state 36
[2024-10-14T10:42:20.092425][INFO][seed140] Dropping state 34
[2024-10-14T10:42:20.094388][INFO][seed140] Dropping state 29
[2024-10-14T10:42:20.095196][INFO][seed140] Dropping state 14
[2024-10-14T10:42:20.098633][INFO][seed140] Dropping state 9
[2024-10-14T10:42:20.101530][INFO][seed140] Dropping state 6
[2024-10-14T10:42:20.108674][INFO][seed140] Dropping state 3
[2024-10-14T10:42:20.116919][INFO][seed140] U cardinality: 62
[2024-10-14T10:42:20.134107][INFO][seed140] 
[P([5]) [0.136, 0.864], P([4]) [0.377, 0.623], P([3]) [0.0, 0.001, 0.048, 0.001, 0.001, 0.001, 0.001, 0.084, 0.001, 0.0, 0.0, 0.0, 0.001, 0.001, 0.001, 0.0, 0.001, 0.0, 0.0, 0.0, 0.0, 0.001, 0.001, 0.001, 0.0, 0.0, 0.0, 0.001, 0.001, 0.0, 0.017, 0.0, 0.0, 0.001, 0.001, 0.496, 0.0, 0.0, 0.001, 0.0, 0.0, 0.0, 0.001, 0.001, 0.001, 0.0, 0.001, 0.0, 0.0, 0.0, 0.001, 0.0, 0.0, 0.0, 0.0, 0.001, 0.001, 0.001, 0.001, 0.0, 0.0, 0.328], P([2, 5]) [1.0, 0.0, 0.0, 1.0], P([1, 4]) [1.0, 0.0, 0.0, 1.0], P([0, 1, 2, 3]) [1.0, 0.0, 0.0, 1.0, 0.0, 0.0, 1.0, 0.0, 0.0, 1.0, 0.0, 0.0, 1.0, 0.0, 0.0, 1.0, 0.0, 0.0, 1.0, 0.0, 0.0, 0.0, 1.0, 0.0, 1.0, 0.0, 0.0, 1.0, 0.0, 0.0, 1.0, 0.0, 0.0, 0.0, 0.0, 1.0, 1.0, 0.0, 0.0, 1.0, 0.0, 0.0, 0.0, 1.0, 0.0, 0.0, 1.0, 0.0, 1.0, 0.0, 0.0, 1.0, 0.0, 0.0, 0.0, 1.0, 0.0, 0.0, 0.0, 1.0, 1.0, 0.0, 0.0, 1.0, 0.0, 0.0, 0.0, 0.0, 1.0, 0.0, 1.0, 0.0, 1.0, 0.0, 0.0, 1.0, 0.0, 0.0, 0.0, 0.0, 1.0, 0.0, 0.0, 1.0, 1.0, 0.0, 0.0, 0.0, 1.0, 0.0, 1.0, 0.0, 0.0, 0.0, 1.0, 0.0, 1.0, 0.0, 0.0, 0.0, 1.0, 0.0, 1.0, 0.0, 0.0, 0.0, 0.0, 1.0, 1.0, 0.0, 0.0, 0.0, 1.0, 0.0, 0.0, 1.0, 0.0, 1.0, 0.0, 0.0, 1.0, 0.0, 0.0, 0.0, 1.0, 0.0, 0.0, 1.0, 0.0, 0.0, 1.0, 0.0, 1.0, 0.0, 0.0, 0.0, 1.0, 0.0, 0.0, 0.0, 1.0, 1.0, 0.0, 0.0, 1.0, 0.0, 0.0, 0.0, 1.0, 0.0, 0.0, 0.0, 1.0, 0.0, 1.0, 0.0, 1.0, 0.0, 0.0, 0.0, 1.0, 0.0, 0.0, 0.0, 1.0, 0.0, 0.0, 1.0, 1.0, 0.0, 0.0, 0.0, 0.0, 1.0, 1.0, 0.0, 0.0, 1.0, 0.0, 0.0, 1.0, 0.0, 0.0, 0.0, 0.0, 1.0, 1.0, 0.0, 0.0, 0.0, 1.0, 0.0, 1.0, 0.0, 0.0, 0.0, 0.0, 1.0, 1.0, 0.0, 0.0, 0.0, 0.0, 1.0, 1.0, 0.0, 0.0, 0.0, 0.0, 1.0, 0.0, 1.0, 0.0, 1.0, 0.0, 0.0, 1.0, 0.0, 0.0, 0.0, 0.0, 1.0, 0.0, 1.0, 0.0, 0.0, 1.0, 0.0, 1.0, 0.0, 0.0, 0.0, 0.0, 1.0, 0.0, 1.0, 0.0, 0.0, 0.0, 1.0, 1.0, 0.0, 0.0, 0.0, 0.0, 1.0, 0.0, 0.0, 1.0, 1.0, 0.0, 0.0, 1.0, 0.0, 0.0, 0.0, 0.0, 1.0, 0.0, 0.0, 1.0, 0.0, 1.0, 0.0, 1.0, 0.0, 0.0, 0.0, 0.0, 1.0, 0.0, 0.0, 1.0, 0.0, 0.0, 1.0, 0.0, 1.0, 0.0, 1.0, 0.0, 0.0, 1.0, 0.0, 0.0, 1.0, 0.0, 0.0, 0.0, 1.0, 0.0, 1.0, 0.0, 0.0, 1.0, 0.0, 0.0, 0.0, 1.0, 0.0, 0.0, 1.0, 0.0, 1.0, 0.0, 0.0, 0.0, 1.0, 0.0, 1.0, 0.0, 0.0, 0.0, 1.0, 0.0, 1.0, 0.0, 0.0, 0.0, 1.0, 0.0, 0.0, 1.0, 0.0, 0.0, 1.0, 0.0, 1.0, 0.0, 0.0, 0.0, 1.0, 0.0, 0.0, 0.0, 1.0, 0.0, 1.0, 0.0, 1.0, 0.0, 0.0, 0.0, 0.0, 1.0, 1.0, 0.0, 0.0, 0.0, 1.0, 0.0, 1.0, 0.0, 0.0, 0.0, 0.0, 1.0, 0.0, 0.0, 1.0, 0.0, 1.0, 0.0, 0.0, 1.0, 0.0, 1.0, 0.0, 0.0, 0.0, 1.0, 0.0, 0.0, 1.0, 0.0, 0.0, 1.0, 0.0, 1.0, 0.0, 0.0, 0.0, 0.0, 1.0, 0.0, 1.0, 0.0, 0.0, 1.0, 0.0, 0.0, 1.0, 0.0, 1.0, 0.0, 0.0, 0.0, 1.0, 0.0, 0.0, 1.0, 0.0, 0.0, 1.0, 0.0, 0.0, 1.0, 0.0, 0.0, 1.0, 0.0, 0.0, 1.0, 0.0, 0.0, 1.0, 0.0, 0.0, 0.0, 1.0, 0.0, 1.0, 0.0, 0.0, 1.0, 0.0, 0.0, 0.0, 1.0, 1.0, 0.0, 0.0, 0.0, 1.0, 0.0, 0.0, 1.0, 0.0, 0.0, 0.0, 1.0, 0.0, 0.0, 1.0, 0.0, 1.0, 0.0, 0.0, 0.0, 1.0, 1.0, 0.0, 0.0, 1.0, 0.0, 0.0, 0.0, 1.0, 0.0, 0.0, 0.0, 1.0, 1.0, 0.0, 0.0, 0.0, 1.0, 0.0, 0.0, 1.0, 0.0, 0.0, 0.0, 1.0, 1.0, 0.0, 0.0, 0.0, 0.0, 1.0, 0.0, 1.0, 0.0, 0.0, 0.0, 1.0, 0.0, 1.0, 0.0, 1.0, 0.0, 0.0, 0.0, 1.0, 0.0, 0.0, 0.0, 1.0, 0.0, 1.0, 0.0, 0.0, 1.0, 0.0, 0.0, 1.0, 0.0, 0.0, 0.0, 1.0, 0.0, 1.0, 0.0, 0.0, 0.0, 1.0, 0.0, 0.0, 1.0, 1.0, 0.0, 0.0, 1.0, 0.0, 0.0, 1.0, 0.0, 0.0, 0.0, 0.0, 1.0, 1.0, 0.0, 0.0, 1.0, 0.0, 0.0, 0.0, 1.0, 0.0, 0.0, 0.0, 1.0, 1.0, 0.0, 0.0, 1.0, 0.0, 0.0, 0.0, 0.0, 1.0, 0.0, 0.0, 1.0, 1.0, 0.0, 0.0, 0.0, 1.0, 0.0, 1.0, 0.0, 0.0, 0.0, 0.0, 1.0, 1.0, 0.0, 0.0, 0.0, 1.0, 0.0, 0.0, 0.0, 1.0, 0.0, 0.0, 1.0, 1.0, 0.0, 0.0, 0.0, 0.0, 1.0, 0.0, 1.0, 0.0, 0.0, 0.0, 1.0, 1.0, 0.0, 0.0, 0.0, 0.0, 1.0, 0.0, 0.0, 1.0, 0.0, 0.0, 1.0, 0.0, 1.0, 0.0, 1.0, 0.0, 0.0, 0.0, 1.0, 0.0, 0.0, 0.0, 1.0, 0.0, 1.0, 0.0, 0.0, 1.0, 0.0, 0.0, 1.0, 0.0, 0.0, 0.0, 1.0, 0.0, 1.0, 0.0, 0.0, 0.0, 1.0, 1.0, 0.0, 0.0, 0.0, 0.0, 1.0, 0.0, 1.0, 0.0, 0.0, 0.0, 1.0, 0.0, 1.0, 0.0, 0.0, 0.0, 1.0, 0.0, 1.0, 0.0, 0.0, 0.0, 1.0, 0.0, 0.0, 1.0, 0.0, 0.0, 1.0, 0.0, 0.0, 1.0, 1.0, 0.0, 0.0, 1.0, 0.0, 0.0, 0.0, 0.0, 1.0, 0.0, 0.0, 1.0, 1.0, 0.0, 0.0, 0.0, 1.0, 0.0, 0.0, 0.0, 1.0, 0.0, 0.0, 1.0, 0.0, 1.0, 0.0, 1.0, 0.0, 0.0, 0.0, 0.0, 1.0, 0.0, 0.0, 1.0, 0.0, 1.0, 0.0, 0.0, 1.0, 0.0, 0.0, 0.0, 1.0, 0.0, 0.0, 1.0, 0.0, 1.0, 0.0, 0.0, 0.0, 1.0, 0.0, 0.0, 1.0, 0.0, 0.0, 1.0, 0.0, 0.0, 1.0, 1.0, 0.0, 0.0, 0.0, 0.0, 1.0, 0.0, 0.0, 1.0, 0.0, 0.0, 1.0, 0.0, 1.0, 0.0]]

[2024-10-14T10:42:20.649413][INFO][seed140] Sampled 1000 data instances
[2024-10-14T10:42:20.650115][INFO][seed140] Starting exact inference 
[2024-10-14T10:42:26.841186][INFO][seed149] PS(V2,V0) in [0.0, 1.0]
[2024-10-14T10:42:58.838597][INFO][seed59] PN(V1,V0) in [0.0, 0.6483355349231129] 
[2024-10-14T10:45:18.745158][INFO][seed59] PN(V2,V0) in [0.0, 0.8245345179858552] 
[2024-10-14T10:45:18.876051][INFO][seed59] Saved data to: /mnt/beegfs/rcabanas/dev/credici/papers/zeros/models/s3/simple_nparents2_nzr04_zdr05_ysize3_59.csv
[2024-10-14T10:45:18.938828][INFO][seed59] Saved model to: /mnt/beegfs/rcabanas/dev/credici/papers/zeros/models/s3/simple_nparents2_nzr04_zdr05_ysize3_59.uai
[2024-10-14T10:45:18.953490][INFO][seed59] Saved queries to: /mnt/beegfs/rcabanas/dev/credici/papers/zeros/models/s3/simple_nparents2_nzr04_zdr05_ysize3_59_query.csv
[2024-10-14T10:45:18.954081][INFO][seed59] Closing log file
[2024-10-14T10:45:18.954224][INFO][seed59] Closed log file
['genn.py', '2', '0.4', '0.5', '159', '3']
2 0.4 0.5 159
/mnt/beegfs/rcabanas/dev/credici/papers/zeros/code/GenerateNparents.java
[2024-10-14T10:45:22.827502][INFO][seed159] Set up logging
[2024-10-14T10:45:22.865047][INFO][seed159] args: -np;2;-nzr;0.4;-zdr;0.5;-o;/mnt/beegfs/rcabanas/dev/credici/papers/zeros/models/s3;-rw;-s;159;-ys;3
[2024-10-14T10:45:22.873224][INFO][seed159] Starting logger with seed 159
[2024-10-14T10:45:22.899702][INFO][seed159] simple_nparents2_nzr04_zdr05_ysize3_159
[2024-10-14T10:45:23.238057][INFO][seed159] U cardinality: 81
[2024-10-14T10:45:23.249599][INFO][seed159] !0 = [0, 8, 9, 12, 14, 17, 18, 21, 22, 25, 26, 27, 28, 31, 32, 34, 36, 37, 43, 47, 50, 52, 54, 59, 60, 63, 65, 66, 69, 71, 74, 76]
[2024-10-14T10:45:23.252618][INFO][seed159] 0 = [1, 2, 3, 4, 5, 6, 7, 10, 11, 13, 15, 16, 19, 20, 23, 24, 29, 30, 33, 35, 38, 39, 40, 41, 42, 44, 45, 46, 48, 49, 51, 53, 55, 56, 57, 58, 61, 62, 64, 67, 68, 70, 72, 73, 75, 77, 78, 79, 80]
[2024-10-14T10:45:23.266655][INFO][seed159] Dropping state 79
[2024-10-14T10:45:23.268732][INFO][seed159] Dropping state 73
[2024-10-14T10:45:23.271266][INFO][seed159] Dropping state 70
[2024-10-14T10:45:23.276995][INFO][seed159] Dropping state 62
[2024-10-14T10:45:23.287160][INFO][seed159] Dropping state 61
[2024-10-14T10:45:23.297421][INFO][seed159] Dropping state 56
[2024-10-14T10:45:23.300863][INFO][seed159] Dropping state 55
[2024-10-14T10:45:23.306595][INFO][seed159] Dropping state 53
[2024-10-14T10:45:23.311619][INFO][seed159] Dropping state 46
[2024-10-14T10:45:23.313751][INFO][seed159] Dropping state 45
[2024-10-14T10:45:23.315113][INFO][seed159] Dropping state 41
[2024-10-14T10:45:23.318389][INFO][seed159] Dropping state 40
[2024-10-14T10:45:23.320281][INFO][seed159] Dropping state 39
[2024-10-14T10:45:23.324268][INFO][seed159] Dropping state 30
[2024-10-14T10:45:23.328130][INFO][seed159] Dropping state 29
[2024-10-14T10:45:23.329206][INFO][seed159] Dropping state 23
[2024-10-14T10:45:23.333473][INFO][seed159] Dropping state 19
[2024-10-14T10:45:23.335505][INFO][seed159] Dropping state 16
[2024-10-14T10:45:23.342478][INFO][seed159] Dropping state 15
[2024-10-14T10:45:23.345998][INFO][seed159] Dropping state 13
[2024-10-14T10:45:23.347995][INFO][seed159] Dropping state 10
[2024-10-14T10:45:23.349281][INFO][seed159] Dropping state 7
[2024-10-14T10:45:23.352232][INFO][seed159] Dropping state 1
[2024-10-14T10:45:23.360796][INFO][seed159] U cardinality: 58
[2024-10-14T10:45:23.378084][INFO][seed159] 
[P([5]) [0.357, 0.643], P([4]) [0.194, 0.806], P([3]) [0.001, 0.0, 0.0, 0.0, 0.0, 0.0, 0.001, 0.001, 0.0, 0.001, 0.001, 0.001, 0.001, 0.0, 0.001, 0.083, 0.0, 0.001, 0.001, 0.001, 0.001, 0.001, 0.001, 0.0, 0.001, 0.0, 0.001, 0.001, 0.0, 0.0, 0.001, 0.0, 0.001, 0.0, 0.0, 0.001, 0.0, 0.001, 0.001, 0.0, 0.0, 0.001, 0.002, 0.001, 0.0, 0.001, 0.001, 0.0, 0.0, 0.001, 0.001, 0.0, 0.001, 0.0, 0.886, 0.0, 0.0, 0.0], P([2, 5]) [1.0, 0.0, 0.0, 1.0], P([1, 4]) [1.0, 0.0, 0.0, 1.0], P([0, 1, 2, 3]) [1.0, 0.0, 0.0, 1.0, 0.0, 0.0, 1.0, 0.0, 0.0, 1.0, 0.0, 0.0, 1.0, 0.0, 0.0, 1.0, 0.0, 0.0, 1.0, 0.0, 0.0, 0.0, 0.0, 1.0, 1.0, 0.0, 0.0, 1.0, 0.0, 0.0, 0.0, 1.0, 0.0, 1.0, 0.0, 0.0, 1.0, 0.0, 0.0, 1.0, 0.0, 0.0, 0.0, 1.0, 0.0, 0.0, 1.0, 0.0, 1.0, 0.0, 0.0, 1.0, 0.0, 0.0, 0.0, 1.0, 0.0, 0.0, 0.0, 1.0, 1.0, 0.0, 0.0, 1.0, 0.0, 0.0, 0.0, 0.0, 1.0, 1.0, 0.0, 0.0, 1.0, 0.0, 0.0, 1.0, 0.0, 0.0, 0.0, 0.0, 1.0, 0.0, 0.0, 1.0, 1.0, 0.0, 0.0, 0.0, 1.0, 0.0, 1.0, 0.0, 0.0, 1.0, 0.0, 0.0, 1.0, 0.0, 0.0, 0.0, 1.0, 0.0, 1.0, 0.0, 0.0, 0.0, 0.0, 1.0, 1.0, 0.0, 0.0, 0.0, 1.0, 0.0, 0.0, 1.0, 0.0, 1.0, 0.0, 0.0, 1.0, 0.0, 0.0, 0.0, 1.0, 0.0, 0.0, 1.0, 0.0, 0.0, 0.0, 1.0, 1.0, 0.0, 0.0, 0.0, 1.0, 0.0, 0.0, 0.0, 1.0, 0.0, 0.0, 1.0, 1.0, 0.0, 0.0, 0.0, 0.0, 1.0, 1.0, 0.0, 0.0, 1.0, 0.0, 0.0, 1.0, 0.0, 0.0, 0.0, 0.0, 1.0, 1.0, 0.0, 0.0, 0.0, 0.0, 1.0, 1.0, 0.0, 0.0, 0.0, 0.0, 1.0, 0.0, 1.0, 0.0, 1.0, 0.0, 0.0, 1.0, 0.0, 0.0, 0.0, 0.0, 1.0, 0.0, 1.0, 0.0, 0.0, 1.0, 0.0, 1.0, 0.0, 0.0, 0.0, 0.0, 1.0, 0.0, 0.0, 1.0, 1.0, 0.0, 0.0, 1.0, 0.0, 0.0, 0.0, 0.0, 1.0, 0.0, 0.0, 1.0, 0.0, 1.0, 0.0, 1.0, 0.0, 0.0, 0.0, 0.0, 1.0, 0.0, 0.0, 1.0, 0.0, 0.0, 1.0, 0.0, 1.0, 0.0, 1.0, 0.0, 0.0, 1.0, 0.0, 0.0, 1.0, 0.0, 0.0, 0.0, 1.0, 0.0, 1.0, 0.0, 0.0, 1.0, 0.0, 0.0, 0.0, 1.0, 0.0, 0.0, 1.0, 0.0, 1.0, 0.0, 0.0, 0.0, 1.0, 0.0, 0.0, 1.0, 0.0, 0.0, 1.0, 0.0, 1.0, 0.0, 0.0, 0.0, 1.0, 0.0, 0.0, 0.0, 1.0, 0.0, 1.0, 0.0, 1.0, 0.0, 0.0, 0.0, 0.0, 1.0, 1.0, 0.0, 0.0, 0.0, 1.0, 0.0, 1.0, 0.0, 0.0, 0.0, 0.0, 1.0, 0.0, 1.0, 0.0, 0.0, 1.0, 0.0, 1.0, 0.0, 0.0, 0.0, 0.0, 1.0, 0.0, 0.0, 1.0, 0.0, 1.0, 0.0, 0.0, 1.0, 0.0, 1.0, 0.0, 0.0, 1.0, 0.0, 0.0, 0.0, 1.0, 0.0, 0.0, 1.0, 0.0, 1.0, 0.0, 0.0, 0.0, 1.0, 0.0, 0.0, 1.0, 0.0, 0.0, 1.0, 0.0, 1.0, 0.0, 0.0, 0.0, 0.0, 1.0, 0.0, 1.0, 0.0, 0.0, 1.0, 0.0, 0.0, 0.0, 1.0, 1.0, 0.0, 0.0, 0.0, 1.0, 0.0, 0.0, 1.0, 0.0, 0.0, 0.0, 1.0, 0.0, 1.0, 0.0, 0.0, 1.0, 0.0, 0.0, 1.0, 0.0, 0.0, 0.0, 1.0, 0.0, 0.0, 1.0, 0.0, 1.0, 0.0, 0.0, 0.0, 1.0, 1.0, 0.0, 0.0, 0.0, 0.0, 1.0, 0.0, 1.0, 0.0, 0.0, 0.0, 1.0, 0.0, 1.0, 0.0, 1.0, 0.0, 0.0, 0.0, 1.0, 0.0, 0.0, 0.0, 1.0, 0.0, 1.0, 0.0, 0.0, 1.0, 0.0, 0.0, 1.0, 0.0, 0.0, 0.0, 1.0, 0.0, 1.0, 0.0, 0.0, 0.0, 1.0, 0.0, 1.0, 0.0, 0.0, 0.0, 1.0, 0.0, 0.0, 1.0, 1.0, 0.0, 0.0, 0.0, 1.0, 0.0, 0.0, 0.0, 1.0, 0.0, 0.0, 1.0, 0.0, 1.0, 0.0, 0.0, 0.0, 1.0, 1.0, 0.0, 0.0, 1.0, 0.0, 0.0, 1.0, 0.0, 0.0, 0.0, 0.0, 1.0, 1.0, 0.0, 0.0, 0.0, 1.0, 0.0, 1.0, 0.0, 0.0, 0.0, 0.0, 1.0, 1.0, 0.0, 0.0, 0.0, 1.0, 0.0, 0.0, 1.0, 0.0, 0.0, 0.0, 1.0, 1.0, 0.0, 0.0, 0.0, 1.0, 0.0, 0.0, 0.0, 1.0, 0.0, 0.0, 1.0, 1.0, 0.0, 0.0, 0.0, 0.0, 1.0, 1.0, 0.0, 0.0, 0.0, 0.0, 1.0, 0.0, 1.0, 0.0, 1.0, 0.0, 0.0, 1.0, 0.0, 0.0, 0.0, 0.0, 1.0, 0.0, 1.0, 0.0, 1.0, 0.0, 0.0, 0.0, 1.0, 0.0, 0.0, 0.0, 1.0, 0.0, 1.0, 0.0, 1.0, 0.0, 0.0, 0.0, 0.0, 1.0, 0.0, 0.0, 1.0, 0.0, 1.0, 0.0, 0.0, 1.0, 0.0, 1.0, 0.0, 0.0, 0.0, 0.0, 1.0, 0.0, 1.0, 0.0, 0.0, 1.0, 0.0, 0.0, 1.0, 0.0, 0.0, 0.0, 1.0, 0.0, 1.0, 0.0, 0.0, 1.0, 0.0, 0.0, 0.0, 1.0, 0.0, 0.0, 1.0, 0.0, 1.0, 0.0, 0.0, 0.0, 1.0, 1.0, 0.0, 0.0, 0.0, 0.0, 1.0, 0.0, 1.0, 0.0, 0.0, 0.0, 1.0, 0.0, 0.0, 1.0, 0.0, 0.0, 1.0, 0.0, 0.0, 1.0, 1.0, 0.0, 0.0, 1.0, 0.0, 0.0, 0.0, 0.0, 1.0, 0.0, 0.0, 1.0, 1.0, 0.0, 0.0, 0.0, 0.0, 1.0, 0.0, 0.0, 1.0, 0.0, 0.0, 1.0, 0.0, 1.0, 0.0, 1.0, 0.0, 0.0, 0.0, 0.0, 1.0, 0.0, 0.0, 1.0, 0.0, 1.0, 0.0, 0.0, 1.0, 0.0, 0.0, 0.0, 1.0, 0.0, 0.0, 1.0, 0.0, 1.0, 0.0, 0.0, 0.0, 1.0, 0.0, 0.0, 1.0, 0.0, 0.0, 1.0, 0.0, 0.0, 1.0, 1.0, 0.0, 0.0, 0.0, 0.0, 1.0, 0.0, 0.0, 1.0, 0.0, 0.0, 1.0, 0.0, 0.0, 1.0]]

[2024-10-14T10:45:23.808165][INFO][seed159] Sampled 1000 data instances
[2024-10-14T10:45:23.808325][INFO][seed159] Starting exact inference 
[2024-10-14T10:46:09.694347][INFO][seed149] PN(V1,V0) in [0.0, 0.02701625338218165] 
[2024-10-14T10:49:39.402305][INFO][seed149] PN(V2,V0) in [0.0, 0.010822535518894106] 
[2024-10-14T10:49:39.619128][INFO][seed149] Saved data to: /mnt/beegfs/rcabanas/dev/credici/papers/zeros/models/s3/simple_nparents2_nzr04_zdr05_ysize3_149.csv
[2024-10-14T10:49:39.705038][INFO][seed149] Saved model to: /mnt/beegfs/rcabanas/dev/credici/papers/zeros/models/s3/simple_nparents2_nzr04_zdr05_ysize3_149.uai
[2024-10-14T10:49:39.726808][INFO][seed149] Saved queries to: /mnt/beegfs/rcabanas/dev/credici/papers/zeros/models/s3/simple_nparents2_nzr04_zdr05_ysize3_149_query.csv
[2024-10-14T10:49:39.727644][INFO][seed149] Closing log file
[2024-10-14T10:49:39.728175][INFO][seed149] Closed log file
['genn.py', '2', '0.4', '0.5', '185', '3']
2 0.4 0.5 185
/mnt/beegfs/rcabanas/dev/credici/papers/zeros/code/GenerateNparents.java
[2024-10-14T10:49:45.201665][INFO][seed185] Set up logging
[2024-10-14T10:49:45.235573][INFO][seed185] args: -np;2;-nzr;0.4;-zdr;0.5;-o;/mnt/beegfs/rcabanas/dev/credici/papers/zeros/models/s3;-rw;-s;185;-ys;3
[2024-10-14T10:49:45.239049][INFO][seed185] Starting logger with seed 185
[2024-10-14T10:49:45.269188][INFO][seed185] simple_nparents2_nzr04_zdr05_ysize3_185
[2024-10-14T10:49:45.708077][INFO][seed185] U cardinality: 81
[2024-10-14T10:49:45.719823][INFO][seed185] !0 = [0, 7, 13, 16, 17, 19, 20, 21, 23, 25, 26, 29, 30, 31, 32, 35, 38, 40, 42, 44, 47, 51, 54, 55, 56, 62, 63, 65, 67, 68, 70, 78]
[2024-10-14T10:49:45.721517][INFO][seed185] 0 = [1, 2, 3, 4, 5, 6, 8, 9, 10, 11, 12, 14, 15, 18, 22, 24, 27, 28, 33, 34, 36, 37, 39, 41, 43, 45, 46, 48, 49, 50, 52, 53, 57, 58, 59, 60, 61, 64, 66, 69, 71, 72, 73, 74, 75, 76, 77, 79, 80]
[2024-10-14T10:49:45.734710][INFO][seed185] Dropping state 79
[2024-10-14T10:49:45.736988][INFO][seed185] Dropping state 76
[2024-10-14T10:49:45.744479][INFO][seed185] Dropping state 74
[2024-10-14T10:49:45.749709][INFO][seed185] Dropping state 73
[2024-10-14T10:49:45.762535][INFO][seed185] Dropping state 69
[2024-10-14T10:49:45.774952][INFO][seed185] Dropping state 64
[2024-10-14T10:49:45.777017][INFO][seed185] Dropping state 61
[2024-10-14T10:49:45.780585][INFO][seed185] Dropping state 59
[2024-10-14T10:49:45.792516][INFO][seed185] Dropping state 58
[2024-10-14T10:49:45.797201][INFO][seed185] Dropping state 53
[2024-10-14T10:49:45.805616][INFO][seed185] Dropping state 48
[2024-10-14T10:49:45.817487][INFO][seed185] Dropping state 45
[2024-10-14T10:49:45.821159][INFO][seed185] Dropping state 43
[2024-10-14T10:49:45.829212][INFO][seed185] Dropping state 36
[2024-10-14T10:49:45.836629][INFO][seed185] Dropping state 28
[2024-10-14T10:49:45.840061][INFO][seed185] Dropping state 27
[2024-10-14T10:49:45.852220][INFO][seed185] Dropping state 22
[2024-10-14T10:49:45.856759][INFO][seed185] Dropping state 18
[2024-10-14T10:49:45.865317][INFO][seed185] Dropping state 15
[2024-10-14T10:49:45.870880][INFO][seed185] Dropping state 14
[2024-10-14T10:49:45.874840][INFO][seed185] Dropping state 10
[2024-10-14T10:49:45.876612][INFO][seed185] Dropping state 8
[2024-10-14T10:49:45.882098][INFO][seed185] Dropping state 6
[2024-10-14T10:49:45.887065][INFO][seed185] Dropping state 5
[2024-10-14T10:49:45.891812][INFO][seed185] Dropping state 4
[2024-10-14T10:49:45.899191][INFO][seed185] Dropping state 3
[2024-10-14T10:49:45.909314][INFO][seed185] U cardinality: 55
[2024-10-14T10:49:45.932171][INFO][seed185] 
[P([5]) [0.818, 0.182], P([4]) [0.088, 0.912], P([3]) [0.001, 0.0, 0.0, 0.001, 0.0, 0.0, 0.0, 0.001, 0.001, 0.001, 0.001, 0.001, 0.001, 0.242, 0.0, 0.001, 0.001, 0.001, 0.001, 0.001, 0.001, 0.0, 0.0, 0.001, 0.0, 0.001, 0.0, 0.001, 0.0, 0.001, 0.002, 0.0, 0.001, 0.0, 0.0, 0.001, 0.0, 0.001, 0.001, 0.266, 0.0, 0.0, 0.001, 0.001, 0.001, 0.0, 0.001, 0.001, 0.001, 0.0, 0.0, 0.0, 0.0, 0.462, 0.0], P([2, 5]) [1.0, 0.0, 0.0, 1.0], P([1, 4]) [1.0, 0.0, 0.0, 1.0], P([0, 1, 2, 3]) [1.0, 0.0, 0.0, 1.0, 0.0, 0.0, 1.0, 0.0, 0.0, 1.0, 0.0, 0.0, 1.0, 0.0, 0.0, 1.0, 0.0, 0.0, 1.0, 0.0, 0.0, 0.0, 1.0, 0.0, 1.0, 0.0, 0.0, 1.0, 0.0, 0.0, 1.0, 0.0, 0.0, 0.0, 0.0, 1.0, 1.0, 0.0, 0.0, 1.0, 0.0, 0.0, 0.0, 0.0, 1.0, 0.0, 1.0, 0.0, 1.0, 0.0, 0.0, 0.0, 1.0, 0.0, 1.0, 0.0, 0.0, 1.0, 0.0, 0.0, 1.0, 0.0, 0.0, 0.0, 1.0, 0.0, 1.0, 0.0, 0.0, 0.0, 0.0, 1.0, 1.0, 0.0, 0.0, 0.0, 1.0, 0.0, 0.0, 1.0, 0.0, 1.0, 0.0, 0.0, 1.0, 0.0, 0.0, 0.0, 1.0, 0.0, 0.0, 1.0, 0.0, 0.0, 1.0, 0.0, 1.0, 0.0, 0.0, 0.0, 1.0, 0.0, 0.0, 0.0, 1.0, 0.0, 1.0, 0.0, 1.0, 0.0, 0.0, 0.0, 1.0, 0.0, 0.0, 0.0, 1.0, 0.0, 0.0, 1.0, 1.0, 0.0, 0.0, 0.0, 0.0, 1.0, 1.0, 0.0, 0.0, 0.0, 1.0, 0.0, 1.0, 0.0, 0.0, 0.0, 0.0, 1.0, 1.0, 0.0, 0.0, 0.0, 0.0, 1.0, 1.0, 0.0, 0.0, 0.0, 0.0, 1.0, 0.0, 1.0, 0.0, 1.0, 0.0, 0.0, 1.0, 0.0, 0.0, 0.0, 0.0, 1.0, 0.0, 1.0, 0.0, 0.0, 0.0, 1.0, 1.0, 0.0, 0.0, 0.0, 0.0, 1.0, 0.0, 0.0, 1.0, 1.0, 0.0, 0.0, 1.0, 0.0, 0.0, 0.0, 0.0, 1.0, 0.0, 0.0, 1.0, 0.0, 1.0, 0.0, 1.0, 0.0, 0.0, 0.0, 0.0, 1.0, 0.0, 0.0, 1.0, 0.0, 0.0, 1.0, 0.0, 1.0, 0.0, 1.0, 0.0, 0.0, 1.0, 0.0, 0.0, 0.0, 0.0, 1.0, 0.0, 1.0, 0.0, 1.0, 0.0, 0.0, 0.0, 1.0, 0.0, 1.0, 0.0, 0.0, 0.0, 1.0, 0.0, 1.0, 0.0, 0.0, 0.0, 1.0, 0.0, 0.0, 1.0, 0.0, 0.0, 1.0, 0.0, 1.0, 0.0, 0.0, 0.0, 1.0, 0.0, 0.0, 0.0, 1.0, 0.0, 1.0, 0.0, 1.0, 0.0, 0.0, 0.0, 0.0, 1.0, 1.0, 0.0, 0.0, 0.0, 1.0, 0.0, 1.0, 0.0, 0.0, 0.0, 0.0, 1.0, 0.0, 1.0, 0.0, 0.0, 1.0, 0.0, 1.0, 0.0, 0.0, 0.0, 0.0, 1.0, 0.0, 0.0, 1.0, 0.0, 1.0, 0.0, 0.0, 1.0, 0.0, 1.0, 0.0, 0.0, 0.0, 1.0, 0.0, 0.0, 1.0, 0.0, 0.0, 1.0, 0.0, 1.0, 0.0, 0.0, 0.0, 0.0, 1.0, 0.0, 1.0, 0.0, 0.0, 1.0, 0.0, 0.0, 1.0, 0.0, 1.0, 0.0, 0.0, 0.0, 1.0, 0.0, 0.0, 1.0, 0.0, 0.0, 1.0, 0.0, 0.0, 1.0, 0.0, 0.0, 1.0, 0.0, 0.0, 1.0, 0.0, 0.0, 1.0, 0.0, 0.0, 0.0, 1.0, 0.0, 1.0, 0.0, 0.0, 1.0, 0.0, 0.0, 0.0, 1.0, 1.0, 0.0, 0.0, 0.0, 1.0, 0.0, 0.0, 1.0, 0.0, 0.0, 0.0, 1.0, 0.0, 0.0, 1.0, 0.0, 1.0, 0.0, 0.0, 0.0, 1.0, 1.0, 0.0, 0.0, 0.0, 1.0, 0.0, 0.0, 1.0, 0.0, 0.0, 0.0, 1.0, 1.0, 0.0, 0.0, 0.0, 0.0, 1.0, 0.0, 1.0, 0.0, 0.0, 0.0, 1.0, 0.0, 1.0, 0.0, 0.0, 1.0, 0.0, 0.0, 1.0, 0.0, 0.0, 0.0, 1.0, 0.0, 1.0, 0.0, 0.0, 0.0, 1.0, 0.0, 1.0, 0.0, 0.0, 0.0, 1.0, 0.0, 0.0, 1.0, 1.0, 0.0, 0.0, 0.0, 1.0, 0.0, 0.0, 0.0, 1.0, 0.0, 0.0, 1.0, 0.0, 1.0, 0.0, 0.0, 0.0, 1.0, 1.0, 0.0, 0.0, 1.0, 0.0, 0.0, 1.0, 0.0, 0.0, 0.0, 0.0, 1.0, 1.0, 0.0, 0.0, 1.0, 0.0, 0.0, 0.0, 1.0, 0.0, 0.0, 0.0, 1.0, 1.0, 0.0, 0.0, 1.0, 0.0, 0.0, 0.0, 0.0, 1.0, 0.0, 0.0, 1.0, 1.0, 0.0, 0.0, 0.0, 1.0, 0.0, 1.0, 0.0, 0.0, 0.0, 0.0, 1.0, 1.0, 0.0, 0.0, 0.0, 0.0, 1.0, 1.0, 0.0, 0.0, 0.0, 0.0, 1.0, 1.0, 0.0, 0.0, 0.0, 0.0, 1.0, 0.0, 0.0, 1.0, 0.0, 0.0, 1.0, 0.0, 1.0, 0.0, 1.0, 0.0, 0.0, 1.0, 0.0, 0.0, 0.0, 0.0, 1.0, 0.0, 1.0, 0.0, 1.0, 0.0, 0.0, 0.0, 0.0, 1.0, 0.0, 0.0, 1.0, 0.0, 1.0, 0.0, 0.0, 1.0, 0.0, 1.0, 0.0, 0.0, 0.0, 0.0, 1.0, 0.0, 1.0, 0.0, 0.0, 1.0, 0.0, 0.0, 1.0, 0.0, 0.0, 0.0, 1.0, 0.0, 1.0, 0.0, 0.0, 1.0, 0.0, 0.0, 0.0, 1.0, 0.0, 0.0, 1.0, 0.0, 1.0, 0.0, 0.0, 0.0, 1.0, 0.0, 1.0, 0.0, 0.0, 0.0, 1.0, 0.0, 1.0, 0.0, 0.0, 0.0, 1.0, 0.0, 0.0, 1.0, 0.0, 0.0, 1.0, 0.0, 0.0, 1.0, 1.0, 0.0, 0.0, 1.0, 0.0, 0.0, 0.0, 0.0, 1.0, 0.0, 0.0, 1.0, 0.0, 1.0, 0.0, 1.0, 0.0, 0.0, 0.0, 0.0, 1.0, 0.0, 0.0, 1.0, 0.0, 1.0, 0.0, 0.0, 0.0, 1.0, 0.0, 0.0, 1.0, 0.0, 0.0, 1.0, 0.0, 0.0, 1.0, 1.0, 0.0, 0.0, 0.0, 0.0, 1.0, 0.0, 0.0, 1.0, 0.0, 0.0, 1.0, 0.0, 0.0, 1.0]]

[2024-10-14T10:49:46.395028][INFO][seed185] Sampled 1000 data instances
[2024-10-14T10:49:46.395600][INFO][seed185] Starting exact inference 
[2024-10-14T10:58:14.653445][INFO][seed170] PS(V1,V0) in [0.0, 0.511462962962963]
#
# There is insufficient memory for the Java Runtime Environment to continue.
# Native memory allocation (mmap) failed to map 2788466688 bytes for committing reserved memory.
# An error report file with more information is saved as:
# /mnt/beegfs/rcabanas/dev/credici/papers/zeros/code/hs_err_pid5677.log
['genn.py', '2', '0.4', '0.5', '134', '3']
2 0.4 0.5 134
/mnt/beegfs/rcabanas/dev/credici/papers/zeros/code/GenerateNparents.java
[2024-10-14T10:59:53.657561][INFO][seed134] Set up logging
[2024-10-14T10:59:53.700044][INFO][seed134] args: -np;2;-nzr;0.4;-zdr;0.5;-o;/mnt/beegfs/rcabanas/dev/credici/papers/zeros/models/s3;-rw;-s;134;-ys;3
[2024-10-14T10:59:53.703362][INFO][seed134] Starting logger with seed 134
[2024-10-14T10:59:53.726161][INFO][seed134] simple_nparents2_nzr04_zdr05_ysize3_134
[2024-10-14T10:59:54.072294][INFO][seed134] U cardinality: 81
[2024-10-14T10:59:54.083170][INFO][seed134] !0 = [0, 4, 8, 9, 10, 13, 15, 17, 23, 25, 31, 32, 33, 34, 36, 37, 38, 40, 42, 44, 45, 47, 48, 50, 51, 53, 54, 55, 66, 71, 72, 74]
[2024-10-14T10:59:54.084708][INFO][seed134] 0 = [1, 2, 3, 5, 6, 7, 11, 12, 14, 16, 18, 19, 20, 21, 22, 24, 26, 27, 28, 29, 30, 35, 39, 41, 43, 46, 49, 52, 56, 57, 58, 59, 60, 61, 62, 63, 64, 65, 67, 68, 69, 70, 73, 75, 76, 77, 78, 79, 80]
[2024-10-14T10:59:54.095057][INFO][seed134] Dropping state 79
[2024-10-14T10:59:54.097412][INFO][seed134] Dropping state 76
[2024-10-14T10:59:54.099791][INFO][seed134] Dropping state 73
[2024-10-14T10:59:54.104251][INFO][seed134] Dropping state 69
[2024-10-14T10:59:54.111476][INFO][seed134] Dropping state 68
[2024-10-14T10:59:54.126247][INFO][seed134] Dropping state 65
[2024-10-14T10:59:54.129377][INFO][seed134] Dropping state 63
[2024-10-14T10:59:54.136275][INFO][seed134] Dropping state 62
[2024-10-14T10:59:54.138715][INFO][seed134] Dropping state 56
[2024-10-14T10:59:54.141083][INFO][seed134] Dropping state 52
[2024-10-14T10:59:54.143834][INFO][seed134] Dropping state 49
[2024-10-14T10:59:54.147266][INFO][seed134] Dropping state 43
[2024-10-14T10:59:54.149286][INFO][seed134] Dropping state 41
[2024-10-14T10:59:54.152948][INFO][seed134] Dropping state 39
[2024-10-14T10:59:54.156004][INFO][seed134] Dropping state 29
[2024-10-14T10:59:54.157119][INFO][seed134] Dropping state 26
[2024-10-14T10:59:54.161081][INFO][seed134] Dropping state 22
[2024-10-14T10:59:54.163010][INFO][seed134] Dropping state 21
[2024-10-14T10:59:54.171534][INFO][seed134] Dropping state 19
[2024-10-14T10:59:54.177310][INFO][seed134] Dropping state 18
[2024-10-14T10:59:54.179324][INFO][seed134] Dropping state 16
[2024-10-14T10:59:54.180444][INFO][seed134] Dropping state 7
[2024-10-14T10:59:54.182786][INFO][seed134] Dropping state 3
[2024-10-14T10:59:54.184676][INFO][seed134] Dropping state 2
[2024-10-14T10:59:54.189717][INFO][seed134] U cardinality: 57
[2024-10-14T10:59:54.206906][INFO][seed134] 
[P([5]) [0.14, 0.86], P([4]) [0.616, 0.384], P([3]) [0.001, 0.0, 0.001, 0.0, 0.0, 0.001, 0.001, 0.001, 0.0, 0.0, 0.001, 0.0, 0.001, 0.002, 0.0, 0.001, 0.0, 0.001, 0.0, 0.0, 0.0, 0.001, 0.001, 0.001, 0.001, 0.0, 0.001, 0.001, 0.001, 0.001, 0.02, 0.001, 0.001, 0.0, 0.001, 0.001, 0.001, 0.001, 0.001, 0.001, 0.001, 0.0, 0.0, 0.0, 0.0, 0.0, 0.0, 0.001, 0.0, 0.0, 0.001, 0.001, 0.949, 0.0, 0.0, 0.0, 0.0], P([2, 5]) [1.0, 0.0, 0.0, 1.0], P([1, 4]) [1.0, 0.0, 0.0, 1.0], P([0, 1, 2, 3]) [1.0, 0.0, 0.0, 1.0, 0.0, 0.0, 1.0, 0.0, 0.0, 1.0, 0.0, 0.0, 1.0, 0.0, 0.0, 1.0, 0.0, 0.0, 1.0, 0.0, 0.0, 0.0, 1.0, 0.0, 1.0, 0.0, 0.0, 1.0, 0.0, 0.0, 0.0, 1.0, 0.0, 0.0, 1.0, 0.0, 1.0, 0.0, 0.0, 1.0, 0.0, 0.0, 0.0, 1.0, 0.0, 0.0, 0.0, 1.0, 1.0, 0.0, 0.0, 1.0, 0.0, 0.0, 0.0, 0.0, 1.0, 1.0, 0.0, 0.0, 1.0, 0.0, 0.0, 1.0, 0.0, 0.0, 0.0, 0.0, 1.0, 0.0, 0.0, 1.0, 1.0, 0.0, 0.0, 0.0, 1.0, 0.0, 1.0, 0.0, 0.0, 1.0, 0.0, 0.0, 1.0, 0.0, 0.0, 0.0, 1.0, 0.0, 1.0, 0.0, 0.0, 0.0, 1.0, 0.0, 1.0, 0.0, 0.0, 0.0, 1.0, 0.0, 1.0, 0.0, 0.0, 0.0, 0.0, 1.0, 1.0, 0.0, 0.0, 0.0, 1.0, 0.0, 0.0, 1.0, 0.0, 1.0, 0.0, 0.0, 1.0, 0.0, 0.0, 0.0, 1.0, 0.0, 0.0, 1.0, 0.0, 0.0, 1.0, 0.0, 1.0, 0.0, 0.0, 0.0, 1.0, 0.0, 0.0, 1.0, 0.0, 0.0, 0.0, 1.0, 1.0, 0.0, 0.0, 0.0, 1.0, 0.0, 0.0, 0.0, 1.0, 1.0, 0.0, 0.0, 1.0, 0.0, 0.0, 0.0, 1.0, 0.0, 0.0, 0.0, 1.0, 0.0, 0.0, 1.0, 1.0, 0.0, 0.0, 0.0, 0.0, 1.0, 1.0, 0.0, 0.0, 0.0, 0.0, 1.0, 1.0, 0.0, 0.0, 0.0, 0.0, 1.0, 0.0, 1.0, 0.0, 0.0, 0.0, 1.0, 1.0, 0.0, 0.0, 0.0, 0.0, 1.0, 0.0, 0.0, 1.0, 1.0, 0.0, 0.0, 1.0, 0.0, 0.0, 0.0, 0.0, 1.0, 0.0, 0.0, 1.0, 0.0, 1.0, 0.0, 0.0, 1.0, 0.0, 1.0, 0.0, 0.0, 1.0, 0.0, 0.0, 1.0, 0.0, 0.0, 0.0, 1.0, 0.0, 1.0, 0.0, 0.0, 1.0, 0.0, 0.0, 0.0, 1.0, 0.0, 0.0, 1.0, 0.0, 1.0, 0.0, 0.0, 0.0, 1.0, 0.0, 1.0, 0.0, 0.0, 0.0, 1.0, 0.0, 1.0, 0.0, 0.0, 0.0, 1.0, 0.0, 0.0, 1.0, 0.0, 0.0, 1.0, 0.0, 1.0, 0.0, 0.0, 0.0, 1.0, 0.0, 0.0, 0.0, 1.0, 0.0, 1.0, 0.0, 1.0, 0.0, 0.0, 0.0, 0.0, 1.0, 1.0, 0.0, 0.0, 0.0, 1.0, 0.0, 1.0, 0.0, 0.0, 0.0, 0.0, 1.0, 0.0, 1.0, 0.0, 0.0, 1.0, 0.0, 1.0, 0.0, 0.0, 0.0, 0.0, 1.0, 0.0, 0.0, 1.0, 0.0, 1.0, 0.0, 0.0, 1.0, 0.0, 1.0, 0.0, 0.0, 1.0, 0.0, 0.0, 0.0, 1.0, 0.0, 0.0, 1.0, 0.0, 1.0, 0.0, 0.0, 0.0, 1.0, 0.0, 0.0, 1.0, 0.0, 0.0, 1.0, 0.0, 1.0, 0.0, 0.0, 0.0, 0.0, 1.0, 0.0, 1.0, 0.0, 0.0, 1.0, 0.0, 0.0, 1.0, 0.0, 0.0, 1.0, 0.0, 0.0, 1.0, 0.0, 0.0, 1.0, 0.0, 0.0, 0.0, 1.0, 1.0, 0.0, 0.0, 0.0, 1.0, 0.0, 0.0, 1.0, 0.0, 0.0, 0.0, 1.0, 0.0, 0.0, 1.0, 0.0, 1.0, 0.0, 0.0, 0.0, 1.0, 1.0, 0.0, 0.0, 1.0, 0.0, 0.0, 0.0, 1.0, 0.0, 0.0, 0.0, 1.0, 1.0, 0.0, 0.0, 0.0, 1.0, 0.0, 0.0, 1.0, 0.0, 0.0, 0.0, 1.0, 1.0, 0.0, 0.0, 0.0, 0.0, 1.0, 0.0, 1.0, 0.0, 0.0, 0.0, 1.0, 0.0, 1.0, 0.0, 1.0, 0.0, 0.0, 0.0, 1.0, 0.0, 0.0, 0.0, 1.0, 0.0, 1.0, 0.0, 0.0, 0.0, 1.0, 0.0, 1.0, 0.0, 0.0, 0.0, 1.0, 0.0, 0.0, 1.0, 1.0, 0.0, 0.0, 0.0, 1.0, 0.0, 0.0, 0.0, 1.0, 0.0, 0.0, 1.0, 0.0, 0.0, 1.0, 0.0, 0.0, 1.0, 1.0, 0.0, 0.0, 1.0, 0.0, 0.0, 1.0, 0.0, 0.0, 0.0, 0.0, 1.0, 1.0, 0.0, 0.0, 1.0, 0.0, 0.0, 0.0, 1.0, 0.0, 0.0, 0.0, 1.0, 1.0, 0.0, 0.0, 0.0, 1.0, 0.0, 1.0, 0.0, 0.0, 0.0, 0.0, 1.0, 1.0, 0.0, 0.0, 0.0, 1.0, 0.0, 0.0, 1.0, 0.0, 0.0, 0.0, 1.0, 1.0, 0.0, 0.0, 0.0, 1.0, 0.0, 0.0, 0.0, 1.0, 0.0, 0.0, 1.0, 1.0, 0.0, 0.0, 0.0, 0.0, 1.0, 1.0, 0.0, 0.0, 0.0, 0.0, 1.0, 1.0, 0.0, 0.0, 0.0, 0.0, 1.0, 0.0, 1.0, 0.0, 0.0, 0.0, 1.0, 0.0, 1.0, 0.0, 1.0, 0.0, 0.0, 0.0, 1.0, 0.0, 0.0, 0.0, 1.0, 0.0, 1.0, 0.0, 0.0, 1.0, 0.0, 1.0, 0.0, 0.0, 0.0, 0.0, 1.0, 0.0, 1.0, 0.0, 0.0, 1.0, 0.0, 0.0, 1.0, 0.0, 0.0, 0.0, 1.0, 0.0, 1.0, 0.0, 0.0, 0.0, 1.0, 0.0, 1.0, 0.0, 0.0, 0.0, 1.0, 0.0, 1.0, 0.0, 0.0, 0.0, 1.0, 0.0, 0.0, 1.0, 0.0, 0.0, 1.0, 0.0, 0.0, 1.0, 1.0, 0.0, 0.0, 1.0, 0.0, 0.0, 0.0, 0.0, 1.0, 0.0, 0.0, 1.0, 1.0, 0.0, 0.0, 0.0, 0.0, 1.0, 0.0, 0.0, 1.0, 0.0, 0.0, 1.0, 0.0, 1.0, 0.0, 1.0, 0.0, 0.0, 0.0, 0.0, 1.0, 0.0, 0.0, 1.0, 0.0, 1.0, 0.0, 0.0, 0.0, 1.0, 0.0, 0.0, 1.0, 0.0, 0.0, 1.0, 0.0, 0.0, 1.0, 1.0, 0.0, 0.0, 0.0, 0.0, 1.0, 0.0, 0.0, 1.0, 0.0, 0.0, 1.0, 0.0, 0.0, 1.0]]

[2024-10-14T10:59:54.658912][INFO][seed134] Sampled 1000 data instances
[2024-10-14T10:59:54.659447][INFO][seed134] Starting exact inference 
['genn.py', '2', '0.4', '0.5', '132', '3']
2 0.4 0.5 132
/mnt/beegfs/rcabanas/dev/credici/papers/zeros/code/GenerateNparents.java
[2024-10-14T11:01:56.121957][INFO][seed132] Set up logging
[2024-10-14T11:01:56.154215][INFO][seed132] args: -np;2;-nzr;0.4;-zdr;0.5;-o;/mnt/beegfs/rcabanas/dev/credici/papers/zeros/models/s3;-rw;-s;132;-ys;3
[2024-10-14T11:01:56.156450][INFO][seed132] Starting logger with seed 132
[2024-10-14T11:01:56.170280][INFO][seed132] simple_nparents2_nzr04_zdr05_ysize3_132
[2024-10-14T11:01:56.598789][INFO][seed132] U cardinality: 81
[2024-10-14T11:01:56.609150][INFO][seed132] !0 = [1, 2, 4, 5, 7, 15, 19, 20, 21, 26, 30, 32, 33, 36, 37, 38, 39, 40, 42, 43, 48, 49, 50, 53, 55, 56, 57, 58, 59, 61, 63, 80]
[2024-10-14T11:01:56.610504][INFO][seed132] 0 = [0, 3, 6, 8, 9, 10, 11, 12, 13, 14, 16, 17, 18, 22, 23, 24, 25, 27, 28, 29, 31, 34, 35, 41, 44, 45, 46, 47, 51, 52, 54, 60, 62, 64, 65, 66, 67, 68, 69, 70, 71, 72, 73, 74, 75, 76, 77, 78, 79]
[2024-10-14T11:01:56.624688][INFO][seed132] Dropping state 79
[2024-10-14T11:01:56.626507][INFO][seed132] Dropping state 71
[2024-10-14T11:01:56.633145][INFO][seed132] Dropping state 69
[2024-10-14T11:01:56.638292][INFO][seed132] Dropping state 66
[2024-10-14T11:01:56.645177][INFO][seed132] Dropping state 62
[2024-10-14T11:01:56.658921][INFO][seed132] Dropping state 60
[2024-10-14T11:01:56.660720][INFO][seed132] Dropping state 54
[2024-10-14T11:01:56.666877][INFO][seed132] Dropping state 51
[2024-10-14T11:01:56.669178][INFO][seed132] Dropping state 47
[2024-10-14T11:01:56.670670][INFO][seed132] Dropping state 44
[2024-10-14T11:01:56.680259][INFO][seed132] Dropping state 34
[2024-10-14T11:01:56.684531][INFO][seed132] Dropping state 31
[2024-10-14T11:01:56.686321][INFO][seed132] Dropping state 27
[2024-10-14T11:01:56.688611][INFO][seed132] Dropping state 25
[2024-10-14T11:01:56.690335][INFO][seed132] Dropping state 23
[2024-10-14T11:01:56.691046][INFO][seed132] Dropping state 18
[2024-10-14T11:01:56.694042][INFO][seed132] Dropping state 13
[2024-10-14T11:01:56.695887][INFO][seed132] Dropping state 10
[2024-10-14T11:01:56.697281][INFO][seed132] Dropping state 8
[2024-10-14T11:01:56.699577][INFO][seed132] Dropping state 6
[2024-10-14T11:01:56.705102][INFO][seed132] Dropping state 3
[2024-10-14T11:01:56.706421][INFO][seed132] Dropping state 0
[2024-10-14T11:01:56.713802][INFO][seed132] U cardinality: 59
[2024-10-14T11:01:56.743021][INFO][seed132] 
[P([5]) [0.449, 0.551], P([4]) [0.657, 0.343], P([3]) [0.001, 0.001, 0.001, 0.001, 0.001, 0.0, 0.0, 0.0, 0.0, 0.001, 0.0, 0.0, 0.001, 0.001, 0.001, 0.0, 0.0, 0.001, 0.0, 0.0, 0.001, 0.001, 0.001, 0.0, 0.001, 0.001, 0.001, 0.001, 0.001, 0.0, 0.001, 0.001, 0.0, 0.0, 0.002, 0.001, 0.001, 0.0, 0.001, 0.001, 0.001, 0.001, 0.001, 0.001, 0.001, 0.001, 0.0, 0.0, 0.0, 0.0, 0.0, 0.0, 0.0, 0.0, 0.0, 0.0, 0.0, 0.0, 0.968], P([2, 5]) [1.0, 0.0, 0.0, 1.0], P([1, 4]) [1.0, 0.0, 0.0, 1.0], P([0, 1, 2, 3]) [1.0, 0.0, 0.0, 1.0, 0.0, 0.0, 1.0, 0.0, 0.0, 0.0, 1.0, 0.0, 1.0, 0.0, 0.0, 1.0, 0.0, 0.0, 1.0, 0.0, 0.0, 0.0, 0.0, 1.0, 1.0, 0.0, 0.0, 1.0, 0.0, 0.0, 0.0, 1.0, 0.0, 0.0, 1.0, 0.0, 1.0, 0.0, 0.0, 1.0, 0.0, 0.0, 0.0, 1.0, 0.0, 0.0, 0.0, 1.0, 1.0, 0.0, 0.0, 1.0, 0.0, 0.0, 0.0, 0.0, 1.0, 0.0, 1.0, 0.0, 1.0, 0.0, 0.0, 0.0, 1.0, 0.0, 1.0, 0.0, 0.0, 1.0, 0.0, 0.0, 1.0, 0.0, 0.0, 0.0, 1.0, 0.0, 1.0, 0.0, 0.0, 0.0, 0.0, 1.0, 1.0, 0.0, 0.0, 0.0, 1.0, 0.0, 0.0, 1.0, 0.0, 1.0, 0.0, 0.0, 1.0, 0.0, 0.0, 0.0, 1.0, 0.0, 0.0, 1.0, 0.0, 0.0, 0.0, 1.0, 1.0, 0.0, 0.0, 0.0, 1.0, 0.0, 0.0, 0.0, 1.0, 1.0, 0.0, 0.0, 1.0, 0.0, 0.0, 0.0, 1.0, 0.0, 0.0, 0.0, 1.0, 0.0, 1.0, 0.0, 1.0, 0.0, 0.0, 0.0, 1.0, 0.0, 0.0, 0.0, 1.0, 0.0, 0.0, 1.0, 1.0, 0.0, 0.0, 0.0, 0.0, 1.0, 1.0, 0.0, 0.0, 0.0, 1.0, 0.0, 1.0, 0.0, 0.0, 0.0, 0.0, 1.0, 1.0, 0.0, 0.0, 0.0, 0.0, 1.0, 1.0, 0.0, 0.0, 0.0, 0.0, 1.0, 0.0, 1.0, 0.0, 1.0, 0.0, 0.0, 1.0, 0.0, 0.0, 0.0, 0.0, 1.0, 0.0, 1.0, 0.0, 0.0, 1.0, 0.0, 1.0, 0.0, 0.0, 0.0, 0.0, 1.0, 0.0, 0.0, 1.0, 1.0, 0.0, 0.0, 1.0, 0.0, 0.0, 0.0, 0.0, 1.0, 0.0, 0.0, 1.0, 0.0, 0.0, 1.0, 0.0, 1.0, 0.0, 1.0, 0.0, 0.0, 1.0, 0.0, 0.0, 0.0, 1.0, 0.0, 0.0, 1.0, 0.0, 1.0, 0.0, 0.0, 1.0, 0.0, 0.0, 0.0, 0.0, 1.0, 0.0, 1.0, 0.0, 1.0, 0.0, 0.0, 0.0, 1.0, 0.0, 1.0, 0.0, 0.0, 0.0, 1.0, 0.0, 1.0, 0.0, 0.0, 0.0, 1.0, 0.0, 0.0, 0.0, 1.0, 0.0, 1.0, 0.0, 1.0, 0.0, 0.0, 0.0, 0.0, 1.0, 1.0, 0.0, 0.0, 0.0, 1.0, 0.0, 1.0, 0.0, 0.0, 0.0, 0.0, 1.0, 0.0, 0.0, 1.0, 0.0, 1.0, 0.0, 0.0, 1.0, 0.0, 1.0, 0.0, 0.0, 1.0, 0.0, 0.0, 0.0, 1.0, 0.0, 0.0, 1.0, 0.0, 1.0, 0.0, 0.0, 0.0, 1.0, 0.0, 0.0, 1.0, 0.0, 0.0, 1.0, 0.0, 1.0, 0.0, 0.0, 0.0, 0.0, 1.0, 0.0, 1.0, 0.0, 0.0, 1.0, 0.0, 0.0, 1.0, 0.0, 1.0, 0.0, 0.0, 0.0, 1.0, 0.0, 0.0, 1.0, 0.0, 0.0, 1.0, 0.0, 0.0, 1.0, 0.0, 0.0, 1.0, 0.0, 0.0, 1.0, 0.0, 0.0, 1.0, 0.0, 0.0, 0.0, 1.0, 0.0, 1.0, 0.0, 0.0, 1.0, 0.0, 0.0, 0.0, 1.0, 1.0, 0.0, 0.0, 0.0, 1.0, 0.0, 0.0, 1.0, 0.0, 0.0, 0.0, 1.0, 0.0, 1.0, 0.0, 0.0, 1.0, 0.0, 0.0, 0.0, 1.0, 1.0, 0.0, 0.0, 1.0, 0.0, 0.0, 0.0, 1.0, 0.0, 0.0, 0.0, 1.0, 1.0, 0.0, 0.0, 0.0, 1.0, 0.0, 0.0, 1.0, 0.0, 0.0, 0.0, 1.0, 0.0, 1.0, 0.0, 1.0, 0.0, 0.0, 0.0, 1.0, 0.0, 0.0, 0.0, 1.0, 0.0, 1.0, 0.0, 0.0, 1.0, 0.0, 0.0, 1.0, 0.0, 0.0, 0.0, 1.0, 0.0, 1.0, 0.0, 0.0, 0.0, 1.0, 0.0, 1.0, 0.0, 0.0, 0.0, 1.0, 0.0, 0.0, 1.0, 0.0, 1.0, 0.0, 0.0, 1.0, 0.0, 0.0, 0.0, 1.0, 0.0, 0.0, 1.0, 0.0, 0.0, 1.0, 0.0, 0.0, 1.0, 1.0, 0.0, 0.0, 1.0, 0.0, 0.0, 0.0, 1.0, 0.0, 0.0, 0.0, 1.0, 1.0, 0.0, 0.0, 1.0, 0.0, 0.0, 0.0, 0.0, 1.0, 0.0, 0.0, 1.0, 1.0, 0.0, 0.0, 0.0, 1.0, 0.0, 1.0, 0.0, 0.0, 0.0, 0.0, 1.0, 1.0, 0.0, 0.0, 0.0, 1.0, 0.0, 0.0, 1.0, 0.0, 0.0, 0.0, 1.0, 1.0, 0.0, 0.0, 0.0, 1.0, 0.0, 0.0, 0.0, 1.0, 0.0, 0.0, 1.0, 1.0, 0.0, 0.0, 0.0, 0.0, 1.0, 0.0, 1.0, 0.0, 0.0, 0.0, 1.0, 0.0, 1.0, 0.0, 1.0, 0.0, 0.0, 1.0, 0.0, 0.0, 0.0, 0.0, 1.0, 0.0, 1.0, 0.0, 1.0, 0.0, 0.0, 0.0, 1.0, 0.0, 0.0, 0.0, 1.0, 0.0, 1.0, 0.0, 1.0, 0.0, 0.0, 0.0, 0.0, 1.0, 0.0, 0.0, 1.0, 0.0, 1.0, 0.0, 0.0, 1.0, 0.0, 0.0, 1.0, 0.0, 0.0, 0.0, 1.0, 0.0, 1.0, 0.0, 0.0, 1.0, 0.0, 0.0, 0.0, 1.0, 0.0, 0.0, 1.0, 0.0, 1.0, 0.0, 0.0, 0.0, 1.0, 0.0, 1.0, 0.0, 0.0, 0.0, 1.0, 0.0, 0.0, 1.0, 1.0, 0.0, 0.0, 1.0, 0.0, 0.0, 0.0, 0.0, 1.0, 0.0, 0.0, 1.0, 1.0, 0.0, 0.0, 0.0, 1.0, 0.0, 0.0, 0.0, 1.0, 0.0, 0.0, 1.0, 1.0, 0.0, 0.0, 0.0, 0.0, 1.0, 0.0, 0.0, 1.0, 0.0, 0.0, 1.0, 0.0, 1.0, 0.0, 1.0, 0.0, 0.0, 0.0, 0.0, 1.0, 0.0, 0.0, 1.0, 0.0, 1.0, 0.0, 0.0, 1.0, 0.0, 0.0, 0.0, 1.0, 0.0, 0.0, 1.0, 0.0, 1.0, 0.0, 0.0, 0.0, 1.0, 0.0, 0.0, 1.0, 0.0, 0.0, 1.0, 0.0, 0.0, 1.0, 1.0, 0.0, 0.0, 0.0, 0.0, 1.0, 0.0, 0.0, 1.0, 0.0, 0.0, 1.0, 0.0, 0.0, 1.0]]

[2024-10-14T11:01:57.182172][INFO][seed132] Sampled 1000 data instances
[2024-10-14T11:01:57.182755][INFO][seed132] Starting exact inference 
[2024-10-14T11:07:28.243241][INFO][seed92] PS(V1,V0) in [0.0, 0.5769230769230769]
['genn.py', '2', '0.4', '0.5', '35', '3']
2 0.4 0.5 35
/mnt/beegfs/rcabanas/dev/credici/papers/zeros/code/GenerateNparents.java
[2024-10-14T11:09:20.498851][INFO][seed35] Set up logging
[2024-10-14T11:09:20.540249][INFO][seed35] args: -np;2;-nzr;0.4;-zdr;0.5;-o;/mnt/beegfs/rcabanas/dev/credici/papers/zeros/models/s3;-rw;-s;35;-ys;3
[2024-10-14T11:09:20.543574][INFO][seed35] Starting logger with seed 35
[2024-10-14T11:09:20.564112][INFO][seed35] simple_nparents2_nzr04_zdr05_ysize3_35
[2024-10-14T11:09:20.865652][INFO][seed35] U cardinality: 81
[2024-10-14T11:09:20.874853][INFO][seed35] !0 = [0, 3, 8, 11, 14, 15, 17, 18, 22, 24, 25, 27, 28, 29, 38, 40, 42, 43, 44, 46, 48, 51, 54, 55, 64, 66, 69, 70, 71, 73, 78, 80]
[2024-10-14T11:09:20.876386][INFO][seed35] 0 = [1, 2, 4, 5, 6, 7, 9, 10, 12, 13, 16, 19, 20, 21, 23, 26, 30, 31, 32, 33, 34, 35, 36, 37, 39, 41, 45, 47, 49, 50, 52, 53, 56, 57, 58, 59, 60, 61, 62, 63, 65, 67, 68, 72, 74, 75, 76, 77, 79]
[2024-10-14T11:09:20.886727][INFO][seed35] Dropping state 79
[2024-10-14T11:09:20.888668][INFO][seed35] Dropping state 77
[2024-10-14T11:09:20.891003][INFO][seed35] Dropping state 75
[2024-10-14T11:09:20.896297][INFO][seed35] Dropping state 74
[2024-10-14T11:09:20.903085][INFO][seed35] Dropping state 68
[2024-10-14T11:09:20.915706][INFO][seed35] Dropping state 62
[2024-10-14T11:09:20.921198][INFO][seed35] Dropping state 61
[2024-10-14T11:09:20.924520][INFO][seed35] Dropping state 60
[2024-10-14T11:09:20.928120][INFO][seed35] Dropping state 58
[2024-10-14T11:09:20.930124][INFO][seed35] Dropping state 57
[2024-10-14T11:09:20.931379][INFO][seed35] Dropping state 49
[2024-10-14T11:09:20.935703][INFO][seed35] Dropping state 47
[2024-10-14T11:09:20.937545][INFO][seed35] Dropping state 41
[2024-10-14T11:09:20.943711][INFO][seed35] Dropping state 39
[2024-10-14T11:09:20.946084][INFO][seed35] Dropping state 35
[2024-10-14T11:09:20.947060][INFO][seed35] Dropping state 33
[2024-10-14T11:09:20.950879][INFO][seed35] Dropping state 30
[2024-10-14T11:09:20.952793][INFO][seed35] Dropping state 21
[2024-10-14T11:09:20.961572][INFO][seed35] Dropping state 20
[2024-10-14T11:09:20.964489][INFO][seed35] Dropping state 16
[2024-10-14T11:09:20.966584][INFO][seed35] Dropping state 12
[2024-10-14T11:09:20.967971][INFO][seed35] Dropping state 10
[2024-10-14T11:09:20.970580][INFO][seed35] Dropping state 7
[2024-10-14T11:09:20.972956][INFO][seed35] Dropping state 6
[2024-10-14T11:09:20.974922][INFO][seed35] Dropping state 4
[2024-10-14T11:09:20.977624][INFO][seed35] Dropping state 1
[2024-10-14T11:09:20.982573][INFO][seed35] U cardinality: 55
[2024-10-14T11:09:20.998874][INFO][seed35] 
[P([5]) [0.155, 0.845], P([4]) [0.946, 0.054], P([3]) [0.001, 0.0, 0.001, 0.0, 0.008, 0.0, 0.008, 0.0, 0.001, 0.001, 0.001, 0.697, 0.0, 0.001, 0.0, 0.001, 0.001, 0.0, 0.019, 0.018, 0.001, 0.0, 0.0, 0.0, 0.0, 0.0, 0.001, 0.001, 0.001, 0.001, 0.001, 0.0, 0.001, 0.001, 0.0, 0.001, 0.0, 0.0, 0.001, 0.001, 0.0, 0.0, 0.0, 0.001, 0.0, 0.001, 0.0, 0.001, 0.001, 0.001, 0.0, 0.002, 0.0, 0.001, 0.223], P([2, 5]) [1.0, 0.0, 0.0, 1.0], P([1, 4]) [1.0, 0.0, 0.0, 1.0], P([0, 1, 2, 3]) [1.0, 0.0, 0.0, 1.0, 0.0, 0.0, 1.0, 0.0, 0.0, 1.0, 0.0, 0.0, 1.0, 0.0, 0.0, 1.0, 0.0, 0.0, 1.0, 0.0, 0.0, 0.0, 0.0, 1.0, 1.0, 0.0, 0.0, 1.0, 0.0, 0.0, 0.0, 1.0, 0.0, 1.0, 0.0, 0.0, 1.0, 0.0, 0.0, 1.0, 0.0, 0.0, 0.0, 1.0, 0.0, 0.0, 0.0, 1.0, 1.0, 0.0, 0.0, 1.0, 0.0, 0.0, 0.0, 0.0, 1.0, 0.0, 0.0, 1.0, 1.0, 0.0, 0.0, 0.0, 1.0, 0.0, 1.0, 0.0, 0.0, 1.0, 0.0, 0.0, 1.0, 0.0, 0.0, 0.0, 1.0, 0.0, 1.0, 0.0, 0.0, 0.0, 0.0, 1.0, 1.0, 0.0, 0.0, 0.0, 1.0, 0.0, 0.0, 1.0, 0.0, 0.0, 1.0, 0.0, 1.0, 0.0, 0.0, 0.0, 1.0, 0.0, 0.0, 1.0, 0.0, 0.0, 0.0, 1.0, 1.0, 0.0, 0.0, 0.0, 1.0, 0.0, 0.0, 0.0, 1.0, 1.0, 0.0, 0.0, 1.0, 0.0, 0.0, 0.0, 1.0, 0.0, 0.0, 0.0, 1.0, 0.0, 0.0, 1.0, 1.0, 0.0, 0.0, 0.0, 0.0, 1.0, 1.0, 0.0, 0.0, 1.0, 0.0, 0.0, 1.0, 0.0, 0.0, 0.0, 0.0, 1.0, 1.0, 0.0, 0.0, 0.0, 1.0, 0.0, 1.0, 0.0, 0.0, 0.0, 0.0, 1.0, 0.0, 1.0, 0.0, 0.0, 1.0, 0.0, 1.0, 0.0, 0.0, 0.0, 0.0, 1.0, 0.0, 1.0, 0.0, 0.0, 0.0, 1.0, 1.0, 0.0, 0.0, 0.0, 0.0, 1.0, 0.0, 0.0, 1.0, 1.0, 0.0, 0.0, 1.0, 0.0, 0.0, 0.0, 0.0, 1.0, 0.0, 0.0, 1.0, 0.0, 1.0, 0.0, 1.0, 0.0, 0.0, 0.0, 0.0, 1.0, 0.0, 0.0, 1.0, 0.0, 0.0, 1.0, 0.0, 1.0, 0.0, 1.0, 0.0, 0.0, 1.0, 0.0, 0.0, 1.0, 0.0, 0.0, 0.0, 1.0, 0.0, 1.0, 0.0, 0.0, 1.0, 0.0, 0.0, 0.0, 1.0, 0.0, 0.0, 1.0, 0.0, 1.0, 0.0, 0.0, 1.0, 0.0, 0.0, 0.0, 0.0, 1.0, 0.0, 1.0, 0.0, 1.0, 0.0, 0.0, 0.0, 1.0, 0.0, 0.0, 1.0, 0.0, 0.0, 1.0, 0.0, 1.0, 0.0, 0.0, 0.0, 1.0, 0.0, 0.0, 0.0, 1.0, 0.0, 1.0, 0.0, 1.0, 0.0, 0.0, 0.0, 0.0, 1.0, 0.0, 1.0, 0.0, 0.0, 1.0, 0.0, 0.0, 1.0, 0.0, 1.0, 0.0, 0.0, 1.0, 0.0, 0.0, 0.0, 1.0, 0.0, 0.0, 1.0, 0.0, 1.0, 0.0, 0.0, 0.0, 1.0, 0.0, 0.0, 1.0, 0.0, 0.0, 1.0, 0.0, 1.0, 0.0, 0.0, 0.0, 0.0, 1.0, 0.0, 1.0, 0.0, 0.0, 1.0, 0.0, 0.0, 1.0, 0.0, 0.0, 1.0, 0.0, 0.0, 1.0, 0.0, 0.0, 1.0, 0.0, 0.0, 0.0, 1.0, 1.0, 0.0, 0.0, 0.0, 1.0, 0.0, 0.0, 1.0, 0.0, 0.0, 0.0, 1.0, 0.0, 1.0, 0.0, 0.0, 1.0, 0.0, 0.0, 1.0, 0.0, 0.0, 0.0, 1.0, 0.0, 0.0, 1.0, 0.0, 1.0, 0.0, 0.0, 0.0, 1.0, 1.0, 0.0, 0.0, 1.0, 0.0, 0.0, 0.0, 1.0, 0.0, 0.0, 0.0, 1.0, 1.0, 0.0, 0.0, 0.0, 1.0, 0.0, 0.0, 1.0, 0.0, 0.0, 0.0, 1.0, 0.0, 1.0, 0.0, 1.0, 0.0, 0.0, 0.0, 1.0, 0.0, 0.0, 0.0, 1.0, 0.0, 1.0, 0.0, 0.0, 0.0, 1.0, 0.0, 1.0, 0.0, 0.0, 0.0, 1.0, 0.0, 0.0, 1.0, 1.0, 0.0, 0.0, 0.0, 1.0, 0.0, 0.0, 0.0, 1.0, 0.0, 0.0, 1.0, 0.0, 1.0, 0.0, 0.0, 1.0, 0.0, 0.0, 0.0, 1.0, 0.0, 0.0, 1.0, 0.0, 0.0, 1.0, 0.0, 0.0, 1.0, 1.0, 0.0, 0.0, 1.0, 0.0, 0.0, 1.0, 0.0, 0.0, 0.0, 0.0, 1.0, 1.0, 0.0, 0.0, 1.0, 0.0, 0.0, 0.0, 1.0, 0.0, 0.0, 0.0, 1.0, 1.0, 0.0, 0.0, 1.0, 0.0, 0.0, 0.0, 0.0, 1.0, 0.0, 0.0, 1.0, 1.0, 0.0, 0.0, 0.0, 1.0, 0.0, 0.0, 0.0, 1.0, 0.0, 0.0, 1.0, 0.0, 1.0, 0.0, 1.0, 0.0, 0.0, 1.0, 0.0, 0.0, 0.0, 0.0, 1.0, 0.0, 1.0, 0.0, 1.0, 0.0, 0.0, 0.0, 1.0, 0.0, 0.0, 0.0, 1.0, 0.0, 1.0, 0.0, 1.0, 0.0, 0.0, 0.0, 0.0, 1.0, 0.0, 0.0, 1.0, 0.0, 1.0, 0.0, 0.0, 1.0, 0.0, 1.0, 0.0, 0.0, 0.0, 0.0, 1.0, 0.0, 1.0, 0.0, 0.0, 1.0, 0.0, 0.0, 1.0, 0.0, 0.0, 0.0, 1.0, 0.0, 1.0, 0.0, 0.0, 0.0, 1.0, 1.0, 0.0, 0.0, 0.0, 0.0, 1.0, 0.0, 1.0, 0.0, 0.0, 0.0, 1.0, 0.0, 1.0, 0.0, 0.0, 0.0, 1.0, 0.0, 1.0, 0.0, 0.0, 0.0, 1.0, 0.0, 0.0, 1.0, 0.0, 0.0, 1.0, 0.0, 0.0, 1.0, 1.0, 0.0, 0.0, 1.0, 0.0, 0.0, 0.0, 0.0, 1.0, 0.0, 0.0, 1.0, 1.0, 0.0, 0.0, 0.0, 1.0, 0.0, 0.0, 0.0, 1.0, 0.0, 0.0, 1.0, 0.0, 1.0, 0.0, 0.0, 1.0, 0.0, 0.0, 0.0, 1.0, 0.0, 0.0, 1.0, 0.0, 0.0, 1.0, 1.0, 0.0, 0.0, 0.0, 0.0, 1.0, 0.0, 0.0, 1.0, 0.0, 0.0, 1.0, 0.0, 0.0, 1.0]]

[2024-10-14T11:09:21.371989][INFO][seed35] Sampled 1000 data instances
[2024-10-14T11:09:21.373055][INFO][seed35] Starting exact inference 
['genn.py', '2', '0.4', '0.5', '44', '3']
2 0.4 0.5 44
/mnt/beegfs/rcabanas/dev/credici/papers/zeros/code/GenerateNparents.java
[2024-10-14T11:10:41.819981][INFO][seed44] Set up logging
[2024-10-14T11:10:41.852401][INFO][seed44] args: -np;2;-nzr;0.4;-zdr;0.5;-o;/mnt/beegfs/rcabanas/dev/credici/papers/zeros/models/s3;-rw;-s;44;-ys;3
[2024-10-14T11:10:41.854656][INFO][seed44] Starting logger with seed 44
[2024-10-14T11:10:41.869183][INFO][seed44] simple_nparents2_nzr04_zdr05_ysize3_44
[2024-10-14T11:10:42.226824][INFO][seed44] U cardinality: 81
[2024-10-14T11:10:42.238459][INFO][seed44] !0 = [0, 1, 6, 7, 8, 10, 20, 21, 22, 23, 25, 26, 29, 31, 34, 36, 39, 40, 41, 46, 47, 51, 52, 54, 63, 65, 67, 70, 75, 76, 78, 80]
[2024-10-14T11:10:42.239711][INFO][seed44] 0 = [2, 3, 4, 5, 9, 11, 12, 13, 14, 15, 16, 17, 18, 19, 24, 27, 28, 30, 32, 33, 35, 37, 38, 42, 43, 44, 45, 48, 49, 50, 53, 55, 56, 57, 58, 59, 60, 61, 62, 64, 66, 68, 69, 71, 72, 73, 74, 77, 79]
[2024-10-14T11:10:42.249804][INFO][seed44] Dropping state 79
[2024-10-14T11:10:42.251548][INFO][seed44] Dropping state 73
[2024-10-14T11:10:42.254398][INFO][seed44] Dropping state 71
[2024-10-14T11:10:42.257950][INFO][seed44] Dropping state 68
[2024-10-14T11:10:42.264149][INFO][seed44] Dropping state 62
[2024-10-14T11:10:42.276273][INFO][seed44] Dropping state 61
[2024-10-14T11:10:42.278800][INFO][seed44] Dropping state 56
[2024-10-14T11:10:42.281411][INFO][seed44] Dropping state 55
[2024-10-14T11:10:42.283636][INFO][seed44] Dropping state 45
[2024-10-14T11:10:42.285011][INFO][seed44] Dropping state 37
[2024-10-14T11:10:42.286373][INFO][seed44] Dropping state 35
[2024-10-14T11:10:42.288771][INFO][seed44] Dropping state 30
[2024-10-14T11:10:42.290071][INFO][seed44] Dropping state 28
[2024-10-14T11:10:42.293209][INFO][seed44] Dropping state 27
[2024-10-14T11:10:42.295026][INFO][seed44] Dropping state 14
[2024-10-14T11:10:42.295725][INFO][seed44] Dropping state 13
[2024-10-14T11:10:42.299489][INFO][seed44] Dropping state 11
[2024-10-14T11:10:42.301828][INFO][seed44] Dropping state 3
[2024-10-14T11:10:42.304695][INFO][seed44] Dropping state 2
[2024-10-14T11:10:42.309488][INFO][seed44] U cardinality: 62
[2024-10-14T11:10:42.341369][INFO][seed44] 
[P([5]) [0.799, 0.201], P([4]) [0.541, 0.459], P([3]) [0.001, 0.001, 0.0, 0.0, 0.001, 0.001, 0.001, 0.0, 0.001, 0.0, 0.0, 0.0, 0.0, 0.0, 0.0, 0.001, 0.001, 0.001, 0.001, 0.0, 0.001, 0.001, 0.001, 0.001, 0.0, 0.0, 0.001, 0.001, 0.0, 0.001, 0.001, 0.001, 0.0, 0.0, 0.0, 0.001, 0.001, 0.0, 0.0, 0.0, 0.001, 0.001, 0.0, 0.001, 0.0, 0.0, 0.0, 0.0, 0.002, 0.0, 0.001, 0.0, 0.001, 0.0, 0.001, 0.0, 0.0, 0.001, 0.001, 0.0, 0.001, 0.968], P([2, 5]) [1.0, 0.0, 0.0, 1.0], P([1, 4]) [1.0, 0.0, 0.0, 1.0], P([0, 1, 2, 3]) [1.0, 0.0, 0.0, 1.0, 0.0, 0.0, 1.0, 0.0, 0.0, 1.0, 0.0, 0.0, 1.0, 0.0, 0.0, 1.0, 0.0, 0.0, 1.0, 0.0, 0.0, 0.0, 1.0, 0.0, 1.0, 0.0, 0.0, 1.0, 0.0, 0.0, 0.0, 1.0, 0.0, 0.0, 1.0, 0.0, 1.0, 0.0, 0.0, 1.0, 0.0, 0.0, 0.0, 1.0, 0.0, 0.0, 0.0, 1.0, 1.0, 0.0, 0.0, 1.0, 0.0, 0.0, 0.0, 0.0, 1.0, 1.0, 0.0, 0.0, 1.0, 0.0, 0.0, 1.0, 0.0, 0.0, 0.0, 0.0, 1.0, 0.0, 1.0, 0.0, 1.0, 0.0, 0.0, 1.0, 0.0, 0.0, 0.0, 0.0, 1.0, 0.0, 0.0, 1.0, 1.0, 0.0, 0.0, 0.0, 1.0, 0.0, 1.0, 0.0, 0.0, 1.0, 0.0, 0.0, 1.0, 0.0, 0.0, 0.0, 1.0, 0.0, 1.0, 0.0, 0.0, 0.0, 1.0, 0.0, 1.0, 0.0, 0.0, 0.0, 1.0, 0.0, 0.0, 1.0, 0.0, 1.0, 0.0, 0.0, 1.0, 0.0, 0.0, 0.0, 1.0, 0.0, 0.0, 0.0, 1.0, 1.0, 0.0, 0.0, 1.0, 0.0, 0.0, 0.0, 1.0, 0.0, 0.0, 0.0, 1.0, 0.0, 1.0, 0.0, 1.0, 0.0, 0.0, 0.0, 1.0, 0.0, 0.0, 0.0, 1.0, 0.0, 0.0, 1.0, 1.0, 0.0, 0.0, 0.0, 0.0, 1.0, 1.0, 0.0, 0.0, 1.0, 0.0, 0.0, 1.0, 0.0, 0.0, 0.0, 0.0, 1.0, 1.0, 0.0, 0.0, 0.0, 1.0, 0.0, 1.0, 0.0, 0.0, 0.0, 0.0, 1.0, 1.0, 0.0, 0.0, 0.0, 0.0, 1.0, 1.0, 0.0, 0.0, 0.0, 0.0, 1.0, 0.0, 1.0, 0.0, 1.0, 0.0, 0.0, 1.0, 0.0, 0.0, 0.0, 0.0, 1.0, 0.0, 1.0, 0.0, 0.0, 1.0, 0.0, 1.0, 0.0, 0.0, 0.0, 0.0, 1.0, 0.0, 1.0, 0.0, 0.0, 0.0, 1.0, 1.0, 0.0, 0.0, 0.0, 0.0, 1.0, 0.0, 0.0, 1.0, 1.0, 0.0, 0.0, 1.0, 0.0, 0.0, 0.0, 0.0, 1.0, 0.0, 0.0, 1.0, 0.0, 1.0, 0.0, 1.0, 0.0, 0.0, 0.0, 0.0, 1.0, 0.0, 0.0, 1.0, 0.0, 0.0, 1.0, 0.0, 1.0, 0.0, 1.0, 0.0, 0.0, 1.0, 0.0, 0.0, 0.0, 0.0, 1.0, 0.0, 1.0, 0.0, 1.0, 0.0, 0.0, 0.0, 1.0, 0.0, 0.0, 1.0, 0.0, 0.0, 1.0, 0.0, 1.0, 0.0, 0.0, 0.0, 1.0, 0.0, 0.0, 0.0, 1.0, 0.0, 1.0, 0.0, 1.0, 0.0, 0.0, 0.0, 0.0, 1.0, 1.0, 0.0, 0.0, 0.0, 1.0, 0.0, 1.0, 0.0, 0.0, 0.0, 0.0, 1.0, 0.0, 1.0, 0.0, 0.0, 1.0, 0.0, 0.0, 1.0, 0.0, 1.0, 0.0, 0.0, 1.0, 0.0, 0.0, 0.0, 1.0, 0.0, 0.0, 1.0, 0.0, 1.0, 0.0, 0.0, 0.0, 0.0, 1.0, 0.0, 1.0, 0.0, 0.0, 1.0, 0.0, 0.0, 1.0, 0.0, 1.0, 0.0, 0.0, 0.0, 1.0, 0.0, 0.0, 1.0, 0.0, 0.0, 1.0, 0.0, 0.0, 1.0, 0.0, 0.0, 1.0, 0.0, 0.0, 1.0, 0.0, 0.0, 1.0, 0.0, 0.0, 0.0, 1.0, 0.0, 1.0, 0.0, 0.0, 1.0, 0.0, 0.0, 0.0, 1.0, 1.0, 0.0, 0.0, 0.0, 1.0, 0.0, 0.0, 1.0, 0.0, 0.0, 0.0, 1.0, 0.0, 1.0, 0.0, 0.0, 1.0, 0.0, 0.0, 1.0, 0.0, 0.0, 0.0, 1.0, 0.0, 0.0, 1.0, 0.0, 1.0, 0.0, 0.0, 0.0, 1.0, 1.0, 0.0, 0.0, 0.0, 1.0, 0.0, 0.0, 1.0, 0.0, 0.0, 0.0, 1.0, 1.0, 0.0, 0.0, 0.0, 0.0, 1.0, 0.0, 1.0, 0.0, 0.0, 0.0, 1.0, 0.0, 1.0, 0.0, 1.0, 0.0, 0.0, 0.0, 1.0, 0.0, 0.0, 0.0, 1.0, 0.0, 1.0, 0.0, 0.0, 1.0, 0.0, 0.0, 1.0, 0.0, 0.0, 0.0, 1.0, 0.0, 1.0, 0.0, 0.0, 0.0, 1.0, 0.0, 1.0, 0.0, 0.0, 0.0, 1.0, 0.0, 0.0, 1.0, 1.0, 0.0, 0.0, 0.0, 1.0, 0.0, 0.0, 0.0, 1.0, 0.0, 0.0, 1.0, 0.0, 1.0, 0.0, 0.0, 1.0, 0.0, 0.0, 0.0, 1.0, 0.0, 0.0, 1.0, 0.0, 0.0, 1.0, 0.0, 0.0, 1.0, 1.0, 0.0, 0.0, 1.0, 0.0, 0.0, 1.0, 0.0, 0.0, 0.0, 0.0, 1.0, 1.0, 0.0, 0.0, 0.0, 1.0, 0.0, 1.0, 0.0, 0.0, 0.0, 0.0, 1.0, 1.0, 0.0, 0.0, 0.0, 1.0, 0.0, 0.0, 1.0, 0.0, 0.0, 0.0, 1.0, 1.0, 0.0, 0.0, 0.0, 1.0, 0.0, 0.0, 0.0, 1.0, 0.0, 0.0, 1.0, 1.0, 0.0, 0.0, 0.0, 0.0, 1.0, 1.0, 0.0, 0.0, 0.0, 0.0, 1.0, 0.0, 1.0, 0.0, 1.0, 0.0, 0.0, 1.0, 0.0, 0.0, 0.0, 0.0, 1.0, 0.0, 1.0, 0.0, 1.0, 0.0, 0.0, 0.0, 1.0, 0.0, 0.0, 0.0, 1.0, 0.0, 1.0, 0.0, 1.0, 0.0, 0.0, 0.0, 0.0, 1.0, 0.0, 0.0, 1.0, 0.0, 1.0, 0.0, 0.0, 1.0, 0.0, 1.0, 0.0, 0.0, 0.0, 0.0, 1.0, 0.0, 1.0, 0.0, 0.0, 1.0, 0.0, 0.0, 1.0, 0.0, 0.0, 0.0, 1.0, 0.0, 1.0, 0.0, 0.0, 0.0, 1.0, 1.0, 0.0, 0.0, 0.0, 0.0, 1.0, 0.0, 1.0, 0.0, 0.0, 0.0, 1.0, 0.0, 1.0, 0.0, 0.0, 0.0, 1.0, 0.0, 0.0, 1.0, 1.0, 0.0, 0.0, 1.0, 0.0, 0.0, 0.0, 0.0, 1.0, 0.0, 0.0, 1.0, 1.0, 0.0, 0.0, 0.0, 0.0, 1.0, 0.0, 0.0, 1.0, 0.0, 0.0, 1.0, 0.0, 1.0, 0.0, 1.0, 0.0, 0.0, 0.0, 0.0, 1.0, 0.0, 0.0, 1.0, 0.0, 1.0, 0.0, 0.0, 1.0, 0.0, 0.0, 0.0, 1.0, 0.0, 0.0, 1.0, 0.0, 1.0, 0.0, 0.0, 0.0, 1.0, 0.0, 0.0, 1.0, 0.0, 0.0, 1.0, 0.0, 0.0, 1.0, 1.0, 0.0, 0.0, 0.0, 0.0, 1.0, 0.0, 0.0, 1.0, 0.0, 0.0, 1.0, 0.0, 0.0, 1.0]]

[2024-10-14T11:10:42.698996][INFO][seed44] Sampled 1000 data instances
[2024-10-14T11:10:42.699169][INFO][seed44] Starting exact inference 
#
# There is insufficient memory for the Java Runtime Environment to continue.
# Native memory allocation (mmap) failed to map 2784641024 bytes for committing reserved memory.
# An error report file with more information is saved as:
# /mnt/beegfs/rcabanas/dev/credici/papers/zeros/code/hs_err_pid5751.log
['genn.py', '2', '0.4', '0.5', '110', '3']
2 0.4 0.5 110
/mnt/beegfs/rcabanas/dev/credici/papers/zeros/code/GenerateNparents.java
[2024-10-14T11:12:44.509515][INFO][seed110] Set up logging
[2024-10-14T11:12:44.564320][INFO][seed110] args: -np;2;-nzr;0.4;-zdr;0.5;-o;/mnt/beegfs/rcabanas/dev/credici/papers/zeros/models/s3;-rw;-s;110;-ys;3
[2024-10-14T11:12:44.583350][INFO][seed110] Starting logger with seed 110
[2024-10-14T11:12:44.756261][INFO][seed110] simple_nparents2_nzr04_zdr05_ysize3_110
[2024-10-14T11:12:45.101115][INFO][seed110] U cardinality: 81
[2024-10-14T11:12:45.114658][INFO][seed110] !0 = [0, 1, 2, 4, 5, 7, 11, 17, 18, 21, 23, 24, 27, 28, 30, 31, 36, 40, 42, 43, 50, 55, 57, 61, 65, 66, 69, 71, 72, 74, 79, 80]
[2024-10-14T11:12:45.116250][INFO][seed110] 0 = [3, 6, 8, 9, 10, 12, 13, 14, 15, 16, 19, 20, 22, 25, 26, 29, 32, 33, 34, 35, 37, 38, 39, 41, 44, 45, 46, 47, 48, 49, 51, 52, 53, 54, 56, 58, 59, 60, 62, 63, 64, 67, 68, 70, 73, 75, 76, 77, 78]
[2024-10-14T11:12:45.131731][INFO][seed110] Dropping state 76
[2024-10-14T11:12:45.134074][INFO][seed110] Dropping state 75
[2024-10-14T11:12:45.136927][INFO][seed110] Dropping state 70
[2024-10-14T11:12:45.141839][INFO][seed110] Dropping state 68
[2024-10-14T11:12:45.150050][INFO][seed110] Dropping state 67
[2024-10-14T11:12:45.164427][INFO][seed110] Dropping state 64
[2024-10-14T11:12:45.170773][INFO][seed110] Dropping state 63
[2024-10-14T11:12:45.175022][INFO][seed110] Dropping state 60
[2024-10-14T11:12:45.182504][INFO][seed110] Dropping state 58
[2024-10-14T11:12:45.185110][INFO][seed110] Dropping state 56
[2024-10-14T11:12:45.186989][INFO][seed110] Dropping state 54
[2024-10-14T11:12:45.200558][INFO][seed110] Dropping state 53
[2024-10-14T11:12:45.203836][INFO][seed110] Dropping state 52
[2024-10-14T11:12:45.207688][INFO][seed110] Dropping state 51
[2024-10-14T11:12:45.210301][INFO][seed110] Dropping state 49
[2024-10-14T11:12:45.214095][INFO][seed110] Dropping state 47
[2024-10-14T11:12:45.216540][INFO][seed110] Dropping state 39
[2024-10-14T11:12:45.221145][INFO][seed110] Dropping state 38
[2024-10-14T11:12:45.227267][INFO][seed110] Dropping state 37
[2024-10-14T11:12:45.231138][INFO][seed110] Dropping state 35
[2024-10-14T11:12:45.236301][INFO][seed110] Dropping state 33
[2024-10-14T11:12:45.241787][INFO][seed110] Dropping state 29
[2024-10-14T11:12:45.246563][INFO][seed110] Dropping state 25
[2024-10-14T11:12:45.252075][INFO][seed110] Dropping state 16
[2024-10-14T11:12:45.255439][INFO][seed110] Dropping state 13
[2024-10-14T11:12:45.259075][INFO][seed110] Dropping state 12
[2024-10-14T11:12:45.262770][INFO][seed110] Dropping state 9
[2024-10-14T11:12:45.270283][INFO][seed110] Dropping state 8
[2024-10-14T11:12:45.275724][INFO][seed110] U cardinality: 53
[2024-10-14T11:12:45.305272][INFO][seed110] 
[P([5]) [0.34, 0.66], P([4]) [0.855, 0.145], P([3]) [0.001, 0.001, 0.001, 0.0, 0.001, 0.001, 0.0, 0.001, 0.0, 0.001, 0.0, 0.0, 0.001, 0.001, 0.0, 0.0, 0.001, 0.0, 0.296, 0.001, 0.0, 0.001, 0.001, 0.001, 0.001, 0.0, 0.0, 0.001, 0.001, 0.0, 0.001, 0.002, 0.0, 0.0, 0.0, 0.0, 0.001, 0.001, 0.001, 0.0, 0.001, 0.0, 0.001, 0.217, 0.001, 0.001, 0.001, 0.0, 0.001, 0.0, 0.0, 0.001, 0.457], P([2, 5]) [1.0, 0.0, 0.0, 1.0], P([1, 4]) [1.0, 0.0, 0.0, 1.0], P([0, 1, 2, 3]) [1.0, 0.0, 0.0, 1.0, 0.0, 0.0, 1.0, 0.0, 0.0, 1.0, 0.0, 0.0, 1.0, 0.0, 0.0, 1.0, 0.0, 0.0, 1.0, 0.0, 0.0, 0.0, 1.0, 0.0, 1.0, 0.0, 0.0, 1.0, 0.0, 0.0, 1.0, 0.0, 0.0, 0.0, 0.0, 1.0, 1.0, 0.0, 0.0, 1.0, 0.0, 0.0, 0.0, 1.0, 0.0, 1.0, 0.0, 0.0, 1.0, 0.0, 0.0, 1.0, 0.0, 0.0, 0.0, 1.0, 0.0, 0.0, 1.0, 0.0, 1.0, 0.0, 0.0, 1.0, 0.0, 0.0, 0.0, 1.0, 0.0, 0.0, 0.0, 1.0, 1.0, 0.0, 0.0, 1.0, 0.0, 0.0, 0.0, 0.0, 1.0, 1.0, 0.0, 0.0, 1.0, 0.0, 0.0, 1.0, 0.0, 0.0, 0.0, 0.0, 1.0, 0.0, 1.0, 0.0, 1.0, 0.0, 0.0, 0.0, 1.0, 0.0, 1.0, 0.0, 0.0, 0.0, 1.0, 0.0, 1.0, 0.0, 0.0, 0.0, 1.0, 0.0, 1.0, 0.0, 0.0, 0.0, 0.0, 1.0, 1.0, 0.0, 0.0, 0.0, 1.0, 0.0, 0.0, 1.0, 0.0, 0.0, 0.0, 1.0, 1.0, 0.0, 0.0, 0.0, 1.0, 0.0, 0.0, 0.0, 1.0, 1.0, 0.0, 0.0, 1.0, 0.0, 0.0, 0.0, 1.0, 0.0, 0.0, 0.0, 1.0, 0.0, 0.0, 1.0, 1.0, 0.0, 0.0, 0.0, 0.0, 1.0, 1.0, 0.0, 0.0, 1.0, 0.0, 0.0, 1.0, 0.0, 0.0, 0.0, 0.0, 1.0, 1.0, 0.0, 0.0, 0.0, 1.0, 0.0, 1.0, 0.0, 0.0, 0.0, 0.0, 1.0, 1.0, 0.0, 0.0, 0.0, 0.0, 1.0, 1.0, 0.0, 0.0, 0.0, 0.0, 1.0, 0.0, 1.0, 0.0, 1.0, 0.0, 0.0, 1.0, 0.0, 0.0, 0.0, 0.0, 1.0, 0.0, 1.0, 0.0, 0.0, 1.0, 0.0, 1.0, 0.0, 0.0, 0.0, 0.0, 1.0, 0.0, 1.0, 0.0, 0.0, 0.0, 1.0, 1.0, 0.0, 0.0, 0.0, 0.0, 1.0, 0.0, 0.0, 1.0, 1.0, 0.0, 0.0, 1.0, 0.0, 0.0, 0.0, 0.0, 1.0, 0.0, 0.0, 1.0, 0.0, 0.0, 1.0, 0.0, 1.0, 0.0, 1.0, 0.0, 0.0, 1.0, 0.0, 0.0, 1.0, 0.0, 0.0, 0.0, 1.0, 0.0, 1.0, 0.0, 0.0, 1.0, 0.0, 0.0, 0.0, 1.0, 0.0, 0.0, 1.0, 0.0, 1.0, 0.0, 0.0, 0.0, 1.0, 0.0, 1.0, 0.0, 0.0, 0.0, 1.0, 0.0, 1.0, 0.0, 0.0, 0.0, 1.0, 0.0, 0.0, 1.0, 0.0, 0.0, 1.0, 0.0, 1.0, 0.0, 0.0, 0.0, 1.0, 0.0, 0.0, 0.0, 1.0, 0.0, 1.0, 0.0, 1.0, 0.0, 0.0, 0.0, 0.0, 1.0, 0.0, 1.0, 0.0, 0.0, 1.0, 0.0, 0.0, 1.0, 0.0, 1.0, 0.0, 0.0, 1.0, 0.0, 0.0, 0.0, 1.0, 0.0, 0.0, 1.0, 0.0, 0.0, 1.0, 0.0, 0.0, 1.0, 0.0, 0.0, 1.0, 0.0, 0.0, 1.0, 0.0, 0.0, 1.0, 0.0, 0.0, 0.0, 1.0, 0.0, 1.0, 0.0, 0.0, 1.0, 0.0, 0.0, 0.0, 1.0, 1.0, 0.0, 0.0, 0.0, 1.0, 0.0, 0.0, 1.0, 0.0, 0.0, 0.0, 1.0, 0.0, 1.0, 0.0, 0.0, 1.0, 0.0, 0.0, 1.0, 0.0, 0.0, 0.0, 1.0, 0.0, 0.0, 1.0, 0.0, 1.0, 0.0, 0.0, 0.0, 1.0, 1.0, 0.0, 0.0, 1.0, 0.0, 0.0, 0.0, 1.0, 0.0, 0.0, 0.0, 1.0, 1.0, 0.0, 0.0, 0.0, 1.0, 0.0, 0.0, 1.0, 0.0, 0.0, 0.0, 1.0, 0.0, 1.0, 0.0, 1.0, 0.0, 0.0, 0.0, 1.0, 0.0, 0.0, 0.0, 1.0, 0.0, 1.0, 0.0, 0.0, 0.0, 1.0, 0.0, 0.0, 1.0, 1.0, 0.0, 0.0, 1.0, 0.0, 0.0, 0.0, 1.0, 0.0, 0.0, 0.0, 1.0, 1.0, 0.0, 0.0, 0.0, 1.0, 0.0, 1.0, 0.0, 0.0, 0.0, 0.0, 1.0, 1.0, 0.0, 0.0, 0.0, 1.0, 0.0, 0.0, 0.0, 1.0, 0.0, 0.0, 1.0, 1.0, 0.0, 0.0, 0.0, 0.0, 1.0, 0.0, 1.0, 0.0, 0.0, 0.0, 1.0, 1.0, 0.0, 0.0, 0.0, 0.0, 1.0, 0.0, 0.0, 1.0, 0.0, 0.0, 1.0, 0.0, 1.0, 0.0, 1.0, 0.0, 0.0, 0.0, 0.0, 1.0, 0.0, 0.0, 1.0, 0.0, 1.0, 0.0, 0.0, 1.0, 0.0, 1.0, 0.0, 0.0, 0.0, 0.0, 1.0, 0.0, 1.0, 0.0, 0.0, 0.0, 1.0, 1.0, 0.0, 0.0, 0.0, 0.0, 1.0, 0.0, 1.0, 0.0, 0.0, 0.0, 1.0, 0.0, 0.0, 1.0, 0.0, 0.0, 1.0, 0.0, 0.0, 1.0, 1.0, 0.0, 0.0, 1.0, 0.0, 0.0, 0.0, 0.0, 1.0, 0.0, 0.0, 1.0, 1.0, 0.0, 0.0, 0.0, 1.0, 0.0, 0.0, 0.0, 1.0, 0.0, 0.0, 1.0, 1.0, 0.0, 0.0, 0.0, 0.0, 1.0, 0.0, 0.0, 1.0, 0.0, 0.0, 1.0, 0.0, 1.0, 0.0, 0.0, 0.0, 1.0, 0.0, 0.0, 1.0, 0.0, 0.0, 1.0, 0.0, 0.0, 1.0, 1.0, 0.0, 0.0, 0.0, 0.0, 1.0, 0.0, 0.0, 1.0, 0.0, 0.0, 1.0, 0.0, 1.0, 0.0, 0.0, 0.0, 1.0, 0.0, 0.0, 1.0, 0.0, 0.0, 1.0, 0.0, 0.0, 1.0]]

[2024-10-14T11:12:45.764331][INFO][seed110] Sampled 1000 data instances
[2024-10-14T11:12:45.764511][INFO][seed110] Starting exact inference 
['genn.py', '2', '0.4', '0.5', '65', '3']
2 0.4 0.5 65
/mnt/beegfs/rcabanas/dev/credici/papers/zeros/code/GenerateNparents.java
[2024-10-14T11:15:06.552487][INFO][seed65] Set up logging
[2024-10-14T11:15:06.578128][INFO][seed65] args: -np;2;-nzr;0.4;-zdr;0.5;-o;/mnt/beegfs/rcabanas/dev/credici/papers/zeros/models/s3;-rw;-s;65;-ys;3
[2024-10-14T11:15:06.589759][INFO][seed65] Starting logger with seed 65
[2024-10-14T11:15:06.612663][INFO][seed65] simple_nparents2_nzr04_zdr05_ysize3_65
[2024-10-14T11:15:07.144183][INFO][seed65] U cardinality: 81
[2024-10-14T11:15:07.157629][INFO][seed65] !0 = [1, 2, 8, 12, 17, 18, 20, 22, 23, 29, 31, 32, 38, 40, 43, 45, 47, 50, 52, 54, 56, 58, 62, 65, 68, 70, 72, 73, 74, 75, 76, 77]
[2024-10-14T11:15:07.163342][INFO][seed65] 0 = [0, 3, 4, 5, 6, 7, 9, 10, 11, 13, 14, 15, 16, 19, 21, 24, 25, 26, 27, 28, 30, 33, 34, 35, 36, 37, 39, 41, 42, 44, 46, 48, 49, 51, 53, 55, 57, 59, 60, 61, 63, 64, 66, 67, 69, 71, 78, 79, 80]
[2024-10-14T11:15:07.182940][INFO][seed65] Dropping state 79
[2024-10-14T11:15:07.186040][INFO][seed65] Dropping state 69
[2024-10-14T11:15:07.189592][INFO][seed65] Dropping state 66
[2024-10-14T11:15:07.194059][INFO][seed65] Dropping state 63
[2024-10-14T11:15:07.198694][INFO][seed65] Dropping state 55
[2024-10-14T11:15:07.200509][INFO][seed65] Dropping state 53
[2024-10-14T11:15:07.202911][INFO][seed65] Dropping state 51
[2024-10-14T11:15:07.206233][INFO][seed65] Dropping state 48
[2024-10-14T11:15:07.212827][INFO][seed65] Dropping state 46
[2024-10-14T11:15:07.214641][INFO][seed65] Dropping state 42
[2024-10-14T11:15:07.216262][INFO][seed65] Dropping state 41
[2024-10-14T11:15:07.218426][INFO][seed65] Dropping state 39
[2024-10-14T11:15:07.224549][INFO][seed65] Dropping state 30
[2024-10-14T11:15:07.227544][INFO][seed65] Dropping state 28
[2024-10-14T11:15:07.229437][INFO][seed65] Dropping state 27
[2024-10-14T11:15:07.230237][INFO][seed65] Dropping state 26
[2024-10-14T11:15:07.233399][INFO][seed65] Dropping state 25
[2024-10-14T11:15:07.240336][INFO][seed65] Dropping state 24
[2024-10-14T11:15:07.243829][INFO][seed65] Dropping state 15
[2024-10-14T11:15:07.245993][INFO][seed65] Dropping state 14
[2024-10-14T11:15:07.247429][INFO][seed65] Dropping state 13
[2024-10-14T11:15:07.248155][INFO][seed65] Dropping state 11
[2024-10-14T11:15:07.252050][INFO][seed65] Dropping state 10
[2024-10-14T11:15:07.253965][INFO][seed65] Dropping state 9
[2024-10-14T11:15:07.257310][INFO][seed65] Dropping state 7
[2024-10-14T11:15:07.259473][INFO][seed65] Dropping state 5
[2024-10-14T11:15:07.266960][INFO][seed65] Dropping state 3
[2024-10-14T11:15:07.275996][INFO][seed65] U cardinality: 54
[2024-10-14T11:15:07.299459][INFO][seed65] 
[P([5]) [0.156, 0.844], P([4]) [0.806, 0.194], P([3]) [0.0, 0.001, 0.001, 0.0, 0.0, 0.001, 0.001, 0.0, 0.001, 0.001, 0.0, 0.711, 0.0, 0.001, 0.001, 0.001, 0.001, 0.001, 0.0, 0.0, 0.0, 0.0, 0.0, 0.001, 0.001, 0.001, 0.0, 0.001, 0.001, 0.0, 0.001, 0.001, 0.001, 0.001, 0.0, 0.001, 0.0, 0.0, 0.0, 0.001, 0.0, 0.001, 0.0, 0.001, 0.01, 0.0, 0.001, 0.001, 0.001, 0.001, 0.001, 0.25, 0.0, 0.0], P([2, 5]) [1.0, 0.0, 0.0, 1.0], P([1, 4]) [1.0, 0.0, 0.0, 1.0], P([0, 1, 2, 3]) [1.0, 0.0, 0.0, 1.0, 0.0, 0.0, 1.0, 0.0, 0.0, 1.0, 0.0, 0.0, 1.0, 0.0, 0.0, 1.0, 0.0, 0.0, 1.0, 0.0, 0.0, 0.0, 1.0, 0.0, 1.0, 0.0, 0.0, 1.0, 0.0, 0.0, 1.0, 0.0, 0.0, 0.0, 0.0, 1.0, 1.0, 0.0, 0.0, 1.0, 0.0, 0.0, 0.0, 1.0, 0.0, 0.0, 1.0, 0.0, 1.0, 0.0, 0.0, 1.0, 0.0, 0.0, 0.0, 0.0, 1.0, 1.0, 0.0, 0.0, 1.0, 0.0, 0.0, 1.0, 0.0, 0.0, 0.0, 0.0, 1.0, 0.0, 0.0, 1.0, 1.0, 0.0, 0.0, 0.0, 1.0, 0.0, 0.0, 1.0, 0.0, 1.0, 0.0, 0.0, 1.0, 0.0, 0.0, 0.0, 1.0, 0.0, 0.0, 0.0, 1.0, 0.0, 1.0, 0.0, 1.0, 0.0, 0.0, 0.0, 1.0, 0.0, 0.0, 0.0, 1.0, 0.0, 0.0, 1.0, 1.0, 0.0, 0.0, 0.0, 0.0, 1.0, 1.0, 0.0, 0.0, 1.0, 0.0, 0.0, 1.0, 0.0, 0.0, 0.0, 0.0, 1.0, 1.0, 0.0, 0.0, 0.0, 1.0, 0.0, 1.0, 0.0, 0.0, 0.0, 0.0, 1.0, 1.0, 0.0, 0.0, 0.0, 0.0, 1.0, 1.0, 0.0, 0.0, 0.0, 0.0, 1.0, 0.0, 1.0, 0.0, 1.0, 0.0, 0.0, 1.0, 0.0, 0.0, 0.0, 0.0, 1.0, 0.0, 1.0, 0.0, 0.0, 1.0, 0.0, 1.0, 0.0, 0.0, 0.0, 0.0, 1.0, 0.0, 1.0, 0.0, 0.0, 0.0, 1.0, 0.0, 1.0, 0.0, 1.0, 0.0, 0.0, 1.0, 0.0, 0.0, 0.0, 0.0, 1.0, 0.0, 1.0, 0.0, 1.0, 0.0, 0.0, 0.0, 1.0, 0.0, 0.0, 1.0, 0.0, 0.0, 1.0, 0.0, 1.0, 0.0, 0.0, 0.0, 1.0, 0.0, 0.0, 0.0, 1.0, 0.0, 1.0, 0.0, 1.0, 0.0, 0.0, 0.0, 0.0, 1.0, 1.0, 0.0, 0.0, 0.0, 1.0, 0.0, 1.0, 0.0, 0.0, 0.0, 0.0, 1.0, 0.0, 1.0, 0.0, 0.0, 1.0, 0.0, 1.0, 0.0, 0.0, 0.0, 0.0, 1.0, 0.0, 0.0, 1.0, 0.0, 1.0, 0.0, 0.0, 1.0, 0.0, 1.0, 0.0, 0.0, 1.0, 0.0, 0.0, 0.0, 1.0, 0.0, 0.0, 1.0, 0.0, 1.0, 0.0, 0.0, 0.0, 1.0, 0.0, 0.0, 1.0, 0.0, 0.0, 1.0, 0.0, 1.0, 0.0, 0.0, 0.0, 0.0, 1.0, 0.0, 1.0, 0.0, 0.0, 1.0, 0.0, 0.0, 1.0, 0.0, 0.0, 1.0, 0.0, 0.0, 1.0, 0.0, 0.0, 1.0, 0.0, 0.0, 0.0, 1.0, 0.0, 1.0, 0.0, 0.0, 1.0, 0.0, 0.0, 1.0, 0.0, 0.0, 0.0, 1.0, 0.0, 0.0, 1.0, 0.0, 1.0, 0.0, 0.0, 0.0, 1.0, 1.0, 0.0, 0.0, 1.0, 0.0, 0.0, 0.0, 1.0, 0.0, 0.0, 0.0, 1.0, 1.0, 0.0, 0.0, 0.0, 0.0, 1.0, 0.0, 1.0, 0.0, 0.0, 0.0, 1.0, 0.0, 1.0, 0.0, 0.0, 1.0, 0.0, 0.0, 1.0, 0.0, 0.0, 0.0, 1.0, 0.0, 1.0, 0.0, 0.0, 0.0, 1.0, 0.0, 1.0, 0.0, 0.0, 0.0, 1.0, 0.0, 0.0, 1.0, 0.0, 1.0, 0.0, 0.0, 0.0, 1.0, 1.0, 0.0, 0.0, 1.0, 0.0, 0.0, 1.0, 0.0, 0.0, 0.0, 0.0, 1.0, 1.0, 0.0, 0.0, 1.0, 0.0, 0.0, 0.0, 0.0, 1.0, 0.0, 0.0, 1.0, 1.0, 0.0, 0.0, 0.0, 1.0, 0.0, 1.0, 0.0, 0.0, 0.0, 0.0, 1.0, 1.0, 0.0, 0.0, 0.0, 1.0, 0.0, 0.0, 1.0, 0.0, 0.0, 0.0, 1.0, 1.0, 0.0, 0.0, 0.0, 1.0, 0.0, 0.0, 0.0, 1.0, 0.0, 0.0, 1.0, 1.0, 0.0, 0.0, 0.0, 0.0, 1.0, 1.0, 0.0, 0.0, 0.0, 0.0, 1.0, 1.0, 0.0, 0.0, 0.0, 0.0, 1.0, 0.0, 1.0, 0.0, 0.0, 0.0, 1.0, 1.0, 0.0, 0.0, 0.0, 0.0, 1.0, 0.0, 0.0, 1.0, 0.0, 0.0, 1.0, 0.0, 1.0, 0.0, 1.0, 0.0, 0.0, 0.0, 1.0, 0.0, 0.0, 0.0, 1.0, 0.0, 1.0, 0.0, 1.0, 0.0, 0.0, 0.0, 0.0, 1.0, 0.0, 0.0, 1.0, 0.0, 1.0, 0.0, 0.0, 1.0, 0.0, 0.0, 1.0, 0.0, 0.0, 0.0, 1.0, 0.0, 1.0, 0.0, 0.0, 1.0, 0.0, 0.0, 0.0, 1.0, 0.0, 0.0, 1.0, 0.0, 1.0, 0.0, 0.0, 0.0, 1.0, 0.0, 1.0, 0.0, 0.0, 0.0, 1.0, 0.0, 1.0, 0.0, 0.0, 0.0, 1.0, 0.0, 0.0, 1.0, 0.0, 0.0, 1.0, 0.0, 0.0, 1.0, 1.0, 0.0, 0.0, 1.0, 0.0, 0.0, 0.0, 0.0, 1.0, 0.0, 0.0, 1.0, 1.0, 0.0, 0.0, 0.0, 1.0, 0.0, 0.0, 0.0, 1.0, 0.0, 0.0, 1.0, 1.0, 0.0, 0.0, 0.0, 0.0, 1.0, 0.0, 0.0, 1.0, 0.0, 0.0, 1.0, 0.0, 1.0, 0.0, 1.0, 0.0, 0.0, 0.0, 0.0, 1.0, 0.0, 0.0, 1.0, 0.0, 1.0, 0.0, 0.0, 1.0, 0.0, 0.0, 0.0, 1.0, 0.0, 0.0, 1.0, 0.0, 1.0, 0.0, 0.0, 0.0, 1.0, 0.0, 0.0, 1.0, 0.0, 0.0, 1.0, 0.0, 0.0, 1.0, 1.0, 0.0, 0.0, 0.0, 0.0, 1.0, 0.0, 0.0, 1.0, 0.0, 0.0, 1.0, 0.0, 0.0, 1.0]]

[2024-10-14T11:15:07.731670][INFO][seed65] Sampled 1000 data instances
[2024-10-14T11:15:07.732202][INFO][seed65] Starting exact inference 
[2024-10-14T11:15:10.036272][INFO][seed65] PS(V1,V0) in [0.0, 0.009786790102577481]
[2024-10-14T11:15:10.247345][INFO][seed65] PS(V2,V0) in [0.003155193448416093, 0.4054633927444574]
[2024-10-14T11:15:10.486162][INFO][seed65] PN(V1,V0) in [0.0, 0.41960193805295226] 
[2024-10-14T11:15:10.672515][INFO][seed65] PN(V2,V0) in [0.0077428131289288635, 0.9950031058215519] 
[2024-10-14T11:15:10.726152][INFO][seed65] Saved data to: /mnt/beegfs/rcabanas/dev/credici/papers/zeros/models/s3/simple_nparents2_nzr04_zdr05_ysize3_65.csv
[2024-10-14T11:15:10.766228][INFO][seed65] Saved model to: /mnt/beegfs/rcabanas/dev/credici/papers/zeros/models/s3/simple_nparents2_nzr04_zdr05_ysize3_65.uai
[2024-10-14T11:15:10.777811][INFO][seed65] Saved queries to: /mnt/beegfs/rcabanas/dev/credici/papers/zeros/models/s3/simple_nparents2_nzr04_zdr05_ysize3_65_query.csv
[2024-10-14T11:15:10.778305][INFO][seed65] Closing log file
[2024-10-14T11:15:10.778397][INFO][seed65] Closed log file
['genn.py', '2', '0.4', '0.5', '99', '3']
2 0.4 0.5 99
/mnt/beegfs/rcabanas/dev/credici/papers/zeros/code/GenerateNparents.java
[2024-10-14T11:15:14.577428][INFO][seed99] Set up logging
[2024-10-14T11:15:14.609705][INFO][seed99] args: -np;2;-nzr;0.4;-zdr;0.5;-o;/mnt/beegfs/rcabanas/dev/credici/papers/zeros/models/s3;-rw;-s;99;-ys;3
[2024-10-14T11:15:14.615517][INFO][seed99] Starting logger with seed 99
[2024-10-14T11:15:14.621284][INFO][seed99] simple_nparents2_nzr04_zdr05_ysize3_99
[2024-10-14T11:15:14.943319][INFO][seed99] U cardinality: 81
[2024-10-14T11:15:14.952848][INFO][seed99] !0 = [3, 6, 7, 8, 10, 12, 13, 14, 15, 23, 25, 27, 31, 33, 35, 38, 39, 41, 43, 44, 46, 50, 52, 53, 57, 58, 60, 62, 65, 69, 70, 77]
[2024-10-14T11:15:14.953939][INFO][seed99] 0 = [0, 1, 2, 4, 5, 9, 11, 16, 17, 18, 19, 20, 21, 22, 24, 26, 28, 29, 30, 32, 34, 36, 37, 40, 42, 45, 47, 48, 49, 51, 54, 55, 56, 59, 61, 63, 64, 66, 67, 68, 71, 72, 73, 74, 75, 76, 78, 79, 80]
[2024-10-14T11:15:14.963251][INFO][seed99] Dropping state 79
[2024-10-14T11:15:14.964769][INFO][seed99] Dropping state 78
[2024-10-14T11:15:14.971077][INFO][seed99] Dropping state 76
[2024-10-14T11:15:14.975152][INFO][seed99] Dropping state 72
[2024-10-14T11:15:14.981642][INFO][seed99] Dropping state 71
[2024-10-14T11:15:14.994572][INFO][seed99] Dropping state 68
[2024-10-14T11:15:14.997976][INFO][seed99] Dropping state 66
[2024-10-14T11:15:15.005066][INFO][seed99] Dropping state 63
[2024-10-14T11:15:15.007056][INFO][seed99] Dropping state 56
[2024-10-14T11:15:15.008382][INFO][seed99] Dropping state 55
[2024-10-14T11:15:15.009541][INFO][seed99] Dropping state 54
[2024-10-14T11:15:15.015561][INFO][seed99] Dropping state 51
[2024-10-14T11:15:15.017260][INFO][seed99] Dropping state 49
[2024-10-14T11:15:15.019433][INFO][seed99] Dropping state 48
[2024-10-14T11:15:15.024280][INFO][seed99] Dropping state 45
[2024-10-14T11:15:15.025384][INFO][seed99] Dropping state 42
[2024-10-14T11:15:15.028771][INFO][seed99] Dropping state 40
[2024-10-14T11:15:15.031509][INFO][seed99] Dropping state 37
[2024-10-14T11:15:15.037020][INFO][seed99] Dropping state 36
[2024-10-14T11:15:15.040420][INFO][seed99] Dropping state 32
[2024-10-14T11:15:15.043267][INFO][seed99] Dropping state 29
[2024-10-14T11:15:15.044379][INFO][seed99] Dropping state 26
[2024-10-14T11:15:15.046873][INFO][seed99] Dropping state 22
[2024-10-14T11:15:15.048568][INFO][seed99] Dropping state 20
[2024-10-14T11:15:15.049968][INFO][seed99] Dropping state 19
[2024-10-14T11:15:15.052037][INFO][seed99] Dropping state 17
[2024-10-14T11:15:15.054720][INFO][seed99] Dropping state 16
[2024-10-14T11:15:15.056704][INFO][seed99] Dropping state 11
[2024-10-14T11:15:15.057279][INFO][seed99] Dropping state 9
[2024-10-14T11:15:15.061039][INFO][seed99] Dropping state 4
[2024-10-14T11:15:15.062454][INFO][seed99] Dropping state 2
[2024-10-14T11:15:15.066408][INFO][seed99] Dropping state 1
[2024-10-14T11:15:15.068643][INFO][seed99] Dropping state 0
[2024-10-14T11:15:15.073745][INFO][seed99] U cardinality: 48
[2024-10-14T11:15:15.090128][INFO][seed99] 
[P([5]) [0.021, 0.979], P([4]) [0.525, 0.475], P([3]) [0.001, 0.0, 0.001, 0.001, 0.003, 0.001, 0.001, 0.001, 0.001, 0.001, 0.0, 0.0, 0.001, 0.0, 0.001, 0.001, 0.0, 0.0, 0.001, 0.001, 0.0, 0.001, 0.001, 0.001, 0.001, 0.001, 0.001, 0.001, 0.0, 0.001, 0.001, 0.001, 0.001, 0.798, 0.0, 0.001, 0.0, 0.001, 0.0, 0.001, 0.0, 0.001, 0.001, 0.0, 0.0, 0.0, 0.17, 0.0], P([2, 5]) [1.0, 0.0, 0.0, 1.0], P([1, 4]) [1.0, 0.0, 0.0, 1.0], P([0, 1, 2, 3]) [1.0, 0.0, 0.0, 1.0, 0.0, 0.0, 0.0, 1.0, 0.0, 1.0, 0.0, 0.0, 1.0, 0.0, 0.0, 1.0, 0.0, 0.0, 0.0, 1.0, 0.0, 0.0, 0.0, 1.0, 1.0, 0.0, 0.0, 1.0, 0.0, 0.0, 0.0, 0.0, 1.0, 1.0, 0.0, 0.0, 1.0, 0.0, 0.0, 1.0, 0.0, 0.0, 0.0, 0.0, 1.0, 0.0, 1.0, 0.0, 1.0, 0.0, 0.0, 1.0, 0.0, 0.0, 0.0, 0.0, 1.0, 0.0, 0.0, 1.0, 1.0, 0.0, 0.0, 0.0, 1.0, 0.0, 1.0, 0.0, 0.0, 0.0, 1.0, 0.0, 1.0, 0.0, 0.0, 0.0, 1.0, 0.0, 0.0, 1.0, 0.0, 1.0, 0.0, 0.0, 1.0, 0.0, 0.0, 0.0, 1.0, 0.0, 0.0, 1.0, 0.0, 0.0, 1.0, 0.0, 1.0, 0.0, 0.0, 0.0, 1.0, 0.0, 0.0, 1.0, 0.0, 0.0, 0.0, 1.0, 1.0, 0.0, 0.0, 0.0, 1.0, 0.0, 0.0, 0.0, 1.0, 1.0, 0.0, 0.0, 1.0, 0.0, 0.0, 0.0, 0.0, 1.0, 1.0, 0.0, 0.0, 1.0, 0.0, 0.0, 1.0, 0.0, 0.0, 0.0, 0.0, 1.0, 0.0, 1.0, 0.0, 1.0, 0.0, 0.0, 1.0, 0.0, 0.0, 0.0, 0.0, 1.0, 0.0, 1.0, 0.0, 0.0, 0.0, 1.0, 1.0, 0.0, 0.0, 0.0, 0.0, 1.0, 0.0, 0.0, 1.0, 1.0, 0.0, 0.0, 1.0, 0.0, 0.0, 0.0, 0.0, 1.0, 0.0, 0.0, 1.0, 0.0, 1.0, 0.0, 0.0, 1.0, 0.0, 1.0, 0.0, 0.0, 1.0, 0.0, 0.0, 1.0, 0.0, 0.0, 0.0, 1.0, 0.0, 1.0, 0.0, 0.0, 1.0, 0.0, 0.0, 0.0, 1.0, 0.0, 0.0, 1.0, 0.0, 1.0, 0.0, 0.0, 0.0, 1.0, 0.0, 1.0, 0.0, 0.0, 0.0, 1.0, 0.0, 1.0, 0.0, 0.0, 0.0, 1.0, 0.0, 0.0, 1.0, 0.0, 0.0, 1.0, 0.0, 1.0, 0.0, 0.0, 0.0, 0.0, 1.0, 1.0, 0.0, 0.0, 0.0, 1.0, 0.0, 1.0, 0.0, 0.0, 0.0, 0.0, 1.0, 0.0, 1.0, 0.0, 0.0, 1.0, 0.0, 1.0, 0.0, 0.0, 0.0, 0.0, 1.0, 0.0, 0.0, 1.0, 0.0, 1.0, 0.0, 0.0, 1.0, 0.0, 1.0, 0.0, 0.0, 0.0, 0.0, 1.0, 0.0, 1.0, 0.0, 0.0, 1.0, 0.0, 0.0, 1.0, 0.0, 1.0, 0.0, 0.0, 0.0, 1.0, 0.0, 0.0, 1.0, 0.0, 0.0, 1.0, 0.0, 0.0, 0.0, 1.0, 0.0, 1.0, 0.0, 0.0, 1.0, 0.0, 0.0, 0.0, 1.0, 0.0, 1.0, 0.0, 0.0, 1.0, 0.0, 0.0, 1.0, 0.0, 0.0, 0.0, 1.0, 0.0, 0.0, 1.0, 0.0, 1.0, 0.0, 0.0, 0.0, 1.0, 1.0, 0.0, 0.0, 0.0, 1.0, 0.0, 0.0, 1.0, 0.0, 0.0, 0.0, 1.0, 1.0, 0.0, 0.0, 0.0, 0.0, 1.0, 0.0, 1.0, 0.0, 0.0, 0.0, 1.0, 0.0, 1.0, 0.0, 0.0, 0.0, 1.0, 0.0, 1.0, 0.0, 0.0, 0.0, 1.0, 0.0, 0.0, 1.0, 0.0, 1.0, 0.0, 0.0, 1.0, 0.0, 0.0, 0.0, 1.0, 0.0, 0.0, 1.0, 0.0, 0.0, 1.0, 0.0, 0.0, 1.0, 1.0, 0.0, 0.0, 0.0, 1.0, 0.0, 1.0, 0.0, 0.0, 0.0, 0.0, 1.0, 1.0, 0.0, 0.0, 0.0, 1.0, 0.0, 0.0, 1.0, 0.0, 0.0, 0.0, 1.0, 1.0, 0.0, 0.0, 0.0, 1.0, 0.0, 0.0, 0.0, 1.0, 0.0, 0.0, 1.0, 1.0, 0.0, 0.0, 0.0, 0.0, 1.0, 1.0, 0.0, 0.0, 0.0, 0.0, 1.0, 1.0, 0.0, 0.0, 0.0, 0.0, 1.0, 0.0, 1.0, 0.0, 0.0, 0.0, 1.0, 1.0, 0.0, 0.0, 0.0, 0.0, 1.0, 0.0, 0.0, 1.0, 0.0, 0.0, 1.0, 0.0, 1.0, 0.0, 1.0, 0.0, 0.0, 0.0, 1.0, 0.0, 0.0, 0.0, 1.0, 0.0, 1.0, 0.0, 1.0, 0.0, 0.0, 0.0, 0.0, 1.0, 0.0, 0.0, 1.0, 0.0, 1.0, 0.0, 0.0, 1.0, 0.0, 0.0, 1.0, 0.0, 0.0, 0.0, 1.0, 0.0, 1.0, 0.0, 0.0, 0.0, 1.0, 1.0, 0.0, 0.0, 0.0, 0.0, 1.0, 0.0, 1.0, 0.0, 0.0, 0.0, 1.0, 0.0, 1.0, 0.0, 0.0, 0.0, 1.0, 0.0, 0.0, 1.0, 1.0, 0.0, 0.0, 0.0, 1.0, 0.0, 0.0, 0.0, 1.0, 0.0, 0.0, 1.0, 1.0, 0.0, 0.0, 0.0, 0.0, 1.0, 0.0, 0.0, 1.0, 0.0, 0.0, 1.0, 0.0, 1.0, 0.0, 1.0, 0.0, 0.0, 0.0, 0.0, 1.0, 0.0, 0.0, 1.0, 0.0, 1.0, 0.0, 0.0, 0.0, 1.0, 0.0, 0.0, 1.0, 0.0, 0.0, 1.0, 0.0, 0.0, 1.0, 0.0, 0.0, 1.0]]

[2024-10-14T11:15:15.513369][INFO][seed99] Sampled 1000 data instances
[2024-10-14T11:15:15.513925][INFO][seed99] Starting exact inference 
Error in variable: 3
[2024-10-14T11:15:17.213117][INFO][seed99] No feasible solution... resampling
[2024-10-14T11:15:17.457032][INFO][seed99] Sampled 1100 data instances
[2024-10-14T11:15:17.460030][INFO][seed99] Starting exact inference 
[2024-10-14T11:15:18.369550][INFO][seed99] PS(V1,V0) in [0.0, 1.0]
[2024-10-14T11:15:18.447951][INFO][seed99] PS(V2,V0) in [0.8901318901318902, 0.893893893893894]
[2024-10-14T11:15:18.479635][INFO][seed99] PN(V1,V0) in [0.0, 0.004208557400046762] 
[2024-10-14T11:15:18.521391][INFO][seed99] PN(V2,V0) in [0.41134537108606617, 0.4130838582143942] 
[2024-10-14T11:15:18.566147][INFO][seed99] Saved data to: /mnt/beegfs/rcabanas/dev/credici/papers/zeros/models/s3/simple_nparents2_nzr04_zdr05_ysize3_99.csv
[2024-10-14T11:15:18.608447][INFO][seed99] Saved model to: /mnt/beegfs/rcabanas/dev/credici/papers/zeros/models/s3/simple_nparents2_nzr04_zdr05_ysize3_99.uai
[2024-10-14T11:15:18.615126][INFO][seed99] Saved queries to: /mnt/beegfs/rcabanas/dev/credici/papers/zeros/models/s3/simple_nparents2_nzr04_zdr05_ysize3_99_query.csv
[2024-10-14T11:15:18.615600][INFO][seed99] Closing log file
[2024-10-14T11:15:18.615708][INFO][seed99] Closed log file
['genn.py', '2', '0.4', '0.5', '113', '3']
2 0.4 0.5 113
/mnt/beegfs/rcabanas/dev/credici/papers/zeros/code/GenerateNparents.java
[2024-10-14T11:15:22.630249][INFO][seed113] Set up logging
[2024-10-14T11:15:22.661306][INFO][seed113] args: -np;2;-nzr;0.4;-zdr;0.5;-o;/mnt/beegfs/rcabanas/dev/credici/papers/zeros/models/s3;-rw;-s;113;-ys;3
[2024-10-14T11:15:22.665242][INFO][seed113] Starting logger with seed 113
[2024-10-14T11:15:22.697027][INFO][seed113] simple_nparents2_nzr04_zdr05_ysize3_113
[2024-10-14T11:15:23.054482][INFO][seed113] U cardinality: 81
[2024-10-14T11:15:23.069238][INFO][seed113] !0 = [1, 2, 5, 6, 7, 14, 17, 21, 22, 23, 25, 26, 35, 36, 37, 40, 41, 44, 48, 50, 52, 53, 54, 55, 56, 59, 65, 67, 70, 73, 77, 78]
[2024-10-14T11:15:23.070752][INFO][seed113] 0 = [0, 3, 4, 8, 9, 10, 11, 12, 13, 15, 16, 18, 19, 20, 24, 27, 28, 29, 30, 31, 32, 33, 34, 38, 39, 42, 43, 45, 46, 47, 49, 51, 57, 58, 60, 61, 62, 63, 64, 66, 68, 69, 71, 72, 74, 75, 76, 79, 80]
[2024-10-14T11:15:23.080438][INFO][seed113] Dropping state 80
[2024-10-14T11:15:23.083215][INFO][seed113] Dropping state 79
[2024-10-14T11:15:23.085130][INFO][seed113] Dropping state 76
[2024-10-14T11:15:23.089052][INFO][seed113] Dropping state 74
[2024-10-14T11:15:23.095453][INFO][seed113] Dropping state 69
[2024-10-14T11:15:23.106799][INFO][seed113] Dropping state 68
[2024-10-14T11:15:23.111907][INFO][seed113] Dropping state 64
[2024-10-14T11:15:23.115011][INFO][seed113] Dropping state 62
[2024-10-14T11:15:23.117649][INFO][seed113] Dropping state 60
[2024-10-14T11:15:23.118964][INFO][seed113] Dropping state 57
[2024-10-14T11:15:23.119883][INFO][seed113] Dropping state 47
[2024-10-14T11:15:23.123717][INFO][seed113] Dropping state 46
[2024-10-14T11:15:23.125047][INFO][seed113] Dropping state 39
[2024-10-14T11:15:23.128181][INFO][seed113] Dropping state 38
[2024-10-14T11:15:23.130016][INFO][seed113] Dropping state 33
[2024-10-14T11:15:23.130675][INFO][seed113] Dropping state 30
[2024-10-14T11:15:23.133855][INFO][seed113] Dropping state 18
[2024-10-14T11:15:23.135242][INFO][seed113] Dropping state 16
[2024-10-14T11:15:23.141429][INFO][seed113] Dropping state 13
[2024-10-14T11:15:23.143399][INFO][seed113] Dropping state 12
[2024-10-14T11:15:23.145063][INFO][seed113] Dropping state 4
[2024-10-14T11:15:23.145990][INFO][seed113] Dropping state 0
[2024-10-14T11:15:23.151185][INFO][seed113] U cardinality: 59
[2024-10-14T11:15:23.176243][INFO][seed113] 
[P([5]) [0.25, 0.75], P([4]) [0.854, 0.146], P([3]) [0.001, 0.001, 0.0, 0.001, 0.248, 0.001, 0.0, 0.0, 0.0, 0.0, 0.019, 0.0, 0.001, 0.0, 0.0, 0.001, 0.001, 0.001, 0.0, 0.001, 0.001, 0.0, 0.0, 0.0, 0.0, 0.0, 0.0, 0.001, 0.001, 0.001, 0.047, 0.001, 0.0, 0.0, 0.001, 0.0, 0.001, 0.0, 0.001, 0.0, 0.001, 0.001, 0.001, 0.001, 0.001, 0.0, 0.001, 0.0, 0.0, 0.001, 0.0, 0.001, 0.001, 0.0, 0.0, 0.006, 0.0, 0.001, 0.653], P([2, 5]) [1.0, 0.0, 0.0, 1.0], P([1, 4]) [1.0, 0.0, 0.0, 1.0], P([0, 1, 2, 3]) [1.0, 0.0, 0.0, 1.0, 0.0, 0.0, 1.0, 0.0, 0.0, 0.0, 1.0, 0.0, 1.0, 0.0, 0.0, 1.0, 0.0, 0.0, 1.0, 0.0, 0.0, 0.0, 0.0, 1.0, 1.0, 0.0, 0.0, 1.0, 0.0, 0.0, 0.0, 1.0, 0.0, 1.0, 0.0, 0.0, 1.0, 0.0, 0.0, 1.0, 0.0, 0.0, 0.0, 1.0, 0.0, 0.0, 0.0, 1.0, 1.0, 0.0, 0.0, 1.0, 0.0, 0.0, 0.0, 0.0, 1.0, 1.0, 0.0, 0.0, 1.0, 0.0, 0.0, 1.0, 0.0, 0.0, 0.0, 0.0, 1.0, 0.0, 1.0, 0.0, 1.0, 0.0, 0.0, 1.0, 0.0, 0.0, 0.0, 0.0, 1.0, 0.0, 0.0, 1.0, 1.0, 0.0, 0.0, 0.0, 1.0, 0.0, 1.0, 0.0, 0.0, 1.0, 0.0, 0.0, 1.0, 0.0, 0.0, 0.0, 1.0, 0.0, 1.0, 0.0, 0.0, 0.0, 1.0, 0.0, 1.0, 0.0, 0.0, 0.0, 1.0, 0.0, 1.0, 0.0, 0.0, 0.0, 0.0, 1.0, 1.0, 0.0, 0.0, 0.0, 1.0, 0.0, 0.0, 1.0, 0.0, 0.0, 0.0, 1.0, 1.0, 0.0, 0.0, 0.0, 1.0, 0.0, 0.0, 0.0, 1.0, 1.0, 0.0, 0.0, 1.0, 0.0, 0.0, 0.0, 1.0, 0.0, 0.0, 0.0, 1.0, 0.0, 0.0, 1.0, 1.0, 0.0, 0.0, 0.0, 0.0, 1.0, 1.0, 0.0, 0.0, 0.0, 1.0, 0.0, 1.0, 0.0, 0.0, 0.0, 0.0, 1.0, 1.0, 0.0, 0.0, 0.0, 0.0, 1.0, 1.0, 0.0, 0.0, 0.0, 0.0, 1.0, 0.0, 1.0, 0.0, 1.0, 0.0, 0.0, 1.0, 0.0, 0.0, 0.0, 0.0, 1.0, 0.0, 1.0, 0.0, 0.0, 1.0, 0.0, 1.0, 0.0, 0.0, 0.0, 0.0, 1.0, 0.0, 1.0, 0.0, 0.0, 0.0, 1.0, 1.0, 0.0, 0.0, 0.0, 0.0, 1.0, 0.0, 0.0, 1.0, 1.0, 0.0, 0.0, 1.0, 0.0, 0.0, 0.0, 0.0, 1.0, 0.0, 0.0, 1.0, 0.0, 1.0, 0.0, 1.0, 0.0, 0.0, 0.0, 0.0, 1.0, 0.0, 0.0, 1.0, 0.0, 0.0, 1.0, 0.0, 1.0, 0.0, 1.0, 0.0, 0.0, 1.0, 0.0, 0.0, 1.0, 0.0, 0.0, 0.0, 1.0, 0.0, 1.0, 0.0, 0.0, 1.0, 0.0, 0.0, 0.0, 1.0, 0.0, 0.0, 1.0, 0.0, 1.0, 0.0, 0.0, 1.0, 0.0, 0.0, 0.0, 0.0, 1.0, 0.0, 1.0, 0.0, 1.0, 0.0, 0.0, 0.0, 1.0, 0.0, 0.0, 1.0, 0.0, 0.0, 1.0, 0.0, 1.0, 0.0, 0.0, 0.0, 1.0, 0.0, 0.0, 0.0, 1.0, 0.0, 1.0, 0.0, 1.0, 0.0, 0.0, 0.0, 0.0, 1.0, 0.0, 1.0, 0.0, 0.0, 1.0, 0.0, 1.0, 0.0, 0.0, 0.0, 0.0, 1.0, 0.0, 0.0, 1.0, 0.0, 1.0, 0.0, 0.0, 1.0, 0.0, 1.0, 0.0, 0.0, 1.0, 0.0, 0.0, 0.0, 1.0, 0.0, 0.0, 1.0, 0.0, 1.0, 0.0, 0.0, 0.0, 1.0, 0.0, 0.0, 1.0, 0.0, 0.0, 1.0, 0.0, 0.0, 1.0, 0.0, 0.0, 1.0, 0.0, 0.0, 1.0, 0.0, 0.0, 1.0, 0.0, 0.0, 1.0, 0.0, 0.0, 0.0, 1.0, 0.0, 1.0, 0.0, 0.0, 1.0, 0.0, 0.0, 0.0, 1.0, 1.0, 0.0, 0.0, 0.0, 1.0, 0.0, 0.0, 1.0, 0.0, 0.0, 0.0, 1.0, 0.0, 1.0, 0.0, 0.0, 1.0, 0.0, 0.0, 1.0, 0.0, 0.0, 0.0, 1.0, 0.0, 0.0, 1.0, 0.0, 1.0, 0.0, 0.0, 0.0, 1.0, 1.0, 0.0, 0.0, 1.0, 0.0, 0.0, 0.0, 1.0, 0.0, 0.0, 0.0, 1.0, 0.0, 1.0, 0.0, 1.0, 0.0, 0.0, 0.0, 1.0, 0.0, 0.0, 0.0, 1.0, 0.0, 1.0, 0.0, 0.0, 1.0, 0.0, 0.0, 1.0, 0.0, 0.0, 0.0, 1.0, 0.0, 1.0, 0.0, 0.0, 0.0, 1.0, 0.0, 1.0, 0.0, 0.0, 0.0, 1.0, 0.0, 0.0, 1.0, 1.0, 0.0, 0.0, 0.0, 1.0, 0.0, 0.0, 0.0, 1.0, 0.0, 0.0, 1.0, 0.0, 1.0, 0.0, 0.0, 1.0, 0.0, 0.0, 0.0, 1.0, 0.0, 0.0, 1.0, 0.0, 0.0, 1.0, 0.0, 0.0, 1.0, 1.0, 0.0, 0.0, 1.0, 0.0, 0.0, 1.0, 0.0, 0.0, 0.0, 0.0, 1.0, 1.0, 0.0, 0.0, 1.0, 0.0, 0.0, 0.0, 1.0, 0.0, 0.0, 0.0, 1.0, 1.0, 0.0, 0.0, 1.0, 0.0, 0.0, 0.0, 0.0, 1.0, 0.0, 0.0, 1.0, 1.0, 0.0, 0.0, 0.0, 1.0, 0.0, 0.0, 1.0, 0.0, 0.0, 0.0, 1.0, 1.0, 0.0, 0.0, 0.0, 1.0, 0.0, 0.0, 0.0, 1.0, 0.0, 0.0, 1.0, 1.0, 0.0, 0.0, 0.0, 0.0, 1.0, 0.0, 1.0, 0.0, 0.0, 0.0, 1.0, 0.0, 1.0, 0.0, 1.0, 0.0, 0.0, 1.0, 0.0, 0.0, 0.0, 0.0, 1.0, 0.0, 1.0, 0.0, 1.0, 0.0, 0.0, 0.0, 0.0, 1.0, 0.0, 0.0, 1.0, 0.0, 1.0, 0.0, 0.0, 1.0, 0.0, 1.0, 0.0, 0.0, 0.0, 0.0, 1.0, 0.0, 1.0, 0.0, 0.0, 1.0, 0.0, 0.0, 1.0, 0.0, 0.0, 0.0, 1.0, 0.0, 1.0, 0.0, 0.0, 0.0, 1.0, 0.0, 1.0, 0.0, 0.0, 0.0, 1.0, 0.0, 1.0, 0.0, 0.0, 0.0, 1.0, 0.0, 0.0, 1.0, 0.0, 0.0, 1.0, 0.0, 0.0, 1.0, 1.0, 0.0, 0.0, 1.0, 0.0, 0.0, 0.0, 0.0, 1.0, 0.0, 0.0, 1.0, 1.0, 0.0, 0.0, 0.0, 1.0, 0.0, 0.0, 0.0, 1.0, 0.0, 0.0, 1.0, 0.0, 1.0, 0.0, 1.0, 0.0, 0.0, 0.0, 0.0, 1.0, 0.0, 0.0, 1.0, 0.0, 1.0, 0.0, 0.0, 0.0, 1.0, 0.0, 0.0, 1.0, 0.0, 0.0, 1.0, 0.0, 0.0, 1.0, 1.0, 0.0, 0.0]]

[2024-10-14T11:15:23.604355][INFO][seed113] Sampled 1000 data instances
[2024-10-14T11:15:23.604870][INFO][seed113] Starting exact inference 
[2024-10-14T11:21:28.459056][INFO][seed170] PS(V2,V0) in [0.018508612718441217, 0.806161707428871]
[2024-10-14T11:25:35.209922][INFO][seed197] PS(V1,V0) in [0.0, 0.6453210701970532]
['genn.py', '2', '0.4', '0.5', '136', '3']
2 0.4 0.5 136
/mnt/beegfs/rcabanas/dev/credici/papers/zeros/code/GenerateNparents.java
[2024-10-14T11:27:56.604423][INFO][seed136] Set up logging
[2024-10-14T11:27:56.635419][INFO][seed136] args: -np;2;-nzr;0.4;-zdr;0.5;-o;/mnt/beegfs/rcabanas/dev/credici/papers/zeros/models/s3;-rw;-s;136;-ys;3
[2024-10-14T11:27:56.648085][INFO][seed136] Starting logger with seed 136
[2024-10-14T11:27:56.657744][INFO][seed136] simple_nparents2_nzr04_zdr05_ysize3_136
[2024-10-14T11:27:57.038041][INFO][seed136] U cardinality: 81
[2024-10-14T11:27:57.050403][INFO][seed136] !0 = [0, 2, 3, 5, 9, 10, 13, 14, 22, 24, 25, 27, 28, 31, 33, 36, 40, 41, 42, 43, 46, 49, 54, 57, 62, 64, 67, 71, 74, 76, 78, 79]
[2024-10-14T11:27:57.052470][INFO][seed136] 0 = [1, 4, 6, 7, 8, 11, 12, 15, 16, 17, 18, 19, 20, 21, 23, 26, 29, 30, 32, 34, 35, 37, 38, 39, 44, 45, 47, 48, 50, 51, 52, 53, 55, 56, 58, 59, 60, 61, 63, 65, 66, 68, 69, 70, 72, 73, 75, 77, 80]
[2024-10-14T11:27:57.068359][INFO][seed136] Dropping state 73
[2024-10-14T11:27:57.071436][INFO][seed136] Dropping state 69
[2024-10-14T11:27:57.075704][INFO][seed136] Dropping state 68
[2024-10-14T11:27:57.081441][INFO][seed136] Dropping state 66
[2024-10-14T11:27:57.094599][INFO][seed136] Dropping state 63
[2024-10-14T11:27:57.104686][INFO][seed136] Dropping state 61
[2024-10-14T11:27:57.110357][INFO][seed136] Dropping state 60
[2024-10-14T11:27:57.117890][INFO][seed136] Dropping state 58
[2024-10-14T11:27:57.120864][INFO][seed136] Dropping state 52
[2024-10-14T11:27:57.124096][INFO][seed136] Dropping state 51
[2024-10-14T11:27:57.127508][INFO][seed136] Dropping state 50
[2024-10-14T11:27:57.133238][INFO][seed136] Dropping state 44
[2024-10-14T11:27:57.135681][INFO][seed136] Dropping state 39
[2024-10-14T11:27:57.140965][INFO][seed136] Dropping state 37
[2024-10-14T11:27:57.144163][INFO][seed136] Dropping state 35
[2024-10-14T11:27:57.146410][INFO][seed136] Dropping state 34
[2024-10-14T11:27:57.150868][INFO][seed136] Dropping state 26
[2024-10-14T11:27:57.153066][INFO][seed136] Dropping state 23
[2024-10-14T11:27:57.157983][INFO][seed136] Dropping state 21
[2024-10-14T11:27:57.161205][INFO][seed136] Dropping state 18
[2024-10-14T11:27:57.162835][INFO][seed136] Dropping state 17
[2024-10-14T11:27:57.163781][INFO][seed136] Dropping state 16
[2024-10-14T11:27:57.166083][INFO][seed136] Dropping state 15
[2024-10-14T11:27:57.168156][INFO][seed136] Dropping state 12
[2024-10-14T11:27:57.169900][INFO][seed136] Dropping state 11
[2024-10-14T11:27:57.176654][INFO][seed136] Dropping state 7
[2024-10-14T11:27:57.180538][INFO][seed136] Dropping state 4
[2024-10-14T11:27:57.183327][INFO][seed136] Dropping state 1
[2024-10-14T11:27:57.189098][INFO][seed136] U cardinality: 53
[2024-10-14T11:27:57.209252][INFO][seed136] 
[P([5]) [0.597, 0.403], P([4]) [0.483, 0.517], P([3]) [0.001, 0.791, 0.001, 0.001, 0.0, 0.0, 0.001, 0.001, 0.001, 0.001, 0.0, 0.0, 0.001, 0.004, 0.001, 0.001, 0.001, 0.0, 0.0, 0.001, 0.0, 0.001, 0.001, 0.0, 0.001, 0.001, 0.001, 0.001, 0.0, 0.001, 0.0, 0.0, 0.001, 0.0, 0.001, 0.0, 0.0, 0.001, 0.0, 0.001, 0.001, 0.0, 0.002, 0.0, 0.001, 0.0, 0.001, 0.0, 0.005, 0.0, 0.001, 0.171, 0.0], P([2, 5]) [1.0, 0.0, 0.0, 1.0], P([1, 4]) [1.0, 0.0, 0.0, 1.0], P([0, 1, 2, 3]) [1.0, 0.0, 0.0, 1.0, 0.0, 0.0, 1.0, 0.0, 0.0, 1.0, 0.0, 0.0, 1.0, 0.0, 0.0, 1.0, 0.0, 0.0, 1.0, 0.0, 0.0, 0.0, 0.0, 1.0, 1.0, 0.0, 0.0, 1.0, 0.0, 0.0, 0.0, 1.0, 0.0, 1.0, 0.0, 0.0, 1.0, 0.0, 0.0, 1.0, 0.0, 0.0, 0.0, 1.0, 0.0, 0.0, 0.0, 1.0, 1.0, 0.0, 0.0, 1.0, 0.0, 0.0, 0.0, 0.0, 1.0, 1.0, 0.0, 0.0, 1.0, 0.0, 0.0, 1.0, 0.0, 0.0, 0.0, 0.0, 1.0, 0.0, 0.0, 1.0, 1.0, 0.0, 0.0, 0.0, 1.0, 0.0, 1.0, 0.0, 0.0, 1.0, 0.0, 0.0, 1.0, 0.0, 0.0, 0.0, 1.0, 0.0, 1.0, 0.0, 0.0, 0.0, 1.0, 0.0, 1.0, 0.0, 0.0, 0.0, 1.0, 0.0, 0.0, 1.0, 0.0, 0.0, 1.0, 0.0, 1.0, 0.0, 0.0, 0.0, 1.0, 0.0, 0.0, 1.0, 0.0, 0.0, 0.0, 1.0, 1.0, 0.0, 0.0, 0.0, 0.0, 1.0, 1.0, 0.0, 0.0, 0.0, 1.0, 0.0, 1.0, 0.0, 0.0, 0.0, 0.0, 1.0, 1.0, 0.0, 0.0, 0.0, 0.0, 1.0, 1.0, 0.0, 0.0, 0.0, 0.0, 1.0, 0.0, 1.0, 0.0, 0.0, 1.0, 0.0, 1.0, 0.0, 0.0, 0.0, 0.0, 1.0, 0.0, 0.0, 1.0, 1.0, 0.0, 0.0, 1.0, 0.0, 0.0, 0.0, 0.0, 1.0, 0.0, 0.0, 1.0, 0.0, 1.0, 0.0, 0.0, 1.0, 0.0, 1.0, 0.0, 0.0, 1.0, 0.0, 0.0, 1.0, 0.0, 0.0, 0.0, 1.0, 0.0, 1.0, 0.0, 0.0, 1.0, 0.0, 0.0, 0.0, 1.0, 0.0, 0.0, 1.0, 0.0, 1.0, 0.0, 0.0, 1.0, 0.0, 0.0, 0.0, 0.0, 1.0, 0.0, 1.0, 0.0, 1.0, 0.0, 0.0, 0.0, 1.0, 0.0, 1.0, 0.0, 0.0, 0.0, 1.0, 0.0, 1.0, 0.0, 0.0, 0.0, 1.0, 0.0, 0.0, 1.0, 0.0, 0.0, 1.0, 0.0, 1.0, 0.0, 0.0, 0.0, 1.0, 0.0, 0.0, 0.0, 1.0, 0.0, 1.0, 0.0, 1.0, 0.0, 0.0, 0.0, 0.0, 1.0, 1.0, 0.0, 0.0, 0.0, 1.0, 0.0, 0.0, 1.0, 0.0, 1.0, 0.0, 0.0, 1.0, 0.0, 0.0, 0.0, 1.0, 0.0, 0.0, 1.0, 0.0, 1.0, 0.0, 0.0, 0.0, 0.0, 1.0, 0.0, 1.0, 0.0, 0.0, 1.0, 0.0, 0.0, 1.0, 0.0, 0.0, 1.0, 0.0, 0.0, 1.0, 0.0, 0.0, 1.0, 0.0, 0.0, 1.0, 0.0, 0.0, 0.0, 1.0, 0.0, 1.0, 0.0, 0.0, 1.0, 0.0, 0.0, 0.0, 1.0, 1.0, 0.0, 0.0, 0.0, 1.0, 0.0, 0.0, 1.0, 0.0, 0.0, 0.0, 1.0, 0.0, 1.0, 0.0, 0.0, 1.0, 0.0, 0.0, 0.0, 1.0, 1.0, 0.0, 0.0, 1.0, 0.0, 0.0, 0.0, 1.0, 0.0, 0.0, 0.0, 1.0, 1.0, 0.0, 0.0, 0.0, 1.0, 0.0, 0.0, 1.0, 0.0, 0.0, 0.0, 1.0, 1.0, 0.0, 0.0, 0.0, 0.0, 1.0, 0.0, 1.0, 0.0, 0.0, 0.0, 1.0, 0.0, 1.0, 0.0, 1.0, 0.0, 0.0, 0.0, 1.0, 0.0, 0.0, 0.0, 1.0, 0.0, 1.0, 0.0, 0.0, 1.0, 0.0, 0.0, 1.0, 0.0, 0.0, 0.0, 1.0, 0.0, 0.0, 1.0, 0.0, 0.0, 1.0, 0.0, 0.0, 1.0, 1.0, 0.0, 0.0, 1.0, 0.0, 0.0, 1.0, 0.0, 0.0, 0.0, 0.0, 1.0, 1.0, 0.0, 0.0, 1.0, 0.0, 0.0, 0.0, 1.0, 0.0, 0.0, 0.0, 1.0, 1.0, 0.0, 0.0, 1.0, 0.0, 0.0, 0.0, 0.0, 1.0, 0.0, 0.0, 1.0, 1.0, 0.0, 0.0, 0.0, 1.0, 0.0, 1.0, 0.0, 0.0, 0.0, 0.0, 1.0, 1.0, 0.0, 0.0, 0.0, 1.0, 0.0, 0.0, 0.0, 1.0, 0.0, 0.0, 1.0, 1.0, 0.0, 0.0, 0.0, 0.0, 1.0, 0.0, 0.0, 1.0, 0.0, 0.0, 1.0, 0.0, 1.0, 0.0, 1.0, 0.0, 0.0, 0.0, 1.0, 0.0, 0.0, 0.0, 1.0, 0.0, 1.0, 0.0, 1.0, 0.0, 0.0, 0.0, 0.0, 1.0, 0.0, 0.0, 1.0, 0.0, 1.0, 0.0, 0.0, 1.0, 0.0, 0.0, 1.0, 0.0, 0.0, 0.0, 1.0, 0.0, 1.0, 0.0, 0.0, 0.0, 1.0, 0.0, 1.0, 0.0, 0.0, 0.0, 1.0, 0.0, 1.0, 0.0, 0.0, 0.0, 1.0, 0.0, 0.0, 1.0, 0.0, 0.0, 1.0, 0.0, 0.0, 1.0, 1.0, 0.0, 0.0, 1.0, 0.0, 0.0, 0.0, 0.0, 1.0, 0.0, 0.0, 1.0, 1.0, 0.0, 0.0, 0.0, 0.0, 1.0, 0.0, 0.0, 1.0, 0.0, 0.0, 1.0, 0.0, 1.0, 0.0, 1.0, 0.0, 0.0, 0.0, 0.0, 1.0, 0.0, 0.0, 1.0, 0.0, 1.0, 0.0, 0.0, 1.0, 0.0, 0.0, 0.0, 1.0, 0.0, 0.0, 1.0, 0.0, 1.0, 0.0, 0.0, 0.0, 1.0, 0.0, 0.0, 1.0, 0.0, 0.0, 1.0, 0.0, 0.0, 1.0, 1.0, 0.0, 0.0, 0.0, 0.0, 1.0, 0.0, 0.0, 1.0, 0.0, 0.0, 1.0, 0.0, 1.0, 0.0, 0.0, 0.0, 1.0, 0.0, 0.0, 1.0, 0.0, 0.0, 1.0, 0.0, 0.0, 1.0]]

[2024-10-14T11:27:57.624862][INFO][seed136] Sampled 1000 data instances
[2024-10-14T11:27:57.625064][INFO][seed136] Starting exact inference 
['genn.py', '2', '0.4', '0.5', '145', '3']
2 0.4 0.5 145
/mnt/beegfs/rcabanas/dev/credici/papers/zeros/code/GenerateNparents.java
[2024-10-14T11:29:08.319814][INFO][seed145] Set up logging
[2024-10-14T11:29:08.345879][INFO][seed145] args: -np;2;-nzr;0.4;-zdr;0.5;-o;/mnt/beegfs/rcabanas/dev/credici/papers/zeros/models/s3;-rw;-s;145;-ys;3
[2024-10-14T11:29:08.414038][INFO][seed145] Starting logger with seed 145
[2024-10-14T11:29:08.427228][INFO][seed145] simple_nparents2_nzr04_zdr05_ysize3_145
[2024-10-14T11:29:08.598609][INFO][seed145] U cardinality: 81
[2024-10-14T11:29:08.605995][INFO][seed145] !0 = [2, 5, 7, 12, 13, 15, 18, 21, 24, 26, 27, 28, 30, 32, 33, 35, 36, 37, 39, 41, 42, 43, 45, 50, 56, 59, 60, 62, 67, 68, 69, 76]
[2024-10-14T11:29:08.606748][INFO][seed145] 0 = [0, 1, 3, 4, 6, 8, 9, 10, 11, 14, 16, 17, 19, 20, 22, 23, 25, 29, 31, 34, 38, 40, 44, 46, 47, 48, 49, 51, 52, 53, 54, 55, 57, 58, 61, 63, 64, 65, 66, 70, 71, 72, 73, 74, 75, 77, 78, 79, 80]
[2024-10-14T11:29:08.613751][INFO][seed145] Dropping state 77
[2024-10-14T11:29:08.614903][INFO][seed145] Dropping state 75
[2024-10-14T11:29:08.616522][INFO][seed145] Dropping state 74
[2024-10-14T11:29:08.619626][INFO][seed145] Dropping state 73
[2024-10-14T11:29:08.624755][INFO][seed145] Dropping state 72
[2024-10-14T11:29:08.633717][INFO][seed145] Dropping state 71
[2024-10-14T11:29:08.637689][INFO][seed145] Dropping state 65
[2024-10-14T11:29:08.640161][INFO][seed145] Dropping state 63
[2024-10-14T11:29:08.643370][INFO][seed145] Dropping state 58
[2024-10-14T11:29:08.644769][INFO][seed145] Dropping state 55
[2024-10-14T11:29:08.647066][INFO][seed145] Dropping state 53
[2024-10-14T11:29:08.649996][INFO][seed145] Dropping state 49
[2024-10-14T11:29:08.652034][INFO][seed145] Dropping state 47
[2024-10-14T11:29:08.654082][INFO][seed145] Dropping state 40
[2024-10-14T11:29:08.656982][INFO][seed145] Dropping state 31
[2024-10-14T11:29:08.658641][INFO][seed145] Dropping state 29
[2024-10-14T11:29:08.661698][INFO][seed145] Dropping state 22
[2024-10-14T11:29:08.663653][INFO][seed145] Dropping state 20
[2024-10-14T11:29:08.667069][INFO][seed145] Dropping state 19
[2024-10-14T11:29:08.669666][INFO][seed145] Dropping state 14
[2024-10-14T11:29:08.670937][INFO][seed145] Dropping state 10
[2024-10-14T11:29:08.672744][INFO][seed145] Dropping state 8
[2024-10-14T11:29:08.675119][INFO][seed145] Dropping state 1
[2024-10-14T11:29:08.678813][INFO][seed145] U cardinality: 58
[2024-10-14T11:29:08.692885][INFO][seed145] 
[P([5]) [0.917, 0.083], P([4]) [0.953, 0.047], P([3]) [0.0, 0.001, 0.0, 0.0, 0.001, 0.0, 0.001, 0.0, 0.0, 0.001, 0.001, 0.123, 0.0, 0.0, 0.001, 0.001, 0.0, 0.001, 0.0, 0.001, 0.001, 0.001, 0.001, 0.016, 0.001, 0.0, 0.001, 0.001, 0.001, 0.0, 0.001, 0.001, 0.001, 0.001, 0.0, 0.001, 0.0, 0.0, 0.001, 0.0, 0.0, 0.0, 0.001, 0.0, 0.001, 0.001, 0.0, 0.001, 0.0, 0.0, 0.001, 0.001, 0.001, 0.0, 0.832, 0.0, 0.0, 0.0], P([2, 5]) [1.0, 0.0, 0.0, 1.0], P([1, 4]) [1.0, 0.0, 0.0, 1.0], P([0, 1, 2, 3]) [1.0, 0.0, 0.0, 1.0, 0.0, 0.0, 1.0, 0.0, 0.0, 1.0, 0.0, 0.0, 1.0, 0.0, 0.0, 1.0, 0.0, 0.0, 1.0, 0.0, 0.0, 0.0, 0.0, 1.0, 1.0, 0.0, 0.0, 1.0, 0.0, 0.0, 0.0, 1.0, 0.0, 1.0, 0.0, 0.0, 1.0, 0.0, 0.0, 1.0, 0.0, 0.0, 0.0, 1.0, 0.0, 0.0, 1.0, 0.0, 1.0, 0.0, 0.0, 1.0, 0.0, 0.0, 0.0, 1.0, 0.0, 0.0, 0.0, 1.0, 1.0, 0.0, 0.0, 1.0, 0.0, 0.0, 0.0, 0.0, 1.0, 1.0, 0.0, 0.0, 1.0, 0.0, 0.0, 1.0, 0.0, 0.0, 0.0, 0.0, 1.0, 0.0, 1.0, 0.0, 1.0, 0.0, 0.0, 0.0, 1.0, 0.0, 1.0, 0.0, 0.0, 1.0, 0.0, 0.0, 1.0, 0.0, 0.0, 0.0, 1.0, 0.0, 1.0, 0.0, 0.0, 0.0, 0.0, 1.0, 1.0, 0.0, 0.0, 0.0, 1.0, 0.0, 0.0, 1.0, 0.0, 1.0, 0.0, 0.0, 1.0, 0.0, 0.0, 0.0, 1.0, 0.0, 0.0, 1.0, 0.0, 0.0, 1.0, 0.0, 1.0, 0.0, 0.0, 0.0, 1.0, 0.0, 0.0, 0.0, 1.0, 1.0, 0.0, 0.0, 1.0, 0.0, 0.0, 0.0, 1.0, 0.0, 0.0, 0.0, 1.0, 0.0, 1.0, 0.0, 1.0, 0.0, 0.0, 0.0, 1.0, 0.0, 0.0, 0.0, 1.0, 0.0, 0.0, 1.0, 1.0, 0.0, 0.0, 0.0, 0.0, 1.0, 1.0, 0.0, 0.0, 1.0, 0.0, 0.0, 1.0, 0.0, 0.0, 0.0, 0.0, 1.0, 0.0, 1.0, 0.0, 1.0, 0.0, 0.0, 1.0, 0.0, 0.0, 0.0, 0.0, 1.0, 0.0, 1.0, 0.0, 0.0, 0.0, 1.0, 1.0, 0.0, 0.0, 0.0, 0.0, 1.0, 0.0, 0.0, 1.0, 1.0, 0.0, 0.0, 1.0, 0.0, 0.0, 0.0, 0.0, 1.0, 0.0, 0.0, 1.0, 0.0, 1.0, 0.0, 1.0, 0.0, 0.0, 0.0, 0.0, 1.0, 0.0, 0.0, 1.0, 0.0, 0.0, 1.0, 0.0, 1.0, 0.0, 1.0, 0.0, 0.0, 1.0, 0.0, 0.0, 1.0, 0.0, 0.0, 0.0, 1.0, 0.0, 1.0, 0.0, 0.0, 1.0, 0.0, 0.0, 0.0, 1.0, 0.0, 0.0, 1.0, 0.0, 1.0, 0.0, 0.0, 0.0, 1.0, 0.0, 1.0, 0.0, 0.0, 0.0, 1.0, 0.0, 1.0, 0.0, 0.0, 0.0, 1.0, 0.0, 0.0, 0.0, 1.0, 0.0, 1.0, 0.0, 1.0, 0.0, 0.0, 0.0, 0.0, 1.0, 1.0, 0.0, 0.0, 0.0, 1.0, 0.0, 1.0, 0.0, 0.0, 0.0, 0.0, 1.0, 0.0, 1.0, 0.0, 0.0, 1.0, 0.0, 1.0, 0.0, 0.0, 0.0, 0.0, 1.0, 0.0, 0.0, 1.0, 0.0, 1.0, 0.0, 0.0, 1.0, 0.0, 1.0, 0.0, 0.0, 1.0, 0.0, 0.0, 0.0, 1.0, 0.0, 0.0, 1.0, 0.0, 1.0, 0.0, 0.0, 0.0, 1.0, 0.0, 0.0, 1.0, 0.0, 0.0, 1.0, 0.0, 1.0, 0.0, 0.0, 0.0, 0.0, 1.0, 0.0, 1.0, 0.0, 0.0, 1.0, 0.0, 0.0, 1.0, 0.0, 1.0, 0.0, 0.0, 0.0, 1.0, 0.0, 0.0, 1.0, 0.0, 0.0, 1.0, 0.0, 0.0, 0.0, 1.0, 0.0, 1.0, 0.0, 0.0, 1.0, 0.0, 0.0, 0.0, 1.0, 1.0, 0.0, 0.0, 0.0, 1.0, 0.0, 0.0, 1.0, 0.0, 0.0, 0.0, 1.0, 0.0, 1.0, 0.0, 0.0, 1.0, 0.0, 0.0, 1.0, 0.0, 0.0, 0.0, 1.0, 0.0, 0.0, 1.0, 0.0, 1.0, 0.0, 0.0, 0.0, 1.0, 1.0, 0.0, 0.0, 1.0, 0.0, 0.0, 0.0, 1.0, 0.0, 0.0, 0.0, 1.0, 1.0, 0.0, 0.0, 0.0, 1.0, 0.0, 0.0, 1.0, 0.0, 0.0, 0.0, 1.0, 0.0, 1.0, 0.0, 1.0, 0.0, 0.0, 0.0, 1.0, 0.0, 0.0, 0.0, 1.0, 0.0, 1.0, 0.0, 0.0, 0.0, 1.0, 0.0, 1.0, 0.0, 0.0, 0.0, 1.0, 0.0, 0.0, 1.0, 1.0, 0.0, 0.0, 0.0, 1.0, 0.0, 0.0, 0.0, 1.0, 0.0, 0.0, 1.0, 0.0, 1.0, 0.0, 0.0, 0.0, 1.0, 1.0, 0.0, 0.0, 1.0, 0.0, 0.0, 1.0, 0.0, 0.0, 0.0, 0.0, 1.0, 1.0, 0.0, 0.0, 1.0, 0.0, 0.0, 0.0, 0.0, 1.0, 0.0, 0.0, 1.0, 1.0, 0.0, 0.0, 0.0, 1.0, 0.0, 1.0, 0.0, 0.0, 0.0, 0.0, 1.0, 1.0, 0.0, 0.0, 0.0, 1.0, 0.0, 0.0, 0.0, 1.0, 0.0, 0.0, 1.0, 1.0, 0.0, 0.0, 0.0, 0.0, 1.0, 1.0, 0.0, 0.0, 0.0, 0.0, 1.0, 1.0, 0.0, 0.0, 0.0, 0.0, 1.0, 0.0, 1.0, 0.0, 0.0, 0.0, 1.0, 1.0, 0.0, 0.0, 0.0, 0.0, 1.0, 0.0, 0.0, 1.0, 0.0, 0.0, 1.0, 0.0, 1.0, 0.0, 1.0, 0.0, 0.0, 0.0, 1.0, 0.0, 0.0, 0.0, 1.0, 0.0, 1.0, 0.0, 0.0, 1.0, 0.0, 1.0, 0.0, 0.0, 0.0, 0.0, 1.0, 0.0, 1.0, 0.0, 0.0, 1.0, 0.0, 0.0, 1.0, 0.0, 0.0, 0.0, 1.0, 0.0, 1.0, 0.0, 0.0, 1.0, 0.0, 0.0, 0.0, 1.0, 0.0, 0.0, 1.0, 0.0, 1.0, 0.0, 0.0, 0.0, 1.0, 1.0, 0.0, 0.0, 0.0, 0.0, 1.0, 0.0, 1.0, 0.0, 0.0, 0.0, 1.0, 0.0, 1.0, 0.0, 0.0, 0.0, 1.0, 0.0, 0.0, 1.0, 0.0, 1.0, 0.0, 0.0, 1.0, 0.0, 0.0, 0.0, 1.0, 0.0, 0.0, 1.0, 0.0, 0.0, 1.0, 1.0, 0.0, 0.0, 0.0, 0.0, 1.0, 0.0, 0.0, 1.0, 0.0, 0.0, 1.0, 0.0, 1.0, 0.0, 0.0, 0.0, 1.0, 0.0, 0.0, 1.0, 0.0, 0.0, 1.0, 0.0, 0.0, 1.0]]

[2024-10-14T11:29:09.003626][INFO][seed145] Sampled 1000 data instances
[2024-10-14T11:29:09.004138][INFO][seed145] Starting exact inference 
[2024-10-14T11:39:19.400306][INFO][seed92] PS(V2,V0) in [0.0, 0.023250000000000003]
['genn.py', '2', '0.4', '0.5', '167', '3']
2 0.4 0.5 167
/mnt/beegfs/rcabanas/dev/credici/papers/zeros/code/GenerateNparents.java
[2024-10-14T11:41:52.658128][INFO][seed167] Set up logging
[2024-10-14T11:41:52.709990][INFO][seed167] args: -np;2;-nzr;0.4;-zdr;0.5;-o;/mnt/beegfs/rcabanas/dev/credici/papers/zeros/models/s3;-rw;-s;167;-ys;3
[2024-10-14T11:41:52.723251][INFO][seed167] Starting logger with seed 167
[2024-10-14T11:41:52.736399][INFO][seed167] simple_nparents2_nzr04_zdr05_ysize3_167
[2024-10-14T11:41:53.134864][INFO][seed167] U cardinality: 81
[2024-10-14T11:41:53.147008][INFO][seed167] !0 = [1, 5, 7, 10, 11, 13, 15, 17, 18, 26, 27, 30, 31, 34, 36, 38, 39, 41, 42, 43, 54, 63, 64, 65, 67, 69, 70, 73, 74, 76, 78, 80]
[2024-10-14T11:41:53.149051][INFO][seed167] 0 = [0, 2, 3, 4, 6, 8, 9, 12, 14, 16, 19, 20, 21, 22, 23, 24, 25, 28, 29, 32, 33, 35, 37, 40, 44, 45, 46, 47, 48, 49, 50, 51, 52, 53, 55, 56, 57, 58, 59, 60, 61, 62, 66, 68, 71, 72, 75, 77, 79]
[2024-10-14T11:41:53.163395][INFO][seed167] Dropping state 79
[2024-10-14T11:41:53.165276][INFO][seed167] Dropping state 77
[2024-10-14T11:41:53.168822][INFO][seed167] Dropping state 71
[2024-10-14T11:41:53.174104][INFO][seed167] Dropping state 68
[2024-10-14T11:41:53.186224][INFO][seed167] Dropping state 62
[2024-10-14T11:41:53.196076][INFO][seed167] Dropping state 61
[2024-10-14T11:41:53.200703][INFO][seed167] Dropping state 56
[2024-10-14T11:41:53.206108][INFO][seed167] Dropping state 53
[2024-10-14T11:41:53.211049][INFO][seed167] Dropping state 52
[2024-10-14T11:41:53.216380][INFO][seed167] Dropping state 51
[2024-10-14T11:41:53.220268][INFO][seed167] Dropping state 49
[2024-10-14T11:41:53.226218][INFO][seed167] Dropping state 47
[2024-10-14T11:41:53.228980][INFO][seed167] Dropping state 46
[2024-10-14T11:41:53.232408][INFO][seed167] Dropping state 44
[2024-10-14T11:41:53.235889][INFO][seed167] Dropping state 40
[2024-10-14T11:41:53.237296][INFO][seed167] Dropping state 37
[2024-10-14T11:41:53.242414][INFO][seed167] Dropping state 33
[2024-10-14T11:41:53.245068][INFO][seed167] Dropping state 29
[2024-10-14T11:41:53.249973][INFO][seed167] Dropping state 12
[2024-10-14T11:41:53.253212][INFO][seed167] Dropping state 6
[2024-10-14T11:41:53.255957][INFO][seed167] Dropping state 3
[2024-10-14T11:41:53.257091][INFO][seed167] Dropping state 2
[2024-10-14T11:41:53.260627][INFO][seed167] Dropping state 0
[2024-10-14T11:41:53.270213][INFO][seed167] U cardinality: 58
[2024-10-14T11:41:53.289816][INFO][seed167] 
[P([5]) [0.456, 0.544], P([4]) [0.847, 0.153], P([3]) [0.001, 0.0, 0.001, 0.007, 0.0, 0.0, 0.001, 0.001, 0.001, 0.0, 0.011, 0.0, 0.001, 0.001, 0.0, 0.0, 0.0, 0.0, 0.0, 0.0, 0.0, 0.001, 0.001, 0.0, 0.001, 0.001, 0.0, 0.001, 0.0, 0.001, 0.001, 0.001, 0.001, 0.001, 0.001, 0.0, 0.0, 0.0, 0.001, 0.0, 0.0, 0.0, 0.0, 0.0, 0.001, 0.015, 0.001, 0.0, 0.002, 0.001, 0.001, 0.0, 0.001, 0.001, 0.0, 0.001, 0.001, 0.938], P([2, 5]) [1.0, 0.0, 0.0, 1.0], P([1, 4]) [1.0, 0.0, 0.0, 1.0], P([0, 1, 2, 3]) [1.0, 0.0, 0.0, 1.0, 0.0, 0.0, 1.0, 0.0, 0.0, 0.0, 1.0, 0.0, 1.0, 0.0, 0.0, 1.0, 0.0, 0.0, 0.0, 1.0, 0.0, 0.0, 1.0, 0.0, 1.0, 0.0, 0.0, 1.0, 0.0, 0.0, 0.0, 1.0, 0.0, 0.0, 0.0, 1.0, 1.0, 0.0, 0.0, 1.0, 0.0, 0.0, 0.0, 0.0, 1.0, 0.0, 1.0, 0.0, 1.0, 0.0, 0.0, 1.0, 0.0, 0.0, 0.0, 0.0, 1.0, 0.0, 0.0, 1.0, 1.0, 0.0, 0.0, 0.0, 1.0, 0.0, 1.0, 0.0, 0.0, 1.0, 0.0, 0.0, 1.0, 0.0, 0.0, 0.0, 1.0, 0.0, 1.0, 0.0, 0.0, 0.0, 1.0, 0.0, 1.0, 0.0, 0.0, 0.0, 1.0, 0.0, 1.0, 0.0, 0.0, 0.0, 0.0, 1.0, 1.0, 0.0, 0.0, 0.0, 1.0, 0.0, 0.0, 1.0, 0.0, 0.0, 1.0, 0.0, 1.0, 0.0, 0.0, 0.0, 1.0, 0.0, 0.0, 1.0, 0.0, 0.0, 0.0, 1.0, 1.0, 0.0, 0.0, 0.0, 1.0, 0.0, 0.0, 0.0, 1.0, 1.0, 0.0, 0.0, 1.0, 0.0, 0.0, 0.0, 1.0, 0.0, 0.0, 0.0, 1.0, 0.0, 1.0, 0.0, 1.0, 0.0, 0.0, 0.0, 1.0, 0.0, 0.0, 0.0, 1.0, 0.0, 0.0, 1.0, 1.0, 0.0, 0.0, 0.0, 0.0, 1.0, 1.0, 0.0, 0.0, 1.0, 0.0, 0.0, 1.0, 0.0, 0.0, 0.0, 0.0, 1.0, 1.0, 0.0, 0.0, 0.0, 1.0, 0.0, 1.0, 0.0, 0.0, 0.0, 0.0, 1.0, 1.0, 0.0, 0.0, 0.0, 0.0, 1.0, 1.0, 0.0, 0.0, 0.0, 0.0, 1.0, 0.0, 1.0, 0.0, 1.0, 0.0, 0.0, 1.0, 0.0, 0.0, 0.0, 0.0, 1.0, 0.0, 1.0, 0.0, 0.0, 1.0, 0.0, 1.0, 0.0, 0.0, 0.0, 0.0, 1.0, 0.0, 1.0, 0.0, 0.0, 0.0, 1.0, 1.0, 0.0, 0.0, 0.0, 0.0, 1.0, 0.0, 0.0, 1.0, 1.0, 0.0, 0.0, 1.0, 0.0, 0.0, 0.0, 0.0, 1.0, 0.0, 0.0, 1.0, 0.0, 1.0, 0.0, 1.0, 0.0, 0.0, 0.0, 0.0, 1.0, 0.0, 0.0, 1.0, 0.0, 0.0, 1.0, 0.0, 1.0, 0.0, 1.0, 0.0, 0.0, 1.0, 0.0, 0.0, 1.0, 0.0, 0.0, 0.0, 1.0, 0.0, 1.0, 0.0, 0.0, 1.0, 0.0, 0.0, 0.0, 1.0, 0.0, 0.0, 1.0, 0.0, 1.0, 0.0, 0.0, 0.0, 1.0, 0.0, 1.0, 0.0, 0.0, 0.0, 1.0, 0.0, 1.0, 0.0, 0.0, 0.0, 1.0, 0.0, 0.0, 1.0, 0.0, 0.0, 1.0, 0.0, 1.0, 0.0, 0.0, 0.0, 1.0, 0.0, 0.0, 0.0, 1.0, 0.0, 1.0, 0.0, 1.0, 0.0, 0.0, 0.0, 0.0, 1.0, 0.0, 1.0, 0.0, 0.0, 1.0, 0.0, 1.0, 0.0, 0.0, 0.0, 0.0, 1.0, 0.0, 0.0, 1.0, 0.0, 1.0, 0.0, 0.0, 1.0, 0.0, 1.0, 0.0, 0.0, 1.0, 0.0, 0.0, 0.0, 1.0, 0.0, 0.0, 1.0, 0.0, 1.0, 0.0, 0.0, 0.0, 0.0, 1.0, 0.0, 1.0, 0.0, 0.0, 1.0, 0.0, 0.0, 1.0, 0.0, 1.0, 0.0, 0.0, 0.0, 1.0, 0.0, 0.0, 1.0, 0.0, 0.0, 1.0, 0.0, 0.0, 0.0, 1.0, 0.0, 1.0, 0.0, 0.0, 1.0, 0.0, 0.0, 0.0, 1.0, 1.0, 0.0, 0.0, 0.0, 1.0, 0.0, 0.0, 1.0, 0.0, 0.0, 0.0, 1.0, 0.0, 1.0, 0.0, 0.0, 1.0, 0.0, 0.0, 0.0, 1.0, 1.0, 0.0, 0.0, 1.0, 0.0, 0.0, 0.0, 1.0, 0.0, 0.0, 0.0, 1.0, 0.0, 1.0, 0.0, 1.0, 0.0, 0.0, 0.0, 1.0, 0.0, 0.0, 0.0, 1.0, 0.0, 1.0, 0.0, 0.0, 0.0, 1.0, 0.0, 0.0, 1.0, 1.0, 0.0, 0.0, 1.0, 0.0, 0.0, 1.0, 0.0, 0.0, 0.0, 0.0, 1.0, 1.0, 0.0, 0.0, 1.0, 0.0, 0.0, 0.0, 1.0, 0.0, 0.0, 0.0, 1.0, 1.0, 0.0, 0.0, 0.0, 1.0, 0.0, 1.0, 0.0, 0.0, 0.0, 0.0, 1.0, 1.0, 0.0, 0.0, 0.0, 1.0, 0.0, 0.0, 1.0, 0.0, 0.0, 0.0, 1.0, 1.0, 0.0, 0.0, 0.0, 1.0, 0.0, 0.0, 0.0, 1.0, 0.0, 0.0, 1.0, 1.0, 0.0, 0.0, 0.0, 0.0, 1.0, 1.0, 0.0, 0.0, 0.0, 0.0, 1.0, 0.0, 1.0, 0.0, 1.0, 0.0, 0.0, 1.0, 0.0, 0.0, 0.0, 0.0, 1.0, 0.0, 1.0, 0.0, 1.0, 0.0, 0.0, 0.0, 1.0, 0.0, 0.0, 0.0, 1.0, 0.0, 1.0, 0.0, 1.0, 0.0, 0.0, 0.0, 0.0, 1.0, 0.0, 0.0, 1.0, 0.0, 1.0, 0.0, 0.0, 1.0, 0.0, 1.0, 0.0, 0.0, 0.0, 0.0, 1.0, 0.0, 1.0, 0.0, 0.0, 1.0, 0.0, 0.0, 1.0, 0.0, 0.0, 0.0, 1.0, 0.0, 1.0, 0.0, 0.0, 0.0, 1.0, 1.0, 0.0, 0.0, 0.0, 0.0, 1.0, 0.0, 1.0, 0.0, 0.0, 0.0, 1.0, 0.0, 1.0, 0.0, 0.0, 0.0, 1.0, 0.0, 0.0, 1.0, 1.0, 0.0, 0.0, 1.0, 0.0, 0.0, 0.0, 0.0, 1.0, 0.0, 0.0, 1.0, 1.0, 0.0, 0.0, 0.0, 1.0, 0.0, 0.0, 0.0, 1.0, 0.0, 0.0, 1.0, 1.0, 0.0, 0.0, 0.0, 0.0, 1.0, 0.0, 0.0, 1.0, 0.0, 0.0, 1.0, 0.0, 1.0, 0.0, 1.0, 0.0, 0.0, 0.0, 0.0, 1.0, 0.0, 0.0, 1.0, 0.0, 1.0, 0.0, 0.0, 1.0, 0.0, 0.0, 0.0, 1.0, 0.0, 0.0, 1.0, 0.0, 0.0, 1.0, 1.0, 0.0, 0.0, 0.0, 0.0, 1.0, 0.0, 0.0, 1.0, 0.0, 0.0, 1.0, 0.0, 0.0, 1.0]]

[2024-10-14T11:41:53.742118][INFO][seed167] Sampled 1000 data instances
[2024-10-14T11:41:53.742716][INFO][seed167] Starting exact inference 
[2024-10-14T11:43:10.122612][INFO][seed145] PS(V1,V0) in [0.0, 0.6131658347169832]
[2024-10-14T11:44:06.668641][INFO][seed170] PN(V1,V0) in [0.0, 0.006562731082080355] 
