0
['genn.py', '1', '0.8', '0.5', '12', '3']
['genn.py', '1', '0.8', '0.5', '8', '3']
['genn.py', '1', '0.8', '0.5', '9', '3']
['genn.py', '1', '0.8', '0.5', '4', '3']
['genn.py', '1', '0.8', '0.5', '3', '3']
1 0.8 0.5 12
['genn.py', '1', '0.8', '0.5', '2', '3']
1 0.8 0.5 8
/mnt/beegfs/rcabanas/dev/credici/papers/zeros/code/GenerateNparents.java
1 0.8 0.5 9
1 0.8 0.5 3
1 0.8 0.5 4
/mnt/beegfs/rcabanas/dev/credici/papers/zeros/code/GenerateNparents.java
/mnt/beegfs/rcabanas/dev/credici/papers/zeros/code/GenerateNparents.java
/mnt/beegfs/rcabanas/dev/credici/papers/zeros/code/GenerateNparents.java
/mnt/beegfs/rcabanas/dev/credici/papers/zeros/code/GenerateNparents.java
1 0.8 0.5 2
/mnt/beegfs/rcabanas/dev/credici/papers/zeros/code/GenerateNparents.java
['genn.py', '1', '0.8', '0.5', '49', '3']
['genn.py', '1', '0.8', '0.5', '13', '3']
['genn.py', '1', '0.8', '0.5', '46', '3']
['genn.py', '1', '0.8', '0.5', '14', '3']
['genn.py', '1', '0.8', '0.5', '70', '3']
['genn.py', '1', '0.8', '0.5', '10', '3']
['genn.py', '1', '0.8', '0.5', '28', '3']
['genn.py', '1', '0.8', '0.5', '11', '3']
['genn.py', '1', '0.8', '0.5', '6', '3']
['genn.py', '1', '0.8', '0.5', '1', '3']
['genn.py', '1', '0.8', '0.5', '5', '3']
['genn.py', '1', '0.8', '0.5', '0', '3']
1 0.8 0.5 0
['genn.py', '1', '0.8', '0.5', '17', '3']
['genn.py', '1', '0.8', '0.5', '19', '3']
1 0.8 0.5 49
1 0.8 0.5 13
1 0.8 0.5 46
1 0.8 0.5 14
1 0.8 0.5 70
/mnt/beegfs/rcabanas/dev/credici/papers/zeros/code/GenerateNparents.java
1 0.8 0.5 10
1 0.8 0.5 28
1 0.8 0.5 11
1 0.8 0.5 6
1 0.8 0.5 1
1 0.8 0.5 5
/mnt/beegfs/rcabanas/dev/credici/papers/zeros/code/GenerateNparents.java
1 0.8 0.5 17
/mnt/beegfs/rcabanas/dev/credici/papers/zeros/code/GenerateNparents.java
1 0.8 0.5 19
/mnt/beegfs/rcabanas/dev/credici/papers/zeros/code/GenerateNparents.java
/mnt/beegfs/rcabanas/dev/credici/papers/zeros/code/GenerateNparents.java
/mnt/beegfs/rcabanas/dev/credici/papers/zeros/code/GenerateNparents.java
/mnt/beegfs/rcabanas/dev/credici/papers/zeros/code/GenerateNparents.java
/mnt/beegfs/rcabanas/dev/credici/papers/zeros/code/GenerateNparents.java
/mnt/beegfs/rcabanas/dev/credici/papers/zeros/code/GenerateNparents.java
/mnt/beegfs/rcabanas/dev/credici/papers/zeros/code/GenerateNparents.java
/mnt/beegfs/rcabanas/dev/credici/papers/zeros/code/GenerateNparents.java
/mnt/beegfs/rcabanas/dev/credici/papers/zeros/code/GenerateNparents.java
/mnt/beegfs/rcabanas/dev/credici/papers/zeros/code/GenerateNparents.java
/mnt/beegfs/rcabanas/dev/credici/papers/zeros/code/GenerateNparents.java
[2024-10-14T10:31:59.729775][INFO][seed8] Set up logging
[2024-10-14T10:31:59.741523][INFO][seed8] args: -np;1;-nzr;0.8;-zdr;0.5;-o;/mnt/beegfs/rcabanas/dev/credici/papers/zeros/models/s3;-rw;-s;8;-ys;3
[2024-10-14T10:31:59.744476][INFO][seed8] Starting logger with seed 8
[2024-10-14T10:31:59.720776][INFO][seed4] Set up logging
[2024-10-14T10:31:59.746202][INFO][seed4] args: -np;1;-nzr;0.8;-zdr;0.5;-o;/mnt/beegfs/rcabanas/dev/credici/papers/zeros/models/s3;-rw;-s;4;-ys;3
[2024-10-14T10:31:59.727417][INFO][seed12] Set up logging
[2024-10-14T10:31:59.748068][INFO][seed12] args: -np;1;-nzr;0.8;-zdr;0.5;-o;/mnt/beegfs/rcabanas/dev/credici/papers/zeros/models/s3;-rw;-s;12;-ys;3
[2024-10-14T10:31:59.747862][INFO][seed4] Starting logger with seed 4
[2024-10-14T10:31:59.750718][INFO][seed8] simple_nparents1_nzr08_zdr05_ysize3_8
[2024-10-14T10:31:59.749610][INFO][seed12] Starting logger with seed 12
[2024-10-14T10:31:59.734338][INFO][seed9] Set up logging
[2024-10-14T10:31:59.756714][INFO][seed9] args: -np;1;-nzr;0.8;-zdr;0.5;-o;/mnt/beegfs/rcabanas/dev/credici/papers/zeros/models/s3;-rw;-s;9;-ys;3
[2024-10-14T10:31:59.757498][INFO][seed4] simple_nparents1_nzr08_zdr05_ysize3_4
[2024-10-14T10:31:59.759851][INFO][seed9] Starting logger with seed 9
[2024-10-14T10:31:59.731457][INFO][seed2] Set up logging
[2024-10-14T10:31:59.759755][INFO][seed2] args: -np;1;-nzr;0.8;-zdr;0.5;-o;/mnt/beegfs/rcabanas/dev/credici/papers/zeros/models/s3;-rw;-s;2;-ys;3
[2024-10-14T10:31:59.763801][INFO][seed2] Starting logger with seed 2
[2024-10-14T10:31:59.737256][INFO][seed3] Set up logging
[2024-10-14T10:31:59.763861][INFO][seed3] args: -np;1;-nzr;0.8;-zdr;0.5;-o;/mnt/beegfs/rcabanas/dev/credici/papers/zeros/models/s3;-rw;-s;3;-ys;3
[2024-10-14T10:31:59.765524][INFO][seed12] simple_nparents1_nzr08_zdr05_ysize3_12
[2024-10-14T10:31:59.765639][INFO][seed3] Starting logger with seed 3
[2024-10-14T10:31:59.771864][INFO][seed9] simple_nparents1_nzr08_zdr05_ysize3_9
[2024-10-14T10:31:59.776001][INFO][seed3] simple_nparents1_nzr08_zdr05_ysize3_3
[2024-10-14T10:31:59.786364][INFO][seed2] simple_nparents1_nzr08_zdr05_ysize3_2
[2024-10-14T10:32:00.204654][INFO][seed9] U cardinality: 9
[2024-10-14T10:32:00.204823][INFO][seed8] U cardinality: 9
[2024-10-14T10:32:00.204985][INFO][seed12] U cardinality: 9
[2024-10-14T10:32:00.208244][INFO][seed2] U cardinality: 9
[2024-10-14T10:32:00.210800][INFO][seed9] !0 = [0, 1, 2, 3, 5, 7, 8]
[2024-10-14T10:32:00.211204][INFO][seed9] 0 = [4, 6]
[2024-10-14T10:32:00.211364][INFO][seed12] !0 = [0, 1, 2, 3, 6, 7, 8]
[2024-10-14T10:32:00.211748][INFO][seed12] 0 = [4, 5]
[2024-10-14T10:32:00.213572][INFO][seed8] !0 = [0, 2, 3, 4, 6, 7, 8]
[2024-10-14T10:32:00.213980][INFO][seed8] 0 = [1, 5]
[2024-10-14T10:32:00.217821][INFO][seed8] U cardinality: 9
[2024-10-14T10:32:00.217761][INFO][seed9] Dropping state 6
[2024-10-14T10:32:00.218017][INFO][seed12] Dropping state 4
[2024-10-14T10:32:00.219246][INFO][seed2] !0 = [0, 1, 3, 4, 5, 7, 8]
[2024-10-14T10:32:00.219741][INFO][seed2] 0 = [2, 6]
[2024-10-14T10:32:00.220875][INFO][seed12] U cardinality: 8
[2024-10-14T10:32:00.221191][INFO][seed3] U cardinality: 9
[2024-10-14T10:32:00.223797][INFO][seed9] U cardinality: 8
[2024-10-14T10:32:00.227425][INFO][seed3] !0 = [0, 1, 2, 3, 4, 7, 8]
[2024-10-14T10:32:00.227823][INFO][seed3] 0 = [5, 6]
[2024-10-14T10:32:00.229229][INFO][seed12] 
[P([3]) [0.945, 0.055], P([2]) [0.077, 0.014, 0.003, 0.022, 0.0, 0.006, 0.001, 0.877], P([1, 3]) [1.0, 0.0, 0.0, 1.0], P([0, 1, 2]) [1.0, 0.0, 0.0, 1.0, 0.0, 0.0, 1.0, 0.0, 0.0, 0.0, 1.0, 0.0, 1.0, 0.0, 0.0, 0.0, 0.0, 1.0, 0.0, 1.0, 0.0, 1.0, 0.0, 0.0, 0.0, 1.0, 0.0, 0.0, 0.0, 1.0, 0.0, 0.0, 1.0, 1.0, 0.0, 0.0, 0.0, 0.0, 1.0, 0.0, 1.0, 0.0, 0.0, 0.0, 1.0, 0.0, 0.0, 1.0]]

[2024-10-14T10:32:00.229167][INFO][seed8] 
[P([3]) [0.873, 0.127], P([2]) [0.013, 0.0, 0.007, 0.012, 0.128, 0.0, 0.254, 0.005, 0.581], P([1, 3]) [1.0, 0.0, 0.0, 1.0], P([0, 1, 2]) [1.0, 0.0, 0.0, 1.0, 0.0, 0.0, 1.0, 0.0, 0.0, 0.0, 1.0, 0.0, 1.0, 0.0, 0.0, 0.0, 0.0, 1.0, 0.0, 1.0, 0.0, 1.0, 0.0, 0.0, 0.0, 1.0, 0.0, 0.0, 1.0, 0.0, 0.0, 1.0, 0.0, 0.0, 0.0, 1.0, 0.0, 0.0, 1.0, 1.0, 0.0, 0.0, 0.0, 0.0, 1.0, 0.0, 1.0, 0.0, 0.0, 0.0, 1.0, 0.0, 0.0, 1.0]]

[2024-10-14T10:32:00.230347][INFO][seed2] Dropping state 6
[2024-10-14T10:32:00.231561][INFO][seed2] Dropping state 2
[2024-10-14T10:32:00.231214][INFO][seed9] 
[P([3]) [0.668, 0.332], P([2]) [0.006, 0.049, 0.012, 0.035, 0.0, 0.002, 0.653, 0.243], P([1, 3]) [1.0, 0.0, 0.0, 1.0], P([0, 1, 2]) [1.0, 0.0, 0.0, 1.0, 0.0, 0.0, 1.0, 0.0, 0.0, 0.0, 1.0, 0.0, 1.0, 0.0, 0.0, 0.0, 0.0, 1.0, 0.0, 1.0, 0.0, 1.0, 0.0, 0.0, 0.0, 1.0, 0.0, 0.0, 1.0, 0.0, 0.0, 1.0, 0.0, 0.0, 0.0, 1.0, 0.0, 0.0, 1.0, 0.0, 1.0, 0.0, 0.0, 0.0, 1.0, 0.0, 0.0, 1.0]]

[2024-10-14T10:32:00.235794][INFO][seed3] Dropping state 5
[2024-10-14T10:32:00.237248][INFO][seed4] U cardinality: 9
[2024-10-14T10:32:00.238713][INFO][seed3] U cardinality: 8
[2024-10-14T10:32:00.238283][INFO][seed2] U cardinality: 7
[2024-10-14T10:32:00.243063][INFO][seed4] !0 = [0, 2, 3, 4, 5, 6, 7]
[2024-10-14T10:32:00.243456][INFO][seed4] 0 = [1, 8]
[2024-10-14T10:32:00.244203][INFO][seed3] 
[P([3]) [0.493, 0.507], P([2]) [0.454, 0.467, 0.004, 0.002, 0.002, 0.0, 0.023, 0.048], P([1, 3]) [1.0, 0.0, 0.0, 1.0], P([0, 1, 2]) [1.0, 0.0, 0.0, 1.0, 0.0, 0.0, 1.0, 0.0, 0.0, 0.0, 1.0, 0.0, 1.0, 0.0, 0.0, 0.0, 0.0, 1.0, 0.0, 1.0, 0.0, 1.0, 0.0, 0.0, 0.0, 1.0, 0.0, 0.0, 1.0, 0.0, 0.0, 0.0, 1.0, 1.0, 0.0, 0.0, 0.0, 0.0, 1.0, 0.0, 1.0, 0.0, 0.0, 0.0, 1.0, 0.0, 0.0, 1.0]]

[2024-10-14T10:32:00.251139][INFO][seed2] 
[P([3]) [0.698, 0.302], P([2]) [0.001, 0.069, 0.341, 0.004, 0.001, 0.001, 0.583], P([1, 3]) [1.0, 0.0, 0.0, 1.0], P([0, 1, 2]) [1.0, 0.0, 0.0, 1.0, 0.0, 0.0, 1.0, 0.0, 0.0, 0.0, 1.0, 0.0, 0.0, 1.0, 0.0, 1.0, 0.0, 0.0, 0.0, 1.0, 0.0, 0.0, 1.0, 0.0, 0.0, 1.0, 0.0, 0.0, 0.0, 1.0, 0.0, 0.0, 1.0, 0.0, 1.0, 0.0, 0.0, 0.0, 1.0, 0.0, 0.0, 1.0]]

[2024-10-14T10:32:00.251173][INFO][seed4] Dropping state 1
[2024-10-14T10:32:00.254252][INFO][seed4] U cardinality: 8
[2024-10-14T10:32:00.269199][INFO][seed4] 
[P([3]) [0.308, 0.692], P([2]) [0.002, 0.001, 0.001, 0.001, 0.001, 0.068, 0.926, 0.0], P([1, 3]) [1.0, 0.0, 0.0, 1.0], P([0, 1, 2]) [1.0, 0.0, 0.0, 1.0, 0.0, 0.0, 1.0, 0.0, 0.0, 0.0, 0.0, 1.0, 0.0, 1.0, 0.0, 1.0, 0.0, 0.0, 0.0, 1.0, 0.0, 0.0, 1.0, 0.0, 0.0, 1.0, 0.0, 0.0, 0.0, 1.0, 0.0, 0.0, 1.0, 1.0, 0.0, 0.0, 0.0, 0.0, 1.0, 0.0, 1.0, 0.0, 0.0, 0.0, 1.0, 0.0, 0.0, 1.0]]

[2024-10-14T10:32:00.417129][INFO][seed9] Sampled 1000 data instances
[2024-10-14T10:32:00.417362][INFO][seed9] Starting exact inference 
[2024-10-14T10:32:00.408218][INFO][seed70] Set up logging
[2024-10-14T10:32:00.425643][INFO][seed70] args: -np;1;-nzr;0.8;-zdr;0.5;-o;/mnt/beegfs/rcabanas/dev/credici/papers/zeros/models/s3;-rw;-s;70;-ys;3
[2024-10-14T10:32:00.425619][INFO][seed8] Sampled 1000 data instances
[2024-10-14T10:32:00.425839][INFO][seed8] Starting exact inference 
[2024-10-14T10:32:00.429060][INFO][seed12] Sampled 1000 data instances
[2024-10-14T10:32:00.429150][INFO][seed12] Starting exact inference 
[2024-10-14T10:32:00.431037][INFO][seed70] Starting logger with seed 70
[2024-10-14T10:32:00.443408][INFO][seed3] Sampled 1000 data instances
[2024-10-14T10:32:00.443503][INFO][seed3] Starting exact inference 
[2024-10-14T10:32:00.445553][INFO][seed70] simple_nparents1_nzr08_zdr05_ysize3_70
[2024-10-14T10:32:00.448848][INFO][seed2] Sampled 1000 data instances
[2024-10-14T10:32:00.449091][INFO][seed2] Starting exact inference 
[2024-10-14T10:32:00.462410][INFO][seed4] Sampled 1000 data instances
[2024-10-14T10:32:00.462650][INFO][seed4] Starting exact inference 
[2024-10-14T10:32:00.605928][INFO][seed13] Set up logging
[2024-10-14T10:32:00.628560][INFO][seed13] args: -np;1;-nzr;0.8;-zdr;0.5;-o;/mnt/beegfs/rcabanas/dev/credici/papers/zeros/models/s3;-rw;-s;13;-ys;3
[2024-10-14T10:32:00.635236][INFO][seed13] Starting logger with seed 13
[2024-10-14T10:32:00.640153][INFO][seed13] simple_nparents1_nzr08_zdr05_ysize3_13
[2024-10-14T10:32:00.720355][INFO][seed14] Set up logging
[2024-10-14T10:32:00.721936][INFO][seed49] Set up logging
[2024-10-14T10:32:00.720620][INFO][seed19] Set up logging
[2024-10-14T10:32:00.748602][INFO][seed14] args: -np;1;-nzr;0.8;-zdr;0.5;-o;/mnt/beegfs/rcabanas/dev/credici/papers/zeros/models/s3;-rw;-s;14;-ys;3
[2024-10-14T10:32:00.751636][INFO][seed49] args: -np;1;-nzr;0.8;-zdr;0.5;-o;/mnt/beegfs/rcabanas/dev/credici/papers/zeros/models/s3;-rw;-s;49;-ys;3
[2024-10-14T10:32:00.751949][INFO][seed19] args: -np;1;-nzr;0.8;-zdr;0.5;-o;/mnt/beegfs/rcabanas/dev/credici/papers/zeros/models/s3;-rw;-s;19;-ys;3
[2024-10-14T10:32:00.774108][INFO][seed19] Starting logger with seed 19
[2024-10-14T10:32:00.774819][INFO][seed49] Starting logger with seed 49
[2024-10-14T10:32:00.792329][INFO][seed14] Starting logger with seed 14
[2024-10-14T10:32:00.806020][INFO][seed14] simple_nparents1_nzr08_zdr05_ysize3_14
[2024-10-14T10:32:00.792249][INFO][seed19] simple_nparents1_nzr08_zdr05_ysize3_19
[2024-10-14T10:32:00.803385][INFO][seed49] simple_nparents1_nzr08_zdr05_ysize3_49
[2024-10-14T10:32:00.842524][INFO][seed17] Set up logging
[2024-10-14T10:32:00.868337][INFO][seed17] args: -np;1;-nzr;0.8;-zdr;0.5;-o;/mnt/beegfs/rcabanas/dev/credici/papers/zeros/models/s3;-rw;-s;17;-ys;3
[2024-10-14T10:32:00.872009][INFO][seed17] Starting logger with seed 17
[2024-10-14T10:32:00.892108][INFO][seed17] simple_nparents1_nzr08_zdr05_ysize3_17
[2024-10-14T10:32:00.952212][INFO][seed28] Set up logging
[2024-10-14T10:32:00.979579][INFO][seed28] args: -np;1;-nzr;0.8;-zdr;0.5;-o;/mnt/beegfs/rcabanas/dev/credici/papers/zeros/models/s3;-rw;-s;28;-ys;3
[2024-10-14T10:32:00.981854][INFO][seed28] Starting logger with seed 28
[2024-10-14T10:32:00.961760][INFO][seed5] Set up logging
[2024-10-14T10:32:00.955386][INFO][seed46] Set up logging
[2024-10-14T10:32:00.961581][INFO][seed11] Set up logging
[2024-10-14T10:32:00.992562][INFO][seed11] args: -np;1;-nzr;0.8;-zdr;0.5;-o;/mnt/beegfs/rcabanas/dev/credici/papers/zeros/models/s3;-rw;-s;11;-ys;3
[2024-10-14T10:32:00.992149][INFO][seed5] args: -np;1;-nzr;0.8;-zdr;0.5;-o;/mnt/beegfs/rcabanas/dev/credici/papers/zeros/models/s3;-rw;-s;5;-ys;3
[2024-10-14T10:32:00.992289][INFO][seed46] args: -np;1;-nzr;0.8;-zdr;0.5;-o;/mnt/beegfs/rcabanas/dev/credici/papers/zeros/models/s3;-rw;-s;46;-ys;3
[2024-10-14T10:32:00.994627][INFO][seed5] Starting logger with seed 5
[2024-10-14T10:32:00.996360][INFO][seed46] Starting logger with seed 46
[2024-10-14T10:32:00.996937][INFO][seed11] Starting logger with seed 11
[2024-10-14T10:32:00.997108][INFO][seed28] simple_nparents1_nzr08_zdr05_ysize3_28
[2024-10-14T10:32:00.964222][INFO][seed10] Set up logging
[2024-10-14T10:32:00.999542][INFO][seed10] args: -np;1;-nzr;0.8;-zdr;0.5;-o;/mnt/beegfs/rcabanas/dev/credici/papers/zeros/models/s3;-rw;-s;10;-ys;3
[2024-10-14T10:32:00.956632][INFO][seed0] Set up logging
[2024-10-14T10:32:01.003760][INFO][seed0] args: -np;1;-nzr;0.8;-zdr;0.5;-o;/mnt/beegfs/rcabanas/dev/credici/papers/zeros/models/s3;-rw;-s;0;-ys;3
[2024-10-14T10:32:01.006605][INFO][seed0] Starting logger with seed 0
[2024-10-14T10:32:01.002218][INFO][seed10] Starting logger with seed 10
[2024-10-14T10:32:01.011093][INFO][seed5] simple_nparents1_nzr08_zdr05_ysize3_5
[2024-10-14T10:32:01.012780][INFO][seed46] simple_nparents1_nzr08_zdr05_ysize3_46
[2024-10-14T10:32:01.013003][INFO][seed70] U cardinality: 9
[2024-10-14T10:32:01.014217][INFO][seed11] simple_nparents1_nzr08_zdr05_ysize3_11
[2024-10-14T10:32:01.019732][INFO][seed70] !0 = [0, 1, 2, 3, 4, 7, 8]
[2024-10-14T10:32:01.022731][INFO][seed0] simple_nparents1_nzr08_zdr05_ysize3_0
[2024-10-14T10:32:01.023206][INFO][seed70] 0 = [5, 6]
[2024-10-14T10:32:01.027650][INFO][seed70] U cardinality: 9
[2024-10-14T10:32:01.035095][INFO][seed70] 
[P([3]) [0.112, 0.888], P([2]) [0.291, 0.312, 0.002, 0.201, 0.186, 0.0, 0.0, 0.002, 0.006], P([1, 3]) [1.0, 0.0, 0.0, 1.0], P([0, 1, 2]) [1.0, 0.0, 0.0, 1.0, 0.0, 0.0, 1.0, 0.0, 0.0, 0.0, 1.0, 0.0, 1.0, 0.0, 0.0, 0.0, 0.0, 1.0, 0.0, 1.0, 0.0, 1.0, 0.0, 0.0, 0.0, 1.0, 0.0, 0.0, 1.0, 0.0, 0.0, 1.0, 0.0, 0.0, 0.0, 1.0, 0.0, 0.0, 1.0, 1.0, 0.0, 0.0, 0.0, 0.0, 1.0, 0.0, 1.0, 0.0, 0.0, 0.0, 1.0, 0.0, 0.0, 1.0]]

[2024-10-14T10:32:01.024608][INFO][seed10] simple_nparents1_nzr08_zdr05_ysize3_10
[2024-10-14T10:32:00.997524][INFO][seed6] Set up logging
[2024-10-14T10:32:01.032321][INFO][seed6] args: -np;1;-nzr;0.8;-zdr;0.5;-o;/mnt/beegfs/rcabanas/dev/credici/papers/zeros/models/s3;-rw;-s;6;-ys;3
[2024-10-14T10:32:01.034873][INFO][seed6] Starting logger with seed 6
[2024-10-14T10:32:01.047916][INFO][seed6] simple_nparents1_nzr08_zdr05_ysize3_6
[2024-10-14T10:32:01.085799][INFO][seed13] U cardinality: 9
[2024-10-14T10:32:01.096611][INFO][seed13] !0 = [0, 1, 2, 3, 4, 6, 8]
[2024-10-14T10:32:01.097347][INFO][seed13] 0 = [5, 7]
[2024-10-14T10:32:01.106357][INFO][seed13] Dropping state 7
[2024-10-14T10:32:01.107731][INFO][seed13] Dropping state 5
[2024-10-14T10:32:01.110551][INFO][seed19] U cardinality: 9
[2024-10-14T10:32:01.110761][INFO][seed13] U cardinality: 7
[2024-10-14T10:32:01.119709][INFO][seed19] !0 = [0, 1, 2, 3, 6, 7, 8]
[2024-10-14T10:32:01.120394][INFO][seed19] 0 = [4, 5]
[2024-10-14T10:32:01.121979][INFO][seed49] U cardinality: 9
[2024-10-14T10:32:01.068795][INFO][seed1] Set up logging
[2024-10-14T10:32:01.124697][INFO][seed14] U cardinality: 9
[2024-10-14T10:32:01.126349][INFO][seed1] args: -np;1;-nzr;0.8;-zdr;0.5;-o;/mnt/beegfs/rcabanas/dev/credici/papers/zeros/models/s3;-rw;-s;1;-ys;3
[2024-10-14T10:32:01.133733][INFO][seed19] Dropping state 4
[2024-10-14T10:32:01.134101][INFO][seed1] Starting logger with seed 1
[2024-10-14T10:32:01.137675][INFO][seed19] U cardinality: 8
[2024-10-14T10:32:01.138996][INFO][seed49] !0 = [0, 2, 3, 4, 5, 6, 7]
[2024-10-14T10:32:01.139714][INFO][seed14] !0 = [0, 1, 2, 3, 4, 5, 7]
[2024-10-14T10:32:01.140243][INFO][seed14] 0 = [6, 8]
[2024-10-14T10:32:01.139599][INFO][seed49] 0 = [1, 8]
[2024-10-14T10:32:01.142568][INFO][seed14] U cardinality: 9
[2024-10-14T10:32:01.147048][INFO][seed13] 
[P([3]) [0.151, 0.849], P([2]) [0.001, 0.001, 0.216, 0.75, 0.024, 0.001, 0.007], P([1, 3]) [1.0, 0.0, 0.0, 1.0], P([0, 1, 2]) [1.0, 0.0, 0.0, 1.0, 0.0, 0.0, 1.0, 0.0, 0.0, 0.0, 1.0, 0.0, 1.0, 0.0, 0.0, 0.0, 0.0, 1.0, 0.0, 1.0, 0.0, 1.0, 0.0, 0.0, 0.0, 1.0, 0.0, 0.0, 1.0, 0.0, 0.0, 0.0, 1.0, 1.0, 0.0, 0.0, 0.0, 0.0, 1.0, 0.0, 0.0, 1.0]]

[2024-10-14T10:32:01.150367][INFO][seed49] Dropping state 8
[2024-10-14T10:32:01.153848][INFO][seed49] U cardinality: 8
[2024-10-14T10:32:01.154971][INFO][seed1] simple_nparents1_nzr08_zdr05_ysize3_1
[2024-10-14T10:32:01.159566][INFO][seed19] 
[P([3]) [0.453, 0.547], P([2]) [0.013, 0.399, 0.562, 0.002, 0.0, 0.001, 0.002, 0.021], P([1, 3]) [1.0, 0.0, 0.0, 1.0], P([0, 1, 2]) [1.0, 0.0, 0.0, 1.0, 0.0, 0.0, 1.0, 0.0, 0.0, 0.0, 1.0, 0.0, 1.0, 0.0, 0.0, 0.0, 0.0, 1.0, 0.0, 1.0, 0.0, 1.0, 0.0, 0.0, 0.0, 1.0, 0.0, 0.0, 0.0, 1.0, 0.0, 0.0, 1.0, 1.0, 0.0, 0.0, 0.0, 0.0, 1.0, 0.0, 1.0, 0.0, 0.0, 0.0, 1.0, 0.0, 0.0, 1.0]]

[2024-10-14T10:32:01.168171][INFO][seed14] 
[P([3]) [0.536, 0.464], P([2]) [0.019, 0.613, 0.12, 0.005, 0.005, 0.028, 0.0, 0.21, 0.0], P([1, 3]) [1.0, 0.0, 0.0, 1.0], P([0, 1, 2]) [1.0, 0.0, 0.0, 1.0, 0.0, 0.0, 1.0, 0.0, 0.0, 0.0, 1.0, 0.0, 1.0, 0.0, 0.0, 0.0, 0.0, 1.0, 0.0, 1.0, 0.0, 1.0, 0.0, 0.0, 0.0, 1.0, 0.0, 0.0, 1.0, 0.0, 0.0, 1.0, 0.0, 0.0, 0.0, 1.0, 0.0, 0.0, 1.0, 1.0, 0.0, 0.0, 0.0, 0.0, 1.0, 0.0, 1.0, 0.0, 0.0, 0.0, 1.0, 0.0, 0.0, 1.0]]

[2024-10-14T10:32:01.193327][INFO][seed49] 
[P([3]) [0.254, 0.746], P([2]) [0.002, 0.0, 0.156, 0.003, 0.231, 0.001, 0.268, 0.339], P([1, 3]) [1.0, 0.0, 0.0, 1.0], P([0, 1, 2]) [1.0, 0.0, 0.0, 1.0, 0.0, 0.0, 1.0, 0.0, 0.0, 0.0, 1.0, 0.0, 1.0, 0.0, 0.0, 0.0, 0.0, 1.0, 0.0, 1.0, 0.0, 1.0, 0.0, 0.0, 0.0, 1.0, 0.0, 0.0, 1.0, 0.0, 0.0, 1.0, 0.0, 0.0, 0.0, 1.0, 0.0, 0.0, 1.0, 1.0, 0.0, 0.0, 0.0, 0.0, 1.0, 0.0, 1.0, 0.0]]

[2024-10-14T10:32:01.220817][INFO][seed17] U cardinality: 9
[2024-10-14T10:32:01.233492][INFO][seed17] !0 = [0, 1, 2, 3, 4, 5, 7]
[2024-10-14T10:32:01.234096][INFO][seed17] 0 = [6, 8]
[2024-10-14T10:32:01.247537][INFO][seed17] Dropping state 6
[2024-10-14T10:32:01.252821][INFO][seed17] U cardinality: 8
[2024-10-14T10:32:01.306621][INFO][seed17] 
[P([3]) [0.862, 0.138], P([2]) [0.158, 0.017, 0.017, 0.002, 0.002, 0.703, 0.101, 0.0], P([1, 3]) [1.0, 0.0, 0.0, 1.0], P([0, 1, 2]) [1.0, 0.0, 0.0, 1.0, 0.0, 0.0, 1.0, 0.0, 0.0, 0.0, 1.0, 0.0, 1.0, 0.0, 0.0, 0.0, 0.0, 1.0, 0.0, 1.0, 0.0, 1.0, 0.0, 0.0, 0.0, 1.0, 0.0, 0.0, 1.0, 0.0, 0.0, 1.0, 0.0, 0.0, 0.0, 1.0, 0.0, 0.0, 1.0, 0.0, 1.0, 0.0, 0.0, 0.0, 1.0, 0.0, 0.0, 1.0]]

[2024-10-14T10:32:01.308081][INFO][seed70] Sampled 1000 data instances
[2024-10-14T10:32:01.308289][INFO][seed70] Starting exact inference 
[2024-10-14T10:32:01.379988][INFO][seed13] Sampled 1000 data instances
[2024-10-14T10:32:01.380078][INFO][seed13] Starting exact inference 
[2024-10-14T10:32:01.394492][INFO][seed19] Sampled 1000 data instances
[2024-10-14T10:32:01.398892][INFO][seed14] Sampled 1000 data instances
[2024-10-14T10:32:01.394719][INFO][seed19] Starting exact inference 
[2024-10-14T10:32:01.399370][INFO][seed14] Starting exact inference 
[2024-10-14T10:32:01.433284][INFO][seed49] Sampled 1000 data instances
[2024-10-14T10:32:01.433516][INFO][seed49] Starting exact inference 
[2024-10-14T10:32:01.534282][INFO][seed17] Sampled 1000 data instances
[2024-10-14T10:32:01.534503][INFO][seed17] Starting exact inference 
[2024-10-14T10:32:01.776518][INFO][seed28] U cardinality: 9
[2024-10-14T10:32:01.796055][INFO][seed28] !0 = [0, 1, 2, 3, 5, 6, 7]
[2024-10-14T10:32:01.796454][INFO][seed28] 0 = [4, 8]
[2024-10-14T10:32:01.807615][INFO][seed28] Dropping state 8
[2024-10-14T10:32:01.812648][INFO][seed28] U cardinality: 8
[2024-10-14T10:32:01.826786][INFO][seed46] U cardinality: 9
[2024-10-14T10:32:01.839245][INFO][seed46] !0 = [0, 1, 2, 3, 4, 6, 8]
[2024-10-14T10:32:01.839651][INFO][seed46] 0 = [5, 7]
[2024-10-14T10:32:01.858794][INFO][seed46] Dropping state 7
[2024-10-14T10:32:01.859822][INFO][seed28] 
[P([3]) [0.108, 0.892], P([2]) [0.002, 0.001, 0.001, 0.002, 0.0, 0.056, 0.002, 0.936], P([1, 3]) [1.0, 0.0, 0.0, 1.0], P([0, 1, 2]) [1.0, 0.0, 0.0, 1.0, 0.0, 0.0, 1.0, 0.0, 0.0, 0.0, 1.0, 0.0, 1.0, 0.0, 0.0, 0.0, 0.0, 1.0, 0.0, 1.0, 0.0, 1.0, 0.0, 0.0, 0.0, 1.0, 0.0, 0.0, 1.0, 0.0, 0.0, 1.0, 0.0, 0.0, 0.0, 1.0, 0.0, 0.0, 1.0, 1.0, 0.0, 0.0, 0.0, 0.0, 1.0, 0.0, 1.0, 0.0]]

[2024-10-14T10:32:01.859796][INFO][seed46] Dropping state 5
[2024-10-14T10:32:01.864518][INFO][seed46] U cardinality: 7
[2024-10-14T10:32:01.891177][INFO][seed46] 
[P([3]) [0.358, 0.642], P([2]) [0.092, 0.012, 0.011, 0.496, 0.23, 0.015, 0.144], P([1, 3]) [1.0, 0.0, 0.0, 1.0], P([0, 1, 2]) [1.0, 0.0, 0.0, 1.0, 0.0, 0.0, 1.0, 0.0, 0.0, 0.0, 1.0, 0.0, 1.0, 0.0, 0.0, 0.0, 0.0, 1.0, 0.0, 1.0, 0.0, 1.0, 0.0, 0.0, 0.0, 1.0, 0.0, 0.0, 1.0, 0.0, 0.0, 0.0, 1.0, 1.0, 0.0, 0.0, 0.0, 0.0, 1.0, 0.0, 0.0, 1.0]]

[2024-10-14T10:32:01.940390][INFO][seed5] U cardinality: 9
[2024-10-14T10:32:01.951715][INFO][seed5] !0 = [0, 2, 4, 5, 6, 7, 8]
[2024-10-14T10:32:01.952174][INFO][seed5] 0 = [1, 3]
[2024-10-14T10:32:01.959709][INFO][seed5] Dropping state 3
[2024-10-14T10:32:01.961087][INFO][seed5] Dropping state 1
[2024-10-14T10:32:01.963684][INFO][seed5] U cardinality: 7
[2024-10-14T10:32:01.970558][INFO][seed5] 
[P([3]) [0.487, 0.513], P([2]) [0.002, 0.001, 0.263, 0.005, 0.001, 0.001, 0.727], P([1, 3]) [1.0, 0.0, 0.0, 1.0], P([0, 1, 2]) [1.0, 0.0, 0.0, 1.0, 0.0, 0.0, 1.0, 0.0, 0.0, 0.0, 0.0, 1.0, 0.0, 1.0, 0.0, 0.0, 1.0, 0.0, 0.0, 1.0, 0.0, 0.0, 0.0, 1.0, 0.0, 0.0, 1.0, 1.0, 0.0, 0.0, 0.0, 0.0, 1.0, 0.0, 1.0, 0.0, 0.0, 0.0, 1.0, 0.0, 0.0, 1.0]]

[2024-10-14T10:32:01.971401][INFO][seed0] U cardinality: 9
[2024-10-14T10:32:01.971437][INFO][seed6] U cardinality: 9
[2024-10-14T10:32:01.974311][INFO][seed11] U cardinality: 9
[2024-10-14T10:32:01.977638][INFO][seed6] !0 = [2, 3, 4, 5, 6, 7, 8]
[2024-10-14T10:32:01.978209][INFO][seed6] 0 = [0, 1]
[2024-10-14T10:32:01.978112][INFO][seed0] !0 = [0, 1, 2, 3, 4, 6, 8]
[2024-10-14T10:32:01.978581][INFO][seed0] 0 = [5, 7]
[2024-10-14T10:32:01.978468][INFO][seed10] U cardinality: 9
[2024-10-14T10:32:01.980249][INFO][seed11] !0 = [0, 2, 3, 4, 6, 7, 8]
[2024-10-14T10:32:01.980693][INFO][seed11] 0 = [1, 5]
[2024-10-14T10:32:01.982197][INFO][seed6] U cardinality: 9
[2024-10-14T10:32:01.984954][INFO][seed10] !0 = [0, 1, 2, 3, 4, 6, 8]
[2024-10-14T10:32:01.985529][INFO][seed10] 0 = [5, 7]
[2024-10-14T10:32:01.985959][INFO][seed0] Dropping state 7
[2024-10-14T10:32:01.987171][INFO][seed11] Dropping state 5
[2024-10-14T10:32:01.987269][INFO][seed0] Dropping state 5
[2024-10-14T10:32:01.987203][INFO][seed1] U cardinality: 9
[2024-10-14T10:32:01.988322][INFO][seed11] Dropping state 1
[2024-10-14T10:32:01.990415][INFO][seed0] U cardinality: 7
[2024-10-14T10:32:01.993381][INFO][seed10] Dropping state 5
[2024-10-14T10:32:01.993551][INFO][seed6] 
[2024-10-14T10:32:01.993921][INFO][seed1] !0 = [1, 2, 3, 5, 6, 7, 8]
[2024-10-14T10:32:01.994058][INFO][seed11] U cardinality: 7
[2024-10-14T10:32:01.996787][INFO][seed10] U cardinality: 8
[P([3]) [0.898, 0.102], P([2]) [0.0, 0.0, 0.022, 0.002, 0.231, 0.032, 0.057, 0.495, 0.161], P([1, 3]) [1.0, 0.0, 0.0, 1.0], P([0, 1, 2]) [1.0, 0.0, 0.0, 1.0, 0.0, 0.0, 1.0, 0.0, 0.0, 0.0, 1.0, 0.0, 1.0, 0.0, 0.0, 0.0, 0.0, 1.0, 0.0, 1.0, 0.0, 1.0, 0.0, 0.0, 0.0, 1.0, 0.0, 0.0, 1.0, 0.0, 0.0, 1.0, 0.0, 0.0, 0.0, 1.0, 0.0, 0.0, 1.0, 1.0, 0.0, 0.0, 0.0, 0.0, 1.0, 0.0, 1.0, 0.0, 0.0, 0.0, 1.0, 0.0, 0.0, 1.0]]
[2024-10-14T10:32:01.994354][INFO][seed1] 0 = [0, 4]
[2024-10-14T10:32:02.000543][INFO][seed0] 
[2024-10-14T10:32:02.002469][INFO][seed11] 
[P([3]) [0.079, 0.921], P([2]) [0.002, 0.007, 0.335, 0.002, 0.005, 0.121, 0.528], P([1, 3]) [1.0, 0.0, 0.0, 1.0], P([0, 1, 2]) [1.0, 0.0, 0.0, 1.0, 0.0, 0.0, 1.0, 0.0, 0.0, 0.0, 0.0, 1.0, 0.0, 1.0, 0.0, 1.0, 0.0, 0.0, 0.0, 1.0, 0.0, 0.0, 1.0, 0.0, 0.0, 0.0, 1.0, 1.0, 0.0, 0.0, 0.0, 0.0, 1.0, 0.0, 1.0, 0.0, 0.0, 0.0, 1.0, 0.0, 0.0, 1.0]]


[2024-10-14T10:32:01.996460][INFO][seed1] U cardinality: 9
[P([3]) [0.289, 0.711], P([2]) [0.001, 0.018, 0.018, 0.577, 0.048, 0.002, 0.336], P([1, 3]) [1.0, 0.0, 0.0, 1.0], P([0, 1, 2]) [1.0, 0.0, 0.0, 1.0, 0.0, 0.0, 1.0, 0.0, 0.0, 0.0, 1.0, 0.0, 1.0, 0.0, 0.0, 0.0, 0.0, 1.0, 0.0, 1.0, 0.0, 1.0, 0.0, 0.0, 0.0, 1.0, 0.0, 0.0, 1.0, 0.0, 0.0, 0.0, 1.0, 1.0, 0.0, 0.0, 0.0, 0.0, 1.0, 0.0, 0.0, 1.0]]

[2024-10-14T10:32:02.005930][INFO][seed10] 
[P([3]) [0.283, 0.717], P([2]) [0.002, 0.001, 0.602, 0.055, 0.094, 0.002, 0.0, 0.244], P([1, 3]) [1.0, 0.0, 0.0, 1.0], P([0, 1, 2]) [1.0, 0.0, 0.0, 1.0, 0.0, 0.0, 1.0, 0.0, 0.0, 0.0, 1.0, 0.0, 1.0, 0.0, 0.0, 0.0, 0.0, 1.0, 0.0, 1.0, 0.0, 1.0, 0.0, 0.0, 0.0, 1.0, 0.0, 0.0, 1.0, 0.0, 0.0, 0.0, 1.0, 1.0, 0.0, 0.0, 0.0, 0.0, 1.0, 0.0, 1.0, 0.0, 0.0, 0.0, 1.0, 0.0, 0.0, 1.0]]

[2024-10-14T10:32:02.005217][INFO][seed1] 
[P([3]) [0.915, 0.085], P([2]) [0.0, 0.017, 0.009, 0.218, 0.0, 0.285, 0.064, 0.213, 0.194], P([1, 3]) [1.0, 0.0, 0.0, 1.0], P([0, 1, 2]) [1.0, 0.0, 0.0, 1.0, 0.0, 0.0, 1.0, 0.0, 0.0, 0.0, 1.0, 0.0, 1.0, 0.0, 0.0, 0.0, 0.0, 1.0, 0.0, 1.0, 0.0, 1.0, 0.0, 0.0, 0.0, 1.0, 0.0, 0.0, 1.0, 0.0, 0.0, 1.0, 0.0, 0.0, 0.0, 1.0, 0.0, 0.0, 1.0, 1.0, 0.0, 0.0, 0.0, 0.0, 1.0, 0.0, 1.0, 0.0, 0.0, 0.0, 1.0, 0.0, 0.0, 1.0]]

[2024-10-14T10:32:02.033632][INFO][seed4] No feasible solution... resampling
[2024-10-14T10:32:02.072730][INFO][seed2] PS(V1,V0) in [0.0, 0.7654048548633509]
[2024-10-14T10:32:02.078258][INFO][seed9] PS(V1,V0) in [0.0, 1.0]
[2024-10-14T10:32:02.079251][INFO][seed8] PS(V1,V0) in [0.0, 1.0]
[2024-10-14T10:32:02.081641][INFO][seed28] Sampled 1000 data instances
[2024-10-14T10:32:02.081757][INFO][seed28] Starting exact inference 
[2024-10-14T10:32:02.093183][INFO][seed2] PN(V1,V0) in [0.0, 0.5176213982321203] 
[2024-10-14T10:32:02.096351][INFO][seed8] PN(V1,V0) in [0.0, 0.101364654762713] 
[2024-10-14T10:32:02.099939][INFO][seed12] PS(V1,V0) in [0.0, 0.0]
[2024-10-14T10:32:02.102423][INFO][seed9] PN(V1,V0) in [0.0, 0.08358847399030221] 
[2024-10-14T10:32:02.102840][INFO][seed3] PS(V1,V0) in [0.43462571152400387, 0.5086242079261089]
[2024-10-14T10:32:02.104459][INFO][seed46] Sampled 1000 data instances
[2024-10-14T10:32:02.104748][INFO][seed46] Starting exact inference 
[2024-10-14T10:32:02.120601][INFO][seed2] Saved data to: /mnt/beegfs/rcabanas/dev/credici/papers/zeros/models/s3/simple_nparents1_nzr08_zdr05_ysize3_2.csv
[2024-10-14T10:32:02.123012][INFO][seed3] PN(V1,V0) in [0.8545124371806242, 1.0] 
[2024-10-14T10:32:02.131924][INFO][seed8] Saved data to: /mnt/beegfs/rcabanas/dev/credici/papers/zeros/models/s3/simple_nparents1_nzr08_zdr05_ysize3_8.csv
[2024-10-14T10:32:02.136426][INFO][seed9] Saved data to: /mnt/beegfs/rcabanas/dev/credici/papers/zeros/models/s3/simple_nparents1_nzr08_zdr05_ysize3_9.csv
[2024-10-14T10:32:02.125696][INFO][seed12] No feasible solution... resampling
[2024-10-14T10:32:02.139539][INFO][seed4] Sampled 1100 data instances
[2024-10-14T10:32:02.139806][INFO][seed4] Starting exact inference 
[2024-10-14T10:32:02.141657][INFO][seed2] Saved model to: /mnt/beegfs/rcabanas/dev/credici/papers/zeros/models/s3/simple_nparents1_nzr08_zdr05_ysize3_2.uai
[2024-10-14T10:32:02.145111][INFO][seed2] Saved queries to: /mnt/beegfs/rcabanas/dev/credici/papers/zeros/models/s3/simple_nparents1_nzr08_zdr05_ysize3_2_query.csv
[2024-10-14T10:32:02.145214][INFO][seed2] Closing log file
[2024-10-14T10:32:02.145300][INFO][seed2] Closed log file
[2024-10-14T10:32:02.152212][INFO][seed3] Saved data to: /mnt/beegfs/rcabanas/dev/credici/papers/zeros/models/s3/simple_nparents1_nzr08_zdr05_ysize3_3.csv
[2024-10-14T10:32:02.151975][INFO][seed8] Saved model to: /mnt/beegfs/rcabanas/dev/credici/papers/zeros/models/s3/simple_nparents1_nzr08_zdr05_ysize3_8.uai
[2024-10-14T10:32:02.155315][INFO][seed8] Saved queries to: /mnt/beegfs/rcabanas/dev/credici/papers/zeros/models/s3/simple_nparents1_nzr08_zdr05_ysize3_8_query.csv
[2024-10-14T10:32:02.155353][INFO][seed8] Closing log file
[2024-10-14T10:32:02.155378][INFO][seed8] Closed log file
[2024-10-14T10:32:02.154913][INFO][seed9] Saved model to: /mnt/beegfs/rcabanas/dev/credici/papers/zeros/models/s3/simple_nparents1_nzr08_zdr05_ysize3_9.uai
[2024-10-14T10:32:02.158308][INFO][seed9] Saved queries to: /mnt/beegfs/rcabanas/dev/credici/papers/zeros/models/s3/simple_nparents1_nzr08_zdr05_ysize3_9_query.csv
[2024-10-14T10:32:02.158352][INFO][seed9] Closing log file
[2024-10-14T10:32:02.158376][INFO][seed9] Closed log file
[2024-10-14T10:32:02.169227][INFO][seed3] Saved model to: /mnt/beegfs/rcabanas/dev/credici/papers/zeros/models/s3/simple_nparents1_nzr08_zdr05_ysize3_3.uai
[2024-10-14T10:32:02.172841][INFO][seed3] Saved queries to: /mnt/beegfs/rcabanas/dev/credici/papers/zeros/models/s3/simple_nparents1_nzr08_zdr05_ysize3_3_query.csv
[2024-10-14T10:32:02.172942][INFO][seed3] Closing log file
[2024-10-14T10:32:02.173021][INFO][seed3] Closed log file
[2024-10-14T10:32:02.195111][INFO][seed12] Sampled 1100 data instances
[2024-10-14T10:32:02.195643][INFO][seed12] Starting exact inference 
[2024-10-14T10:32:02.199669][INFO][seed5] Sampled 1000 data instances
[2024-10-14T10:32:02.200090][INFO][seed5] Starting exact inference 
[2024-10-14T10:32:02.212354][INFO][seed11] Sampled 1000 data instances
[2024-10-14T10:32:02.212705][INFO][seed11] Starting exact inference 
[2024-10-14T10:32:02.224156][INFO][seed6] Sampled 1000 data instances
[2024-10-14T10:32:02.224248][INFO][seed6] Starting exact inference 
[2024-10-14T10:32:02.229770][INFO][seed1] Sampled 1000 data instances
[2024-10-14T10:32:02.231094][INFO][seed0] Sampled 1000 data instances
[2024-10-14T10:32:02.231367][INFO][seed0] Starting exact inference 
[2024-10-14T10:32:02.230080][INFO][seed1] Starting exact inference 
[2024-10-14T10:32:02.249451][INFO][seed10] Sampled 1000 data instances
[2024-10-14T10:32:02.249691][INFO][seed10] Starting exact inference 
[2024-10-14T10:32:02.340890][INFO][seed4] PS(V1,V0) in [0.0, 0.0]
[2024-10-14T10:32:02.349461][INFO][seed4] PN(V1,V0) in [0.0, 0.0] 
[2024-10-14T10:32:02.375560][INFO][seed12] PS(V1,V0) in [0.0, 0.3837136800099763]
[2024-10-14T10:32:02.381969][INFO][seed12] PN(V1,V0) in [0.0, 1.0] 
[2024-10-14T10:32:02.388845][INFO][seed4] Saved data to: /mnt/beegfs/rcabanas/dev/credici/papers/zeros/models/s3/simple_nparents1_nzr08_zdr05_ysize3_4.csv
[2024-10-14T10:32:02.399796][INFO][seed4] Saved model to: /mnt/beegfs/rcabanas/dev/credici/papers/zeros/models/s3/simple_nparents1_nzr08_zdr05_ysize3_4.uai
[2024-10-14T10:32:02.403480][INFO][seed4] Saved queries to: /mnt/beegfs/rcabanas/dev/credici/papers/zeros/models/s3/simple_nparents1_nzr08_zdr05_ysize3_4_query.csv
[2024-10-14T10:32:02.403518][INFO][seed4] Closing log file
[2024-10-14T10:32:02.403542][INFO][seed4] Closed log file
[2024-10-14T10:32:02.411423][INFO][seed12] Saved data to: /mnt/beegfs/rcabanas/dev/credici/papers/zeros/models/s3/simple_nparents1_nzr08_zdr05_ysize3_12.csv
[2024-10-14T10:32:02.431637][INFO][seed12] Saved model to: /mnt/beegfs/rcabanas/dev/credici/papers/zeros/models/s3/simple_nparents1_nzr08_zdr05_ysize3_12.uai
[2024-10-14T10:32:02.436308][INFO][seed12] Saved queries to: /mnt/beegfs/rcabanas/dev/credici/papers/zeros/models/s3/simple_nparents1_nzr08_zdr05_ysize3_12_query.csv
[2024-10-14T10:32:02.436417][INFO][seed12] Closing log file
[2024-10-14T10:32:02.436492][INFO][seed12] Closed log file
['genn.py', '1', '0.8', '0.5', '38', '3']
['genn.py', '1', '0.8', '0.5', '83', '3']
['genn.py', '1', '0.8', '0.5', '62', '3']
1 0.8 0.5 38
/mnt/beegfs/rcabanas/dev/credici/papers/zeros/code/GenerateNparents.java
1 0.8 0.5 83
/mnt/beegfs/rcabanas/dev/credici/papers/zeros/code/GenerateNparents.java
1 0.8 0.5 62
/mnt/beegfs/rcabanas/dev/credici/papers/zeros/code/GenerateNparents.java
['genn.py', '1', '0.8', '0.5', '24', '3']
1 0.8 0.5 24
/mnt/beegfs/rcabanas/dev/credici/papers/zeros/code/GenerateNparents.java

[error occurred during error reporting ((null)), id 0x7, SIGBUS (0x7) at pc=0x00007f8a0dcd0bb0]

#
# A fatal error has been detected by the Java Runtime Environment:
#
#  SIGBUS (0x7) at pc=0x00007f8a0dce4ec0, pid=113100, tid=113206
#
# JRE version:  (13.0.7+5) (build )
# Java VM: OpenJDK 64-Bit Server VM (13.0.7+5-Ubuntu-0ubuntu120.04, mixed mode, tiered, serial gc, linux-amd64)
# Problematic frame:
# V  [libjvm.so+0x8d9ec0]
#
# No core dump will be written. Core dumps have been disabled. To enable core dumping, try "ulimit -c unlimited" before starting Java again
#
# An error report file with more information is saved as:
# /mnt/beegfs/rcabanas/dev/credici/papers/zeros/code/hs_err_pid113100.log
#
#
['genn.py', '1', '0.8', '0.5', '80', '3']
1 0.8 0.5 80
/mnt/beegfs/rcabanas/dev/credici/papers/zeros/code/GenerateNparents.java
['genn.py', '1', '0.8', '0.5', '87', '3']
1 0.8 0.5 87
/mnt/beegfs/rcabanas/dev/credici/papers/zeros/code/GenerateNparents.java
['genn.py', '1', '0.8', '0.5', '45', '3']
1 0.8 0.5 45
/mnt/beegfs/rcabanas/dev/credici/papers/zeros/code/GenerateNparents.java
Removed 000
Removed 000
Removed 000
Removed 000
Removed 000
Removed 000
Removed 000
Removed 000
Removed 000
Removed 000
Removed 000
Removed 000
Removed 000
Removed 000
Removed 000
Removed 000
Removed 000
Removed 000
Error in variable: 2
Error in variable: 2
[2024-10-14T10:32:03.639082][INFO][seed49] No feasible solution... resampling
[2024-10-14T10:32:03.637582][INFO][seed70] No feasible solution... resampling
[2024-10-14T10:32:03.715320][INFO][seed70] Sampled 1100 data instances
[2024-10-14T10:32:03.715581][INFO][seed70] Starting exact inference 
[2024-10-14T10:32:03.739502][INFO][seed49] Sampled 1100 data instances
[2024-10-14T10:32:03.739886][INFO][seed49] Starting exact inference 
[2024-10-14T10:32:03.841894][INFO][seed13] PS(V1,V0) in [0.0, 0.0548254714806105]
[2024-10-14T10:32:03.846845][INFO][seed19] PS(V1,V0) in [0.4196508052116209, 0.4312231933317149]
[2024-10-14T10:32:03.863158][INFO][seed13] PN(V1,V0) in [0.0, 0.4958298582151793] 
[2024-10-14T10:32:03.866724][INFO][seed19] PN(V1,V0) in [0.9731638086748458, 1.0] 
[2024-10-14T10:32:03.887028][INFO][seed17] PS(V1,V0) in [0.0, 0.43680317915884753]
[2024-10-14T10:32:03.891839][INFO][seed14] PS(V1,V0) in [0.7348952738990332, 1.0]
[2024-10-14T10:32:03.893446][INFO][seed17] PN(V1,V0) in [0.0, 1.0] 
[2024-10-14T10:32:03.902649][INFO][seed19] Saved data to: /mnt/beegfs/rcabanas/dev/credici/papers/zeros/models/s3/simple_nparents1_nzr08_zdr05_ysize3_19.csv
[2024-10-14T10:32:03.902733][INFO][seed13] Saved data to: /mnt/beegfs/rcabanas/dev/credici/papers/zeros/models/s3/simple_nparents1_nzr08_zdr05_ysize3_13.csv
[2024-10-14T10:32:03.909464][INFO][seed14] PN(V1,V0) in [0.6820135817083048, 0.9280418665503707] 
[2024-10-14T10:32:03.926582][INFO][seed13] Saved model to: /mnt/beegfs/rcabanas/dev/credici/papers/zeros/models/s3/simple_nparents1_nzr08_zdr05_ysize3_13.uai
[2024-10-14T10:32:03.935936][INFO][seed19] Saved model to: /mnt/beegfs/rcabanas/dev/credici/papers/zeros/models/s3/simple_nparents1_nzr08_zdr05_ysize3_19.uai
[2024-10-14T10:32:03.940398][INFO][seed17] Saved data to: /mnt/beegfs/rcabanas/dev/credici/papers/zeros/models/s3/simple_nparents1_nzr08_zdr05_ysize3_17.csv
[2024-10-14T10:32:03.942081][INFO][seed19] Saved queries to: /mnt/beegfs/rcabanas/dev/credici/papers/zeros/models/s3/simple_nparents1_nzr08_zdr05_ysize3_19_query.csv
[2024-10-14T10:32:03.941792][INFO][seed13] Saved queries to: /mnt/beegfs/rcabanas/dev/credici/papers/zeros/models/s3/simple_nparents1_nzr08_zdr05_ysize3_13_query.csv
[2024-10-14T10:32:03.941867][INFO][seed13] Closing log file
[2024-10-14T10:32:03.942157][INFO][seed19] Closing log file
[2024-10-14T10:32:03.942183][INFO][seed19] Closed log file
[2024-10-14T10:32:03.941894][INFO][seed13] Closed log file
[2024-10-14T10:32:03.958070][INFO][seed17] Saved model to: /mnt/beegfs/rcabanas/dev/credici/papers/zeros/models/s3/simple_nparents1_nzr08_zdr05_ysize3_17.uai
[2024-10-14T10:32:03.966012][INFO][seed14] Saved data to: /mnt/beegfs/rcabanas/dev/credici/papers/zeros/models/s3/simple_nparents1_nzr08_zdr05_ysize3_14.csv
[2024-10-14T10:32:03.970378][INFO][seed17] Saved queries to: /mnt/beegfs/rcabanas/dev/credici/papers/zeros/models/s3/simple_nparents1_nzr08_zdr05_ysize3_17_query.csv
[2024-10-14T10:32:03.970446][INFO][seed17] Closing log file
[2024-10-14T10:32:03.970472][INFO][seed17] Closed log file
[2024-10-14T10:32:04.026772][INFO][seed14] Saved model to: /mnt/beegfs/rcabanas/dev/credici/papers/zeros/models/s3/simple_nparents1_nzr08_zdr05_ysize3_14.uai
[2024-10-14T10:32:04.034471][INFO][seed14] Saved queries to: /mnt/beegfs/rcabanas/dev/credici/papers/zeros/models/s3/simple_nparents1_nzr08_zdr05_ysize3_14_query.csv
[2024-10-14T10:32:04.034544][INFO][seed14] Closing log file
[2024-10-14T10:32:04.034569][INFO][seed14] Closed log file
[2024-10-14T10:32:04.107106][INFO][seed28] No feasible solution... resampling
[2024-10-14T10:32:04.145179][INFO][seed46] PS(V1,V0) in [0.0, 0.7070182241178751]
[2024-10-14T10:32:04.147653][INFO][seed49] PS(V1,V0) in [0.0, 1.0]
[2024-10-14T10:32:04.151305][INFO][seed46] PN(V1,V0) in [0.0, 0.38983195792534314] 
[2024-10-14T10:32:04.154182][INFO][seed70] PS(V1,V0) in [0.1258746163963174, 0.8794914511179307]
[2024-10-14T10:32:04.166522][INFO][seed49] PN(V1,V0) in [0.0, 0.2999299874714423] 
[2024-10-14T10:32:04.170867][INFO][seed70] PN(V1,V0) in [0.14312204653759494, 1.0] 
[2024-10-14T10:32:04.186912][INFO][seed11] No feasible solution... resampling
[2024-10-14T10:32:04.196052][INFO][seed46] Saved data to: /mnt/beegfs/rcabanas/dev/credici/papers/zeros/models/s3/simple_nparents1_nzr08_zdr05_ysize3_46.csv
[2024-10-14T10:32:04.210820][INFO][seed46] Saved model to: /mnt/beegfs/rcabanas/dev/credici/papers/zeros/models/s3/simple_nparents1_nzr08_zdr05_ysize3_46.uai
[2024-10-14T10:32:04.211841][INFO][seed28] Sampled 1100 data instances
[2024-10-14T10:32:04.212144][INFO][seed28] Starting exact inference 
[2024-10-14T10:32:04.219380][INFO][seed49] Saved data to: /mnt/beegfs/rcabanas/dev/credici/papers/zeros/models/s3/simple_nparents1_nzr08_zdr05_ysize3_49.csv
[2024-10-14T10:32:04.224306][INFO][seed46] Saved queries to: /mnt/beegfs/rcabanas/dev/credici/papers/zeros/models/s3/simple_nparents1_nzr08_zdr05_ysize3_46_query.csv
[2024-10-14T10:32:04.224401][INFO][seed46] Closing log file
[2024-10-14T10:32:04.224426][INFO][seed46] Closed log file
[2024-10-14T10:32:04.225266][INFO][seed70] Saved data to: /mnt/beegfs/rcabanas/dev/credici/papers/zeros/models/s3/simple_nparents1_nzr08_zdr05_ysize3_70.csv
[2024-10-14T10:32:04.232511][INFO][seed49] Saved model to: /mnt/beegfs/rcabanas/dev/credici/papers/zeros/models/s3/simple_nparents1_nzr08_zdr05_ysize3_49.uai
[2024-10-14T10:32:04.240292][INFO][seed70] Saved model to: /mnt/beegfs/rcabanas/dev/credici/papers/zeros/models/s3/simple_nparents1_nzr08_zdr05_ysize3_70.uai
[2024-10-14T10:32:04.243038][INFO][seed5] No feasible solution... resampling
[2024-10-14T10:32:04.247295][INFO][seed49] Saved queries to: /mnt/beegfs/rcabanas/dev/credici/papers/zeros/models/s3/simple_nparents1_nzr08_zdr05_ysize3_49_query.csv
[2024-10-14T10:32:04.247415][INFO][seed49] Closing log file
[2024-10-14T10:32:04.247442][INFO][seed49] Closed log file
[2024-10-14T10:32:04.251217][INFO][seed70] Saved queries to: /mnt/beegfs/rcabanas/dev/credici/papers/zeros/models/s3/simple_nparents1_nzr08_zdr05_ysize3_70_query.csv
[2024-10-14T10:32:04.251543][INFO][seed70] Closing log file
[2024-10-14T10:32:04.251628][INFO][seed70] Closed log file
[2024-10-14T10:32:04.263753][INFO][seed10] PS(V1,V0) in [0.0, 0.0025199903077295855]
[2024-10-14T10:32:04.280657][INFO][seed10] PN(V1,V0) in [0.0, 0.018522916171930658] 
[2024-10-14T10:32:04.313692][INFO][seed11] Sampled 1100 data instances
[2024-10-14T10:32:04.318468][INFO][seed11] Starting exact inference 
[2024-10-14T10:32:04.326254][INFO][seed10] Saved data to: /mnt/beegfs/rcabanas/dev/credici/papers/zeros/models/s3/simple_nparents1_nzr08_zdr05_ysize3_10.csv
[2024-10-14T10:32:04.329286][INFO][seed0] PS(V1,V0) in [0.0, 0.8596637256534043]
[2024-10-14T10:32:04.337053][INFO][seed0] PN(V1,V0) in [0.0, 0.606958157028679] 
[2024-10-14T10:32:04.349146][INFO][seed5] Sampled 1100 data instances
[2024-10-14T10:32:04.349502][INFO][seed5] Starting exact inference 
[2024-10-14T10:32:04.356046][INFO][seed10] Saved model to: /mnt/beegfs/rcabanas/dev/credici/papers/zeros/models/s3/simple_nparents1_nzr08_zdr05_ysize3_10.uai
[2024-10-14T10:32:04.360632][INFO][seed10] Saved queries to: /mnt/beegfs/rcabanas/dev/credici/papers/zeros/models/s3/simple_nparents1_nzr08_zdr05_ysize3_10_query.csv
[2024-10-14T10:32:04.360925][INFO][seed10] Closing log file
[2024-10-14T10:32:04.361010][INFO][seed10] Closed log file
[2024-10-14T10:32:04.383132][INFO][seed0] Saved data to: /mnt/beegfs/rcabanas/dev/credici/papers/zeros/models/s3/simple_nparents1_nzr08_zdr05_ysize3_0.csv
[2024-10-14T10:32:04.386950][INFO][seed28] No feasible solution... resampling
[2024-10-14T10:32:04.407555][INFO][seed0] Saved model to: /mnt/beegfs/rcabanas/dev/credici/papers/zeros/models/s3/simple_nparents1_nzr08_zdr05_ysize3_0.uai
[2024-10-14T10:32:04.413114][INFO][seed0] Saved queries to: /mnt/beegfs/rcabanas/dev/credici/papers/zeros/models/s3/simple_nparents1_nzr08_zdr05_ysize3_0_query.csv
[2024-10-14T10:32:04.413367][INFO][seed0] Closing log file
[2024-10-14T10:32:04.413463][INFO][seed0] Closed log file
['genn.py', '1', '0.8', '0.5', '84', '3']
[2024-10-14T10:32:04.447535][INFO][seed6] PS(V1,V0) in [0.0, 1.0]
[2024-10-14T10:32:04.448910][INFO][seed1] PS(V1,V0) in [0.0, 1.0]
1 0.8 0.5 84
/mnt/beegfs/rcabanas/dev/credici/papers/zeros/code/GenerateNparents.java
[2024-10-14T10:32:04.461076][INFO][seed1] PN(V1,V0) in [0.0, 0.10270602706027063] 
[2024-10-14T10:32:04.473030][INFO][seed6] PN(V1,V0) in [0.0, 0.032320526446052385] 
[2024-10-14T10:32:04.474772][INFO][seed28] Sampled 1200 data instances
[2024-10-14T10:32:04.475135][INFO][seed28] Starting exact inference 
['genn.py', '1', '0.8', '0.5', '127', '3']
['genn.py', '1', '0.8', '0.5', '82', '3']
[2024-10-14T10:32:04.506090][INFO][seed1] Saved data to: /mnt/beegfs/rcabanas/dev/credici/papers/zeros/models/s3/simple_nparents1_nzr08_zdr05_ysize3_1.csv
[2024-10-14T10:32:04.518696][INFO][seed11] PS(V1,V0) in [0.0, 0.0]
[2024-10-14T10:32:04.502713][INFO][seed83] Set up logging
[2024-10-14T10:32:04.519427][INFO][seed83] args: -np;1;-nzr;0.8;-zdr;0.5;-o;/mnt/beegfs/rcabanas/dev/credici/papers/zeros/models/s3;-rw;-s;83;-ys;3
[2024-10-14T10:32:04.526068][INFO][seed6] Saved data to: /mnt/beegfs/rcabanas/dev/credici/papers/zeros/models/s3/simple_nparents1_nzr08_zdr05_ysize3_6.csv
1 0.8 0.5 127
/mnt/beegfs/rcabanas/dev/credici/papers/zeros/code/GenerateNparents.java
[2024-10-14T10:32:04.527935][INFO][seed11] PN(V1,V0) in [0.0, 0.0] 
1 0.8 0.5 82
/mnt/beegfs/rcabanas/dev/credici/papers/zeros/code/GenerateNparents.java
[2024-10-14T10:32:04.529414][INFO][seed5] PS(V1,V0) in [0.0, 0.0]
[2024-10-14T10:32:04.530326][INFO][seed1] Saved model to: /mnt/beegfs/rcabanas/dev/credici/papers/zeros/models/s3/simple_nparents1_nzr08_zdr05_ysize3_1.uai
[2024-10-14T10:32:04.536488][INFO][seed5] PN(V1,V0) in [0.0, 0.0] 
[2024-10-14T10:32:04.532411][INFO][seed83] Starting logger with seed 83
[2024-10-14T10:32:04.536468][INFO][seed83] simple_nparents1_nzr08_zdr05_ysize3_83
[2024-10-14T10:32:04.544699][INFO][seed1] Saved queries to: /mnt/beegfs/rcabanas/dev/credici/papers/zeros/models/s3/simple_nparents1_nzr08_zdr05_ysize3_1_query.csv
[2024-10-14T10:32:04.544824][INFO][seed1] Closing log file
[2024-10-14T10:32:04.544851][INFO][seed1] Closed log file
[2024-10-14T10:32:04.527606][INFO][seed62] Set up logging
[2024-10-14T10:32:04.551457][INFO][seed62] args: -np;1;-nzr;0.8;-zdr;0.5;-o;/mnt/beegfs/rcabanas/dev/credici/papers/zeros/models/s3;-rw;-s;62;-ys;3
[2024-10-14T10:32:04.552847][INFO][seed62] Starting logger with seed 62
[2024-10-14T10:32:04.555496][INFO][seed6] Saved model to: /mnt/beegfs/rcabanas/dev/credici/papers/zeros/models/s3/simple_nparents1_nzr08_zdr05_ysize3_6.uai
[2024-10-14T10:32:04.560082][INFO][seed6] Saved queries to: /mnt/beegfs/rcabanas/dev/credici/papers/zeros/models/s3/simple_nparents1_nzr08_zdr05_ysize3_6_query.csv
[2024-10-14T10:32:04.560378][INFO][seed6] Closing log file
[2024-10-14T10:32:04.560467][INFO][seed6] Closed log file
[2024-10-14T10:32:04.564816][INFO][seed62] simple_nparents1_nzr08_zdr05_ysize3_62
[2024-10-14T10:32:04.569521][INFO][seed11] Saved data to: /mnt/beegfs/rcabanas/dev/credici/papers/zeros/models/s3/simple_nparents1_nzr08_zdr05_ysize3_11.csv
[2024-10-14T10:32:04.576110][INFO][seed5] Saved data to: /mnt/beegfs/rcabanas/dev/credici/papers/zeros/models/s3/simple_nparents1_nzr08_zdr05_ysize3_5.csv
['genn.py', '1', '0.8', '0.5', '73', '3']
[2024-10-14T10:32:04.588303][INFO][seed5] Saved model to: /mnt/beegfs/rcabanas/dev/credici/papers/zeros/models/s3/simple_nparents1_nzr08_zdr05_ysize3_5.uai
[2024-10-14T10:32:04.591038][INFO][seed11] Saved model to: /mnt/beegfs/rcabanas/dev/credici/papers/zeros/models/s3/simple_nparents1_nzr08_zdr05_ysize3_11.uai
[2024-10-14T10:32:04.602840][INFO][seed5] Saved queries to: /mnt/beegfs/rcabanas/dev/credici/papers/zeros/models/s3/simple_nparents1_nzr08_zdr05_ysize3_5_query.csv
[2024-10-14T10:32:04.602927][INFO][seed5] Closing log file
[2024-10-14T10:32:04.602953][INFO][seed5] Closed log file
[2024-10-14T10:32:04.603780][INFO][seed11] Saved queries to: /mnt/beegfs/rcabanas/dev/credici/papers/zeros/models/s3/simple_nparents1_nzr08_zdr05_ysize3_11_query.csv
[2024-10-14T10:32:04.603879][INFO][seed11] Closing log file
[2024-10-14T10:32:04.603905][INFO][seed11] Closed log file
1 0.8 0.5 73
/mnt/beegfs/rcabanas/dev/credici/papers/zeros/code/GenerateNparents.java
[2024-10-14T10:32:04.622355][INFO][seed38] Set up logging
[2024-10-14T10:32:04.644972][INFO][seed38] args: -np;1;-nzr;0.8;-zdr;0.5;-o;/mnt/beegfs/rcabanas/dev/credici/papers/zeros/models/s3;-rw;-s;38;-ys;3
[2024-10-14T10:32:04.647501][INFO][seed38] Starting logger with seed 38
[2024-10-14T10:32:04.662788][INFO][seed38] simple_nparents1_nzr08_zdr05_ysize3_38
[2024-10-14T10:32:04.676565][INFO][seed28] PS(V1,V0) in [0.0, 1.0]
['genn.py', '1', '0.8', '0.5', '142', '3']
[2024-10-14T10:32:04.688056][INFO][seed28] PN(V1,V0) in [0.0, 0.007038686393280006] 
1 0.8 0.5 142
/mnt/beegfs/rcabanas/dev/credici/papers/zeros/code/GenerateNparents.java
[2024-10-14T10:32:04.720288][INFO][seed28] Saved data to: /mnt/beegfs/rcabanas/dev/credici/papers/zeros/models/s3/simple_nparents1_nzr08_zdr05_ysize3_28.csv
[2024-10-14T10:32:04.734174][INFO][seed83] U cardinality: 9
[2024-10-14T10:32:04.738645][INFO][seed62] U cardinality: 9
[2024-10-14T10:32:04.736877][INFO][seed28] Saved model to: /mnt/beegfs/rcabanas/dev/credici/papers/zeros/models/s3/simple_nparents1_nzr08_zdr05_ysize3_28.uai
[2024-10-14T10:32:04.740420][INFO][seed83] !0 = [0, 3, 4, 5, 6, 7, 8]
[2024-10-14T10:32:04.742609][INFO][seed83] 0 = [1, 2]
[2024-10-14T10:32:04.742561][INFO][seed62] !0 = [1, 3, 4, 5, 6, 7, 8]
[2024-10-14T10:32:04.743191][INFO][seed62] 0 = [0, 2]
[2024-10-14T10:32:04.744165][INFO][seed83] U cardinality: 9
[2024-10-14T10:32:04.745217][INFO][seed28] Saved queries to: /mnt/beegfs/rcabanas/dev/credici/papers/zeros/models/s3/simple_nparents1_nzr08_zdr05_ysize3_28_query.csv
[2024-10-14T10:32:04.745447][INFO][seed28] Closing log file
[2024-10-14T10:32:04.745537][INFO][seed28] Closed log file
[2024-10-14T10:32:04.747291][INFO][seed62] Dropping state 0
[2024-10-14T10:32:04.748572][INFO][seed83] 
[P([3]) [0.444, 0.556], P([2]) [0.338, 0.0, 0.0, 0.028, 0.002, 0.001, 0.002, 0.618, 0.011], P([1, 3]) [1.0, 0.0, 0.0, 1.0], P([0, 1, 2]) [1.0, 0.0, 0.0, 1.0, 0.0, 0.0, 1.0, 0.0, 0.0, 0.0, 1.0, 0.0, 1.0, 0.0, 0.0, 0.0, 0.0, 1.0, 0.0, 1.0, 0.0, 1.0, 0.0, 0.0, 0.0, 1.0, 0.0, 0.0, 1.0, 0.0, 0.0, 1.0, 0.0, 0.0, 0.0, 1.0, 0.0, 0.0, 1.0, 1.0, 0.0, 0.0, 0.0, 0.0, 1.0, 0.0, 1.0, 0.0, 0.0, 0.0, 1.0, 0.0, 0.0, 1.0]]

[2024-10-14T10:32:04.749349][INFO][seed62] U cardinality: 8
['genn.py', '1', '0.8', '0.5', '101', '3']
[2024-10-14T10:32:04.752950][INFO][seed62] 
[P([3]) [0.411, 0.589], P([2]) [0.008, 0.0, 0.476, 0.028, 0.196, 0.019, 0.175, 0.098], P([1, 3]) [1.0, 0.0, 0.0, 1.0], P([0, 1, 2]) [1.0, 0.0, 0.0, 0.0, 1.0, 0.0, 1.0, 0.0, 0.0, 0.0, 0.0, 1.0, 0.0, 1.0, 0.0, 1.0, 0.0, 0.0, 0.0, 1.0, 0.0, 0.0, 1.0, 0.0, 0.0, 1.0, 0.0, 0.0, 0.0, 1.0, 0.0, 0.0, 1.0, 1.0, 0.0, 0.0, 0.0, 0.0, 1.0, 0.0, 1.0, 0.0, 0.0, 0.0, 1.0, 0.0, 0.0, 1.0]]

['genn.py', '1', '0.8', '0.5', '117', '3']
1 0.8 0.5 101
/mnt/beegfs/rcabanas/dev/credici/papers/zeros/code/GenerateNparents.java
1 0.8 0.5 117
/mnt/beegfs/rcabanas/dev/credici/papers/zeros/code/GenerateNparents.java
[2024-10-14T10:32:04.813777][INFO][seed80] Set up logging
[2024-10-14T10:32:04.832893][INFO][seed80] args: -np;1;-nzr;0.8;-zdr;0.5;-o;/mnt/beegfs/rcabanas/dev/credici/papers/zeros/models/s3;-rw;-s;80;-ys;3
[2024-10-14T10:32:04.835001][INFO][seed80] Starting logger with seed 80
[2024-10-14T10:32:04.843077][INFO][seed38] U cardinality: 9
[2024-10-14T10:32:04.847820][INFO][seed38] !0 = [0, 2, 4, 5, 6, 7, 8]
[2024-10-14T10:32:04.848085][INFO][seed38] 0 = [1, 3]
[2024-10-14T10:32:04.852629][INFO][seed38] Dropping state 3
[2024-10-14T10:32:04.854074][INFO][seed38] Dropping state 1
[2024-10-14T10:32:04.856333][INFO][seed38] U cardinality: 7
[2024-10-14T10:32:04.860852][INFO][seed38] 
[P([3]) [0.994, 0.006], P([2]) [0.27, 0.111, 0.202, 0.005, 0.003, 0.002, 0.407], P([1, 3]) [1.0, 0.0, 0.0, 1.0], P([0, 1, 2]) [1.0, 0.0, 0.0, 1.0, 0.0, 0.0, 1.0, 0.0, 0.0, 0.0, 0.0, 1.0, 0.0, 1.0, 0.0, 0.0, 1.0, 0.0, 0.0, 1.0, 0.0, 0.0, 0.0, 1.0, 0.0, 0.0, 1.0, 1.0, 0.0, 0.0, 0.0, 0.0, 1.0, 0.0, 1.0, 0.0, 0.0, 0.0, 1.0, 0.0, 0.0, 1.0]]

[2024-10-14T10:32:04.877346][INFO][seed80] simple_nparents1_nzr08_zdr05_ysize3_80
['genn.py', '1', '0.8', '0.5', '132', '3']
[2024-10-14T10:32:04.909978][INFO][seed87] Set up logging
[2024-10-14T10:32:04.931788][INFO][seed87] args: -np;1;-nzr;0.8;-zdr;0.5;-o;/mnt/beegfs/rcabanas/dev/credici/papers/zeros/models/s3;-rw;-s;87;-ys;3
[2024-10-14T10:32:04.935766][INFO][seed87] Starting logger with seed 87
1 0.8 0.5 132
[2024-10-14T10:32:04.939568][INFO][seed62] Sampled 1000 data instances
[2024-10-14T10:32:04.940138][INFO][seed87] simple_nparents1_nzr08_zdr05_ysize3_87
/mnt/beegfs/rcabanas/dev/credici/papers/zeros/code/GenerateNparents.java
[2024-10-14T10:32:04.939818][INFO][seed62] Starting exact inference 
[2024-10-14T10:32:04.957730][INFO][seed83] Sampled 1000 data instances
[2024-10-14T10:32:04.957969][INFO][seed83] Starting exact inference 
[2024-10-14T10:32:05.010306][INFO][seed80] U cardinality: 9
[2024-10-14T10:32:05.014291][INFO][seed80] !0 = [0, 1, 2, 4, 5, 6, 8]
[2024-10-14T10:32:05.014560][INFO][seed80] 0 = [3, 7]
[2024-10-14T10:32:05.020051][INFO][seed80] Dropping state 7
[2024-10-14T10:32:05.020784][INFO][seed80] Dropping state 3
[2024-10-14T10:32:05.022912][INFO][seed80] U cardinality: 7
[2024-10-14T10:32:05.027621][INFO][seed80] 
[P([3]) [0.648, 0.352], P([2]) [0.202, 0.001, 0.498, 0.194, 0.039, 0.006, 0.06], P([1, 3]) [1.0, 0.0, 0.0, 1.0], P([0, 1, 2]) [1.0, 0.0, 0.0, 1.0, 0.0, 0.0, 1.0, 0.0, 0.0, 0.0, 1.0, 0.0, 1.0, 0.0, 0.0, 0.0, 0.0, 1.0, 0.0, 1.0, 0.0, 0.0, 1.0, 0.0, 0.0, 1.0, 0.0, 0.0, 0.0, 1.0, 0.0, 0.0, 1.0, 1.0, 0.0, 0.0, 0.0, 0.0, 1.0, 0.0, 0.0, 1.0]]

[2024-10-14T10:32:05.039082][INFO][seed38] Sampled 1000 data instances
[2024-10-14T10:32:05.039340][INFO][seed38] Starting exact inference 
['genn.py', '1', '0.8', '0.5', '135', '3']
[2024-10-14T10:32:05.107747][INFO][seed87] U cardinality: 9
[2024-10-14T10:32:05.112828][INFO][seed87] !0 = [0, 2, 3, 4, 5, 6, 7]
[2024-10-14T10:32:05.113118][INFO][seed87] 0 = [1, 8]
[2024-10-14T10:32:05.117334][INFO][seed87] Dropping state 1
[2024-10-14T10:32:05.119575][INFO][seed87] U cardinality: 8
[2024-10-14T10:32:05.130916][INFO][seed87] 
[P([3]) [0.737, 0.263], P([2]) [0.684, 0.002, 0.123, 0.137, 0.034, 0.002, 0.018, 0.0], P([1, 3]) [1.0, 0.0, 0.0, 1.0], P([0, 1, 2]) [1.0, 0.0, 0.0, 1.0, 0.0, 0.0, 1.0, 0.0, 0.0, 0.0, 0.0, 1.0, 0.0, 1.0, 0.0, 1.0, 0.0, 0.0, 0.0, 1.0, 0.0, 0.0, 1.0, 0.0, 0.0, 1.0, 0.0, 0.0, 0.0, 1.0, 0.0, 0.0, 1.0, 1.0, 0.0, 0.0, 0.0, 0.0, 1.0, 0.0, 1.0, 0.0, 0.0, 0.0, 1.0, 0.0, 0.0, 1.0]]

1 0.8 0.5 135
/mnt/beegfs/rcabanas/dev/credici/papers/zeros/code/GenerateNparents.java
[2024-10-14T10:32:05.212252][INFO][seed80] Sampled 1000 data instances
[2024-10-14T10:32:05.212509][INFO][seed80] Starting exact inference 
[2024-10-14T10:32:05.331231][INFO][seed87] Sampled 1000 data instances
[2024-10-14T10:32:05.331495][INFO][seed87] Starting exact inference 
[2024-10-14T10:32:05.322005][INFO][seed45] Set up logging
[2024-10-14T10:32:05.334611][INFO][seed45] args: -np;1;-nzr;0.8;-zdr;0.5;-o;/mnt/beegfs/rcabanas/dev/credici/papers/zeros/models/s3;-rw;-s;45;-ys;3
[2024-10-14T10:32:05.344820][INFO][seed45] Starting logger with seed 45
[2024-10-14T10:32:05.352826][INFO][seed45] simple_nparents1_nzr08_zdr05_ysize3_45
[2024-10-14T10:32:05.560499][INFO][seed45] U cardinality: 9
[2024-10-14T10:32:05.566268][INFO][seed45] !0 = [1, 2, 3, 4, 5, 6, 7]
[2024-10-14T10:32:05.566594][INFO][seed45] 0 = [0, 8]
[2024-10-14T10:32:05.568212][INFO][seed45] U cardinality: 9
[2024-10-14T10:32:05.577357][INFO][seed45] 
[P([3]) [0.257, 0.743], P([2]) [0.0, 0.005, 0.004, 0.009, 0.859, 0.003, 0.03, 0.09, 0.0], P([1, 3]) [1.0, 0.0, 0.0, 1.0], P([0, 1, 2]) [1.0, 0.0, 0.0, 1.0, 0.0, 0.0, 1.0, 0.0, 0.0, 0.0, 1.0, 0.0, 1.0, 0.0, 0.0, 0.0, 0.0, 1.0, 0.0, 1.0, 0.0, 1.0, 0.0, 0.0, 0.0, 1.0, 0.0, 0.0, 1.0, 0.0, 0.0, 1.0, 0.0, 0.0, 0.0, 1.0, 0.0, 0.0, 1.0, 1.0, 0.0, 0.0, 0.0, 0.0, 1.0, 0.0, 1.0, 0.0, 0.0, 0.0, 1.0, 0.0, 0.0, 1.0]]

['genn.py', '1', '0.8', '0.5', '169', '3']
['genn.py', '1', '0.8', '0.5', '157', '3']
[2024-10-14T10:32:05.793903][INFO][seed45] Sampled 1000 data instances
[2024-10-14T10:32:05.793990][INFO][seed45] Starting exact inference 
['genn.py', '1', '0.8', '0.5', '136', '3']
1 0.8 0.5 157
1 0.8 0.5 169
/mnt/beegfs/rcabanas/dev/credici/papers/zeros/code/GenerateNparents.java
/mnt/beegfs/rcabanas/dev/credici/papers/zeros/code/GenerateNparents.java
1 0.8 0.5 136
/mnt/beegfs/rcabanas/dev/credici/papers/zeros/code/GenerateNparents.java
['genn.py', '1', '0.8', '0.5', '193', '3']
['genn.py', '1', '0.8', '0.5', '164', '3']
[2024-10-14T10:32:05.933356][INFO][seed62] PS(V1,V0) in [0.0, 1.0]
1 0.8 0.5 193
/mnt/beegfs/rcabanas/dev/credici/papers/zeros/code/GenerateNparents.java
1 0.8 0.5 164
/mnt/beegfs/rcabanas/dev/credici/papers/zeros/code/GenerateNparents.java
[2024-10-14T10:32:05.957320][INFO][seed62] PN(V1,V0) in [0.0, 0.022599980347843177] 
[2024-10-14T10:32:05.979165][INFO][seed62] Saved data to: /mnt/beegfs/rcabanas/dev/credici/papers/zeros/models/s3/simple_nparents1_nzr08_zdr05_ysize3_62.csv
[2024-10-14T10:32:05.997141][INFO][seed62] Saved model to: /mnt/beegfs/rcabanas/dev/credici/papers/zeros/models/s3/simple_nparents1_nzr08_zdr05_ysize3_62.uai
[2024-10-14T10:32:05.998327][INFO][seed83] PS(V1,V0) in [0.0, 1.0]
[2024-10-14T10:32:06.000688][INFO][seed62] Saved queries to: /mnt/beegfs/rcabanas/dev/credici/papers/zeros/models/s3/simple_nparents1_nzr08_zdr05_ysize3_62_query.csv
[2024-10-14T10:32:06.000792][INFO][seed62] Closing log file
[2024-10-14T10:32:06.000867][INFO][seed62] Closed log file
[2024-10-14T10:32:06.011974][INFO][seed83] PN(V1,V0) in [0.0, 0.5994897091342065] 
[2024-10-14T10:32:06.029010][INFO][seed38] PS(V1,V0) in [0.0, 0.0]
[2024-10-14T10:32:06.048346][INFO][seed38] PN(V1,V0) in [0.0, 0.0] 
[2024-10-14T10:32:06.056958][INFO][seed83] Saved data to: /mnt/beegfs/rcabanas/dev/credici/papers/zeros/models/s3/simple_nparents1_nzr08_zdr05_ysize3_83.csv
[2024-10-14T10:32:06.065978][INFO][seed83] Saved model to: /mnt/beegfs/rcabanas/dev/credici/papers/zeros/models/s3/simple_nparents1_nzr08_zdr05_ysize3_83.uai
[2024-10-14T10:32:06.077578][INFO][seed38] Saved data to: /mnt/beegfs/rcabanas/dev/credici/papers/zeros/models/s3/simple_nparents1_nzr08_zdr05_ysize3_38.csv
[2024-10-14T10:32:06.077812][INFO][seed83] Saved queries to: /mnt/beegfs/rcabanas/dev/credici/papers/zeros/models/s3/simple_nparents1_nzr08_zdr05_ysize3_83_query.csv
[2024-10-14T10:32:06.077861][INFO][seed83] Closing log file
[2024-10-14T10:32:06.077885][INFO][seed83] Closed log file
[2024-10-14T10:32:06.087859][INFO][seed38] Saved model to: /mnt/beegfs/rcabanas/dev/credici/papers/zeros/models/s3/simple_nparents1_nzr08_zdr05_ysize3_38.uai
[2024-10-14T10:32:06.090991][INFO][seed38] Saved queries to: /mnt/beegfs/rcabanas/dev/credici/papers/zeros/models/s3/simple_nparents1_nzr08_zdr05_ysize3_38_query.csv
[2024-10-14T10:32:06.091081][INFO][seed38] Closing log file
[2024-10-14T10:32:06.091164][INFO][seed38] Closed log file
[2024-10-14T10:32:06.120816][INFO][seed80] PS(V1,V0) in [0.0, 0.29597031539888685]
[2024-10-14T10:32:06.125599][INFO][seed80] PN(V1,V0) in [0.0, 1.0] 
[2024-10-14T10:32:06.163153][INFO][seed80] Saved data to: /mnt/beegfs/rcabanas/dev/credici/papers/zeros/models/s3/simple_nparents1_nzr08_zdr05_ysize3_80.csv
[2024-10-14T10:32:06.181365][INFO][seed80] Saved model to: /mnt/beegfs/rcabanas/dev/credici/papers/zeros/models/s3/simple_nparents1_nzr08_zdr05_ysize3_80.uai
[2024-10-14T10:32:06.184694][INFO][seed80] Saved queries to: /mnt/beegfs/rcabanas/dev/credici/papers/zeros/models/s3/simple_nparents1_nzr08_zdr05_ysize3_80_query.csv
[2024-10-14T10:32:06.184734][INFO][seed80] Closing log file
[2024-10-14T10:32:06.184763][INFO][seed80] Closed log file
[2024-10-14T10:32:06.263887][INFO][seed87] PS(V1,V0) in [0.0, 0.0]
[2024-10-14T10:32:06.275718][INFO][seed87] PN(V1,V0) in [0.0, 0.0] 
[2024-10-14T10:32:06.322590][INFO][seed87] Saved data to: /mnt/beegfs/rcabanas/dev/credici/papers/zeros/models/s3/simple_nparents1_nzr08_zdr05_ysize3_87.csv
[2024-10-14T10:32:06.334688][INFO][seed87] Saved model to: /mnt/beegfs/rcabanas/dev/credici/papers/zeros/models/s3/simple_nparents1_nzr08_zdr05_ysize3_87.uai
[2024-10-14T10:32:06.338484][INFO][seed87] Saved queries to: /mnt/beegfs/rcabanas/dev/credici/papers/zeros/models/s3/simple_nparents1_nzr08_zdr05_ysize3_87_query.csv
[2024-10-14T10:32:06.338589][INFO][seed87] Closing log file
[2024-10-14T10:32:06.338667][INFO][seed87] Closed log file
['genn.py', '1', '0.8', '0.5', '195', '3']
1 0.8 0.5 195
/mnt/beegfs/rcabanas/dev/credici/papers/zeros/code/GenerateNparents.java
['genn.py', '1', '0.8', '0.5', '94', '3']
['genn.py', '1', '0.8', '0.5', '32', '3']
1 0.8 0.5 94
/mnt/beegfs/rcabanas/dev/credici/papers/zeros/code/GenerateNparents.java
1 0.8 0.5 32
/mnt/beegfs/rcabanas/dev/credici/papers/zeros/code/GenerateNparents.java
['genn.py', '1', '0.8', '0.5', '64', '3']
1 0.8 0.5 64
/mnt/beegfs/rcabanas/dev/credici/papers/zeros/code/GenerateNparents.java
['genn.py', '1', '0.8', '0.5', '40', '3']
Removed 000
1 0.8 0.5 40
Removed 000
Removed 000
Removed 000
Removed 000
Removed 000
Removed 000
Removed 000
Removed 000
Removed 000
Removed 000
Removed 000
/mnt/beegfs/rcabanas/dev/credici/papers/zeros/code/GenerateNparents.java
Error in variable: 2
[2024-10-14T10:32:06.759785][INFO][seed45] No feasible solution... resampling
[2024-10-14T10:32:06.834092][INFO][seed45] Sampled 1100 data instances
[2024-10-14T10:32:06.837047][INFO][seed45] Starting exact inference 
[2024-10-14T10:32:07.015549][INFO][seed84] Set up logging
[2024-10-14T10:32:07.054362][INFO][seed84] args: -np;1;-nzr;0.8;-zdr;0.5;-o;/mnt/beegfs/rcabanas/dev/credici/papers/zeros/models/s3;-rw;-s;84;-ys;3
[2024-10-14T10:32:07.065581][INFO][seed84] Starting logger with seed 84
[2024-10-14T10:32:07.082076][INFO][seed84] simple_nparents1_nzr08_zdr05_ysize3_84
[2024-10-14T10:32:07.125668][INFO][seed45] PS(V1,V0) in [0.0, 1.0]
[2024-10-14T10:32:07.139860][INFO][seed45] PN(V1,V0) in [0.0, 0.007222778891115565] 
[2024-10-14T10:32:07.131862][INFO][seed82] Set up logging
[2024-10-14T10:32:07.168584][INFO][seed82] args: -np;1;-nzr;0.8;-zdr;0.5;-o;/mnt/beegfs/rcabanas/dev/credici/papers/zeros/models/s3;-rw;-s;82;-ys;3
[2024-10-14T10:32:07.167666][INFO][seed127] Set up logging
[2024-10-14T10:32:07.177913][INFO][seed82] Starting logger with seed 82
[2024-10-14T10:32:07.179112][INFO][seed127] args: -np;1;-nzr;0.8;-zdr;0.5;-o;/mnt/beegfs/rcabanas/dev/credici/papers/zeros/models/s3;-rw;-s;127;-ys;3
[2024-10-14T10:32:07.187728][INFO][seed127] Starting logger with seed 127
[2024-10-14T10:32:07.188180][INFO][seed45] Saved data to: /mnt/beegfs/rcabanas/dev/credici/papers/zeros/models/s3/simple_nparents1_nzr08_zdr05_ysize3_45.csv
[2024-10-14T10:32:07.199047][INFO][seed45] Saved model to: /mnt/beegfs/rcabanas/dev/credici/papers/zeros/models/s3/simple_nparents1_nzr08_zdr05_ysize3_45.uai
[2024-10-14T10:32:07.201851][INFO][seed127] simple_nparents1_nzr08_zdr05_ysize3_127
[2024-10-14T10:32:07.202977][INFO][seed45] Saved queries to: /mnt/beegfs/rcabanas/dev/credici/papers/zeros/models/s3/simple_nparents1_nzr08_zdr05_ysize3_45_query.csv
[2024-10-14T10:32:07.203099][INFO][seed45] Closing log file
[2024-10-14T10:32:07.203182][INFO][seed45] Closed log file
[2024-10-14T10:32:07.250213][INFO][seed82] simple_nparents1_nzr08_zdr05_ysize3_82
[2024-10-14T10:32:07.235602][INFO][seed73] Set up logging
[2024-10-14T10:32:07.256294][INFO][seed73] args: -np;1;-nzr;0.8;-zdr;0.5;-o;/mnt/beegfs/rcabanas/dev/credici/papers/zeros/models/s3;-rw;-s;73;-ys;3
[2024-10-14T10:32:07.263817][INFO][seed73] Starting logger with seed 73
[2024-10-14T10:32:07.278112][INFO][seed73] simple_nparents1_nzr08_zdr05_ysize3_73
[2024-10-14T10:32:07.423493][INFO][seed142] Set up logging
[2024-10-14T10:32:07.447222][INFO][seed142] args: -np;1;-nzr;0.8;-zdr;0.5;-o;/mnt/beegfs/rcabanas/dev/credici/papers/zeros/models/s3;-rw;-s;142;-ys;3
[2024-10-14T10:32:07.449782][INFO][seed142] Starting logger with seed 142
[2024-10-14T10:32:07.464298][INFO][seed142] simple_nparents1_nzr08_zdr05_ysize3_142
[2024-10-14T10:32:07.553987][INFO][seed84] U cardinality: 9
[2024-10-14T10:32:07.559820][INFO][seed127] U cardinality: 9
[2024-10-14T10:32:07.560468][INFO][seed82] U cardinality: 9
[2024-10-14T10:32:07.561534][INFO][seed84] !0 = [2, 3, 4, 5, 6, 7, 8]
[2024-10-14T10:32:07.562371][INFO][seed84] 0 = [0, 1]
[2024-10-14T10:32:07.566723][INFO][seed127] !0 = [0, 1, 2, 3, 4, 7, 8]
[2024-10-14T10:32:07.567348][INFO][seed127] 0 = [5, 6]
[2024-10-14T10:32:07.569499][INFO][seed82] !0 = [2, 3, 4, 5, 6, 7, 8]
[2024-10-14T10:32:07.570220][INFO][seed82] 0 = [0, 1]
[2024-10-14T10:32:07.570913][INFO][seed84] Dropping state 1
[2024-10-14T10:32:07.571553][INFO][seed127] U cardinality: 9
[2024-10-14T10:32:07.574261][INFO][seed84] U cardinality: 8
[2024-10-14T10:32:07.575905][INFO][seed82] Dropping state 1
[2024-10-14T10:32:07.578918][INFO][seed127] 
[P([3]) [0.784, 0.216], P([2]) [0.148, 0.001, 0.274, 0.002, 0.349, 0.0, 0.0, 0.223, 0.003], P([1, 3]) [1.0, 0.0, 0.0, 1.0], P([0, 1, 2]) [1.0, 0.0, 0.0, 1.0, 0.0, 0.0, 1.0, 0.0, 0.0, 0.0, 1.0, 0.0, 1.0, 0.0, 0.0, 0.0, 0.0, 1.0, 0.0, 1.0, 0.0, 1.0, 0.0, 0.0, 0.0, 1.0, 0.0, 0.0, 1.0, 0.0, 0.0, 1.0, 0.0, 0.0, 0.0, 1.0, 0.0, 0.0, 1.0, 1.0, 0.0, 0.0, 0.0, 0.0, 1.0, 0.0, 1.0, 0.0, 0.0, 0.0, 1.0, 0.0, 0.0, 1.0]]

[2024-10-14T10:32:07.581808][INFO][seed82] U cardinality: 8
[2024-10-14T10:32:07.582131][INFO][seed84] 
[P([3]) [0.532, 0.468], P([2]) [0.0, 0.101, 0.016, 0.002, 0.158, 0.001, 0.508, 0.214], P([1, 3]) [1.0, 0.0, 0.0, 1.0], P([0, 1, 2]) [1.0, 0.0, 0.0, 1.0, 0.0, 0.0, 1.0, 0.0, 0.0, 0.0, 0.0, 1.0, 0.0, 1.0, 0.0, 1.0, 0.0, 0.0, 0.0, 1.0, 0.0, 0.0, 1.0, 0.0, 0.0, 1.0, 0.0, 0.0, 0.0, 1.0, 0.0, 0.0, 1.0, 1.0, 0.0, 0.0, 0.0, 0.0, 1.0, 0.0, 1.0, 0.0, 0.0, 0.0, 1.0, 0.0, 0.0, 1.0]]

[2024-10-14T10:32:07.587414][INFO][seed82] 
[P([3]) [0.24, 0.76], P([2]) [0.0, 0.001, 0.138, 0.739, 0.001, 0.025, 0.067, 0.029], P([1, 3]) [1.0, 0.0, 0.0, 1.0], P([0, 1, 2]) [1.0, 0.0, 0.0, 1.0, 0.0, 0.0, 1.0, 0.0, 0.0, 0.0, 0.0, 1.0, 0.0, 1.0, 0.0, 1.0, 0.0, 0.0, 0.0, 1.0, 0.0, 0.0, 1.0, 0.0, 0.0, 1.0, 0.0, 0.0, 0.0, 1.0, 0.0, 0.0, 1.0, 1.0, 0.0, 0.0, 0.0, 0.0, 1.0, 0.0, 1.0, 0.0, 0.0, 0.0, 1.0, 0.0, 0.0, 1.0]]

[2024-10-14T10:32:07.574370][INFO][seed101] Set up logging
[2024-10-14T10:32:07.599636][INFO][seed101] args: -np;1;-nzr;0.8;-zdr;0.5;-o;/mnt/beegfs/rcabanas/dev/credici/papers/zeros/models/s3;-rw;-s;101;-ys;3
[2024-10-14T10:32:07.603702][INFO][seed101] Starting logger with seed 101
[2024-10-14T10:32:07.604063][INFO][seed73] U cardinality: 9
[2024-10-14T10:32:07.610329][INFO][seed73] !0 = [0, 1, 2, 4, 6, 7, 8]
[2024-10-14T10:32:07.611018][INFO][seed73] 0 = [3, 5]
[2024-10-14T10:32:07.617498][INFO][seed73] Dropping state 5
[2024-10-14T10:32:07.619715][INFO][seed73] Dropping state 3
[2024-10-14T10:32:07.620505][INFO][seed101] simple_nparents1_nzr08_zdr05_ysize3_101
[2024-10-14T10:32:07.623079][INFO][seed73] U cardinality: 7
['genn.py', '1', '0.8', '0.5', '106', '3']
[2024-10-14T10:32:07.602186][INFO][seed117] Set up logging
[2024-10-14T10:32:07.635760][INFO][seed117] args: -np;1;-nzr;0.8;-zdr;0.5;-o;/mnt/beegfs/rcabanas/dev/credici/papers/zeros/models/s3;-rw;-s;117;-ys;3
[2024-10-14T10:32:07.638299][INFO][seed73] 
[P([3]) [0.544, 0.456], P([2]) [0.46, 0.129, 0.016, 0.004, 0.006, 0.015, 0.37], P([1, 3]) [1.0, 0.0, 0.0, 1.0], P([0, 1, 2]) [1.0, 0.0, 0.0, 1.0, 0.0, 0.0, 1.0, 0.0, 0.0, 0.0, 1.0, 0.0, 1.0, 0.0, 0.0, 0.0, 0.0, 1.0, 0.0, 1.0, 0.0, 0.0, 1.0, 0.0, 0.0, 0.0, 1.0, 1.0, 0.0, 0.0, 0.0, 0.0, 1.0, 0.0, 1.0, 0.0, 0.0, 0.0, 1.0, 0.0, 0.0, 1.0]]

[2024-10-14T10:32:07.639816][INFO][seed117] Starting logger with seed 117
[2024-10-14T10:32:07.631901][INFO][seed132] Set up logging
[2024-10-14T10:32:07.658088][INFO][seed117] simple_nparents1_nzr08_zdr05_ysize3_117
[2024-10-14T10:32:07.658779][INFO][seed132] args: -np;1;-nzr;0.8;-zdr;0.5;-o;/mnt/beegfs/rcabanas/dev/credici/papers/zeros/models/s3;-rw;-s;132;-ys;3
1 0.8 0.5 106
/mnt/beegfs/rcabanas/dev/credici/papers/zeros/code/GenerateNparents.java
[2024-10-14T10:32:07.669353][INFO][seed132] Starting logger with seed 132
[2024-10-14T10:32:07.692130][INFO][seed132] simple_nparents1_nzr08_zdr05_ysize3_132
[2024-10-14T10:32:07.757823][INFO][seed142] U cardinality: 9
[2024-10-14T10:32:07.763986][INFO][seed142] !0 = [0, 1, 2, 3, 5, 6, 7]
[2024-10-14T10:32:07.764537][INFO][seed142] 0 = [4, 8]
[2024-10-14T10:32:07.770896][INFO][seed142] Dropping state 8
[2024-10-14T10:32:07.773237][INFO][seed142] Dropping state 4
[2024-10-14T10:32:07.778452][INFO][seed142] U cardinality: 7
[2024-10-14T10:32:07.805064][INFO][seed142] 
[P([3]) [0.667, 0.333], P([2]) [0.005, 0.001, 0.018, 0.132, 0.001, 0.002, 0.841], P([1, 3]) [1.0, 0.0, 0.0, 1.0], P([0, 1, 2]) [1.0, 0.0, 0.0, 1.0, 0.0, 0.0, 1.0, 0.0, 0.0, 0.0, 1.0, 0.0, 1.0, 0.0, 0.0, 0.0, 0.0, 1.0, 0.0, 1.0, 0.0, 1.0, 0.0, 0.0, 0.0, 1.0, 0.0, 0.0, 0.0, 1.0, 0.0, 0.0, 1.0, 1.0, 0.0, 0.0, 0.0, 0.0, 1.0, 0.0, 1.0, 0.0]]

[2024-10-14T10:32:07.816799][INFO][seed84] Sampled 1000 data instances
[2024-10-14T10:32:07.817210][INFO][seed84] Starting exact inference 
[2024-10-14T10:32:07.828215][INFO][seed82] Sampled 1000 data instances
[2024-10-14T10:32:07.828336][INFO][seed127] Sampled 1000 data instances
[2024-10-14T10:32:07.828626][INFO][seed82] Starting exact inference 
[2024-10-14T10:32:07.828679][INFO][seed127] Starting exact inference 
[2024-10-14T10:32:07.862680][INFO][seed73] Sampled 1000 data instances
[2024-10-14T10:32:07.863095][INFO][seed73] Starting exact inference 
[2024-10-14T10:32:07.940788][INFO][seed101] U cardinality: 9
[2024-10-14T10:32:07.952237][INFO][seed101] !0 = [0, 1, 3, 4, 5, 7, 8]
[2024-10-14T10:32:07.952744][INFO][seed101] 0 = [2, 6]
[2024-10-14T10:32:07.958594][INFO][seed101] Dropping state 2
[2024-10-14T10:32:07.961827][INFO][seed101] U cardinality: 8
[2024-10-14T10:32:07.967771][INFO][seed117] U cardinality: 9
[2024-10-14T10:32:07.971324][INFO][seed101] 
[P([3]) [0.831, 0.169], P([2]) [0.011, 0.06, 0.001, 0.016, 0.017, 0.0, 0.041, 0.854], P([1, 3]) [1.0, 0.0, 0.0, 1.0], P([0, 1, 2]) [1.0, 0.0, 0.0, 1.0, 0.0, 0.0, 1.0, 0.0, 0.0, 0.0, 1.0, 0.0, 0.0, 1.0, 0.0, 1.0, 0.0, 0.0, 0.0, 1.0, 0.0, 0.0, 1.0, 0.0, 0.0, 1.0, 0.0, 0.0, 0.0, 1.0, 0.0, 0.0, 1.0, 1.0, 0.0, 0.0, 0.0, 0.0, 1.0, 0.0, 1.0, 0.0, 0.0, 0.0, 1.0, 0.0, 0.0, 1.0]]

[2024-10-14T10:32:07.973862][INFO][seed117] !0 = [0, 1, 2, 3, 4, 6, 7]
[2024-10-14T10:32:07.974324][INFO][seed117] 0 = [5, 8]
[2024-10-14T10:32:07.980345][INFO][seed117] Dropping state 8
[2024-10-14T10:32:07.981628][INFO][seed117] Dropping state 5
[2024-10-14T10:32:07.987653][INFO][seed117] U cardinality: 7
[2024-10-14T10:32:08.003162][INFO][seed117] 
[P([3]) [0.222, 0.778], P([2]) [0.001, 0.001, 0.002, 0.019, 0.005, 0.004, 0.968], P([1, 3]) [1.0, 0.0, 0.0, 1.0], P([0, 1, 2]) [1.0, 0.0, 0.0, 1.0, 0.0, 0.0, 1.0, 0.0, 0.0, 0.0, 1.0, 0.0, 1.0, 0.0, 0.0, 0.0, 0.0, 1.0, 0.0, 1.0, 0.0, 1.0, 0.0, 0.0, 0.0, 1.0, 0.0, 0.0, 1.0, 0.0, 0.0, 0.0, 1.0, 1.0, 0.0, 0.0, 0.0, 0.0, 1.0, 0.0, 1.0, 0.0]]

[2024-10-14T10:32:08.052942][INFO][seed132] U cardinality: 9
[2024-10-14T10:32:08.058883][INFO][seed132] !0 = [0, 1, 2, 3, 5, 6, 7]
[2024-10-14T10:32:08.059462][INFO][seed132] 0 = [4, 8]
[2024-10-14T10:32:08.067241][INFO][seed132] Dropping state 8
[2024-10-14T10:32:08.068125][INFO][seed142] Sampled 1000 data instances
[2024-10-14T10:32:08.068507][INFO][seed142] Starting exact inference 
[2024-10-14T10:32:08.070999][INFO][seed132] U cardinality: 8
[2024-10-14T10:32:08.052107][INFO][seed135] Set up logging
[2024-10-14T10:32:08.081523][INFO][seed135] args: -np;1;-nzr;0.8;-zdr;0.5;-o;/mnt/beegfs/rcabanas/dev/credici/papers/zeros/models/s3;-rw;-s;135;-ys;3
[2024-10-14T10:32:08.084352][INFO][seed132] 
[P([3]) [0.105, 0.895], P([2]) [0.001, 0.404, 0.001, 0.04, 0.0, 0.179, 0.001, 0.374], P([1, 3]) [1.0, 0.0, 0.0, 1.0], P([0, 1, 2]) [1.0, 0.0, 0.0, 1.0, 0.0, 0.0, 1.0, 0.0, 0.0, 0.0, 1.0, 0.0, 1.0, 0.0, 0.0, 0.0, 0.0, 1.0, 0.0, 1.0, 0.0, 1.0, 0.0, 0.0, 0.0, 1.0, 0.0, 0.0, 1.0, 0.0, 0.0, 1.0, 0.0, 0.0, 0.0, 1.0, 0.0, 0.0, 1.0, 1.0, 0.0, 0.0, 0.0, 0.0, 1.0, 0.0, 1.0, 0.0]]

[2024-10-14T10:32:08.085940][INFO][seed135] Starting logger with seed 135
[2024-10-14T10:32:08.104598][INFO][seed135] simple_nparents1_nzr08_zdr05_ysize3_135
[2024-10-14T10:32:08.216566][INFO][seed101] Sampled 1000 data instances
[2024-10-14T10:32:08.218192][INFO][seed101] Starting exact inference 
[2024-10-14T10:32:08.248865][INFO][seed117] Sampled 1000 data instances
[2024-10-14T10:32:08.249235][INFO][seed117] Starting exact inference 
[2024-10-14T10:32:08.329440][INFO][seed132] Sampled 1000 data instances
[2024-10-14T10:32:08.329832][INFO][seed132] Starting exact inference 
[2024-10-14T10:32:08.364283][INFO][seed195] Set up logging
[2024-10-14T10:32:08.383426][INFO][seed195] args: -np;1;-nzr;0.8;-zdr;0.5;-o;/mnt/beegfs/rcabanas/dev/credici/papers/zeros/models/s3;-rw;-s;195;-ys;3
[2024-10-14T10:32:08.387549][INFO][seed195] Starting logger with seed 195
[2024-10-14T10:32:08.400285][INFO][seed195] simple_nparents1_nzr08_zdr05_ysize3_195
[2024-10-14T10:32:08.418946][INFO][seed135] U cardinality: 9
[2024-10-14T10:32:08.424512][INFO][seed135] !0 = [0, 1, 2, 4, 5, 6, 7]
[2024-10-14T10:32:08.424969][INFO][seed135] 0 = [3, 8]
[2024-10-14T10:32:08.440473][INFO][seed135] Dropping state 3
[2024-10-14T10:32:08.447167][INFO][seed135] U cardinality: 8
[2024-10-14T10:32:08.454156][INFO][seed135] 
[P([3]) [0.101, 0.899], P([2]) [0.004, 0.004, 0.013, 0.001, 0.319, 0.003, 0.656, 0.0], P([1, 3]) [1.0, 0.0, 0.0, 1.0], P([0, 1, 2]) [1.0, 0.0, 0.0, 1.0, 0.0, 0.0, 1.0, 0.0, 0.0, 0.0, 1.0, 0.0, 1.0, 0.0, 0.0, 0.0, 0.0, 1.0, 0.0, 1.0, 0.0, 0.0, 1.0, 0.0, 0.0, 1.0, 0.0, 0.0, 0.0, 1.0, 0.0, 0.0, 1.0, 1.0, 0.0, 0.0, 0.0, 0.0, 1.0, 0.0, 1.0, 0.0, 0.0, 0.0, 1.0, 0.0, 0.0, 1.0]]

[2024-10-14T10:32:08.461211][INFO][seed94] Set up logging
[2024-10-14T10:32:08.481954][INFO][seed94] args: -np;1;-nzr;0.8;-zdr;0.5;-o;/mnt/beegfs/rcabanas/dev/credici/papers/zeros/models/s3;-rw;-s;94;-ys;3
[2024-10-14T10:32:08.483392][INFO][seed94] Starting logger with seed 94
[2024-10-14T10:32:08.503554][INFO][seed32] Set up logging
[2024-10-14T10:32:08.514388][INFO][seed32] args: -np;1;-nzr;0.8;-zdr;0.5;-o;/mnt/beegfs/rcabanas/dev/credici/papers/zeros/models/s3;-rw;-s;32;-ys;3
[2024-10-14T10:32:08.515903][INFO][seed32] Starting logger with seed 32
[2024-10-14T10:32:08.531891][INFO][seed32] simple_nparents1_nzr08_zdr05_ysize3_32
[2024-10-14T10:32:08.537120][INFO][seed64] Set up logging
[2024-10-14T10:32:08.545936][INFO][seed64] args: -np;1;-nzr;0.8;-zdr;0.5;-o;/mnt/beegfs/rcabanas/dev/credici/papers/zeros/models/s3;-rw;-s;64;-ys;3
[2024-10-14T10:32:08.551497][INFO][seed94] simple_nparents1_nzr08_zdr05_ysize3_94
[2024-10-14T10:32:08.556622][INFO][seed64] Starting logger with seed 64
[2024-10-14T10:32:08.563734][INFO][seed64] simple_nparents1_nzr08_zdr05_ysize3_64
[2024-10-14T10:32:08.579904][INFO][seed195] U cardinality: 9
[2024-10-14T10:32:08.584075][INFO][seed195] !0 = [1, 2, 3, 4, 6, 7, 8]
[2024-10-14T10:32:08.584361][INFO][seed195] 0 = [0, 5]
[2024-10-14T10:32:08.585901][INFO][seed195] U cardinality: 9
[2024-10-14T10:32:08.591278][INFO][seed195] 
[P([3]) [0.706, 0.294], P([2]) [0.0, 0.089, 0.001, 0.235, 0.371, 0.0, 0.022, 0.268, 0.014], P([1, 3]) [1.0, 0.0, 0.0, 1.0], P([0, 1, 2]) [1.0, 0.0, 0.0, 1.0, 0.0, 0.0, 1.0, 0.0, 0.0, 0.0, 1.0, 0.0, 1.0, 0.0, 0.0, 0.0, 0.0, 1.0, 0.0, 1.0, 0.0, 1.0, 0.0, 0.0, 0.0, 1.0, 0.0, 0.0, 1.0, 0.0, 0.0, 1.0, 0.0, 0.0, 0.0, 1.0, 0.0, 0.0, 1.0, 1.0, 0.0, 0.0, 0.0, 0.0, 1.0, 0.0, 1.0, 0.0, 0.0, 0.0, 1.0, 0.0, 0.0, 1.0]]

[2024-10-14T10:32:08.681835][INFO][seed135] Sampled 1000 data instances
[2024-10-14T10:32:08.682142][INFO][seed135] Starting exact inference 
[2024-10-14T10:32:08.682353][INFO][seed94] U cardinality: 9
[2024-10-14T10:32:08.687448][INFO][seed94] !0 = [0, 1, 2, 3, 4, 5, 6]
[2024-10-14T10:32:08.687737][INFO][seed94] 0 = [7, 8]
[2024-10-14T10:32:08.693613][INFO][seed94] Dropping state 8
[2024-10-14T10:32:08.694533][INFO][seed94] Dropping state 7
[2024-10-14T10:32:08.697902][INFO][seed94] U cardinality: 7
[2024-10-14T10:32:08.707649][INFO][seed32] U cardinality: 9
[2024-10-14T10:32:08.712139][INFO][seed32] !0 = [0, 1, 2, 3, 4, 5, 8]
[2024-10-14T10:32:08.712419][INFO][seed32] 0 = [6, 7]
[2024-10-14T10:32:08.713103][INFO][seed94] 
[P([3]) [0.696, 0.304], P([2]) [0.448, 0.002, 0.003, 0.03, 0.189, 0.005, 0.323], P([1, 3]) [1.0, 0.0, 0.0, 1.0], P([0, 1, 2]) [1.0, 0.0, 0.0, 1.0, 0.0, 0.0, 1.0, 0.0, 0.0, 0.0, 1.0, 0.0, 1.0, 0.0, 0.0, 0.0, 0.0, 1.0, 0.0, 1.0, 0.0, 1.0, 0.0, 0.0, 0.0, 1.0, 0.0, 0.0, 1.0, 0.0, 0.0, 1.0, 0.0, 0.0, 0.0, 1.0, 0.0, 0.0, 1.0, 1.0, 0.0, 0.0]]

[2024-10-14T10:32:08.717284][INFO][seed32] Dropping state 7
[2024-10-14T10:32:08.719726][INFO][seed32] U cardinality: 8
[2024-10-14T10:32:08.727814][INFO][seed32] 
[P([3]) [0.405, 0.595], P([2]) [0.194, 0.088, 0.006, 0.242, 0.005, 0.443, 0.0, 0.022], P([1, 3]) [1.0, 0.0, 0.0, 1.0], P([0, 1, 2]) [1.0, 0.0, 0.0, 1.0, 0.0, 0.0, 1.0, 0.0, 0.0, 0.0, 1.0, 0.0, 1.0, 0.0, 0.0, 0.0, 0.0, 1.0, 0.0, 1.0, 0.0, 1.0, 0.0, 0.0, 0.0, 1.0, 0.0, 0.0, 1.0, 0.0, 0.0, 1.0, 0.0, 0.0, 0.0, 1.0, 0.0, 0.0, 1.0, 1.0, 0.0, 0.0, 0.0, 0.0, 1.0, 0.0, 0.0, 1.0]]

[2024-10-14T10:32:08.727443][INFO][seed40] Set up logging
[2024-10-14T10:32:08.755103][INFO][seed40] args: -np;1;-nzr;0.8;-zdr;0.5;-o;/mnt/beegfs/rcabanas/dev/credici/papers/zeros/models/s3;-rw;-s;40;-ys;3
[2024-10-14T10:32:08.756867][INFO][seed40] Starting logger with seed 40
[2024-10-14T10:32:08.764208][INFO][seed40] simple_nparents1_nzr08_zdr05_ysize3_40
[2024-10-14T10:32:08.767806][INFO][seed64] U cardinality: 9
[2024-10-14T10:32:08.775953][INFO][seed64] !0 = [1, 2, 3, 4, 5, 6, 8]
[2024-10-14T10:32:08.777152][INFO][seed195] Sampled 1000 data instances
[2024-10-14T10:32:08.776500][INFO][seed64] 0 = [0, 7]
[2024-10-14T10:32:08.777409][INFO][seed195] Starting exact inference 
[2024-10-14T10:32:08.782025][INFO][seed64] Dropping state 0
[2024-10-14T10:32:08.784132][INFO][seed64] U cardinality: 8
[2024-10-14T10:32:08.799536][INFO][seed64] 
[P([3]) [0.701, 0.299], P([2]) [0.002, 0.004, 0.101, 0.084, 0.232, 0.005, 0.0, 0.572], P([1, 3]) [1.0, 0.0, 0.0, 1.0], P([0, 1, 2]) [1.0, 0.0, 0.0, 0.0, 1.0, 0.0, 1.0, 0.0, 0.0, 0.0, 0.0, 1.0, 0.0, 1.0, 0.0, 1.0, 0.0, 0.0, 0.0, 1.0, 0.0, 0.0, 1.0, 0.0, 0.0, 1.0, 0.0, 0.0, 0.0, 1.0, 0.0, 0.0, 1.0, 1.0, 0.0, 0.0, 0.0, 0.0, 1.0, 0.0, 1.0, 0.0, 0.0, 0.0, 1.0, 0.0, 0.0, 1.0]]

[2024-10-14T10:32:08.780143][INFO][seed157] Set up logging
[2024-10-14T10:32:08.810299][INFO][seed157] args: -np;1;-nzr;0.8;-zdr;0.5;-o;/mnt/beegfs/rcabanas/dev/credici/papers/zeros/models/s3;-rw;-s;157;-ys;3
[2024-10-14T10:32:08.815075][INFO][seed157] Starting logger with seed 157
[2024-10-14T10:32:08.831][INFO][seed157] simple_nparents1_nzr08_zdr05_ysize3_157
[2024-10-14T10:32:08.887009][INFO][seed94] Sampled 1000 data instances
[2024-10-14T10:32:08.887251][INFO][seed94] Starting exact inference 
[2024-10-14T10:32:08.908899][INFO][seed32] Sampled 1000 data instances
[2024-10-14T10:32:08.909158][INFO][seed32] Starting exact inference 
[2024-10-14T10:32:08.892429][INFO][seed164] Set up logging
[2024-10-14T10:32:08.917296][INFO][seed164] args: -np;1;-nzr;0.8;-zdr;0.5;-o;/mnt/beegfs/rcabanas/dev/credici/papers/zeros/models/s3;-rw;-s;164;-ys;3
[2024-10-14T10:32:08.919354][INFO][seed164] Starting logger with seed 164
[2024-10-14T10:32:08.931547][INFO][seed164] simple_nparents1_nzr08_zdr05_ysize3_164
[2024-10-14T10:32:08.971654][INFO][seed40] U cardinality: 9
[2024-10-14T10:32:08.976337][INFO][seed40] !0 = [1, 2, 4, 5, 6, 7, 8]
[2024-10-14T10:32:08.976619][INFO][seed40] 0 = [0, 3]
[2024-10-14T10:32:08.980424][INFO][seed64] Sampled 1000 data instances
[2024-10-14T10:32:08.980661][INFO][seed64] Starting exact inference 
[2024-10-14T10:32:08.985144][INFO][seed40] Dropping state 3
[2024-10-14T10:32:08.987173][INFO][seed40] U cardinality: 8
[2024-10-14T10:32:08.994724][INFO][seed40] 
[P([3]) [0.234, 0.766], P([2]) [0.0, 0.471, 0.002, 0.147, 0.002, 0.002, 0.002, 0.374], P([1, 3]) [1.0, 0.0, 0.0, 1.0], P([0, 1, 2]) [1.0, 0.0, 0.0, 1.0, 0.0, 0.0, 1.0, 0.0, 0.0, 0.0, 1.0, 0.0, 1.0, 0.0, 0.0, 0.0, 0.0, 1.0, 0.0, 1.0, 0.0, 0.0, 1.0, 0.0, 0.0, 1.0, 0.0, 0.0, 0.0, 1.0, 0.0, 0.0, 1.0, 1.0, 0.0, 0.0, 0.0, 0.0, 1.0, 0.0, 1.0, 0.0, 0.0, 0.0, 1.0, 0.0, 0.0, 1.0]]

[2024-10-14T10:32:08.982726][INFO][seed169] Set up logging
[2024-10-14T10:32:09.010749][INFO][seed169] args: -np;1;-nzr;0.8;-zdr;0.5;-o;/mnt/beegfs/rcabanas/dev/credici/papers/zeros/models/s3;-rw;-s;169;-ys;3
[2024-10-14T10:32:09.013654][INFO][seed169] Starting logger with seed 169
[2024-10-14T10:32:09.029730][INFO][seed169] simple_nparents1_nzr08_zdr05_ysize3_169
[2024-10-14T10:32:09.004585][INFO][seed136] Set up logging
[2024-10-14T10:32:09.032782][INFO][seed136] args: -np;1;-nzr;0.8;-zdr;0.5;-o;/mnt/beegfs/rcabanas/dev/credici/papers/zeros/models/s3;-rw;-s;136;-ys;3
[2024-10-14T10:32:09.035601][INFO][seed136] Starting logger with seed 136
[2024-10-14T10:32:09.049491][INFO][seed136] simple_nparents1_nzr08_zdr05_ysize3_136
[2024-10-14T10:32:09.141849][INFO][seed193] Set up logging
[2024-10-14T10:32:09.172383][INFO][seed193] args: -np;1;-nzr;0.8;-zdr;0.5;-o;/mnt/beegfs/rcabanas/dev/credici/papers/zeros/models/s3;-rw;-s;193;-ys;3
[2024-10-14T10:32:09.175096][INFO][seed193] Starting logger with seed 193
[2024-10-14T10:32:09.176313][INFO][seed40] Sampled 1000 data instances
[2024-10-14T10:32:09.176565][INFO][seed40] Starting exact inference 
[2024-10-14T10:32:09.191075][INFO][seed193] simple_nparents1_nzr08_zdr05_ysize3_193
[2024-10-14T10:32:09.223045][INFO][seed157] U cardinality: 9
[2024-10-14T10:32:09.229633][INFO][seed157] !0 = [1, 2, 3, 4, 5, 6, 7]
[2024-10-14T10:32:09.230133][INFO][seed157] 0 = [0, 8]
[2024-10-14T10:32:09.232454][INFO][seed157] U cardinality: 9
[2024-10-14T10:32:09.246398][INFO][seed157] 
[P([3]) [0.893, 0.107], P([2]) [0.0, 0.047, 0.256, 0.155, 0.097, 0.053, 0.138, 0.254, 0.0], P([1, 3]) [1.0, 0.0, 0.0, 1.0], P([0, 1, 2]) [1.0, 0.0, 0.0, 1.0, 0.0, 0.0, 1.0, 0.0, 0.0, 0.0, 1.0, 0.0, 1.0, 0.0, 0.0, 0.0, 0.0, 1.0, 0.0, 1.0, 0.0, 1.0, 0.0, 0.0, 0.0, 1.0, 0.0, 0.0, 1.0, 0.0, 0.0, 1.0, 0.0, 0.0, 0.0, 1.0, 0.0, 0.0, 1.0, 1.0, 0.0, 0.0, 0.0, 0.0, 1.0, 0.0, 1.0, 0.0, 0.0, 0.0, 1.0, 0.0, 0.0, 1.0]]

[2024-10-14T10:32:09.330522][INFO][seed164] U cardinality: 9
[2024-10-14T10:32:09.337995][INFO][seed164] !0 = [0, 1, 3, 4, 5, 7, 8]
[2024-10-14T10:32:09.338471][INFO][seed164] 0 = [2, 6]
[2024-10-14T10:32:09.340950][INFO][seed164] U cardinality: 9
[2024-10-14T10:32:09.348198][INFO][seed82] No feasible solution... resampling
[2024-10-14T10:32:09.369449][INFO][seed164] 
[P([3]) [0.789, 0.211], P([2]) [0.089, 0.002, 0.0, 0.195, 0.001, 0.002, 0.0, 0.514, 0.197], P([1, 3]) [1.0, 0.0, 0.0, 1.0], P([0, 1, 2]) [1.0, 0.0, 0.0, 1.0, 0.0, 0.0, 1.0, 0.0, 0.0, 0.0, 1.0, 0.0, 1.0, 0.0, 0.0, 0.0, 0.0, 1.0, 0.0, 1.0, 0.0, 1.0, 0.0, 0.0, 0.0, 1.0, 0.0, 0.0, 1.0, 0.0, 0.0, 1.0, 0.0, 0.0, 0.0, 1.0, 0.0, 0.0, 1.0, 1.0, 0.0, 0.0, 0.0, 0.0, 1.0, 0.0, 1.0, 0.0, 0.0, 0.0, 1.0, 0.0, 0.0, 1.0]]

[2024-10-14T10:32:09.432745][INFO][seed82] Sampled 1100 data instances
[2024-10-14T10:32:09.432992][INFO][seed82] Starting exact inference 
[2024-10-14T10:32:09.467414][INFO][seed157] Sampled 1000 data instances
[2024-10-14T10:32:09.467660][INFO][seed157] Starting exact inference 
[2024-10-14T10:32:09.470876][INFO][seed84] PS(V1,V0) in [0.0, 0.0]
[2024-10-14T10:32:09.472340][INFO][seed169] U cardinality: 9
[2024-10-14T10:32:09.479152][INFO][seed169] !0 = [0, 1, 2, 3, 5, 6, 8]
[2024-10-14T10:32:09.479632][INFO][seed169] 0 = [4, 7]
[2024-10-14T10:32:09.482311][INFO][seed169] U cardinality: 9
[2024-10-14T10:32:09.486443][INFO][seed84] PN(V1,V0) in [0.0, 0.0] 
[2024-10-14T10:32:09.489536][INFO][seed136] U cardinality: 9
[2024-10-14T10:32:09.498529][INFO][seed136] !0 = [0, 1, 3, 5, 6, 7, 8]
[2024-10-14T10:32:09.499037][INFO][seed136] 0 = [2, 4]
[2024-10-14T10:32:09.503092][INFO][seed169] 
[P([3]) [0.235, 0.765], P([2]) [0.001, 0.903, 0.008, 0.018, 0.0, 0.003, 0.002, 0.0, 0.065], P([1, 3]) [1.0, 0.0, 0.0, 1.0], P([0, 1, 2]) [1.0, 0.0, 0.0, 1.0, 0.0, 0.0, 1.0, 0.0, 0.0, 0.0, 1.0, 0.0, 1.0, 0.0, 0.0, 0.0, 0.0, 1.0, 0.0, 1.0, 0.0, 1.0, 0.0, 0.0, 0.0, 1.0, 0.0, 0.0, 1.0, 0.0, 0.0, 1.0, 0.0, 0.0, 0.0, 1.0, 0.0, 0.0, 1.0, 1.0, 0.0, 0.0, 0.0, 0.0, 1.0, 0.0, 1.0, 0.0, 0.0, 0.0, 1.0, 0.0, 0.0, 1.0]]

[2024-10-14T10:32:09.508858][INFO][seed136] Dropping state 4
[2024-10-14T10:32:09.509852][INFO][seed136] Dropping state 2
[2024-10-14T10:32:09.512377][INFO][seed136] U cardinality: 7
[2024-10-14T10:32:09.524966][INFO][seed136] 
[P([3]) [0.078, 0.922], P([2]) [0.037, 0.002, 0.016, 0.914, 0.004, 0.001, 0.026], P([1, 3]) [1.0, 0.0, 0.0, 1.0], P([0, 1, 2]) [1.0, 0.0, 0.0, 1.0, 0.0, 0.0, 1.0, 0.0, 0.0, 0.0, 1.0, 0.0, 0.0, 1.0, 0.0, 1.0, 0.0, 0.0, 0.0, 1.0, 0.0, 0.0, 0.0, 1.0, 0.0, 0.0, 1.0, 1.0, 0.0, 0.0, 0.0, 0.0, 1.0, 0.0, 1.0, 0.0, 0.0, 0.0, 1.0, 0.0, 0.0, 1.0]]

[2024-10-14T10:32:09.531981][INFO][seed127] PS(V1,V0) in [0.0, 1.0]
[2024-10-14T10:32:09.537936][INFO][seed84] Saved data to: /mnt/beegfs/rcabanas/dev/credici/papers/zeros/models/s3/simple_nparents1_nzr08_zdr05_ysize3_84.csv
[2024-10-14T10:32:09.542293][INFO][seed73] PS(V1,V0) in [0.0, 0.26510457346177213]
[2024-10-14T10:32:09.550094][INFO][seed73] PN(V1,V0) in [0.0, 0.9652426693629929] 
[2024-10-14T10:32:09.559485][INFO][seed127] PN(V1,V0) in [0.0, 0.7224832821254292] 
[2024-10-14T10:32:09.578867][INFO][seed84] Saved model to: /mnt/beegfs/rcabanas/dev/credici/papers/zeros/models/s3/simple_nparents1_nzr08_zdr05_ysize3_84.uai
[2024-10-14T10:32:09.585697][INFO][seed164] Sampled 1000 data instances
[2024-10-14T10:32:09.586073][INFO][seed164] Starting exact inference 
[2024-10-14T10:32:09.589381][INFO][seed84] Saved queries to: /mnt/beegfs/rcabanas/dev/credici/papers/zeros/models/s3/simple_nparents1_nzr08_zdr05_ysize3_84_query.csv
[2024-10-14T10:32:09.589626][INFO][seed84] Closing log file
[2024-10-14T10:32:09.589713][INFO][seed84] Closed log file
[2024-10-14T10:32:09.606928][INFO][seed73] Saved data to: /mnt/beegfs/rcabanas/dev/credici/papers/zeros/models/s3/simple_nparents1_nzr08_zdr05_ysize3_73.csv
[2024-10-14T10:32:09.605685][INFO][seed82] No feasible solution... resampling
[2024-10-14T10:32:09.616954][INFO][seed127] Saved data to: /mnt/beegfs/rcabanas/dev/credici/papers/zeros/models/s3/simple_nparents1_nzr08_zdr05_ysize3_127.csv
[2024-10-14T10:32:09.646862][INFO][seed73] Saved model to: /mnt/beegfs/rcabanas/dev/credici/papers/zeros/models/s3/simple_nparents1_nzr08_zdr05_ysize3_73.uai
[2024-10-14T10:32:09.647183][INFO][seed127] Saved model to: /mnt/beegfs/rcabanas/dev/credici/papers/zeros/models/s3/simple_nparents1_nzr08_zdr05_ysize3_127.uai
[2024-10-14T10:32:09.651427][INFO][seed73] Saved queries to: /mnt/beegfs/rcabanas/dev/credici/papers/zeros/models/s3/simple_nparents1_nzr08_zdr05_ysize3_73_query.csv
[2024-10-14T10:32:09.651491][INFO][seed73] Closing log file
[2024-10-14T10:32:09.651518][INFO][seed73] Closed log file
[2024-10-14T10:32:09.652139][INFO][seed127] Saved queries to: /mnt/beegfs/rcabanas/dev/credici/papers/zeros/models/s3/simple_nparents1_nzr08_zdr05_ysize3_127_query.csv
[2024-10-14T10:32:09.652208][INFO][seed127] Closing log file
[2024-10-14T10:32:09.652234][INFO][seed127] Closed log file
[2024-10-14T10:32:09.682516][INFO][seed82] Sampled 1200 data instances
[2024-10-14T10:32:09.682788][INFO][seed82] Starting exact inference 
[2024-10-14T10:32:09.695754][INFO][seed193] U cardinality: 9
[2024-10-14T10:32:09.703580][INFO][seed193] !0 = [0, 1, 3, 4, 5, 6, 7]
[2024-10-14T10:32:09.704279][INFO][seed193] 0 = [2, 8]
[2024-10-14T10:32:09.707047][INFO][seed193] U cardinality: 9
[2024-10-14T10:32:09.700393][INFO][seed106] Set up logging
[2024-10-14T10:32:09.724722][INFO][seed106] args: -np;1;-nzr;0.8;-zdr;0.5;-o;/mnt/beegfs/rcabanas/dev/credici/papers/zeros/models/s3;-rw;-s;106;-ys;3
[2024-10-14T10:32:09.726579][INFO][seed106] Starting logger with seed 106
[2024-10-14T10:32:09.726464][INFO][seed193] 
[P([3]) [0.297, 0.703], P([2]) [0.001, 0.003, 0.0, 0.002, 0.001, 0.985, 0.001, 0.007, 0.0], P([1, 3]) [1.0, 0.0, 0.0, 1.0], P([0, 1, 2]) [1.0, 0.0, 0.0, 1.0, 0.0, 0.0, 1.0, 0.0, 0.0, 0.0, 1.0, 0.0, 1.0, 0.0, 0.0, 0.0, 0.0, 1.0, 0.0, 1.0, 0.0, 1.0, 0.0, 0.0, 0.0, 1.0, 0.0, 0.0, 1.0, 0.0, 0.0, 1.0, 0.0, 0.0, 0.0, 1.0, 0.0, 0.0, 1.0, 1.0, 0.0, 0.0, 0.0, 0.0, 1.0, 0.0, 1.0, 0.0, 0.0, 0.0, 1.0, 0.0, 0.0, 1.0]]

[2024-10-14T10:32:09.735758][INFO][seed142] PS(V1,V0) in [0.0, 1.0]
[2024-10-14T10:32:09.736262][INFO][seed169] Sampled 1000 data instances
[2024-10-14T10:32:09.736859][INFO][seed106] simple_nparents1_nzr08_zdr05_ysize3_106
[2024-10-14T10:32:09.736521][INFO][seed169] Starting exact inference 
[2024-10-14T10:32:09.746723][INFO][seed136] Sampled 1000 data instances
[2024-10-14T10:32:09.746998][INFO][seed136] Starting exact inference 
[2024-10-14T10:32:09.750236][INFO][seed142] PN(V1,V0) in [0.0, 0.029623517030233453] 
[2024-10-14T10:32:09.755451][INFO][seed195] PS(V1,V0) in [0.0, 1.0]
[2024-10-14T10:32:09.767199][INFO][seed195] PN(V1,V0) in [0.0, 0.1252527460516968] 
[2024-10-14T10:32:09.801740][INFO][seed195] Saved data to: /mnt/beegfs/rcabanas/dev/credici/papers/zeros/models/s3/simple_nparents1_nzr08_zdr05_ysize3_195.csv
[2024-10-14T10:32:09.804784][INFO][seed142] Saved data to: /mnt/beegfs/rcabanas/dev/credici/papers/zeros/models/s3/simple_nparents1_nzr08_zdr05_ysize3_142.csv
[2024-10-14T10:32:09.813327][INFO][seed94] PS(V1,V0) in [0.0, 0.43242390078917703]
[2024-10-14T10:32:09.815740][INFO][seed195] Saved model to: /mnt/beegfs/rcabanas/dev/credici/papers/zeros/models/s3/simple_nparents1_nzr08_zdr05_ysize3_195.uai
[2024-10-14T10:32:09.819744][INFO][seed195] Saved queries to: /mnt/beegfs/rcabanas/dev/credici/papers/zeros/models/s3/simple_nparents1_nzr08_zdr05_ysize3_195_query.csv
[2024-10-14T10:32:09.819845][INFO][seed195] Closing log file
[2024-10-14T10:32:09.819927][INFO][seed195] Closed log file
[2024-10-14T10:32:09.825234][INFO][seed82] No feasible solution... resampling
[2024-10-14T10:32:09.831666][INFO][seed94] PN(V1,V0) in [0.0, 1.0] 
[2024-10-14T10:32:09.834436][INFO][seed142] Saved model to: /mnt/beegfs/rcabanas/dev/credici/papers/zeros/models/s3/simple_nparents1_nzr08_zdr05_ysize3_142.uai
[2024-10-14T10:32:09.839835][INFO][seed142] Saved queries to: /mnt/beegfs/rcabanas/dev/credici/papers/zeros/models/s3/simple_nparents1_nzr08_zdr05_ysize3_142_query.csv
[2024-10-14T10:32:09.839919][INFO][seed142] Closing log file
[2024-10-14T10:32:09.839944][INFO][seed142] Closed log file
[2024-10-14T10:32:09.862774][INFO][seed32] PS(V1,V0) in [0.0, 0.3590971272229822]
[2024-10-14T10:32:09.868266][INFO][seed94] Saved data to: /mnt/beegfs/rcabanas/dev/credici/papers/zeros/models/s3/simple_nparents1_nzr08_zdr05_ysize3_94.csv
[2024-10-14T10:32:09.872927][INFO][seed82] Sampled 1300 data instances
[2024-10-14T10:32:09.881301][INFO][seed94] Saved model to: /mnt/beegfs/rcabanas/dev/credici/papers/zeros/models/s3/simple_nparents1_nzr08_zdr05_ysize3_94.uai
[2024-10-14T10:32:09.881933][INFO][seed82] Starting exact inference 
[2024-10-14T10:32:09.884130][INFO][seed32] PN(V1,V0) in [0.0, 1.0] 
[2024-10-14T10:32:09.885905][INFO][seed94] Saved queries to: /mnt/beegfs/rcabanas/dev/credici/papers/zeros/models/s3/simple_nparents1_nzr08_zdr05_ysize3_94_query.csv
[2024-10-14T10:32:09.886030][INFO][seed94] Closing log file
[2024-10-14T10:32:09.886117][INFO][seed94] Closed log file
[2024-10-14T10:32:09.915582][INFO][seed32] Saved data to: /mnt/beegfs/rcabanas/dev/credici/papers/zeros/models/s3/simple_nparents1_nzr08_zdr05_ysize3_32.csv
[2024-10-14T10:32:09.927562][INFO][seed32] Saved model to: /mnt/beegfs/rcabanas/dev/credici/papers/zeros/models/s3/simple_nparents1_nzr08_zdr05_ysize3_32.uai
[2024-10-14T10:32:09.930778][INFO][seed32] Saved queries to: /mnt/beegfs/rcabanas/dev/credici/papers/zeros/models/s3/simple_nparents1_nzr08_zdr05_ysize3_32_query.csv
[2024-10-14T10:32:09.930866][INFO][seed32] Closing log file
[2024-10-14T10:32:09.930946][INFO][seed32] Closed log file
[2024-10-14T10:32:09.954643][INFO][seed193] Sampled 1000 data instances
[2024-10-14T10:32:09.954923][INFO][seed193] Starting exact inference 
[2024-10-14T10:32:09.958967][INFO][seed64] PS(V1,V0) in [0.0, 1.0]
[2024-10-14T10:32:09.964189][INFO][seed64] PN(V1,V0) in [0.0, 0.0910824988078207] 
[2024-10-14T10:32:09.981557][INFO][seed106] U cardinality: 9
[2024-10-14T10:32:09.987854][INFO][seed106] !0 = [1, 2, 3, 4, 6, 7, 8]
[2024-10-14T10:32:09.988191][INFO][seed106] 0 = [0, 5]
[2024-10-14T10:32:09.995081][INFO][seed106] Dropping state 5
[2024-10-14T10:32:09.996544][INFO][seed106] Dropping state 0
[2024-10-14T10:32:09.998741][INFO][seed64] Saved data to: /mnt/beegfs/rcabanas/dev/credici/papers/zeros/models/s3/simple_nparents1_nzr08_zdr05_ysize3_64.csv
[2024-10-14T10:32:09.999551][INFO][seed106] U cardinality: 7
[2024-10-14T10:32:10.014248][INFO][seed106] 
[P([3]) [0.038, 0.962], P([2]) [0.001, 0.014, 0.931, 0.002, 0.009, 0.013, 0.03], P([1, 3]) [1.0, 0.0, 0.0, 1.0], P([0, 1, 2]) [1.0, 0.0, 0.0, 0.0, 1.0, 0.0, 1.0, 0.0, 0.0, 0.0, 0.0, 1.0, 0.0, 1.0, 0.0, 1.0, 0.0, 0.0, 0.0, 1.0, 0.0, 0.0, 1.0, 0.0, 0.0, 0.0, 1.0, 1.0, 0.0, 0.0, 0.0, 0.0, 1.0, 0.0, 1.0, 0.0, 0.0, 0.0, 1.0, 0.0, 0.0, 1.0]]

[2024-10-14T10:32:10.017951][INFO][seed64] Saved model to: /mnt/beegfs/rcabanas/dev/credici/papers/zeros/models/s3/simple_nparents1_nzr08_zdr05_ysize3_64.uai
[2024-10-14T10:32:10.021756][INFO][seed64] Saved queries to: /mnt/beegfs/rcabanas/dev/credici/papers/zeros/models/s3/simple_nparents1_nzr08_zdr05_ysize3_64_query.csv
[2024-10-14T10:32:10.021797][INFO][seed64] Closing log file
[2024-10-14T10:32:10.021822][INFO][seed64] Closed log file
[2024-10-14T10:32:10.018892][INFO][seed82] No feasible solution... resampling
[2024-10-14T10:32:10.068314][INFO][seed101] PS(V1,V0) in [0.8279477236823208, 1.0]
[2024-10-14T10:32:10.071427][INFO][seed82] Sampled 1400 data instances
[2024-10-14T10:32:10.083174][INFO][seed82] Starting exact inference 
[2024-10-14T10:32:10.089485][INFO][seed101] PN(V1,V0) in [0.5663064833005894, 0.6839882121807466] 
[2024-10-14T10:32:10.121118][INFO][seed117] PS(V1,V0) in [0.0, 0.7133333333333333]
[2024-10-14T10:32:10.126382][INFO][seed101] Saved data to: /mnt/beegfs/rcabanas/dev/credici/papers/zeros/models/s3/simple_nparents1_nzr08_zdr05_ysize3_101.csv
[2024-10-14T10:32:10.147148][INFO][seed117] PN(V1,V0) in [0.0, 0.003294706914778967] 
['genn.py', '1', '0.8', '0.5', '35', '3']
['genn.py', '1', '0.8', '0.5', '85', '3']
['genn.py', '1', '0.8', '0.5', '67', '3']
[2024-10-14T10:32:10.160142][INFO][seed40] PS(V1,V0) in [0.1572814226054156, 1.0]
[2024-10-14T10:32:10.165652][INFO][seed101] Saved model to: /mnt/beegfs/rcabanas/dev/credici/papers/zeros/models/s3/simple_nparents1_nzr08_zdr05_ysize3_101.uai
[2024-10-14T10:32:10.170990][INFO][seed101] Saved queries to: /mnt/beegfs/rcabanas/dev/credici/papers/zeros/models/s3/simple_nparents1_nzr08_zdr05_ysize3_101_query.csv
[2024-10-14T10:32:10.171063][INFO][seed101] Closing log file
[2024-10-14T10:32:10.171090][INFO][seed101] Closed log file
[2024-10-14T10:32:10.179919][INFO][seed117] Saved data to: /mnt/beegfs/rcabanas/dev/credici/papers/zeros/models/s3/simple_nparents1_nzr08_zdr05_ysize3_117.csv
[2024-10-14T10:32:10.178832][INFO][seed40] PN(V1,V0) in [0.11213920950261737, 0.7129844557926586] 
1 0.8 0.5 35
1 0.8 0.5 85
/mnt/beegfs/rcabanas/dev/credici/papers/zeros/code/GenerateNparents.java
1 0.8 0.5 67
/mnt/beegfs/rcabanas/dev/credici/papers/zeros/code/GenerateNparents.java
/mnt/beegfs/rcabanas/dev/credici/papers/zeros/code/GenerateNparents.java
[2024-10-14T10:32:10.218073][INFO][seed106] Sampled 1000 data instances
[2024-10-14T10:32:10.218160][INFO][seed106] Starting exact inference 
[2024-10-14T10:32:10.217274][INFO][seed117] Saved model to: /mnt/beegfs/rcabanas/dev/credici/papers/zeros/models/s3/simple_nparents1_nzr08_zdr05_ysize3_117.uai
[2024-10-14T10:32:10.224163][INFO][seed40] Saved data to: /mnt/beegfs/rcabanas/dev/credici/papers/zeros/models/s3/simple_nparents1_nzr08_zdr05_ysize3_40.csv
[2024-10-14T10:32:10.227143][INFO][seed82] PS(V1,V0) in [0.0, 0.0]
[2024-10-14T10:32:10.227912][INFO][seed117] Saved queries to: /mnt/beegfs/rcabanas/dev/credici/papers/zeros/models/s3/simple_nparents1_nzr08_zdr05_ysize3_117_query.csv
[2024-10-14T10:32:10.227982][INFO][seed117] Closing log file
[2024-10-14T10:32:10.228007][INFO][seed117] Closed log file
['genn.py', '1', '0.8', '0.5', '41', '3']
[2024-10-14T10:32:10.235182][INFO][seed82] PN(V1,V0) in [0.0, 0.0] 
[2024-10-14T10:32:10.237330][INFO][seed40] Saved model to: /mnt/beegfs/rcabanas/dev/credici/papers/zeros/models/s3/simple_nparents1_nzr08_zdr05_ysize3_40.uai
[2024-10-14T10:32:10.241132][INFO][seed40] Saved queries to: /mnt/beegfs/rcabanas/dev/credici/papers/zeros/models/s3/simple_nparents1_nzr08_zdr05_ysize3_40_query.csv
[2024-10-14T10:32:10.241223][INFO][seed40] Closing log file
[2024-10-14T10:32:10.241300][INFO][seed40] Closed log file
['genn.py', '1', '0.8', '0.5', '71', '3']
1 0.8 0.5 41
/mnt/beegfs/rcabanas/dev/credici/papers/zeros/code/GenerateNparents.java
[2024-10-14T10:32:10.292868][INFO][seed82] Saved data to: /mnt/beegfs/rcabanas/dev/credici/papers/zeros/models/s3/simple_nparents1_nzr08_zdr05_ysize3_82.csv
['genn.py', '1', '0.8', '0.5', '150', '3']
1 0.8 0.5 71
/mnt/beegfs/rcabanas/dev/credici/papers/zeros/code/GenerateNparents.java
[2024-10-14T10:32:10.326373][INFO][seed132] PS(V1,V0) in [0.4465647112531385, 1.0]
[2024-10-14T10:32:10.328418][INFO][seed82] Saved model to: /mnt/beegfs/rcabanas/dev/credici/papers/zeros/models/s3/simple_nparents1_nzr08_zdr05_ysize3_82.uai
[2024-10-14T10:32:10.337578][INFO][seed82] Saved queries to: /mnt/beegfs/rcabanas/dev/credici/papers/zeros/models/s3/simple_nparents1_nzr08_zdr05_ysize3_82_query.csv
[2024-10-14T10:32:10.337800][INFO][seed82] Closing log file
[2024-10-14T10:32:10.337889][INFO][seed82] Closed log file
1 0.8 0.5 150
[2024-10-14T10:32:10.348006][INFO][seed132] PN(V1,V0) in [0.25825698972991523, 0.578319296670803] 
/mnt/beegfs/rcabanas/dev/credici/papers/zeros/code/GenerateNparents.java
['genn.py', '1', '0.8', '0.5', '115', '3']
['genn.py', '1', '0.8', '0.5', '96', '3']
[2024-10-14T10:32:10.421919][INFO][seed132] Saved data to: /mnt/beegfs/rcabanas/dev/credici/papers/zeros/models/s3/simple_nparents1_nzr08_zdr05_ysize3_132.csv
1 0.8 0.5 115
/mnt/beegfs/rcabanas/dev/credici/papers/zeros/code/GenerateNparents.java
[2024-10-14T10:32:10.457319][INFO][seed132] Saved model to: /mnt/beegfs/rcabanas/dev/credici/papers/zeros/models/s3/simple_nparents1_nzr08_zdr05_ysize3_132.uai
1 0.8 0.5 96
/mnt/beegfs/rcabanas/dev/credici/papers/zeros/code/GenerateNparents.java
[2024-10-14T10:32:10.462447][INFO][seed132] Saved queries to: /mnt/beegfs/rcabanas/dev/credici/papers/zeros/models/s3/simple_nparents1_nzr08_zdr05_ysize3_132_query.csv
[2024-10-14T10:32:10.462517][INFO][seed132] Closing log file
[2024-10-14T10:32:10.462544][INFO][seed132] Closed log file
['genn.py', '1', '0.8', '0.5', '184', '3']
1 0.8 0.5 184
/mnt/beegfs/rcabanas/dev/credici/papers/zeros/code/GenerateNparents.java
['genn.py', '1', '0.8', '0.5', '125', '3']
[2024-10-14T10:32:10.778702][INFO][seed135] PS(V1,V0) in [0.0, 1.0]
[2024-10-14T10:32:10.795899][INFO][seed135] PN(V1,V0) in [0.0, 0.016841474378183997] 
1 0.8 0.5 125
/mnt/beegfs/rcabanas/dev/credici/papers/zeros/code/GenerateNparents.java
['genn.py', '1', '0.8', '0.5', '155', '3']
1 0.8 0.5 155
[2024-10-14T10:32:10.860940][INFO][seed135] Saved data to: /mnt/beegfs/rcabanas/dev/credici/papers/zeros/models/s3/simple_nparents1_nzr08_zdr05_ysize3_135.csv
/mnt/beegfs/rcabanas/dev/credici/papers/zeros/code/GenerateNparents.java
[2024-10-14T10:32:10.911012][INFO][seed135] Saved model to: /mnt/beegfs/rcabanas/dev/credici/papers/zeros/models/s3/simple_nparents1_nzr08_zdr05_ysize3_135.uai
[2024-10-14T10:32:10.928927][INFO][seed135] Saved queries to: /mnt/beegfs/rcabanas/dev/credici/papers/zeros/models/s3/simple_nparents1_nzr08_zdr05_ysize3_135_query.csv
[2024-10-14T10:32:10.929][INFO][seed135] Closing log file
[2024-10-14T10:32:10.929025][INFO][seed135] Closed log file
['genn.py', '1', '0.8', '0.5', '148', '3']
1 0.8 0.5 148
/mnt/beegfs/rcabanas/dev/credici/papers/zeros/code/GenerateNparents.java
['genn.py', '1', '0.8', '0.5', '166', '3']
1 0.8 0.5 166
/mnt/beegfs/rcabanas/dev/credici/papers/zeros/code/GenerateNparents.java
[2024-10-14T10:32:11.262286][INFO][seed106] No feasible solution... resampling
[2024-10-14T10:32:11.378587][INFO][seed106] Sampled 1100 data instances
[2024-10-14T10:32:11.379220][INFO][seed106] Starting exact inference 
['genn.py', '1', '0.8', '0.5', '139', '3']
1 0.8 0.5 139
/mnt/beegfs/rcabanas/dev/credici/papers/zeros/code/GenerateNparents.java
[2024-10-14T10:32:11.523379][INFO][seed106] PS(V1,V0) in [0.0, 0.31941444684425246]
[2024-10-14T10:32:11.529204][INFO][seed106] PN(V1,V0) in [0.0, 1.0] 
[2024-10-14T10:32:11.557197][INFO][seed106] Saved data to: /mnt/beegfs/rcabanas/dev/credici/papers/zeros/models/s3/simple_nparents1_nzr08_zdr05_ysize3_106.csv
[2024-10-14T10:32:11.577458][INFO][seed106] Saved model to: /mnt/beegfs/rcabanas/dev/credici/papers/zeros/models/s3/simple_nparents1_nzr08_zdr05_ysize3_106.uai
[2024-10-14T10:32:11.581182][INFO][seed106] Saved queries to: /mnt/beegfs/rcabanas/dev/credici/papers/zeros/models/s3/simple_nparents1_nzr08_zdr05_ysize3_106_query.csv
[2024-10-14T10:32:11.581267][INFO][seed106] Closing log file
[2024-10-14T10:32:11.581345][INFO][seed106] Closed log file
[2024-10-14T10:32:11.729848][INFO][seed157] PS(V1,V0) in [0.0, 1.0]
[2024-10-14T10:32:11.746682][INFO][seed157] PN(V1,V0) in [0.0, 0.7066574202496533] 
[2024-10-14T10:32:11.806937][INFO][seed157] Saved data to: /mnt/beegfs/rcabanas/dev/credici/papers/zeros/models/s3/simple_nparents1_nzr08_zdr05_ysize3_157.csv
[2024-10-14T10:32:11.820846][INFO][seed157] Saved model to: /mnt/beegfs/rcabanas/dev/credici/papers/zeros/models/s3/simple_nparents1_nzr08_zdr05_ysize3_157.uai
[2024-10-14T10:32:11.826146][INFO][seed157] Saved queries to: /mnt/beegfs/rcabanas/dev/credici/papers/zeros/models/s3/simple_nparents1_nzr08_zdr05_ysize3_157_query.csv
[2024-10-14T10:32:11.826431][INFO][seed157] Closing log file
[2024-10-14T10:32:11.826515][INFO][seed157] Closed log file
[2024-10-14T10:32:11.849261][INFO][seed164] PS(V1,V0) in [0.0, 1.0]
[2024-10-14T10:32:11.863409][INFO][seed164] PN(V1,V0) in [0.0, 0.1932939275386971] 
[2024-10-14T10:32:11.873147][INFO][seed136] PS(V1,V0) in [0.0, 0.05059797608095676]
[2024-10-14T10:32:11.891952][INFO][seed136] PN(V1,V0) in [0.0, 1.0] 
[2024-10-14T10:32:11.914779][INFO][seed164] Saved data to: /mnt/beegfs/rcabanas/dev/credici/papers/zeros/models/s3/simple_nparents1_nzr08_zdr05_ysize3_164.csv
Removed 000
Removed 000
Removed 000
Removed 000
Removed 000
Removed 000
Removed 000
Removed 000
Removed 000
Removed 000
Removed 000
Removed 000
Removed 000
Removed 000
Removed 000
[2024-10-14T10:32:11.922516][INFO][seed136] Saved data to: /mnt/beegfs/rcabanas/dev/credici/papers/zeros/models/s3/simple_nparents1_nzr08_zdr05_ysize3_136.csv
[2024-10-14T10:32:11.933331][INFO][seed164] Saved model to: /mnt/beegfs/rcabanas/dev/credici/papers/zeros/models/s3/simple_nparents1_nzr08_zdr05_ysize3_164.uai
Error in variable: 2
[2024-10-14T10:32:11.940284][INFO][seed193] No feasible solution... resampling
[2024-10-14T10:32:11.942386][INFO][seed164] Saved queries to: /mnt/beegfs/rcabanas/dev/credici/papers/zeros/models/s3/simple_nparents1_nzr08_zdr05_ysize3_164_query.csv
[2024-10-14T10:32:11.942727][INFO][seed164] Closing log file
[2024-10-14T10:32:11.942828][INFO][seed164] Closed log file
[2024-10-14T10:32:11.949880][INFO][seed136] Saved model to: /mnt/beegfs/rcabanas/dev/credici/papers/zeros/models/s3/simple_nparents1_nzr08_zdr05_ysize3_136.uai
[2024-10-14T10:32:11.954124][INFO][seed136] Saved queries to: /mnt/beegfs/rcabanas/dev/credici/papers/zeros/models/s3/simple_nparents1_nzr08_zdr05_ysize3_136_query.csv
[2024-10-14T10:32:11.954319][INFO][seed136] Closing log file
[2024-10-14T10:32:11.954409][INFO][seed136] Closed log file
[2024-10-14T10:32:11.988008][INFO][seed169] PS(V1,V0) in [0.8845249820916906, 1.0]
[2024-10-14T10:32:12.011165][INFO][seed169] PN(V1,V0) in [0.8811814948206461, 0.9962200194016704] 
['genn.py', '1', '0.8', '0.5', '187', '3']
[2024-10-14T10:32:12.032900][INFO][seed193] Sampled 1100 data instances
[2024-10-14T10:32:12.033222][INFO][seed193] Starting exact inference 
1 0.8 0.5 187
/mnt/beegfs/rcabanas/dev/credici/papers/zeros/code/GenerateNparents.java
[2024-10-14T10:32:12.059972][INFO][seed169] Saved data to: /mnt/beegfs/rcabanas/dev/credici/papers/zeros/models/s3/simple_nparents1_nzr08_zdr05_ysize3_169.csv
[2024-10-14T10:32:12.074604][INFO][seed169] Saved model to: /mnt/beegfs/rcabanas/dev/credici/papers/zeros/models/s3/simple_nparents1_nzr08_zdr05_ysize3_169.uai
[2024-10-14T10:32:12.079500][INFO][seed169] Saved queries to: /mnt/beegfs/rcabanas/dev/credici/papers/zeros/models/s3/simple_nparents1_nzr08_zdr05_ysize3_169_query.csv
[2024-10-14T10:32:12.079763][INFO][seed169] Closing log file
[2024-10-14T10:32:12.079848][INFO][seed169] Closed log file
[2024-10-14T10:32:12.144681][INFO][seed67] Set up logging
[2024-10-14T10:32:12.165491][INFO][seed67] args: -np;1;-nzr;0.8;-zdr;0.5;-o;/mnt/beegfs/rcabanas/dev/credici/papers/zeros/models/s3;-rw;-s;67;-ys;3
[2024-10-14T10:32:12.167695][INFO][seed67] Starting logger with seed 67
[2024-10-14T10:32:12.181287][INFO][seed67] simple_nparents1_nzr08_zdr05_ysize3_67
[2024-10-14T10:32:12.266030][INFO][seed71] Set up logging
[2024-10-14T10:32:12.292061][INFO][seed71] args: -np;1;-nzr;0.8;-zdr;0.5;-o;/mnt/beegfs/rcabanas/dev/credici/papers/zeros/models/s3;-rw;-s;71;-ys;3
[2024-10-14T10:32:12.293665][INFO][seed71] Starting logger with seed 71
['genn.py', '1', '0.8', '0.5', '56', '3']
[2024-10-14T10:32:12.309503][INFO][seed71] simple_nparents1_nzr08_zdr05_ysize3_71
1 0.8 0.5 56
/mnt/beegfs/rcabanas/dev/credici/papers/zeros/code/GenerateNparents.java
[2024-10-14T10:32:12.353834][INFO][seed67] U cardinality: 9
[2024-10-14T10:32:12.359926][INFO][seed67] !0 = [0, 2, 4, 5, 6, 7, 8]
[2024-10-14T10:32:12.360247][INFO][seed67] 0 = [1, 3]
[2024-10-14T10:32:12.365689][INFO][seed67] Dropping state 3
[2024-10-14T10:32:12.366625][INFO][seed67] Dropping state 1
[2024-10-14T10:32:12.368722][INFO][seed67] U cardinality: 7
[2024-10-14T10:32:12.379661][INFO][seed67] 
[P([3]) [0.497, 0.503], P([2]) [0.002, 0.673, 0.005, 0.003, 0.065, 0.014, 0.238], P([1, 3]) [1.0, 0.0, 0.0, 1.0], P([0, 1, 2]) [1.0, 0.0, 0.0, 1.0, 0.0, 0.0, 1.0, 0.0, 0.0, 0.0, 0.0, 1.0, 0.0, 1.0, 0.0, 0.0, 1.0, 0.0, 0.0, 1.0, 0.0, 0.0, 0.0, 1.0, 0.0, 0.0, 1.0, 1.0, 0.0, 0.0, 0.0, 0.0, 1.0, 0.0, 1.0, 0.0, 0.0, 0.0, 1.0, 0.0, 0.0, 1.0]]

[2024-10-14T10:32:12.372559][INFO][seed115] Set up logging
[2024-10-14T10:32:12.400365][INFO][seed115] args: -np;1;-nzr;0.8;-zdr;0.5;-o;/mnt/beegfs/rcabanas/dev/credici/papers/zeros/models/s3;-rw;-s;115;-ys;3
[2024-10-14T10:32:12.401813][INFO][seed115] Starting logger with seed 115
[2024-10-14T10:32:12.407563][INFO][seed193] PS(V1,V0) in [0.0, 1.0]
[2024-10-14T10:32:12.408313][INFO][seed115] simple_nparents1_nzr08_zdr05_ysize3_115
[2024-10-14T10:32:12.430382][INFO][seed193] PN(V1,V0) in [0.0, 0.43253968253968256] 
[2024-10-14T10:32:12.416610][INFO][seed150] Set up logging
[2024-10-14T10:32:12.442143][INFO][seed150] args: -np;1;-nzr;0.8;-zdr;0.5;-o;/mnt/beegfs/rcabanas/dev/credici/papers/zeros/models/s3;-rw;-s;150;-ys;3
[2024-10-14T10:32:12.443673][INFO][seed150] Starting logger with seed 150
['genn.py', '1', '0.8', '0.5', '43', '3']
['genn.py', '1', '0.8', '0.5', '61', '3']
[2024-10-14T10:32:12.455685][INFO][seed150] simple_nparents1_nzr08_zdr05_ysize3_150
[2024-10-14T10:32:12.462031][INFO][seed71] U cardinality: 9
[2024-10-14T10:32:12.466096][INFO][seed71] !0 = [0, 1, 2, 3, 4, 5, 8]
[2024-10-14T10:32:12.466369][INFO][seed71] 0 = [6, 7]
[2024-10-14T10:32:12.466330][INFO][seed193] Saved data to: /mnt/beegfs/rcabanas/dev/credici/papers/zeros/models/s3/simple_nparents1_nzr08_zdr05_ysize3_193.csv
[2024-10-14T10:32:12.471650][INFO][seed71] Dropping state 7
[2024-10-14T10:32:12.473879][INFO][seed71] U cardinality: 8
[2024-10-14T10:32:12.479376][INFO][seed71] 
[P([3]) [0.316, 0.684], P([2]) [0.001, 0.162, 0.191, 0.004, 0.161, 0.002, 0.0, 0.479], P([1, 3]) [1.0, 0.0, 0.0, 1.0], P([0, 1, 2]) [1.0, 0.0, 0.0, 1.0, 0.0, 0.0, 1.0, 0.0, 0.0, 0.0, 1.0, 0.0, 1.0, 0.0, 0.0, 0.0, 0.0, 1.0, 0.0, 1.0, 0.0, 1.0, 0.0, 0.0, 0.0, 1.0, 0.0, 0.0, 1.0, 0.0, 0.0, 1.0, 0.0, 0.0, 0.0, 1.0, 0.0, 0.0, 1.0, 1.0, 0.0, 0.0, 0.0, 0.0, 1.0, 0.0, 0.0, 1.0]]

1 0.8 0.5 43
/mnt/beegfs/rcabanas/dev/credici/papers/zeros/code/GenerateNparents.java
[2024-10-14T10:32:12.487023][INFO][seed193] Saved model to: /mnt/beegfs/rcabanas/dev/credici/papers/zeros/models/s3/simple_nparents1_nzr08_zdr05_ysize3_193.uai
1 0.8 0.5 61
/mnt/beegfs/rcabanas/dev/credici/papers/zeros/code/GenerateNparents.java
[2024-10-14T10:32:12.492152][INFO][seed193] Saved queries to: /mnt/beegfs/rcabanas/dev/credici/papers/zeros/models/s3/simple_nparents1_nzr08_zdr05_ysize3_193_query.csv
[2024-10-14T10:32:12.492378][INFO][seed193] Closing log file
[2024-10-14T10:32:12.492464][INFO][seed193] Closed log file
['genn.py', '1', '0.8', '0.5', '74', '3']
1 0.8 0.5 74
/mnt/beegfs/rcabanas/dev/credici/papers/zeros/code/GenerateNparents.java
[2024-10-14T10:32:12.570957][INFO][seed67] Sampled 1000 data instances
[2024-10-14T10:32:12.571037][INFO][seed67] Starting exact inference 
['genn.py', '1', '0.8', '0.5', '34', '3']
[2024-10-14T10:32:12.608886][INFO][seed115] U cardinality: 9
[2024-10-14T10:32:12.613112][INFO][seed115] !0 = [0, 1, 2, 3, 5, 6, 7]
[2024-10-14T10:32:12.613400][INFO][seed115] 0 = [4, 8]
[2024-10-14T10:32:12.619512][INFO][seed115] Dropping state 8
[2024-10-14T10:32:12.620713][INFO][seed115] Dropping state 4
[2024-10-14T10:32:12.622952][INFO][seed115] U cardinality: 7
[2024-10-14T10:32:12.626498][INFO][seed150] U cardinality: 9
[2024-10-14T10:32:12.630717][INFO][seed150] !0 = [0, 1, 2, 3, 5, 7, 8]
[2024-10-14T10:32:12.630995][INFO][seed150] 0 = [4, 6]
[2024-10-14T10:32:12.634971][INFO][seed150] Dropping state 6
[2024-10-14T10:32:12.635684][INFO][seed150] Dropping state 4
[2024-10-14T10:32:12.637818][INFO][seed150] U cardinality: 7
[2024-10-14T10:32:12.639989][INFO][seed115] 
[P([3]) [0.45, 0.55], P([2]) [0.019, 0.728, 0.009, 0.02, 0.075, 0.025, 0.124], P([1, 3]) [1.0, 0.0, 0.0, 1.0], P([0, 1, 2]) [1.0, 0.0, 0.0, 1.0, 0.0, 0.0, 1.0, 0.0, 0.0, 0.0, 1.0, 0.0, 1.0, 0.0, 0.0, 0.0, 0.0, 1.0, 0.0, 1.0, 0.0, 1.0, 0.0, 0.0, 0.0, 1.0, 0.0, 0.0, 0.0, 1.0, 0.0, 0.0, 1.0, 1.0, 0.0, 0.0, 0.0, 0.0, 1.0, 0.0, 1.0, 0.0]]

[2024-10-14T10:32:12.641173][INFO][seed150] 
[P([3]) [0.641, 0.359], P([2]) [0.14, 0.079, 0.02, 0.014, 0.59, 0.009, 0.148], P([1, 3]) [1.0, 0.0, 0.0, 1.0], P([0, 1, 2]) [1.0, 0.0, 0.0, 1.0, 0.0, 0.0, 1.0, 0.0, 0.0, 0.0, 1.0, 0.0, 1.0, 0.0, 0.0, 0.0, 0.0, 1.0, 0.0, 1.0, 0.0, 1.0, 0.0, 0.0, 0.0, 1.0, 0.0, 0.0, 0.0, 1.0, 0.0, 0.0, 1.0, 0.0, 1.0, 0.0, 0.0, 0.0, 1.0, 0.0, 0.0, 1.0]]

1 0.8 0.5 34
/mnt/beegfs/rcabanas/dev/credici/papers/zeros/code/GenerateNparents.java
[2024-10-14T10:32:12.662184][INFO][seed71] Sampled 1000 data instances
[2024-10-14T10:32:12.662396][INFO][seed71] Starting exact inference 
[2024-10-14T10:32:12.720116][INFO][seed184] Set up logging
[2024-10-14T10:32:12.740226][INFO][seed184] args: -np;1;-nzr;0.8;-zdr;0.5;-o;/mnt/beegfs/rcabanas/dev/credici/papers/zeros/models/s3;-rw;-s;184;-ys;3
[2024-10-14T10:32:12.744298][INFO][seed184] Starting logger with seed 184
[2024-10-14T10:32:12.760011][INFO][seed184] simple_nparents1_nzr08_zdr05_ysize3_184
[2024-10-14T10:32:12.823477][INFO][seed150] Sampled 1000 data instances
[2024-10-14T10:32:12.823567][INFO][seed150] Starting exact inference 
[2024-10-14T10:32:12.829313][INFO][seed115] Sampled 1000 data instances
[2024-10-14T10:32:12.829544][INFO][seed115] Starting exact inference 
[2024-10-14T10:32:12.919936][INFO][seed184] U cardinality: 9
[2024-10-14T10:32:12.924632][INFO][seed184] !0 = [0, 1, 2, 4, 5, 6, 7]
[2024-10-14T10:32:12.924911][INFO][seed184] 0 = [3, 8]
[2024-10-14T10:32:12.929089][INFO][seed184] Dropping state 3
[2024-10-14T10:32:12.931386][INFO][seed184] U cardinality: 8
[2024-10-14T10:32:12.942940][INFO][seed184] 
[P([3]) [0.976, 0.024], P([2]) [0.002, 0.023, 0.002, 0.001, 0.968, 0.001, 0.003, 0.0], P([1, 3]) [1.0, 0.0, 0.0, 1.0], P([0, 1, 2]) [1.0, 0.0, 0.0, 1.0, 0.0, 0.0, 1.0, 0.0, 0.0, 0.0, 1.0, 0.0, 1.0, 0.0, 0.0, 0.0, 0.0, 1.0, 0.0, 1.0, 0.0, 0.0, 1.0, 0.0, 0.0, 1.0, 0.0, 0.0, 0.0, 1.0, 0.0, 0.0, 1.0, 1.0, 0.0, 0.0, 0.0, 0.0, 1.0, 0.0, 1.0, 0.0, 0.0, 0.0, 1.0, 0.0, 0.0, 1.0]]

['genn.py', '1', '0.8', '0.5', '18', '3']
1 0.8 0.5 18
/mnt/beegfs/rcabanas/dev/credici/papers/zeros/code/GenerateNparents.java
[2024-10-14T10:32:13.137200][INFO][seed184] Sampled 1000 data instances
[2024-10-14T10:32:13.137603][INFO][seed184] Starting exact inference 
[2024-10-14T10:32:13.243425][INFO][seed35] Set up logging
[2024-10-14T10:32:13.264435][INFO][seed35] args: -np;1;-nzr;0.8;-zdr;0.5;-o;/mnt/beegfs/rcabanas/dev/credici/papers/zeros/models/s3;-rw;-s;35;-ys;3
[2024-10-14T10:32:13.279412][INFO][seed35] Starting logger with seed 35
[2024-10-14T10:32:13.288654][INFO][seed35] simple_nparents1_nzr08_zdr05_ysize3_35
[2024-10-14T10:32:13.314015][INFO][seed85] Set up logging
[2024-10-14T10:32:13.345081][INFO][seed85] args: -np;1;-nzr;0.8;-zdr;0.5;-o;/mnt/beegfs/rcabanas/dev/credici/papers/zeros/models/s3;-rw;-s;85;-ys;3
[2024-10-14T10:32:13.347549][INFO][seed85] Starting logger with seed 85
Removed 000
Removed 000
Removed 000
Removed 000
Removed 000
Removed 000
Error in variable: 2
[2024-10-14T10:32:13.354277][INFO][seed71] No feasible solution... resampling
[2024-10-14T10:32:13.364614][INFO][seed85] simple_nparents1_nzr08_zdr05_ysize3_85
[2024-10-14T10:32:13.386799][INFO][seed67] PS(V1,V0) in [0.0, 0.0]
[2024-10-14T10:32:13.378210][INFO][seed41] Set up logging
[2024-10-14T10:32:13.397485][INFO][seed41] args: -np;1;-nzr;0.8;-zdr;0.5;-o;/mnt/beegfs/rcabanas/dev/credici/papers/zeros/models/s3;-rw;-s;41;-ys;3
[2024-10-14T10:32:13.400771][INFO][seed67] PN(V1,V0) in [0.0, 0.0] 
[2024-10-14T10:32:13.407426][INFO][seed41] Starting logger with seed 41
[2024-10-14T10:32:13.419243][INFO][seed41] simple_nparents1_nzr08_zdr05_ysize3_41
[2024-10-14T10:32:13.422286][INFO][seed71] Sampled 1100 data instances
[2024-10-14T10:32:13.422650][INFO][seed71] Starting exact inference 
[2024-10-14T10:32:13.436368][INFO][seed67] Saved data to: /mnt/beegfs/rcabanas/dev/credici/papers/zeros/models/s3/simple_nparents1_nzr08_zdr05_ysize3_67.csv
[2024-10-14T10:32:13.455939][INFO][seed67] Saved model to: /mnt/beegfs/rcabanas/dev/credici/papers/zeros/models/s3/simple_nparents1_nzr08_zdr05_ysize3_67.uai
[2024-10-14T10:32:13.459592][INFO][seed67] Saved queries to: /mnt/beegfs/rcabanas/dev/credici/papers/zeros/models/s3/simple_nparents1_nzr08_zdr05_ysize3_67_query.csv
[2024-10-14T10:32:13.459632][INFO][seed67] Closing log file
[2024-10-14T10:32:13.459657][INFO][seed67] Closed log file
[2024-10-14T10:32:13.592224][INFO][seed115] PS(V1,V0) in [0.919473341570675, 1.0]
[2024-10-14T10:32:13.604262][INFO][seed115] PN(V1,V0) in [0.8184538240476839, 0.8901332828742742] 
[2024-10-14T10:32:13.593004][INFO][seed96] Set up logging
[2024-10-14T10:32:13.623203][INFO][seed96] args: -np;1;-nzr;0.8;-zdr;0.5;-o;/mnt/beegfs/rcabanas/dev/credici/papers/zeros/models/s3;-rw;-s;96;-ys;3
[2024-10-14T10:32:13.625588][INFO][seed96] Starting logger with seed 96
[2024-10-14T10:32:13.638676][INFO][seed150] PS(V1,V0) in [0.0, 0.3230321397240609]
[2024-10-14T10:32:13.649962][INFO][seed115] Saved data to: /mnt/beegfs/rcabanas/dev/credici/papers/zeros/models/s3/simple_nparents1_nzr08_zdr05_ysize3_115.csv
[2024-10-14T10:32:13.654413][INFO][seed71] PS(V1,V0) in [0.3431277242936436, 1.0]
[2024-10-14T10:32:13.659419][INFO][seed150] PN(V1,V0) in [0.0, 1.0] 
[2024-10-14T10:32:13.659700][INFO][seed115] Saved model to: /mnt/beegfs/rcabanas/dev/credici/papers/zeros/models/s3/simple_nparents1_nzr08_zdr05_ysize3_115.uai
[2024-10-14T10:32:13.661533][INFO][seed71] PN(V1,V0) in [0.3387196631996038, 0.9871532937097574] 
[2024-10-14T10:32:13.663193][INFO][seed115] Saved queries to: /mnt/beegfs/rcabanas/dev/credici/papers/zeros/models/s3/simple_nparents1_nzr08_zdr05_ysize3_115_query.csv
[2024-10-14T10:32:13.663315][INFO][seed115] Closing log file
[2024-10-14T10:32:13.663390][INFO][seed115] Closed log file
[2024-10-14T10:32:13.663791][INFO][seed35] U cardinality: 9
[2024-10-14T10:32:13.670014][INFO][seed35] !0 = [0, 2, 3, 4, 5, 6, 7]
[2024-10-14T10:32:13.670634][INFO][seed35] 0 = [1, 8]
[2024-10-14T10:32:13.682561][INFO][seed150] Saved data to: /mnt/beegfs/rcabanas/dev/credici/papers/zeros/models/s3/simple_nparents1_nzr08_zdr05_ysize3_150.csv
[2024-10-14T10:32:13.689198][INFO][seed35] Dropping state 8
[2024-10-14T10:32:13.692667][INFO][seed35] U cardinality: 8
[2024-10-14T10:32:13.690456][INFO][seed96] simple_nparents1_nzr08_zdr05_ysize3_96
[2024-10-14T10:32:13.696696][INFO][seed71] Saved data to: /mnt/beegfs/rcabanas/dev/credici/papers/zeros/models/s3/simple_nparents1_nzr08_zdr05_ysize3_71.csv
[2024-10-14T10:32:13.702841][INFO][seed150] Saved model to: /mnt/beegfs/rcabanas/dev/credici/papers/zeros/models/s3/simple_nparents1_nzr08_zdr05_ysize3_150.uai
[2024-10-14T10:32:13.706111][INFO][seed150] Saved queries to: /mnt/beegfs/rcabanas/dev/credici/papers/zeros/models/s3/simple_nparents1_nzr08_zdr05_ysize3_150_query.csv
[2024-10-14T10:32:13.706200][INFO][seed150] Closing log file
[2024-10-14T10:32:13.706284][INFO][seed150] Closed log file
[2024-10-14T10:32:13.707499][INFO][seed85] U cardinality: 9
[2024-10-14T10:32:13.712582][INFO][seed71] Saved model to: /mnt/beegfs/rcabanas/dev/credici/papers/zeros/models/s3/simple_nparents1_nzr08_zdr05_ysize3_71.uai
[2024-10-14T10:32:13.715184][INFO][seed35] 
[P([3]) [0.613, 0.387], P([2]) [0.013, 0.0, 0.016, 0.194, 0.156, 0.003, 0.002, 0.616], P([1, 3]) [1.0, 0.0, 0.0, 1.0], P([0, 1, 2]) [1.0, 0.0, 0.0, 1.0, 0.0, 0.0, 1.0, 0.0, 0.0, 0.0, 1.0, 0.0, 1.0, 0.0, 0.0, 0.0, 0.0, 1.0, 0.0, 1.0, 0.0, 1.0, 0.0, 0.0, 0.0, 1.0, 0.0, 0.0, 1.0, 0.0, 0.0, 1.0, 0.0, 0.0, 0.0, 1.0, 0.0, 0.0, 1.0, 1.0, 0.0, 0.0, 0.0, 0.0, 1.0, 0.0, 1.0, 0.0]]

[2024-10-14T10:32:13.716584][INFO][seed85] !0 = [0, 1, 2, 4, 5, 7, 8]
[2024-10-14T10:32:13.717070][INFO][seed85] 0 = [3, 6]
[2024-10-14T10:32:13.718921][INFO][seed71] Saved queries to: /mnt/beegfs/rcabanas/dev/credici/papers/zeros/models/s3/simple_nparents1_nzr08_zdr05_ysize3_71_query.csv
[2024-10-14T10:32:13.719251][INFO][seed85] U cardinality: 9
[2024-10-14T10:32:13.719044][INFO][seed71] Closing log file
[2024-10-14T10:32:13.719227][INFO][seed71] Closed log file
[2024-10-14T10:32:13.726129][INFO][seed85] 
[P([3]) [0.328, 0.672], P([2]) [0.002, 0.012, 0.002, 0.0, 0.007, 0.887, 0.0, 0.002, 0.088], P([1, 3]) [1.0, 0.0, 0.0, 1.0], P([0, 1, 2]) [1.0, 0.0, 0.0, 1.0, 0.0, 0.0, 1.0, 0.0, 0.0, 0.0, 1.0, 0.0, 1.0, 0.0, 0.0, 0.0, 0.0, 1.0, 0.0, 1.0, 0.0, 1.0, 0.0, 0.0, 0.0, 1.0, 0.0, 0.0, 1.0, 0.0, 0.0, 1.0, 0.0, 0.0, 0.0, 1.0, 0.0, 0.0, 1.0, 1.0, 0.0, 0.0, 0.0, 0.0, 1.0, 0.0, 1.0, 0.0, 0.0, 0.0, 1.0, 0.0, 0.0, 1.0]]

[2024-10-14T10:32:13.731243][INFO][seed41] U cardinality: 9
[2024-10-14T10:32:13.740952][INFO][seed41] !0 = [0, 2, 3, 4, 6, 7, 8]
[2024-10-14T10:32:13.741455][INFO][seed41] 0 = [1, 5]
[2024-10-14T10:32:13.749383][INFO][seed41] Dropping state 1
[2024-10-14T10:32:13.752519][INFO][seed41] U cardinality: 8
[2024-10-14T10:32:13.788081][INFO][seed41] 
[P([3]) [0.562, 0.438], P([2]) [0.058, 0.006, 0.001, 0.35, 0.0, 0.577, 0.001, 0.007], P([1, 3]) [1.0, 0.0, 0.0, 1.0], P([0, 1, 2]) [1.0, 0.0, 0.0, 1.0, 0.0, 0.0, 1.0, 0.0, 0.0, 0.0, 0.0, 1.0, 0.0, 1.0, 0.0, 1.0, 0.0, 0.0, 0.0, 1.0, 0.0, 0.0, 1.0, 0.0, 0.0, 1.0, 0.0, 0.0, 0.0, 1.0, 0.0, 0.0, 1.0, 1.0, 0.0, 0.0, 0.0, 0.0, 1.0, 0.0, 1.0, 0.0, 0.0, 0.0, 1.0, 0.0, 0.0, 1.0]]

['genn.py', '1', '0.8', '0.5', '16', '3']
1 0.8 0.5 16
/mnt/beegfs/rcabanas/dev/credici/papers/zeros/code/GenerateNparents.java
[2024-10-14T10:32:13.897818][INFO][seed184] PS(V1,V0) in [0.0, 0.0]
[2024-10-14T10:32:13.914819][INFO][seed184] No feasible solution... resampling
[2024-10-14T10:32:13.903328][INFO][seed125] Set up logging
[2024-10-14T10:32:13.928763][INFO][seed125] args: -np;1;-nzr;0.8;-zdr;0.5;-o;/mnt/beegfs/rcabanas/dev/credici/papers/zeros/models/s3;-rw;-s;125;-ys;3
[2024-10-14T10:32:13.931418][INFO][seed125] Starting logger with seed 125
[2024-10-14T10:32:13.933370][INFO][seed35] Sampled 1000 data instances
[2024-10-14T10:32:13.933646][INFO][seed35] Starting exact inference 
[2024-10-14T10:32:13.946490][INFO][seed125] simple_nparents1_nzr08_zdr05_ysize3_125
[2024-10-14T10:32:13.955932][INFO][seed96] U cardinality: 9
[2024-10-14T10:32:13.923452][INFO][seed148] Set up logging
[2024-10-14T10:32:13.959266][INFO][seed148] args: -np;1;-nzr;0.8;-zdr;0.5;-o;/mnt/beegfs/rcabanas/dev/credici/papers/zeros/models/s3;-rw;-s;148;-ys;3
[2024-10-14T10:32:13.967941][INFO][seed148] Starting logger with seed 148
[2024-10-14T10:32:13.969624][INFO][seed96] !0 = [0, 1, 2, 4, 5, 6, 8]
[2024-10-14T10:32:13.970317][INFO][seed96] 0 = [3, 7]
[2024-10-14T10:32:13.972133][INFO][seed85] Sampled 1000 data instances
[2024-10-14T10:32:13.972666][INFO][seed85] Starting exact inference 
[2024-10-14T10:32:13.984262][INFO][seed148] simple_nparents1_nzr08_zdr05_ysize3_148
[2024-10-14T10:32:13.992433][INFO][seed96] Dropping state 7
[2024-10-14T10:32:13.996854][INFO][seed96] U cardinality: 8
['genn.py', '1', '0.8', '0.5', '109', '3']
[2024-10-14T10:32:14.013961][INFO][seed184] Sampled 1100 data instances
[2024-10-14T10:32:14.014619][INFO][seed184] Starting exact inference 
[2024-10-14T10:32:14.026747][INFO][seed96] 
[P([3]) [0.192, 0.808], P([2]) [0.014, 0.074, 0.011, 0.0, 0.01, 0.004, 0.662, 0.225], P([1, 3]) [1.0, 0.0, 0.0, 1.0], P([0, 1, 2]) [1.0, 0.0, 0.0, 1.0, 0.0, 0.0, 1.0, 0.0, 0.0, 0.0, 1.0, 0.0, 1.0, 0.0, 0.0, 0.0, 0.0, 1.0, 0.0, 1.0, 0.0, 1.0, 0.0, 0.0, 0.0, 1.0, 0.0, 0.0, 1.0, 0.0, 0.0, 1.0, 0.0, 0.0, 0.0, 1.0, 0.0, 0.0, 1.0, 1.0, 0.0, 0.0, 0.0, 0.0, 1.0, 0.0, 0.0, 1.0]]

[2024-10-14T10:32:14.023977][INFO][seed155] Set up logging
[2024-10-14T10:32:14.047273][INFO][seed41] Sampled 1000 data instances
[2024-10-14T10:32:14.047599][INFO][seed41] Starting exact inference 
[2024-10-14T10:32:14.049330][INFO][seed155] args: -np;1;-nzr;0.8;-zdr;0.5;-o;/mnt/beegfs/rcabanas/dev/credici/papers/zeros/models/s3;-rw;-s;155;-ys;3
[2024-10-14T10:32:14.052416][INFO][seed155] Starting logger with seed 155
1 0.8 0.5 109
/mnt/beegfs/rcabanas/dev/credici/papers/zeros/code/GenerateNparents.java
[2024-10-14T10:32:14.033800][INFO][seed166] Set up logging
[2024-10-14T10:32:14.062462][INFO][seed166] args: -np;1;-nzr;0.8;-zdr;0.5;-o;/mnt/beegfs/rcabanas/dev/credici/papers/zeros/models/s3;-rw;-s;166;-ys;3
[2024-10-14T10:32:14.067467][INFO][seed166] Starting logger with seed 166
[2024-10-14T10:32:14.071880][INFO][seed155] simple_nparents1_nzr08_zdr05_ysize3_155
[2024-10-14T10:32:14.089494][INFO][seed166] simple_nparents1_nzr08_zdr05_ysize3_166
['genn.py', '1', '0.8', '0.5', '126', '3']
['genn.py', '1', '0.8', '0.5', '95', '3']
1 0.8 0.5 126
/mnt/beegfs/rcabanas/dev/credici/papers/zeros/code/GenerateNparents.java
[2024-10-14T10:32:14.147946][INFO][seed184] PS(V1,V0) in [0.0, 0.0]
[2024-10-14T10:32:14.149311][INFO][seed184] No feasible solution... resampling
1 0.8 0.5 95
/mnt/beegfs/rcabanas/dev/credici/papers/zeros/code/GenerateNparents.java
[2024-10-14T10:32:14.240434][INFO][seed184] Sampled 1200 data instances
[2024-10-14T10:32:14.251074][INFO][seed184] Starting exact inference 
[2024-10-14T10:32:14.288935][INFO][seed96] Sampled 1000 data instances
[2024-10-14T10:32:14.289263][INFO][seed96] Starting exact inference 
[2024-10-14T10:32:14.297376][INFO][seed139] Set up logging
[2024-10-14T10:32:14.327698][INFO][seed139] args: -np;1;-nzr;0.8;-zdr;0.5;-o;/mnt/beegfs/rcabanas/dev/credici/papers/zeros/models/s3;-rw;-s;139;-ys;3
[2024-10-14T10:32:14.329775][INFO][seed139] Starting logger with seed 139
[2024-10-14T10:32:14.336011][INFO][seed139] simple_nparents1_nzr08_zdr05_ysize3_139
[2024-10-14T10:32:14.336934][INFO][seed125] U cardinality: 9
[2024-10-14T10:32:14.343271][INFO][seed125] !0 = [1, 2, 3, 4, 5, 6, 8]
[2024-10-14T10:32:14.343821][INFO][seed125] 0 = [0, 7]
[2024-10-14T10:32:14.352402][INFO][seed125] Dropping state 0
[2024-10-14T10:32:14.358658][INFO][seed125] U cardinality: 8
[2024-10-14T10:32:14.365514][INFO][seed125] 
[P([3]) [0.195, 0.805], P([2]) [0.003, 0.869, 0.005, 0.005, 0.033, 0.015, 0.0, 0.07], P([1, 3]) [1.0, 0.0, 0.0, 1.0], P([0, 1, 2]) [1.0, 0.0, 0.0, 0.0, 1.0, 0.0, 1.0, 0.0, 0.0, 0.0, 0.0, 1.0, 0.0, 1.0, 0.0, 1.0, 0.0, 0.0, 0.0, 1.0, 0.0, 0.0, 1.0, 0.0, 0.0, 1.0, 0.0, 0.0, 0.0, 1.0, 0.0, 0.0, 1.0, 1.0, 0.0, 0.0, 0.0, 0.0, 1.0, 0.0, 1.0, 0.0, 0.0, 0.0, 1.0, 0.0, 0.0, 1.0]]

[2024-10-14T10:32:14.373045][INFO][seed148] U cardinality: 9
[2024-10-14T10:32:14.378802][INFO][seed148] !0 = [0, 2, 3, 4, 5, 7, 8]
[2024-10-14T10:32:14.379273][INFO][seed148] 0 = [1, 6]
[2024-10-14T10:32:14.385257][INFO][seed148] Dropping state 6
[2024-10-14T10:32:14.387671][INFO][seed148] Dropping state 1
[2024-10-14T10:32:14.391661][INFO][seed148] U cardinality: 7
[2024-10-14T10:32:14.401956][INFO][seed148] 
[P([3]) [0.052, 0.948], P([2]) [0.35, 0.001, 0.013, 0.003, 0.001, 0.04, 0.592], P([1, 3]) [1.0, 0.0, 0.0, 1.0], P([0, 1, 2]) [1.0, 0.0, 0.0, 1.0, 0.0, 0.0, 1.0, 0.0, 0.0, 0.0, 0.0, 1.0, 0.0, 1.0, 0.0, 1.0, 0.0, 0.0, 0.0, 1.0, 0.0, 0.0, 1.0, 0.0, 0.0, 1.0, 0.0, 0.0, 0.0, 1.0, 0.0, 0.0, 1.0, 0.0, 1.0, 0.0, 0.0, 0.0, 1.0, 0.0, 0.0, 1.0]]

[2024-10-14T10:32:14.409693][INFO][seed184] PS(V1,V0) in [0.0, 1.0]
[2024-10-14T10:32:14.413395][INFO][seed155] U cardinality: 9
[2024-10-14T10:32:14.414463][INFO][seed166] U cardinality: 9
[2024-10-14T10:32:14.415595][INFO][seed184] PN(V1,V0) in [0.0, 0.4987649629488885] 
[2024-10-14T10:32:14.421917][INFO][seed155] !0 = [0, 2, 3, 5, 6, 7, 8]
[2024-10-14T10:32:14.422629][INFO][seed155] 0 = [1, 4]
[2024-10-14T10:32:14.423022][INFO][seed166] !0 = [0, 1, 3, 4, 5, 7, 8]
[2024-10-14T10:32:14.423710][INFO][seed166] 0 = [2, 6]
[2024-10-14T10:32:14.425088][INFO][seed155] U cardinality: 9
[2024-10-14T10:32:14.428719][INFO][seed166] U cardinality: 9
[2024-10-14T10:32:14.433932][INFO][seed155] 
[P([3]) [0.335, 0.665], P([2]) [0.004, 0.0, 0.01, 0.001, 0.0, 0.001, 0.002, 0.001, 0.981], P([1, 3]) [1.0, 0.0, 0.0, 1.0], P([0, 1, 2]) [1.0, 0.0, 0.0, 1.0, 0.0, 0.0, 1.0, 0.0, 0.0, 0.0, 1.0, 0.0, 1.0, 0.0, 0.0, 0.0, 0.0, 1.0, 0.0, 1.0, 0.0, 1.0, 0.0, 0.0, 0.0, 1.0, 0.0, 0.0, 1.0, 0.0, 0.0, 1.0, 0.0, 0.0, 0.0, 1.0, 0.0, 0.0, 1.0, 1.0, 0.0, 0.0, 0.0, 0.0, 1.0, 0.0, 1.0, 0.0, 0.0, 0.0, 1.0, 0.0, 0.0, 1.0]]

[2024-10-14T10:32:14.436294][INFO][seed166] 
[P([3]) [0.801, 0.199], P([2]) [0.001, 0.755, 0.0, 0.001, 0.022, 0.001, 0.0, 0.002, 0.218], P([1, 3]) [1.0, 0.0, 0.0, 1.0], P([0, 1, 2]) [1.0, 0.0, 0.0, 1.0, 0.0, 0.0, 1.0, 0.0, 0.0, 0.0, 1.0, 0.0, 1.0, 0.0, 0.0, 0.0, 0.0, 1.0, 0.0, 1.0, 0.0, 1.0, 0.0, 0.0, 0.0, 1.0, 0.0, 0.0, 1.0, 0.0, 0.0, 1.0, 0.0, 0.0, 0.0, 1.0, 0.0, 0.0, 1.0, 1.0, 0.0, 0.0, 0.0, 0.0, 1.0, 0.0, 1.0, 0.0, 0.0, 0.0, 1.0, 0.0, 0.0, 1.0]]

[2024-10-14T10:32:14.440317][INFO][seed184] Saved data to: /mnt/beegfs/rcabanas/dev/credici/papers/zeros/models/s3/simple_nparents1_nzr08_zdr05_ysize3_184.csv
[2024-10-14T10:32:14.453919][INFO][seed184] Saved model to: /mnt/beegfs/rcabanas/dev/credici/papers/zeros/models/s3/simple_nparents1_nzr08_zdr05_ysize3_184.uai
[2024-10-14T10:32:14.461251][INFO][seed184] Saved queries to: /mnt/beegfs/rcabanas/dev/credici/papers/zeros/models/s3/simple_nparents1_nzr08_zdr05_ysize3_184_query.csv
[2024-10-14T10:32:14.461344][INFO][seed184] Closing log file
[2024-10-14T10:32:14.461419][INFO][seed184] Closed log file
[2024-10-14T10:32:14.589567][INFO][seed125] Sampled 1000 data instances
[2024-10-14T10:32:14.589991][INFO][seed125] Starting exact inference 
[2024-10-14T10:32:14.603152][INFO][seed74] Set up logging
[2024-10-14T10:32:14.622961][INFO][seed74] args: -np;1;-nzr;0.8;-zdr;0.5;-o;/mnt/beegfs/rcabanas/dev/credici/papers/zeros/models/s3;-rw;-s;74;-ys;3
[2024-10-14T10:32:14.624902][INFO][seed74] Starting logger with seed 74
[2024-10-14T10:32:14.638087][INFO][seed74] simple_nparents1_nzr08_zdr05_ysize3_74
[2024-10-14T10:32:14.641849][INFO][seed148] Sampled 1000 data instances
[2024-10-14T10:32:14.642175][INFO][seed148] Starting exact inference 
[2024-10-14T10:32:14.656550][INFO][seed139] U cardinality: 9
[2024-10-14T10:32:14.664652][INFO][seed139] !0 = [1, 2, 3, 5, 6, 7, 8]
[2024-10-14T10:32:14.668129][INFO][seed139] 0 = [0, 4]
[2024-10-14T10:32:14.670920][INFO][seed139] U cardinality: 9
[2024-10-14T10:32:14.671360][INFO][seed155] Sampled 1000 data instances
[2024-10-14T10:32:14.671735][INFO][seed155] Starting exact inference 
[2024-10-14T10:32:14.677710][INFO][seed139] 
[P([3]) [0.718, 0.282], P([2]) [0.0, 0.004, 0.085, 0.001, 0.0, 0.02, 0.7, 0.002, 0.188], P([1, 3]) [1.0, 0.0, 0.0, 1.0], P([0, 1, 2]) [1.0, 0.0, 0.0, 1.0, 0.0, 0.0, 1.0, 0.0, 0.0, 0.0, 1.0, 0.0, 1.0, 0.0, 0.0, 0.0, 0.0, 1.0, 0.0, 1.0, 0.0, 1.0, 0.0, 0.0, 0.0, 1.0, 0.0, 0.0, 1.0, 0.0, 0.0, 1.0, 0.0, 0.0, 0.0, 1.0, 0.0, 0.0, 1.0, 1.0, 0.0, 0.0, 0.0, 0.0, 1.0, 0.0, 1.0, 0.0, 0.0, 0.0, 1.0, 0.0, 0.0, 1.0]]

[2024-10-14T10:32:14.729213][INFO][seed166] Sampled 1000 data instances
[2024-10-14T10:32:14.729617][INFO][seed166] Starting exact inference 
['genn.py', '1', '0.8', '0.5', '124', '3']
[2024-10-14T10:32:14.825522][INFO][seed74] U cardinality: 9
[2024-10-14T10:32:14.829819][INFO][seed74] !0 = [1, 3, 4, 5, 6, 7, 8]
[2024-10-14T10:32:14.830139][INFO][seed74] 0 = [0, 2]
[2024-10-14T10:32:14.836361][INFO][seed74] Dropping state 0
[2024-10-14T10:32:14.841178][INFO][seed74] U cardinality: 8
[2024-10-14T10:32:14.851456][INFO][seed74] 
[P([3]) [0.071, 0.929], P([2]) [0.003, 0.0, 0.003, 0.002, 0.821, 0.025, 0.128, 0.018], P([1, 3]) [1.0, 0.0, 0.0, 1.0], P([0, 1, 2]) [1.0, 0.0, 0.0, 0.0, 1.0, 0.0, 1.0, 0.0, 0.0, 0.0, 0.0, 1.0, 0.0, 1.0, 0.0, 1.0, 0.0, 0.0, 0.0, 1.0, 0.0, 0.0, 1.0, 0.0, 0.0, 1.0, 0.0, 0.0, 0.0, 1.0, 0.0, 0.0, 1.0, 1.0, 0.0, 0.0, 0.0, 0.0, 1.0, 0.0, 1.0, 0.0, 0.0, 0.0, 1.0, 0.0, 0.0, 1.0]]

1 0.8 0.5 124
/mnt/beegfs/rcabanas/dev/credici/papers/zeros/code/GenerateNparents.java
[2024-10-14T10:32:14.946426][INFO][seed139] Sampled 1000 data instances
[2024-10-14T10:32:14.946920][INFO][seed139] Starting exact inference 
[2024-10-14T10:32:15.038146][INFO][seed74] Sampled 1000 data instances
[2024-10-14T10:32:15.038385][INFO][seed74] Starting exact inference 
[2024-10-14T10:32:15.150873][INFO][seed56] Set up logging
[2024-10-14T10:32:15.176379][INFO][seed56] args: -np;1;-nzr;0.8;-zdr;0.5;-o;/mnt/beegfs/rcabanas/dev/credici/papers/zeros/models/s3;-rw;-s;56;-ys;3
[2024-10-14T10:32:15.188063][INFO][seed56] Starting logger with seed 56
[2024-10-14T10:32:15.200241][INFO][seed56] simple_nparents1_nzr08_zdr05_ysize3_56
[2024-10-14T10:32:15.301500][INFO][seed43] Set up logging
[2024-10-14T10:32:15.325917][INFO][seed43] args: -np;1;-nzr;0.8;-zdr;0.5;-o;/mnt/beegfs/rcabanas/dev/credici/papers/zeros/models/s3;-rw;-s;43;-ys;3
[2024-10-14T10:32:15.328751][INFO][seed43] Starting logger with seed 43
[2024-10-14T10:32:15.339847][INFO][seed43] simple_nparents1_nzr08_zdr05_ysize3_43
[2024-10-14T10:32:15.372387][INFO][seed61] Set up logging
[2024-10-14T10:32:15.400098][INFO][seed61] args: -np;1;-nzr;0.8;-zdr;0.5;-o;/mnt/beegfs/rcabanas/dev/credici/papers/zeros/models/s3;-rw;-s;61;-ys;3
[2024-10-14T10:32:15.408658][INFO][seed61] Starting logger with seed 61
[2024-10-14T10:32:15.391482][INFO][seed34] Set up logging
[2024-10-14T10:32:15.411149][INFO][seed34] args: -np;1;-nzr;0.8;-zdr;0.5;-o;/mnt/beegfs/rcabanas/dev/credici/papers/zeros/models/s3;-rw;-s;34;-ys;3
[2024-10-14T10:32:15.420793][INFO][seed61] simple_nparents1_nzr08_zdr05_ysize3_61
[2024-10-14T10:32:15.425194][INFO][seed34] Starting logger with seed 34
[2024-10-14T10:32:15.430498][INFO][seed34] simple_nparents1_nzr08_zdr05_ysize3_34
[2024-10-14T10:32:15.426600][INFO][seed35] PS(V1,V0) in [0.0, 1.0]
[2024-10-14T10:32:15.436140][INFO][seed35] PN(V1,V0) in [0.0, 0.038637539294098924] 
[2024-10-14T10:32:15.482272][INFO][seed35] Saved data to: /mnt/beegfs/rcabanas/dev/credici/papers/zeros/models/s3/simple_nparents1_nzr08_zdr05_ysize3_35.csv
[2024-10-14T10:32:15.491805][INFO][seed85] PS(V1,V0) in [0.0, 1.0]
[2024-10-14T10:32:15.503193][INFO][seed85] PN(V1,V0) in [0.0, 0.34004313443565776] 
[2024-10-14T10:32:15.503402][INFO][seed35] Saved model to: /mnt/beegfs/rcabanas/dev/credici/papers/zeros/models/s3/simple_nparents1_nzr08_zdr05_ysize3_35.uai
[2024-10-14T10:32:15.508919][INFO][seed35] Saved queries to: /mnt/beegfs/rcabanas/dev/credici/papers/zeros/models/s3/simple_nparents1_nzr08_zdr05_ysize3_35_query.csv
[2024-10-14T10:32:15.509074][INFO][seed35] Closing log file
[2024-10-14T10:32:15.509160][INFO][seed35] Closed log file
[2024-10-14T10:32:15.531668][INFO][seed41] PS(V1,V0) in [0.0, 0.0]
[2024-10-14T10:32:15.550832][INFO][seed41] PN(V1,V0) in [0.0, 0.0] 
[2024-10-14T10:32:15.574961][INFO][seed85] Saved data to: /mnt/beegfs/rcabanas/dev/credici/papers/zeros/models/s3/simple_nparents1_nzr08_zdr05_ysize3_85.csv
[2024-10-14T10:32:15.603690][INFO][seed85] Saved model to: /mnt/beegfs/rcabanas/dev/credici/papers/zeros/models/s3/simple_nparents1_nzr08_zdr05_ysize3_85.uai
[2024-10-14T10:32:15.617027][INFO][seed41] Saved data to: /mnt/beegfs/rcabanas/dev/credici/papers/zeros/models/s3/simple_nparents1_nzr08_zdr05_ysize3_41.csv
[2024-10-14T10:32:15.619812][INFO][seed85] Saved queries to: /mnt/beegfs/rcabanas/dev/credici/papers/zeros/models/s3/simple_nparents1_nzr08_zdr05_ysize3_85_query.csv
[2024-10-14T10:32:15.619893][INFO][seed85] Closing log file
[2024-10-14T10:32:15.619918][INFO][seed85] Closed log file
[2024-10-14T10:32:15.638164][INFO][seed41] Saved model to: /mnt/beegfs/rcabanas/dev/credici/papers/zeros/models/s3/simple_nparents1_nzr08_zdr05_ysize3_41.uai
[2024-10-14T10:32:15.647539][INFO][seed41] Saved queries to: /mnt/beegfs/rcabanas/dev/credici/papers/zeros/models/s3/simple_nparents1_nzr08_zdr05_ysize3_41_query.csv
[2024-10-14T10:32:15.647815][INFO][seed41] Closing log file
[2024-10-14T10:32:15.647906][INFO][seed41] Closed log file
[2024-10-14T10:32:15.681873][INFO][seed56] U cardinality: 9
[2024-10-14T10:32:15.701557][INFO][seed56] !0 = [0, 1, 2, 3, 5, 6, 7]
[2024-10-14T10:32:15.701911][INFO][seed56] 0 = [4, 8]
[2024-10-14T10:32:15.704949][INFO][seed56] U cardinality: 9
[2024-10-14T10:32:15.728308][INFO][seed56] 
[P([3]) [0.819, 0.181], P([2]) [0.002, 0.033, 0.001, 0.416, 0.0, 0.013, 0.248, 0.287, 0.0], P([1, 3]) [1.0, 0.0, 0.0, 1.0], P([0, 1, 2]) [1.0, 0.0, 0.0, 1.0, 0.0, 0.0, 1.0, 0.0, 0.0, 0.0, 1.0, 0.0, 1.0, 0.0, 0.0, 0.0, 0.0, 1.0, 0.0, 1.0, 0.0, 1.0, 0.0, 0.0, 0.0, 1.0, 0.0, 0.0, 1.0, 0.0, 0.0, 1.0, 0.0, 0.0, 0.0, 1.0, 0.0, 0.0, 1.0, 1.0, 0.0, 0.0, 0.0, 0.0, 1.0, 0.0, 1.0, 0.0, 0.0, 0.0, 1.0, 0.0, 0.0, 1.0]]

[2024-10-14T10:32:15.809497][INFO][seed96] PS(V1,V0) in [0.39507232164746264, 0.4918484922775189]
[2024-10-14T10:32:15.818702][INFO][seed96] PN(V1,V0) in [0.8032398753894081, 1.0] 
[2024-10-14T10:32:15.833311][INFO][seed43] U cardinality: 9
[2024-10-14T10:32:15.843323][INFO][seed43] !0 = [0, 2, 4, 5, 6, 7, 8]
[2024-10-14T10:32:15.843854][INFO][seed43] 0 = [1, 3]
[2024-10-14T10:32:15.850847][INFO][seed43] U cardinality: 9
[2024-10-14T10:32:15.842230][INFO][seed16] Set up logging
[2024-10-14T10:32:15.862354][INFO][seed16] args: -np;1;-nzr;0.8;-zdr;0.5;-o;/mnt/beegfs/rcabanas/dev/credici/papers/zeros/models/s3;-rw;-s;16;-ys;3
[2024-10-14T10:32:15.865723][INFO][seed16] Starting logger with seed 16
[2024-10-14T10:32:15.866196][INFO][seed96] Saved data to: /mnt/beegfs/rcabanas/dev/credici/papers/zeros/models/s3/simple_nparents1_nzr08_zdr05_ysize3_96.csv
[2024-10-14T10:32:15.872880][INFO][seed16] simple_nparents1_nzr08_zdr05_ysize3_16
[2024-10-14T10:32:15.902557][INFO][seed43] 
[P([3]) [0.029, 0.971], P([2]) [0.011, 0.0, 0.591, 0.0, 0.001, 0.001, 0.001, 0.349, 0.046], P([1, 3]) [1.0, 0.0, 0.0, 1.0], P([0, 1, 2]) [1.0, 0.0, 0.0, 1.0, 0.0, 0.0, 1.0, 0.0, 0.0, 0.0, 1.0, 0.0, 1.0, 0.0, 0.0, 0.0, 0.0, 1.0, 0.0, 1.0, 0.0, 1.0, 0.0, 0.0, 0.0, 1.0, 0.0, 0.0, 1.0, 0.0, 0.0, 1.0, 0.0, 0.0, 0.0, 1.0, 0.0, 0.0, 1.0, 1.0, 0.0, 0.0, 0.0, 0.0, 1.0, 0.0, 1.0, 0.0, 0.0, 0.0, 1.0, 0.0, 0.0, 1.0]]

[2024-10-14T10:32:15.917135][INFO][seed34] U cardinality: 9
[2024-10-14T10:32:15.924469][INFO][seed61] U cardinality: 9
[2024-10-14T10:32:15.928819][INFO][seed34] !0 = [0, 2, 3, 4, 5, 7, 8]
[2024-10-14T10:32:15.929522][INFO][seed96] Saved model to: /mnt/beegfs/rcabanas/dev/credici/papers/zeros/models/s3/simple_nparents1_nzr08_zdr05_ysize3_96.uai
[2024-10-14T10:32:15.932194][INFO][seed34] 0 = [1, 6]
[2024-10-14T10:32:15.935593][INFO][seed61] !0 = [0, 1, 2, 3, 4, 6, 8]
[2024-10-14T10:32:15.935322][INFO][seed96] Saved queries to: /mnt/beegfs/rcabanas/dev/credici/papers/zeros/models/s3/simple_nparents1_nzr08_zdr05_ysize3_96_query.csv
[2024-10-14T10:32:15.935980][INFO][seed61] 0 = [5, 7]
[2024-10-14T10:32:15.935385][INFO][seed96] Closing log file
[2024-10-14T10:32:15.935412][INFO][seed96] Closed log file
[2024-10-14T10:32:15.936333][INFO][seed34] U cardinality: 9
[2024-10-14T10:32:15.953264][INFO][seed61] Dropping state 7
[2024-10-14T10:32:15.954597][INFO][seed61] Dropping state 5
[2024-10-14T10:32:15.957139][INFO][seed61] U cardinality: 7
[2024-10-14T10:32:15.961076][INFO][seed34] 
[P([3]) [0.409, 0.591], P([2]) [0.684, 0.0, 0.009, 0.002, 0.01, 0.06, 0.0, 0.002, 0.233], P([1, 3]) [1.0, 0.0, 0.0, 1.0], P([0, 1, 2]) [1.0, 0.0, 0.0, 1.0, 0.0, 0.0, 1.0, 0.0, 0.0, 0.0, 1.0, 0.0, 1.0, 0.0, 0.0, 0.0, 0.0, 1.0, 0.0, 1.0, 0.0, 1.0, 0.0, 0.0, 0.0, 1.0, 0.0, 0.0, 1.0, 0.0, 0.0, 1.0, 0.0, 0.0, 0.0, 1.0, 0.0, 0.0, 1.0, 1.0, 0.0, 0.0, 0.0, 0.0, 1.0, 0.0, 1.0, 0.0, 0.0, 0.0, 1.0, 0.0, 0.0, 1.0]]

[2024-10-14T10:32:15.980176][INFO][seed56] Sampled 1000 data instances
[2024-10-14T10:32:15.980442][INFO][seed56] Starting exact inference 
[2024-10-14T10:32:15.985607][INFO][seed61] 
[P([3]) [0.204, 0.796], P([2]) [0.083, 0.036, 0.061, 0.001, 0.001, 0.804, 0.014], P([1, 3]) [1.0, 0.0, 0.0, 1.0], P([0, 1, 2]) [1.0, 0.0, 0.0, 1.0, 0.0, 0.0, 1.0, 0.0, 0.0, 0.0, 1.0, 0.0, 1.0, 0.0, 0.0, 0.0, 0.0, 1.0, 0.0, 1.0, 0.0, 1.0, 0.0, 0.0, 0.0, 1.0, 0.0, 0.0, 1.0, 0.0, 0.0, 0.0, 1.0, 1.0, 0.0, 0.0, 0.0, 0.0, 1.0, 0.0, 0.0, 1.0]]

[2024-10-14T10:32:15.983428][INFO][seed109] Set up logging
[2024-10-14T10:32:16.001018][INFO][seed109] args: -np;1;-nzr;0.8;-zdr;0.5;-o;/mnt/beegfs/rcabanas/dev/credici/papers/zeros/models/s3;-rw;-s;109;-ys;3
[2024-10-14T10:32:16.008213][INFO][seed109] Starting logger with seed 109
['genn.py', '1', '0.8', '0.5', '120', '3']
[2024-10-14T10:32:16.008945][INFO][seed74] No feasible solution... resampling
[2024-10-14T10:32:16.050820][INFO][seed16] U cardinality: 9
[2024-10-14T10:32:16.048497][INFO][seed109] simple_nparents1_nzr08_zdr05_ysize3_109
1 0.8 0.5 120
/mnt/beegfs/rcabanas/dev/credici/papers/zeros/code/GenerateNparents.java
[2024-10-14T10:32:16.055259][INFO][seed16] !0 = [0, 1, 2, 3, 4, 5, 6]
[2024-10-14T10:32:16.055543][INFO][seed16] 0 = [7, 8]
[2024-10-14T10:32:16.033958][INFO][seed18] Set up logging
[2024-10-14T10:32:16.057914][INFO][seed18] args: -np;1;-nzr;0.8;-zdr;0.5;-o;/mnt/beegfs/rcabanas/dev/credici/papers/zeros/models/s3;-rw;-s;18;-ys;3
[2024-10-14T10:32:16.059868][INFO][seed16] Dropping state 8
[2024-10-14T10:32:16.060998][INFO][seed16] Dropping state 7
[2024-10-14T10:32:16.062297][INFO][seed18] Starting logger with seed 18
[2024-10-14T10:32:16.063218][INFO][seed16] U cardinality: 7
[2024-10-14T10:32:16.067914][INFO][seed16] 
[P([3]) [0.658, 0.342], P([2]) [0.577, 0.002, 0.001, 0.135, 0.001, 0.001, 0.283], P([1, 3]) [1.0, 0.0, 0.0, 1.0], P([0, 1, 2]) [1.0, 0.0, 0.0, 1.0, 0.0, 0.0, 1.0, 0.0, 0.0, 0.0, 1.0, 0.0, 1.0, 0.0, 0.0, 0.0, 0.0, 1.0, 0.0, 1.0, 0.0, 1.0, 0.0, 0.0, 0.0, 1.0, 0.0, 0.0, 1.0, 0.0, 0.0, 1.0, 0.0, 0.0, 0.0, 1.0, 0.0, 0.0, 1.0, 1.0, 0.0, 0.0]]

[2024-10-14T10:32:16.074971][INFO][seed18] simple_nparents1_nzr08_zdr05_ysize3_18
[2024-10-14T10:32:16.067199][INFO][seed95] Set up logging
[2024-10-14T10:32:16.084130][INFO][seed95] args: -np;1;-nzr;0.8;-zdr;0.5;-o;/mnt/beegfs/rcabanas/dev/credici/papers/zeros/models/s3;-rw;-s;95;-ys;3
[2024-10-14T10:32:16.088284][INFO][seed95] Starting logger with seed 95
[2024-10-14T10:32:16.105892][INFO][seed95] simple_nparents1_nzr08_zdr05_ysize3_95
['genn.py', '1', '0.8', '0.5', '134', '3']
[2024-10-14T10:32:16.120285][INFO][seed74] Sampled 1100 data instances
[2024-10-14T10:32:16.120533][INFO][seed74] Starting exact inference 
[2024-10-14T10:32:16.123523][INFO][seed43] Sampled 1000 data instances
[2024-10-14T10:32:16.123815][INFO][seed43] Starting exact inference 
['genn.py', '1', '0.8', '0.5', '144', '3']
1 0.8 0.5 134
/mnt/beegfs/rcabanas/dev/credici/papers/zeros/code/GenerateNparents.java
[2024-10-14T10:32:16.132896][INFO][seed126] Set up logging
[2024-10-14T10:32:16.152993][INFO][seed126] args: -np;1;-nzr;0.8;-zdr;0.5;-o;/mnt/beegfs/rcabanas/dev/credici/papers/zeros/models/s3;-rw;-s;126;-ys;3
[2024-10-14T10:32:16.154699][INFO][seed126] Starting logger with seed 126
[2024-10-14T10:32:16.166660][INFO][seed126] simple_nparents1_nzr08_zdr05_ysize3_126
1 0.8 0.5 144
/mnt/beegfs/rcabanas/dev/credici/papers/zeros/code/GenerateNparents.java
[2024-10-14T10:32:16.188566][INFO][seed34] Sampled 1000 data instances
[2024-10-14T10:32:16.188667][INFO][seed34] Starting exact inference 
[2024-10-14T10:32:16.208289][INFO][seed61] Sampled 1000 data instances
[2024-10-14T10:32:16.208530][INFO][seed61] Starting exact inference 
[2024-10-14T10:32:16.231706][INFO][seed109] U cardinality: 9
[2024-10-14T10:32:16.236191][INFO][seed109] !0 = [1, 2, 3, 4, 5, 6, 8]
[2024-10-14T10:32:16.236466][INFO][seed109] 0 = [0, 7]
[2024-10-14T10:32:16.242175][INFO][seed109] Dropping state 0
[2024-10-14T10:32:16.244319][INFO][seed109] U cardinality: 8
[2024-10-14T10:32:16.259879][INFO][seed109] 
[P([3]) [0.248, 0.752], P([2]) [0.001, 0.087, 0.089, 0.003, 0.075, 0.004, 0.0, 0.741], P([1, 3]) [1.0, 0.0, 0.0, 1.0], P([0, 1, 2]) [1.0, 0.0, 0.0, 0.0, 1.0, 0.0, 1.0, 0.0, 0.0, 0.0, 0.0, 1.0, 0.0, 1.0, 0.0, 1.0, 0.0, 0.0, 0.0, 1.0, 0.0, 0.0, 1.0, 0.0, 0.0, 1.0, 0.0, 0.0, 0.0, 1.0, 0.0, 0.0, 1.0, 1.0, 0.0, 0.0, 0.0, 0.0, 1.0, 0.0, 1.0, 0.0, 0.0, 0.0, 1.0, 0.0, 0.0, 1.0]]

[2024-10-14T10:32:16.268569][INFO][seed16] Sampled 1000 data instances
[2024-10-14T10:32:16.268654][INFO][seed16] Starting exact inference 
[2024-10-14T10:32:16.305518][INFO][seed95] U cardinality: 9
[2024-10-14T10:32:16.309446][INFO][seed74] PS(V1,V0) in [0.0, 1.0]
[2024-10-14T10:32:16.310854][INFO][seed95] !0 = [0, 2, 3, 4, 6, 7, 8]
[2024-10-14T10:32:16.311135][INFO][seed95] 0 = [1, 5]
[2024-10-14T10:32:16.312648][INFO][seed95] U cardinality: 9
[2024-10-14T10:32:16.318977][INFO][seed95] 
[P([3]) [0.1, 0.9], P([2]) [0.074, 0.0, 0.188, 0.069, 0.164, 0.0, 0.148, 0.004, 0.353], P([1, 3]) [1.0, 0.0, 0.0, 1.0], P([0, 1, 2]) [1.0, 0.0, 0.0, 1.0, 0.0, 0.0, 1.0, 0.0, 0.0, 0.0, 1.0, 0.0, 1.0, 0.0, 0.0, 0.0, 0.0, 1.0, 0.0, 1.0, 0.0, 1.0, 0.0, 0.0, 0.0, 1.0, 0.0, 0.0, 1.0, 0.0, 0.0, 1.0, 0.0, 0.0, 0.0, 1.0, 0.0, 0.0, 1.0, 1.0, 0.0, 0.0, 0.0, 0.0, 1.0, 0.0, 1.0, 0.0, 0.0, 0.0, 1.0, 0.0, 0.0, 1.0]]

[2024-10-14T10:32:16.319344][INFO][seed74] PN(V1,V0) in [0.0, 0.09595226576358654] 
[2024-10-14T10:32:16.368151][INFO][seed74] Saved data to: /mnt/beegfs/rcabanas/dev/credici/papers/zeros/models/s3/simple_nparents1_nzr08_zdr05_ysize3_74.csv
[2024-10-14T10:32:16.374997][INFO][seed126] U cardinality: 9
[2024-10-14T10:32:16.379486][INFO][seed126] !0 = [0, 1, 2, 3, 4, 6, 8]
[2024-10-14T10:32:16.379771][INFO][seed126] 0 = [5, 7]
[2024-10-14T10:32:16.381278][INFO][seed126] U cardinality: 9
[2024-10-14T10:32:16.381994][INFO][seed74] Saved model to: /mnt/beegfs/rcabanas/dev/credici/papers/zeros/models/s3/simple_nparents1_nzr08_zdr05_ysize3_74.uai
[2024-10-14T10:32:16.386154][INFO][seed74] Saved queries to: /mnt/beegfs/rcabanas/dev/credici/papers/zeros/models/s3/simple_nparents1_nzr08_zdr05_ysize3_74_query.csv
[2024-10-14T10:32:16.386271][INFO][seed74] Closing log file
[2024-10-14T10:32:16.388110][INFO][seed126] 
[P([3]) [0.58, 0.42], P([2]) [0.005, 0.001, 0.019, 0.017, 0.529, 0.0, 0.031, 0.0, 0.398], P([1, 3]) [1.0, 0.0, 0.0, 1.0], P([0, 1, 2]) [1.0, 0.0, 0.0, 1.0, 0.0, 0.0, 1.0, 0.0, 0.0, 0.0, 1.0, 0.0, 1.0, 0.0, 0.0, 0.0, 0.0, 1.0, 0.0, 1.0, 0.0, 1.0, 0.0, 0.0, 0.0, 1.0, 0.0, 0.0, 1.0, 0.0, 0.0, 1.0, 0.0, 0.0, 0.0, 1.0, 0.0, 0.0, 1.0, 1.0, 0.0, 0.0, 0.0, 0.0, 1.0, 0.0, 1.0, 0.0, 0.0, 0.0, 1.0, 0.0, 0.0, 1.0]]

[2024-10-14T10:32:16.386372][INFO][seed74] Closed log file
[2024-10-14T10:32:16.427681][INFO][seed148] PS(V1,V0) in [0.0, 0.0]
[2024-10-14T10:32:16.437628][INFO][seed109] Sampled 1000 data instances
[2024-10-14T10:32:16.437893][INFO][seed109] Starting exact inference 
[2024-10-14T10:32:16.447430][INFO][seed148] PN(V1,V0) in [0.0, 0.0] 
['genn.py', '1', '0.8', '0.5', '198', '3']
[2024-10-14T10:32:16.486768][INFO][seed148] Saved data to: /mnt/beegfs/rcabanas/dev/credici/papers/zeros/models/s3/simple_nparents1_nzr08_zdr05_ysize3_148.csv
[2024-10-14T10:32:16.487450][INFO][seed95] Sampled 1000 data instances
[2024-10-14T10:32:16.491538][INFO][seed125] PS(V1,V0) in [0.0, 0.005865785247084565]
1 0.8 0.5 198
[2024-10-14T10:32:16.487671][INFO][seed95] Starting exact inference 
/mnt/beegfs/rcabanas/dev/credici/papers/zeros/code/GenerateNparents.java
[2024-10-14T10:32:16.514199][INFO][seed125] PN(V1,V0) in [0.0, 1.0] 
Removed 000
Removed 000
Removed 000
Removed 000
Removed 000
Removed 000
Removed 000
Removed 000
Removed 000
[2024-10-14T10:32:16.521851][INFO][seed148] Saved model to: /mnt/beegfs/rcabanas/dev/credici/papers/zeros/models/s3/simple_nparents1_nzr08_zdr05_ysize3_148.uai
[2024-10-14T10:32:16.528430][INFO][seed148] Saved queries to: /mnt/beegfs/rcabanas/dev/credici/papers/zeros/models/s3/simple_nparents1_nzr08_zdr05_ysize3_148_query.csv
[2024-10-14T10:32:16.528640][INFO][seed148] Closing log file
[2024-10-14T10:32:16.528728][INFO][seed148] Closed log file
Error in variable: 2
[2024-10-14T10:32:16.530597][INFO][seed155] No feasible solution... resampling
[2024-10-14T10:32:16.537355][INFO][seed18] U cardinality: 9
[2024-10-14T10:32:16.544463][INFO][seed18] !0 = [0, 1, 3, 4, 6, 7, 8]
[2024-10-14T10:32:16.544866][INFO][seed18] 0 = [2, 5]
[2024-10-14T10:32:16.546281][INFO][seed125] Saved data to: /mnt/beegfs/rcabanas/dev/credici/papers/zeros/models/s3/simple_nparents1_nzr08_zdr05_ysize3_125.csv
[2024-10-14T10:32:16.551341][INFO][seed18] Dropping state 5
[2024-10-14T10:32:16.552618][INFO][seed18] Dropping state 2
[2024-10-14T10:32:16.558021][INFO][seed18] U cardinality: 7
[2024-10-14T10:32:16.563203][INFO][seed125] Saved model to: /mnt/beegfs/rcabanas/dev/credici/papers/zeros/models/s3/simple_nparents1_nzr08_zdr05_ysize3_125.uai
[2024-10-14T10:32:16.567082][INFO][seed18] 
[P([3]) [0.751, 0.249], P([2]) [0.011, 0.019, 0.019, 0.035, 0.52, 0.012, 0.384], P([1, 3]) [1.0, 0.0, 0.0, 1.0], P([0, 1, 2]) [1.0, 0.0, 0.0, 1.0, 0.0, 0.0, 1.0, 0.0, 0.0, 0.0, 1.0, 0.0, 0.0, 1.0, 0.0, 1.0, 0.0, 0.0, 0.0, 1.0, 0.0, 0.0, 1.0, 0.0, 0.0, 0.0, 1.0, 1.0, 0.0, 0.0, 0.0, 0.0, 1.0, 0.0, 1.0, 0.0, 0.0, 0.0, 1.0, 0.0, 0.0, 1.0]]

[2024-10-14T10:32:16.574200][INFO][seed126] Sampled 1000 data instances
[2024-10-14T10:32:16.574486][INFO][seed126] Starting exact inference 
[2024-10-14T10:32:16.577420][INFO][seed125] Saved queries to: /mnt/beegfs/rcabanas/dev/credici/papers/zeros/models/s3/simple_nparents1_nzr08_zdr05_ysize3_125_query.csv
[2024-10-14T10:32:16.577513][INFO][seed125] Closing log file
[2024-10-14T10:32:16.577538][INFO][seed125] Closed log file
[2024-10-14T10:32:16.616396][INFO][seed155] Sampled 1100 data instances
[2024-10-14T10:32:16.625810][INFO][seed155] Starting exact inference 
[2024-10-14T10:32:16.771474][INFO][seed18] Sampled 1000 data instances
[2024-10-14T10:32:16.771731][INFO][seed18] Starting exact inference 
['genn.py', '1', '0.8', '0.5', '197', '3']
1 0.8 0.5 197
/mnt/beegfs/rcabanas/dev/credici/papers/zeros/code/GenerateNparents.java
[2024-10-14T10:32:16.887560][INFO][seed166] PS(V1,V0) in [0.7291601214786888, 1.0]
[2024-10-14T10:32:16.889274][INFO][seed124] Set up logging
[2024-10-14T10:32:16.901987][INFO][seed124] args: -np;1;-nzr;0.8;-zdr;0.5;-o;/mnt/beegfs/rcabanas/dev/credici/papers/zeros/models/s3;-rw;-s;124;-ys;3
[2024-10-14T10:32:16.905585][INFO][seed124] Starting logger with seed 124
[2024-10-14T10:32:16.908418][INFO][seed166] PN(V1,V0) in [0.7023326188374732, 0.9632076661202875] 
[2024-10-14T10:32:16.919253][INFO][seed124] simple_nparents1_nzr08_zdr05_ysize3_124
[2024-10-14T10:32:16.946591][INFO][seed166] Saved data to: /mnt/beegfs/rcabanas/dev/credici/papers/zeros/models/s3/simple_nparents1_nzr08_zdr05_ysize3_166.csv
[2024-10-14T10:32:16.988641][INFO][seed166] Saved model to: /mnt/beegfs/rcabanas/dev/credici/papers/zeros/models/s3/simple_nparents1_nzr08_zdr05_ysize3_166.uai
[2024-10-14T10:32:16.994117][INFO][seed166] Saved queries to: /mnt/beegfs/rcabanas/dev/credici/papers/zeros/models/s3/simple_nparents1_nzr08_zdr05_ysize3_166_query.csv
[2024-10-14T10:32:16.994350][INFO][seed166] Closing log file
[2024-10-14T10:32:16.994435][INFO][seed166] Closed log file
[2024-10-14T10:32:17.037639][INFO][seed155] PS(V1,V0) in [0.0, 0.0]
[2024-10-14T10:32:17.053173][INFO][seed155] No feasible solution... resampling
['genn.py', '1', '0.8', '0.5', '171', '3']
['genn.py', '1', '0.8', '0.5', '167', '3']
[2024-10-14T10:32:17.108682][INFO][seed139] PS(V1,V0) in [0.0, 0.031733333333333336]
[2024-10-14T10:32:17.115577][INFO][seed124] U cardinality: 9
[2024-10-14T10:32:17.120215][INFO][seed124] !0 = [0, 1, 2, 3, 5, 6, 7]
[2024-10-14T10:32:17.120493][INFO][seed124] 0 = [4, 8]
1 0.8 0.5 171
[2024-10-14T10:32:17.126805][INFO][seed155] Sampled 1200 data instances
[2024-10-14T10:32:17.127339][INFO][seed124] Dropping state 8
1 0.8 0.5 167
/mnt/beegfs/rcabanas/dev/credici/papers/zeros/code/GenerateNparents.java
/mnt/beegfs/rcabanas/dev/credici/papers/zeros/code/GenerateNparents.java
[2024-10-14T10:32:17.128532][INFO][seed124] Dropping state 4
[2024-10-14T10:32:17.131945][INFO][seed139] PN(V1,V0) in [0.0, 1.0] 
[2024-10-14T10:32:17.131187][INFO][seed124] U cardinality: 7
[2024-10-14T10:32:17.139843][INFO][seed124] 
[P([3]) [0.988, 0.012], P([2]) [0.02, 0.048, 0.265, 0.392, 0.015, 0.153, 0.107], P([1, 3]) [1.0, 0.0, 0.0, 1.0], P([0, 1, 2]) [1.0, 0.0, 0.0, 1.0, 0.0, 0.0, 1.0, 0.0, 0.0, 0.0, 1.0, 0.0, 1.0, 0.0, 0.0, 0.0, 0.0, 1.0, 0.0, 1.0, 0.0, 1.0, 0.0, 0.0, 0.0, 1.0, 0.0, 0.0, 0.0, 1.0, 0.0, 0.0, 1.0, 1.0, 0.0, 0.0, 0.0, 0.0, 1.0, 0.0, 1.0, 0.0]]

[2024-10-14T10:32:17.139724][INFO][seed155] Starting exact inference 
[2024-10-14T10:32:17.185958][INFO][seed139] Saved data to: /mnt/beegfs/rcabanas/dev/credici/papers/zeros/models/s3/simple_nparents1_nzr08_zdr05_ysize3_139.csv
[2024-10-14T10:32:17.206254][INFO][seed16] PS(V1,V0) in [0.0, 0.009376456977085527]
[2024-10-14T10:32:17.210237][INFO][seed139] Saved model to: /mnt/beegfs/rcabanas/dev/credici/papers/zeros/models/s3/simple_nparents1_nzr08_zdr05_ysize3_139.uai
[2024-10-14T10:32:17.218419][INFO][seed16] PN(V1,V0) in [0.0, 1.0] 
[2024-10-14T10:32:17.227713][INFO][seed139] Saved queries to: /mnt/beegfs/rcabanas/dev/credici/papers/zeros/models/s3/simple_nparents1_nzr08_zdr05_ysize3_139_query.csv
[2024-10-14T10:32:17.227812][INFO][seed139] Closing log file
[2024-10-14T10:32:17.227839][INFO][seed139] Closed log file
[2024-10-14T10:32:17.250186][INFO][seed16] Saved data to: /mnt/beegfs/rcabanas/dev/credici/papers/zeros/models/s3/simple_nparents1_nzr08_zdr05_ysize3_16.csv
[2024-10-14T10:32:17.265401][INFO][seed16] Saved model to: /mnt/beegfs/rcabanas/dev/credici/papers/zeros/models/s3/simple_nparents1_nzr08_zdr05_ysize3_16.uai
[2024-10-14T10:32:17.268820][INFO][seed16] Saved queries to: /mnt/beegfs/rcabanas/dev/credici/papers/zeros/models/s3/simple_nparents1_nzr08_zdr05_ysize3_16_query.csv
[2024-10-14T10:32:17.268916][INFO][seed16] Closing log file
[2024-10-14T10:32:17.268996][INFO][seed16] Closed log file
[2024-10-14T10:32:17.295907][INFO][seed155] PS(V1,V0) in [0.0, 0.16578249336870024]
[2024-10-14T10:32:17.305471][INFO][seed155] PN(V1,V0) in [0.0, 1.0] 
[2024-10-14T10:32:17.326403][INFO][seed124] Sampled 1000 data instances
[2024-10-14T10:32:17.326490][INFO][seed124] Starting exact inference 
[2024-10-14T10:32:17.363597][INFO][seed155] Saved data to: /mnt/beegfs/rcabanas/dev/credici/papers/zeros/models/s3/simple_nparents1_nzr08_zdr05_ysize3_155.csv
[2024-10-14T10:32:17.410137][INFO][seed155] Saved model to: /mnt/beegfs/rcabanas/dev/credici/papers/zeros/models/s3/simple_nparents1_nzr08_zdr05_ysize3_155.uai
[2024-10-14T10:32:17.415730][INFO][seed155] Saved queries to: /mnt/beegfs/rcabanas/dev/credici/papers/zeros/models/s3/simple_nparents1_nzr08_zdr05_ysize3_155_query.csv
[2024-10-14T10:32:17.415807][INFO][seed155] Closing log file
[2024-10-14T10:32:17.415836][INFO][seed155] Closed log file
[2024-10-14T10:32:17.435070][INFO][seed109] PS(V1,V0) in [0.0, 0.022340608351950505]
[2024-10-14T10:32:17.454361][INFO][seed109] PN(V1,V0) in [0.0, 1.0] 
[2024-10-14T10:32:17.486838][INFO][seed109] Saved data to: /mnt/beegfs/rcabanas/dev/credici/papers/zeros/models/s3/simple_nparents1_nzr08_zdr05_ysize3_109.csv
[2024-10-14T10:32:17.502908][INFO][seed109] Saved model to: /mnt/beegfs/rcabanas/dev/credici/papers/zeros/models/s3/simple_nparents1_nzr08_zdr05_ysize3_109.uai
[2024-10-14T10:32:17.506741][INFO][seed109] Saved queries to: /mnt/beegfs/rcabanas/dev/credici/papers/zeros/models/s3/simple_nparents1_nzr08_zdr05_ysize3_109_query.csv
[2024-10-14T10:32:17.506864][INFO][seed109] Closing log file
[2024-10-14T10:32:17.506940][INFO][seed109] Closed log file
[2024-10-14T10:32:17.529380][INFO][seed126] PS(V1,V0) in [0.0, 1.0]
[2024-10-14T10:32:17.553479][INFO][seed126] PN(V1,V0) in [0.0, 0.05459296710787934] 
[2024-10-14T10:32:17.561053][INFO][seed95] PS(V1,V0) in [0.0, 0.5125543061589574]
[2024-10-14T10:32:17.571665][INFO][seed95] PN(V1,V0) in [0.0, 1.0] 
[2024-10-14T10:32:17.580836][INFO][seed126] Saved data to: /mnt/beegfs/rcabanas/dev/credici/papers/zeros/models/s3/simple_nparents1_nzr08_zdr05_ysize3_126.csv
[2024-10-14T10:32:17.590965][INFO][seed126] Saved model to: /mnt/beegfs/rcabanas/dev/credici/papers/zeros/models/s3/simple_nparents1_nzr08_zdr05_ysize3_126.uai
[2024-10-14T10:32:17.594769][INFO][seed126] Saved queries to: /mnt/beegfs/rcabanas/dev/credici/papers/zeros/models/s3/simple_nparents1_nzr08_zdr05_ysize3_126_query.csv
[2024-10-14T10:32:17.594871][INFO][seed126] Closing log file
[2024-10-14T10:32:17.594952][INFO][seed126] Closed log file
[2024-10-14T10:32:17.606945][INFO][seed95] Saved data to: /mnt/beegfs/rcabanas/dev/credici/papers/zeros/models/s3/simple_nparents1_nzr08_zdr05_ysize3_95.csv
[2024-10-14T10:32:17.619671][INFO][seed95] Saved model to: /mnt/beegfs/rcabanas/dev/credici/papers/zeros/models/s3/simple_nparents1_nzr08_zdr05_ysize3_95.uai
[2024-10-14T10:32:17.631463][INFO][seed95] Saved queries to: /mnt/beegfs/rcabanas/dev/credici/papers/zeros/models/s3/simple_nparents1_nzr08_zdr05_ysize3_95_query.csv
[2024-10-14T10:32:17.631518][INFO][seed95] Closing log file
[2024-10-14T10:32:17.631543][INFO][seed95] Closed log file
['genn.py', '1', '0.8', '0.5', '98', '3']
['genn.py', '1', '0.8', '0.5', '60', '3']
1 0.8 0.5 98
/mnt/beegfs/rcabanas/dev/credici/papers/zeros/code/GenerateNparents.java
1 0.8 0.5 60
/mnt/beegfs/rcabanas/dev/credici/papers/zeros/code/GenerateNparents.java
['genn.py', '1', '0.8', '0.5', '23', '3']
1 0.8 0.5 23
/mnt/beegfs/rcabanas/dev/credici/papers/zeros/code/GenerateNparents.java
['genn.py', '1', '0.8', '0.5', '103', '3']
['genn.py', '1', '0.8', '0.5', '52', '3']
1 0.8 0.5 103
/mnt/beegfs/rcabanas/dev/credici/papers/zeros/code/GenerateNparents.java
1 0.8 0.5 52
/mnt/beegfs/rcabanas/dev/credici/papers/zeros/code/GenerateNparents.java
['genn.py', '1', '0.8', '0.5', '26', '3']
['genn.py', '1', '0.8', '0.5', '47', '3']
1 0.8 0.5 26
/mnt/beegfs/rcabanas/dev/credici/papers/zeros/code/GenerateNparents.java
1 0.8 0.5 47
/mnt/beegfs/rcabanas/dev/credici/papers/zeros/code/GenerateNparents.java
[2024-10-14T10:32:18.311978][INFO][seed124] PS(V1,V0) in [0.0, 0.41358346360951886]
[2024-10-14T10:32:18.317807][INFO][seed124] PN(V1,V0) in [0.0, 1.0] 
[2024-10-14T10:32:18.363539][INFO][seed124] Saved data to: /mnt/beegfs/rcabanas/dev/credici/papers/zeros/models/s3/simple_nparents1_nzr08_zdr05_ysize3_124.csv
[2024-10-14T10:32:18.376970][INFO][seed124] Saved model to: /mnt/beegfs/rcabanas/dev/credici/papers/zeros/models/s3/simple_nparents1_nzr08_zdr05_ysize3_124.uai
[2024-10-14T10:32:18.381036][INFO][seed124] Saved queries to: /mnt/beegfs/rcabanas/dev/credici/papers/zeros/models/s3/simple_nparents1_nzr08_zdr05_ysize3_124_query.csv
[2024-10-14T10:32:18.381167][INFO][seed124] Closing log file
[2024-10-14T10:32:18.381242][INFO][seed124] Closed log file
[2024-10-14T10:32:18.497674][INFO][seed61] PS(V1,V0) in [0.2331426006956131, 0.23314260069561316]
[2024-10-14T10:32:18.507321][INFO][seed56] PS(V1,V0) in [0.0, 1.0]
[2024-10-14T10:32:18.507365][INFO][seed61] PN(V1,V0) in [1.0, 1.0] 
[2024-10-14T10:32:18.518551][INFO][seed56] PN(V1,V0) in [0.0, 0.10979664694970424] 
[2024-10-14T10:32:18.585335][INFO][seed61] Saved data to: /mnt/beegfs/rcabanas/dev/credici/papers/zeros/models/s3/simple_nparents1_nzr08_zdr05_ysize3_61.csv
[2024-10-14T10:32:18.587009][INFO][seed56] Saved data to: /mnt/beegfs/rcabanas/dev/credici/papers/zeros/models/s3/simple_nparents1_nzr08_zdr05_ysize3_56.csv
[2024-10-14T10:32:18.607544][INFO][seed56] Saved model to: /mnt/beegfs/rcabanas/dev/credici/papers/zeros/models/s3/simple_nparents1_nzr08_zdr05_ysize3_56.uai
[2024-10-14T10:32:18.607309][INFO][seed61] Saved model to: /mnt/beegfs/rcabanas/dev/credici/papers/zeros/models/s3/simple_nparents1_nzr08_zdr05_ysize3_61.uai
[2024-10-14T10:32:18.614604][INFO][seed61] Saved queries to: /mnt/beegfs/rcabanas/dev/credici/papers/zeros/models/s3/simple_nparents1_nzr08_zdr05_ysize3_61_query.csv
[2024-10-14T10:32:18.614957][INFO][seed56] Saved queries to: /mnt/beegfs/rcabanas/dev/credici/papers/zeros/models/s3/simple_nparents1_nzr08_zdr05_ysize3_56_query.csv
[2024-10-14T10:32:18.614890][INFO][seed61] Closing log file
[2024-10-14T10:32:18.615195][INFO][seed56] Closing log file
[2024-10-14T10:32:18.614977][INFO][seed61] Closed log file
[2024-10-14T10:32:18.615280][INFO][seed56] Closed log file
[2024-10-14T10:32:18.715060][INFO][seed34] PS(V1,V0) in [0.0, 0.021795226918198653]
[2024-10-14T10:32:18.736639][INFO][seed34] PN(V1,V0) in [0.0, 1.0] 
['genn.py', '1', '0.8', '0.5', '119', '3']
[2024-10-14T10:32:18.763819][INFO][seed43] PS(V1,V0) in [0.11304383304546506, 0.4730514490881149]
[2024-10-14T10:32:18.766120][INFO][seed34] Saved data to: /mnt/beegfs/rcabanas/dev/credici/papers/zeros/models/s3/simple_nparents1_nzr08_zdr05_ysize3_34.csv
1 0.8 0.5 119
/mnt/beegfs/rcabanas/dev/credici/papers/zeros/code/GenerateNparents.java
[2024-10-14T10:32:18.788838][INFO][seed43] PN(V1,V0) in [0.2389673116177443, 1.0] 
[2024-10-14T10:32:18.798422][INFO][seed34] Saved model to: /mnt/beegfs/rcabanas/dev/credici/papers/zeros/models/s3/simple_nparents1_nzr08_zdr05_ysize3_34.uai
[2024-10-14T10:32:18.806260][INFO][seed34] Saved queries to: /mnt/beegfs/rcabanas/dev/credici/papers/zeros/models/s3/simple_nparents1_nzr08_zdr05_ysize3_34_query.csv
[2024-10-14T10:32:18.806603][INFO][seed34] Closing log file
[2024-10-14T10:32:18.806697][INFO][seed34] Closed log file
[2024-10-14T10:32:18.845818][INFO][seed43] Saved data to: /mnt/beegfs/rcabanas/dev/credici/papers/zeros/models/s3/simple_nparents1_nzr08_zdr05_ysize3_43.csv
[2024-10-14T10:32:18.868147][INFO][seed43] Saved model to: /mnt/beegfs/rcabanas/dev/credici/papers/zeros/models/s3/simple_nparents1_nzr08_zdr05_ysize3_43.uai
[2024-10-14T10:32:18.879770][INFO][seed43] Saved queries to: /mnt/beegfs/rcabanas/dev/credici/papers/zeros/models/s3/simple_nparents1_nzr08_zdr05_ysize3_43_query.csv
[2024-10-14T10:32:18.879866][INFO][seed43] Closing log file
[2024-10-14T10:32:18.879892][INFO][seed43] Closed log file
[2024-10-14T10:32:19.001540][INFO][seed197] Set up logging
[2024-10-14T10:32:19.017402][INFO][seed197] args: -np;1;-nzr;0.8;-zdr;0.5;-o;/mnt/beegfs/rcabanas/dev/credici/papers/zeros/models/s3;-rw;-s;197;-ys;3
[2024-10-14T10:32:19.019363][INFO][seed197] Starting logger with seed 197
[2024-10-14T10:32:19.040374][INFO][seed197] simple_nparents1_nzr08_zdr05_ysize3_197
[2024-10-14T10:32:19.100140][INFO][seed18] PS(V1,V0) in [0.0, 1.0]
['genn.py', '1', '0.8', '0.5', '111', '3']
[2024-10-14T10:32:19.124952][INFO][seed18] PN(V1,V0) in [0.0, 0.6085138162808066] 
['genn.py', '1', '0.8', '0.5', '133', '3']
1 0.8 0.5 111
/mnt/beegfs/rcabanas/dev/credici/papers/zeros/code/GenerateNparents.java
[2024-10-14T10:32:19.166039][INFO][seed18] Saved data to: /mnt/beegfs/rcabanas/dev/credici/papers/zeros/models/s3/simple_nparents1_nzr08_zdr05_ysize3_18.csv
[2024-10-14T10:32:19.153059][INFO][seed134] Set up logging
[2024-10-14T10:32:19.173312][INFO][seed134] args: -np;1;-nzr;0.8;-zdr;0.5;-o;/mnt/beegfs/rcabanas/dev/credici/papers/zeros/models/s3;-rw;-s;134;-ys;3
[2024-10-14T10:32:19.178170][INFO][seed134] Starting logger with seed 134
[2024-10-14T10:32:19.152432][INFO][seed120] Set up logging
[2024-10-14T10:32:19.180303][INFO][seed120] args: -np;1;-nzr;0.8;-zdr;0.5;-o;/mnt/beegfs/rcabanas/dev/credici/papers/zeros/models/s3;-rw;-s;120;-ys;3
[2024-10-14T10:32:19.155580][INFO][seed144] Set up logging
[2024-10-14T10:32:19.181193][INFO][seed144] args: -np;1;-nzr;0.8;-zdr;0.5;-o;/mnt/beegfs/rcabanas/dev/credici/papers/zeros/models/s3;-rw;-s;144;-ys;3
1 0.8 0.5 133
/mnt/beegfs/rcabanas/dev/credici/papers/zeros/code/GenerateNparents.java
[2024-10-14T10:32:19.182720][INFO][seed120] Starting logger with seed 120
[2024-10-14T10:32:19.183456][INFO][seed144] Starting logger with seed 144
[2024-10-14T10:32:19.189149][INFO][seed18] Saved model to: /mnt/beegfs/rcabanas/dev/credici/papers/zeros/models/s3/simple_nparents1_nzr08_zdr05_ysize3_18.uai
[2024-10-14T10:32:19.192503][INFO][seed134] simple_nparents1_nzr08_zdr05_ysize3_134
[2024-10-14T10:32:19.193402][INFO][seed18] Saved queries to: /mnt/beegfs/rcabanas/dev/credici/papers/zeros/models/s3/simple_nparents1_nzr08_zdr05_ysize3_18_query.csv
[2024-10-14T10:32:19.193638][INFO][seed18] Closing log file
[2024-10-14T10:32:19.193728][INFO][seed18] Closed log file
[2024-10-14T10:32:19.200465][INFO][seed144] simple_nparents1_nzr08_zdr05_ysize3_144
[2024-10-14T10:32:19.208775][INFO][seed120] simple_nparents1_nzr08_zdr05_ysize3_120
[2024-10-14T10:32:19.258294][INFO][seed197] U cardinality: 9
[2024-10-14T10:32:19.262824][INFO][seed197] !0 = [0, 1, 3, 4, 5, 7, 8]
[2024-10-14T10:32:19.263124][INFO][seed197] 0 = [2, 6]
[2024-10-14T10:32:19.275488][INFO][seed197] Dropping state 2
[2024-10-14T10:32:19.277912][INFO][seed197] U cardinality: 8
[2024-10-14T10:32:19.291999][INFO][seed197] 
[P([3]) [0.522, 0.478], P([2]) [0.005, 0.002, 0.007, 0.006, 0.503, 0.0, 0.403, 0.074], P([1, 3]) [1.0, 0.0, 0.0, 1.0], P([0, 1, 2]) [1.0, 0.0, 0.0, 1.0, 0.0, 0.0, 1.0, 0.0, 0.0, 0.0, 1.0, 0.0, 0.0, 1.0, 0.0, 1.0, 0.0, 0.0, 0.0, 1.0, 0.0, 0.0, 1.0, 0.0, 0.0, 1.0, 0.0, 0.0, 0.0, 1.0, 0.0, 0.0, 1.0, 1.0, 0.0, 0.0, 0.0, 0.0, 1.0, 0.0, 1.0, 0.0, 0.0, 0.0, 1.0, 0.0, 0.0, 1.0]]

['genn.py', '1', '0.8', '0.5', '118', '3']
1 0.8 0.5 118
/mnt/beegfs/rcabanas/dev/credici/papers/zeros/code/GenerateNparents.java
['genn.py', '1', '0.8', '0.5', '189', '3']
1 0.8 0.5 189
/mnt/beegfs/rcabanas/dev/credici/papers/zeros/code/GenerateNparents.java
[2024-10-14T10:32:19.498993][INFO][seed134] U cardinality: 9
[2024-10-14T10:32:19.502528][INFO][seed197] Sampled 1000 data instances
[2024-10-14T10:32:19.502757][INFO][seed197] Starting exact inference 
[2024-10-14T10:32:19.518388][INFO][seed134] !0 = [1, 2, 3, 4, 6, 7, 8]
[2024-10-14T10:32:19.518872][INFO][seed134] 0 = [0, 5]
[2024-10-14T10:32:19.524578][INFO][seed134] Dropping state 5
[2024-10-14T10:32:19.525990][INFO][seed134] Dropping state 0
[2024-10-14T10:32:19.529101][INFO][seed144] U cardinality: 9
[2024-10-14T10:32:19.531539][INFO][seed134] U cardinality: 7
[2024-10-14T10:32:19.534544][INFO][seed144] !0 = [0, 2, 3, 4, 6, 7, 8]
[2024-10-14T10:32:19.534962][INFO][seed144] 0 = [1, 5]
[2024-10-14T10:32:19.536734][INFO][seed134] 
[P([3]) [0.306, 0.694], P([2]) [0.009, 0.645, 0.01, 0.16, 0.002, 0.002, 0.172], P([1, 3]) [1.0, 0.0, 0.0, 1.0], P([0, 1, 2]) [1.0, 0.0, 0.0, 0.0, 1.0, 0.0, 1.0, 0.0, 0.0, 0.0, 0.0, 1.0, 0.0, 1.0, 0.0, 1.0, 0.0, 0.0, 0.0, 1.0, 0.0, 0.0, 1.0, 0.0, 0.0, 0.0, 1.0, 1.0, 0.0, 0.0, 0.0, 0.0, 1.0, 0.0, 1.0, 0.0, 0.0, 0.0, 1.0, 0.0, 0.0, 1.0]]

[2024-10-14T10:32:19.541009][INFO][seed144] Dropping state 5
[2024-10-14T10:32:19.544593][INFO][seed120] U cardinality: 9
[2024-10-14T10:32:19.546651][INFO][seed144] U cardinality: 8
[2024-10-14T10:32:19.560967][INFO][seed120] !0 = [1, 2, 4, 5, 6, 7, 8]
[2024-10-14T10:32:19.561482][INFO][seed120] 0 = [0, 3]
[2024-10-14T10:32:19.527746][INFO][seed198] Set up logging
[2024-10-14T10:32:19.562476][INFO][seed198] args: -np;1;-nzr;0.8;-zdr;0.5;-o;/mnt/beegfs/rcabanas/dev/credici/papers/zeros/models/s3;-rw;-s;198;-ys;3
[2024-10-14T10:32:19.563688][INFO][seed144] 
[P([3]) [0.767, 0.233], P([2]) [0.001, 0.0, 0.001, 0.002, 0.002, 0.831, 0.002, 0.161], P([1, 3]) [1.0, 0.0, 0.0, 1.0], P([0, 1, 2]) [1.0, 0.0, 0.0, 1.0, 0.0, 0.0, 1.0, 0.0, 0.0, 0.0, 1.0, 0.0, 1.0, 0.0, 0.0, 0.0, 0.0, 1.0, 0.0, 1.0, 0.0, 1.0, 0.0, 0.0, 0.0, 1.0, 0.0, 0.0, 1.0, 0.0, 0.0, 0.0, 1.0, 1.0, 0.0, 0.0, 0.0, 0.0, 1.0, 0.0, 1.0, 0.0, 0.0, 0.0, 1.0, 0.0, 0.0, 1.0]]

[2024-10-14T10:32:19.565092][INFO][seed120] U cardinality: 9
[2024-10-14T10:32:19.566643][INFO][seed198] Starting logger with seed 198
[2024-10-14T10:32:19.571843][INFO][seed120] 
[P([3]) [0.607, 0.393], P([2]) [0.0, 0.003, 0.158, 0.0, 0.002, 0.009, 0.002, 0.148, 0.678], P([1, 3]) [1.0, 0.0, 0.0, 1.0], P([0, 1, 2]) [1.0, 0.0, 0.0, 1.0, 0.0, 0.0, 1.0, 0.0, 0.0, 0.0, 1.0, 0.0, 1.0, 0.0, 0.0, 0.0, 0.0, 1.0, 0.0, 1.0, 0.0, 1.0, 0.0, 0.0, 0.0, 1.0, 0.0, 0.0, 1.0, 0.0, 0.0, 1.0, 0.0, 0.0, 0.0, 1.0, 0.0, 0.0, 1.0, 1.0, 0.0, 0.0, 0.0, 0.0, 1.0, 0.0, 1.0, 0.0, 0.0, 0.0, 1.0, 0.0, 0.0, 1.0]]

[2024-10-14T10:32:19.593507][INFO][seed198] simple_nparents1_nzr08_zdr05_ysize3_198
[2024-10-14T10:32:19.680266][INFO][seed98] Set up logging
[2024-10-14T10:32:19.694064][INFO][seed98] args: -np;1;-nzr;0.8;-zdr;0.5;-o;/mnt/beegfs/rcabanas/dev/credici/papers/zeros/models/s3;-rw;-s;98;-ys;3
[2024-10-14T10:32:19.700767][INFO][seed98] Starting logger with seed 98
['genn.py', '1', '0.8', '0.5', '191', '3']
[2024-10-14T10:32:19.707117][INFO][seed98] simple_nparents1_nzr08_zdr05_ysize3_98
1 0.8 0.5 191
/mnt/beegfs/rcabanas/dev/credici/papers/zeros/code/GenerateNparents.java
[2024-10-14T10:32:19.743853][INFO][seed134] Sampled 1000 data instances
[2024-10-14T10:32:19.744140][INFO][seed134] Starting exact inference 
[2024-10-14T10:32:19.789886][INFO][seed120] Sampled 1000 data instances
[2024-10-14T10:32:19.790223][INFO][seed120] Starting exact inference 
[2024-10-14T10:32:19.794892][INFO][seed144] Sampled 1000 data instances
[2024-10-14T10:32:19.795208][INFO][seed144] Starting exact inference 
[2024-10-14T10:32:19.844555][INFO][seed103] Set up logging
[2024-10-14T10:32:19.862166][INFO][seed103] args: -np;1;-nzr;0.8;-zdr;0.5;-o;/mnt/beegfs/rcabanas/dev/credici/papers/zeros/models/s3;-rw;-s;103;-ys;3
[2024-10-14T10:32:19.868336][INFO][seed103] Starting logger with seed 103
[2024-10-14T10:32:19.871921][INFO][seed198] U cardinality: 9
[2024-10-14T10:32:19.877493][INFO][seed198] !0 = [1, 2, 4, 5, 6, 7, 8]
[2024-10-14T10:32:19.878062][INFO][seed198] 0 = [0, 3]
[2024-10-14T10:32:19.878461][INFO][seed103] simple_nparents1_nzr08_zdr05_ysize3_103
[2024-10-14T10:32:19.883729][INFO][seed198] Dropping state 3
[2024-10-14T10:32:19.885606][INFO][seed198] Dropping state 0
[2024-10-14T10:32:19.891725][INFO][seed198] U cardinality: 7
[2024-10-14T10:32:19.891977][INFO][seed98] U cardinality: 9
[2024-10-14T10:32:19.897015][INFO][seed198] 
[P([3]) [0.907, 0.093], P([2]) [0.001, 0.083, 0.019, 0.004, 0.003, 0.02, 0.87], P([1, 3]) [1.0, 0.0, 0.0, 1.0], P([0, 1, 2]) [1.0, 0.0, 0.0, 0.0, 1.0, 0.0, 1.0, 0.0, 0.0, 0.0, 0.0, 1.0, 0.0, 1.0, 0.0, 0.0, 1.0, 0.0, 0.0, 1.0, 0.0, 0.0, 0.0, 1.0, 0.0, 0.0, 1.0, 1.0, 0.0, 0.0, 0.0, 0.0, 1.0, 0.0, 1.0, 0.0, 0.0, 0.0, 1.0, 0.0, 0.0, 1.0]]

[2024-10-14T10:32:19.897581][INFO][seed98] !0 = [1, 3, 4, 5, 6, 7, 8]
[2024-10-14T10:32:19.897873][INFO][seed98] 0 = [0, 2]
[2024-10-14T10:32:19.903576][INFO][seed98] Dropping state 2
[2024-10-14T10:32:19.904306][INFO][seed98] Dropping state 0
[2024-10-14T10:32:19.908447][INFO][seed98] U cardinality: 7
[2024-10-14T10:32:19.919688][INFO][seed98] 
[P([3]) [0.601, 0.399], P([2]) [0.001, 0.081, 0.004, 0.001, 0.003, 0.903, 0.007], P([1, 3]) [1.0, 0.0, 0.0, 1.0], P([0, 1, 2]) [1.0, 0.0, 0.0, 0.0, 1.0, 0.0, 0.0, 1.0, 0.0, 1.0, 0.0, 0.0, 0.0, 1.0, 0.0, 0.0, 1.0, 0.0, 0.0, 1.0, 0.0, 0.0, 0.0, 1.0, 0.0, 0.0, 1.0, 1.0, 0.0, 0.0, 0.0, 0.0, 1.0, 0.0, 1.0, 0.0, 0.0, 0.0, 1.0, 0.0, 0.0, 1.0]]

[2024-10-14T10:32:20.001172][INFO][seed47] Set up logging
[2024-10-14T10:32:20.016852][INFO][seed47] args: -np;1;-nzr;0.8;-zdr;0.5;-o;/mnt/beegfs/rcabanas/dev/credici/papers/zeros/models/s3;-rw;-s;47;-ys;3
[2024-10-14T10:32:20.001532][INFO][seed26] Set up logging
[2024-10-14T10:32:20.029018][INFO][seed26] args: -np;1;-nzr;0.8;-zdr;0.5;-o;/mnt/beegfs/rcabanas/dev/credici/papers/zeros/models/s3;-rw;-s;26;-ys;3
[2024-10-14T10:32:20.030563][INFO][seed26] Starting logger with seed 26
[2024-10-14T10:32:20.030495][INFO][seed47] Starting logger with seed 47
[2024-10-14T10:32:20.040282][INFO][seed26] simple_nparents1_nzr08_zdr05_ysize3_26
[2024-10-14T10:32:20.053529][INFO][seed103] U cardinality: 9
[2024-10-14T10:32:20.057517][INFO][seed103] !0 = [0, 1, 3, 4, 5, 6, 7]
[2024-10-14T10:32:20.057808][INFO][seed103] 0 = [2, 8]
[2024-10-14T10:32:20.064363][INFO][seed103] Dropping state 2
[2024-10-14T10:32:20.066621][INFO][seed103] U cardinality: 8
[2024-10-14T10:32:20.078419][INFO][seed103] 
[P([3]) [0.423, 0.577], P([2]) [0.35, 0.015, 0.002, 0.005, 0.301, 0.008, 0.319, 0.0], P([1, 3]) [1.0, 0.0, 0.0, 1.0], P([0, 1, 2]) [1.0, 0.0, 0.0, 1.0, 0.0, 0.0, 1.0, 0.0, 0.0, 0.0, 1.0, 0.0, 0.0, 1.0, 0.0, 1.0, 0.0, 0.0, 0.0, 1.0, 0.0, 0.0, 1.0, 0.0, 0.0, 1.0, 0.0, 0.0, 0.0, 1.0, 0.0, 0.0, 1.0, 1.0, 0.0, 0.0, 0.0, 0.0, 1.0, 0.0, 1.0, 0.0, 0.0, 0.0, 1.0, 0.0, 0.0, 1.0]]

[2024-10-14T10:32:20.081876][INFO][seed47] simple_nparents1_nzr08_zdr05_ysize3_47
[2024-10-14T10:32:20.092871][INFO][seed98] Sampled 1000 data instances
[2024-10-14T10:32:20.093128][INFO][seed98] Starting exact inference 
[2024-10-14T10:32:20.116615][INFO][seed198] Sampled 1000 data instances
[2024-10-14T10:32:20.116732][INFO][seed198] Starting exact inference 
[2024-10-14T10:32:20.200232][INFO][seed171] Set up logging
[2024-10-14T10:32:20.223239][INFO][seed171] args: -np;1;-nzr;0.8;-zdr;0.5;-o;/mnt/beegfs/rcabanas/dev/credici/papers/zeros/models/s3;-rw;-s;171;-ys;3
[2024-10-14T10:32:20.232975][INFO][seed171] Starting logger with seed 171
[2024-10-14T10:32:20.233856][INFO][seed47] U cardinality: 9
[2024-10-14T10:32:20.238478][INFO][seed47] !0 = [0, 1, 2, 3, 5, 7, 8]
[2024-10-14T10:32:20.240655][INFO][seed47] 0 = [4, 6]
[2024-10-14T10:32:20.247137][INFO][seed103] Sampled 1000 data instances
[2024-10-14T10:32:20.247371][INFO][seed103] Starting exact inference 
[2024-10-14T10:32:20.247527][INFO][seed47] Dropping state 4
[2024-10-14T10:32:20.249327][INFO][seed171] simple_nparents1_nzr08_zdr05_ysize3_171
[2024-10-14T10:32:20.250063][INFO][seed47] U cardinality: 8
[2024-10-14T10:32:20.253668][INFO][seed26] U cardinality: 9
[2024-10-14T10:32:20.258814][INFO][seed26] !0 = [0, 1, 2, 3, 4, 5, 6]
[2024-10-14T10:32:20.259104][INFO][seed26] 0 = [7, 8]
[2024-10-14T10:32:20.263724][INFO][seed26] Dropping state 8
[2024-10-14T10:32:20.264634][INFO][seed26] Dropping state 7
[2024-10-14T10:32:20.266096][INFO][seed47] 
[P([3]) [0.153, 0.847], P([2]) [0.001, 0.003, 0.001, 0.003, 0.432, 0.0, 0.186, 0.374], P([1, 3]) [1.0, 0.0, 0.0, 1.0], P([0, 1, 2]) [1.0, 0.0, 0.0, 1.0, 0.0, 0.0, 1.0, 0.0, 0.0, 0.0, 1.0, 0.0, 1.0, 0.0, 0.0, 0.0, 0.0, 1.0, 0.0, 1.0, 0.0, 1.0, 0.0, 0.0, 0.0, 1.0, 0.0, 0.0, 0.0, 1.0, 0.0, 0.0, 1.0, 1.0, 0.0, 0.0, 0.0, 0.0, 1.0, 0.0, 1.0, 0.0, 0.0, 0.0, 1.0, 0.0, 0.0, 1.0]]

[2024-10-14T10:32:20.268161][INFO][seed26] U cardinality: 7
[2024-10-14T10:32:20.281921][INFO][seed26] 
[P([3]) [0.336, 0.664], P([2]) [0.001, 0.304, 0.004, 0.112, 0.547, 0.025, 0.007], P([1, 3]) [1.0, 0.0, 0.0, 1.0], P([0, 1, 2]) [1.0, 0.0, 0.0, 1.0, 0.0, 0.0, 1.0, 0.0, 0.0, 0.0, 1.0, 0.0, 1.0, 0.0, 0.0, 0.0, 0.0, 1.0, 0.0, 1.0, 0.0, 1.0, 0.0, 0.0, 0.0, 1.0, 0.0, 0.0, 1.0, 0.0, 0.0, 1.0, 0.0, 0.0, 0.0, 1.0, 0.0, 0.0, 1.0, 1.0, 0.0, 0.0]]

[2024-10-14T10:32:20.264250][INFO][seed167] Set up logging
[2024-10-14T10:32:20.297789][INFO][seed167] args: -np;1;-nzr;0.8;-zdr;0.5;-o;/mnt/beegfs/rcabanas/dev/credici/papers/zeros/models/s3;-rw;-s;167;-ys;3
[2024-10-14T10:32:20.299931][INFO][seed167] Starting logger with seed 167
[2024-10-14T10:32:20.313898][INFO][seed167] simple_nparents1_nzr08_zdr05_ysize3_167
[2024-10-14T10:32:20.404656][INFO][seed197] No feasible solution... resampling
[2024-10-14T10:32:20.457496][INFO][seed47] Sampled 1000 data instances
[2024-10-14T10:32:20.457574][INFO][seed47] Starting exact inference 
[2024-10-14T10:32:20.472107][INFO][seed26] Sampled 1000 data instances
[2024-10-14T10:32:20.472385][INFO][seed26] Starting exact inference 
[2024-10-14T10:32:20.520782][INFO][seed197] Sampled 1100 data instances
[2024-10-14T10:32:20.521070][INFO][seed197] Starting exact inference 
[2024-10-14T10:32:20.554921][INFO][seed171] U cardinality: 9
[2024-10-14T10:32:20.562187][INFO][seed171] !0 = [1, 2, 3, 5, 6, 7, 8]
[2024-10-14T10:32:20.562605][INFO][seed171] 0 = [0, 4]
[2024-10-14T10:32:20.567873][INFO][seed171] Dropping state 4
[2024-10-14T10:32:20.568989][INFO][seed171] Dropping state 0
[2024-10-14T10:32:20.574849][INFO][seed171] U cardinality: 7
[2024-10-14T10:32:20.584634][INFO][seed171] 
[P([3]) [0.176, 0.824], P([2]) [0.442, 0.256, 0.001, 0.01, 0.153, 0.02, 0.118], P([1, 3]) [1.0, 0.0, 0.0, 1.0], P([0, 1, 2]) [1.0, 0.0, 0.0, 0.0, 1.0, 0.0, 1.0, 0.0, 0.0, 0.0, 0.0, 1.0, 0.0, 1.0, 0.0, 1.0, 0.0, 0.0, 0.0, 1.0, 0.0, 0.0, 0.0, 1.0, 0.0, 0.0, 1.0, 1.0, 0.0, 0.0, 0.0, 0.0, 1.0, 0.0, 1.0, 0.0, 0.0, 0.0, 1.0, 0.0, 0.0, 1.0]]

[2024-10-14T10:32:20.605327][INFO][seed167] U cardinality: 9
[2024-10-14T10:32:20.610850][INFO][seed167] !0 = [0, 1, 3, 4, 5, 6, 8]
[2024-10-14T10:32:20.611410][INFO][seed167] 0 = [2, 7]
[2024-10-14T10:32:20.616982][INFO][seed167] Dropping state 7
[2024-10-14T10:32:20.622074][INFO][seed167] U cardinality: 8
[2024-10-14T10:32:20.647690][INFO][seed167] 
[P([3]) [0.993, 0.007], P([2]) [0.002, 0.223, 0.0, 0.083, 0.001, 0.033, 0.002, 0.656], P([1, 3]) [1.0, 0.0, 0.0, 1.0], P([0, 1, 2]) [1.0, 0.0, 0.0, 1.0, 0.0, 0.0, 1.0, 0.0, 0.0, 0.0, 1.0, 0.0, 1.0, 0.0, 0.0, 0.0, 0.0, 1.0, 0.0, 1.0, 0.0, 1.0, 0.0, 0.0, 0.0, 1.0, 0.0, 0.0, 1.0, 0.0, 0.0, 1.0, 0.0, 0.0, 0.0, 1.0, 0.0, 0.0, 1.0, 1.0, 0.0, 0.0, 0.0, 0.0, 1.0, 0.0, 0.0, 1.0]]

[2024-10-14T10:32:20.632536][INFO][seed60] Set up logging
[2024-10-14T10:32:20.666318][INFO][seed60] args: -np;1;-nzr;0.8;-zdr;0.5;-o;/mnt/beegfs/rcabanas/dev/credici/papers/zeros/models/s3;-rw;-s;60;-ys;3
[2024-10-14T10:32:20.669569][INFO][seed60] Starting logger with seed 60
[2024-10-14T10:32:20.696951][INFO][seed60] simple_nparents1_nzr08_zdr05_ysize3_60
[2024-10-14T10:32:20.706898][INFO][seed197] PS(V1,V0) in [0.0, 1.0]
[2024-10-14T10:32:20.690768][INFO][seed23] Set up logging
[2024-10-14T10:32:20.718011][INFO][seed23] args: -np;1;-nzr;0.8;-zdr;0.5;-o;/mnt/beegfs/rcabanas/dev/credici/papers/zeros/models/s3;-rw;-s;23;-ys;3
[2024-10-14T10:32:20.718832][INFO][seed197] PN(V1,V0) in [0.0, 0.008624999999999999] 
[2024-10-14T10:32:20.737258][INFO][seed23] Starting logger with seed 23
[2024-10-14T10:32:20.753710][INFO][seed23] simple_nparents1_nzr08_zdr05_ysize3_23
[2024-10-14T10:32:20.768213][INFO][seed197] Saved data to: /mnt/beegfs/rcabanas/dev/credici/papers/zeros/models/s3/simple_nparents1_nzr08_zdr05_ysize3_197.csv
[2024-10-14T10:32:20.779][INFO][seed197] Saved model to: /mnt/beegfs/rcabanas/dev/credici/papers/zeros/models/s3/simple_nparents1_nzr08_zdr05_ysize3_197.uai
[2024-10-14T10:32:20.784107][INFO][seed197] Saved queries to: /mnt/beegfs/rcabanas/dev/credici/papers/zeros/models/s3/simple_nparents1_nzr08_zdr05_ysize3_197_query.csv
[2024-10-14T10:32:20.784275][INFO][seed197] Closing log file
[2024-10-14T10:32:20.784361][INFO][seed197] Closed log file
[2024-10-14T10:32:20.803546][INFO][seed171] Sampled 1000 data instances
[2024-10-14T10:32:20.803665][INFO][seed171] Starting exact inference 
[2024-10-14T10:32:20.787340][INFO][seed119] Set up logging
[2024-10-14T10:32:20.808403][INFO][seed119] args: -np;1;-nzr;0.8;-zdr;0.5;-o;/mnt/beegfs/rcabanas/dev/credici/papers/zeros/models/s3;-rw;-s;119;-ys;3
[2024-10-14T10:32:20.811117][INFO][seed119] Starting logger with seed 119
[2024-10-14T10:32:20.837233][INFO][seed119] simple_nparents1_nzr08_zdr05_ysize3_119
[2024-10-14T10:32:20.862286][INFO][seed167] Sampled 1000 data instances
[2024-10-14T10:32:20.862532][INFO][seed167] Starting exact inference 
Error in variable: 2
[2024-10-14T10:32:20.896105][INFO][seed134] No feasible solution... resampling
[2024-10-14T10:32:20.901258][INFO][seed52] Set up logging
[2024-10-14T10:32:20.923953][INFO][seed52] args: -np;1;-nzr;0.8;-zdr;0.5;-o;/mnt/beegfs/rcabanas/dev/credici/papers/zeros/models/s3;-rw;-s;52;-ys;3
[2024-10-14T10:32:20.926865][INFO][seed52] Starting logger with seed 52
[2024-10-14T10:32:20.937998][INFO][seed52] simple_nparents1_nzr08_zdr05_ysize3_52
Removed 000
Removed 000
Removed 000
Removed 000
Removed 000
Removed 000
[2024-10-14T10:32:20.950872][INFO][seed98] No feasible solution... resampling
Error in variable: 2
[2024-10-14T10:32:20.964553][INFO][seed103] No feasible solution... resampling
Removed 000
Removed 000
Removed 000
Removed 000
Removed 000
Removed 000
Removed 000
Removed 000
Removed 000
Removed 000
Removed 000
Removed 000
[2024-10-14T10:32:21.004688][INFO][seed134] Sampled 1100 data instances
[2024-10-14T10:32:21.004959][INFO][seed134] Starting exact inference 
[2024-10-14T10:32:21.009514][INFO][seed119] U cardinality: 9
Error in variable: 2
[2024-10-14T10:32:21.012539][INFO][seed120] No feasible solution... resampling
[2024-10-14T10:32:21.016054][INFO][seed119] !0 = [0, 2, 4, 5, 6, 7, 8]
[2024-10-14T10:32:21.016862][INFO][seed119] 0 = [1, 3]
[2024-10-14T10:32:21.016670][INFO][seed98] Sampled 1100 data instances
[2024-10-14T10:32:21.017159][INFO][seed98] Starting exact inference 
[2024-10-14T10:32:21.022441][INFO][seed119] Dropping state 3
[2024-10-14T10:32:21.026764][INFO][seed119] U cardinality: 8
[2024-10-14T10:32:21.027530][INFO][seed60] U cardinality: 9
[2024-10-14T10:32:21.032721][INFO][seed119] 
[P([3]) [0.37, 0.63], P([2]) [0.087, 0.0, 0.246, 0.154, 0.276, 0.018, 0.001, 0.218], P([1, 3]) [1.0, 0.0, 0.0, 1.0], P([0, 1, 2]) [1.0, 0.0, 0.0, 1.0, 0.0, 0.0, 1.0, 0.0, 0.0, 0.0, 1.0, 0.0, 1.0, 0.0, 0.0, 0.0, 0.0, 1.0, 0.0, 1.0, 0.0, 0.0, 1.0, 0.0, 0.0, 1.0, 0.0, 0.0, 0.0, 1.0, 0.0, 0.0, 1.0, 1.0, 0.0, 0.0, 0.0, 0.0, 1.0, 0.0, 1.0, 0.0, 0.0, 0.0, 1.0, 0.0, 0.0, 1.0]]

[2024-10-14T10:32:21.049725][INFO][seed23] U cardinality: 9
[2024-10-14T10:32:21.052280][INFO][seed60] !0 = [2, 3, 4, 5, 6, 7, 8]
[2024-10-14T10:32:21.052922][INFO][seed60] 0 = [0, 1]
[2024-10-14T10:32:21.056362][INFO][seed23] !0 = [0, 1, 2, 4, 5, 6, 8]
[2024-10-14T10:32:21.056939][INFO][seed23] 0 = [3, 7]
[2024-10-14T10:32:21.053645][INFO][seed103] Sampled 1100 data instances
[2024-10-14T10:32:21.058986][INFO][seed103] Starting exact inference 
[2024-10-14T10:32:21.059535][INFO][seed23] U cardinality: 9
[2024-10-14T10:32:21.060930][INFO][seed60] Dropping state 0
[2024-10-14T10:32:21.064130][INFO][seed60] U cardinality: 8
[2024-10-14T10:32:21.071283][INFO][seed23] 
[P([3]) [0.727, 0.273], P([2]) [0.001, 0.002, 0.003, 0.0, 0.011, 0.069, 0.001, 0.0, 0.913], P([1, 3]) [1.0, 0.0, 0.0, 1.0], P([0, 1, 2]) [1.0, 0.0, 0.0, 1.0, 0.0, 0.0, 1.0, 0.0, 0.0, 0.0, 1.0, 0.0, 1.0, 0.0, 0.0, 0.0, 0.0, 1.0, 0.0, 1.0, 0.0, 1.0, 0.0, 0.0, 0.0, 1.0, 0.0, 0.0, 1.0, 0.0, 0.0, 1.0, 0.0, 0.0, 0.0, 1.0, 0.0, 0.0, 1.0, 1.0, 0.0, 0.0, 0.0, 0.0, 1.0, 0.0, 1.0, 0.0, 0.0, 0.0, 1.0, 0.0, 0.0, 1.0]]

[2024-10-14T10:32:21.086331][INFO][seed60] 
[P([3]) [0.998, 0.002], P([2]) [0.0, 0.003, 0.001, 0.001, 0.005, 0.007, 0.001, 0.982], P([1, 3]) [1.0, 0.0, 0.0, 1.0], P([0, 1, 2]) [1.0, 0.0, 0.0, 0.0, 1.0, 0.0, 1.0, 0.0, 0.0, 0.0, 0.0, 1.0, 0.0, 1.0, 0.0, 1.0, 0.0, 0.0, 0.0, 1.0, 0.0, 0.0, 1.0, 0.0, 0.0, 1.0, 0.0, 0.0, 0.0, 1.0, 0.0, 0.0, 1.0, 1.0, 0.0, 0.0, 0.0, 0.0, 1.0, 0.0, 1.0, 0.0, 0.0, 0.0, 1.0, 0.0, 0.0, 1.0]]

[2024-10-14T10:32:21.097938][INFO][seed120] Sampled 1100 data instances
[2024-10-14T10:32:21.098217][INFO][seed120] Starting exact inference 
[2024-10-14T10:32:21.105083][INFO][seed144] PS(V1,V0) in [0.0, 0.0]
[2024-10-14T10:32:21.128368][INFO][seed144] No feasible solution... resampling
[2024-10-14T10:32:21.178203][INFO][seed98] No feasible solution... resampling
[2024-10-14T10:32:21.201724][INFO][seed52] U cardinality: 9
[2024-10-14T10:32:21.208355][INFO][seed52] !0 = [0, 1, 2, 4, 5, 7, 8]
[2024-10-14T10:32:21.208948][INFO][seed52] 0 = [3, 6]
[2024-10-14T10:32:21.214845][INFO][seed52] Dropping state 3
[2024-10-14T10:32:21.220697][INFO][seed52] U cardinality: 8
[2024-10-14T10:32:21.232221][INFO][seed52] 
[P([3]) [0.361, 0.639], P([2]) [0.008, 0.006, 0.001, 0.002, 0.898, 0.0, 0.001, 0.084], P([1, 3]) [1.0, 0.0, 0.0, 1.0], P([0, 1, 2]) [1.0, 0.0, 0.0, 1.0, 0.0, 0.0, 1.0, 0.0, 0.0, 0.0, 1.0, 0.0, 1.0, 0.0, 0.0, 0.0, 0.0, 1.0, 0.0, 1.0, 0.0, 0.0, 1.0, 0.0, 0.0, 1.0, 0.0, 0.0, 0.0, 1.0, 0.0, 0.0, 1.0, 1.0, 0.0, 0.0, 0.0, 0.0, 1.0, 0.0, 1.0, 0.0, 0.0, 0.0, 1.0, 0.0, 0.0, 1.0]]

[2024-10-14T10:32:21.231986][INFO][seed119] Sampled 1000 data instances
['genn.py', '1', '0.8', '0.5', '186', '3']
[2024-10-14T10:32:21.232085][INFO][seed119] Starting exact inference 
[2024-10-14T10:32:21.236658][INFO][seed98] Sampled 1200 data instances
[2024-10-14T10:32:21.236912][INFO][seed98] Starting exact inference 
[2024-10-14T10:32:21.248279][INFO][seed144] Sampled 1100 data instances
[2024-10-14T10:32:21.248607][INFO][seed144] Starting exact inference 
Removed 000
Removed 000
Removed 000
Removed 000
Error in variable: 2
[2024-10-14T10:32:21.262408][INFO][seed198] No feasible solution... resampling
1 0.8 0.5 186
/mnt/beegfs/rcabanas/dev/credici/papers/zeros/code/GenerateNparents.java
[2024-10-14T10:32:21.290503][INFO][seed47] No feasible solution... resampling
[2024-10-14T10:32:21.308957][INFO][seed23] Sampled 1000 data instances
[2024-10-14T10:32:21.309324][INFO][seed23] Starting exact inference 
[2024-10-14T10:32:21.322904][INFO][seed26] PS(V1,V0) in [0.4750725132229995, 1.0]
[2024-10-14T10:32:21.319653][INFO][seed103] PS(V1,V0) in [0.0, 1.0]
[2024-10-14T10:32:21.327503][INFO][seed103] PN(V1,V0) in [0.0, 0.9276203482417207] 
[2024-10-14T10:32:21.328801][INFO][seed26] PN(V1,V0) in [0.16691444465758679, 0.35134519470554376] 
[2024-10-14T10:32:21.338413][INFO][seed60] Sampled 1000 data instances
[2024-10-14T10:32:21.338760][INFO][seed60] Starting exact inference 
[2024-10-14T10:32:21.349406][INFO][seed134] PS(V1,V0) in [0.0, 0.12284458309699377]
[2024-10-14T10:32:21.353759][INFO][seed198] Sampled 1100 data instances
[2024-10-14T10:32:21.355959][INFO][seed198] Starting exact inference 
[2024-10-14T10:32:21.362594][INFO][seed26] Saved data to: /mnt/beegfs/rcabanas/dev/credici/papers/zeros/models/s3/simple_nparents1_nzr08_zdr05_ysize3_26.csv
[2024-10-14T10:32:21.367516][INFO][seed98] PS(V1,V0) in [1.0, 1.0]
[2024-10-14T10:32:21.370157][INFO][seed134] PN(V1,V0) in [0.0, 0.37113357895638766] 
[2024-10-14T10:32:21.370750][INFO][seed103] Saved data to: /mnt/beegfs/rcabanas/dev/credici/papers/zeros/models/s3/simple_nparents1_nzr08_zdr05_ysize3_103.csv
[2024-10-14T10:32:21.372062][INFO][seed98] PN(V1,V0) in [0.00434229571472433, 0.00434229571472433] 
[2024-10-14T10:32:21.381575][INFO][seed26] Saved model to: /mnt/beegfs/rcabanas/dev/credici/papers/zeros/models/s3/simple_nparents1_nzr08_zdr05_ysize3_26.uai
[2024-10-14T10:32:21.384046][INFO][seed103] Saved model to: /mnt/beegfs/rcabanas/dev/credici/papers/zeros/models/s3/simple_nparents1_nzr08_zdr05_ysize3_103.uai
[2024-10-14T10:32:21.385064][INFO][seed26] Saved queries to: /mnt/beegfs/rcabanas/dev/credici/papers/zeros/models/s3/simple_nparents1_nzr08_zdr05_ysize3_26_query.csv
[2024-10-14T10:32:21.385165][INFO][seed26] Closing log file
[2024-10-14T10:32:21.385259][INFO][seed26] Closed log file
[2024-10-14T10:32:21.388132][INFO][seed103] Saved queries to: /mnt/beegfs/rcabanas/dev/credici/papers/zeros/models/s3/simple_nparents1_nzr08_zdr05_ysize3_103_query.csv
[2024-10-14T10:32:21.388280][INFO][seed103] Closing log file
[2024-10-14T10:32:21.388358][INFO][seed103] Closed log file
[2024-10-14T10:32:21.393114][INFO][seed47] Sampled 1100 data instances
[2024-10-14T10:32:21.393355][INFO][seed47] Starting exact inference 
[2024-10-14T10:32:21.405121][INFO][seed98] Saved data to: /mnt/beegfs/rcabanas/dev/credici/papers/zeros/models/s3/simple_nparents1_nzr08_zdr05_ysize3_98.csv
[2024-10-14T10:32:21.407237][INFO][seed134] Saved data to: /mnt/beegfs/rcabanas/dev/credici/papers/zeros/models/s3/simple_nparents1_nzr08_zdr05_ysize3_134.csv
[2024-10-14T10:32:21.420214][INFO][seed98] Saved model to: /mnt/beegfs/rcabanas/dev/credici/papers/zeros/models/s3/simple_nparents1_nzr08_zdr05_ysize3_98.uai
[2024-10-14T10:32:21.424199][INFO][seed98] Saved queries to: /mnt/beegfs/rcabanas/dev/credici/papers/zeros/models/s3/simple_nparents1_nzr08_zdr05_ysize3_98_query.csv
[2024-10-14T10:32:21.424310][INFO][seed98] Closing log file
[2024-10-14T10:32:21.424387][INFO][seed98] Closed log file
[2024-10-14T10:32:21.427755][INFO][seed134] Saved model to: /mnt/beegfs/rcabanas/dev/credici/papers/zeros/models/s3/simple_nparents1_nzr08_zdr05_ysize3_134.uai
[2024-10-14T10:32:21.433490][INFO][seed134] Saved queries to: /mnt/beegfs/rcabanas/dev/credici/papers/zeros/models/s3/simple_nparents1_nzr08_zdr05_ysize3_134_query.csv
[2024-10-14T10:32:21.433730][INFO][seed134] Closing log file
[2024-10-14T10:32:21.433835][INFO][seed134] Closed log file
[2024-10-14T10:32:21.449679][INFO][seed120] PS(V1,V0) in [0.0, 1.0]
[2024-10-14T10:32:21.464478][INFO][seed52] Sampled 1000 data instances
[2024-10-14T10:32:21.464848][INFO][seed52] Starting exact inference 
[2024-10-14T10:32:21.473119][INFO][seed120] PN(V1,V0) in [0.0, 0.9005088913031049] 
[2024-10-14T10:32:21.490835][INFO][seed144] PS(V1,V0) in [0.0, 0.8822269807280514]
[2024-10-14T10:32:21.500564][INFO][seed144] PN(V1,V0) in [0.0, 1.0] 
[2024-10-14T10:32:21.544100][INFO][seed120] Saved data to: /mnt/beegfs/rcabanas/dev/credici/papers/zeros/models/s3/simple_nparents1_nzr08_zdr05_ysize3_120.csv
[2024-10-14T10:32:21.546027][INFO][seed144] Saved data to: /mnt/beegfs/rcabanas/dev/credici/papers/zeros/models/s3/simple_nparents1_nzr08_zdr05_ysize3_144.csv
[2024-10-14T10:32:21.561153][INFO][seed144] Saved model to: /mnt/beegfs/rcabanas/dev/credici/papers/zeros/models/s3/simple_nparents1_nzr08_zdr05_ysize3_144.uai
[2024-10-14T10:32:21.562003][INFO][seed120] Saved model to: /mnt/beegfs/rcabanas/dev/credici/papers/zeros/models/s3/simple_nparents1_nzr08_zdr05_ysize3_120.uai
[2024-10-14T10:32:21.565981][INFO][seed144] Saved queries to: /mnt/beegfs/rcabanas/dev/credici/papers/zeros/models/s3/simple_nparents1_nzr08_zdr05_ysize3_144_query.csv
[2024-10-14T10:32:21.566228][INFO][seed144] Closing log file
[2024-10-14T10:32:21.566315][INFO][seed144] Closed log file
[2024-10-14T10:32:21.568328][INFO][seed120] Saved queries to: /mnt/beegfs/rcabanas/dev/credici/papers/zeros/models/s3/simple_nparents1_nzr08_zdr05_ysize3_120_query.csv
[2024-10-14T10:32:21.568591][INFO][seed120] Closing log file
[2024-10-14T10:32:21.568681][INFO][seed120] Closed log file
[2024-10-14T10:32:21.583728][INFO][seed47] PS(V1,V0) in [0.0, 1.0]
[2024-10-14T10:32:21.591813][INFO][seed47] PN(V1,V0) in [0.0, 0.03190379440997199] 
[2024-10-14T10:32:21.625818][INFO][seed47] Saved data to: /mnt/beegfs/rcabanas/dev/credici/papers/zeros/models/s3/simple_nparents1_nzr08_zdr05_ysize3_47.csv
[2024-10-14T10:32:21.639325][INFO][seed47] Saved model to: /mnt/beegfs/rcabanas/dev/credici/papers/zeros/models/s3/simple_nparents1_nzr08_zdr05_ysize3_47.uai
[2024-10-14T10:32:21.648801][INFO][seed47] Saved queries to: /mnt/beegfs/rcabanas/dev/credici/papers/zeros/models/s3/simple_nparents1_nzr08_zdr05_ysize3_47_query.csv
[2024-10-14T10:32:21.648864][INFO][seed47] Closing log file
[2024-10-14T10:32:21.648893][INFO][seed47] Closed log file
[2024-10-14T10:32:21.711079][INFO][seed198] PS(V1,V0) in [0.0, 0.6471334348046677]
[2024-10-14T10:32:21.723326][INFO][seed198] PN(V1,V0) in [0.0, 1.0] 
['genn.py', '1', '0.8', '0.5', '172', '3']
['genn.py', '1', '0.8', '0.5', '76', '3']
[2024-10-14T10:32:21.769451][INFO][seed198] Saved data to: /mnt/beegfs/rcabanas/dev/credici/papers/zeros/models/s3/simple_nparents1_nzr08_zdr05_ysize3_198.csv
1 0.8 0.5 172
/mnt/beegfs/rcabanas/dev/credici/papers/zeros/code/GenerateNparents.java
[2024-10-14T10:32:21.788451][INFO][seed198] Saved model to: /mnt/beegfs/rcabanas/dev/credici/papers/zeros/models/s3/simple_nparents1_nzr08_zdr05_ysize3_198.uai
['genn.py', '1', '0.8', '0.5', '57', '3']
1 0.8 0.5 76
/mnt/beegfs/rcabanas/dev/credici/papers/zeros/code/GenerateNparents.java
[2024-10-14T10:32:21.804326][INFO][seed198] Saved queries to: /mnt/beegfs/rcabanas/dev/credici/papers/zeros/models/s3/simple_nparents1_nzr08_zdr05_ysize3_198_query.csv
[2024-10-14T10:32:21.804407][INFO][seed198] Closing log file
[2024-10-14T10:32:21.804432][INFO][seed198] Closed log file
1 0.8 0.5 57
/mnt/beegfs/rcabanas/dev/credici/papers/zeros/code/GenerateNparents.java
[2024-10-14T10:32:21.845199][INFO][seed111] Set up logging
[2024-10-14T10:32:21.857968][INFO][seed111] args: -np;1;-nzr;0.8;-zdr;0.5;-o;/mnt/beegfs/rcabanas/dev/credici/papers/zeros/models/s3;-rw;-s;111;-ys;3
[2024-10-14T10:32:21.833268][INFO][seed133] Set up logging
[2024-10-14T10:32:21.861087][INFO][seed133] args: -np;1;-nzr;0.8;-zdr;0.5;-o;/mnt/beegfs/rcabanas/dev/credici/papers/zeros/models/s3;-rw;-s;133;-ys;3
[2024-10-14T10:32:21.867200][INFO][seed111] Starting logger with seed 111
[2024-10-14T10:32:21.870025][INFO][seed133] Starting logger with seed 133
[2024-10-14T10:32:21.881102][INFO][seed111] simple_nparents1_nzr08_zdr05_ysize3_111
[2024-10-14T10:32:21.884668][INFO][seed133] simple_nparents1_nzr08_zdr05_ysize3_133
['genn.py', '1', '0.8', '0.5', '53', '3']
1 0.8 0.5 53
/mnt/beegfs/rcabanas/dev/credici/papers/zeros/code/GenerateNparents.java
[2024-10-14T10:32:21.951873][INFO][seed118] Set up logging
[2024-10-14T10:32:21.970882][INFO][seed118] args: -np;1;-nzr;0.8;-zdr;0.5;-o;/mnt/beegfs/rcabanas/dev/credici/papers/zeros/models/s3;-rw;-s;118;-ys;3
['genn.py', '1', '0.8', '0.5', '78', '3']
[2024-10-14T10:32:21.979961][INFO][seed118] Starting logger with seed 118
['genn.py', '1', '0.8', '0.5', '68', '3']
[2024-10-14T10:32:21.992469][INFO][seed118] simple_nparents1_nzr08_zdr05_ysize3_118
['genn.py', '1', '0.8', '0.5', '104', '3']
1 0.8 0.5 78
/mnt/beegfs/rcabanas/dev/credici/papers/zeros/code/GenerateNparents.java
1 0.8 0.5 68
/mnt/beegfs/rcabanas/dev/credici/papers/zeros/code/GenerateNparents.java
[2024-10-14T10:32:22.006033][INFO][seed189] Set up logging
[2024-10-14T10:32:22.032985][INFO][seed189] args: -np;1;-nzr;0.8;-zdr;0.5;-o;/mnt/beegfs/rcabanas/dev/credici/papers/zeros/models/s3;-rw;-s;189;-ys;3
[2024-10-14T10:32:22.035469][INFO][seed189] Starting logger with seed 189
1 0.8 0.5 104
/mnt/beegfs/rcabanas/dev/credici/papers/zeros/code/GenerateNparents.java
[2024-10-14T10:32:22.048822][INFO][seed189] simple_nparents1_nzr08_zdr05_ysize3_189
Removed 000
Removed 000
Removed 000
Removed 000
Removed 000
Removed 000
Removed 000
Removed 000
Error in variable: 2
[2024-10-14T10:32:22.065011][INFO][seed119] No feasible solution... resampling
[2024-10-14T10:32:22.156967][INFO][seed119] Sampled 1100 data instances
[2024-10-14T10:32:22.158807][INFO][seed119] Starting exact inference 
[2024-10-14T10:32:22.252148][INFO][seed111] U cardinality: 9
[2024-10-14T10:32:22.253080][INFO][seed133] U cardinality: 9
[2024-10-14T10:32:22.261955][INFO][seed111] !0 = [0, 2, 4, 5, 6, 7, 8]
[2024-10-14T10:32:22.262568][INFO][seed133] !0 = [1, 2, 4, 5, 6, 7, 8]
[2024-10-14T10:32:22.263162][INFO][seed133] 0 = [0, 3]
[2024-10-14T10:32:22.262484][INFO][seed111] 0 = [1, 3]
[2024-10-14T10:32:22.265172][INFO][seed133] U cardinality: 9
[2024-10-14T10:32:22.270408][INFO][seed111] Dropping state 1
[2024-10-14T10:32:22.275573][INFO][seed111] U cardinality: 8
[2024-10-14T10:32:22.275733][INFO][seed133] 
[P([3]) [0.309, 0.691], P([2]) [0.0, 0.002, 0.451, 0.0, 0.284, 0.154, 0.006, 0.033, 0.07], P([1, 3]) [1.0, 0.0, 0.0, 1.0], P([0, 1, 2]) [1.0, 0.0, 0.0, 1.0, 0.0, 0.0, 1.0, 0.0, 0.0, 0.0, 1.0, 0.0, 1.0, 0.0, 0.0, 0.0, 0.0, 1.0, 0.0, 1.0, 0.0, 1.0, 0.0, 0.0, 0.0, 1.0, 0.0, 0.0, 1.0, 0.0, 0.0, 1.0, 0.0, 0.0, 0.0, 1.0, 0.0, 0.0, 1.0, 1.0, 0.0, 0.0, 0.0, 0.0, 1.0, 0.0, 1.0, 0.0, 0.0, 0.0, 1.0, 0.0, 0.0, 1.0]]

[2024-10-14T10:32:22.284571][INFO][seed111] 
[P([3]) [0.163, 0.837], P([2]) [0.003, 0.571, 0.0, 0.003, 0.328, 0.01, 0.001, 0.084], P([1, 3]) [1.0, 0.0, 0.0, 1.0], P([0, 1, 2]) [1.0, 0.0, 0.0, 1.0, 0.0, 0.0, 1.0, 0.0, 0.0, 0.0, 0.0, 1.0, 0.0, 1.0, 0.0, 1.0, 0.0, 0.0, 0.0, 1.0, 0.0, 0.0, 1.0, 0.0, 0.0, 1.0, 0.0, 0.0, 0.0, 1.0, 0.0, 0.0, 1.0, 1.0, 0.0, 0.0, 0.0, 0.0, 1.0, 0.0, 1.0, 0.0, 0.0, 0.0, 1.0, 0.0, 0.0, 1.0]]

[2024-10-14T10:32:22.304266][INFO][seed171] PS(V1,V0) in [0.4620771089630931, 0.6275675527240773]
[2024-10-14T10:32:22.324275][INFO][seed171] PN(V1,V0) in [0.7362985975889907, 1.0] 
['genn.py', '1', '0.8', '0.5', '7', '3']
[2024-10-14T10:32:22.331769][INFO][seed167] PS(V1,V0) in [0.026207494043751355, 0.5414771496642842]
[2024-10-14T10:32:22.338583][INFO][seed167] PN(V1,V0) in [0.0484, 1.0] 
[2024-10-14T10:32:22.356528][INFO][seed118] U cardinality: 9
[2024-10-14T10:32:22.357339][INFO][seed171] Saved data to: /mnt/beegfs/rcabanas/dev/credici/papers/zeros/models/s3/simple_nparents1_nzr08_zdr05_ysize3_171.csv
[2024-10-14T10:32:22.362427][INFO][seed118] !0 = [0, 1, 4, 5, 6, 7, 8]
[2024-10-14T10:32:22.363004][INFO][seed118] 0 = [2, 3]
[2024-10-14T10:32:22.366767][INFO][seed118] U cardinality: 9
1 0.8 0.5 7
/mnt/beegfs/rcabanas/dev/credici/papers/zeros/code/GenerateNparents.java
[2024-10-14T10:32:22.375799][INFO][seed118] 
[P([3]) [0.165, 0.835], P([2]) [0.182, 0.028, 0.0, 0.0, 0.006, 0.276, 0.002, 0.017, 0.489], P([1, 3]) [1.0, 0.0, 0.0, 1.0], P([0, 1, 2]) [1.0, 0.0, 0.0, 1.0, 0.0, 0.0, 1.0, 0.0, 0.0, 0.0, 1.0, 0.0, 1.0, 0.0, 0.0, 0.0, 0.0, 1.0, 0.0, 1.0, 0.0, 1.0, 0.0, 0.0, 0.0, 1.0, 0.0, 0.0, 1.0, 0.0, 0.0, 1.0, 0.0, 0.0, 0.0, 1.0, 0.0, 0.0, 1.0, 1.0, 0.0, 0.0, 0.0, 0.0, 1.0, 0.0, 1.0, 0.0, 0.0, 0.0, 1.0, 0.0, 0.0, 1.0]]

[2024-10-14T10:32:22.378464][INFO][seed189] U cardinality: 9
[2024-10-14T10:32:22.378669][INFO][seed171] Saved model to: /mnt/beegfs/rcabanas/dev/credici/papers/zeros/models/s3/simple_nparents1_nzr08_zdr05_ysize3_171.uai
[2024-10-14T10:32:22.385929][INFO][seed167] Saved data to: /mnt/beegfs/rcabanas/dev/credici/papers/zeros/models/s3/simple_nparents1_nzr08_zdr05_ysize3_167.csv
[2024-10-14T10:32:22.389651][INFO][seed171] Saved queries to: /mnt/beegfs/rcabanas/dev/credici/papers/zeros/models/s3/simple_nparents1_nzr08_zdr05_ysize3_171_query.csv
[2024-10-14T10:32:22.389719][INFO][seed171] Closing log file
[2024-10-14T10:32:22.389753][INFO][seed171] Closed log file
[2024-10-14T10:32:22.390114][INFO][seed189] !0 = [0, 2, 4, 5, 6, 7, 8]
[2024-10-14T10:32:22.366101][INFO][seed191] Set up logging
[2024-10-14T10:32:22.390504][INFO][seed189] 0 = [1, 3]
[2024-10-14T10:32:22.390776][INFO][seed191] args: -np;1;-nzr;0.8;-zdr;0.5;-o;/mnt/beegfs/rcabanas/dev/credici/papers/zeros/models/s3;-rw;-s;191;-ys;3
[2024-10-14T10:32:22.392822][INFO][seed191] Starting logger with seed 191
[2024-10-14T10:32:22.405998][INFO][seed191] simple_nparents1_nzr08_zdr05_ysize3_191
[2024-10-14T10:32:22.412082][INFO][seed119] PS(V1,V0) in [0.0, 0.43771022990279274]
[2024-10-14T10:32:22.419664][INFO][seed189] Dropping state 3
[2024-10-14T10:32:22.420172][INFO][seed119] PN(V1,V0) in [0.0, 1.0] 
[2024-10-14T10:32:22.425209][INFO][seed189] U cardinality: 8
[2024-10-14T10:32:22.429328][INFO][seed167] Saved model to: /mnt/beegfs/rcabanas/dev/credici/papers/zeros/models/s3/simple_nparents1_nzr08_zdr05_ysize3_167.uai
[2024-10-14T10:32:22.434289][INFO][seed167] Saved queries to: /mnt/beegfs/rcabanas/dev/credici/papers/zeros/models/s3/simple_nparents1_nzr08_zdr05_ysize3_167_query.csv
[2024-10-14T10:32:22.434547][INFO][seed167] Closing log file
[2024-10-14T10:32:22.434633][INFO][seed167] Closed log file
[2024-10-14T10:32:22.436478][INFO][seed189] 
[P([3]) [0.223, 0.777], P([2]) [0.051, 0.0, 0.002, 0.119, 0.06, 0.015, 0.343, 0.41], P([1, 3]) [1.0, 0.0, 0.0, 1.0], P([0, 1, 2]) [1.0, 0.0, 0.0, 1.0, 0.0, 0.0, 1.0, 0.0, 0.0, 0.0, 1.0, 0.0, 1.0, 0.0, 0.0, 0.0, 0.0, 1.0, 0.0, 1.0, 0.0, 0.0, 1.0, 0.0, 0.0, 1.0, 0.0, 0.0, 0.0, 1.0, 0.0, 0.0, 1.0, 1.0, 0.0, 0.0, 0.0, 0.0, 1.0, 0.0, 1.0, 0.0, 0.0, 0.0, 1.0, 0.0, 0.0, 1.0]]

[2024-10-14T10:32:22.461150][INFO][seed119] Saved data to: /mnt/beegfs/rcabanas/dev/credici/papers/zeros/models/s3/simple_nparents1_nzr08_zdr05_ysize3_119.csv
[2024-10-14T10:32:22.471502][INFO][seed119] Saved model to: /mnt/beegfs/rcabanas/dev/credici/papers/zeros/models/s3/simple_nparents1_nzr08_zdr05_ysize3_119.uai
[2024-10-14T10:32:22.475150][INFO][seed119] Saved queries to: /mnt/beegfs/rcabanas/dev/credici/papers/zeros/models/s3/simple_nparents1_nzr08_zdr05_ysize3_119_query.csv
[2024-10-14T10:32:22.475235][INFO][seed119] Closing log file
[2024-10-14T10:32:22.475310][INFO][seed119] Closed log file
[2024-10-14T10:32:22.501572][INFO][seed133] Sampled 1000 data instances
[2024-10-14T10:32:22.501589][INFO][seed111] Sampled 1000 data instances
[2024-10-14T10:32:22.501700][INFO][seed111] Starting exact inference 
[2024-10-14T10:32:22.501873][INFO][seed133] Starting exact inference 
[2024-10-14T10:32:22.588351][INFO][seed118] Sampled 1000 data instances
[2024-10-14T10:32:22.588629][INFO][seed118] Starting exact inference 
[2024-10-14T10:32:22.627649][INFO][seed189] Sampled 1000 data instances
[2024-10-14T10:32:22.627751][INFO][seed189] Starting exact inference 
[2024-10-14T10:32:22.724458][INFO][seed191] U cardinality: 9
[2024-10-14T10:32:22.731634][INFO][seed191] !0 = [0, 1, 2, 3, 6, 7, 8]
[2024-10-14T10:32:22.732081][INFO][seed191] 0 = [4, 5]
[2024-10-14T10:32:22.753218][INFO][seed191] Dropping state 5
[2024-10-14T10:32:22.756230][INFO][seed191] U cardinality: 8
[2024-10-14T10:32:22.768865][INFO][seed191] 
[P([3]) [0.631, 0.369], P([2]) [0.01, 0.334, 0.001, 0.001, 0.0, 0.607, 0.001, 0.046], P([1, 3]) [1.0, 0.0, 0.0, 1.0], P([0, 1, 2]) [1.0, 0.0, 0.0, 1.0, 0.0, 0.0, 1.0, 0.0, 0.0, 0.0, 1.0, 0.0, 1.0, 0.0, 0.0, 0.0, 0.0, 1.0, 0.0, 1.0, 0.0, 1.0, 0.0, 0.0, 0.0, 1.0, 0.0, 0.0, 1.0, 0.0, 0.0, 0.0, 1.0, 1.0, 0.0, 0.0, 0.0, 0.0, 1.0, 0.0, 1.0, 0.0, 0.0, 0.0, 1.0, 0.0, 0.0, 1.0]]

['genn.py', '1', '0.8', '0.5', '93', '3']
['genn.py', '1', '0.8', '0.5', '149', '3']
1 0.8 0.5 93
/mnt/beegfs/rcabanas/dev/credici/papers/zeros/code/GenerateNparents.java
1 0.8 0.5 149
/mnt/beegfs/rcabanas/dev/credici/papers/zeros/code/GenerateNparents.java
['genn.py', '1', '0.8', '0.5', '153', '3']
[2024-10-14T10:32:22.913953][INFO][seed60] PS(V1,V0) in [0.0, 0.0]
1 0.8 0.5 153
/mnt/beegfs/rcabanas/dev/credici/papers/zeros/code/GenerateNparents.java
[2024-10-14T10:32:22.944068][INFO][seed60] No feasible solution... resampling
[2024-10-14T10:32:23.002461][INFO][seed191] Sampled 1000 data instances
[2024-10-14T10:32:23.002566][INFO][seed191] Starting exact inference 
[2024-10-14T10:32:23.004933][INFO][seed52] PS(V1,V0) in [0.0, 0.23060029282576866]
[2024-10-14T10:32:23.011948][INFO][seed23] PS(V1,V0) in [0.0, 1.0]
[2024-10-14T10:32:23.027794][INFO][seed52] PN(V1,V0) in [0.0, 1.0] 
[2024-10-14T10:32:23.035422][INFO][seed23] PN(V1,V0) in [0.0, 0.4503275109170305] 
[2024-10-14T10:32:23.065995][INFO][seed52] Saved data to: /mnt/beegfs/rcabanas/dev/credici/papers/zeros/models/s3/simple_nparents1_nzr08_zdr05_ysize3_52.csv
[2024-10-14T10:32:23.080004][INFO][seed23] Saved data to: /mnt/beegfs/rcabanas/dev/credici/papers/zeros/models/s3/simple_nparents1_nzr08_zdr05_ysize3_23.csv
[2024-10-14T10:32:23.086378][INFO][seed52] Saved model to: /mnt/beegfs/rcabanas/dev/credici/papers/zeros/models/s3/simple_nparents1_nzr08_zdr05_ysize3_52.uai
[2024-10-14T10:32:23.091851][INFO][seed23] Saved model to: /mnt/beegfs/rcabanas/dev/credici/papers/zeros/models/s3/simple_nparents1_nzr08_zdr05_ysize3_23.uai
[2024-10-14T10:32:23.093711][INFO][seed52] Saved queries to: /mnt/beegfs/rcabanas/dev/credici/papers/zeros/models/s3/simple_nparents1_nzr08_zdr05_ysize3_52_query.csv
[2024-10-14T10:32:23.093794][INFO][seed52] Closing log file
[2024-10-14T10:32:23.093819][INFO][seed52] Closed log file
[2024-10-14T10:32:23.097501][INFO][seed23] Saved queries to: /mnt/beegfs/rcabanas/dev/credici/papers/zeros/models/s3/simple_nparents1_nzr08_zdr05_ysize3_23_query.csv
[2024-10-14T10:32:23.097798][INFO][seed23] Closing log file
[2024-10-14T10:32:23.097882][INFO][seed23] Closed log file
[2024-10-14T10:32:23.116127][INFO][seed60] Sampled 1100 data instances
[2024-10-14T10:32:23.116540][INFO][seed60] Starting exact inference 
[2024-10-14T10:32:23.283876][INFO][seed60] PS(V1,V0) in [0.0, 0.0]
[2024-10-14T10:32:23.285307][INFO][seed60] No feasible solution... resampling
[2024-10-14T10:32:23.367044][INFO][seed60] Sampled 1200 data instances
[2024-10-14T10:32:23.367293][INFO][seed60] Starting exact inference 
[2024-10-14T10:32:23.439632][INFO][seed186] Set up logging
[2024-10-14T10:32:23.452596][INFO][seed186] args: -np;1;-nzr;0.8;-zdr;0.5;-o;/mnt/beegfs/rcabanas/dev/credici/papers/zeros/models/s3;-rw;-s;186;-ys;3
[2024-10-14T10:32:23.458231][INFO][seed186] Starting logger with seed 186
[2024-10-14T10:32:23.468560][INFO][seed186] simple_nparents1_nzr08_zdr05_ysize3_186
[2024-10-14T10:32:23.506829][INFO][seed60] PS(V1,V0) in [0.0, 0.0]
[2024-10-14T10:32:23.508238][INFO][seed60] No feasible solution... resampling
['genn.py', '1', '0.8', '0.5', '190', '3']
['genn.py', '1', '0.8', '0.5', '138', '3']
[2024-10-14T10:32:23.590717][INFO][seed60] Sampled 1300 data instances
[2024-10-14T10:32:23.590992][INFO][seed60] Starting exact inference 
1 0.8 0.5 190
/mnt/beegfs/rcabanas/dev/credici/papers/zeros/code/GenerateNparents.java
1 0.8 0.5 138
/mnt/beegfs/rcabanas/dev/credici/papers/zeros/code/GenerateNparents.java
[2024-10-14T10:32:23.692335][INFO][seed186] U cardinality: 9
[2024-10-14T10:32:23.697741][INFO][seed186] !0 = [0, 1, 2, 3, 4, 5, 8]
[2024-10-14T10:32:23.698080][INFO][seed186] 0 = [6, 7]
[2024-10-14T10:32:23.700832][INFO][seed186] U cardinality: 9
[2024-10-14T10:32:23.700477][INFO][seed111] PS(V1,V0) in [0.0, 0.0]
[2024-10-14T10:32:23.706892][INFO][seed186] 
[P([3]) [0.567, 0.433], P([2]) [0.007, 0.002, 0.293, 0.002, 0.069, 0.003, 0.0, 0.0, 0.624], P([1, 3]) [1.0, 0.0, 0.0, 1.0], P([0, 1, 2]) [1.0, 0.0, 0.0, 1.0, 0.0, 0.0, 1.0, 0.0, 0.0, 0.0, 1.0, 0.0, 1.0, 0.0, 0.0, 0.0, 0.0, 1.0, 0.0, 1.0, 0.0, 1.0, 0.0, 0.0, 0.0, 1.0, 0.0, 0.0, 1.0, 0.0, 0.0, 1.0, 0.0, 0.0, 0.0, 1.0, 0.0, 0.0, 1.0, 1.0, 0.0, 0.0, 0.0, 0.0, 1.0, 0.0, 1.0, 0.0, 0.0, 0.0, 1.0, 0.0, 0.0, 1.0]]

[2024-10-14T10:32:23.722343][INFO][seed111] PN(V1,V0) in [0.0, 0.0] 
[2024-10-14T10:32:23.727584][INFO][seed60] PS(V1,V0) in [0.0, 0.0]
[2024-10-14T10:32:23.728993][INFO][seed60] No feasible solution... resampling
[2024-10-14T10:32:23.733732][INFO][seed133] PS(V1,V0) in [0.0, 0.6773212908910673]
[2024-10-14T10:32:23.741114][INFO][seed172] Set up logging
[2024-10-14T10:32:23.752733][INFO][seed172] args: -np;1;-nzr;0.8;-zdr;0.5;-o;/mnt/beegfs/rcabanas/dev/credici/papers/zeros/models/s3;-rw;-s;172;-ys;3
[2024-10-14T10:32:23.753473][INFO][seed111] Saved data to: /mnt/beegfs/rcabanas/dev/credici/papers/zeros/models/s3/simple_nparents1_nzr08_zdr05_ysize3_111.csv
[2024-10-14T10:32:23.753612][INFO][seed133] PN(V1,V0) in [0.0, 1.0] 
[2024-10-14T10:32:23.759525][INFO][seed172] Starting logger with seed 172
[2024-10-14T10:32:23.765189][INFO][seed189] PS(V1,V0) in [0.0, 1.0]
[2024-10-14T10:32:23.769025][INFO][seed172] simple_nparents1_nzr08_zdr05_ysize3_172
[2024-10-14T10:32:23.770657][INFO][seed189] PN(V1,V0) in [0.0, 0.10366198457397481] 
[2024-10-14T10:32:23.776643][INFO][seed111] Saved model to: /mnt/beegfs/rcabanas/dev/credici/papers/zeros/models/s3/simple_nparents1_nzr08_zdr05_ysize3_111.uai
[2024-10-14T10:32:23.780964][INFO][seed111] Saved queries to: /mnt/beegfs/rcabanas/dev/credici/papers/zeros/models/s3/simple_nparents1_nzr08_zdr05_ysize3_111_query.csv
[2024-10-14T10:32:23.781199][INFO][seed111] Closing log file
[2024-10-14T10:32:23.781283][INFO][seed111] Closed log file
[2024-10-14T10:32:23.786941][INFO][seed133] Saved data to: /mnt/beegfs/rcabanas/dev/credici/papers/zeros/models/s3/simple_nparents1_nzr08_zdr05_ysize3_133.csv
[2024-10-14T10:32:23.778454][INFO][seed57] Set up logging
[2024-10-14T10:32:23.789759][INFO][seed57] args: -np;1;-nzr;0.8;-zdr;0.5;-o;/mnt/beegfs/rcabanas/dev/credici/papers/zeros/models/s3;-rw;-s;57;-ys;3
[2024-10-14T10:32:23.795756][INFO][seed60] Sampled 1400 data instances
[2024-10-14T10:32:23.796924][INFO][seed57] Starting logger with seed 57
[2024-10-14T10:32:23.805038][INFO][seed57] simple_nparents1_nzr08_zdr05_ysize3_57
[2024-10-14T10:32:23.805832][INFO][seed60] Starting exact inference 
[2024-10-14T10:32:23.806013][INFO][seed189] Saved data to: /mnt/beegfs/rcabanas/dev/credici/papers/zeros/models/s3/simple_nparents1_nzr08_zdr05_ysize3_189.csv
[2024-10-14T10:32:23.809612][INFO][seed133] Saved model to: /mnt/beegfs/rcabanas/dev/credici/papers/zeros/models/s3/simple_nparents1_nzr08_zdr05_ysize3_133.uai
[2024-10-14T10:32:23.796429][INFO][seed76] Set up logging
[2024-10-14T10:32:23.817391][INFO][seed76] args: -np;1;-nzr;0.8;-zdr;0.5;-o;/mnt/beegfs/rcabanas/dev/credici/papers/zeros/models/s3;-rw;-s;76;-ys;3
[2024-10-14T10:32:23.818464][INFO][seed133] Saved queries to: /mnt/beegfs/rcabanas/dev/credici/papers/zeros/models/s3/simple_nparents1_nzr08_zdr05_ysize3_133_query.csv
[2024-10-14T10:32:23.818547][INFO][seed133] Closing log file
[2024-10-14T10:32:23.818572][INFO][seed133] Closed log file
[2024-10-14T10:32:23.818752][INFO][seed76] Starting logger with seed 76
[2024-10-14T10:32:23.824781][INFO][seed189] Saved model to: /mnt/beegfs/rcabanas/dev/credici/papers/zeros/models/s3/simple_nparents1_nzr08_zdr05_ysize3_189.uai
[2024-10-14T10:32:23.829119][INFO][seed189] Saved queries to: /mnt/beegfs/rcabanas/dev/credici/papers/zeros/models/s3/simple_nparents1_nzr08_zdr05_ysize3_189_query.csv
[2024-10-14T10:32:23.829438][INFO][seed189] Closing log file
[2024-10-14T10:32:23.829524][INFO][seed189] Closed log file
[2024-10-14T10:32:23.834775][INFO][seed76] simple_nparents1_nzr08_zdr05_ysize3_76
[2024-10-14T10:32:23.869961][INFO][seed118] PS(V1,V0) in [0.0, 0.2934642211314906]
[2024-10-14T10:32:23.881726][INFO][seed118] PN(V1,V0) in [0.0, 1.0] 
[2024-10-14T10:32:23.912450][INFO][seed186] Sampled 1000 data instances
[2024-10-14T10:32:23.912676][INFO][seed186] Starting exact inference 
[2024-10-14T10:32:23.918943][INFO][seed118] Saved data to: /mnt/beegfs/rcabanas/dev/credici/papers/zeros/models/s3/simple_nparents1_nzr08_zdr05_ysize3_118.csv
[2024-10-14T10:32:23.923957][INFO][seed60] PS(V1,V0) in [0.0, 0.0]
[2024-10-14T10:32:23.925142][INFO][seed60] No feasible solution... resampling
[2024-10-14T10:32:23.939164][INFO][seed118] Saved model to: /mnt/beegfs/rcabanas/dev/credici/papers/zeros/models/s3/simple_nparents1_nzr08_zdr05_ysize3_118.uai
[2024-10-14T10:32:23.945066][INFO][seed118] Saved queries to: /mnt/beegfs/rcabanas/dev/credici/papers/zeros/models/s3/simple_nparents1_nzr08_zdr05_ysize3_118_query.csv
[2024-10-14T10:32:23.945135][INFO][seed118] Closing log file
[2024-10-14T10:32:23.945160][INFO][seed118] Closed log file
[2024-10-14T10:32:23.965414][INFO][seed172] U cardinality: 9
[2024-10-14T10:32:23.970078][INFO][seed172] !0 = [0, 1, 2, 3, 4, 6, 7]
[2024-10-14T10:32:23.970370][INFO][seed172] 0 = [5, 8]
[2024-10-14T10:32:23.975473][INFO][seed172] Dropping state 8
[2024-10-14T10:32:23.978589][INFO][seed172] U cardinality: 8
[2024-10-14T10:32:23.978927][INFO][seed60] Sampled 1500 data instances
[2024-10-14T10:32:23.979203][INFO][seed60] Starting exact inference 
[2024-10-14T10:32:23.963956][INFO][seed68] Set up logging
[2024-10-14T10:32:23.979945][INFO][seed68] args: -np;1;-nzr;0.8;-zdr;0.5;-o;/mnt/beegfs/rcabanas/dev/credici/papers/zeros/models/s3;-rw;-s;68;-ys;3
[2024-10-14T10:32:23.981178][INFO][seed76] U cardinality: 9
[2024-10-14T10:32:23.985207][INFO][seed76] !0 = [1, 2, 3, 4, 5, 7, 8]
[2024-10-14T10:32:23.985493][INFO][seed76] 0 = [0, 6]
[2024-10-14T10:32:23.986977][INFO][seed76] U cardinality: 9
[2024-10-14T10:32:23.994207][INFO][seed76] 
[P([3]) [0.935, 0.065], P([2]) [0.0, 0.003, 0.002, 0.001, 0.098, 0.001, 0.0, 0.003, 0.892], P([1, 3]) [1.0, 0.0, 0.0, 1.0], P([0, 1, 2]) [1.0, 0.0, 0.0, 1.0, 0.0, 0.0, 1.0, 0.0, 0.0, 0.0, 1.0, 0.0, 1.0, 0.0, 0.0, 0.0, 0.0, 1.0, 0.0, 1.0, 0.0, 1.0, 0.0, 0.0, 0.0, 1.0, 0.0, 0.0, 1.0, 0.0, 0.0, 1.0, 0.0, 0.0, 0.0, 1.0, 0.0, 0.0, 1.0, 1.0, 0.0, 0.0, 0.0, 0.0, 1.0, 0.0, 1.0, 0.0, 0.0, 0.0, 1.0, 0.0, 0.0, 1.0]]

[2024-10-14T10:32:23.995850][INFO][seed172] 
[P([3]) [0.374, 0.626], P([2]) [0.541, 0.063, 0.004, 0.038, 0.012, 0.0, 0.325, 0.017], P([1, 3]) [1.0, 0.0, 0.0, 1.0], P([0, 1, 2]) [1.0, 0.0, 0.0, 1.0, 0.0, 0.0, 1.0, 0.0, 0.0, 0.0, 1.0, 0.0, 1.0, 0.0, 0.0, 0.0, 0.0, 1.0, 0.0, 1.0, 0.0, 1.0, 0.0, 0.0, 0.0, 1.0, 0.0, 0.0, 1.0, 0.0, 0.0, 1.0, 0.0, 0.0, 0.0, 1.0, 0.0, 0.0, 1.0, 1.0, 0.0, 0.0, 0.0, 0.0, 1.0, 0.0, 1.0, 0.0]]

[2024-10-14T10:32:23.993664][INFO][seed68] Starting logger with seed 68
[2024-10-14T10:32:23.998914][INFO][seed68] simple_nparents1_nzr08_zdr05_ysize3_68
[2024-10-14T10:32:24.017395][INFO][seed57] U cardinality: 9
[2024-10-14T10:32:24.022123][INFO][seed57] !0 = [0, 1, 2, 4, 6, 7, 8]
[2024-10-14T10:32:24.022409][INFO][seed57] 0 = [3, 5]
[2024-10-14T10:32:24.027512][INFO][seed57] Dropping state 5
[2024-10-14T10:32:24.029978][INFO][seed57] U cardinality: 8
[2024-10-14T10:32:24.047348][INFO][seed57] 
[P([3]) [0.615, 0.385], P([2]) [0.021, 0.083, 0.295, 0.0, 0.051, 0.403, 0.002, 0.145], P([1, 3]) [1.0, 0.0, 0.0, 1.0], P([0, 1, 2]) [1.0, 0.0, 0.0, 1.0, 0.0, 0.0, 1.0, 0.0, 0.0, 0.0, 1.0, 0.0, 1.0, 0.0, 0.0, 0.0, 0.0, 1.0, 0.0, 1.0, 0.0, 1.0, 0.0, 0.0, 0.0, 1.0, 0.0, 0.0, 1.0, 0.0, 0.0, 0.0, 1.0, 1.0, 0.0, 0.0, 0.0, 0.0, 1.0, 0.0, 1.0, 0.0, 0.0, 0.0, 1.0, 0.0, 0.0, 1.0]]

[2024-10-14T10:32:24.048303][INFO][seed191] PS(V1,V0) in [0.0, 0.9358139003200732]
[2024-10-14T10:32:24.069155][INFO][seed191] PN(V1,V0) in [0.0, 1.0] 
[2024-10-14T10:32:24.098948][INFO][seed191] Saved data to: /mnt/beegfs/rcabanas/dev/credici/papers/zeros/models/s3/simple_nparents1_nzr08_zdr05_ysize3_191.csv
[2024-10-14T10:32:24.104826][INFO][seed60] PS(V1,V0) in [0.0, 0.0]
[2024-10-14T10:32:24.109095][INFO][seed191] Saved model to: /mnt/beegfs/rcabanas/dev/credici/papers/zeros/models/s3/simple_nparents1_nzr08_zdr05_ysize3_191.uai
[2024-10-14T10:32:24.107872][INFO][seed60] No feasible solution... resampling
[2024-10-14T10:32:24.112595][INFO][seed191] Saved queries to: /mnt/beegfs/rcabanas/dev/credici/papers/zeros/models/s3/simple_nparents1_nzr08_zdr05_ysize3_191_query.csv
[2024-10-14T10:32:24.112788][INFO][seed191] Closing log file
[2024-10-14T10:32:24.112871][INFO][seed191] Closed log file
[2024-10-14T10:32:24.152242][INFO][seed60] Sampled 1600 data instances
[2024-10-14T10:32:24.164773][INFO][seed60] Starting exact inference 
[2024-10-14T10:32:24.193558][INFO][seed172] Sampled 1000 data instances
[2024-10-14T10:32:24.193671][INFO][seed172] Starting exact inference 
['genn.py', '1', '0.8', '0.5', '185', '3']
[2024-10-14T10:32:24.194990][INFO][seed76] Sampled 1000 data instances
[2024-10-14T10:32:24.195238][INFO][seed76] Starting exact inference 
['genn.py', '1', '0.8', '0.5', '36', '3']
[2024-10-14T10:32:24.199359][INFO][seed68] U cardinality: 9
[2024-10-14T10:32:24.203976][INFO][seed68] !0 = [0, 2, 4, 5, 6, 7, 8]
[2024-10-14T10:32:24.204270][INFO][seed68] 0 = [1, 3]
[2024-10-14T10:32:24.205845][INFO][seed68] U cardinality: 9
[2024-10-14T10:32:24.220694][INFO][seed68] 
[P([3]) [0.479, 0.521], P([2]) [0.09, 0.0, 0.071, 0.0, 0.002, 0.55, 0.002, 0.005, 0.28], P([1, 3]) [1.0, 0.0, 0.0, 1.0], P([0, 1, 2]) [1.0, 0.0, 0.0, 1.0, 0.0, 0.0, 1.0, 0.0, 0.0, 0.0, 1.0, 0.0, 1.0, 0.0, 0.0, 0.0, 0.0, 1.0, 0.0, 1.0, 0.0, 1.0, 0.0, 0.0, 0.0, 1.0, 0.0, 0.0, 1.0, 0.0, 0.0, 1.0, 0.0, 0.0, 0.0, 1.0, 0.0, 0.0, 1.0, 1.0, 0.0, 0.0, 0.0, 0.0, 1.0, 0.0, 1.0, 0.0, 0.0, 0.0, 1.0, 0.0, 0.0, 1.0]]

[2024-10-14T10:32:24.227411][INFO][seed57] Sampled 1000 data instances
[2024-10-14T10:32:24.227641][INFO][seed57] Starting exact inference 
1 0.8 0.5 185
/mnt/beegfs/rcabanas/dev/credici/papers/zeros/code/GenerateNparents.java
1 0.8 0.5 36
/mnt/beegfs/rcabanas/dev/credici/papers/zeros/code/GenerateNparents.java
['genn.py', '1', '0.8', '0.5', '58', '3']
1 0.8 0.5 58
[2024-10-14T10:32:24.273041][INFO][seed60] PS(V1,V0) in [0.0, 0.0]
[2024-10-14T10:32:24.274058][INFO][seed60] No feasible solution... resampling
/mnt/beegfs/rcabanas/dev/credici/papers/zeros/code/GenerateNparents.java
['genn.py', '1', '0.8', '0.5', '29', '3']
[2024-10-14T10:32:24.390330][INFO][seed60] Sampled 1700 data instances
1 0.8 0.5 29
[2024-10-14T10:32:24.390653][INFO][seed60] Starting exact inference 
/mnt/beegfs/rcabanas/dev/credici/papers/zeros/code/GenerateNparents.java
[2024-10-14T10:32:24.417892][INFO][seed68] Sampled 1000 data instances
[2024-10-14T10:32:24.418142][INFO][seed68] Starting exact inference 
[2024-10-14T10:32:24.490116][INFO][seed78] Set up logging
[2024-10-14T10:32:24.514549][INFO][seed78] args: -np;1;-nzr;0.8;-zdr;0.5;-o;/mnt/beegfs/rcabanas/dev/credici/papers/zeros/models/s3;-rw;-s;78;-ys;3
[2024-10-14T10:32:24.486521][INFO][seed104] Set up logging
[2024-10-14T10:32:24.515051][INFO][seed104] args: -np;1;-nzr;0.8;-zdr;0.5;-o;/mnt/beegfs/rcabanas/dev/credici/papers/zeros/models/s3;-rw;-s;104;-ys;3
[2024-10-14T10:32:24.516366][INFO][seed78] Starting logger with seed 78
[2024-10-14T10:32:24.508504][INFO][seed53] Set up logging
[2024-10-14T10:32:24.516908][INFO][seed104] Starting logger with seed 104
[2024-10-14T10:32:24.518613][INFO][seed53] args: -np;1;-nzr;0.8;-zdr;0.5;-o;/mnt/beegfs/rcabanas/dev/credici/papers/zeros/models/s3;-rw;-s;53;-ys;3
[2024-10-14T10:32:24.527465][INFO][seed53] Starting logger with seed 53
[2024-10-14T10:32:24.528279][INFO][seed104] simple_nparents1_nzr08_zdr05_ysize3_104
[2024-10-14T10:32:24.526921][INFO][seed60] PS(V1,V0) in [0.0, 0.0]
[2024-10-14T10:32:24.527952][INFO][seed60] No feasible solution... resampling
[2024-10-14T10:32:24.537344][INFO][seed78] simple_nparents1_nzr08_zdr05_ysize3_78
[2024-10-14T10:32:24.537724][INFO][seed53] simple_nparents1_nzr08_zdr05_ysize3_53
['genn.py', '1', '0.8', '0.5', '107', '3']
[2024-10-14T10:32:24.572780][INFO][seed60] Sampled 1800 data instances
1 0.8 0.5 107
/mnt/beegfs/rcabanas/dev/credici/papers/zeros/code/GenerateNparents.java
[2024-10-14T10:32:24.585794][INFO][seed60] Starting exact inference 
[2024-10-14T10:32:24.679586][INFO][seed60] PS(V1,V0) in [0.0, 0.0]
[2024-10-14T10:32:24.681602][INFO][seed60] No feasible solution... resampling
Removed 000
Removed 000
Removed 000
Removed 000
Removed 000
Removed 000
Removed 000
Removed 000
Removed 000
Error in variable: 2
[2024-10-14T10:32:24.706102][INFO][seed186] No feasible solution... resampling
[2024-10-14T10:32:24.734592][INFO][seed60] Sampled 1900 data instances
[2024-10-14T10:32:24.745794][INFO][seed60] Starting exact inference 
[2024-10-14T10:32:24.781623][INFO][seed186] Sampled 1100 data instances
[2024-10-14T10:32:24.782438][INFO][seed104] U cardinality: 9
[2024-10-14T10:32:24.783965][INFO][seed186] Starting exact inference 
[2024-10-14T10:32:24.787588][INFO][seed104] !0 = [0, 3, 4, 5, 6, 7, 8]
[2024-10-14T10:32:24.788130][INFO][seed104] 0 = [1, 2]
[2024-10-14T10:32:24.765466][INFO][seed7] Set up logging
[2024-10-14T10:32:24.793746][INFO][seed7] args: -np;1;-nzr;0.8;-zdr;0.5;-o;/mnt/beegfs/rcabanas/dev/credici/papers/zeros/models/s3;-rw;-s;7;-ys;3
[2024-10-14T10:32:24.794556][INFO][seed104] Dropping state 2
[2024-10-14T10:32:24.795711][INFO][seed7] Starting logger with seed 7
[2024-10-14T10:32:24.797653][INFO][seed104] U cardinality: 8
[2024-10-14T10:32:24.800308][INFO][seed53] U cardinality: 9
[2024-10-14T10:32:24.805374][INFO][seed53] !0 = [1, 2, 3, 4, 5, 7, 8]
[2024-10-14T10:32:24.805951][INFO][seed53] 0 = [0, 6]
[2024-10-14T10:32:24.809547][INFO][seed7] simple_nparents1_nzr08_zdr05_ysize3_7
[2024-10-14T10:32:24.810919][INFO][seed104] 
[P([3]) [0.554, 0.446], P([2]) [0.008, 0.0, 0.05, 0.083, 0.002, 0.013, 0.014, 0.83], P([1, 3]) [1.0, 0.0, 0.0, 1.0], P([0, 1, 2]) [1.0, 0.0, 0.0, 1.0, 0.0, 0.0, 1.0, 0.0, 0.0, 0.0, 1.0, 0.0, 0.0, 1.0, 0.0, 1.0, 0.0, 0.0, 0.0, 1.0, 0.0, 0.0, 1.0, 0.0, 0.0, 1.0, 0.0, 0.0, 0.0, 1.0, 0.0, 0.0, 1.0, 1.0, 0.0, 0.0, 0.0, 0.0, 1.0, 0.0, 1.0, 0.0, 0.0, 0.0, 1.0, 0.0, 0.0, 1.0]]

[2024-10-14T10:32:24.811963][INFO][seed78] U cardinality: 9
[2024-10-14T10:32:24.814229][INFO][seed53] Dropping state 6
[2024-10-14T10:32:24.816022][INFO][seed53] Dropping state 0
[2024-10-14T10:32:24.817390][INFO][seed78] !0 = [0, 1, 3, 4, 5, 6, 8]
[2024-10-14T10:32:24.817917][INFO][seed78] 0 = [2, 7]
[2024-10-14T10:32:24.819024][INFO][seed53] U cardinality: 7
[2024-10-14T10:32:24.820963][INFO][seed78] U cardinality: 9
[2024-10-14T10:32:24.819948][INFO][seed60] PS(V1,V0) in [0.0, 0.0]
[2024-10-14T10:32:24.820842][INFO][seed60] No feasible solution... resampling
[2024-10-14T10:32:24.827294][INFO][seed78] 
[P([3]) [0.749, 0.251], P([2]) [0.221, 0.239, 0.0, 0.002, 0.099, 0.001, 0.001, 0.0, 0.437], P([1, 3]) [1.0, 0.0, 0.0, 1.0], P([0, 1, 2]) [1.0, 0.0, 0.0, 1.0, 0.0, 0.0, 1.0, 0.0, 0.0, 0.0, 1.0, 0.0, 1.0, 0.0, 0.0, 0.0, 0.0, 1.0, 0.0, 1.0, 0.0, 1.0, 0.0, 0.0, 0.0, 1.0, 0.0, 0.0, 1.0, 0.0, 0.0, 1.0, 0.0, 0.0, 0.0, 1.0, 0.0, 0.0, 1.0, 1.0, 0.0, 0.0, 0.0, 0.0, 1.0, 0.0, 1.0, 0.0, 0.0, 0.0, 1.0, 0.0, 0.0, 1.0]]

[2024-10-14T10:32:24.841078][INFO][seed53] 
[P([3]) [0.566, 0.434], P([2]) [0.777, 0.028, 0.001, 0.009, 0.011, 0.148, 0.026], P([1, 3]) [1.0, 0.0, 0.0, 1.0], P([0, 1, 2]) [1.0, 0.0, 0.0, 0.0, 1.0, 0.0, 1.0, 0.0, 0.0, 0.0, 0.0, 1.0, 0.0, 1.0, 0.0, 1.0, 0.0, 0.0, 0.0, 1.0, 0.0, 0.0, 1.0, 0.0, 0.0, 1.0, 0.0, 0.0, 0.0, 1.0, 0.0, 0.0, 1.0, 0.0, 1.0, 0.0, 0.0, 0.0, 1.0, 0.0, 0.0, 1.0]]

[2024-10-14T10:32:24.880779][INFO][seed60] Sampled 2000 data instances
[2024-10-14T10:32:24.885788][INFO][seed60] Starting exact inference 
[2024-10-14T10:32:24.871214][INFO][seed149] Set up logging
[2024-10-14T10:32:24.886904][INFO][seed149] args: -np;1;-nzr;0.8;-zdr;0.5;-o;/mnt/beegfs/rcabanas/dev/credici/papers/zeros/models/s3;-rw;-s;149;-ys;3
[2024-10-14T10:32:24.891270][INFO][seed149] Starting logger with seed 149
[2024-10-14T10:32:24.902249][INFO][seed149] simple_nparents1_nzr08_zdr05_ysize3_149
[2024-10-14T10:32:24.977774][INFO][seed60] PS(V1,V0) in [0.0, 0.0]
[2024-10-14T10:32:24.979876][INFO][seed60] No feasible solution... resampling
[2024-10-14T10:32:24.992989][INFO][seed76] PS(V1,V0) in [0.0, 1.0]
[2024-10-14T10:32:25.003788][INFO][seed172] PS(V1,V0) in [0.0, 0.16649118870497268]
[2024-10-14T10:32:25.004029][INFO][seed76] PN(V1,V0) in [0.0, 0.026972776314138754] 
[2024-10-14T10:32:25.007519][INFO][seed7] U cardinality: 9
[2024-10-14T10:32:25.013086][INFO][seed7] !0 = [0, 2, 3, 4, 5, 6, 7]
[2024-10-14T10:32:25.013603][INFO][seed7] 0 = [1, 8]
[2024-10-14T10:32:25.017237][INFO][seed104] Sampled 1000 data instances
[2024-10-14T10:32:25.017520][INFO][seed104] Starting exact inference 
[2024-10-14T10:32:25.018853][INFO][seed7] Dropping state 8
[2024-10-14T10:32:25.021678][INFO][seed7] U cardinality: 8
[2024-10-14T10:32:25.025095][INFO][seed172] PN(V1,V0) in [0.0, 1.0] 
[2024-10-14T10:32:25.026462][INFO][seed7] 
[P([3]) [0.104, 0.896], P([2]) [0.001, 0.0, 0.002, 0.001, 0.028, 0.001, 0.001, 0.966], P([1, 3]) [1.0, 0.0, 0.0, 1.0], P([0, 1, 2]) [1.0, 0.0, 0.0, 1.0, 0.0, 0.0, 1.0, 0.0, 0.0, 0.0, 1.0, 0.0, 1.0, 0.0, 0.0, 0.0, 0.0, 1.0, 0.0, 1.0, 0.0, 1.0, 0.0, 0.0, 0.0, 1.0, 0.0, 0.0, 1.0, 0.0, 0.0, 1.0, 0.0, 0.0, 0.0, 1.0, 0.0, 0.0, 1.0, 1.0, 0.0, 0.0, 0.0, 0.0, 1.0, 0.0, 1.0, 0.0]]

[2024-10-14T10:32:25.041590][INFO][seed53] Sampled 1000 data instances
[2024-10-14T10:32:25.041909][INFO][seed53] Starting exact inference 
[2024-10-14T10:32:25.042168][INFO][seed57] PS(V1,V0) in [0.0, 0.37067722462546127]
[2024-10-14T10:32:25.042579][INFO][seed76] Saved data to: /mnt/beegfs/rcabanas/dev/credici/papers/zeros/models/s3/simple_nparents1_nzr08_zdr05_ysize3_76.csv
[2024-10-14T10:32:25.045980][INFO][seed60] Sampled 2100 data instances
[2024-10-14T10:32:25.046289][INFO][seed60] Starting exact inference 
[2024-10-14T10:32:25.051897][INFO][seed78] Sampled 1000 data instances
[2024-10-14T10:32:25.052365][INFO][seed78] Starting exact inference 
[2024-10-14T10:32:25.053738][INFO][seed172] Saved data to: /mnt/beegfs/rcabanas/dev/credici/papers/zeros/models/s3/simple_nparents1_nzr08_zdr05_ysize3_172.csv
[2024-10-14T10:32:25.060370][INFO][seed149] U cardinality: 9
[2024-10-14T10:32:25.061913][INFO][seed76] Saved model to: /mnt/beegfs/rcabanas/dev/credici/papers/zeros/models/s3/simple_nparents1_nzr08_zdr05_ysize3_76.uai
[2024-10-14T10:32:25.062465][INFO][seed172] Saved model to: /mnt/beegfs/rcabanas/dev/credici/papers/zeros/models/s3/simple_nparents1_nzr08_zdr05_ysize3_172.uai
[2024-10-14T10:32:25.064479][INFO][seed149] !0 = [0, 1, 2, 4, 5, 7, 8]
[2024-10-14T10:32:25.064759][INFO][seed149] 0 = [3, 6]
[2024-10-14T10:32:25.064950][INFO][seed57] PN(V1,V0) in [0.0, 1.0] 
[2024-10-14T10:32:25.066193][INFO][seed172] Saved queries to: /mnt/beegfs/rcabanas/dev/credici/papers/zeros/models/s3/simple_nparents1_nzr08_zdr05_ysize3_172_query.csv
[2024-10-14T10:32:25.066302][INFO][seed172] Closing log file
[2024-10-14T10:32:25.066379][INFO][seed172] Closed log file
[2024-10-14T10:32:25.066574][INFO][seed76] Saved queries to: /mnt/beegfs/rcabanas/dev/credici/papers/zeros/models/s3/simple_nparents1_nzr08_zdr05_ysize3_76_query.csv
[2024-10-14T10:32:25.066622][INFO][seed76] Closing log file
[2024-10-14T10:32:25.066645][INFO][seed76] Closed log file
[2024-10-14T10:32:25.068961][INFO][seed149] Dropping state 3
[2024-10-14T10:32:25.071250][INFO][seed149] U cardinality: 8
[2024-10-14T10:32:25.074736][INFO][seed149] 
[P([3]) [0.256, 0.744], P([2]) [0.007, 0.532, 0.028, 0.178, 0.001, 0.0, 0.002, 0.252], P([1, 3]) [1.0, 0.0, 0.0, 1.0], P([0, 1, 2]) [1.0, 0.0, 0.0, 1.0, 0.0, 0.0, 1.0, 0.0, 0.0, 0.0, 1.0, 0.0, 1.0, 0.0, 0.0, 0.0, 0.0, 1.0, 0.0, 1.0, 0.0, 0.0, 1.0, 0.0, 0.0, 1.0, 0.0, 0.0, 0.0, 1.0, 0.0, 0.0, 1.0, 1.0, 0.0, 0.0, 0.0, 0.0, 1.0, 0.0, 1.0, 0.0, 0.0, 0.0, 1.0, 0.0, 0.0, 1.0]]

[2024-10-14T10:32:25.078719][INFO][seed186] PS(V1,V0) in [0.0, 0.26496227382609333]
[2024-10-14T10:32:25.089396][INFO][seed186] PN(V1,V0) in [0.0, 1.0] 
[2024-10-14T10:32:25.096186][INFO][seed57] Saved data to: /mnt/beegfs/rcabanas/dev/credici/papers/zeros/models/s3/simple_nparents1_nzr08_zdr05_ysize3_57.csv
[2024-10-14T10:32:25.114769][INFO][seed57] Saved model to: /mnt/beegfs/rcabanas/dev/credici/papers/zeros/models/s3/simple_nparents1_nzr08_zdr05_ysize3_57.uai
[2024-10-14T10:32:25.118462][INFO][seed57] Saved queries to: /mnt/beegfs/rcabanas/dev/credici/papers/zeros/models/s3/simple_nparents1_nzr08_zdr05_ysize3_57_query.csv
[2024-10-14T10:32:25.118509][INFO][seed57] Closing log file
[2024-10-14T10:32:25.118533][INFO][seed57] Closed log file
[2024-10-14T10:32:25.129854][INFO][seed186] Saved data to: /mnt/beegfs/rcabanas/dev/credici/papers/zeros/models/s3/simple_nparents1_nzr08_zdr05_ysize3_186.csv
[2024-10-14T10:32:25.139108][INFO][seed60] PS(V1,V0) in [0.0, 0.0]
[2024-10-14T10:32:25.140039][INFO][seed60] No feasible solution... resampling
[2024-10-14T10:32:25.149989][INFO][seed186] Saved model to: /mnt/beegfs/rcabanas/dev/credici/papers/zeros/models/s3/simple_nparents1_nzr08_zdr05_ysize3_186.uai
[2024-10-14T10:32:25.154436][INFO][seed186] Saved queries to: /mnt/beegfs/rcabanas/dev/credici/papers/zeros/models/s3/simple_nparents1_nzr08_zdr05_ysize3_186_query.csv
[2024-10-14T10:32:25.154480][INFO][seed186] Closing log file
[2024-10-14T10:32:25.154504][INFO][seed186] Closed log file
[2024-10-14T10:32:25.206494][INFO][seed60] Sampled 2200 data instances
[2024-10-14T10:32:25.206764][INFO][seed60] Starting exact inference 
[2024-10-14T10:32:25.245096][INFO][seed7] Sampled 1000 data instances
[2024-10-14T10:32:25.245373][INFO][seed7] Starting exact inference 
[2024-10-14T10:32:25.254376][INFO][seed149] Sampled 1000 data instances
[2024-10-14T10:32:25.254615][INFO][seed149] Starting exact inference 
[2024-10-14T10:32:25.262985][INFO][seed68] PS(V1,V0) in [0.0, 0.08045735129068463]
[2024-10-14T10:32:25.271696][INFO][seed68] PN(V1,V0) in [0.0, 1.0] 
[2024-10-14T10:32:25.252747][INFO][seed93] Set up logging
[2024-10-14T10:32:25.280284][INFO][seed93] args: -np;1;-nzr;0.8;-zdr;0.5;-o;/mnt/beegfs/rcabanas/dev/credici/papers/zeros/models/s3;-rw;-s;93;-ys;3
[2024-10-14T10:32:25.286980][INFO][seed93] Starting logger with seed 93
[2024-10-14T10:32:25.302586][INFO][seed60] PS(V1,V0) in [0.0, 0.0]
[2024-10-14T10:32:25.304181][INFO][seed60] No feasible solution... resampling
[2024-10-14T10:32:25.304683][INFO][seed93] simple_nparents1_nzr08_zdr05_ysize3_93
[2024-10-14T10:32:25.306760][INFO][seed68] Saved data to: /mnt/beegfs/rcabanas/dev/credici/papers/zeros/models/s3/simple_nparents1_nzr08_zdr05_ysize3_68.csv
[2024-10-14T10:32:25.324849][INFO][seed68] Saved model to: /mnt/beegfs/rcabanas/dev/credici/papers/zeros/models/s3/simple_nparents1_nzr08_zdr05_ysize3_68.uai
[2024-10-14T10:32:25.297037][INFO][seed153] Set up logging
[2024-10-14T10:32:25.327051][INFO][seed153] args: -np;1;-nzr;0.8;-zdr;0.5;-o;/mnt/beegfs/rcabanas/dev/credici/papers/zeros/models/s3;-rw;-s;153;-ys;3
[2024-10-14T10:32:25.328221][INFO][seed68] Saved queries to: /mnt/beegfs/rcabanas/dev/credici/papers/zeros/models/s3/simple_nparents1_nzr08_zdr05_ysize3_68_query.csv
[2024-10-14T10:32:25.328332][INFO][seed68] Closing log file
[2024-10-14T10:32:25.328411][INFO][seed68] Closed log file
[2024-10-14T10:32:25.329020][INFO][seed153] Starting logger with seed 153
[2024-10-14T10:32:25.339875][INFO][seed153] simple_nparents1_nzr08_zdr05_ysize3_153
[2024-10-14T10:32:25.342761][INFO][seed60] Sampled 2300 data instances
[2024-10-14T10:32:25.344577][INFO][seed60] Starting exact inference 
[2024-10-14T10:32:25.442484][INFO][seed60] PS(V1,V0) in [0.0, 0.0]
[2024-10-14T10:32:25.445117][INFO][seed60] No feasible solution... resampling
['genn.py', '1', '0.8', '0.5', '66', '3']
['genn.py', '1', '0.8', '0.5', '72', '3']
[2024-10-14T10:32:25.478697][INFO][seed60] Sampled 2400 data instances
[2024-10-14T10:32:25.479004][INFO][seed60] Starting exact inference 
1 0.8 0.5 66
/mnt/beegfs/rcabanas/dev/credici/papers/zeros/code/GenerateNparents.java
1 0.8 0.5 72
/mnt/beegfs/rcabanas/dev/credici/papers/zeros/code/GenerateNparents.java
[2024-10-14T10:32:25.514627][INFO][seed93] U cardinality: 9
['genn.py', '1', '0.8', '0.5', '156', '3']
[2024-10-14T10:32:25.519883][INFO][seed93] !0 = [0, 1, 3, 4, 5, 6, 8]
[2024-10-14T10:32:25.520429][INFO][seed93] 0 = [2, 7]
[2024-10-14T10:32:25.522370][INFO][seed93] U cardinality: 9
[2024-10-14T10:32:25.528262][INFO][seed93] 
[P([3]) [0.911, 0.089], P([2]) [0.914, 0.001, 0.0, 0.07, 0.004, 0.001, 0.002, 0.0, 0.008], P([1, 3]) [1.0, 0.0, 0.0, 1.0], P([0, 1, 2]) [1.0, 0.0, 0.0, 1.0, 0.0, 0.0, 1.0, 0.0, 0.0, 0.0, 1.0, 0.0, 1.0, 0.0, 0.0, 0.0, 0.0, 1.0, 0.0, 1.0, 0.0, 1.0, 0.0, 0.0, 0.0, 1.0, 0.0, 0.0, 1.0, 0.0, 0.0, 1.0, 0.0, 0.0, 0.0, 1.0, 0.0, 0.0, 1.0, 1.0, 0.0, 0.0, 0.0, 0.0, 1.0, 0.0, 1.0, 0.0, 0.0, 0.0, 1.0, 0.0, 0.0, 1.0]]

1 0.8 0.5 156
/mnt/beegfs/rcabanas/dev/credici/papers/zeros/code/GenerateNparents.java
[2024-10-14T10:32:25.578420][INFO][seed60] PS(V1,V0) in [0.0, 0.0]
[2024-10-14T10:32:25.581590][INFO][seed60] No feasible solution... resampling
[2024-10-14T10:32:25.582380][INFO][seed153] U cardinality: 9
[2024-10-14T10:32:25.587386][INFO][seed153] !0 = [0, 1, 3, 4, 5, 6, 8]
[2024-10-14T10:32:25.587841][INFO][seed153] 0 = [2, 7]
[2024-10-14T10:32:25.593932][INFO][seed153] Dropping state 2
[2024-10-14T10:32:25.599195][INFO][seed153] U cardinality: 8
[2024-10-14T10:32:25.610334][INFO][seed153] 
[P([3]) [0.924, 0.076], P([2]) [0.031, 0.007, 0.001, 0.057, 0.738, 0.002, 0.0, 0.164], P([1, 3]) [1.0, 0.0, 0.0, 1.0], P([0, 1, 2]) [1.0, 0.0, 0.0, 1.0, 0.0, 0.0, 1.0, 0.0, 0.0, 0.0, 1.0, 0.0, 0.0, 1.0, 0.0, 1.0, 0.0, 0.0, 0.0, 1.0, 0.0, 0.0, 1.0, 0.0, 0.0, 1.0, 0.0, 0.0, 0.0, 1.0, 0.0, 0.0, 1.0, 1.0, 0.0, 0.0, 0.0, 0.0, 1.0, 0.0, 1.0, 0.0, 0.0, 0.0, 1.0, 0.0, 0.0, 1.0]]

[2024-10-14T10:32:25.620334][INFO][seed60] Sampled 2500 data instances
[2024-10-14T10:32:25.620651][INFO][seed60] Starting exact inference 
['genn.py', '1', '0.8', '0.5', '152', '3']
1 0.8 0.5 152
/mnt/beegfs/rcabanas/dev/credici/papers/zeros/code/GenerateNparents.java
[2024-10-14T10:32:25.709480][INFO][seed60] PS(V1,V0) in [0.0, 0.0]
[2024-10-14T10:32:25.711467][INFO][seed60] No feasible solution... resampling
['genn.py', '1', '0.8', '0.5', '146', '3']
[2024-10-14T10:32:25.740408][INFO][seed93] Sampled 1000 data instances
[2024-10-14T10:32:25.740720][INFO][seed93] Starting exact inference 
[2024-10-14T10:32:25.754673][INFO][seed60] Sampled 2600 data instances
[2024-10-14T10:32:25.754978][INFO][seed60] Starting exact inference 
1 0.8 0.5 146
/mnt/beegfs/rcabanas/dev/credici/papers/zeros/code/GenerateNparents.java
Removed 000
Removed 000
Removed 000
Removed 000
Error in variable: 2
[2024-10-14T10:32:25.809194][INFO][seed53] No feasible solution... resampling
[2024-10-14T10:32:25.811893][INFO][seed153] Sampled 1000 data instances
[2024-10-14T10:32:25.812190][INFO][seed153] Starting exact inference 
Removed 000
Removed 000
Removed 000
Removed 000
Removed 000
Removed 000
Removed 000
Removed 000
Removed 000
Removed 000
Error in variable: 2
[2024-10-14T10:32:25.822436][INFO][seed104] No feasible solution... resampling
[2024-10-14T10:32:25.839862][INFO][seed60] PS(V1,V0) in [0.0, 0.0]
[2024-10-14T10:32:25.841661][INFO][seed60] No feasible solution... resampling
[2024-10-14T10:32:25.876734][INFO][seed60] Sampled 2700 data instances
[2024-10-14T10:32:25.883760][INFO][seed60] Starting exact inference 
[2024-10-14T10:32:25.888450][INFO][seed53] Sampled 1100 data instances
[2024-10-14T10:32:25.888928][INFO][seed53] Starting exact inference 
Removed 000
[2024-10-14T10:32:25.882547][INFO][seed190] Set up logging
[2024-10-14T10:32:25.897781][INFO][seed190] args: -np;1;-nzr;0.8;-zdr;0.5;-o;/mnt/beegfs/rcabanas/dev/credici/papers/zeros/models/s3;-rw;-s;190;-ys;3
Removed 000
Removed 000
Removed 000
Removed 000
Removed 000
Removed 000
Removed 000
Removed 000
Removed 000
Removed 000
Removed 000
Removed 000
[2024-10-14T10:32:25.900495][INFO][seed190] Starting logger with seed 190
Removed 000
Removed 000
Removed 000
Removed 000
[2024-10-14T10:32:25.911013][INFO][seed104] Sampled 1100 data instances
Removed 000
Error in variable: 2
[2024-10-14T10:32:25.901204][INFO][seed78] No feasible solution... resampling
[2024-10-14T10:32:25.917009][INFO][seed104] Starting exact inference 
[2024-10-14T10:32:25.915509][INFO][seed190] simple_nparents1_nzr08_zdr05_ysize3_190
[2024-10-14T10:32:25.935584][INFO][seed138] Set up logging
[2024-10-14T10:32:25.966211][INFO][seed138] args: -np;1;-nzr;0.8;-zdr;0.5;-o;/mnt/beegfs/rcabanas/dev/credici/papers/zeros/models/s3;-rw;-s;138;-ys;3
[2024-10-14T10:32:25.968513][INFO][seed138] Starting logger with seed 138
[2024-10-14T10:32:25.967860][INFO][seed60] PS(V1,V0) in [0.0, 0.0]
[2024-10-14T10:32:25.968606][INFO][seed60] No feasible solution... resampling
[2024-10-14T10:32:25.985350][INFO][seed138] simple_nparents1_nzr08_zdr05_ysize3_138
[2024-10-14T10:32:26.000991][INFO][seed78] Sampled 1100 data instances
[2024-10-14T10:32:26.004349][INFO][seed60] Sampled 2800 data instances
[2024-10-14T10:32:26.004848][INFO][seed60] Starting exact inference 
[2024-10-14T10:32:26.005689][INFO][seed78] Starting exact inference 
[2024-10-14T10:32:26.072036][INFO][seed149] PS(V1,V0) in [0.4879548327877938, 1.0]
[2024-10-14T10:32:26.089600][INFO][seed149] PN(V1,V0) in [0.4000198767640628, 0.8197887383933896] 
[2024-10-14T10:32:26.098184][INFO][seed60] PS(V1,V0) in [0.0, 0.0]
[2024-10-14T10:32:26.098921][INFO][seed60] No feasible solution... resampling
[2024-10-14T10:32:26.106169][INFO][seed7] No feasible solution... resampling
[2024-10-14T10:32:26.131391][INFO][seed149] Saved data to: /mnt/beegfs/rcabanas/dev/credici/papers/zeros/models/s3/simple_nparents1_nzr08_zdr05_ysize3_149.csv
[2024-10-14T10:32:26.140194][INFO][seed60] Sampled 2900 data instances
[2024-10-14T10:32:26.140725][INFO][seed60] Starting exact inference 
[2024-10-14T10:32:26.151808][INFO][seed53] PS(V1,V0) in [0.9254452007914681, 1.0]
[2024-10-14T10:32:26.150963][INFO][seed149] Saved model to: /mnt/beegfs/rcabanas/dev/credici/papers/zeros/models/s3/simple_nparents1_nzr08_zdr05_ysize3_149.uai
[2024-10-14T10:32:26.154572][INFO][seed149] Saved queries to: /mnt/beegfs/rcabanas/dev/credici/papers/zeros/models/s3/simple_nparents1_nzr08_zdr05_ysize3_149_query.csv
[2024-10-14T10:32:26.154613][INFO][seed149] Closing log file
[2024-10-14T10:32:26.154637][INFO][seed149] Closed log file
[2024-10-14T10:32:26.171556][INFO][seed53] PN(V1,V0) in [0.7927975949340099, 0.8566661691648366] 
[2024-10-14T10:32:26.171982][INFO][seed190] U cardinality: 9
[2024-10-14T10:32:26.180238][INFO][seed190] !0 = [1, 2, 3, 5, 6, 7, 8]
[2024-10-14T10:32:26.182382][INFO][seed190] 0 = [0, 4]
[2024-10-14T10:32:26.184687][INFO][seed190] U cardinality: 9
[2024-10-14T10:32:26.184264][INFO][seed138] U cardinality: 9
[2024-10-14T10:32:26.188768][INFO][seed104] PS(V1,V0) in [0.0, 1.0]
[2024-10-14T10:32:26.189769][INFO][seed138] !0 = [0, 1, 3, 4, 5, 6, 8]
[2024-10-14T10:32:26.189980][INFO][seed7] Sampled 1100 data instances
[2024-10-14T10:32:26.190226][INFO][seed138] 0 = [2, 7]
[2024-10-14T10:32:26.190231][INFO][seed7] Starting exact inference 
[2024-10-14T10:32:26.193547][INFO][seed190] 
[P([3]) [0.614, 0.386], P([2]) [0.0, 0.041, 0.004, 0.095, 0.0, 0.078, 0.727, 0.001, 0.054], P([1, 3]) [1.0, 0.0, 0.0, 1.0], P([0, 1, 2]) [1.0, 0.0, 0.0, 1.0, 0.0, 0.0, 1.0, 0.0, 0.0, 0.0, 1.0, 0.0, 1.0, 0.0, 0.0, 0.0, 0.0, 1.0, 0.0, 1.0, 0.0, 1.0, 0.0, 0.0, 0.0, 1.0, 0.0, 0.0, 1.0, 0.0, 0.0, 1.0, 0.0, 0.0, 0.0, 1.0, 0.0, 0.0, 1.0, 1.0, 0.0, 0.0, 0.0, 0.0, 1.0, 0.0, 1.0, 0.0, 0.0, 0.0, 1.0, 0.0, 0.0, 1.0]]

[2024-10-14T10:32:26.197891][INFO][seed138] Dropping state 7
[2024-10-14T10:32:26.201532][INFO][seed138] U cardinality: 8
[2024-10-14T10:32:26.206034][INFO][seed53] Saved data to: /mnt/beegfs/rcabanas/dev/credici/papers/zeros/models/s3/simple_nparents1_nzr08_zdr05_ysize3_53.csv
[2024-10-14T10:32:26.209163][INFO][seed138] 
[P([3]) [0.514, 0.486], P([2]) [0.296, 0.11, 0.0, 0.017, 0.015, 0.001, 0.059, 0.502], P([1, 3]) [1.0, 0.0, 0.0, 1.0], P([0, 1, 2]) [1.0, 0.0, 0.0, 1.0, 0.0, 0.0, 1.0, 0.0, 0.0, 0.0, 1.0, 0.0, 1.0, 0.0, 0.0, 0.0, 0.0, 1.0, 0.0, 1.0, 0.0, 1.0, 0.0, 0.0, 0.0, 1.0, 0.0, 0.0, 1.0, 0.0, 0.0, 1.0, 0.0, 0.0, 0.0, 1.0, 0.0, 0.0, 1.0, 1.0, 0.0, 0.0, 0.0, 0.0, 1.0, 0.0, 0.0, 1.0]]

[2024-10-14T10:32:26.211465][INFO][seed104] PN(V1,V0) in [0.0, 0.06311618907214595] 
[2024-10-14T10:32:26.226062][INFO][seed53] Saved model to: /mnt/beegfs/rcabanas/dev/credici/papers/zeros/models/s3/simple_nparents1_nzr08_zdr05_ysize3_53.uai
[2024-10-14T10:32:26.231110][INFO][seed53] Saved queries to: /mnt/beegfs/rcabanas/dev/credici/papers/zeros/models/s3/simple_nparents1_nzr08_zdr05_ysize3_53_query.csv
[2024-10-14T10:32:26.231374][INFO][seed53] Closing log file
[2024-10-14T10:32:26.231456][INFO][seed53] Closed log file
[2024-10-14T10:32:26.242593][INFO][seed60] PS(V1,V0) in [0.0, 0.0]
[2024-10-14T10:32:26.243335][INFO][seed60] No feasible solution... resampling
[2024-10-14T10:32:26.250981][INFO][seed104] Saved data to: /mnt/beegfs/rcabanas/dev/credici/papers/zeros/models/s3/simple_nparents1_nzr08_zdr05_ysize3_104.csv
[2024-10-14T10:32:26.266210][INFO][seed104] Saved model to: /mnt/beegfs/rcabanas/dev/credici/papers/zeros/models/s3/simple_nparents1_nzr08_zdr05_ysize3_104.uai
[2024-10-14T10:32:26.281345][INFO][seed104] Saved queries to: /mnt/beegfs/rcabanas/dev/credici/papers/zeros/models/s3/simple_nparents1_nzr08_zdr05_ysize3_104_query.csv
[2024-10-14T10:32:26.281423][INFO][seed104] Closing log file
[2024-10-14T10:32:26.281448][INFO][seed104] Closed log file
[2024-10-14T10:32:26.283892][INFO][seed60] Sampled 3000 data instances
[2024-10-14T10:32:26.284189][INFO][seed60] Starting exact inference 
[2024-10-14T10:32:26.330897][INFO][seed78] PS(V1,V0) in [0.0, 0.7831897831897832]
[2024-10-14T10:32:26.328516][INFO][seed7] No feasible solution... resampling
[2024-10-14T10:32:26.342548][INFO][seed78] PN(V1,V0) in [0.0, 1.0] 
[2024-10-14T10:32:26.379258][INFO][seed60] PS(V1,V0) in [0.0, 0.0]
[2024-10-14T10:32:26.380085][INFO][seed60] No feasible solution... resampling
[2024-10-14T10:32:26.386205][INFO][seed78] Saved data to: /mnt/beegfs/rcabanas/dev/credici/papers/zeros/models/s3/simple_nparents1_nzr08_zdr05_ysize3_78.csv
[2024-10-14T10:32:26.392555][INFO][seed7] Sampled 1200 data instances
[2024-10-14T10:32:26.405798][INFO][seed78] Saved model to: /mnt/beegfs/rcabanas/dev/credici/papers/zeros/models/s3/simple_nparents1_nzr08_zdr05_ysize3_78.uai
[2024-10-14T10:32:26.405809][INFO][seed7] Starting exact inference 
[2024-10-14T10:32:26.382757][INFO][seed36] Set up logging
[2024-10-14T10:32:26.407829][INFO][seed36] args: -np;1;-nzr;0.8;-zdr;0.5;-o;/mnt/beegfs/rcabanas/dev/credici/papers/zeros/models/s3;-rw;-s;36;-ys;3
[2024-10-14T10:32:26.410545][INFO][seed36] Starting logger with seed 36
[2024-10-14T10:32:26.410616][INFO][seed78] Saved queries to: /mnt/beegfs/rcabanas/dev/credici/papers/zeros/models/s3/simple_nparents1_nzr08_zdr05_ysize3_78_query.csv
[2024-10-14T10:32:26.410825][INFO][seed78] Closing log file
[2024-10-14T10:32:26.410910][INFO][seed78] Closed log file
[2024-10-14T10:32:26.416529][INFO][seed60] Sampled 3100 data instances
[2024-10-14T10:32:26.423233][INFO][seed60] Starting exact inference 
[2024-10-14T10:32:26.424509][INFO][seed138] Sampled 1000 data instances
[2024-10-14T10:32:26.424772][INFO][seed138] Starting exact inference 
[2024-10-14T10:32:26.427897][INFO][seed190] Sampled 1000 data instances
[2024-10-14T10:32:26.428217][INFO][seed190] Starting exact inference 
[2024-10-14T10:32:26.436157][INFO][seed36] simple_nparents1_nzr08_zdr05_ysize3_36
[2024-10-14T10:32:26.503919][INFO][seed60] PS(V1,V0) in [0.0, 0.0]
[2024-10-14T10:32:26.504574][INFO][seed60] No feasible solution... resampling
['genn.py', '1', '0.8', '0.5', '194', '3']
[2024-10-14T10:32:26.539663][INFO][seed60] Sampled 3200 data instances
[2024-10-14T10:32:26.543147][INFO][seed7] No feasible solution... resampling
[2024-10-14T10:32:26.558677][INFO][seed60] Starting exact inference 
1 0.8 0.5 194
/mnt/beegfs/rcabanas/dev/credici/papers/zeros/code/GenerateNparents.java
[2024-10-14T10:32:26.562509][INFO][seed29] Set up logging
[2024-10-14T10:32:26.576001][INFO][seed29] args: -np;1;-nzr;0.8;-zdr;0.5;-o;/mnt/beegfs/rcabanas/dev/credici/papers/zeros/models/s3;-rw;-s;29;-ys;3
[2024-10-14T10:32:26.561468][INFO][seed185] Set up logging
[2024-10-14T10:32:26.584126][INFO][seed185] args: -np;1;-nzr;0.8;-zdr;0.5;-o;/mnt/beegfs/rcabanas/dev/credici/papers/zeros/models/s3;-rw;-s;185;-ys;3
[2024-10-14T10:32:26.587237][INFO][seed29] Starting logger with seed 29
[2024-10-14T10:32:26.593295][INFO][seed185] Starting logger with seed 185
[2024-10-14T10:32:26.595580][INFO][seed29] simple_nparents1_nzr08_zdr05_ysize3_29
[2024-10-14T10:32:26.604484][INFO][seed185] simple_nparents1_nzr08_zdr05_ysize3_185
[2024-10-14T10:32:26.589359][INFO][seed58] Set up logging
[2024-10-14T10:32:26.609231][INFO][seed58] args: -np;1;-nzr;0.8;-zdr;0.5;-o;/mnt/beegfs/rcabanas/dev/credici/papers/zeros/models/s3;-rw;-s;58;-ys;3
[2024-10-14T10:32:26.611098][INFO][seed58] Starting logger with seed 58
[2024-10-14T10:32:26.605712][INFO][seed7] Sampled 1300 data instances
[2024-10-14T10:32:26.616481][INFO][seed7] Starting exact inference 
[2024-10-14T10:32:26.617245][INFO][seed60] PS(V1,V0) in [0.0, 0.0]
[2024-10-14T10:32:26.618062][INFO][seed60] No feasible solution... resampling
[2024-10-14T10:32:26.624400][INFO][seed58] simple_nparents1_nzr08_zdr05_ysize3_58
[2024-10-14T10:32:26.627168][INFO][seed36] U cardinality: 9
[2024-10-14T10:32:26.634724][INFO][seed36] !0 = [1, 2, 3, 4, 6, 7, 8]
[2024-10-14T10:32:26.635308][INFO][seed36] 0 = [0, 5]
[2024-10-14T10:32:26.643453][INFO][seed36] Dropping state 5
[2024-10-14T10:32:26.644830][INFO][seed36] Dropping state 0
[2024-10-14T10:32:26.647568][INFO][seed36] U cardinality: 7
[2024-10-14T10:32:26.657211][INFO][seed60] Sampled 3300 data instances
[2024-10-14T10:32:26.658511][INFO][seed60] Starting exact inference 
[2024-10-14T10:32:26.662187][INFO][seed36] 
[P([3]) [0.414, 0.586], P([2]) [0.002, 0.952, 0.001, 0.002, 0.002, 0.002, 0.039], P([1, 3]) [1.0, 0.0, 0.0, 1.0], P([0, 1, 2]) [1.0, 0.0, 0.0, 0.0, 1.0, 0.0, 1.0, 0.0, 0.0, 0.0, 0.0, 1.0, 0.0, 1.0, 0.0, 1.0, 0.0, 0.0, 0.0, 1.0, 0.0, 0.0, 1.0, 0.0, 0.0, 0.0, 1.0, 1.0, 0.0, 0.0, 0.0, 0.0, 1.0, 0.0, 1.0, 0.0, 0.0, 0.0, 1.0, 0.0, 0.0, 1.0]]

[2024-10-14T10:32:26.705656][INFO][seed93] PS(V1,V0) in [0.0, 0.0]
[2024-10-14T10:32:26.714862][INFO][seed93] No feasible solution... resampling
[2024-10-14T10:32:26.717103][INFO][seed153] PS(V1,V0) in [0.26616760241214393, 0.9785818257433977]
[2024-10-14T10:32:26.727201][INFO][seed153] PN(V1,V0) in [0.27199320016999573, 1.0] 
[2024-10-14T10:32:26.753251][INFO][seed60] PS(V1,V0) in [0.0, 0.0]
[2024-10-14T10:32:26.754016][INFO][seed60] No feasible solution... resampling
[2024-10-14T10:32:26.778450][INFO][seed153] Saved data to: /mnt/beegfs/rcabanas/dev/credici/papers/zeros/models/s3/simple_nparents1_nzr08_zdr05_ysize3_153.csv
[2024-10-14T10:32:26.787172][INFO][seed93] Sampled 1100 data instances
[2024-10-14T10:32:26.787419][INFO][seed93] Starting exact inference 
[2024-10-14T10:32:26.789013][INFO][seed153] Saved model to: /mnt/beegfs/rcabanas/dev/credici/papers/zeros/models/s3/simple_nparents1_nzr08_zdr05_ysize3_153.uai
[2024-10-14T10:32:26.793290][INFO][seed153] Saved queries to: /mnt/beegfs/rcabanas/dev/credici/papers/zeros/models/s3/simple_nparents1_nzr08_zdr05_ysize3_153_query.csv
[2024-10-14T10:32:26.793472][INFO][seed153] Closing log file
[2024-10-14T10:32:26.793555][INFO][seed153] Closed log file
[2024-10-14T10:32:26.798560][INFO][seed7] PS(V1,V0) in [0.0, 1.0]
[2024-10-14T10:32:26.804705][INFO][seed60] Sampled 3400 data instances
[2024-10-14T10:32:26.804976][INFO][seed60] Starting exact inference 
[2024-10-14T10:32:26.809336][INFO][seed7] PN(V1,V0) in [0.0, 0.0068072422612933765] 
[2024-10-14T10:32:26.842336][INFO][seed185] U cardinality: 9
[2024-10-14T10:32:26.845911][INFO][seed7] Saved data to: /mnt/beegfs/rcabanas/dev/credici/papers/zeros/models/s3/simple_nparents1_nzr08_zdr05_ysize3_7.csv
[2024-10-14T10:32:26.847195][INFO][seed58] U cardinality: 9
[2024-10-14T10:32:26.847816][INFO][seed185] !0 = [0, 1, 2, 3, 5, 6, 8]
[2024-10-14T10:32:26.848334][INFO][seed185] 0 = [4, 7]
[2024-10-14T10:32:26.852227][INFO][seed58] !0 = [1, 2, 3, 4, 5, 6, 8]
[2024-10-14T10:32:26.852590][INFO][seed58] 0 = [0, 7]
[2024-10-14T10:32:26.854343][INFO][seed58] U cardinality: 9
[2024-10-14T10:32:26.864248][INFO][seed36] Sampled 1000 data instances
[2024-10-14T10:32:26.864547][INFO][seed36] Starting exact inference 
[2024-10-14T10:32:26.864494][INFO][seed185] Dropping state 7
[2024-10-14T10:32:26.866233][INFO][seed185] Dropping state 4
[2024-10-14T10:32:26.866172][INFO][seed7] Saved model to: /mnt/beegfs/rcabanas/dev/credici/papers/zeros/models/s3/simple_nparents1_nzr08_zdr05_ysize3_7.uai
[2024-10-14T10:32:26.868590][INFO][seed58] 
[P([3]) [0.77, 0.23], P([2]) [0.0, 0.1, 0.003, 0.002, 0.001, 0.657, 0.001, 0.0, 0.236], P([1, 3]) [1.0, 0.0, 0.0, 1.0], P([0, 1, 2]) [1.0, 0.0, 0.0, 1.0, 0.0, 0.0, 1.0, 0.0, 0.0, 0.0, 1.0, 0.0, 1.0, 0.0, 0.0, 0.0, 0.0, 1.0, 0.0, 1.0, 0.0, 1.0, 0.0, 0.0, 0.0, 1.0, 0.0, 0.0, 1.0, 0.0, 0.0, 1.0, 0.0, 0.0, 0.0, 1.0, 0.0, 0.0, 1.0, 1.0, 0.0, 0.0, 0.0, 0.0, 1.0, 0.0, 1.0, 0.0, 0.0, 0.0, 1.0, 0.0, 0.0, 1.0]]

[2024-10-14T10:32:26.869723][INFO][seed29] U cardinality: 9
[2024-10-14T10:32:26.870087][INFO][seed7] Saved queries to: /mnt/beegfs/rcabanas/dev/credici/papers/zeros/models/s3/simple_nparents1_nzr08_zdr05_ysize3_7_query.csv
[2024-10-14T10:32:26.870142][INFO][seed7] Closing log file
[2024-10-14T10:32:26.870170][INFO][seed7] Closed log file
[2024-10-14T10:32:26.871582][INFO][seed185] U cardinality: 7
[2024-10-14T10:32:26.875981][INFO][seed29] !0 = [1, 2, 3, 4, 5, 6, 7]
[2024-10-14T10:32:26.876472][INFO][seed29] 0 = [0, 8]
[2024-10-14T10:32:26.883969][INFO][seed185] 
[P([3]) [0.182, 0.818], P([2]) [0.848, 0.002, 0.001, 0.001, 0.002, 0.143, 0.003], P([1, 3]) [1.0, 0.0, 0.0, 1.0], P([0, 1, 2]) [1.0, 0.0, 0.0, 1.0, 0.0, 0.0, 1.0, 0.0, 0.0, 0.0, 1.0, 0.0, 1.0, 0.0, 0.0, 0.0, 0.0, 1.0, 0.0, 1.0, 0.0, 1.0, 0.0, 0.0, 0.0, 1.0, 0.0, 0.0, 0.0, 1.0, 0.0, 0.0, 1.0, 1.0, 0.0, 0.0, 0.0, 0.0, 1.0, 0.0, 0.0, 1.0]]

[2024-10-14T10:32:26.879897][INFO][seed60] PS(V1,V0) in [0.0, 0.0]
[2024-10-14T10:32:26.880515][INFO][seed60] No feasible solution... resampling
[2024-10-14T10:32:26.884923][INFO][seed29] Dropping state 0
[2024-10-14T10:32:26.887730][INFO][seed29] U cardinality: 8
[2024-10-14T10:32:26.908342][INFO][seed29] 
[P([3]) [0.902, 0.098], P([2]) [0.001, 0.002, 0.695, 0.254, 0.003, 0.001, 0.044, 0.0], P([1, 3]) [1.0, 0.0, 0.0, 1.0], P([0, 1, 2]) [1.0, 0.0, 0.0, 0.0, 1.0, 0.0, 1.0, 0.0, 0.0, 0.0, 0.0, 1.0, 0.0, 1.0, 0.0, 1.0, 0.0, 0.0, 0.0, 1.0, 0.0, 0.0, 1.0, 0.0, 0.0, 1.0, 0.0, 0.0, 0.0, 1.0, 0.0, 0.0, 1.0, 1.0, 0.0, 0.0, 0.0, 0.0, 1.0, 0.0, 1.0, 0.0, 0.0, 0.0, 1.0, 0.0, 0.0, 1.0]]

[2024-10-14T10:32:26.920974][INFO][seed60] Sampled 3500 data instances
[2024-10-14T10:32:26.921183][INFO][seed60] Starting exact inference 
[2024-10-14T10:32:26.911515][INFO][seed107] Set up logging
[2024-10-14T10:32:26.924266][INFO][seed107] args: -np;1;-nzr;0.8;-zdr;0.5;-o;/mnt/beegfs/rcabanas/dev/credici/papers/zeros/models/s3;-rw;-s;107;-ys;3
[2024-10-14T10:32:26.939937][INFO][seed107] Starting logger with seed 107
[2024-10-14T10:32:26.948235][INFO][seed107] simple_nparents1_nzr08_zdr05_ysize3_107
[2024-10-14T10:32:26.948850][INFO][seed93] PS(V1,V0) in [0.0, 0.010074819543172304]
[2024-10-14T10:32:26.954769][INFO][seed93] PN(V1,V0) in [0.0, 1.0] 
[2024-10-14T10:32:26.986145][INFO][seed60] PS(V1,V0) in [0.0, 0.0]
[2024-10-14T10:32:26.986758][INFO][seed60] No feasible solution... resampling
[2024-10-14T10:32:26.997922][INFO][seed93] Saved data to: /mnt/beegfs/rcabanas/dev/credici/papers/zeros/models/s3/simple_nparents1_nzr08_zdr05_ysize3_93.csv
[2024-10-14T10:32:27.011128][INFO][seed93] Saved model to: /mnt/beegfs/rcabanas/dev/credici/papers/zeros/models/s3/simple_nparents1_nzr08_zdr05_ysize3_93.uai
[2024-10-14T10:32:27.014834][INFO][seed93] Saved queries to: /mnt/beegfs/rcabanas/dev/credici/papers/zeros/models/s3/simple_nparents1_nzr08_zdr05_ysize3_93_query.csv
[2024-10-14T10:32:27.014979][INFO][seed93] Closing log file
[2024-10-14T10:32:27.015060][INFO][seed93] Closed log file
[2024-10-14T10:32:27.046068][INFO][seed60] Sampled 3600 data instances
[2024-10-14T10:32:27.046291][INFO][seed60] Starting exact inference 
[2024-10-14T10:32:27.073595][INFO][seed185] Sampled 1000 data instances
[2024-10-14T10:32:27.073920][INFO][seed185] Starting exact inference 
[2024-10-14T10:32:27.082711][INFO][seed58] Sampled 1000 data instances
[2024-10-14T10:32:27.083116][INFO][seed58] Starting exact inference 
[2024-10-14T10:32:27.111468][INFO][seed29] Sampled 1000 data instances
[2024-10-14T10:32:27.111703][INFO][seed29] Starting exact inference 
[2024-10-14T10:32:27.106958][INFO][seed60] PS(V1,V0) in [0.0, 0.0]
[2024-10-14T10:32:27.107540][INFO][seed60] No feasible solution... resampling
[2024-10-14T10:32:27.155728][INFO][seed60] Sampled 3700 data instances
[2024-10-14T10:32:27.156558][INFO][seed60] Starting exact inference 
[2024-10-14T10:32:27.198611][INFO][seed107] U cardinality: 9
[2024-10-14T10:32:27.205656][INFO][seed107] !0 = [0, 1, 3, 4, 5, 6, 8]
[2024-10-14T10:32:27.206174][INFO][seed107] 0 = [2, 7]
[2024-10-14T10:32:27.208077][INFO][seed107] U cardinality: 9
[2024-10-14T10:32:27.214695][INFO][seed107] 
[P([3]) [0.758, 0.242], P([2]) [0.001, 0.002, 0.0, 0.119, 0.001, 0.019, 0.001, 0.0, 0.857], P([1, 3]) [1.0, 0.0, 0.0, 1.0], P([0, 1, 2]) [1.0, 0.0, 0.0, 1.0, 0.0, 0.0, 1.0, 0.0, 0.0, 0.0, 1.0, 0.0, 1.0, 0.0, 0.0, 0.0, 0.0, 1.0, 0.0, 1.0, 0.0, 1.0, 0.0, 0.0, 0.0, 1.0, 0.0, 0.0, 1.0, 0.0, 0.0, 1.0, 0.0, 0.0, 0.0, 1.0, 0.0, 0.0, 1.0, 1.0, 0.0, 0.0, 0.0, 0.0, 1.0, 0.0, 1.0, 0.0, 0.0, 0.0, 1.0, 0.0, 0.0, 1.0]]

[2024-10-14T10:32:27.228506][INFO][seed60] PS(V1,V0) in [0.0, 0.0]
[2024-10-14T10:32:27.229100][INFO][seed60] No feasible solution... resampling
Removed 000
Removed 000
Removed 000
Removed 000
Removed 000
Removed 000
Error in variable: 2
[2024-10-14T10:32:27.254890][INFO][seed138] No feasible solution... resampling
[2024-10-14T10:32:27.281760][INFO][seed60] Sampled 3800 data instances
[2024-10-14T10:32:27.281973][INFO][seed60] Starting exact inference 
[2024-10-14T10:32:27.349510][INFO][seed60] PS(V1,V0) in [0.0, 0.0]
[2024-10-14T10:32:27.350085][INFO][seed60] No feasible solution... resampling
[2024-10-14T10:32:27.355869][INFO][seed138] Sampled 1100 data instances
[2024-10-14T10:32:27.357803][INFO][seed138] Starting exact inference 
Removed 000
Removed 000
Removed 000
Removed 000
Removed 000
Removed 000
Removed 000
Removed 000
Removed 000
Removed 000
Removed 000
Removed 000
Removed 000
Removed 000
Removed 000
Error in variable: 2
[2024-10-14T10:32:27.394114][INFO][seed190] No feasible solution... resampling
[2024-10-14T10:32:27.394576][INFO][seed60] Sampled 3900 data instances
[2024-10-14T10:32:27.406364][INFO][seed60] Starting exact inference 
[2024-10-14T10:32:27.436475][INFO][seed107] Sampled 1000 data instances
[2024-10-14T10:32:27.436772][INFO][seed107] Starting exact inference 
[2024-10-14T10:32:27.457746][INFO][seed72] Set up logging
[2024-10-14T10:32:27.478186][INFO][seed72] args: -np;1;-nzr;0.8;-zdr;0.5;-o;/mnt/beegfs/rcabanas/dev/credici/papers/zeros/models/s3;-rw;-s;72;-ys;3
[2024-10-14T10:32:27.479848][INFO][seed72] Starting logger with seed 72
[2024-10-14T10:32:27.488288][INFO][seed60] PS(V1,V0) in [0.0, 0.0]
[2024-10-14T10:32:27.490236][INFO][seed60] No feasible solution... resampling
[2024-10-14T10:32:27.491793][INFO][seed72] simple_nparents1_nzr08_zdr05_ysize3_72
[2024-10-14T10:32:27.473450][INFO][seed66] Set up logging
[2024-10-14T10:32:27.502076][INFO][seed66] args: -np;1;-nzr;0.8;-zdr;0.5;-o;/mnt/beegfs/rcabanas/dev/credici/papers/zeros/models/s3;-rw;-s;66;-ys;3
[2024-10-14T10:32:27.498440][INFO][seed156] Set up logging
[2024-10-14T10:32:27.508861][INFO][seed156] args: -np;1;-nzr;0.8;-zdr;0.5;-o;/mnt/beegfs/rcabanas/dev/credici/papers/zeros/models/s3;-rw;-s;156;-ys;3
[2024-10-14T10:32:27.503921][INFO][seed66] Starting logger with seed 66
[2024-10-14T10:32:27.508888][INFO][seed190] Sampled 1100 data instances
[2024-10-14T10:32:27.509172][INFO][seed190] Starting exact inference 
[2024-10-14T10:32:27.509313][INFO][seed66] simple_nparents1_nzr08_zdr05_ysize3_66
[2024-10-14T10:32:27.516983][INFO][seed156] Starting logger with seed 156
[2024-10-14T10:32:27.526191][INFO][seed156] simple_nparents1_nzr08_zdr05_ysize3_156
[2024-10-14T10:32:27.534483][INFO][seed60] Sampled 4000 data instances
[2024-10-14T10:32:27.534721][INFO][seed60] Starting exact inference 
[2024-10-14T10:32:27.633404][INFO][seed60] PS(V1,V0) in [0.0, 0.0]
[2024-10-14T10:32:27.634006][INFO][seed60] No feasible solution... resampling
[2024-10-14T10:32:27.677371][INFO][seed138] PS(V1,V0) in [0.2773856689318605, 0.3345315246766195]
[2024-10-14T10:32:27.685635][INFO][seed60] Sampled 4100 data instances
[2024-10-14T10:32:27.689935][INFO][seed60] Starting exact inference 
[2024-10-14T10:32:27.693023][INFO][seed138] PN(V1,V0) in [0.8291764705882352, 1.0] 
[2024-10-14T10:32:27.681383][INFO][seed146] Set up logging
[2024-10-14T10:32:27.706066][INFO][seed146] args: -np;1;-nzr;0.8;-zdr;0.5;-o;/mnt/beegfs/rcabanas/dev/credici/papers/zeros/models/s3;-rw;-s;146;-ys;3
[2024-10-14T10:32:27.707304][INFO][seed146] Starting logger with seed 146
[2024-10-14T10:32:27.710861][INFO][seed72] U cardinality: 9
[2024-10-14T10:32:27.714974][INFO][seed72] !0 = [0, 1, 2, 3, 4, 6, 7]
[2024-10-14T10:32:27.715256][INFO][seed72] 0 = [5, 8]
[2024-10-14T10:32:27.719139][INFO][seed72] Dropping state 5
[2024-10-14T10:32:27.716555][INFO][seed146] simple_nparents1_nzr08_zdr05_ysize3_146
[2024-10-14T10:32:27.721220][INFO][seed72] U cardinality: 8
[2024-10-14T10:32:27.725994][INFO][seed138] Saved data to: /mnt/beegfs/rcabanas/dev/credici/papers/zeros/models/s3/simple_nparents1_nzr08_zdr05_ysize3_138.csv
[2024-10-14T10:32:27.726940][INFO][seed72] 
[P([3]) [0.34, 0.66], P([2]) [0.016, 0.395, 0.002, 0.001, 0.58, 0.002, 0.004, 0.0], P([1, 3]) [1.0, 0.0, 0.0, 1.0], P([0, 1, 2]) [1.0, 0.0, 0.0, 1.0, 0.0, 0.0, 1.0, 0.0, 0.0, 0.0, 1.0, 0.0, 1.0, 0.0, 0.0, 0.0, 0.0, 1.0, 0.0, 1.0, 0.0, 1.0, 0.0, 0.0, 0.0, 1.0, 0.0, 0.0, 1.0, 0.0, 0.0, 0.0, 1.0, 1.0, 0.0, 0.0, 0.0, 0.0, 1.0, 0.0, 1.0, 0.0, 0.0, 0.0, 1.0, 0.0, 0.0, 1.0]]

[2024-10-14T10:32:27.733338][INFO][seed156] U cardinality: 9
[2024-10-14T10:32:27.738597][INFO][seed156] !0 = [0, 1, 2, 3, 4, 6, 7]
[2024-10-14T10:32:27.738892][INFO][seed156] 0 = [5, 8]
[2024-10-14T10:32:27.741796][INFO][seed138] Saved model to: /mnt/beegfs/rcabanas/dev/credici/papers/zeros/models/s3/simple_nparents1_nzr08_zdr05_ysize3_138.uai
[2024-10-14T10:32:27.744816][INFO][seed156] Dropping state 8
[2024-10-14T10:32:27.745542][INFO][seed156] Dropping state 5
[2024-10-14T10:32:27.746271][INFO][seed66] U cardinality: 9
[2024-10-14T10:32:27.747777][INFO][seed156] U cardinality: 7
[2024-10-14T10:32:27.749757][INFO][seed138] Saved queries to: /mnt/beegfs/rcabanas/dev/credici/papers/zeros/models/s3/simple_nparents1_nzr08_zdr05_ysize3_138_query.csv
[2024-10-14T10:32:27.749830][INFO][seed138] Closing log file
[2024-10-14T10:32:27.749863][INFO][seed138] Closed log file
[2024-10-14T10:32:27.751930][INFO][seed66] !0 = [0, 1, 4, 5, 6, 7, 8]
[2024-10-14T10:32:27.752292][INFO][seed66] 0 = [2, 3]
[2024-10-14T10:32:27.754801][INFO][seed66] U cardinality: 9
[2024-10-14T10:32:27.757712][INFO][seed156] 
[P([3]) [0.689, 0.311], P([2]) [0.12, 0.001, 0.002, 0.001, 0.001, 0.202, 0.673], P([1, 3]) [1.0, 0.0, 0.0, 1.0], P([0, 1, 2]) [1.0, 0.0, 0.0, 1.0, 0.0, 0.0, 1.0, 0.0, 0.0, 0.0, 1.0, 0.0, 1.0, 0.0, 0.0, 0.0, 0.0, 1.0, 0.0, 1.0, 0.0, 1.0, 0.0, 0.0, 0.0, 1.0, 0.0, 0.0, 1.0, 0.0, 0.0, 0.0, 1.0, 1.0, 0.0, 0.0, 0.0, 0.0, 1.0, 0.0, 1.0, 0.0]]

[2024-10-14T10:32:27.761036][INFO][seed66] 
[P([3]) [0.707, 0.293], P([2]) [0.002, 0.001, 0.0, 0.0, 0.014, 0.001, 0.001, 0.184, 0.797], P([1, 3]) [1.0, 0.0, 0.0, 1.0], P([0, 1, 2]) [1.0, 0.0, 0.0, 1.0, 0.0, 0.0, 1.0, 0.0, 0.0, 0.0, 1.0, 0.0, 1.0, 0.0, 0.0, 0.0, 0.0, 1.0, 0.0, 1.0, 0.0, 1.0, 0.0, 0.0, 0.0, 1.0, 0.0, 0.0, 1.0, 0.0, 0.0, 1.0, 0.0, 0.0, 0.0, 1.0, 0.0, 0.0, 1.0, 1.0, 0.0, 0.0, 0.0, 0.0, 1.0, 0.0, 1.0, 0.0, 0.0, 0.0, 1.0, 0.0, 0.0, 1.0]]

[2024-10-14T10:32:27.784211][INFO][seed60] PS(V1,V0) in [0.0, 0.0]
[2024-10-14T10:32:27.785037][INFO][seed60] No feasible solution... resampling
[2024-10-14T10:32:27.811816][INFO][seed190] PS(V1,V0) in [0.0, 1.0]
[2024-10-14T10:32:27.815639][INFO][seed152] Set up logging
[2024-10-14T10:32:27.826808][INFO][seed190] PN(V1,V0) in [0.0, 0.9847464342313788] 
[2024-10-14T10:32:27.832865][INFO][seed60] Sampled 4200 data instances
[2024-10-14T10:32:27.833515][INFO][seed152] args: -np;1;-nzr;0.8;-zdr;0.5;-o;/mnt/beegfs/rcabanas/dev/credici/papers/zeros/models/s3;-rw;-s;152;-ys;3
[2024-10-14T10:32:27.835674][INFO][seed60] Starting exact inference 
[2024-10-14T10:32:27.837129][INFO][seed152] Starting logger with seed 152
['genn.py', '1', '0.8', '0.5', '22', '3']
['genn.py', '1', '0.8', '0.5', '114', '3']
['genn.py', '1', '0.8', '0.5', '199', '3']
['genn.py', '1', '0.8', '0.5', '79', '3']
['genn.py', '1', '0.8', '0.5', '177', '3']
['genn.py', '1', '0.8', '0.5', '48', '3']
[2024-10-14T10:32:27.850677][INFO][seed152] simple_nparents1_nzr08_zdr05_ysize3_152
[2024-10-14T10:32:27.861147][INFO][seed146] U cardinality: 9
[2024-10-14T10:32:27.865877][INFO][seed146] !0 = [2, 3, 4, 5, 6, 7, 8]
[2024-10-14T10:32:27.866001][INFO][seed190] Saved data to: /mnt/beegfs/rcabanas/dev/credici/papers/zeros/models/s3/simple_nparents1_nzr08_zdr05_ysize3_190.csv
[2024-10-14T10:32:27.866164][INFO][seed146] 0 = [0, 1]
[2024-10-14T10:32:27.870765][INFO][seed146] Dropping state 1
[2024-10-14T10:32:27.875080][INFO][seed146] U cardinality: 8
1 0.8 0.5 22
/mnt/beegfs/rcabanas/dev/credici/papers/zeros/code/GenerateNparents.java
1 0.8 0.5 114
/mnt/beegfs/rcabanas/dev/credici/papers/zeros/code/GenerateNparents.java
[2024-10-14T10:32:27.878629][INFO][seed146] 
[P([3]) [0.954, 0.046], P([2]) [0.0, 0.312, 0.243, 0.081, 0.001, 0.01, 0.349, 0.004], P([1, 3]) [1.0, 0.0, 0.0, 1.0], P([0, 1, 2]) [1.0, 0.0, 0.0, 1.0, 0.0, 0.0, 1.0, 0.0, 0.0, 0.0, 0.0, 1.0, 0.0, 1.0, 0.0, 1.0, 0.0, 0.0, 0.0, 1.0, 0.0, 0.0, 1.0, 0.0, 0.0, 1.0, 0.0, 0.0, 0.0, 1.0, 0.0, 0.0, 1.0, 1.0, 0.0, 0.0, 0.0, 0.0, 1.0, 0.0, 1.0, 0.0, 0.0, 0.0, 1.0, 0.0, 0.0, 1.0]]

1 0.8 0.5 177
/mnt/beegfs/rcabanas/dev/credici/papers/zeros/code/GenerateNparents.java
1 0.8 0.5 199
1 0.8 0.5 79
/mnt/beegfs/rcabanas/dev/credici/papers/zeros/code/GenerateNparents.java
1 0.8 0.5 48
/mnt/beegfs/rcabanas/dev/credici/papers/zeros/code/GenerateNparents.java
/mnt/beegfs/rcabanas/dev/credici/papers/zeros/code/GenerateNparents.java
[2024-10-14T10:32:27.887680][INFO][seed190] Saved model to: /mnt/beegfs/rcabanas/dev/credici/papers/zeros/models/s3/simple_nparents1_nzr08_zdr05_ysize3_190.uai
[2024-10-14T10:32:27.902495][INFO][seed190] Saved queries to: /mnt/beegfs/rcabanas/dev/credici/papers/zeros/models/s3/simple_nparents1_nzr08_zdr05_ysize3_190_query.csv
[2024-10-14T10:32:27.902590][INFO][seed190] Closing log file
[2024-10-14T10:32:27.902617][INFO][seed190] Closed log file
[2024-10-14T10:32:27.918531][INFO][seed72] Sampled 1000 data instances
[2024-10-14T10:32:27.918610][INFO][seed72] Starting exact inference 
[2024-10-14T10:32:27.924951][INFO][seed60] PS(V1,V0) in [0.0, 0.0]
[2024-10-14T10:32:27.925639][INFO][seed60] No feasible solution... resampling
[2024-10-14T10:32:27.956579][INFO][seed66] Sampled 1000 data instances
[2024-10-14T10:32:27.956822][INFO][seed66] Starting exact inference 
[2024-10-14T10:32:27.957218][INFO][seed156] Sampled 1000 data instances
[2024-10-14T10:32:27.957454][INFO][seed156] Starting exact inference 
[2024-10-14T10:32:27.970345][INFO][seed60] Sampled 4300 data instances
[2024-10-14T10:32:27.970603][INFO][seed60] Starting exact inference 
[2024-10-14T10:32:27.978999][INFO][seed36] PS(V1,V0) in [0.0, 0.003420562885333167]
[2024-10-14T10:32:27.988818][INFO][seed36] PN(V1,V0) in [0.0, 1.0] 
[2024-10-14T10:32:28.024509][INFO][seed60] PS(V1,V0) in [0.0, 0.0]
[2024-10-14T10:32:28.025231][INFO][seed60] No feasible solution... resampling
[2024-10-14T10:32:28.042982][INFO][seed36] Saved data to: /mnt/beegfs/rcabanas/dev/credici/papers/zeros/models/s3/simple_nparents1_nzr08_zdr05_ysize3_36.csv
[2024-10-14T10:32:28.044349][INFO][seed152] U cardinality: 9
[2024-10-14T10:32:28.051064][INFO][seed152] !0 = [1, 3, 4, 5, 6, 7, 8]
[2024-10-14T10:32:28.051382][INFO][seed152] 0 = [0, 2]
[2024-10-14T10:32:28.055996][INFO][seed36] Saved model to: /mnt/beegfs/rcabanas/dev/credici/papers/zeros/models/s3/simple_nparents1_nzr08_zdr05_ysize3_36.uai
[2024-10-14T10:32:28.056172][INFO][seed152] Dropping state 2
[2024-10-14T10:32:28.060651][INFO][seed36] Saved queries to: /mnt/beegfs/rcabanas/dev/credici/papers/zeros/models/s3/simple_nparents1_nzr08_zdr05_ysize3_36_query.csv
[2024-10-14T10:32:28.060839][INFO][seed152] U cardinality: 8
[2024-10-14T10:32:28.060931][INFO][seed36] Closing log file
[2024-10-14T10:32:28.061020][INFO][seed36] Closed log file
[2024-10-14T10:32:28.070809][INFO][seed152] 
[P([3]) [0.131, 0.869], P([2]) [0.0, 0.021, 0.031, 0.005, 0.859, 0.074, 0.001, 0.009], P([1, 3]) [1.0, 0.0, 0.0, 1.0], P([0, 1, 2]) [1.0, 0.0, 0.0, 1.0, 0.0, 0.0, 1.0, 0.0, 0.0, 0.0, 1.0, 0.0, 0.0, 1.0, 0.0, 1.0, 0.0, 0.0, 0.0, 1.0, 0.0, 0.0, 1.0, 0.0, 0.0, 1.0, 0.0, 0.0, 0.0, 1.0, 0.0, 0.0, 1.0, 1.0, 0.0, 0.0, 0.0, 0.0, 1.0, 0.0, 1.0, 0.0, 0.0, 0.0, 1.0, 0.0, 0.0, 1.0]]

[2024-10-14T10:32:28.073755][INFO][seed146] Sampled 1000 data instances
[2024-10-14T10:32:28.073978][INFO][seed146] Starting exact inference 
[2024-10-14T10:32:28.110893][INFO][seed60] Sampled 4400 data instances
[2024-10-14T10:32:28.111157][INFO][seed60] Starting exact inference 
[2024-10-14T10:32:28.188979][INFO][seed60] PS(V1,V0) in [0.0, 0.0]
[2024-10-14T10:32:28.190119][INFO][seed60] No feasible solution... resampling
['genn.py', '1', '0.8', '0.5', '37', '3']
[2024-10-14T10:32:28.260119][INFO][seed152] Sampled 1000 data instances
[2024-10-14T10:32:28.260375][INFO][seed152] Starting exact inference 
[2024-10-14T10:32:28.260751][INFO][seed60] Sampled 4500 data instances
[2024-10-14T10:32:28.265780][INFO][seed60] Starting exact inference 
1 0.8 0.5 37
/mnt/beegfs/rcabanas/dev/credici/papers/zeros/code/GenerateNparents.java
[2024-10-14T10:32:28.341098][INFO][seed60] PS(V1,V0) in [0.0, 0.0]
[2024-10-14T10:32:28.341637][INFO][seed60] No feasible solution... resampling
[2024-10-14T10:32:28.351011][INFO][seed58] PS(V1,V0) in [0.0, 1.0]
[2024-10-14T10:32:28.367212][INFO][seed58] PN(V1,V0) in [0.0, 0.9893980848153214] 
['genn.py', '1', '0.8', '0.5', '151', '3']
[2024-10-14T10:32:28.386111][INFO][seed60] Sampled 4600 data instances
[2024-10-14T10:32:28.386310][INFO][seed60] Starting exact inference 
[2024-10-14T10:32:28.416785][INFO][seed58] Saved data to: /mnt/beegfs/rcabanas/dev/credici/papers/zeros/models/s3/simple_nparents1_nzr08_zdr05_ysize3_58.csv
[2024-10-14T10:32:28.419396][INFO][seed29] PS(V1,V0) in [1.0, 1.0]
1 0.8 0.5 151
[2024-10-14T10:32:28.428822][INFO][seed29] PN(V1,V0) in [0.013472870120304443, 0.013472870120304445] 
/mnt/beegfs/rcabanas/dev/credici/papers/zeros/code/GenerateNparents.java
[2024-10-14T10:32:28.436868][INFO][seed60] PS(V1,V0) in [0.0, 0.0]
[2024-10-14T10:32:28.437429][INFO][seed60] No feasible solution... resampling
[2024-10-14T10:32:28.443950][INFO][seed58] Saved model to: /mnt/beegfs/rcabanas/dev/credici/papers/zeros/models/s3/simple_nparents1_nzr08_zdr05_ysize3_58.uai
[2024-10-14T10:32:28.445272][INFO][seed185] PS(V1,V0) in [0.0030082232989360256, 0.0030082232989360265]
[2024-10-14T10:32:28.448387][INFO][seed58] Saved queries to: /mnt/beegfs/rcabanas/dev/credici/papers/zeros/models/s3/simple_nparents1_nzr08_zdr05_ysize3_58_query.csv
[2024-10-14T10:32:28.448705][INFO][seed58] Closing log file
[2024-10-14T10:32:28.448805][INFO][seed58] Closed log file
[2024-10-14T10:32:28.464287][INFO][seed185] PN(V1,V0) in [1.0, 1.0] 
[2024-10-14T10:32:28.475383][INFO][seed60] Sampled 4700 data instances
[2024-10-14T10:32:28.475641][INFO][seed60] Starting exact inference 
[2024-10-14T10:32:28.479975][INFO][seed29] Saved data to: /mnt/beegfs/rcabanas/dev/credici/papers/zeros/models/s3/simple_nparents1_nzr08_zdr05_ysize3_29.csv
[2024-10-14T10:32:28.493615][INFO][seed29] Saved model to: /mnt/beegfs/rcabanas/dev/credici/papers/zeros/models/s3/simple_nparents1_nzr08_zdr05_ysize3_29.uai
[2024-10-14T10:32:28.499061][INFO][seed185] Saved data to: /mnt/beegfs/rcabanas/dev/credici/papers/zeros/models/s3/simple_nparents1_nzr08_zdr05_ysize3_185.csv
[2024-10-14T10:32:28.508244][INFO][seed29] Saved queries to: /mnt/beegfs/rcabanas/dev/credici/papers/zeros/models/s3/simple_nparents1_nzr08_zdr05_ysize3_29_query.csv
[2024-10-14T10:32:28.508359][INFO][seed29] Closing log file
[2024-10-14T10:32:28.508388][INFO][seed29] Closed log file
[2024-10-14T10:32:28.514399][INFO][seed185] Saved model to: /mnt/beegfs/rcabanas/dev/credici/papers/zeros/models/s3/simple_nparents1_nzr08_zdr05_ysize3_185.uai
[2024-10-14T10:32:28.518309][INFO][seed185] Saved queries to: /mnt/beegfs/rcabanas/dev/credici/papers/zeros/models/s3/simple_nparents1_nzr08_zdr05_ysize3_185_query.csv
[2024-10-14T10:32:28.518523][INFO][seed185] Closing log file
[2024-10-14T10:32:28.518610][INFO][seed185] Closed log file
[2024-10-14T10:32:28.524827][INFO][seed60] PS(V1,V0) in [0.0, 0.0]
[2024-10-14T10:32:28.525412][INFO][seed60] No feasible solution... resampling
['genn.py', '1', '0.8', '0.5', '122', '3']
[2024-10-14T10:32:28.566601][INFO][seed60] Sampled 4800 data instances
[2024-10-14T10:32:28.566960][INFO][seed60] Starting exact inference 
1 0.8 0.5 122
/mnt/beegfs/rcabanas/dev/credici/papers/zeros/code/GenerateNparents.java
[2024-10-14T10:32:28.569459][INFO][seed194] Set up logging
[2024-10-14T10:32:28.588980][INFO][seed194] args: -np;1;-nzr;0.8;-zdr;0.5;-o;/mnt/beegfs/rcabanas/dev/credici/papers/zeros/models/s3;-rw;-s;194;-ys;3
[2024-10-14T10:32:28.591837][INFO][seed194] Starting logger with seed 194
[2024-10-14T10:32:28.607639][INFO][seed194] simple_nparents1_nzr08_zdr05_ysize3_194
[2024-10-14T10:32:28.641435][INFO][seed60] PS(V1,V0) in [0.0, 0.0]
[2024-10-14T10:32:28.642029][INFO][seed60] No feasible solution... resampling
[2024-10-14T10:32:28.698706][INFO][seed60] Sampled 4900 data instances
[2024-10-14T10:32:28.698960][INFO][seed60] Starting exact inference 
[2024-10-14T10:32:28.776661][INFO][seed194] U cardinality: 9
[2024-10-14T10:32:28.774618][INFO][seed60] PS(V1,V0) in [0.0, 0.0]
[2024-10-14T10:32:28.775285][INFO][seed60] No feasible solution... resampling
[2024-10-14T10:32:28.780724][INFO][seed194] !0 = [0, 1, 2, 3, 6, 7, 8]
[2024-10-14T10:32:28.781360][INFO][seed194] 0 = [4, 5]
[2024-10-14T10:32:28.785299][INFO][seed194] Dropping state 5
[2024-10-14T10:32:28.786111][INFO][seed194] Dropping state 4
[2024-10-14T10:32:28.790428][INFO][seed194] U cardinality: 7
[2024-10-14T10:32:28.794256][INFO][seed194] 
[P([3]) [0.91, 0.09], P([2]) [0.001, 0.002, 0.355, 0.52, 0.001, 0.001, 0.12], P([1, 3]) [1.0, 0.0, 0.0, 1.0], P([0, 1, 2]) [1.0, 0.0, 0.0, 1.0, 0.0, 0.0, 1.0, 0.0, 0.0, 0.0, 1.0, 0.0, 1.0, 0.0, 0.0, 0.0, 0.0, 1.0, 0.0, 1.0, 0.0, 1.0, 0.0, 0.0, 0.0, 0.0, 1.0, 1.0, 0.0, 0.0, 0.0, 0.0, 1.0, 0.0, 1.0, 0.0, 0.0, 0.0, 1.0, 0.0, 0.0, 1.0]]

[2024-10-14T10:32:28.797240][INFO][seed72] PS(V1,V0) in [0.9537899869794991, 1.0]
[2024-10-14T10:32:28.815552][INFO][seed60] Sampled 5000 data instances
[2024-10-14T10:32:28.815822][INFO][seed60] Starting exact inference 
[2024-10-14T10:32:28.820317][INFO][seed72] PN(V1,V0) in [0.38047662694775436, 0.39891027599551887] 
[2024-10-14T10:32:28.824269][INFO][seed156] PS(V1,V0) in [0.0, 0.97392397109645]
[2024-10-14T10:32:28.838463][INFO][seed156] PN(V1,V0) in [0.0, 0.18850427935118044] 
[2024-10-14T10:32:28.838729][INFO][seed72] Saved data to: /mnt/beegfs/rcabanas/dev/credici/papers/zeros/models/s3/simple_nparents1_nzr08_zdr05_ysize3_72.csv
[2024-10-14T10:32:28.856006][INFO][seed72] Saved model to: /mnt/beegfs/rcabanas/dev/credici/papers/zeros/models/s3/simple_nparents1_nzr08_zdr05_ysize3_72.uai
[2024-10-14T10:32:28.859182][INFO][seed72] Saved queries to: /mnt/beegfs/rcabanas/dev/credici/papers/zeros/models/s3/simple_nparents1_nzr08_zdr05_ysize3_72_query.csv
[2024-10-14T10:32:28.859283][INFO][seed72] Closing log file
[2024-10-14T10:32:28.859358][INFO][seed72] Closed log file
[2024-10-14T10:32:28.856943][INFO][seed60] PS(V1,V0) in [0.0, 0.0]
[2024-10-14T10:32:28.857557][INFO][seed60] No feasible solution... resampling
[2024-10-14T10:32:28.876406][INFO][seed156] Saved data to: /mnt/beegfs/rcabanas/dev/credici/papers/zeros/models/s3/simple_nparents1_nzr08_zdr05_ysize3_156.csv
[2024-10-14T10:32:28.896505][INFO][seed156] Saved model to: /mnt/beegfs/rcabanas/dev/credici/papers/zeros/models/s3/simple_nparents1_nzr08_zdr05_ysize3_156.uai
[2024-10-14T10:32:28.899921][INFO][seed156] Saved queries to: /mnt/beegfs/rcabanas/dev/credici/papers/zeros/models/s3/simple_nparents1_nzr08_zdr05_ysize3_156_query.csv
[2024-10-14T10:32:28.899959][INFO][seed156] Closing log file
[2024-10-14T10:32:28.899985][INFO][seed156] Closed log file
[2024-10-14T10:32:28.901962][INFO][seed60] Sampled 5100 data instances
[2024-10-14T10:32:28.902243][INFO][seed60] Starting exact inference 
[2024-10-14T10:32:28.907111][INFO][seed66] PS(V1,V0) in [0.0, 1.0]
['genn.py', '1', '0.8', '0.5', '162', '3']
[2024-10-14T10:32:28.925857][INFO][seed66] PN(V1,V0) in [0.0, 0.014347346242600584] 
[2024-10-14T10:32:28.934670][INFO][seed146] PS(V1,V0) in [0.0, 0.0]
[2024-10-14T10:32:28.953127][INFO][seed146] PN(V1,V0) in [0.0, 0.0] 
1 0.8 0.5 162
[2024-10-14T10:32:28.962845][INFO][seed66] Saved data to: /mnt/beegfs/rcabanas/dev/credici/papers/zeros/models/s3/simple_nparents1_nzr08_zdr05_ysize3_66.csv
/mnt/beegfs/rcabanas/dev/credici/papers/zeros/code/GenerateNparents.java
[2024-10-14T10:32:28.971806][INFO][seed60] PS(V1,V0) in [0.0, 0.0]
[2024-10-14T10:32:28.972417][INFO][seed60] No feasible solution... resampling
[2024-10-14T10:32:28.976687][INFO][seed146] Saved data to: /mnt/beegfs/rcabanas/dev/credici/papers/zeros/models/s3/simple_nparents1_nzr08_zdr05_ysize3_146.csv
[2024-10-14T10:32:28.980155][INFO][seed66] Saved model to: /mnt/beegfs/rcabanas/dev/credici/papers/zeros/models/s3/simple_nparents1_nzr08_zdr05_ysize3_66.uai
[2024-10-14T10:32:28.980307][INFO][seed194] Sampled 1000 data instances
['genn.py', '1', '0.8', '0.5', '130', '3']
[2024-10-14T10:32:28.980591][INFO][seed194] Starting exact inference 
[2024-10-14T10:32:28.983232][INFO][seed66] Saved queries to: /mnt/beegfs/rcabanas/dev/credici/papers/zeros/models/s3/simple_nparents1_nzr08_zdr05_ysize3_66_query.csv
[2024-10-14T10:32:28.983328][INFO][seed66] Closing log file
[2024-10-14T10:32:28.983411][INFO][seed66] Closed log file
['genn.py', '1', '0.8', '0.5', '173', '3']
[2024-10-14T10:32:28.991274][INFO][seed146] Saved model to: /mnt/beegfs/rcabanas/dev/credici/papers/zeros/models/s3/simple_nparents1_nzr08_zdr05_ysize3_146.uai
[2024-10-14T10:32:28.997690][INFO][seed146] Saved queries to: /mnt/beegfs/rcabanas/dev/credici/papers/zeros/models/s3/simple_nparents1_nzr08_zdr05_ysize3_146_query.csv
[2024-10-14T10:32:28.997821][INFO][seed146] Closing log file
[2024-10-14T10:32:28.997895][INFO][seed146] Closed log file
[2024-10-14T10:32:29.014383][INFO][seed60] Sampled 5200 data instances
[2024-10-14T10:32:29.014671][INFO][seed60] Starting exact inference 
1 0.8 0.5 130
/mnt/beegfs/rcabanas/dev/credici/papers/zeros/code/GenerateNparents.java
1 0.8 0.5 173
/mnt/beegfs/rcabanas/dev/credici/papers/zeros/code/GenerateNparents.java
[2024-10-14T10:32:29.085841][INFO][seed107] PS(V1,V0) in [0.0, 1.0]
[2024-10-14T10:32:29.088057][INFO][seed60] PS(V1,V0) in [0.0, 0.0]
[2024-10-14T10:32:29.093300][INFO][seed60] No feasible solution... resampling
[2024-10-14T10:32:29.113766][INFO][seed107] PN(V1,V0) in [0.0, 0.9114219114219114] 
[2024-10-14T10:32:29.160079][INFO][seed60] Sampled 5300 data instances
[2024-10-14T10:32:29.160494][INFO][seed60] Starting exact inference 
[2024-10-14T10:32:29.166135][INFO][seed107] Saved data to: /mnt/beegfs/rcabanas/dev/credici/papers/zeros/models/s3/simple_nparents1_nzr08_zdr05_ysize3_107.csv
[2024-10-14T10:32:29.186286][INFO][seed107] Saved model to: /mnt/beegfs/rcabanas/dev/credici/papers/zeros/models/s3/simple_nparents1_nzr08_zdr05_ysize3_107.uai
[2024-10-14T10:32:29.195309][INFO][seed107] Saved queries to: /mnt/beegfs/rcabanas/dev/credici/papers/zeros/models/s3/simple_nparents1_nzr08_zdr05_ysize3_107_query.csv
[2024-10-14T10:32:29.195395][INFO][seed107] Closing log file
[2024-10-14T10:32:29.195423][INFO][seed107] Closed log file
[2024-10-14T10:32:29.204891][INFO][seed152] PS(V1,V0) in [0.0, 0.629717783066984]
[2024-10-14T10:32:29.211693][INFO][seed60] PS(V1,V0) in [0.0, 0.0]
[2024-10-14T10:32:29.212256][INFO][seed60] No feasible solution... resampling
['genn.py', '1', '0.8', '0.5', '51', '3']
[2024-10-14T10:32:29.224564][INFO][seed152] PN(V1,V0) in [0.0, 1.0] 
[2024-10-14T10:32:29.255181][INFO][seed60] Sampled 5400 data instances
[2024-10-14T10:32:29.255442][INFO][seed60] Starting exact inference 
1 0.8 0.5 51
/mnt/beegfs/rcabanas/dev/credici/papers/zeros/code/GenerateNparents.java
[2024-10-14T10:32:29.270356][INFO][seed152] Saved data to: /mnt/beegfs/rcabanas/dev/credici/papers/zeros/models/s3/simple_nparents1_nzr08_zdr05_ysize3_152.csv
[2024-10-14T10:32:29.280272][INFO][seed152] Saved model to: /mnt/beegfs/rcabanas/dev/credici/papers/zeros/models/s3/simple_nparents1_nzr08_zdr05_ysize3_152.uai
[2024-10-14T10:32:29.284188][INFO][seed152] Saved queries to: /mnt/beegfs/rcabanas/dev/credici/papers/zeros/models/s3/simple_nparents1_nzr08_zdr05_ysize3_152_query.csv
[2024-10-14T10:32:29.284297][INFO][seed152] Closing log file
[2024-10-14T10:32:29.284370][INFO][seed152] Closed log file
['genn.py', '1', '0.8', '0.5', '69', '3']
[2024-10-14T10:32:29.296632][INFO][seed60] PS(V1,V0) in [0.0, 0.0]
[2024-10-14T10:32:29.297189][INFO][seed60] No feasible solution... resampling
1 0.8 0.5 69
/mnt/beegfs/rcabanas/dev/credici/papers/zeros/code/GenerateNparents.java
['genn.py', '1', '0.8', '0.5', '91', '3']
[2024-10-14T10:32:29.344058][INFO][seed60] Sampled 5500 data instances
[2024-10-14T10:32:29.344422][INFO][seed60] Starting exact inference 
['genn.py', '1', '0.8', '0.5', '140', '3']
1 0.8 0.5 91
/mnt/beegfs/rcabanas/dev/credici/papers/zeros/code/GenerateNparents.java
1 0.8 0.5 140
/mnt/beegfs/rcabanas/dev/credici/papers/zeros/code/GenerateNparents.java
[2024-10-14T10:32:29.442455][INFO][seed60] PS(V1,V0) in [0.0, 0.0]
[2024-10-14T10:32:29.443023][INFO][seed60] No feasible solution... resampling
[2024-10-14T10:32:29.522560][INFO][seed60] Sampled 5600 data instances
[2024-10-14T10:32:29.522831][INFO][seed60] Starting exact inference 
[2024-10-14T10:32:29.577079][INFO][seed60] PS(V1,V0) in [0.0, 0.0]
[2024-10-14T10:32:29.577653][INFO][seed60] No feasible solution... resampling
Error in variable: 2
[2024-10-14T10:32:29.604234][INFO][seed194] No feasible solution... resampling
['genn.py', '1', '0.8', '0.5', '44', '3']
[2024-10-14T10:32:29.635093][INFO][seed60] Sampled 5700 data instances
[2024-10-14T10:32:29.635348][INFO][seed60] Starting exact inference 
1 0.8 0.5 44
/mnt/beegfs/rcabanas/dev/credici/papers/zeros/code/GenerateNparents.java
[2024-10-14T10:32:29.686993][INFO][seed194] Sampled 1100 data instances
[2024-10-14T10:32:29.688474][INFO][seed194] Starting exact inference 
['genn.py', '1', '0.8', '0.5', '188', '3']
[2024-10-14T10:32:29.720756][INFO][seed60] PS(V1,V0) in [0.0, 0.0]
[2024-10-14T10:32:29.724567][INFO][seed60] No feasible solution... resampling
1 0.8 0.5 188
/mnt/beegfs/rcabanas/dev/credici/papers/zeros/code/GenerateNparents.java
[2024-10-14T10:32:29.781079][INFO][seed60] Sampled 5800 data instances
[2024-10-14T10:32:29.781468][INFO][seed60] Starting exact inference 
Error in variable: 2
[2024-10-14T10:32:29.790310][INFO][seed194] No feasible solution... resampling
[2024-10-14T10:32:29.819343][INFO][seed194] Sampled 1200 data instances
[2024-10-14T10:32:29.831051][INFO][seed194] Starting exact inference 
[2024-10-14T10:32:29.838766][INFO][seed60] PS(V1,V0) in [0.0, 0.0]
[2024-10-14T10:32:29.839367][INFO][seed60] No feasible solution... resampling
[2024-10-14T10:32:29.891607][INFO][seed60] Sampled 5900 data instances
[2024-10-14T10:32:29.892014][INFO][seed60] Starting exact inference 
[2024-10-14T10:32:29.939505][INFO][seed60] PS(V1,V0) in [0.0, 0.0]
[2024-10-14T10:32:29.940202][INFO][seed60] No feasible solution... resampling
[2024-10-14T10:32:30.006277][INFO][seed60] Sampled 6000 data instances
[2024-10-14T10:32:30.006783][INFO][seed60] Starting exact inference 
[2024-10-14T10:32:30.015597][INFO][seed194] PS(V1,V0) in [0.0, 0.0]
[2024-10-14T10:32:30.032252][INFO][seed194] No feasible solution... resampling
[2024-10-14T10:32:30.088441][INFO][seed194] Sampled 1300 data instances
[2024-10-14T10:32:30.088953][INFO][seed194] Starting exact inference 
[2024-10-14T10:32:30.094178][INFO][seed60] PS(V1,V0) in [0.0, 1.0]
[2024-10-14T10:32:30.098077][INFO][seed60] PN(V1,V0) in [0.0, 0.03804152166086643] 
[2024-10-14T10:32:30.210471][INFO][seed60] Saved data to: /mnt/beegfs/rcabanas/dev/credici/papers/zeros/models/s3/simple_nparents1_nzr08_zdr05_ysize3_60.csv
[2024-10-14T10:32:30.233335][INFO][seed60] Saved model to: /mnt/beegfs/rcabanas/dev/credici/papers/zeros/models/s3/simple_nparents1_nzr08_zdr05_ysize3_60.uai
[2024-10-14T10:32:30.242902][INFO][seed60] Saved queries to: /mnt/beegfs/rcabanas/dev/credici/papers/zeros/models/s3/simple_nparents1_nzr08_zdr05_ysize3_60_query.csv
[2024-10-14T10:32:30.243218][INFO][seed60] Closing log file
[2024-10-14T10:32:30.243294][INFO][seed60] Closed log file
[2024-10-14T10:32:30.251264][INFO][seed194] PS(V1,V0) in [0.0, 0.0536363885014086]
[2024-10-14T10:32:30.254782][INFO][seed194] PN(V1,V0) in [0.0, 1.0] 
[2024-10-14T10:32:30.276048][INFO][seed194] Saved data to: /mnt/beegfs/rcabanas/dev/credici/papers/zeros/models/s3/simple_nparents1_nzr08_zdr05_ysize3_194.csv
[2024-10-14T10:32:30.289918][INFO][seed194] Saved model to: /mnt/beegfs/rcabanas/dev/credici/papers/zeros/models/s3/simple_nparents1_nzr08_zdr05_ysize3_194.uai
[2024-10-14T10:32:30.294707][INFO][seed194] Saved queries to: /mnt/beegfs/rcabanas/dev/credici/papers/zeros/models/s3/simple_nparents1_nzr08_zdr05_ysize3_194_query.csv
[2024-10-14T10:32:30.294802][INFO][seed194] Closing log file
[2024-10-14T10:32:30.294876][INFO][seed194] Closed log file
['genn.py', '1', '0.8', '0.5', '154', '3']
1 0.8 0.5 154
/mnt/beegfs/rcabanas/dev/credici/papers/zeros/code/GenerateNparents.java
['genn.py', '1', '0.8', '0.5', '141', '3']
1 0.8 0.5 141
/mnt/beegfs/rcabanas/dev/credici/papers/zeros/code/GenerateNparents.java
[2024-10-14T10:32:30.845066][INFO][seed177] Set up logging
[2024-10-14T10:32:30.879521][INFO][seed177] args: -np;1;-nzr;0.8;-zdr;0.5;-o;/mnt/beegfs/rcabanas/dev/credici/papers/zeros/models/s3;-rw;-s;177;-ys;3
[2024-10-14T10:32:30.882686][INFO][seed177] Starting logger with seed 177
[2024-10-14T10:32:30.854929][INFO][seed22] Set up logging
[2024-10-14T10:32:30.885817][INFO][seed22] args: -np;1;-nzr;0.8;-zdr;0.5;-o;/mnt/beegfs/rcabanas/dev/credici/papers/zeros/models/s3;-rw;-s;22;-ys;3
[2024-10-14T10:32:30.895238][INFO][seed22] Starting logger with seed 22
[2024-10-14T10:32:30.898906][INFO][seed177] simple_nparents1_nzr08_zdr05_ysize3_177
[2024-10-14T10:32:30.910222][INFO][seed22] simple_nparents1_nzr08_zdr05_ysize3_22
[2024-10-14T10:32:30.933563][INFO][seed79] Set up logging
[2024-10-14T10:32:30.954692][INFO][seed79] args: -np;1;-nzr;0.8;-zdr;0.5;-o;/mnt/beegfs/rcabanas/dev/credici/papers/zeros/models/s3;-rw;-s;79;-ys;3
[2024-10-14T10:32:30.957817][INFO][seed79] Starting logger with seed 79
[2024-10-14T10:32:30.984171][INFO][seed79] simple_nparents1_nzr08_zdr05_ysize3_79
[2024-10-14T10:32:30.964962][INFO][seed48] Set up logging
[2024-10-14T10:32:31.000515][INFO][seed48] args: -np;1;-nzr;0.8;-zdr;0.5;-o;/mnt/beegfs/rcabanas/dev/credici/papers/zeros/models/s3;-rw;-s;48;-ys;3
[2024-10-14T10:32:31.003110][INFO][seed48] Starting logger with seed 48
[2024-10-14T10:32:30.998012][INFO][seed199] Set up logging
[2024-10-14T10:32:30.974450][INFO][seed114] Set up logging
[2024-10-14T10:32:31.008724][INFO][seed114] args: -np;1;-nzr;0.8;-zdr;0.5;-o;/mnt/beegfs/rcabanas/dev/credici/papers/zeros/models/s3;-rw;-s;114;-ys;3
[2024-10-14T10:32:31.014408][INFO][seed114] Starting logger with seed 114
[2024-10-14T10:32:31.011947][INFO][seed199] args: -np;1;-nzr;0.8;-zdr;0.5;-o;/mnt/beegfs/rcabanas/dev/credici/papers/zeros/models/s3;-rw;-s;199;-ys;3
[2024-10-14T10:32:31.015168][INFO][seed199] Starting logger with seed 199
[2024-10-14T10:32:31.020416][INFO][seed114] simple_nparents1_nzr08_zdr05_ysize3_114
[2024-10-14T10:32:31.025380][INFO][seed48] simple_nparents1_nzr08_zdr05_ysize3_48
[2024-10-14T10:32:31.115750][INFO][seed199] simple_nparents1_nzr08_zdr05_ysize3_199
[2024-10-14T10:32:31.205367][INFO][seed151] Set up logging
[2024-10-14T10:32:31.220865][INFO][seed151] args: -np;1;-nzr;0.8;-zdr;0.5;-o;/mnt/beegfs/rcabanas/dev/credici/papers/zeros/models/s3;-rw;-s;151;-ys;3
[2024-10-14T10:32:31.194201][INFO][seed51] Set up logging
[2024-10-14T10:32:31.221382][INFO][seed51] args: -np;1;-nzr;0.8;-zdr;0.5;-o;/mnt/beegfs/rcabanas/dev/credici/papers/zeros/models/s3;-rw;-s;51;-ys;3
[2024-10-14T10:32:31.222962][INFO][seed51] Starting logger with seed 51
[2024-10-14T10:32:31.227031][INFO][seed151] Starting logger with seed 151
[2024-10-14T10:32:31.230695][INFO][seed51] simple_nparents1_nzr08_zdr05_ysize3_51
[2024-10-14T10:32:31.236427][INFO][seed151] simple_nparents1_nzr08_zdr05_ysize3_151
[2024-10-14T10:32:31.243303][INFO][seed37] Set up logging
[2024-10-14T10:32:31.268609][INFO][seed37] args: -np;1;-nzr;0.8;-zdr;0.5;-o;/mnt/beegfs/rcabanas/dev/credici/papers/zeros/models/s3;-rw;-s;37;-ys;3
[2024-10-14T10:32:31.265911][INFO][seed69] Set up logging
[2024-10-14T10:32:31.274097][INFO][seed37] Starting logger with seed 37
[2024-10-14T10:32:31.279466][INFO][seed69] args: -np;1;-nzr;0.8;-zdr;0.5;-o;/mnt/beegfs/rcabanas/dev/credici/papers/zeros/models/s3;-rw;-s;69;-ys;3
[2024-10-14T10:32:31.282190][INFO][seed69] Starting logger with seed 69
[2024-10-14T10:32:31.296224][INFO][seed37] simple_nparents1_nzr08_zdr05_ysize3_37
[2024-10-14T10:32:31.303247][INFO][seed91] Set up logging
[2024-10-14T10:32:31.323353][INFO][seed91] args: -np;1;-nzr;0.8;-zdr;0.5;-o;/mnt/beegfs/rcabanas/dev/credici/papers/zeros/models/s3;-rw;-s;91;-ys;3
[2024-10-14T10:32:31.324990][INFO][seed91] Starting logger with seed 91
[2024-10-14T10:32:31.329372][INFO][seed91] simple_nparents1_nzr08_zdr05_ysize3_91
[2024-10-14T10:32:31.343032][INFO][seed69] simple_nparents1_nzr08_zdr05_ysize3_69
[2024-10-14T10:32:31.349200][INFO][seed177] U cardinality: 9
[2024-10-14T10:32:31.357321][INFO][seed177] !0 = [1, 2, 3, 4, 5, 6, 7]
[2024-10-14T10:32:31.357828][INFO][seed177] 0 = [0, 8]
[2024-10-14T10:32:31.358852][INFO][seed22] U cardinality: 9
[2024-10-14T10:32:31.370841][INFO][seed22] !0 = [0, 1, 2, 4, 5, 7, 8]
[2024-10-14T10:32:31.371278][INFO][seed22] 0 = [3, 6]
[2024-10-14T10:32:31.379868][INFO][seed22] Dropping state 6
[2024-10-14T10:32:31.380549][INFO][seed177] Dropping state 8
[2024-10-14T10:32:31.382866][INFO][seed22] U cardinality: 8
[2024-10-14T10:32:31.382916][INFO][seed177] Dropping state 0
[2024-10-14T10:32:31.375754][INFO][seed140] Set up logging
[2024-10-14T10:32:31.389216][INFO][seed140] args: -np;1;-nzr;0.8;-zdr;0.5;-o;/mnt/beegfs/rcabanas/dev/credici/papers/zeros/models/s3;-rw;-s;140;-ys;3
[2024-10-14T10:32:31.389922][INFO][seed177] U cardinality: 7
[2024-10-14T10:32:31.391945][INFO][seed140] Starting logger with seed 140
[2024-10-14T10:32:31.396839][INFO][seed140] simple_nparents1_nzr08_zdr05_ysize3_140
[2024-10-14T10:32:31.400074][INFO][seed22] 
[P([3]) [0.068, 0.932], P([2]) [0.036, 0.001, 0.533, 0.0, 0.038, 0.001, 0.003, 0.388], P([1, 3]) [1.0, 0.0, 0.0, 1.0], P([0, 1, 2]) [1.0, 0.0, 0.0, 1.0, 0.0, 0.0, 1.0, 0.0, 0.0, 0.0, 1.0, 0.0, 1.0, 0.0, 0.0, 0.0, 0.0, 1.0, 0.0, 1.0, 0.0, 1.0, 0.0, 0.0, 0.0, 1.0, 0.0, 0.0, 1.0, 0.0, 0.0, 1.0, 0.0, 0.0, 0.0, 1.0, 0.0, 0.0, 1.0, 0.0, 1.0, 0.0, 0.0, 0.0, 1.0, 0.0, 0.0, 1.0]]

[2024-10-14T10:32:31.413392][INFO][seed177] 
[P([3]) [0.457, 0.543], P([2]) [0.002, 0.026, 0.026, 0.025, 0.003, 0.066, 0.852], P([1, 3]) [1.0, 0.0, 0.0, 1.0], P([0, 1, 2]) [1.0, 0.0, 0.0, 0.0, 1.0, 0.0, 1.0, 0.0, 0.0, 0.0, 0.0, 1.0, 0.0, 1.0, 0.0, 1.0, 0.0, 0.0, 0.0, 1.0, 0.0, 0.0, 1.0, 0.0, 0.0, 1.0, 0.0, 0.0, 0.0, 1.0, 0.0, 0.0, 1.0, 1.0, 0.0, 0.0, 0.0, 0.0, 1.0, 0.0, 1.0, 0.0]]

[2024-10-14T10:32:31.428359][INFO][seed51] U cardinality: 9
[2024-10-14T10:32:31.433045][INFO][seed51] !0 = [0, 2, 4, 5, 6, 7, 8]
[2024-10-14T10:32:31.433336][INFO][seed51] 0 = [1, 3]
[2024-10-14T10:32:31.441737][INFO][seed51] Dropping state 3
[2024-10-14T10:32:31.443757][INFO][seed51] U cardinality: 8
[2024-10-14T10:32:31.447836][INFO][seed79] U cardinality: 9
[2024-10-14T10:32:31.452582][INFO][seed51] 
[P([3]) [0.44, 0.56], P([2]) [0.003, 0.0, 0.048, 0.509, 0.315, 0.001, 0.109, 0.015], P([1, 3]) [1.0, 0.0, 0.0, 1.0], P([0, 1, 2]) [1.0, 0.0, 0.0, 1.0, 0.0, 0.0, 1.0, 0.0, 0.0, 0.0, 1.0, 0.0, 1.0, 0.0, 0.0, 0.0, 0.0, 1.0, 0.0, 1.0, 0.0, 0.0, 1.0, 0.0, 0.0, 1.0, 0.0, 0.0, 0.0, 1.0, 0.0, 0.0, 1.0, 1.0, 0.0, 0.0, 0.0, 0.0, 1.0, 0.0, 1.0, 0.0, 0.0, 0.0, 1.0, 0.0, 0.0, 1.0]]

[2024-10-14T10:32:31.461838][INFO][seed79] !0 = [1, 3, 4, 5, 6, 7, 8]
[2024-10-14T10:32:31.462308][INFO][seed79] 0 = [0, 2]
[2024-10-14T10:32:31.462715][INFO][seed114] U cardinality: 9
[2024-10-14T10:32:31.470020][INFO][seed48] U cardinality: 9
[2024-10-14T10:32:31.471865][INFO][seed114] !0 = [0, 1, 2, 3, 4, 5, 7]
[2024-10-14T10:32:31.472355][INFO][seed114] 0 = [6, 8]
[2024-10-14T10:32:31.473517][INFO][seed79] Dropping state 2
[2024-10-14T10:32:31.476382][INFO][seed79] U cardinality: 8
[2024-10-14T10:32:31.480967][INFO][seed48] !0 = [0, 1, 2, 4, 5, 6, 8]
[2024-10-14T10:32:31.481461][INFO][seed48] 0 = [3, 7]
[2024-10-14T10:32:31.483480][INFO][seed48] U cardinality: 9
[2024-10-14T10:32:31.483998][INFO][seed114] Dropping state 6
[2024-10-14T10:32:31.487369][INFO][seed114] U cardinality: 8
[2024-10-14T10:32:31.494572][INFO][seed79] 
[P([3]) [0.953, 0.047], P([2]) [0.0, 0.126, 0.124, 0.002, 0.012, 0.219, 0.003, 0.514], P([1, 3]) [1.0, 0.0, 0.0, 1.0], P([0, 1, 2]) [1.0, 0.0, 0.0, 1.0, 0.0, 0.0, 1.0, 0.0, 0.0, 0.0, 1.0, 0.0, 0.0, 1.0, 0.0, 1.0, 0.0, 0.0, 0.0, 1.0, 0.0, 0.0, 1.0, 0.0, 0.0, 1.0, 0.0, 0.0, 0.0, 1.0, 0.0, 0.0, 1.0, 1.0, 0.0, 0.0, 0.0, 0.0, 1.0, 0.0, 1.0, 0.0, 0.0, 0.0, 1.0, 0.0, 0.0, 1.0]]

[2024-10-14T10:32:31.507370][INFO][seed69] U cardinality: 9
[2024-10-14T10:32:31.509523][INFO][seed48] 
[P([3]) [0.236, 0.764], P([2]) [0.092, 0.381, 0.015, 0.0, 0.001, 0.027, 0.388, 0.0, 0.096], P([1, 3]) [1.0, 0.0, 0.0, 1.0], P([0, 1, 2]) [1.0, 0.0, 0.0, 1.0, 0.0, 0.0, 1.0, 0.0, 0.0, 0.0, 1.0, 0.0, 1.0, 0.0, 0.0, 0.0, 0.0, 1.0, 0.0, 1.0, 0.0, 1.0, 0.0, 0.0, 0.0, 1.0, 0.0, 0.0, 1.0, 0.0, 0.0, 1.0, 0.0, 0.0, 0.0, 1.0, 0.0, 0.0, 1.0, 1.0, 0.0, 0.0, 0.0, 0.0, 1.0, 0.0, 1.0, 0.0, 0.0, 0.0, 1.0, 0.0, 0.0, 1.0]]

[2024-10-14T10:32:31.510779][INFO][seed114] 
[P([3]) [0.654, 0.346], P([2]) [0.005, 0.075, 0.038, 0.004, 0.001, 0.002, 0.875, 0.0], P([1, 3]) [1.0, 0.0, 0.0, 1.0], P([0, 1, 2]) [1.0, 0.0, 0.0, 1.0, 0.0, 0.0, 1.0, 0.0, 0.0, 0.0, 1.0, 0.0, 1.0, 0.0, 0.0, 0.0, 0.0, 1.0, 0.0, 1.0, 0.0, 1.0, 0.0, 0.0, 0.0, 1.0, 0.0, 0.0, 1.0, 0.0, 0.0, 1.0, 0.0, 0.0, 0.0, 1.0, 0.0, 0.0, 1.0, 0.0, 1.0, 0.0, 0.0, 0.0, 1.0, 0.0, 0.0, 1.0]]

[2024-10-14T10:32:31.511608][INFO][seed69] !0 = [0, 3, 4, 5, 6, 7, 8]
[2024-10-14T10:32:31.511882][INFO][seed69] 0 = [1, 2]
[2024-10-14T10:32:31.517251][INFO][seed199] U cardinality: 9
[2024-10-14T10:32:31.518136][INFO][seed69] Dropping state 2
[2024-10-14T10:32:31.518625][INFO][seed91] U cardinality: 9
[2024-10-14T10:32:31.522926][INFO][seed91] !0 = [0, 1, 2, 3, 6, 7, 8]
[2024-10-14T10:32:31.523208][INFO][seed91] 0 = [4, 5]
[2024-10-14T10:32:31.523286][INFO][seed69] U cardinality: 8
[2024-10-14T10:32:31.526781][INFO][seed69] 
[P([3]) [0.275, 0.725], P([2]) [0.001, 0.0, 0.001, 0.002, 0.034, 0.001, 0.003, 0.958], P([1, 3]) [1.0, 0.0, 0.0, 1.0], P([0, 1, 2]) [1.0, 0.0, 0.0, 1.0, 0.0, 0.0, 1.0, 0.0, 0.0, 0.0, 1.0, 0.0, 0.0, 1.0, 0.0, 1.0, 0.0, 0.0, 0.0, 1.0, 0.0, 0.0, 1.0, 0.0, 0.0, 1.0, 0.0, 0.0, 0.0, 1.0, 0.0, 0.0, 1.0, 1.0, 0.0, 0.0, 0.0, 0.0, 1.0, 0.0, 1.0, 0.0, 0.0, 0.0, 1.0, 0.0, 0.0, 1.0]]

[2024-10-14T10:32:31.527182][INFO][seed91] Dropping state 4
[2024-10-14T10:32:31.529958][INFO][seed199] !0 = [0, 1, 2, 3, 4, 5, 8]
[2024-10-14T10:32:31.531026][INFO][seed199] 0 = [6, 7]
[2024-10-14T10:32:31.529269][INFO][seed91] U cardinality: 8
[2024-10-14T10:32:31.534841][INFO][seed91] 
[P([3]) [0.083, 0.917], P([2]) [0.002, 0.002, 0.002, 0.072, 0.0, 0.001, 0.646, 0.275], P([1, 3]) [1.0, 0.0, 0.0, 1.0], P([0, 1, 2]) [1.0, 0.0, 0.0, 1.0, 0.0, 0.0, 1.0, 0.0, 0.0, 0.0, 1.0, 0.0, 1.0, 0.0, 0.0, 0.0, 0.0, 1.0, 0.0, 1.0, 0.0, 1.0, 0.0, 0.0, 0.0, 1.0, 0.0, 0.0, 0.0, 1.0, 0.0, 0.0, 1.0, 1.0, 0.0, 0.0, 0.0, 0.0, 1.0, 0.0, 1.0, 0.0, 0.0, 0.0, 1.0, 0.0, 0.0, 1.0]]

[2024-10-14T10:32:31.541137][INFO][seed199] Dropping state 6
[2024-10-14T10:32:31.544546][INFO][seed199] U cardinality: 8
[2024-10-14T10:32:31.571562][INFO][seed199] 
[P([3]) [0.113, 0.887], P([2]) [0.001, 0.744, 0.002, 0.001, 0.001, 0.003, 0.0, 0.248], P([1, 3]) [1.0, 0.0, 0.0, 1.0], P([0, 1, 2]) [1.0, 0.0, 0.0, 1.0, 0.0, 0.0, 1.0, 0.0, 0.0, 0.0, 1.0, 0.0, 1.0, 0.0, 0.0, 0.0, 0.0, 1.0, 0.0, 1.0, 0.0, 1.0, 0.0, 0.0, 0.0, 1.0, 0.0, 0.0, 1.0, 0.0, 0.0, 1.0, 0.0, 0.0, 0.0, 1.0, 0.0, 0.0, 1.0, 0.0, 1.0, 0.0, 0.0, 0.0, 1.0, 0.0, 0.0, 1.0]]

[2024-10-14T10:32:31.586874][INFO][seed140] U cardinality: 9
[2024-10-14T10:32:31.592980][INFO][seed140] !0 = [0, 2, 3, 4, 5, 6, 8]
[2024-10-14T10:32:31.593274][INFO][seed140] 0 = [1, 7]
[2024-10-14T10:32:31.594846][INFO][seed140] U cardinality: 9
[2024-10-14T10:32:31.605143][INFO][seed140] 
[P([3]) [0.258, 0.742], P([2]) [0.048, 0.0, 0.038, 0.01, 0.23, 0.001, 0.008, 0.0, 0.665], P([1, 3]) [1.0, 0.0, 0.0, 1.0], P([0, 1, 2]) [1.0, 0.0, 0.0, 1.0, 0.0, 0.0, 1.0, 0.0, 0.0, 0.0, 1.0, 0.0, 1.0, 0.0, 0.0, 0.0, 0.0, 1.0, 0.0, 1.0, 0.0, 1.0, 0.0, 0.0, 0.0, 1.0, 0.0, 0.0, 1.0, 0.0, 0.0, 1.0, 0.0, 0.0, 0.0, 1.0, 0.0, 0.0, 1.0, 1.0, 0.0, 0.0, 0.0, 0.0, 1.0, 0.0, 1.0, 0.0, 0.0, 0.0, 1.0, 0.0, 0.0, 1.0]]

[2024-10-14T10:32:31.614002][INFO][seed22] Sampled 1000 data instances
[2024-10-14T10:32:31.614311][INFO][seed22] Starting exact inference 
[2024-10-14T10:32:31.627810][INFO][seed177] Sampled 1000 data instances
[2024-10-14T10:32:31.627926][INFO][seed177] Starting exact inference 
[2024-10-14T10:32:31.678421][INFO][seed51] Sampled 1000 data instances
[2024-10-14T10:32:31.678499][INFO][seed51] Starting exact inference 
[2024-10-14T10:32:31.711301][INFO][seed151] U cardinality: 9
[2024-10-14T10:32:31.713927][INFO][seed91] Sampled 1000 data instances
[2024-10-14T10:32:31.714173][INFO][seed91] Starting exact inference 
[2024-10-14T10:32:31.719430][INFO][seed79] Sampled 1000 data instances
[2024-10-14T10:32:31.719703][INFO][seed79] Starting exact inference 
[2024-10-14T10:32:31.722663][INFO][seed151] !0 = [1, 3, 4, 5, 6, 7, 8]
[2024-10-14T10:32:31.723164][INFO][seed151] 0 = [0, 2]
[2024-10-14T10:32:31.728768][INFO][seed69] Sampled 1000 data instances
[2024-10-14T10:32:31.728848][INFO][seed69] Starting exact inference 
[2024-10-14T10:32:31.734866][INFO][seed151] Dropping state 0
[2024-10-14T10:32:31.738102][INFO][seed48] Sampled 1000 data instances
[2024-10-14T10:32:31.716189][INFO][seed122] Set up logging
[2024-10-14T10:32:31.741093][INFO][seed122] args: -np;1;-nzr;0.8;-zdr;0.5;-o;/mnt/beegfs/rcabanas/dev/credici/papers/zeros/models/s3;-rw;-s;122;-ys;3
[2024-10-14T10:32:31.745243][INFO][seed122] Starting logger with seed 122
[2024-10-14T10:32:31.738781][INFO][seed151] U cardinality: 8
[2024-10-14T10:32:31.738373][INFO][seed48] Starting exact inference 
[2024-10-14T10:32:31.747756][INFO][seed114] Sampled 1000 data instances
[2024-10-14T10:32:31.748049][INFO][seed114] Starting exact inference 
[2024-10-14T10:32:31.751158][INFO][seed37] U cardinality: 9
[2024-10-14T10:32:31.758878][INFO][seed151] 
[P([3]) [0.846, 0.154], P([2]) [0.002, 0.0, 0.004, 0.002, 0.052, 0.47, 0.006, 0.464], P([1, 3]) [1.0, 0.0, 0.0, 1.0], P([0, 1, 2]) [1.0, 0.0, 0.0, 0.0, 1.0, 0.0, 1.0, 0.0, 0.0, 0.0, 0.0, 1.0, 0.0, 1.0, 0.0, 1.0, 0.0, 0.0, 0.0, 1.0, 0.0, 0.0, 1.0, 0.0, 0.0, 1.0, 0.0, 0.0, 0.0, 1.0, 0.0, 0.0, 1.0, 1.0, 0.0, 0.0, 0.0, 0.0, 1.0, 0.0, 1.0, 0.0, 0.0, 0.0, 1.0, 0.0, 0.0, 1.0]]

[2024-10-14T10:32:31.758989][INFO][seed37] !0 = [0, 1, 2, 3, 4, 6, 7]
[2024-10-14T10:32:31.759463][INFO][seed37] 0 = [5, 8]
[2024-10-14T10:32:31.761523][INFO][seed37] U cardinality: 9
[2024-10-14T10:32:31.770993][INFO][seed37] 
[P([3]) [0.619, 0.381], P([2]) [0.044, 0.001, 0.104, 0.002, 0.013, 0.0, 0.001, 0.835, 0.0], P([1, 3]) [1.0, 0.0, 0.0, 1.0], P([0, 1, 2]) [1.0, 0.0, 0.0, 1.0, 0.0, 0.0, 1.0, 0.0, 0.0, 0.0, 1.0, 0.0, 1.0, 0.0, 0.0, 0.0, 0.0, 1.0, 0.0, 1.0, 0.0, 1.0, 0.0, 0.0, 0.0, 1.0, 0.0, 0.0, 1.0, 0.0, 0.0, 1.0, 0.0, 0.0, 0.0, 1.0, 0.0, 0.0, 1.0, 1.0, 0.0, 0.0, 0.0, 0.0, 1.0, 0.0, 1.0, 0.0, 0.0, 0.0, 1.0, 0.0, 0.0, 1.0]]

[2024-10-14T10:32:31.773597][INFO][seed122] simple_nparents1_nzr08_zdr05_ysize3_122
[2024-10-14T10:32:31.788928][INFO][seed140] Sampled 1000 data instances
[2024-10-14T10:32:31.789180][INFO][seed140] Starting exact inference 
[2024-10-14T10:32:31.828672][INFO][seed199] Sampled 1000 data instances
[2024-10-14T10:32:31.828984][INFO][seed199] Starting exact inference 
[2024-10-14T10:32:31.817640][INFO][seed162] Set up logging
[2024-10-14T10:32:31.850023][INFO][seed162] args: -np;1;-nzr;0.8;-zdr;0.5;-o;/mnt/beegfs/rcabanas/dev/credici/papers/zeros/models/s3;-rw;-s;162;-ys;3
[2024-10-14T10:32:31.852629][INFO][seed162] Starting logger with seed 162
[2024-10-14T10:32:31.848368][INFO][seed188] Set up logging
[2024-10-14T10:32:31.873768][INFO][seed188] args: -np;1;-nzr;0.8;-zdr;0.5;-o;/mnt/beegfs/rcabanas/dev/credici/papers/zeros/models/s3;-rw;-s;188;-ys;3
[2024-10-14T10:32:31.876252][INFO][seed188] Starting logger with seed 188
[2024-10-14T10:32:31.876635][INFO][seed162] simple_nparents1_nzr08_zdr05_ysize3_162
[2024-10-14T10:32:31.881444][INFO][seed188] simple_nparents1_nzr08_zdr05_ysize3_188
[2024-10-14T10:32:31.912170][INFO][seed130] Set up logging
[2024-10-14T10:32:31.947598][INFO][seed130] args: -np;1;-nzr;0.8;-zdr;0.5;-o;/mnt/beegfs/rcabanas/dev/credici/papers/zeros/models/s3;-rw;-s;130;-ys;3
[2024-10-14T10:32:31.967261][INFO][seed130] Starting logger with seed 130
[2024-10-14T10:32:31.981002][INFO][seed130] simple_nparents1_nzr08_zdr05_ysize3_130
[2024-10-14T10:32:31.961335][INFO][seed173] Set up logging
[2024-10-14T10:32:31.987571][INFO][seed173] args: -np;1;-nzr;0.8;-zdr;0.5;-o;/mnt/beegfs/rcabanas/dev/credici/papers/zeros/models/s3;-rw;-s;173;-ys;3
[2024-10-14T10:32:31.993340][INFO][seed173] Starting logger with seed 173
[2024-10-14T10:32:31.994001][INFO][seed151] Sampled 1000 data instances
[2024-10-14T10:32:31.994274][INFO][seed151] Starting exact inference 
[2024-10-14T10:32:32.006623][INFO][seed173] simple_nparents1_nzr08_zdr05_ysize3_173
[2024-10-14T10:32:32.007160][INFO][seed37] Sampled 1000 data instances
[2024-10-14T10:32:32.007421][INFO][seed37] Starting exact inference 
[2024-10-14T10:32:32.084072][INFO][seed188] U cardinality: 9
[2024-10-14T10:32:32.090174][INFO][seed188] !0 = [0, 1, 2, 3, 5, 6, 8]
[2024-10-14T10:32:32.090489][INFO][seed188] 0 = [4, 7]
[2024-10-14T10:32:32.092387][INFO][seed188] U cardinality: 9
[2024-10-14T10:32:32.100460][INFO][seed188] 
[P([3]) [0.427, 0.573], P([2]) [0.004, 0.487, 0.008, 0.013, 0.0, 0.003, 0.034, 0.0, 0.451], P([1, 3]) [1.0, 0.0, 0.0, 1.0], P([0, 1, 2]) [1.0, 0.0, 0.0, 1.0, 0.0, 0.0, 1.0, 0.0, 0.0, 0.0, 1.0, 0.0, 1.0, 0.0, 0.0, 0.0, 0.0, 1.0, 0.0, 1.0, 0.0, 1.0, 0.0, 0.0, 0.0, 1.0, 0.0, 0.0, 1.0, 0.0, 0.0, 1.0, 0.0, 0.0, 0.0, 1.0, 0.0, 0.0, 1.0, 1.0, 0.0, 0.0, 0.0, 0.0, 1.0, 0.0, 1.0, 0.0, 0.0, 0.0, 1.0, 0.0, 0.0, 1.0]]

[2024-10-14T10:32:32.298143][INFO][seed188] Sampled 1000 data instances
[2024-10-14T10:32:32.298390][INFO][seed188] Starting exact inference 
[2024-10-14T10:32:32.311056][INFO][seed122] U cardinality: 9
[2024-10-14T10:32:32.335034][INFO][seed122] !0 = [1, 2, 3, 4, 5, 6, 7]
[2024-10-14T10:32:32.335543][INFO][seed122] 0 = [0, 8]
[2024-10-14T10:32:32.353882][INFO][seed122] Dropping state 0
[2024-10-14T10:32:32.357129][INFO][seed122] U cardinality: 8
[2024-10-14T10:32:32.379298][INFO][seed122] 
[P([3]) [0.017, 0.983], P([2]) [0.003, 0.011, 0.003, 0.059, 0.044, 0.001, 0.879, 0.0], P([1, 3]) [1.0, 0.0, 0.0, 1.0], P([0, 1, 2]) [1.0, 0.0, 0.0, 0.0, 1.0, 0.0, 1.0, 0.0, 0.0, 0.0, 0.0, 1.0, 0.0, 1.0, 0.0, 1.0, 0.0, 0.0, 0.0, 1.0, 0.0, 0.0, 1.0, 0.0, 0.0, 1.0, 0.0, 0.0, 0.0, 1.0, 0.0, 0.0, 1.0, 1.0, 0.0, 0.0, 0.0, 0.0, 1.0, 0.0, 1.0, 0.0, 0.0, 0.0, 1.0, 0.0, 0.0, 1.0]]

[2024-10-14T10:32:32.458954][INFO][seed162] U cardinality: 9
[2024-10-14T10:32:32.467235][INFO][seed162] !0 = [0, 3, 4, 5, 6, 7, 8]
[2024-10-14T10:32:32.467608][INFO][seed162] 0 = [1, 2]
[2024-10-14T10:32:32.483546][INFO][seed162] Dropping state 1
[2024-10-14T10:32:32.486057][INFO][seed162] U cardinality: 8
[2024-10-14T10:32:32.491778][INFO][seed173] U cardinality: 9
[2024-10-14T10:32:32.493187][INFO][seed130] U cardinality: 9
[2024-10-14T10:32:32.498525][INFO][seed173] !0 = [0, 1, 3, 4, 5, 6, 7]
[2024-10-14T10:32:32.499085][INFO][seed173] 0 = [2, 8]
[2024-10-14T10:32:32.500212][INFO][seed130] !0 = [0, 2, 3, 4, 6, 7, 8]
[2024-10-14T10:32:32.500640][INFO][seed130] 0 = [1, 5]
[2024-10-14T10:32:32.506573][INFO][seed173] Dropping state 2
[2024-10-14T10:32:32.509545][INFO][seed173] U cardinality: 8
Removed 000
Removed 000
Removed 000
Removed 000
Removed 000
Removed 000
Removed 000
Removed 000
[2024-10-14T10:32:32.510202][INFO][seed130] Dropping state 5
[2024-10-14T10:32:32.513069][INFO][seed130] U cardinality: 8
[2024-10-14T10:32:32.517672][INFO][seed162] 
Error in variable: 2
[2024-10-14T10:32:32.523351][INFO][seed173] 
[P([3]) [0.019, 0.981], P([2]) [0.171, 0.0, 0.021, 0.003, 0.246, 0.042, 0.01, 0.507], P([1, 3]) [1.0, 0.0, 0.0, 1.0], P([0, 1, 2]) [1.0, 0.0, 0.0, 1.0, 0.0, 0.0, 1.0, 0.0, 0.0, 0.0, 0.0, 1.0, 0.0, 1.0, 0.0, 1.0, 0.0, 0.0, 0.0, 1.0, 0.0, 0.0, 1.0, 0.0, 0.0, 1.0, 0.0, 0.0, 0.0, 1.0, 0.0, 0.0, 1.0, 1.0, 0.0, 0.0, 0.0, 0.0, 1.0, 0.0, 1.0, 0.0, 0.0, 0.0, 1.0, 0.0, 0.0, 1.0]]

[2024-10-14T10:32:32.514283][INFO][seed51] No feasible solution... resampling
[P([3]) [0.17, 0.83], P([2]) [0.001, 0.49, 0.013, 0.001, 0.061, 0.01, 0.424, 0.0], P([1, 3]) [1.0, 0.0, 0.0, 1.0], P([0, 1, 2]) [1.0, 0.0, 0.0, 1.0, 0.0, 0.0, 1.0, 0.0, 0.0, 0.0, 1.0, 0.0, 0.0, 1.0, 0.0, 1.0, 0.0, 0.0, 0.0, 1.0, 0.0, 0.0, 1.0, 0.0, 0.0, 1.0, 0.0, 0.0, 0.0, 1.0, 0.0, 0.0, 1.0, 1.0, 0.0, 0.0, 0.0, 0.0, 1.0, 0.0, 1.0, 0.0, 0.0, 0.0, 1.0, 0.0, 0.0, 1.0]]

[2024-10-14T10:32:32.524863][INFO][seed130] 
[P([3]) [0.875, 0.125], P([2]) [0.26, 0.0, 0.335, 0.001, 0.136, 0.002, 0.002, 0.264], P([1, 3]) [1.0, 0.0, 0.0, 1.0], P([0, 1, 2]) [1.0, 0.0, 0.0, 1.0, 0.0, 0.0, 1.0, 0.0, 0.0, 0.0, 1.0, 0.0, 1.0, 0.0, 0.0, 0.0, 0.0, 1.0, 0.0, 1.0, 0.0, 1.0, 0.0, 0.0, 0.0, 1.0, 0.0, 0.0, 1.0, 0.0, 0.0, 0.0, 1.0, 1.0, 0.0, 0.0, 0.0, 0.0, 1.0, 0.0, 1.0, 0.0, 0.0, 0.0, 1.0, 0.0, 0.0, 1.0]]

[2024-10-14T10:32:32.588542][INFO][seed122] Sampled 1000 data instances
[2024-10-14T10:32:32.588844][INFO][seed122] Starting exact inference 
[2024-10-14T10:32:32.616619][INFO][seed51] Sampled 1100 data instances
[2024-10-14T10:32:32.616884][INFO][seed51] Starting exact inference 
[2024-10-14T10:32:32.631965][INFO][seed91] No feasible solution... resampling
[2024-10-14T10:32:32.664587][INFO][seed69] PS(V1,V0) in [0.5811209439528023, 1.0]
[2024-10-14T10:32:32.661550][INFO][seed154] Set up logging
[2024-10-14T10:32:32.677564][INFO][seed154] args: -np;1;-nzr;0.8;-zdr;0.5;-o;/mnt/beegfs/rcabanas/dev/credici/papers/zeros/models/s3;-rw;-s;154;-ys;3
[2024-10-14T10:32:32.680822][INFO][seed69] PN(V1,V0) in [0.4624413145539906, 0.795774647887324] 
[2024-10-14T10:32:32.653018][INFO][seed44] Set up logging
[2024-10-14T10:32:32.686062][INFO][seed44] args: -np;1;-nzr;0.8;-zdr;0.5;-o;/mnt/beegfs/rcabanas/dev/credici/papers/zeros/models/s3;-rw;-s;44;-ys;3
[2024-10-14T10:32:32.689194][INFO][seed44] Starting logger with seed 44
[2024-10-14T10:32:32.690779][INFO][seed154] Starting logger with seed 154
[2024-10-14T10:32:32.700463][INFO][seed91] Sampled 1100 data instances
[2024-10-14T10:32:32.700743][INFO][seed154] simple_nparents1_nzr08_zdr05_ysize3_154
[2024-10-14T10:32:32.700711][INFO][seed91] Starting exact inference 
[2024-10-14T10:32:32.703166][INFO][seed44] simple_nparents1_nzr08_zdr05_ysize3_44
[2024-10-14T10:32:32.722898][INFO][seed162] Sampled 1000 data instances
[2024-10-14T10:32:32.723001][INFO][seed162] Starting exact inference 
[2024-10-14T10:32:32.729192][INFO][seed69] Saved data to: /mnt/beegfs/rcabanas/dev/credici/papers/zeros/models/s3/simple_nparents1_nzr08_zdr05_ysize3_69.csv
[2024-10-14T10:32:32.741037][INFO][seed69] Saved model to: /mnt/beegfs/rcabanas/dev/credici/papers/zeros/models/s3/simple_nparents1_nzr08_zdr05_ysize3_69.uai
[2024-10-14T10:32:32.741716][INFO][seed173] Sampled 1000 data instances
[2024-10-14T10:32:32.741833][INFO][seed173] Starting exact inference 
[2024-10-14T10:32:32.744704][INFO][seed69] Saved queries to: /mnt/beegfs/rcabanas/dev/credici/papers/zeros/models/s3/simple_nparents1_nzr08_zdr05_ysize3_69_query.csv
[2024-10-14T10:32:32.744821][INFO][seed69] Closing log file
[2024-10-14T10:32:32.744903][INFO][seed69] Closed log file
[2024-10-14T10:32:32.748191][INFO][seed130] Sampled 1000 data instances
[2024-10-14T10:32:32.748305][INFO][seed130] Starting exact inference 
[2024-10-14T10:32:32.844300][INFO][seed140] PS(V1,V0) in [0.0, 1.0]
[2024-10-14T10:32:32.863258][INFO][seed51] PS(V1,V0) in [0.0, 1.0]
[2024-10-14T10:32:32.869278][INFO][seed140] PN(V1,V0) in [0.0, 0.4587581937363438] 
[2024-10-14T10:32:32.885044][INFO][seed51] PN(V1,V0) in [0.0, 0.08942620111823986] 
[2024-10-14T10:32:32.902607][INFO][seed140] Saved data to: /mnt/beegfs/rcabanas/dev/credici/papers/zeros/models/s3/simple_nparents1_nzr08_zdr05_ysize3_140.csv
[2024-10-14T10:32:32.904991][INFO][seed91] PS(V1,V0) in [0.0, 1.0]
[2024-10-14T10:32:32.909872][INFO][seed154] U cardinality: 9
[2024-10-14T10:32:32.913489][INFO][seed91] PN(V1,V0) in [0.0, 0.014663072776280324] 
[2024-10-14T10:32:32.914748][INFO][seed51] Saved data to: /mnt/beegfs/rcabanas/dev/credici/papers/zeros/models/s3/simple_nparents1_nzr08_zdr05_ysize3_51.csv
[2024-10-14T10:32:32.915401][INFO][seed154] !0 = [0, 1, 2, 3, 4, 6, 7]
[2024-10-14T10:32:32.915728][INFO][seed154] 0 = [5, 8]
[2024-10-14T10:32:32.922779][INFO][seed154] Dropping state 8
[2024-10-14T10:32:32.924356][INFO][seed140] Saved model to: /mnt/beegfs/rcabanas/dev/credici/papers/zeros/models/s3/simple_nparents1_nzr08_zdr05_ysize3_140.uai
[2024-10-14T10:32:32.924982][INFO][seed154] U cardinality: 8
[2024-10-14T10:32:32.926979][INFO][seed51] Saved model to: /mnt/beegfs/rcabanas/dev/credici/papers/zeros/models/s3/simple_nparents1_nzr08_zdr05_ysize3_51.uai
[2024-10-14T10:32:32.928363][INFO][seed140] Saved queries to: /mnt/beegfs/rcabanas/dev/credici/papers/zeros/models/s3/simple_nparents1_nzr08_zdr05_ysize3_140_query.csv
[2024-10-14T10:32:32.928465][INFO][seed140] Closing log file
[2024-10-14T10:32:32.928558][INFO][seed140] Closed log file
[2024-10-14T10:32:32.930468][INFO][seed51] Saved queries to: /mnt/beegfs/rcabanas/dev/credici/papers/zeros/models/s3/simple_nparents1_nzr08_zdr05_ysize3_51_query.csv
[2024-10-14T10:32:32.930556][INFO][seed51] Closing log file
[2024-10-14T10:32:32.930631][INFO][seed51] Closed log file
[2024-10-14T10:32:32.937443][INFO][seed154] 
[P([3]) [0.539, 0.461], P([2]) [0.757, 0.109, 0.018, 0.003, 0.001, 0.0, 0.085, 0.027], P([1, 3]) [1.0, 0.0, 0.0, 1.0], P([0, 1, 2]) [1.0, 0.0, 0.0, 1.0, 0.0, 0.0, 1.0, 0.0, 0.0, 0.0, 1.0, 0.0, 1.0, 0.0, 0.0, 0.0, 0.0, 1.0, 0.0, 1.0, 0.0, 1.0, 0.0, 0.0, 0.0, 1.0, 0.0, 0.0, 1.0, 0.0, 0.0, 1.0, 0.0, 0.0, 0.0, 1.0, 0.0, 0.0, 1.0, 1.0, 0.0, 0.0, 0.0, 0.0, 1.0, 0.0, 1.0, 0.0]]

[2024-10-14T10:32:32.941077][INFO][seed91] Saved data to: /mnt/beegfs/rcabanas/dev/credici/papers/zeros/models/s3/simple_nparents1_nzr08_zdr05_ysize3_91.csv
[2024-10-14T10:32:32.957146][INFO][seed91] Saved model to: /mnt/beegfs/rcabanas/dev/credici/papers/zeros/models/s3/simple_nparents1_nzr08_zdr05_ysize3_91.uai
[2024-10-14T10:32:32.960945][INFO][seed91] Saved queries to: /mnt/beegfs/rcabanas/dev/credici/papers/zeros/models/s3/simple_nparents1_nzr08_zdr05_ysize3_91_query.csv
[2024-10-14T10:32:32.961063][INFO][seed91] Closing log file
[2024-10-14T10:32:32.961138][INFO][seed91] Closed log file
[2024-10-14T10:32:33.089039][INFO][seed44] U cardinality: 9
[2024-10-14T10:32:33.098709][INFO][seed44] !0 = [0, 1, 2, 3, 4, 5, 7]
[2024-10-14T10:32:33.099188][INFO][seed44] 0 = [6, 8]
[2024-10-14T10:32:33.106617][INFO][seed44] Dropping state 8
[2024-10-14T10:32:33.109675][INFO][seed44] U cardinality: 8
['genn.py', '1', '0.8', '0.5', '182', '3']
[2024-10-14T10:32:33.118902][INFO][seed154] Sampled 1000 data instances
[2024-10-14T10:32:33.119157][INFO][seed154] Starting exact inference 
[2024-10-14T10:32:33.135005][INFO][seed44] 
[P([3]) [0.947, 0.053], P([2]) [0.001, 0.002, 0.001, 0.001, 0.98, 0.003, 0.0, 0.012], P([1, 3]) [1.0, 0.0, 0.0, 1.0], P([0, 1, 2]) [1.0, 0.0, 0.0, 1.0, 0.0, 0.0, 1.0, 0.0, 0.0, 0.0, 1.0, 0.0, 1.0, 0.0, 0.0, 0.0, 0.0, 1.0, 0.0, 1.0, 0.0, 1.0, 0.0, 0.0, 0.0, 1.0, 0.0, 0.0, 1.0, 0.0, 0.0, 1.0, 0.0, 0.0, 0.0, 1.0, 0.0, 0.0, 1.0, 1.0, 0.0, 0.0, 0.0, 0.0, 1.0, 0.0, 1.0, 0.0]]

1 0.8 0.5 182
/mnt/beegfs/rcabanas/dev/credici/papers/zeros/code/GenerateNparents.java
['genn.py', '1', '0.8', '0.5', '31', '3']
['genn.py', '1', '0.8', '0.5', '112', '3']
['genn.py', '1', '0.8', '0.5', '75', '3']
1 0.8 0.5 31
/mnt/beegfs/rcabanas/dev/credici/papers/zeros/code/GenerateNparents.java
1 0.8 0.5 112
/mnt/beegfs/rcabanas/dev/credici/papers/zeros/code/GenerateNparents.java
[2024-10-14T10:32:33.349158][INFO][seed44] Sampled 1000 data instances
[2024-10-14T10:32:33.349263][INFO][seed44] Starting exact inference 
1 0.8 0.5 75
/mnt/beegfs/rcabanas/dev/credici/papers/zeros/code/GenerateNparents.java
Removed 000
Removed 000
Removed 000
Removed 000
Removed 000
Removed 000
Removed 000
Removed 000
Error in variable: 2
[2024-10-14T10:32:33.433333][INFO][seed79] No feasible solution... resampling
[2024-10-14T10:32:33.444079][INFO][seed188] PS(V1,V0) in [0.03089898264059604, 0.9219015922241973]
[2024-10-14T10:32:33.456439][INFO][seed188] PN(V1,V0) in [0.03351657367902855, 1.0] 
[2024-10-14T10:32:33.472480][INFO][seed22] PS(V1,V0) in [0.0, 0.050876894261876374]
[2024-10-14T10:32:33.490051][INFO][seed22] PN(V1,V0) in [0.0, 1.0] 
[2024-10-14T10:32:33.497568][INFO][seed188] Saved data to: /mnt/beegfs/rcabanas/dev/credici/papers/zeros/models/s3/simple_nparents1_nzr08_zdr05_ysize3_188.csv
[2024-10-14T10:32:33.498002][INFO][seed177] PS(V1,V0) in [0.0, 1.0]
[2024-10-14T10:32:33.511591][INFO][seed188] Saved model to: /mnt/beegfs/rcabanas/dev/credici/papers/zeros/models/s3/simple_nparents1_nzr08_zdr05_ysize3_188.uai
[2024-10-14T10:32:33.513496][INFO][seed177] PN(V1,V0) in [0.0, 0.02511142267665196] 
[2024-10-14T10:32:33.515788][INFO][seed188] Saved queries to: /mnt/beegfs/rcabanas/dev/credici/papers/zeros/models/s3/simple_nparents1_nzr08_zdr05_ysize3_188_query.csv
[2024-10-14T10:32:33.515920][INFO][seed188] Closing log file
[2024-10-14T10:32:33.515996][INFO][seed188] Closed log file
[2024-10-14T10:32:33.526338][INFO][seed22] Saved data to: /mnt/beegfs/rcabanas/dev/credici/papers/zeros/models/s3/simple_nparents1_nzr08_zdr05_ysize3_22.csv
[2024-10-14T10:32:33.550142][INFO][seed79] Sampled 1100 data instances
[2024-10-14T10:32:33.550647][INFO][seed22] Saved model to: /mnt/beegfs/rcabanas/dev/credici/papers/zeros/models/s3/simple_nparents1_nzr08_zdr05_ysize3_22.uai
[2024-10-14T10:32:33.550460][INFO][seed79] Starting exact inference 
[2024-10-14T10:32:33.555348][INFO][seed22] Saved queries to: /mnt/beegfs/rcabanas/dev/credici/papers/zeros/models/s3/simple_nparents1_nzr08_zdr05_ysize3_22_query.csv
[2024-10-14T10:32:33.555591][INFO][seed22] Closing log file
[2024-10-14T10:32:33.555676][INFO][seed22] Closed log file
[2024-10-14T10:32:33.560685][INFO][seed177] Saved data to: /mnt/beegfs/rcabanas/dev/credici/papers/zeros/models/s3/simple_nparents1_nzr08_zdr05_ysize3_177.csv
[2024-10-14T10:32:33.540068][INFO][seed141] Set up logging
[2024-10-14T10:32:33.572039][INFO][seed141] args: -np;1;-nzr;0.8;-zdr;0.5;-o;/mnt/beegfs/rcabanas/dev/credici/papers/zeros/models/s3;-rw;-s;141;-ys;3
[2024-10-14T10:32:33.575358][INFO][seed141] Starting logger with seed 141
[2024-10-14T10:32:33.575716][INFO][seed177] Saved model to: /mnt/beegfs/rcabanas/dev/credici/papers/zeros/models/s3/simple_nparents1_nzr08_zdr05_ysize3_177.uai
[2024-10-14T10:32:33.580961][INFO][seed177] Saved queries to: /mnt/beegfs/rcabanas/dev/credici/papers/zeros/models/s3/simple_nparents1_nzr08_zdr05_ysize3_177_query.csv
[2024-10-14T10:32:33.581259][INFO][seed177] Closing log file
[2024-10-14T10:32:33.581345][INFO][seed177] Closed log file
[2024-10-14T10:32:33.585837][INFO][seed114] PS(V1,V0) in [0.6596215286311133, 0.9930367821741624]
[2024-10-14T10:32:33.590590][INFO][seed141] simple_nparents1_nzr08_zdr05_ysize3_141
[2024-10-14T10:32:33.592507][INFO][seed114] PN(V1,V0) in [0.0840106421826908, 0.12647503782148262] 
[2024-10-14T10:32:33.613599][INFO][seed199] PS(V1,V0) in [0.6783622679901392, 0.9827044230242477]
[2024-10-14T10:32:33.628154][INFO][seed199] PN(V1,V0) in [0.6903014295005375, 1.0] 
[2024-10-14T10:32:33.646156][INFO][seed114] Saved data to: /mnt/beegfs/rcabanas/dev/credici/papers/zeros/models/s3/simple_nparents1_nzr08_zdr05_ysize3_114.csv
[2024-10-14T10:32:33.649180][INFO][seed48] PS(V1,V0) in [0.0, 0.7179668612536118]
[2024-10-14T10:32:33.660293][INFO][seed114] Saved model to: /mnt/beegfs/rcabanas/dev/credici/papers/zeros/models/s3/simple_nparents1_nzr08_zdr05_ysize3_114.uai
[2024-10-14T10:32:33.663957][INFO][seed48] PN(V1,V0) in [0.0, 1.0] 
[2024-10-14T10:32:33.666227][INFO][seed114] Saved queries to: /mnt/beegfs/rcabanas/dev/credici/papers/zeros/models/s3/simple_nparents1_nzr08_zdr05_ysize3_114_query.csv
[2024-10-14T10:32:33.666529][INFO][seed114] Closing log file
[2024-10-14T10:32:33.666617][INFO][seed114] Closed log file
[2024-10-14T10:32:33.679253][INFO][seed199] Saved data to: /mnt/beegfs/rcabanas/dev/credici/papers/zeros/models/s3/simple_nparents1_nzr08_zdr05_ysize3_199.csv
[2024-10-14T10:32:33.700709][INFO][seed199] Saved model to: /mnt/beegfs/rcabanas/dev/credici/papers/zeros/models/s3/simple_nparents1_nzr08_zdr05_ysize3_199.uai
[2024-10-14T10:32:33.705875][INFO][seed199] Saved queries to: /mnt/beegfs/rcabanas/dev/credici/papers/zeros/models/s3/simple_nparents1_nzr08_zdr05_ysize3_199_query.csv
[2024-10-14T10:32:33.706194][INFO][seed199] Closing log file
[2024-10-14T10:32:33.706281][INFO][seed199] Closed log file
[2024-10-14T10:32:33.717993][INFO][seed48] Saved data to: /mnt/beegfs/rcabanas/dev/credici/papers/zeros/models/s3/simple_nparents1_nzr08_zdr05_ysize3_48.csv
[2024-10-14T10:32:33.733803][INFO][seed48] Saved model to: /mnt/beegfs/rcabanas/dev/credici/papers/zeros/models/s3/simple_nparents1_nzr08_zdr05_ysize3_48.uai
[2024-10-14T10:32:33.738854][INFO][seed48] Saved queries to: /mnt/beegfs/rcabanas/dev/credici/papers/zeros/models/s3/simple_nparents1_nzr08_zdr05_ysize3_48_query.csv
[2024-10-14T10:32:33.739171][INFO][seed48] Closing log file
[2024-10-14T10:32:33.739259][INFO][seed48] Closed log file
Removed 000
Removed 000
Removed 000
Removed 000
Removed 000
Removed 000
[2024-10-14T10:32:33.869666][INFO][seed141] U cardinality: 9
Error in variable: 2
[2024-10-14T10:32:33.872399][INFO][seed154] No feasible solution... resampling
[2024-10-14T10:32:33.877304][INFO][seed141] !0 = [0, 1, 3, 4, 5, 7, 8]
[2024-10-14T10:32:33.877971][INFO][seed141] 0 = [2, 6]
[2024-10-14T10:32:33.885396][INFO][seed141] Dropping state 6
[2024-10-14T10:32:33.885675][INFO][seed79] PS(V1,V0) in [0.0, 1.0]
[2024-10-14T10:32:33.892838][INFO][seed141] U cardinality: 8
[2024-10-14T10:32:33.896546][INFO][seed79] PN(V1,V0) in [0.0, 0.7081875768176231] 
[2024-10-14T10:32:33.902665][INFO][seed141] 
[P([3]) [0.724, 0.276], P([2]) [0.009, 0.311, 0.0, 0.116, 0.049, 0.021, 0.103, 0.391], P([1, 3]) [1.0, 0.0, 0.0, 1.0], P([0, 1, 2]) [1.0, 0.0, 0.0, 1.0, 0.0, 0.0, 1.0, 0.0, 0.0, 0.0, 1.0, 0.0, 1.0, 0.0, 0.0, 0.0, 0.0, 1.0, 0.0, 1.0, 0.0, 1.0, 0.0, 0.0, 0.0, 1.0, 0.0, 0.0, 1.0, 0.0, 0.0, 1.0, 0.0, 0.0, 0.0, 1.0, 0.0, 0.0, 1.0, 0.0, 1.0, 0.0, 0.0, 0.0, 1.0, 0.0, 0.0, 1.0]]

[2024-10-14T10:32:33.912646][INFO][seed151] PS(V1,V0) in [0.0, 1.0]
[2024-10-14T10:32:33.923993][INFO][seed151] PN(V1,V0) in [0.0, 0.09399684044233808] 
[2024-10-14T10:32:33.945184][INFO][seed154] Sampled 1100 data instances
[2024-10-14T10:32:33.945563][INFO][seed154] Starting exact inference 
[2024-10-14T10:32:33.946198][INFO][seed79] Saved data to: /mnt/beegfs/rcabanas/dev/credici/papers/zeros/models/s3/simple_nparents1_nzr08_zdr05_ysize3_79.csv
[2024-10-14T10:32:33.950235][INFO][seed37] PS(V1,V0) in [0.0, 1.0]
['genn.py', '1', '0.8', '0.5', '121', '3']
[2024-10-14T10:32:33.966046][INFO][seed37] PN(V1,V0) in [0.0, 0.181704186530704] 
[2024-10-14T10:32:33.971579][INFO][seed79] Saved model to: /mnt/beegfs/rcabanas/dev/credici/papers/zeros/models/s3/simple_nparents1_nzr08_zdr05_ysize3_79.uai
[2024-10-14T10:32:33.985908][INFO][seed79] Saved queries to: /mnt/beegfs/rcabanas/dev/credici/papers/zeros/models/s3/simple_nparents1_nzr08_zdr05_ysize3_79_query.csv
[2024-10-14T10:32:33.986025][INFO][seed79] Closing log file
[2024-10-14T10:32:33.986052][INFO][seed79] Closed log file
[2024-10-14T10:32:33.986386][INFO][seed151] Saved data to: /mnt/beegfs/rcabanas/dev/credici/papers/zeros/models/s3/simple_nparents1_nzr08_zdr05_ysize3_151.csv
1 0.8 0.5 121
/mnt/beegfs/rcabanas/dev/credici/papers/zeros/code/GenerateNparents.java
[2024-10-14T10:32:34.006447][INFO][seed151] Saved model to: /mnt/beegfs/rcabanas/dev/credici/papers/zeros/models/s3/simple_nparents1_nzr08_zdr05_ysize3_151.uai
[2024-10-14T10:32:34.012164][INFO][seed151] Saved queries to: /mnt/beegfs/rcabanas/dev/credici/papers/zeros/models/s3/simple_nparents1_nzr08_zdr05_ysize3_151_query.csv
[2024-10-14T10:32:34.012463][INFO][seed151] Closing log file
[2024-10-14T10:32:34.012549][INFO][seed151] Closed log file
['genn.py', '1', '0.8', '0.5', '92', '3']
[2024-10-14T10:32:34.019594][INFO][seed37] Saved data to: /mnt/beegfs/rcabanas/dev/credici/papers/zeros/models/s3/simple_nparents1_nzr08_zdr05_ysize3_37.csv
[2024-10-14T10:32:34.033427][INFO][seed37] Saved model to: /mnt/beegfs/rcabanas/dev/credici/papers/zeros/models/s3/simple_nparents1_nzr08_zdr05_ysize3_37.uai
['genn.py', '1', '0.8', '0.5', '161', '3']
[2024-10-14T10:32:34.048155][INFO][seed37] Saved queries to: /mnt/beegfs/rcabanas/dev/credici/papers/zeros/models/s3/simple_nparents1_nzr08_zdr05_ysize3_37_query.csv
[2024-10-14T10:32:34.048256][INFO][seed37] Closing log file
[2024-10-14T10:32:34.048282][INFO][seed37] Closed log file
1 0.8 0.5 92
/mnt/beegfs/rcabanas/dev/credici/papers/zeros/code/GenerateNparents.java
1 0.8 0.5 161
/mnt/beegfs/rcabanas/dev/credici/papers/zeros/code/GenerateNparents.java
[2024-10-14T10:32:34.084937][INFO][seed122] No feasible solution... resampling
[2024-10-14T10:32:34.146648][INFO][seed162] PS(V1,V0) in [0.0, 0.0]
[2024-10-14T10:32:34.156330][INFO][seed162] PN(V1,V0) in [0.0, 0.0] 
[2024-10-14T10:32:34.163828][INFO][seed141] Sampled 1000 data instances
[2024-10-14T10:32:34.164204][INFO][seed141] Starting exact inference 
[2024-10-14T10:32:34.170358][INFO][seed154] PS(V1,V0) in [0.03022162525184688, 0.14954107902395347]
[2024-10-14T10:32:34.174911][INFO][seed154] PN(V1,V0) in [0.20209580838323354, 1.0] 
['genn.py', '1', '0.8', '0.5', '165', '3']
['genn.py', '1', '0.8', '0.5', '168', '3']
[2024-10-14T10:32:34.202986][INFO][seed162] Saved data to: /mnt/beegfs/rcabanas/dev/credici/papers/zeros/models/s3/simple_nparents1_nzr08_zdr05_ysize3_162.csv
[2024-10-14T10:32:34.211377][INFO][seed154] Saved data to: /mnt/beegfs/rcabanas/dev/credici/papers/zeros/models/s3/simple_nparents1_nzr08_zdr05_ysize3_154.csv
[2024-10-14T10:32:34.207217][INFO][seed130] PS(V1,V0) in [0.0, 0.2670550847457627]
[2024-10-14T10:32:34.215520][INFO][seed162] Saved model to: /mnt/beegfs/rcabanas/dev/credici/papers/zeros/models/s3/simple_nparents1_nzr08_zdr05_ysize3_162.uai
[2024-10-14T10:32:34.217356][INFO][seed130] PN(V1,V0) in [0.0, 1.0] 
1 0.8 0.5 165
/mnt/beegfs/rcabanas/dev/credici/papers/zeros/code/GenerateNparents.java
[2024-10-14T10:32:34.222859][INFO][seed162] Saved queries to: /mnt/beegfs/rcabanas/dev/credici/papers/zeros/models/s3/simple_nparents1_nzr08_zdr05_ysize3_162_query.csv
[2024-10-14T10:32:34.223197][INFO][seed162] Closing log file
[2024-10-14T10:32:34.223281][INFO][seed162] Closed log file
[2024-10-14T10:32:34.224864][INFO][seed173] PS(V1,V0) in [0.9523839345357381, 1.0]
[2024-10-14T10:32:34.230180][INFO][seed154] Saved model to: /mnt/beegfs/rcabanas/dev/credici/papers/zeros/models/s3/simple_nparents1_nzr08_zdr05_ysize3_154.uai
[2024-10-14T10:32:34.231016][INFO][seed122] Sampled 1100 data instances
[2024-10-14T10:32:34.231560][INFO][seed122] Starting exact inference 
1 0.8 0.5 168
/mnt/beegfs/rcabanas/dev/credici/papers/zeros/code/GenerateNparents.java
[2024-10-14T10:32:34.234679][INFO][seed154] Saved queries to: /mnt/beegfs/rcabanas/dev/credici/papers/zeros/models/s3/simple_nparents1_nzr08_zdr05_ysize3_154_query.csv
[2024-10-14T10:32:34.234802][INFO][seed154] Closing log file
[2024-10-14T10:32:34.234883][INFO][seed154] Closed log file
[2024-10-14T10:32:34.236239][INFO][seed173] PN(V1,V0) in [0.4987373875400374, 0.5236726171605978] 
['genn.py', '1', '0.8', '0.5', '33', '3']
[2024-10-14T10:32:34.266501][INFO][seed130] Saved data to: /mnt/beegfs/rcabanas/dev/credici/papers/zeros/models/s3/simple_nparents1_nzr08_zdr05_ysize3_130.csv
[2024-10-14T10:32:34.286447][INFO][seed173] Saved data to: /mnt/beegfs/rcabanas/dev/credici/papers/zeros/models/s3/simple_nparents1_nzr08_zdr05_ysize3_173.csv
[2024-10-14T10:32:34.292210][INFO][seed130] Saved model to: /mnt/beegfs/rcabanas/dev/credici/papers/zeros/models/s3/simple_nparents1_nzr08_zdr05_ysize3_130.uai
[2024-10-14T10:32:34.299411][INFO][seed130] Saved queries to: /mnt/beegfs/rcabanas/dev/credici/papers/zeros/models/s3/simple_nparents1_nzr08_zdr05_ysize3_130_query.csv
[2024-10-14T10:32:34.299757][INFO][seed130] Closing log file
[2024-10-14T10:32:34.299846][INFO][seed130] Closed log file
1 0.8 0.5 33
/mnt/beegfs/rcabanas/dev/credici/papers/zeros/code/GenerateNparents.java
[2024-10-14T10:32:34.321451][INFO][seed173] Saved model to: /mnt/beegfs/rcabanas/dev/credici/papers/zeros/models/s3/simple_nparents1_nzr08_zdr05_ysize3_173.uai
[2024-10-14T10:32:34.327460][INFO][seed173] Saved queries to: /mnt/beegfs/rcabanas/dev/credici/papers/zeros/models/s3/simple_nparents1_nzr08_zdr05_ysize3_173_query.csv
[2024-10-14T10:32:34.328289][INFO][seed173] Closing log file
[2024-10-14T10:32:34.328409][INFO][seed173] Closed log file
[2024-10-14T10:32:34.492870][INFO][seed44] PS(V1,V0) in [0.0, 1.0]
[2024-10-14T10:32:34.493963][INFO][seed122] PS(V1,V0) in [0.629839760791229, 1.0]
[2024-10-14T10:32:34.513251][INFO][seed44] PN(V1,V0) in [0.0, 0.005364149092692496] 
[2024-10-14T10:32:34.516731][INFO][seed122] PN(V1,V0) in [0.08674029649026481, 0.13771803860286352] 
['genn.py', '1', '0.8', '0.5', '59', '3']
['genn.py', '1', '0.8', '0.5', '100', '3']
['genn.py', '1', '0.8', '0.5', '63', '3']
[2024-10-14T10:32:34.566330][INFO][seed122] Saved data to: /mnt/beegfs/rcabanas/dev/credici/papers/zeros/models/s3/simple_nparents1_nzr08_zdr05_ysize3_122.csv
[2024-10-14T10:32:34.566391][INFO][seed44] Saved data to: /mnt/beegfs/rcabanas/dev/credici/papers/zeros/models/s3/simple_nparents1_nzr08_zdr05_ysize3_44.csv
['genn.py', '1', '0.8', '0.5', '160', '3']
1 0.8 0.5 59
/mnt/beegfs/rcabanas/dev/credici/papers/zeros/code/GenerateNparents.java
[2024-10-14T10:32:34.581846][INFO][seed44] Saved model to: /mnt/beegfs/rcabanas/dev/credici/papers/zeros/models/s3/simple_nparents1_nzr08_zdr05_ysize3_44.uai
[2024-10-14T10:32:34.586362][INFO][seed122] Saved model to: /mnt/beegfs/rcabanas/dev/credici/papers/zeros/models/s3/simple_nparents1_nzr08_zdr05_ysize3_122.uai
1 0.8 0.5 63
/mnt/beegfs/rcabanas/dev/credici/papers/zeros/code/GenerateNparents.java
1 0.8 0.5 100
/mnt/beegfs/rcabanas/dev/credici/papers/zeros/code/GenerateNparents.java
[2024-10-14T10:32:34.596176][INFO][seed44] Saved queries to: /mnt/beegfs/rcabanas/dev/credici/papers/zeros/models/s3/simple_nparents1_nzr08_zdr05_ysize3_44_query.csv
[2024-10-14T10:32:34.596316][INFO][seed44] Closing log file
[2024-10-14T10:32:34.596345][INFO][seed44] Closed log file
[2024-10-14T10:32:34.596457][INFO][seed122] Saved queries to: /mnt/beegfs/rcabanas/dev/credici/papers/zeros/models/s3/simple_nparents1_nzr08_zdr05_ysize3_122_query.csv
[2024-10-14T10:32:34.596575][INFO][seed122] Closing log file
[2024-10-14T10:32:34.596602][INFO][seed122] Closed log file
1 0.8 0.5 160
/mnt/beegfs/rcabanas/dev/credici/papers/zeros/code/GenerateNparents.java
['genn.py', '1', '0.8', '0.5', '145', '3']
1 0.8 0.5 145
/mnt/beegfs/rcabanas/dev/credici/papers/zeros/code/GenerateNparents.java
['genn.py', '1', '0.8', '0.5', '181', '3']
1 0.8 0.5 181
/mnt/beegfs/rcabanas/dev/credici/papers/zeros/code/GenerateNparents.java
['genn.py', '1', '0.8', '0.5', '102', '3']
1 0.8 0.5 102
/mnt/beegfs/rcabanas/dev/credici/papers/zeros/code/GenerateNparents.java
['genn.py', '1', '0.8', '0.5', '113', '3']
1 0.8 0.5 113
/mnt/beegfs/rcabanas/dev/credici/papers/zeros/code/GenerateNparents.java
['genn.py', '1', '0.8', '0.5', '180', '3']
[2024-10-14T10:32:35.147415][INFO][seed182] Set up logging
[2024-10-14T10:32:35.174729][INFO][seed182] args: -np;1;-nzr;0.8;-zdr;0.5;-o;/mnt/beegfs/rcabanas/dev/credici/papers/zeros/models/s3;-rw;-s;182;-ys;3
1 0.8 0.5 180
/mnt/beegfs/rcabanas/dev/credici/papers/zeros/code/GenerateNparents.java
[2024-10-14T10:32:35.176187][INFO][seed182] Starting logger with seed 182
[2024-10-14T10:32:35.182190][INFO][seed182] simple_nparents1_nzr08_zdr05_ysize3_182
[2024-10-14T10:32:35.298403][INFO][seed31] Set up logging
[2024-10-14T10:32:35.317113][INFO][seed31] args: -np;1;-nzr;0.8;-zdr;0.5;-o;/mnt/beegfs/rcabanas/dev/credici/papers/zeros/models/s3;-rw;-s;31;-ys;3
[2024-10-14T10:32:35.318556][INFO][seed31] Starting logger with seed 31
[2024-10-14T10:32:35.344503][INFO][seed31] simple_nparents1_nzr08_zdr05_ysize3_31
[2024-10-14T10:32:35.354372][INFO][seed75] Set up logging
[2024-10-14T10:32:35.367991][INFO][seed141] PS(V1,V0) in [0.0, 1.0]
[2024-10-14T10:32:35.368551][INFO][seed75] args: -np;1;-nzr;0.8;-zdr;0.5;-o;/mnt/beegfs/rcabanas/dev/credici/papers/zeros/models/s3;-rw;-s;75;-ys;3
[2024-10-14T10:32:35.374254][INFO][seed182] U cardinality: 9
[2024-10-14T10:32:35.377489][INFO][seed75] Starting logger with seed 75
[2024-10-14T10:32:35.378304][INFO][seed182] !0 = [0, 1, 4, 5, 6, 7, 8]
[2024-10-14T10:32:35.378591][INFO][seed182] 0 = [2, 3]
[2024-10-14T10:32:35.384499][INFO][seed75] simple_nparents1_nzr08_zdr05_ysize3_75
[2024-10-14T10:32:35.385260][INFO][seed182] Dropping state 2
[2024-10-14T10:32:35.387517][INFO][seed182] U cardinality: 8
[2024-10-14T10:32:35.381004][INFO][seed112] Set up logging
[2024-10-14T10:32:35.390582][INFO][seed112] args: -np;1;-nzr;0.8;-zdr;0.5;-o;/mnt/beegfs/rcabanas/dev/credici/papers/zeros/models/s3;-rw;-s;112;-ys;3
[2024-10-14T10:32:35.393076][INFO][seed141] PN(V1,V0) in [0.0, 0.6204455718991019] 
[2024-10-14T10:32:35.396905][INFO][seed182] 
[P([3]) [0.252, 0.748], P([2]) [0.208, 0.002, 0.0, 0.075, 0.001, 0.7, 0.008, 0.006], P([1, 3]) [1.0, 0.0, 0.0, 1.0], P([0, 1, 2]) [1.0, 0.0, 0.0, 1.0, 0.0, 0.0, 1.0, 0.0, 0.0, 0.0, 1.0, 0.0, 0.0, 1.0, 0.0, 1.0, 0.0, 0.0, 0.0, 1.0, 0.0, 0.0, 1.0, 0.0, 0.0, 1.0, 0.0, 0.0, 0.0, 1.0, 0.0, 0.0, 1.0, 1.0, 0.0, 0.0, 0.0, 0.0, 1.0, 0.0, 1.0, 0.0, 0.0, 0.0, 1.0, 0.0, 0.0, 1.0]]

[2024-10-14T10:32:35.401435][INFO][seed112] Starting logger with seed 112
[2024-10-14T10:32:35.407510][INFO][seed112] simple_nparents1_nzr08_zdr05_ysize3_112
[2024-10-14T10:32:35.443073][INFO][seed141] Saved data to: /mnt/beegfs/rcabanas/dev/credici/papers/zeros/models/s3/simple_nparents1_nzr08_zdr05_ysize3_141.csv
[2024-10-14T10:32:35.466464][INFO][seed141] Saved model to: /mnt/beegfs/rcabanas/dev/credici/papers/zeros/models/s3/simple_nparents1_nzr08_zdr05_ysize3_141.uai
[2024-10-14T10:32:35.472728][INFO][seed141] Saved queries to: /mnt/beegfs/rcabanas/dev/credici/papers/zeros/models/s3/simple_nparents1_nzr08_zdr05_ysize3_141_query.csv
[2024-10-14T10:32:35.473011][INFO][seed141] Closing log file
[2024-10-14T10:32:35.473099][INFO][seed141] Closed log file
[2024-10-14T10:32:35.491496][INFO][seed31] U cardinality: 9
[2024-10-14T10:32:35.497293][INFO][seed31] !0 = [0, 2, 3, 4, 6, 7, 8]
[2024-10-14T10:32:35.497579][INFO][seed31] 0 = [1, 5]
[2024-10-14T10:32:35.499088][INFO][seed31] U cardinality: 9
[2024-10-14T10:32:35.503365][INFO][seed31] 
[P([3]) [0.687, 0.313], P([2]) [0.001, 0.0, 0.936, 0.003, 0.002, 0.0, 0.041, 0.002, 0.015], P([1, 3]) [1.0, 0.0, 0.0, 1.0], P([0, 1, 2]) [1.0, 0.0, 0.0, 1.0, 0.0, 0.0, 1.0, 0.0, 0.0, 0.0, 1.0, 0.0, 1.0, 0.0, 0.0, 0.0, 0.0, 1.0, 0.0, 1.0, 0.0, 1.0, 0.0, 0.0, 0.0, 1.0, 0.0, 0.0, 1.0, 0.0, 0.0, 1.0, 0.0, 0.0, 0.0, 1.0, 0.0, 0.0, 1.0, 1.0, 0.0, 0.0, 0.0, 0.0, 1.0, 0.0, 1.0, 0.0, 0.0, 0.0, 1.0, 0.0, 0.0, 1.0]]

[2024-10-14T10:32:35.568977][INFO][seed75] U cardinality: 9
[2024-10-14T10:32:35.574559][INFO][seed75] !0 = [0, 2, 3, 4, 5, 6, 7]
[2024-10-14T10:32:35.574858][INFO][seed75] 0 = [1, 8]
[2024-10-14T10:32:35.579577][INFO][seed75] Dropping state 8
[2024-10-14T10:32:35.580675][INFO][seed75] Dropping state 1
[2024-10-14T10:32:35.584843][INFO][seed75] U cardinality: 7
[2024-10-14T10:32:35.595691][INFO][seed182] Sampled 1000 data instances
[2024-10-14T10:32:35.595800][INFO][seed182] Starting exact inference 
[2024-10-14T10:32:35.598025][INFO][seed75] 
[P([3]) [0.864, 0.136], P([2]) [0.701, 0.026, 0.003, 0.023, 0.001, 0.002, 0.244], P([1, 3]) [1.0, 0.0, 0.0, 1.0], P([0, 1, 2]) [1.0, 0.0, 0.0, 1.0, 0.0, 0.0, 1.0, 0.0, 0.0, 0.0, 0.0, 1.0, 0.0, 1.0, 0.0, 1.0, 0.0, 0.0, 0.0, 1.0, 0.0, 0.0, 1.0, 0.0, 0.0, 1.0, 0.0, 0.0, 0.0, 1.0, 0.0, 0.0, 1.0, 1.0, 0.0, 0.0, 0.0, 0.0, 1.0, 0.0, 1.0, 0.0]]

[2024-10-14T10:32:35.607173][INFO][seed112] U cardinality: 9
[2024-10-14T10:32:35.612615][INFO][seed112] !0 = [0, 1, 2, 3, 4, 5, 8]
[2024-10-14T10:32:35.614964][INFO][seed112] 0 = [6, 7]
[2024-10-14T10:32:35.620554][INFO][seed112] Dropping state 6
[2024-10-14T10:32:35.623878][INFO][seed112] U cardinality: 8
[2024-10-14T10:32:35.639962][INFO][seed112] 
[P([3]) [0.245, 0.755], P([2]) [0.608, 0.008, 0.155, 0.009, 0.005, 0.001, 0.0, 0.214], P([1, 3]) [1.0, 0.0, 0.0, 1.0], P([0, 1, 2]) [1.0, 0.0, 0.0, 1.0, 0.0, 0.0, 1.0, 0.0, 0.0, 0.0, 1.0, 0.0, 1.0, 0.0, 0.0, 0.0, 0.0, 1.0, 0.0, 1.0, 0.0, 1.0, 0.0, 0.0, 0.0, 1.0, 0.0, 0.0, 1.0, 0.0, 0.0, 1.0, 0.0, 0.0, 0.0, 1.0, 0.0, 0.0, 1.0, 0.0, 1.0, 0.0, 0.0, 0.0, 1.0, 0.0, 0.0, 1.0]]

[2024-10-14T10:32:35.689792][INFO][seed31] Sampled 1000 data instances
[2024-10-14T10:32:35.690050][INFO][seed31] Starting exact inference 
[2024-10-14T10:32:35.791173][INFO][seed75] Sampled 1000 data instances
[2024-10-14T10:32:35.791271][INFO][seed75] Starting exact inference 
[2024-10-14T10:32:35.839431][INFO][seed112] Sampled 1000 data instances
[2024-10-14T10:32:35.839540][INFO][seed112] Starting exact inference 
['genn.py', '1', '0.8', '0.5', '179', '3']
1 0.8 0.5 179
/mnt/beegfs/rcabanas/dev/credici/papers/zeros/code/GenerateNparents.java
[2024-10-14T10:32:36.053838][INFO][seed121] Set up logging
[2024-10-14T10:32:36.065180][INFO][seed121] args: -np;1;-nzr;0.8;-zdr;0.5;-o;/mnt/beegfs/rcabanas/dev/credici/papers/zeros/models/s3;-rw;-s;121;-ys;3
[2024-10-14T10:32:36.068716][INFO][seed121] Starting logger with seed 121
[2024-10-14T10:32:36.083923][INFO][seed121] simple_nparents1_nzr08_zdr05_ysize3_121
[2024-10-14T10:32:36.259056][INFO][seed121] U cardinality: 9
[2024-10-14T10:32:36.263504][INFO][seed121] !0 = [0, 2, 3, 4, 5, 7, 8]
[2024-10-14T10:32:36.263830][INFO][seed121] 0 = [1, 6]
[2024-10-14T10:32:36.268629][INFO][seed121] Dropping state 6
[2024-10-14T10:32:36.270943][INFO][seed121] U cardinality: 8
[2024-10-14T10:32:36.274883][INFO][seed121] 
[P([3]) [0.403, 0.597], P([2]) [0.01, 0.0, 0.014, 0.13, 0.075, 0.153, 0.002, 0.616], P([1, 3]) [1.0, 0.0, 0.0, 1.0], P([0, 1, 2]) [1.0, 0.0, 0.0, 1.0, 0.0, 0.0, 1.0, 0.0, 0.0, 0.0, 1.0, 0.0, 1.0, 0.0, 0.0, 0.0, 0.0, 1.0, 0.0, 1.0, 0.0, 1.0, 0.0, 0.0, 0.0, 1.0, 0.0, 0.0, 1.0, 0.0, 0.0, 1.0, 0.0, 0.0, 0.0, 1.0, 0.0, 0.0, 1.0, 0.0, 1.0, 0.0, 0.0, 0.0, 1.0, 0.0, 0.0, 1.0]]

Removed 000
Removed 000
Removed 000
Removed 000
Removed 000
Removed 000
Removed 000
Removed 000
Error in variable: 2
[2024-10-14T10:32:36.320882][INFO][seed182] No feasible solution... resampling
[2024-10-14T10:32:36.424170][INFO][seed182] Sampled 1100 data instances
[2024-10-14T10:32:36.425502][INFO][seed182] Starting exact inference 
[2024-10-14T10:32:36.465559][INFO][seed121] Sampled 1000 data instances
[2024-10-14T10:32:36.465812][INFO][seed121] Starting exact inference 
[2024-10-14T10:32:36.504190][INFO][seed31] PS(V1,V0) in [0.0, 0.006888694874470307]
Removed 000
Removed 000
Removed 000
Removed 000
Removed 000
Removed 000
Error in variable: 2
[2024-10-14T10:32:36.505579][INFO][seed112] No feasible solution... resampling
[2024-10-14T10:32:36.526077][INFO][seed31] PN(V1,V0) in [0.0, 1.0] 
[2024-10-14T10:32:36.554756][INFO][seed31] Saved data to: /mnt/beegfs/rcabanas/dev/credici/papers/zeros/models/s3/simple_nparents1_nzr08_zdr05_ysize3_31.csv
[2024-10-14T10:32:36.563780][INFO][seed31] Saved model to: /mnt/beegfs/rcabanas/dev/credici/papers/zeros/models/s3/simple_nparents1_nzr08_zdr05_ysize3_31.uai
[2024-10-14T10:32:36.566223][INFO][seed75] PS(V1,V0) in [0.0, 0.0]
[2024-10-14T10:32:36.567024][INFO][seed31] Saved queries to: /mnt/beegfs/rcabanas/dev/credici/papers/zeros/models/s3/simple_nparents1_nzr08_zdr05_ysize3_31_query.csv
[2024-10-14T10:32:36.567115][INFO][seed31] Closing log file
[2024-10-14T10:32:36.567190][INFO][seed31] Closed log file
[2024-10-14T10:32:36.554403][INFO][seed160] Set up logging
[2024-10-14T10:32:36.569970][INFO][seed160] args: -np;1;-nzr;0.8;-zdr;0.5;-o;/mnt/beegfs/rcabanas/dev/credici/papers/zeros/models/s3;-rw;-s;160;-ys;3
[2024-10-14T10:32:36.572446][INFO][seed160] Starting logger with seed 160
[2024-10-14T10:32:36.580511][INFO][seed75] PN(V1,V0) in [0.0, 0.0] 
[2024-10-14T10:32:36.585941][INFO][seed112] Sampled 1100 data instances
[2024-10-14T10:32:36.586312][INFO][seed112] Starting exact inference 
[2024-10-14T10:32:36.588102][INFO][seed160] simple_nparents1_nzr08_zdr05_ysize3_160
[2024-10-14T10:32:36.616691][INFO][seed75] Saved data to: /mnt/beegfs/rcabanas/dev/credici/papers/zeros/models/s3/simple_nparents1_nzr08_zdr05_ysize3_75.csv
[2024-10-14T10:32:36.635629][INFO][seed75] Saved model to: /mnt/beegfs/rcabanas/dev/credici/papers/zeros/models/s3/simple_nparents1_nzr08_zdr05_ysize3_75.uai
[2024-10-14T10:32:36.639279][INFO][seed75] Saved queries to: /mnt/beegfs/rcabanas/dev/credici/papers/zeros/models/s3/simple_nparents1_nzr08_zdr05_ysize3_75_query.csv
[2024-10-14T10:32:36.639318][INFO][seed75] Closing log file
[2024-10-14T10:32:36.639343][INFO][seed75] Closed log file
[2024-10-14T10:32:36.678275][INFO][seed182] PS(V1,V0) in [0.0, 0.43761091111899814]
[2024-10-14T10:32:36.696579][INFO][seed182] PN(V1,V0) in [0.0, 1.0] 
[2024-10-14T10:32:36.716177][INFO][seed182] Saved data to: /mnt/beegfs/rcabanas/dev/credici/papers/zeros/models/s3/simple_nparents1_nzr08_zdr05_ysize3_182.csv
[2024-10-14T10:32:36.737711][INFO][seed182] Saved model to: /mnt/beegfs/rcabanas/dev/credici/papers/zeros/models/s3/simple_nparents1_nzr08_zdr05_ysize3_182.uai
[2024-10-14T10:32:36.742105][INFO][seed182] Saved queries to: /mnt/beegfs/rcabanas/dev/credici/papers/zeros/models/s3/simple_nparents1_nzr08_zdr05_ysize3_182_query.csv
[2024-10-14T10:32:36.742142][INFO][seed182] Closing log file
[2024-10-14T10:32:36.742167][INFO][seed182] Closed log file
[2024-10-14T10:32:36.767812][INFO][seed160] U cardinality: 9
[2024-10-14T10:32:36.771836][INFO][seed160] !0 = [0, 1, 2, 4, 6, 7, 8]
[2024-10-14T10:32:36.772113][INFO][seed160] 0 = [3, 5]
[2024-10-14T10:32:36.778828][INFO][seed160] Dropping state 3
[2024-10-14T10:32:36.780818][INFO][seed160] U cardinality: 8
[2024-10-14T10:32:36.792142][INFO][seed160] 
[P([3]) [0.392, 0.608], P([2]) [0.057, 0.005, 0.005, 0.004, 0.0, 0.009, 0.354, 0.566], P([1, 3]) [1.0, 0.0, 0.0, 1.0], P([0, 1, 2]) [1.0, 0.0, 0.0, 1.0, 0.0, 0.0, 1.0, 0.0, 0.0, 0.0, 1.0, 0.0, 1.0, 0.0, 0.0, 0.0, 0.0, 1.0, 0.0, 1.0, 0.0, 0.0, 1.0, 0.0, 0.0, 1.0, 0.0, 0.0, 0.0, 1.0, 0.0, 0.0, 1.0, 1.0, 0.0, 0.0, 0.0, 0.0, 1.0, 0.0, 1.0, 0.0, 0.0, 0.0, 1.0, 0.0, 0.0, 1.0]]

[2024-10-14T10:32:36.842339][INFO][seed112] PS(V1,V0) in [0.0, 0.018536394286593642]
[2024-10-14T10:32:36.847064][INFO][seed112] PN(V1,V0) in [0.0, 1.0] 
[2024-10-14T10:32:36.882813][INFO][seed112] Saved data to: /mnt/beegfs/rcabanas/dev/credici/papers/zeros/models/s3/simple_nparents1_nzr08_zdr05_ysize3_112.csv
[2024-10-14T10:32:36.904101][INFO][seed112] Saved model to: /mnt/beegfs/rcabanas/dev/credici/papers/zeros/models/s3/simple_nparents1_nzr08_zdr05_ysize3_112.uai
[2024-10-14T10:32:36.908192][INFO][seed112] Saved queries to: /mnt/beegfs/rcabanas/dev/credici/papers/zeros/models/s3/simple_nparents1_nzr08_zdr05_ysize3_112_query.csv
[2024-10-14T10:32:36.908291][INFO][seed112] Closing log file
[2024-10-14T10:32:36.908370][INFO][seed112] Closed log file
['genn.py', '1', '0.8', '0.5', '170', '3']
[2024-10-14T10:32:36.963507][INFO][seed160] Sampled 1000 data instances
[2024-10-14T10:32:36.963736][INFO][seed160] Starting exact inference 
1 0.8 0.5 170
/mnt/beegfs/rcabanas/dev/credici/papers/zeros/code/GenerateNparents.java
['genn.py', '1', '0.8', '0.5', '81', '3']
[2024-10-14T10:32:37.006391][INFO][seed161] Set up logging
[2024-10-14T10:32:37.034434][INFO][seed161] args: -np;1;-nzr;0.8;-zdr;0.5;-o;/mnt/beegfs/rcabanas/dev/credici/papers/zeros/models/s3;-rw;-s;161;-ys;3
[2024-10-14T10:32:37.036867][INFO][seed161] Starting logger with seed 161
[2024-10-14T10:32:37.054938][INFO][seed161] simple_nparents1_nzr08_zdr05_ysize3_161
1 0.8 0.5 81
/mnt/beegfs/rcabanas/dev/credici/papers/zeros/code/GenerateNparents.java
[2024-10-14T10:32:37.030823][INFO][seed92] Set up logging
[2024-10-14T10:32:37.067754][INFO][seed92] args: -np;1;-nzr;0.8;-zdr;0.5;-o;/mnt/beegfs/rcabanas/dev/credici/papers/zeros/models/s3;-rw;-s;92;-ys;3
[2024-10-14T10:32:37.070519][INFO][seed92] Starting logger with seed 92
[2024-10-14T10:32:37.084015][INFO][seed92] simple_nparents1_nzr08_zdr05_ysize3_92
['genn.py', '1', '0.8', '0.5', '97', '3']
[2024-10-14T10:32:37.137240][INFO][seed168] Set up logging
[2024-10-14T10:32:37.172950][INFO][seed168] args: -np;1;-nzr;0.8;-zdr;0.5;-o;/mnt/beegfs/rcabanas/dev/credici/papers/zeros/models/s3;-rw;-s;168;-ys;3
[2024-10-14T10:32:37.175795][INFO][seed168] Starting logger with seed 168
1 0.8 0.5 97
/mnt/beegfs/rcabanas/dev/credici/papers/zeros/code/GenerateNparents.java
[2024-10-14T10:32:37.193029][INFO][seed168] simple_nparents1_nzr08_zdr05_ysize3_168
[2024-10-14T10:32:37.228908][INFO][seed33] Set up logging
[2024-10-14T10:32:37.267388][INFO][seed33] args: -np;1;-nzr;0.8;-zdr;0.5;-o;/mnt/beegfs/rcabanas/dev/credici/papers/zeros/models/s3;-rw;-s;33;-ys;3
[2024-10-14T10:32:37.270353][INFO][seed33] Starting logger with seed 33
[2024-10-14T10:32:37.228016][INFO][seed165] Set up logging
[2024-10-14T10:32:37.276139][INFO][seed165] args: -np;1;-nzr;0.8;-zdr;0.5;-o;/mnt/beegfs/rcabanas/dev/credici/papers/zeros/models/s3;-rw;-s;165;-ys;3
[2024-10-14T10:32:37.278993][INFO][seed165] Starting logger with seed 165
['genn.py', '1', '0.8', '0.5', '54', '3']
[2024-10-14T10:32:37.289753][INFO][seed33] simple_nparents1_nzr08_zdr05_ysize3_33
[2024-10-14T10:32:37.298178][INFO][seed165] simple_nparents1_nzr08_zdr05_ysize3_165
1 0.8 0.5 54
/mnt/beegfs/rcabanas/dev/credici/papers/zeros/code/GenerateNparents.java
[2024-10-14T10:32:37.337654][INFO][seed121] PS(V1,V0) in [0.0, 1.0]
[2024-10-14T10:32:37.360351][INFO][seed121] PN(V1,V0) in [0.0, 0.3623388581952117] 
[2024-10-14T10:32:37.394135][INFO][seed121] Saved data to: /mnt/beegfs/rcabanas/dev/credici/papers/zeros/models/s3/simple_nparents1_nzr08_zdr05_ysize3_121.csv
[2024-10-14T10:32:37.404647][INFO][seed121] Saved model to: /mnt/beegfs/rcabanas/dev/credici/papers/zeros/models/s3/simple_nparents1_nzr08_zdr05_ysize3_121.uai
[2024-10-14T10:32:37.408161][INFO][seed121] Saved queries to: /mnt/beegfs/rcabanas/dev/credici/papers/zeros/models/s3/simple_nparents1_nzr08_zdr05_ysize3_121_query.csv
[2024-10-14T10:32:37.408260][INFO][seed121] Closing log file
[2024-10-14T10:32:37.408335][INFO][seed121] Closed log file
[2024-10-14T10:32:37.410165][INFO][seed161] U cardinality: 9
[2024-10-14T10:32:37.418031][INFO][seed161] !0 = [0, 1, 2, 3, 4, 7, 8]
[2024-10-14T10:32:37.420027][INFO][seed161] 0 = [5, 6]
[2024-10-14T10:32:37.428059][INFO][seed161] Dropping state 6
[2024-10-14T10:32:37.429849][INFO][seed161] Dropping state 5
[2024-10-14T10:32:37.437845][INFO][seed161] U cardinality: 7
[2024-10-14T10:32:37.446059][INFO][seed161] 
[P([3]) [0.596, 0.404], P([2]) [0.001, 0.001, 0.001, 0.001, 0.002, 0.875, 0.119], P([1, 3]) [1.0, 0.0, 0.0, 1.0], P([0, 1, 2]) [1.0, 0.0, 0.0, 1.0, 0.0, 0.0, 1.0, 0.0, 0.0, 0.0, 1.0, 0.0, 1.0, 0.0, 0.0, 0.0, 0.0, 1.0, 0.0, 1.0, 0.0, 1.0, 0.0, 0.0, 0.0, 1.0, 0.0, 0.0, 1.0, 0.0, 0.0, 0.0, 1.0, 0.0, 1.0, 0.0, 0.0, 0.0, 1.0, 0.0, 0.0, 1.0]]

[2024-10-14T10:32:37.511525][INFO][seed168] U cardinality: 9
[2024-10-14T10:32:37.518495][INFO][seed168] !0 = [0, 3, 4, 5, 6, 7, 8]
[2024-10-14T10:32:37.519329][INFO][seed168] 0 = [1, 2]
[2024-10-14T10:32:37.494869][INFO][seed63] Set up logging
[2024-10-14T10:32:37.522274][INFO][seed63] args: -np;1;-nzr;0.8;-zdr;0.5;-o;/mnt/beegfs/rcabanas/dev/credici/papers/zeros/models/s3;-rw;-s;63;-ys;3
[2024-10-14T10:32:37.527797][INFO][seed168] Dropping state 2
[2024-10-14T10:32:37.529366][INFO][seed168] Dropping state 1
[2024-10-14T10:32:37.533521][INFO][seed168] U cardinality: 7
[2024-10-14T10:32:37.534321][INFO][seed92] U cardinality: 9
[2024-10-14T10:32:37.540466][INFO][seed168] 
[P([3]) [0.031, 0.969], P([2]) [0.032, 0.039, 0.062, 0.351, 0.054, 0.207, 0.255], P([1, 3]) [1.0, 0.0, 0.0, 1.0], P([0, 1, 2]) [1.0, 0.0, 0.0, 1.0, 0.0, 0.0, 0.0, 1.0, 0.0, 1.0, 0.0, 0.0, 0.0, 1.0, 0.0, 0.0, 1.0, 0.0, 0.0, 1.0, 0.0, 0.0, 0.0, 1.0, 0.0, 0.0, 1.0, 1.0, 0.0, 0.0, 0.0, 0.0, 1.0, 0.0, 1.0, 0.0, 0.0, 0.0, 1.0, 0.0, 0.0, 1.0]]

[2024-10-14T10:32:37.542101][INFO][seed92] !0 = [0, 2, 3, 4, 6, 7, 8]
[2024-10-14T10:32:37.542796][INFO][seed92] 0 = [1, 5]
[2024-10-14T10:32:37.538689][INFO][seed63] Starting logger with seed 63
[2024-10-14T10:32:37.550373][INFO][seed63] simple_nparents1_nzr08_zdr05_ysize3_63
[2024-10-14T10:32:37.552041][INFO][seed92] Dropping state 5
[2024-10-14T10:32:37.555697][INFO][seed92] U cardinality: 8
[2024-10-14T10:32:37.529858][INFO][seed100] Set up logging
[2024-10-14T10:32:37.564369][INFO][seed100] args: -np;1;-nzr;0.8;-zdr;0.5;-o;/mnt/beegfs/rcabanas/dev/credici/papers/zeros/models/s3;-rw;-s;100;-ys;3
[2024-10-14T10:32:37.568938][INFO][seed100] Starting logger with seed 100
[2024-10-14T10:32:37.579719][INFO][seed92] 
[P([3]) [0.894, 0.106], P([2]) [0.002, 0.0, 0.044, 0.001, 0.005, 0.004, 0.001, 0.943], P([1, 3]) [1.0, 0.0, 0.0, 1.0], P([0, 1, 2]) [1.0, 0.0, 0.0, 1.0, 0.0, 0.0, 1.0, 0.0, 0.0, 0.0, 1.0, 0.0, 1.0, 0.0, 0.0, 0.0, 0.0, 1.0, 0.0, 1.0, 0.0, 1.0, 0.0, 0.0, 0.0, 1.0, 0.0, 0.0, 1.0, 0.0, 0.0, 0.0, 1.0, 1.0, 0.0, 0.0, 0.0, 0.0, 1.0, 0.0, 1.0, 0.0, 0.0, 0.0, 1.0, 0.0, 0.0, 1.0]]

[2024-10-14T10:32:37.598431][INFO][seed100] simple_nparents1_nzr08_zdr05_ysize3_100
[2024-10-14T10:32:37.604486][INFO][seed33] U cardinality: 9
[2024-10-14T10:32:37.612][INFO][seed33] !0 = [0, 1, 3, 4, 5, 7, 8]
[2024-10-14T10:32:37.612837][INFO][seed33] 0 = [2, 6]
[2024-10-14T10:32:37.619859][INFO][seed33] Dropping state 2
[2024-10-14T10:32:37.624977][INFO][seed165] U cardinality: 9
[2024-10-14T10:32:37.629495][INFO][seed33] U cardinality: 8
[2024-10-14T10:32:37.633889][INFO][seed165] !0 = [0, 1, 2, 4, 5, 6, 7]
[2024-10-14T10:32:37.634706][INFO][seed165] 0 = [3, 8]
[2024-10-14T10:32:37.637820][INFO][seed33] 
[P([3]) [0.2, 0.8], P([2]) [0.002, 0.008, 0.195, 0.323, 0.451, 0.0, 0.012, 0.009], P([1, 3]) [1.0, 0.0, 0.0, 1.0], P([0, 1, 2]) [1.0, 0.0, 0.0, 1.0, 0.0, 0.0, 1.0, 0.0, 0.0, 0.0, 1.0, 0.0, 0.0, 1.0, 0.0, 1.0, 0.0, 0.0, 0.0, 1.0, 0.0, 0.0, 1.0, 0.0, 0.0, 1.0, 0.0, 0.0, 0.0, 1.0, 0.0, 0.0, 1.0, 1.0, 0.0, 0.0, 0.0, 0.0, 1.0, 0.0, 1.0, 0.0, 0.0, 0.0, 1.0, 0.0, 0.0, 1.0]]

[2024-10-14T10:32:37.645496][INFO][seed165] Dropping state 8
[2024-10-14T10:32:37.647492][INFO][seed165] Dropping state 3
[2024-10-14T10:32:37.651676][INFO][seed165] U cardinality: 7
[2024-10-14T10:32:37.661306][INFO][seed165] 
[P([3]) [0.584, 0.416], P([2]) [0.205, 0.325, 0.001, 0.007, 0.003, 0.393, 0.066], P([1, 3]) [1.0, 0.0, 0.0, 1.0], P([0, 1, 2]) [1.0, 0.0, 0.0, 1.0, 0.0, 0.0, 1.0, 0.0, 0.0, 0.0, 1.0, 0.0, 1.0, 0.0, 0.0, 0.0, 0.0, 1.0, 0.0, 1.0, 0.0, 0.0, 1.0, 0.0, 0.0, 1.0, 0.0, 0.0, 0.0, 1.0, 0.0, 0.0, 1.0, 1.0, 0.0, 0.0, 0.0, 0.0, 1.0, 0.0, 1.0, 0.0]]

[2024-10-14T10:32:37.728253][INFO][seed145] Set up logging
[2024-10-14T10:32:37.743829][INFO][seed145] args: -np;1;-nzr;0.8;-zdr;0.5;-o;/mnt/beegfs/rcabanas/dev/credici/papers/zeros/models/s3;-rw;-s;145;-ys;3
[2024-10-14T10:32:37.746154][INFO][seed160] PS(V1,V0) in [0.0, 1.0]
[2024-10-14T10:32:37.754342][INFO][seed160] PN(V1,V0) in [0.0, 0.20250186809841417] 
[2024-10-14T10:32:37.755281][INFO][seed145] Starting logger with seed 145
[2024-10-14T10:32:37.756046][INFO][seed161] Sampled 1000 data instances
[2024-10-14T10:32:37.756467][INFO][seed161] Starting exact inference 
[2024-10-14T10:32:37.743808][INFO][seed59] Set up logging
[2024-10-14T10:32:37.778352][INFO][seed59] args: -np;1;-nzr;0.8;-zdr;0.5;-o;/mnt/beegfs/rcabanas/dev/credici/papers/zeros/models/s3;-rw;-s;59;-ys;3
[2024-10-14T10:32:37.779285][INFO][seed145] simple_nparents1_nzr08_zdr05_ysize3_145
[2024-10-14T10:32:37.781461][INFO][seed59] Starting logger with seed 59
[2024-10-14T10:32:37.791131][INFO][seed160] Saved data to: /mnt/beegfs/rcabanas/dev/credici/papers/zeros/models/s3/simple_nparents1_nzr08_zdr05_ysize3_160.csv
[2024-10-14T10:32:37.799243][INFO][seed168] Sampled 1000 data instances
[2024-10-14T10:32:37.799775][INFO][seed168] Starting exact inference 
[2024-10-14T10:32:37.805758][INFO][seed160] Saved model to: /mnt/beegfs/rcabanas/dev/credici/papers/zeros/models/s3/simple_nparents1_nzr08_zdr05_ysize3_160.uai
[2024-10-14T10:32:37.811419][INFO][seed59] simple_nparents1_nzr08_zdr05_ysize3_59
[2024-10-14T10:32:37.812126][INFO][seed160] Saved queries to: /mnt/beegfs/rcabanas/dev/credici/papers/zeros/models/s3/simple_nparents1_nzr08_zdr05_ysize3_160_query.csv
[2024-10-14T10:32:37.812250][INFO][seed160] Closing log file
[2024-10-14T10:32:37.812327][INFO][seed160] Closed log file
['genn.py', '1', '0.8', '0.5', '147', '3']
[2024-10-14T10:32:37.866008][INFO][seed92] Sampled 1000 data instances
[2024-10-14T10:32:37.866611][INFO][seed92] Starting exact inference 
1 0.8 0.5 147
/mnt/beegfs/rcabanas/dev/credici/papers/zeros/code/GenerateNparents.java
[2024-10-14T10:32:37.922496][INFO][seed33] Sampled 1000 data instances
[2024-10-14T10:32:37.922664][INFO][seed33] Starting exact inference 
[2024-10-14T10:32:37.942223][INFO][seed100] U cardinality: 9
[2024-10-14T10:32:37.943111][INFO][seed165] Sampled 1000 data instances
[2024-10-14T10:32:37.943542][INFO][seed165] Starting exact inference 
[2024-10-14T10:32:37.948774][INFO][seed100] !0 = [1, 2, 3, 4, 5, 7, 8]
[2024-10-14T10:32:37.949335][INFO][seed100] 0 = [0, 6]
[2024-10-14T10:32:37.956425][INFO][seed100] Dropping state 6
[2024-10-14T10:32:37.957805][INFO][seed100] Dropping state 0
[2024-10-14T10:32:37.960724][INFO][seed63] U cardinality: 9
[2024-10-14T10:32:37.965090][INFO][seed100] U cardinality: 7
[2024-10-14T10:32:37.970579][INFO][seed63] !0 = [1, 2, 3, 5, 6, 7, 8]
[2024-10-14T10:32:37.971245][INFO][seed63] 0 = [0, 4]
[2024-10-14T10:32:37.979207][INFO][seed100] 
[P([3]) [0.627, 0.373], P([2]) [0.001, 0.002, 0.001, 0.645, 0.001, 0.001, 0.349], P([1, 3]) [1.0, 0.0, 0.0, 1.0], P([0, 1, 2]) [1.0, 0.0, 0.0, 0.0, 1.0, 0.0, 1.0, 0.0, 0.0, 0.0, 0.0, 1.0, 0.0, 1.0, 0.0, 1.0, 0.0, 0.0, 0.0, 1.0, 0.0, 0.0, 1.0, 0.0, 0.0, 1.0, 0.0, 0.0, 0.0, 1.0, 0.0, 0.0, 1.0, 0.0, 1.0, 0.0, 0.0, 0.0, 1.0, 0.0, 0.0, 1.0]]

[2024-10-14T10:32:37.982758][INFO][seed63] Dropping state 4
[2024-10-14T10:32:37.984876][INFO][seed63] Dropping state 0
[2024-10-14T10:32:37.989677][INFO][seed63] U cardinality: 7
[2024-10-14T10:32:38.011661][INFO][seed63] 
[P([3]) [0.794, 0.206], P([2]) [0.014, 0.026, 0.018, 0.374, 0.001, 0.016, 0.551], P([1, 3]) [1.0, 0.0, 0.0, 1.0], P([0, 1, 2]) [1.0, 0.0, 0.0, 0.0, 1.0, 0.0, 1.0, 0.0, 0.0, 0.0, 0.0, 1.0, 0.0, 1.0, 0.0, 1.0, 0.0, 0.0, 0.0, 1.0, 0.0, 0.0, 0.0, 1.0, 0.0, 0.0, 1.0, 1.0, 0.0, 0.0, 0.0, 0.0, 1.0, 0.0, 1.0, 0.0, 0.0, 0.0, 1.0, 0.0, 0.0, 1.0]]

[2024-10-14T10:32:38.045287][INFO][seed181] Set up logging
[2024-10-14T10:32:38.087644][INFO][seed181] args: -np;1;-nzr;0.8;-zdr;0.5;-o;/mnt/beegfs/rcabanas/dev/credici/papers/zeros/models/s3;-rw;-s;181;-ys;3
[2024-10-14T10:32:38.090900][INFO][seed181] Starting logger with seed 181
[2024-10-14T10:32:38.105157][INFO][seed145] U cardinality: 9
[2024-10-14T10:32:38.109861][INFO][seed181] simple_nparents1_nzr08_zdr05_ysize3_181
[2024-10-14T10:32:38.112400][INFO][seed145] !0 = [0, 1, 2, 4, 6, 7, 8]
[2024-10-14T10:32:38.113143][INFO][seed145] 0 = [3, 5]
[2024-10-14T10:32:38.115838][INFO][seed145] U cardinality: 9
[2024-10-14T10:32:38.123098][INFO][seed145] 
[P([3]) [0.563, 0.437], P([2]) [0.107, 0.001, 0.037, 0.0, 0.016, 0.0, 0.002, 0.002, 0.835], P([1, 3]) [1.0, 0.0, 0.0, 1.0], P([0, 1, 2]) [1.0, 0.0, 0.0, 1.0, 0.0, 0.0, 1.0, 0.0, 0.0, 0.0, 1.0, 0.0, 1.0, 0.0, 0.0, 0.0, 0.0, 1.0, 0.0, 1.0, 0.0, 1.0, 0.0, 0.0, 0.0, 1.0, 0.0, 0.0, 1.0, 0.0, 0.0, 1.0, 0.0, 0.0, 0.0, 1.0, 0.0, 0.0, 1.0, 1.0, 0.0, 0.0, 0.0, 0.0, 1.0, 0.0, 1.0, 0.0, 0.0, 0.0, 1.0, 0.0, 0.0, 1.0]]

[2024-10-14T10:32:38.101110][INFO][seed102] Set up logging
[2024-10-14T10:32:38.132331][INFO][seed102] args: -np;1;-nzr;0.8;-zdr;0.5;-o;/mnt/beegfs/rcabanas/dev/credici/papers/zeros/models/s3;-rw;-s;102;-ys;3
[2024-10-14T10:32:38.135080][INFO][seed102] Starting logger with seed 102
[2024-10-14T10:32:38.156440][INFO][seed102] simple_nparents1_nzr08_zdr05_ysize3_102
['genn.py', '1', '0.8', '0.5', '129', '3']
1 0.8 0.5 129
/mnt/beegfs/rcabanas/dev/credici/papers/zeros/code/GenerateNparents.java
[2024-10-14T10:32:38.244106][INFO][seed100] Sampled 1000 data instances
[2024-10-14T10:32:38.244515][INFO][seed100] Starting exact inference 
[2024-10-14T10:32:38.261600][INFO][seed63] Sampled 1000 data instances
[2024-10-14T10:32:38.262189][INFO][seed63] Starting exact inference 
[2024-10-14T10:32:38.300504][INFO][seed59] U cardinality: 9
[2024-10-14T10:32:38.311017][INFO][seed59] !0 = [1, 2, 3, 4, 5, 7, 8]
[2024-10-14T10:32:38.311718][INFO][seed59] 0 = [0, 6]
[2024-10-14T10:32:38.319715][INFO][seed59] Dropping state 6
[2024-10-14T10:32:38.324158][INFO][seed59] U cardinality: 8
[2024-10-14T10:32:38.348418][INFO][seed59] 
[P([3]) [0.026, 0.974], P([2]) [0.0, 0.127, 0.536, 0.276, 0.001, 0.024, 0.003, 0.033], P([1, 3]) [1.0, 0.0, 0.0, 1.0], P([0, 1, 2]) [1.0, 0.0, 0.0, 1.0, 0.0, 0.0, 1.0, 0.0, 0.0, 0.0, 1.0, 0.0, 1.0, 0.0, 0.0, 0.0, 0.0, 1.0, 0.0, 1.0, 0.0, 1.0, 0.0, 0.0, 0.0, 1.0, 0.0, 0.0, 1.0, 0.0, 0.0, 1.0, 0.0, 0.0, 0.0, 1.0, 0.0, 0.0, 1.0, 0.0, 1.0, 0.0, 0.0, 0.0, 1.0, 0.0, 0.0, 1.0]]

[2024-10-14T10:32:38.380523][INFO][seed145] Sampled 1000 data instances
[2024-10-14T10:32:38.381][INFO][seed145] Starting exact inference 
[2024-10-14T10:32:38.410231][INFO][seed181] U cardinality: 9
[2024-10-14T10:32:38.372685][INFO][seed113] Set up logging
[2024-10-14T10:32:38.413120][INFO][seed113] args: -np;1;-nzr;0.8;-zdr;0.5;-o;/mnt/beegfs/rcabanas/dev/credici/papers/zeros/models/s3;-rw;-s;113;-ys;3
[2024-10-14T10:32:38.415455][INFO][seed113] Starting logger with seed 113
[2024-10-14T10:32:38.417538][INFO][seed181] !0 = [0, 2, 3, 4, 6, 7, 8]
[2024-10-14T10:32:38.418162][INFO][seed181] 0 = [1, 5]
[2024-10-14T10:32:38.425391][INFO][seed181] Dropping state 5
[2024-10-14T10:32:38.429545][INFO][seed113] simple_nparents1_nzr08_zdr05_ysize3_113
[2024-10-14T10:32:38.434137][INFO][seed181] U cardinality: 8
[2024-10-14T10:32:38.442331][INFO][seed181] 
[P([3]) [0.637, 0.363], P([2]) [0.339, 0.0, 0.175, 0.001, 0.013, 0.223, 0.227, 0.022], P([1, 3]) [1.0, 0.0, 0.0, 1.0], P([0, 1, 2]) [1.0, 0.0, 0.0, 1.0, 0.0, 0.0, 1.0, 0.0, 0.0, 0.0, 1.0, 0.0, 1.0, 0.0, 0.0, 0.0, 0.0, 1.0, 0.0, 1.0, 0.0, 1.0, 0.0, 0.0, 0.0, 1.0, 0.0, 0.0, 1.0, 0.0, 0.0, 0.0, 1.0, 1.0, 0.0, 0.0, 0.0, 0.0, 1.0, 0.0, 1.0, 0.0, 0.0, 0.0, 1.0, 0.0, 0.0, 1.0]]

[2024-10-14T10:32:38.442143][INFO][seed180] Set up logging
[2024-10-14T10:32:38.473227][INFO][seed180] args: -np;1;-nzr;0.8;-zdr;0.5;-o;/mnt/beegfs/rcabanas/dev/credici/papers/zeros/models/s3;-rw;-s;180;-ys;3
[2024-10-14T10:32:38.475898][INFO][seed180] Starting logger with seed 180
[2024-10-14T10:32:38.494456][INFO][seed180] simple_nparents1_nzr08_zdr05_ysize3_180
[2024-10-14T10:32:38.613986][INFO][seed102] U cardinality: 9
[2024-10-14T10:32:38.625190][INFO][seed102] !0 = [0, 3, 4, 5, 6, 7, 8]
[2024-10-14T10:32:38.626373][INFO][seed102] 0 = [1, 2]
[2024-10-14T10:32:38.633761][INFO][seed102] Dropping state 2
[2024-10-14T10:32:38.637444][INFO][seed102] U cardinality: 8
[2024-10-14T10:32:38.642754][INFO][seed59] Sampled 1000 data instances
[2024-10-14T10:32:38.643355][INFO][seed59] Starting exact inference 
[2024-10-14T10:32:38.661446][INFO][seed102] 
[P([3]) [0.782, 0.218], P([2]) [0.001, 0.0, 0.421, 0.001, 0.003, 0.001, 0.556, 0.017], P([1, 3]) [1.0, 0.0, 0.0, 1.0], P([0, 1, 2]) [1.0, 0.0, 0.0, 1.0, 0.0, 0.0, 1.0, 0.0, 0.0, 0.0, 1.0, 0.0, 0.0, 1.0, 0.0, 1.0, 0.0, 0.0, 0.0, 1.0, 0.0, 0.0, 1.0, 0.0, 0.0, 1.0, 0.0, 0.0, 0.0, 1.0, 0.0, 0.0, 1.0, 1.0, 0.0, 0.0, 0.0, 0.0, 1.0, 0.0, 1.0, 0.0, 0.0, 0.0, 1.0, 0.0, 0.0, 1.0]]

[2024-10-14T10:32:38.730123][INFO][seed181] Sampled 1000 data instances
[2024-10-14T10:32:38.730627][INFO][seed181] Starting exact inference 
Removed 000
Removed 000
Removed 000
Removed 000
Error in variable: 2
[2024-10-14T10:32:38.791212][INFO][seed168] No feasible solution... resampling
[2024-10-14T10:32:38.807596][INFO][seed180] U cardinality: 9
[2024-10-14T10:32:38.815817][INFO][seed180] !0 = [1, 2, 3, 4, 6, 7, 8]
[2024-10-14T10:32:38.816563][INFO][seed180] 0 = [0, 5]
[2024-10-14T10:32:38.819441][INFO][seed180] U cardinality: 9
[2024-10-14T10:32:38.828239][INFO][seed180] 
[P([3]) [0.842, 0.158], P([2]) [0.0, 0.007, 0.064, 0.091, 0.003, 0.0, 0.001, 0.003, 0.831], P([1, 3]) [1.0, 0.0, 0.0, 1.0], P([0, 1, 2]) [1.0, 0.0, 0.0, 1.0, 0.0, 0.0, 1.0, 0.0, 0.0, 0.0, 1.0, 0.0, 1.0, 0.0, 0.0, 0.0, 0.0, 1.0, 0.0, 1.0, 0.0, 1.0, 0.0, 0.0, 0.0, 1.0, 0.0, 0.0, 1.0, 0.0, 0.0, 1.0, 0.0, 0.0, 0.0, 1.0, 0.0, 0.0, 1.0, 1.0, 0.0, 0.0, 0.0, 0.0, 1.0, 0.0, 1.0, 0.0, 0.0, 0.0, 1.0, 0.0, 0.0, 1.0]]

[2024-10-14T10:32:38.890081][INFO][seed113] U cardinality: 9
[2024-10-14T10:32:38.893569][INFO][seed161] PS(V1,V0) in [0.0, 0.5705882352941176]
[2024-10-14T10:32:38.894281][INFO][seed168] Sampled 1100 data instances
[2024-10-14T10:32:38.899184][INFO][seed168] Starting exact inference 
[2024-10-14T10:32:38.900031][INFO][seed113] !0 = [0, 1, 4, 5, 6, 7, 8]
[2024-10-14T10:32:38.900968][INFO][seed113] 0 = [2, 3]
[2024-10-14T10:32:38.906786][INFO][seed161] PN(V1,V0) in [0.0, 0.0011198596134752593] 
[2024-10-14T10:32:38.908882][INFO][seed113] Dropping state 3
[2024-10-14T10:32:38.913122][INFO][seed113] U cardinality: 8
[2024-10-14T10:32:38.936404][INFO][seed113] 
[P([3]) [0.959, 0.041], P([2]) [0.006, 0.002, 0.0, 0.487, 0.084, 0.001, 0.254, 0.166], P([1, 3]) [1.0, 0.0, 0.0, 1.0], P([0, 1, 2]) [1.0, 0.0, 0.0, 1.0, 0.0, 0.0, 1.0, 0.0, 0.0, 0.0, 1.0, 0.0, 1.0, 0.0, 0.0, 0.0, 0.0, 1.0, 0.0, 1.0, 0.0, 0.0, 1.0, 0.0, 0.0, 1.0, 0.0, 0.0, 0.0, 1.0, 0.0, 0.0, 1.0, 1.0, 0.0, 0.0, 0.0, 0.0, 1.0, 0.0, 1.0, 0.0, 0.0, 0.0, 1.0, 0.0, 0.0, 1.0]]

[2024-10-14T10:32:38.921819][INFO][seed170] Set up logging
[2024-10-14T10:32:38.945205][INFO][seed102] Sampled 1000 data instances
[2024-10-14T10:32:38.945860][INFO][seed170] args: -np;1;-nzr;0.8;-zdr;0.5;-o;/mnt/beegfs/rcabanas/dev/credici/papers/zeros/models/s3;-rw;-s;170;-ys;3
[2024-10-14T10:32:38.945960][INFO][seed102] Starting exact inference 
[2024-10-14T10:32:38.946243][INFO][seed161] Saved data to: /mnt/beegfs/rcabanas/dev/credici/papers/zeros/models/s3/simple_nparents1_nzr08_zdr05_ysize3_161.csv
[2024-10-14T10:32:38.947281][INFO][seed170] Starting logger with seed 170
[2024-10-14T10:32:38.964794][INFO][seed170] simple_nparents1_nzr08_zdr05_ysize3_170
[2024-10-14T10:32:38.981489][INFO][seed161] Saved model to: /mnt/beegfs/rcabanas/dev/credici/papers/zeros/models/s3/simple_nparents1_nzr08_zdr05_ysize3_161.uai
[2024-10-14T10:32:38.987434][INFO][seed161] Saved queries to: /mnt/beegfs/rcabanas/dev/credici/papers/zeros/models/s3/simple_nparents1_nzr08_zdr05_ysize3_161_query.csv
[2024-10-14T10:32:38.987553][INFO][seed161] Closing log file
[2024-10-14T10:32:38.987583][INFO][seed161] Closed log file
[2024-10-14T10:32:38.986838][INFO][seed81] Set up logging
[2024-10-14T10:32:39.013601][INFO][seed81] args: -np;1;-nzr;0.8;-zdr;0.5;-o;/mnt/beegfs/rcabanas/dev/credici/papers/zeros/models/s3;-rw;-s;81;-ys;3
[2024-10-14T10:32:39.015106][INFO][seed81] Starting logger with seed 81
[2024-10-14T10:32:39.019694][INFO][seed81] simple_nparents1_nzr08_zdr05_ysize3_81
[2024-10-14T10:32:39.067314][INFO][seed92] PS(V1,V0) in [0.0, 0.07816229116945107]
[2024-10-14T10:32:39.087721][INFO][seed92] PN(V1,V0) in [0.0, 0.4128151260504202] 
[2024-10-14T10:32:39.093372][INFO][seed165] PS(V1,V0) in [0.0, 0.6569580484198855]
[2024-10-14T10:32:39.108291][INFO][seed165] PN(V1,V0) in [0.0, 0.9602636483967693] 
[2024-10-14T10:32:39.127665][INFO][seed180] Sampled 1000 data instances
[2024-10-14T10:32:39.129479][INFO][seed180] Starting exact inference 
[2024-10-14T10:32:39.120253][INFO][seed97] Set up logging
[2024-10-14T10:32:39.126788][INFO][seed170] U cardinality: 9
[2024-10-14T10:32:39.130668][INFO][seed170] !0 = [0, 1, 2, 3, 4, 6, 7]
[2024-10-14T10:32:39.130937][INFO][seed170] 0 = [5, 8]
[2024-10-14T10:32:39.136666][INFO][seed170] Dropping state 5
[2024-10-14T10:32:39.136488][INFO][seed97] args: -np;1;-nzr;0.8;-zdr;0.5;-o;/mnt/beegfs/rcabanas/dev/credici/papers/zeros/models/s3;-rw;-s;97;-ys;3
[2024-10-14T10:32:39.139157][INFO][seed92] Saved data to: /mnt/beegfs/rcabanas/dev/credici/papers/zeros/models/s3/simple_nparents1_nzr08_zdr05_ysize3_92.csv
[2024-10-14T10:32:39.140970][INFO][seed170] U cardinality: 8
[2024-10-14T10:32:39.144541][INFO][seed170] 
[P([3]) [0.38, 0.62], P([2]) [0.075, 0.38, 0.001, 0.098, 0.004, 0.02, 0.422, 0.0], P([1, 3]) [1.0, 0.0, 0.0, 1.0], P([0, 1, 2]) [1.0, 0.0, 0.0, 1.0, 0.0, 0.0, 1.0, 0.0, 0.0, 0.0, 1.0, 0.0, 1.0, 0.0, 0.0, 0.0, 0.0, 1.0, 0.0, 1.0, 0.0, 1.0, 0.0, 0.0, 0.0, 1.0, 0.0, 0.0, 1.0, 0.0, 0.0, 0.0, 1.0, 1.0, 0.0, 0.0, 0.0, 0.0, 1.0, 0.0, 1.0, 0.0, 0.0, 0.0, 1.0, 0.0, 0.0, 1.0]]

[2024-10-14T10:32:39.153089][INFO][seed92] Saved model to: /mnt/beegfs/rcabanas/dev/credici/papers/zeros/models/s3/simple_nparents1_nzr08_zdr05_ysize3_92.uai
[2024-10-14T10:32:39.148100][INFO][seed97] Starting logger with seed 97
[2024-10-14T10:32:39.154578][INFO][seed97] simple_nparents1_nzr08_zdr05_ysize3_97
[2024-10-14T10:32:39.159808][INFO][seed92] Saved queries to: /mnt/beegfs/rcabanas/dev/credici/papers/zeros/models/s3/simple_nparents1_nzr08_zdr05_ysize3_92_query.csv
[2024-10-14T10:32:39.160110][INFO][seed92] Closing log file
[2024-10-14T10:32:39.160202][INFO][seed92] Closed log file
[2024-10-14T10:32:39.160714][INFO][seed165] Saved data to: /mnt/beegfs/rcabanas/dev/credici/papers/zeros/models/s3/simple_nparents1_nzr08_zdr05_ysize3_165.csv
[2024-10-14T10:32:39.167362][INFO][seed33] PS(V1,V0) in [0.0, 1.0]
[2024-10-14T10:32:39.186434][INFO][seed165] Saved model to: /mnt/beegfs/rcabanas/dev/credici/papers/zeros/models/s3/simple_nparents1_nzr08_zdr05_ysize3_165.uai
[2024-10-14T10:32:39.192706][INFO][seed165] Saved queries to: /mnt/beegfs/rcabanas/dev/credici/papers/zeros/models/s3/simple_nparents1_nzr08_zdr05_ysize3_165_query.csv
[2024-10-14T10:32:39.192941][INFO][seed165] Closing log file
[2024-10-14T10:32:39.193042][INFO][seed165] Closed log file
[2024-10-14T10:32:39.193985][INFO][seed33] PN(V1,V0) in [0.0, 0.09004071885619815] 
[2024-10-14T10:32:39.210525][INFO][seed81] U cardinality: 9
[2024-10-14T10:32:39.215378][INFO][seed81] !0 = [1, 2, 4, 5, 6, 7, 8]
[2024-10-14T10:32:39.217581][INFO][seed81] 0 = [0, 3]
[2024-10-14T10:32:39.222667][INFO][seed81] Dropping state 0
[2024-10-14T10:32:39.226829][INFO][seed81] U cardinality: 8
[2024-10-14T10:32:39.240934][INFO][seed81] 
[P([3]) [0.853, 0.147], P([2]) [0.377, 0.004, 0.0, 0.003, 0.002, 0.001, 0.278, 0.335], P([1, 3]) [1.0, 0.0, 0.0, 1.0], P([0, 1, 2]) [1.0, 0.0, 0.0, 0.0, 1.0, 0.0, 1.0, 0.0, 0.0, 0.0, 0.0, 1.0, 0.0, 1.0, 0.0, 1.0, 0.0, 0.0, 0.0, 1.0, 0.0, 0.0, 1.0, 0.0, 0.0, 1.0, 0.0, 0.0, 0.0, 1.0, 0.0, 0.0, 1.0, 1.0, 0.0, 0.0, 0.0, 0.0, 1.0, 0.0, 1.0, 0.0, 0.0, 0.0, 1.0, 0.0, 0.0, 1.0]]

[2024-10-14T10:32:39.244826][INFO][seed168] No feasible solution... resampling
[2024-10-14T10:32:39.246060][INFO][seed33] Saved data to: /mnt/beegfs/rcabanas/dev/credici/papers/zeros/models/s3/simple_nparents1_nzr08_zdr05_ysize3_33.csv
[2024-10-14T10:32:39.250530][INFO][seed113] Sampled 1000 data instances
[2024-10-14T10:32:39.251246][INFO][seed113] Starting exact inference 
[2024-10-14T10:32:39.282371][INFO][seed33] Saved model to: /mnt/beegfs/rcabanas/dev/credici/papers/zeros/models/s3/simple_nparents1_nzr08_zdr05_ysize3_33.uai
[2024-10-14T10:32:39.288996][INFO][seed33] Saved queries to: /mnt/beegfs/rcabanas/dev/credici/papers/zeros/models/s3/simple_nparents1_nzr08_zdr05_ysize3_33_query.csv
[2024-10-14T10:32:39.289116][INFO][seed33] Closing log file
[2024-10-14T10:32:39.289144][INFO][seed33] Closed log file
[2024-10-14T10:32:39.278783][INFO][seed54] Set up logging
[2024-10-14T10:32:39.304161][INFO][seed54] args: -np;1;-nzr;0.8;-zdr;0.5;-o;/mnt/beegfs/rcabanas/dev/credici/papers/zeros/models/s3;-rw;-s;54;-ys;3
[2024-10-14T10:32:39.305631][INFO][seed54] Starting logger with seed 54
[2024-10-14T10:32:39.317990][INFO][seed54] simple_nparents1_nzr08_zdr05_ysize3_54
[2024-10-14T10:32:39.339563][INFO][seed170] Sampled 1000 data instances
[2024-10-14T10:32:39.339653][INFO][seed170] Starting exact inference 
[2024-10-14T10:32:39.345961][INFO][seed97] U cardinality: 9
[2024-10-14T10:32:39.350139][INFO][seed97] !0 = [0, 1, 2, 3, 6, 7, 8]
[2024-10-14T10:32:39.350424][INFO][seed97] 0 = [4, 5]
[2024-10-14T10:32:39.354577][INFO][seed97] U cardinality: 9
[2024-10-14T10:32:39.356083][INFO][seed100] PS(V1,V0) in [0.0, 1.0]
[2024-10-14T10:32:39.359051][INFO][seed97] 
[P([3]) [0.986, 0.014], P([2]) [0.048, 0.014, 0.001, 0.385, 0.0, 0.0, 0.542, 0.003, 0.007], P([1, 3]) [1.0, 0.0, 0.0, 1.0], P([0, 1, 2]) [1.0, 0.0, 0.0, 1.0, 0.0, 0.0, 1.0, 0.0, 0.0, 0.0, 1.0, 0.0, 1.0, 0.0, 0.0, 0.0, 0.0, 1.0, 0.0, 1.0, 0.0, 1.0, 0.0, 0.0, 0.0, 1.0, 0.0, 0.0, 1.0, 0.0, 0.0, 1.0, 0.0, 0.0, 0.0, 1.0, 0.0, 0.0, 1.0, 1.0, 0.0, 0.0, 0.0, 0.0, 1.0, 0.0, 1.0, 0.0, 0.0, 0.0, 1.0, 0.0, 0.0, 1.0]]

[2024-10-14T10:32:39.374694][INFO][seed100] PN(V1,V0) in [0.0, 0.007619351239340082] 
[2024-10-14T10:32:39.384105][INFO][seed168] Sampled 1200 data instances
[2024-10-14T10:32:39.384684][INFO][seed168] Starting exact inference 
[2024-10-14T10:32:39.426162][INFO][seed100] Saved data to: /mnt/beegfs/rcabanas/dev/credici/papers/zeros/models/s3/simple_nparents1_nzr08_zdr05_ysize3_100.csv
[2024-10-14T10:32:39.431629][INFO][seed81] Sampled 1000 data instances
[2024-10-14T10:32:39.431850][INFO][seed81] Starting exact inference 
[2024-10-14T10:32:39.408607][INFO][seed179] Set up logging
[2024-10-14T10:32:39.435243][INFO][seed179] args: -np;1;-nzr;0.8;-zdr;0.5;-o;/mnt/beegfs/rcabanas/dev/credici/papers/zeros/models/s3;-rw;-s;179;-ys;3
[2024-10-14T10:32:39.448131][INFO][seed63] PS(V1,V0) in [0.0, 1.0]
[2024-10-14T10:32:39.451074][INFO][seed100] Saved model to: /mnt/beegfs/rcabanas/dev/credici/papers/zeros/models/s3/simple_nparents1_nzr08_zdr05_ysize3_100.uai
[2024-10-14T10:32:39.450765][INFO][seed179] Starting logger with seed 179
[2024-10-14T10:32:39.457194][INFO][seed63] PN(V1,V0) in [0.0, 0.7498404594767071] 
[2024-10-14T10:32:39.460342][INFO][seed54] U cardinality: 9
[2024-10-14T10:32:39.464419][INFO][seed54] !0 = [2, 3, 4, 5, 6, 7, 8]
[2024-10-14T10:32:39.464703][INFO][seed54] 0 = [0, 1]
[2024-10-14T10:32:39.466207][INFO][seed54] U cardinality: 9
[2024-10-14T10:32:39.467494][INFO][seed100] Saved queries to: /mnt/beegfs/rcabanas/dev/credici/papers/zeros/models/s3/simple_nparents1_nzr08_zdr05_ysize3_100_query.csv
[2024-10-14T10:32:39.467623][INFO][seed100] Closing log file
[2024-10-14T10:32:39.467652][INFO][seed100] Closed log file
[2024-10-14T10:32:39.469079][INFO][seed179] simple_nparents1_nzr08_zdr05_ysize3_179
[2024-10-14T10:32:39.472038][INFO][seed54] 
[P([3]) [0.049, 0.951], P([2]) [0.0, 0.0, 0.018, 0.041, 0.008, 0.354, 0.024, 0.227, 0.328], P([1, 3]) [1.0, 0.0, 0.0, 1.0], P([0, 1, 2]) [1.0, 0.0, 0.0, 1.0, 0.0, 0.0, 1.0, 0.0, 0.0, 0.0, 1.0, 0.0, 1.0, 0.0, 0.0, 0.0, 0.0, 1.0, 0.0, 1.0, 0.0, 1.0, 0.0, 0.0, 0.0, 1.0, 0.0, 0.0, 1.0, 0.0, 0.0, 1.0, 0.0, 0.0, 0.0, 1.0, 0.0, 0.0, 1.0, 1.0, 0.0, 0.0, 0.0, 0.0, 1.0, 0.0, 1.0, 0.0, 0.0, 0.0, 1.0, 0.0, 0.0, 1.0]]

[2024-10-14T10:32:39.507176][INFO][seed63] Saved data to: /mnt/beegfs/rcabanas/dev/credici/papers/zeros/models/s3/simple_nparents1_nzr08_zdr05_ysize3_63.csv
[2024-10-14T10:32:39.526162][INFO][seed63] Saved model to: /mnt/beegfs/rcabanas/dev/credici/papers/zeros/models/s3/simple_nparents1_nzr08_zdr05_ysize3_63.uai
[2024-10-14T10:32:39.531681][INFO][seed63] Saved queries to: /mnt/beegfs/rcabanas/dev/credici/papers/zeros/models/s3/simple_nparents1_nzr08_zdr05_ysize3_63_query.csv
[2024-10-14T10:32:39.531860][INFO][seed63] Closing log file
[2024-10-14T10:32:39.531949][INFO][seed63] Closed log file
[2024-10-14T10:32:39.564763][INFO][seed97] Sampled 1000 data instances
[2024-10-14T10:32:39.565001][INFO][seed97] Starting exact inference 
[2024-10-14T10:32:39.571093][INFO][seed168] No feasible solution... resampling
['genn.py', '1', '0.8', '0.5', '27', '3']
1 0.8 0.5 27
/mnt/beegfs/rcabanas/dev/credici/papers/zeros/code/GenerateNparents.java
['genn.py', '1', '0.8', '0.5', '39', '3']
[2024-10-14T10:32:39.648569][INFO][seed145] PS(V1,V0) in [0.0, 0.09573746221701314]
[2024-10-14T10:32:39.659995][INFO][seed145] PN(V1,V0) in [0.0, 1.0] 
[2024-10-14T10:32:39.663498][INFO][seed54] Sampled 1000 data instances
[2024-10-14T10:32:39.663624][INFO][seed54] Starting exact inference 
1 0.8 0.5 39
/mnt/beegfs/rcabanas/dev/credici/papers/zeros/code/GenerateNparents.java
[2024-10-14T10:32:39.678479][INFO][seed168] Sampled 1300 data instances
[2024-10-14T10:32:39.698796][INFO][seed168] Starting exact inference 
['genn.py', '1', '0.8', '0.5', '88', '3']
[2024-10-14T10:32:39.706096][INFO][seed145] Saved data to: /mnt/beegfs/rcabanas/dev/credici/papers/zeros/models/s3/simple_nparents1_nzr08_zdr05_ysize3_145.csv
[2024-10-14T10:32:39.739734][INFO][seed145] Saved model to: /mnt/beegfs/rcabanas/dev/credici/papers/zeros/models/s3/simple_nparents1_nzr08_zdr05_ysize3_145.uai
1 0.8 0.5 88
/mnt/beegfs/rcabanas/dev/credici/papers/zeros/code/GenerateNparents.java
[2024-10-14T10:32:39.745906][INFO][seed145] Saved queries to: /mnt/beegfs/rcabanas/dev/credici/papers/zeros/models/s3/simple_nparents1_nzr08_zdr05_ysize3_145_query.csv
[2024-10-14T10:32:39.746156][INFO][seed145] Closing log file
[2024-10-14T10:32:39.746243][INFO][seed145] Closed log file
[2024-10-14T10:32:39.889100][INFO][seed168] PS(V1,V0) in [0.0, 0.0]
[2024-10-14T10:32:39.896606][INFO][seed168] PN(V1,V0) in [0.0, 0.0] 
['genn.py', '1', '0.8', '0.5', '159', '3']
[2024-10-14T10:32:39.927048][INFO][seed168] Saved data to: /mnt/beegfs/rcabanas/dev/credici/papers/zeros/models/s3/simple_nparents1_nzr08_zdr05_ysize3_168.csv
1 0.8 0.5 159
/mnt/beegfs/rcabanas/dev/credici/papers/zeros/code/GenerateNparents.java
[2024-10-14T10:32:39.950926][INFO][seed168] Saved model to: /mnt/beegfs/rcabanas/dev/credici/papers/zeros/models/s3/simple_nparents1_nzr08_zdr05_ysize3_168.uai
[2024-10-14T10:32:39.959661][INFO][seed168] Saved queries to: /mnt/beegfs/rcabanas/dev/credici/papers/zeros/models/s3/simple_nparents1_nzr08_zdr05_ysize3_168_query.csv
[2024-10-14T10:32:39.959993][INFO][seed168] Closing log file
[2024-10-14T10:32:39.960435][INFO][seed168] Closed log file
[2024-10-14T10:32:39.991547][INFO][seed147] Set up logging
[2024-10-14T10:32:40.005656][INFO][seed147] args: -np;1;-nzr;0.8;-zdr;0.5;-o;/mnt/beegfs/rcabanas/dev/credici/papers/zeros/models/s3;-rw;-s;147;-ys;3
[2024-10-14T10:32:40.007754][INFO][seed147] Starting logger with seed 147
['genn.py', '1', '0.8', '0.5', '42', '3']
[2024-10-14T10:32:40.013842][INFO][seed147] simple_nparents1_nzr08_zdr05_ysize3_147
[2024-10-14T10:32:40.038605][INFO][seed59] PS(V1,V0) in [0.0, 0.21055302612881716]
['genn.py', '1', '0.8', '0.5', '108', '3']
1 0.8 0.5 42
/mnt/beegfs/rcabanas/dev/credici/papers/zeros/code/GenerateNparents.java
[2024-10-14T10:32:40.055919][INFO][seed59] PN(V1,V0) in [0.0, 1.0] 
[2024-10-14T10:32:40.079076][INFO][seed179] U cardinality: 9
1 0.8 0.5 108
/mnt/beegfs/rcabanas/dev/credici/papers/zeros/code/GenerateNparents.java
[2024-10-14T10:32:40.087933][INFO][seed179] !0 = [0, 1, 2, 3, 4, 6, 8]
[2024-10-14T10:32:40.088700][INFO][seed179] 0 = [5, 7]
[2024-10-14T10:32:40.098951][INFO][seed179] Dropping state 7
[2024-10-14T10:32:40.101055][INFO][seed179] Dropping state 5
[2024-10-14T10:32:40.105190][INFO][seed179] U cardinality: 7
Removed 000
Removed 000
Removed 000
Removed 000
Error in variable: 2
[2024-10-14T10:32:40.110627][INFO][seed81] No feasible solution... resampling
[2024-10-14T10:32:40.118498][INFO][seed59] Saved data to: /mnt/beegfs/rcabanas/dev/credici/papers/zeros/models/s3/simple_nparents1_nzr08_zdr05_ysize3_59.csv
[2024-10-14T10:32:40.136494][INFO][seed179] 
[P([3]) [0.135, 0.865], P([2]) [0.001, 0.227, 0.003, 0.078, 0.203, 0.413, 0.075], P([1, 3]) [1.0, 0.0, 0.0, 1.0], P([0, 1, 2]) [1.0, 0.0, 0.0, 1.0, 0.0, 0.0, 1.0, 0.0, 0.0, 0.0, 1.0, 0.0, 1.0, 0.0, 0.0, 0.0, 0.0, 1.0, 0.0, 1.0, 0.0, 1.0, 0.0, 0.0, 0.0, 1.0, 0.0, 0.0, 1.0, 0.0, 0.0, 0.0, 1.0, 1.0, 0.0, 0.0, 0.0, 0.0, 1.0, 0.0, 0.0, 1.0]]

[2024-10-14T10:32:40.147830][INFO][seed59] Saved model to: /mnt/beegfs/rcabanas/dev/credici/papers/zeros/models/s3/simple_nparents1_nzr08_zdr05_ysize3_59.uai
[2024-10-14T10:32:40.157090][INFO][seed59] Saved queries to: /mnt/beegfs/rcabanas/dev/credici/papers/zeros/models/s3/simple_nparents1_nzr08_zdr05_ysize3_59_query.csv
[2024-10-14T10:32:40.157603][INFO][seed59] Closing log file
[2024-10-14T10:32:40.157708][INFO][seed59] Closed log file
[2024-10-14T10:32:40.163231][INFO][seed181] PS(V1,V0) in [0.0, 0.4424029430503319]
[2024-10-14T10:32:40.186008][INFO][seed81] Sampled 1100 data instances
[2024-10-14T10:32:40.187567][INFO][seed81] Starting exact inference 
[2024-10-14T10:32:40.193026][INFO][seed181] PN(V1,V0) in [0.0, 1.0] 
[2024-10-14T10:32:40.197563][INFO][seed147] U cardinality: 9
[2024-10-14T10:32:40.196604][INFO][seed170] PS(V1,V0) in [0.57530106476961, 1.0]
[2024-10-14T10:32:40.201992][INFO][seed170] PN(V1,V0) in [0.3027700288748593, 0.5262810160035237] 
[2024-10-14T10:32:40.202425][INFO][seed147] !0 = [1, 2, 3, 4, 5, 6, 7]
[2024-10-14T10:32:40.203116][INFO][seed147] 0 = [0, 8]
[2024-10-14T10:32:40.206083][INFO][seed147] U cardinality: 9
[2024-10-14T10:32:40.212731][INFO][seed147] 
[P([3]) [0.972, 0.028], P([2]) [0.0, 0.952, 0.024, 0.001, 0.005, 0.001, 0.002, 0.015, 0.0], P([1, 3]) [1.0, 0.0, 0.0, 1.0], P([0, 1, 2]) [1.0, 0.0, 0.0, 1.0, 0.0, 0.0, 1.0, 0.0, 0.0, 0.0, 1.0, 0.0, 1.0, 0.0, 0.0, 0.0, 0.0, 1.0, 0.0, 1.0, 0.0, 1.0, 0.0, 0.0, 0.0, 1.0, 0.0, 0.0, 1.0, 0.0, 0.0, 1.0, 0.0, 0.0, 0.0, 1.0, 0.0, 0.0, 1.0, 1.0, 0.0, 0.0, 0.0, 0.0, 1.0, 0.0, 1.0, 0.0, 0.0, 0.0, 1.0, 0.0, 0.0, 1.0]]

[2024-10-14T10:32:40.195307][INFO][seed129] Set up logging
[2024-10-14T10:32:40.221419][INFO][seed129] args: -np;1;-nzr;0.8;-zdr;0.5;-o;/mnt/beegfs/rcabanas/dev/credici/papers/zeros/models/s3;-rw;-s;129;-ys;3
[2024-10-14T10:32:40.223024][INFO][seed129] Starting logger with seed 129
[2024-10-14T10:32:40.234755][INFO][seed170] Saved data to: /mnt/beegfs/rcabanas/dev/credici/papers/zeros/models/s3/simple_nparents1_nzr08_zdr05_ysize3_170.csv
[2024-10-14T10:32:40.240513][INFO][seed129] simple_nparents1_nzr08_zdr05_ysize3_129
[2024-10-14T10:32:40.243280][INFO][seed170] Saved model to: /mnt/beegfs/rcabanas/dev/credici/papers/zeros/models/s3/simple_nparents1_nzr08_zdr05_ysize3_170.uai
[2024-10-14T10:32:40.246213][INFO][seed170] Saved queries to: /mnt/beegfs/rcabanas/dev/credici/papers/zeros/models/s3/simple_nparents1_nzr08_zdr05_ysize3_170_query.csv
[2024-10-14T10:32:40.246306][INFO][seed170] Closing log file
[2024-10-14T10:32:40.246381][INFO][seed170] Closed log file
[2024-10-14T10:32:40.258204][INFO][seed181] Saved data to: /mnt/beegfs/rcabanas/dev/credici/papers/zeros/models/s3/simple_nparents1_nzr08_zdr05_ysize3_181.csv
['genn.py', '1', '0.8', '0.5', '175', '3']
[2024-10-14T10:32:40.285445][INFO][seed181] Saved model to: /mnt/beegfs/rcabanas/dev/credici/papers/zeros/models/s3/simple_nparents1_nzr08_zdr05_ysize3_181.uai
[2024-10-14T10:32:40.293170][INFO][seed181] Saved queries to: /mnt/beegfs/rcabanas/dev/credici/papers/zeros/models/s3/simple_nparents1_nzr08_zdr05_ysize3_181_query.csv
[2024-10-14T10:32:40.293629][INFO][seed181] Closing log file
[2024-10-14T10:32:40.293719][INFO][seed181] Closed log file
1 0.8 0.5 175
/mnt/beegfs/rcabanas/dev/credici/papers/zeros/code/GenerateNparents.java
[2024-10-14T10:32:40.386717][INFO][seed97] PS(V1,V0) in [0.0, 0.0]
[2024-10-14T10:32:40.397622][INFO][seed129] U cardinality: 9
[2024-10-14T10:32:40.401614][INFO][seed129] !0 = [1, 2, 3, 4, 6, 7, 8]
[2024-10-14T10:32:40.402061][INFO][seed129] 0 = [0, 5]
[2024-10-14T10:32:40.405960][INFO][seed129] Dropping state 0
[2024-10-14T10:32:40.408591][INFO][seed129] U cardinality: 8
[2024-10-14T10:32:40.412165][INFO][seed129] 
[P([3]) [0.51, 0.49], P([2]) [0.02, 0.01, 0.766, 0.007, 0.0, 0.022, 0.167, 0.008], P([1, 3]) [1.0, 0.0, 0.0, 1.0], P([0, 1, 2]) [1.0, 0.0, 0.0, 0.0, 1.0, 0.0, 1.0, 0.0, 0.0, 0.0, 0.0, 1.0, 0.0, 1.0, 0.0, 1.0, 0.0, 0.0, 0.0, 1.0, 0.0, 0.0, 1.0, 0.0, 0.0, 1.0, 0.0, 0.0, 0.0, 1.0, 0.0, 0.0, 1.0, 1.0, 0.0, 0.0, 0.0, 0.0, 1.0, 0.0, 1.0, 0.0, 0.0, 0.0, 1.0, 0.0, 0.0, 1.0]]

[2024-10-14T10:32:40.412756][INFO][seed102] PS(V1,V0) in [0.0, 1.0]
[2024-10-14T10:32:40.416279][INFO][seed81] PS(V1,V0) in [0.024407607037526695, 1.0]
[2024-10-14T10:32:40.417893][INFO][seed147] Sampled 1000 data instances
[2024-10-14T10:32:40.417975][INFO][seed147] Starting exact inference 
[2024-10-14T10:32:40.409727][INFO][seed97] No feasible solution... resampling
[2024-10-14T10:32:40.424150][INFO][seed81] PN(V1,V0) in [0.015725588481006435, 0.6442904647239012] 
[2024-10-14T10:32:40.433575][INFO][seed102] PN(V1,V0) in [0.0, 0.0021496347300361076] 
[2024-10-14T10:32:40.438534][INFO][seed179] Sampled 1000 data instances
[2024-10-14T10:32:40.439064][INFO][seed179] Starting exact inference 
[2024-10-14T10:32:40.456702][INFO][seed81] Saved data to: /mnt/beegfs/rcabanas/dev/credici/papers/zeros/models/s3/simple_nparents1_nzr08_zdr05_ysize3_81.csv
[2024-10-14T10:32:40.467955][INFO][seed97] Sampled 1100 data instances
[2024-10-14T10:32:40.470962][INFO][seed97] Starting exact inference 
[2024-10-14T10:32:40.475890][INFO][seed81] Saved model to: /mnt/beegfs/rcabanas/dev/credici/papers/zeros/models/s3/simple_nparents1_nzr08_zdr05_ysize3_81.uai
[2024-10-14T10:32:40.479995][INFO][seed81] Saved queries to: /mnt/beegfs/rcabanas/dev/credici/papers/zeros/models/s3/simple_nparents1_nzr08_zdr05_ysize3_81_query.csv
[2024-10-14T10:32:40.480038][INFO][seed81] Closing log file
[2024-10-14T10:32:40.480062][INFO][seed81] Closed log file
[2024-10-14T10:32:40.486087][INFO][seed102] Saved data to: /mnt/beegfs/rcabanas/dev/credici/papers/zeros/models/s3/simple_nparents1_nzr08_zdr05_ysize3_102.csv
[2024-10-14T10:32:40.503774][INFO][seed54] PS(V1,V0) in [0.0, 1.0]
['genn.py', '1', '0.8', '0.5', '116', '3']
[2024-10-14T10:32:40.509675][INFO][seed102] Saved model to: /mnt/beegfs/rcabanas/dev/credici/papers/zeros/models/s3/simple_nparents1_nzr08_zdr05_ysize3_102.uai
[2024-10-14T10:32:40.519181][INFO][seed102] Saved queries to: /mnt/beegfs/rcabanas/dev/credici/papers/zeros/models/s3/simple_nparents1_nzr08_zdr05_ysize3_102_query.csv
[2024-10-14T10:32:40.519528][INFO][seed102] Closing log file
[2024-10-14T10:32:40.519615][INFO][seed102] Closed log file
[2024-10-14T10:32:40.527020][INFO][seed54] PN(V1,V0) in [0.0, 0.18485644416266642] 
1 0.8 0.5 116
/mnt/beegfs/rcabanas/dev/credici/papers/zeros/code/GenerateNparents.java
[2024-10-14T10:32:40.550861][INFO][seed54] Saved data to: /mnt/beegfs/rcabanas/dev/credici/papers/zeros/models/s3/simple_nparents1_nzr08_zdr05_ysize3_54.csv
[2024-10-14T10:32:40.564602][INFO][seed54] Saved model to: /mnt/beegfs/rcabanas/dev/credici/papers/zeros/models/s3/simple_nparents1_nzr08_zdr05_ysize3_54.uai
[2024-10-14T10:32:40.567927][INFO][seed54] Saved queries to: /mnt/beegfs/rcabanas/dev/credici/papers/zeros/models/s3/simple_nparents1_nzr08_zdr05_ysize3_54_query.csv
[2024-10-14T10:32:40.568022][INFO][seed54] Closing log file
[2024-10-14T10:32:40.568107][INFO][seed54] Closed log file
[2024-10-14T10:32:40.574077][INFO][seed180] PS(V1,V0) in [0.0, 0.08264582428716166]
[2024-10-14T10:32:40.592111][INFO][seed129] Sampled 1000 data instances
[2024-10-14T10:32:40.592364][INFO][seed129] Starting exact inference 
[2024-10-14T10:32:40.595265][INFO][seed180] PN(V1,V0) in [0.0, 1.0] 
['genn.py', '1', '0.8', '0.5', '77', '3']
[2024-10-14T10:32:40.653833][INFO][seed180] Saved data to: /mnt/beegfs/rcabanas/dev/credici/papers/zeros/models/s3/simple_nparents1_nzr08_zdr05_ysize3_180.csv
1 0.8 0.5 77
/mnt/beegfs/rcabanas/dev/credici/papers/zeros/code/GenerateNparents.java
[2024-10-14T10:32:40.679468][INFO][seed180] Saved model to: /mnt/beegfs/rcabanas/dev/credici/papers/zeros/models/s3/simple_nparents1_nzr08_zdr05_ysize3_180.uai
[2024-10-14T10:32:40.687635][INFO][seed180] Saved queries to: /mnt/beegfs/rcabanas/dev/credici/papers/zeros/models/s3/simple_nparents1_nzr08_zdr05_ysize3_180_query.csv
[2024-10-14T10:32:40.688088][INFO][seed180] Closing log file
[2024-10-14T10:32:40.688200][INFO][seed180] Closed log file
[2024-10-14T10:32:40.691348][INFO][seed97] PS(V1,V0) in [0.0, 0.0]
[2024-10-14T10:32:40.692907][INFO][seed97] No feasible solution... resampling
['genn.py', '1', '0.8', '0.5', '200', '3']
[2024-10-14T10:32:40.747551][INFO][seed113] PS(V1,V0) in [0.0, 1.0]
[2024-10-14T10:32:40.747744][INFO][seed97] Sampled 1200 data instances
[2024-10-14T10:32:40.749648][INFO][seed97] Starting exact inference 
[2024-10-14T10:32:40.757783][INFO][seed113] PN(V1,V0) in [0.0, 0.01359923531456378] 
1 0.8 0.5 200
/mnt/beegfs/rcabanas/dev/credici/papers/zeros/code/GenerateNparents.java
[2024-10-14T10:32:40.806220][INFO][seed113] Saved data to: /mnt/beegfs/rcabanas/dev/credici/papers/zeros/models/s3/simple_nparents1_nzr08_zdr05_ysize3_113.csv
['genn.py', '1', '0.8', '0.5', '174', '3']
['genn.py', '1', '0.8', '0.5', '192', '3']
[2024-10-14T10:32:40.839494][INFO][seed113] Saved model to: /mnt/beegfs/rcabanas/dev/credici/papers/zeros/models/s3/simple_nparents1_nzr08_zdr05_ysize3_113.uai
[2024-10-14T10:32:40.846029][INFO][seed113] Saved queries to: /mnt/beegfs/rcabanas/dev/credici/papers/zeros/models/s3/simple_nparents1_nzr08_zdr05_ysize3_113_query.csv
[2024-10-14T10:32:40.846259][INFO][seed113] Closing log file
[2024-10-14T10:32:40.846355][INFO][seed113] Closed log file
1 0.8 0.5 174
/mnt/beegfs/rcabanas/dev/credici/papers/zeros/code/GenerateNparents.java
1 0.8 0.5 192
/mnt/beegfs/rcabanas/dev/credici/papers/zeros/code/GenerateNparents.java
[2024-10-14T10:32:40.877986][INFO][seed97] PS(V1,V0) in [0.0, 0.0]
[2024-10-14T10:32:40.879355][INFO][seed97] No feasible solution... resampling
['genn.py', '1', '0.8', '0.5', '25', '3']
[2024-10-14T10:32:40.937546][INFO][seed97] Sampled 1300 data instances
[2024-10-14T10:32:40.937798][INFO][seed97] Starting exact inference 
1 0.8 0.5 25
/mnt/beegfs/rcabanas/dev/credici/papers/zeros/code/GenerateNparents.java
['genn.py', '1', '0.8', '0.5', '15', '3']
1 0.8 0.5 15
/mnt/beegfs/rcabanas/dev/credici/papers/zeros/code/GenerateNparents.java
[2024-10-14T10:32:41.057769][INFO][seed97] PS(V1,V0) in [0.0, 0.0]
[2024-10-14T10:32:41.058995][INFO][seed97] No feasible solution... resampling
[2024-10-14T10:32:41.122251][INFO][seed97] Sampled 1400 data instances
[2024-10-14T10:32:41.122507][INFO][seed97] Starting exact inference 
[2024-10-14T10:32:41.234241][INFO][seed97] PS(V1,V0) in [0.0, 0.0]
[2024-10-14T10:32:41.235389][INFO][seed97] No feasible solution... resampling
[2024-10-14T10:32:41.268003][INFO][seed147] PS(V1,V0) in [0.9571895290539986, 0.98455864222898]
[2024-10-14T10:32:41.281255][INFO][seed147] PN(V1,V0) in [0.9722016424404955, 1.0] 
[2024-10-14T10:32:41.311931][INFO][seed97] Sampled 1500 data instances
[2024-10-14T10:32:41.312193][INFO][seed97] Starting exact inference 
['genn.py', '1', '0.8', '0.5', '55', '3']
[2024-10-14T10:32:41.330164][INFO][seed147] Saved data to: /mnt/beegfs/rcabanas/dev/credici/papers/zeros/models/s3/simple_nparents1_nzr08_zdr05_ysize3_147.csv
[2024-10-14T10:32:41.340608][INFO][seed147] Saved model to: /mnt/beegfs/rcabanas/dev/credici/papers/zeros/models/s3/simple_nparents1_nzr08_zdr05_ysize3_147.uai
[2024-10-14T10:32:41.350452][INFO][seed147] Saved queries to: /mnt/beegfs/rcabanas/dev/credici/papers/zeros/models/s3/simple_nparents1_nzr08_zdr05_ysize3_147_query.csv
[2024-10-14T10:32:41.350525][INFO][seed147] Closing log file
[2024-10-14T10:32:41.350551][INFO][seed147] Closed log file
1 0.8 0.5 55
/mnt/beegfs/rcabanas/dev/credici/papers/zeros/code/GenerateNparents.java
[2024-10-14T10:32:41.417174][INFO][seed97] PS(V1,V0) in [0.0, 0.0]
[2024-10-14T10:32:41.418230][INFO][seed97] No feasible solution... resampling
[2024-10-14T10:32:41.430070][INFO][seed129] PS(V1,V0) in [0.6341338783852837, 1.0]
[2024-10-14T10:32:41.435410][INFO][seed129] PN(V1,V0) in [0.13950874037434657, 0.2199988758360969] 
[2024-10-14T10:32:41.471144][INFO][seed129] Saved data to: /mnt/beegfs/rcabanas/dev/credici/papers/zeros/models/s3/simple_nparents1_nzr08_zdr05_ysize3_129.csv
[2024-10-14T10:32:41.475504][INFO][seed97] Sampled 1600 data instances
[2024-10-14T10:32:41.478244][INFO][seed97] Starting exact inference 
[2024-10-14T10:32:41.489706][INFO][seed129] Saved model to: /mnt/beegfs/rcabanas/dev/credici/papers/zeros/models/s3/simple_nparents1_nzr08_zdr05_ysize3_129.uai
[2024-10-14T10:32:41.493083][INFO][seed129] Saved queries to: /mnt/beegfs/rcabanas/dev/credici/papers/zeros/models/s3/simple_nparents1_nzr08_zdr05_ysize3_129_query.csv
[2024-10-14T10:32:41.493123][INFO][seed129] Closing log file
[2024-10-14T10:32:41.493146][INFO][seed129] Closed log file
['genn.py', '1', '0.8', '0.5', '183', '3']
1 0.8 0.5 183
/mnt/beegfs/rcabanas/dev/credici/papers/zeros/code/GenerateNparents.java
[2024-10-14T10:32:41.588169][INFO][seed97] PS(V1,V0) in [0.0, 0.0]
[2024-10-14T10:32:41.589136][INFO][seed97] No feasible solution... resampling
[2024-10-14T10:32:41.629980][INFO][seed97] Sampled 1700 data instances
[2024-10-14T10:32:41.639119][INFO][seed97] Starting exact inference 
[2024-10-14T10:32:41.723503][INFO][seed179] PS(V1,V0) in [0.81048, 1.0]
[2024-10-14T10:32:41.732666][INFO][seed179] PN(V1,V0) in [0.45667019766052874, 0.5634564673533322] 
[2024-10-14T10:32:41.772227][INFO][seed97] PS(V1,V0) in [0.0, 0.42020874300408406]
[2024-10-14T10:32:41.774547][INFO][seed97] PN(V1,V0) in [0.0, 1.0] 
[2024-10-14T10:32:41.801719][INFO][seed179] Saved data to: /mnt/beegfs/rcabanas/dev/credici/papers/zeros/models/s3/simple_nparents1_nzr08_zdr05_ysize3_179.csv
[2024-10-14T10:32:41.806439][INFO][seed97] Saved data to: /mnt/beegfs/rcabanas/dev/credici/papers/zeros/models/s3/simple_nparents1_nzr08_zdr05_ysize3_97.csv
['genn.py', '1', '0.8', '0.5', '143', '3']
[2024-10-14T10:32:41.815539][INFO][seed97] Saved model to: /mnt/beegfs/rcabanas/dev/credici/papers/zeros/models/s3/simple_nparents1_nzr08_zdr05_ysize3_97.uai
[2024-10-14T10:32:41.818938][INFO][seed97] Saved queries to: /mnt/beegfs/rcabanas/dev/credici/papers/zeros/models/s3/simple_nparents1_nzr08_zdr05_ysize3_97_query.csv
[2024-10-14T10:32:41.819033][INFO][seed97] Closing log file
[2024-10-14T10:32:41.819124][INFO][seed97] Closed log file
[2024-10-14T10:32:41.832162][INFO][seed179] Saved model to: /mnt/beegfs/rcabanas/dev/credici/papers/zeros/models/s3/simple_nparents1_nzr08_zdr05_ysize3_179.uai
1 0.8 0.5 143
/mnt/beegfs/rcabanas/dev/credici/papers/zeros/code/GenerateNparents.java
[2024-10-14T10:32:41.847789][INFO][seed179] Saved queries to: /mnt/beegfs/rcabanas/dev/credici/papers/zeros/models/s3/simple_nparents1_nzr08_zdr05_ysize3_179_query.csv
[2024-10-14T10:32:41.848004][INFO][seed179] Closing log file
[2024-10-14T10:32:41.848038][INFO][seed179] Closed log file
['genn.py', '1', '0.8', '0.5', '105', '3']
1 0.8 0.5 105
/mnt/beegfs/rcabanas/dev/credici/papers/zeros/code/GenerateNparents.java
['genn.py', '1', '0.8', '0.5', '89', '3']
1 0.8 0.5 89
/mnt/beegfs/rcabanas/dev/credici/papers/zeros/code/GenerateNparents.java
['genn.py', '1', '0.8', '0.5', '86', '3']
1 0.8 0.5 86
/mnt/beegfs/rcabanas/dev/credici/papers/zeros/code/GenerateNparents.java
[2024-10-14T10:32:42.580002][INFO][seed77] Set up logging
[2024-10-14T10:32:42.604655][INFO][seed77] args: -np;1;-nzr;0.8;-zdr;0.5;-o;/mnt/beegfs/rcabanas/dev/credici/papers/zeros/models/s3;-rw;-s;77;-ys;3
[2024-10-14T10:32:42.607554][INFO][seed77] Starting logger with seed 77
[2024-10-14T10:32:42.619559][INFO][seed77] simple_nparents1_nzr08_zdr05_ysize3_77
[2024-10-14T10:32:42.766255][INFO][seed77] U cardinality: 9
[2024-10-14T10:32:42.770295][INFO][seed77] !0 = [0, 1, 2, 3, 4, 5, 8]
[2024-10-14T10:32:42.770579][INFO][seed77] 0 = [6, 7]
[2024-10-14T10:32:42.774531][INFO][seed77] Dropping state 7
[2024-10-14T10:32:42.775254][INFO][seed77] Dropping state 6
[2024-10-14T10:32:42.777471][INFO][seed77] U cardinality: 7
[2024-10-14T10:32:42.780844][INFO][seed77] 
[P([3]) [0.858, 0.142], P([2]) [0.004, 0.001, 0.001, 0.002, 0.969, 0.001, 0.022], P([1, 3]) [1.0, 0.0, 0.0, 1.0], P([0, 1, 2]) [1.0, 0.0, 0.0, 1.0, 0.0, 0.0, 1.0, 0.0, 0.0, 0.0, 1.0, 0.0, 1.0, 0.0, 0.0, 0.0, 0.0, 1.0, 0.0, 1.0, 0.0, 1.0, 0.0, 0.0, 0.0, 1.0, 0.0, 0.0, 1.0, 0.0, 0.0, 1.0, 0.0, 0.0, 0.0, 1.0, 0.0, 0.0, 1.0, 0.0, 0.0, 1.0]]

[2024-10-14T10:32:42.783944][INFO][seed27] Set up logging
[2024-10-14T10:32:42.828452][INFO][seed27] args: -np;1;-nzr;0.8;-zdr;0.5;-o;/mnt/beegfs/rcabanas/dev/credici/papers/zeros/models/s3;-rw;-s;27;-ys;3
[2024-10-14T10:32:42.832151][INFO][seed27] Starting logger with seed 27
[2024-10-14T10:32:42.817449][INFO][seed192] Set up logging
[2024-10-14T10:32:42.836311][INFO][seed192] args: -np;1;-nzr;0.8;-zdr;0.5;-o;/mnt/beegfs/rcabanas/dev/credici/papers/zeros/models/s3;-rw;-s;192;-ys;3
[2024-10-14T10:32:42.837728][INFO][seed192] Starting logger with seed 192
[2024-10-14T10:32:42.845451][INFO][seed192] simple_nparents1_nzr08_zdr05_ysize3_192
[2024-10-14T10:32:42.851845][INFO][seed88] Set up logging
[2024-10-14T10:32:42.893866][INFO][seed88] args: -np;1;-nzr;0.8;-zdr;0.5;-o;/mnt/beegfs/rcabanas/dev/credici/papers/zeros/models/s3;-rw;-s;88;-ys;3
[2024-10-14T10:32:42.896613][INFO][seed88] Starting logger with seed 88
[2024-10-14T10:32:42.901596][INFO][seed25] Set up logging
[2024-10-14T10:32:42.922628][INFO][seed25] args: -np;1;-nzr;0.8;-zdr;0.5;-o;/mnt/beegfs/rcabanas/dev/credici/papers/zeros/models/s3;-rw;-s;25;-ys;3
[2024-10-14T10:32:42.924041][INFO][seed25] Starting logger with seed 25
[2024-10-14T10:32:42.927529][INFO][seed88] simple_nparents1_nzr08_zdr05_ysize3_88
[2024-10-14T10:32:42.936832][INFO][seed25] simple_nparents1_nzr08_zdr05_ysize3_25
[2024-10-14T10:32:42.897640][INFO][seed39] Set up logging
[2024-10-14T10:32:42.939951][INFO][seed39] args: -np;1;-nzr;0.8;-zdr;0.5;-o;/mnt/beegfs/rcabanas/dev/credici/papers/zeros/models/s3;-rw;-s;39;-ys;3
[2024-10-14T10:32:42.947012][INFO][seed39] Starting logger with seed 39
[2024-10-14T10:32:42.966426][INFO][seed27] simple_nparents1_nzr08_zdr05_ysize3_27
[2024-10-14T10:32:42.968342][INFO][seed39] simple_nparents1_nzr08_zdr05_ysize3_39
[2024-10-14T10:32:42.979667][INFO][seed77] Sampled 1000 data instances
[2024-10-14T10:32:42.979904][INFO][seed77] Starting exact inference 
[2024-10-14T10:32:42.995117][INFO][seed192] U cardinality: 9
[2024-10-14T10:32:42.998994][INFO][seed192] !0 = [0, 1, 3, 5, 6, 7, 8]
[2024-10-14T10:32:43][INFO][seed192] 0 = [2, 4]
[2024-10-14T10:32:43.005328][INFO][seed192] Dropping state 4
[2024-10-14T10:32:43.007423][INFO][seed192] U cardinality: 8
[2024-10-14T10:32:43.018419][INFO][seed192] 
[P([3]) [0.502, 0.498], P([2]) [0.199, 0.278, 0.0, 0.114, 0.058, 0.013, 0.114, 0.224], P([1, 3]) [1.0, 0.0, 0.0, 1.0], P([0, 1, 2]) [1.0, 0.0, 0.0, 1.0, 0.0, 0.0, 1.0, 0.0, 0.0, 0.0, 1.0, 0.0, 1.0, 0.0, 0.0, 0.0, 0.0, 1.0, 0.0, 1.0, 0.0, 1.0, 0.0, 0.0, 0.0, 1.0, 0.0, 0.0, 0.0, 1.0, 0.0, 0.0, 1.0, 1.0, 0.0, 0.0, 0.0, 0.0, 1.0, 0.0, 1.0, 0.0, 0.0, 0.0, 1.0, 0.0, 0.0, 1.0]]

[2024-10-14T10:32:43.082078][INFO][seed25] U cardinality: 9
[2024-10-14T10:32:43.086100][INFO][seed25] !0 = [2, 3, 4, 5, 6, 7, 8]
[2024-10-14T10:32:43.086372][INFO][seed25] 0 = [0, 1]
[2024-10-14T10:32:43.087874][INFO][seed25] U cardinality: 9
[2024-10-14T10:32:43.093642][INFO][seed25] 
[P([3]) [0.279, 0.721], P([2]) [0.0, 0.0, 0.001, 0.002, 0.157, 0.186, 0.173, 0.036, 0.445], P([1, 3]) [1.0, 0.0, 0.0, 1.0], P([0, 1, 2]) [1.0, 0.0, 0.0, 1.0, 0.0, 0.0, 1.0, 0.0, 0.0, 0.0, 1.0, 0.0, 1.0, 0.0, 0.0, 0.0, 0.0, 1.0, 0.0, 1.0, 0.0, 1.0, 0.0, 0.0, 0.0, 1.0, 0.0, 0.0, 1.0, 0.0, 0.0, 1.0, 0.0, 0.0, 0.0, 1.0, 0.0, 0.0, 1.0, 1.0, 0.0, 0.0, 0.0, 0.0, 1.0, 0.0, 1.0, 0.0, 0.0, 0.0, 1.0, 0.0, 0.0, 1.0]]

[2024-10-14T10:32:43.121175][INFO][seed159] Set up logging
[2024-10-14T10:32:43.158194][INFO][seed159] args: -np;1;-nzr;0.8;-zdr;0.5;-o;/mnt/beegfs/rcabanas/dev/credici/papers/zeros/models/s3;-rw;-s;159;-ys;3
[2024-10-14T10:32:43.161430][INFO][seed159] Starting logger with seed 159
[2024-10-14T10:32:43.180082][INFO][seed159] simple_nparents1_nzr08_zdr05_ysize3_159
[2024-10-14T10:32:43.186335][INFO][seed27] U cardinality: 9
[2024-10-14T10:32:43.186544][INFO][seed192] Sampled 1000 data instances
[2024-10-14T10:32:43.186778][INFO][seed192] Starting exact inference 
[2024-10-14T10:32:43.156615][INFO][seed108] Set up logging
[2024-10-14T10:32:43.191819][INFO][seed108] args: -np;1;-nzr;0.8;-zdr;0.5;-o;/mnt/beegfs/rcabanas/dev/credici/papers/zeros/models/s3;-rw;-s;108;-ys;3
[2024-10-14T10:32:43.193831][INFO][seed27] !0 = [0, 1, 2, 5, 6, 7, 8]
[2024-10-14T10:32:43.194601][INFO][seed27] 0 = [3, 4]
[2024-10-14T10:32:43.196878][INFO][seed108] Starting logger with seed 108
[2024-10-14T10:32:43.202187][INFO][seed27] Dropping state 3
[2024-10-14T10:32:43.210688][INFO][seed27] U cardinality: 8
[2024-10-14T10:32:43.215854][INFO][seed108] simple_nparents1_nzr08_zdr05_ysize3_108
[2024-10-14T10:32:43.218771][INFO][seed27] 
[P([3]) [0.132, 0.868], P([2]) [0.093, 0.224, 0.028, 0.0, 0.427, 0.054, 0.134, 0.04], P([1, 3]) [1.0, 0.0, 0.0, 1.0], P([0, 1, 2]) [1.0, 0.0, 0.0, 1.0, 0.0, 0.0, 1.0, 0.0, 0.0, 0.0, 1.0, 0.0, 1.0, 0.0, 0.0, 0.0, 0.0, 1.0, 0.0, 1.0, 0.0, 0.0, 1.0, 0.0, 0.0, 1.0, 0.0, 0.0, 0.0, 1.0, 0.0, 0.0, 1.0, 1.0, 0.0, 0.0, 0.0, 0.0, 1.0, 0.0, 1.0, 0.0, 0.0, 0.0, 1.0, 0.0, 0.0, 1.0]]

[2024-10-14T10:32:43.282308][INFO][seed25] Sampled 1000 data instances
[2024-10-14T10:32:43.282572][INFO][seed25] Starting exact inference 
[2024-10-14T10:32:43.290064][INFO][seed39] U cardinality: 9
[2024-10-14T10:32:43.298681][INFO][seed39] !0 = [0, 2, 3, 4, 5, 6, 8]
[2024-10-14T10:32:43.299543][INFO][seed39] 0 = [1, 7]
[2024-10-14T10:32:43.307658][INFO][seed39] Dropping state 1
[2024-10-14T10:32:43.312563][INFO][seed39] U cardinality: 8
[2024-10-14T10:32:43.320632][INFO][seed39] 
[P([3]) [0.79, 0.21], P([2]) [0.001, 0.005, 0.248, 0.641, 0.014, 0.082, 0.0, 0.009], P([1, 3]) [1.0, 0.0, 0.0, 1.0], P([0, 1, 2]) [1.0, 0.0, 0.0, 1.0, 0.0, 0.0, 1.0, 0.0, 0.0, 0.0, 0.0, 1.0, 0.0, 1.0, 0.0, 1.0, 0.0, 0.0, 0.0, 1.0, 0.0, 0.0, 1.0, 0.0, 0.0, 1.0, 0.0, 0.0, 0.0, 1.0, 0.0, 0.0, 1.0, 1.0, 0.0, 0.0, 0.0, 0.0, 1.0, 0.0, 1.0, 0.0, 0.0, 0.0, 1.0, 0.0, 0.0, 1.0]]

[2024-10-14T10:32:43.319808][INFO][seed42] Set up logging
[2024-10-14T10:32:43.358210][INFO][seed42] args: -np;1;-nzr;0.8;-zdr;0.5;-o;/mnt/beegfs/rcabanas/dev/credici/papers/zeros/models/s3;-rw;-s;42;-ys;3
[2024-10-14T10:32:43.367917][INFO][seed42] Starting logger with seed 42
[2024-10-14T10:32:43.379090][INFO][seed42] simple_nparents1_nzr08_zdr05_ysize3_42
[2024-10-14T10:32:43.429970][INFO][seed88] U cardinality: 9
[2024-10-14T10:32:43.439310][INFO][seed88] !0 = [0, 1, 2, 3, 5, 7, 8]
[2024-10-14T10:32:43.440140][INFO][seed88] 0 = [4, 6]
[2024-10-14T10:32:43.449502][INFO][seed88] Dropping state 6
[2024-10-14T10:32:43.452184][INFO][seed88] Dropping state 4
[2024-10-14T10:32:43.461143][INFO][seed88] U cardinality: 7
[2024-10-14T10:32:43.484657][INFO][seed88] 
[P([3]) [0.287, 0.713], P([2]) [0.239, 0.001, 0.019, 0.061, 0.525, 0.13, 0.025], P([1, 3]) [1.0, 0.0, 0.0, 1.0], P([0, 1, 2]) [1.0, 0.0, 0.0, 1.0, 0.0, 0.0, 1.0, 0.0, 0.0, 0.0, 1.0, 0.0, 1.0, 0.0, 0.0, 0.0, 0.0, 1.0, 0.0, 1.0, 0.0, 1.0, 0.0, 0.0, 0.0, 1.0, 0.0, 0.0, 0.0, 1.0, 0.0, 0.0, 1.0, 0.0, 1.0, 0.0, 0.0, 0.0, 1.0, 0.0, 0.0, 1.0]]

[2024-10-14T10:32:43.489198][INFO][seed27] Sampled 1000 data instances
[2024-10-14T10:32:43.490156][INFO][seed27] Starting exact inference 
[2024-10-14T10:32:43.498435][INFO][seed159] U cardinality: 9
[2024-10-14T10:32:43.506958][INFO][seed159] !0 = [1, 2, 4, 5, 6, 7, 8]
[2024-10-14T10:32:43.507841][INFO][seed159] 0 = [0, 3]
[2024-10-14T10:32:43.516157][INFO][seed159] Dropping state 0
[2024-10-14T10:32:43.524651][INFO][seed159] U cardinality: 8
[2024-10-14T10:32:43.532684][INFO][seed159] 
[P([3]) [0.484, 0.516], P([2]) [0.028, 0.011, 0.0, 0.036, 0.008, 0.005, 0.116, 0.796], P([1, 3]) [1.0, 0.0, 0.0, 1.0], P([0, 1, 2]) [1.0, 0.0, 0.0, 0.0, 1.0, 0.0, 1.0, 0.0, 0.0, 0.0, 0.0, 1.0, 0.0, 1.0, 0.0, 1.0, 0.0, 0.0, 0.0, 1.0, 0.0, 0.0, 1.0, 0.0, 0.0, 1.0, 0.0, 0.0, 0.0, 1.0, 0.0, 0.0, 1.0, 1.0, 0.0, 0.0, 0.0, 0.0, 1.0, 0.0, 1.0, 0.0, 0.0, 0.0, 1.0, 0.0, 0.0, 1.0]]

[2024-10-14T10:32:43.535783][INFO][seed108] U cardinality: 9
[2024-10-14T10:32:43.543356][INFO][seed108] !0 = [0, 1, 2, 3, 6, 7, 8]
[2024-10-14T10:32:43.544201][INFO][seed108] 0 = [4, 5]
[2024-10-14T10:32:43.552141][INFO][seed108] Dropping state 5
[2024-10-14T10:32:43.554047][INFO][seed108] Dropping state 4
[2024-10-14T10:32:43.561571][INFO][seed108] U cardinality: 7
[2024-10-14T10:32:43.568249][INFO][seed108] 
[P([3]) [0.044, 0.956], P([2]) [0.013, 0.011, 0.002, 0.623, 0.002, 0.001, 0.348], P([1, 3]) [1.0, 0.0, 0.0, 1.0], P([0, 1, 2]) [1.0, 0.0, 0.0, 1.0, 0.0, 0.0, 1.0, 0.0, 0.0, 0.0, 1.0, 0.0, 1.0, 0.0, 0.0, 0.0, 0.0, 1.0, 0.0, 1.0, 0.0, 1.0, 0.0, 0.0, 0.0, 0.0, 1.0, 1.0, 0.0, 0.0, 0.0, 0.0, 1.0, 0.0, 1.0, 0.0, 0.0, 0.0, 1.0, 0.0, 0.0, 1.0]]

[2024-10-14T10:32:43.567706][INFO][seed175] Set up logging
[2024-10-14T10:32:43.594306][INFO][seed175] args: -np;1;-nzr;0.8;-zdr;0.5;-o;/mnt/beegfs/rcabanas/dev/credici/papers/zeros/models/s3;-rw;-s;175;-ys;3
[2024-10-14T10:32:43.600949][INFO][seed175] Starting logger with seed 175
[2024-10-14T10:32:43.609844][INFO][seed39] Sampled 1000 data instances
[2024-10-14T10:32:43.610028][INFO][seed39] Starting exact inference 
[2024-10-14T10:32:43.630250][INFO][seed175] simple_nparents1_nzr08_zdr05_ysize3_175
[2024-10-14T10:32:43.748472][INFO][seed42] U cardinality: 9
[2024-10-14T10:32:43.758791][INFO][seed77] PS(V1,V0) in [0.0, 1.0]
[2024-10-14T10:32:43.761087][INFO][seed42] !0 = [1, 2, 3, 4, 5, 6, 7]
[2024-10-14T10:32:43.764099][INFO][seed77] PN(V1,V0) in [0.0, 0.013808889270976616] 
[2024-10-14T10:32:43.765014][INFO][seed42] 0 = [0, 8]
[2024-10-14T10:32:43.766259][INFO][seed88] Sampled 1000 data instances
[2024-10-14T10:32:43.766912][INFO][seed88] Starting exact inference 
[2024-10-14T10:32:43.773539][INFO][seed42] Dropping state 8
[2024-10-14T10:32:43.777696][INFO][seed42] U cardinality: 8
[2024-10-14T10:32:43.787596][INFO][seed42] 
[P([3]) [0.823, 0.177], P([2]) [0.0, 0.001, 0.006, 0.237, 0.018, 0.004, 0.019, 0.715], P([1, 3]) [1.0, 0.0, 0.0, 1.0], P([0, 1, 2]) [1.0, 0.0, 0.0, 1.0, 0.0, 0.0, 1.0, 0.0, 0.0, 0.0, 1.0, 0.0, 1.0, 0.0, 0.0, 0.0, 0.0, 1.0, 0.0, 1.0, 0.0, 1.0, 0.0, 0.0, 0.0, 1.0, 0.0, 0.0, 1.0, 0.0, 0.0, 1.0, 0.0, 0.0, 0.0, 1.0, 0.0, 0.0, 1.0, 1.0, 0.0, 0.0, 0.0, 0.0, 1.0, 0.0, 1.0, 0.0]]

[2024-10-14T10:32:43.805569][INFO][seed159] Sampled 1000 data instances
[2024-10-14T10:32:43.806166][INFO][seed159] Starting exact inference 
[2024-10-14T10:32:43.811752][INFO][seed77] Saved data to: /mnt/beegfs/rcabanas/dev/credici/papers/zeros/models/s3/simple_nparents1_nzr08_zdr05_ysize3_77.csv
[2024-10-14T10:32:43.820708][INFO][seed77] Saved model to: /mnt/beegfs/rcabanas/dev/credici/papers/zeros/models/s3/simple_nparents1_nzr08_zdr05_ysize3_77.uai
[2024-10-14T10:32:43.823682][INFO][seed77] Saved queries to: /mnt/beegfs/rcabanas/dev/credici/papers/zeros/models/s3/simple_nparents1_nzr08_zdr05_ysize3_77_query.csv
[2024-10-14T10:32:43.823803][INFO][seed77] Closing log file
[2024-10-14T10:32:43.823885][INFO][seed77] Closed log file
Removed 000
Removed 000
Removed 000
Removed 000
Removed 000
Removed 000
Removed 000
Removed 000
Removed 000
Removed 000
Error in variable: 2
[2024-10-14T10:32:43.848991][INFO][seed192] No feasible solution... resampling
[2024-10-14T10:32:43.848905][INFO][seed108] Sampled 1000 data instances
[2024-10-14T10:32:43.849446][INFO][seed108] Starting exact inference 
[2024-10-14T10:32:43.849127][INFO][seed105] Set up logging
[2024-10-14T10:32:43.826379][INFO][seed116] Set up logging
[2024-10-14T10:32:43.861363][INFO][seed116] args: -np;1;-nzr;0.8;-zdr;0.5;-o;/mnt/beegfs/rcabanas/dev/credici/papers/zeros/models/s3;-rw;-s;116;-ys;3
[2024-10-14T10:32:43.862125][INFO][seed105] args: -np;1;-nzr;0.8;-zdr;0.5;-o;/mnt/beegfs/rcabanas/dev/credici/papers/zeros/models/s3;-rw;-s;105;-ys;3
[2024-10-14T10:32:43.864363][INFO][seed116] Starting logger with seed 116
[2024-10-14T10:32:43.865505][INFO][seed105] Starting logger with seed 105
[2024-10-14T10:32:43.877542][INFO][seed105] simple_nparents1_nzr08_zdr05_ysize3_105
[2024-10-14T10:32:43.899765][INFO][seed116] simple_nparents1_nzr08_zdr05_ysize3_116
Removed 000
Removed 000
Removed 000
Removed 000
Removed 000
Error in variable: 2
[2024-10-14T10:32:43.941372][INFO][seed25] No feasible solution... resampling
[2024-10-14T10:32:43.946859][INFO][seed192] Sampled 1100 data instances
[2024-10-14T10:32:43.947088][INFO][seed192] Starting exact inference 
[2024-10-14T10:32:43.931919][INFO][seed143] Set up logging
[2024-10-14T10:32:43.955695][INFO][seed143] args: -np;1;-nzr;0.8;-zdr;0.5;-o;/mnt/beegfs/rcabanas/dev/credici/papers/zeros/models/s3;-rw;-s;143;-ys;3
[2024-10-14T10:32:43.957135][INFO][seed143] Starting logger with seed 143
[2024-10-14T10:32:43.969548][INFO][seed143] simple_nparents1_nzr08_zdr05_ysize3_143
[2024-10-14T10:32:43.970922][INFO][seed175] U cardinality: 9
[2024-10-14T10:32:43.978207][INFO][seed175] !0 = [1, 2, 3, 4, 5, 7, 8]
[2024-10-14T10:32:43.978896][INFO][seed175] 0 = [0, 6]
[2024-10-14T10:32:43.981600][INFO][seed175] U cardinality: 9
[2024-10-14T10:32:43.988880][INFO][seed175] 
[P([3]) [0.422, 0.578], P([2]) [0.0, 0.024, 0.662, 0.017, 0.003, 0.01, 0.0, 0.03, 0.254], P([1, 3]) [1.0, 0.0, 0.0, 1.0], P([0, 1, 2]) [1.0, 0.0, 0.0, 1.0, 0.0, 0.0, 1.0, 0.0, 0.0, 0.0, 1.0, 0.0, 1.0, 0.0, 0.0, 0.0, 0.0, 1.0, 0.0, 1.0, 0.0, 1.0, 0.0, 0.0, 0.0, 1.0, 0.0, 0.0, 1.0, 0.0, 0.0, 1.0, 0.0, 0.0, 0.0, 1.0, 0.0, 0.0, 1.0, 1.0, 0.0, 0.0, 0.0, 0.0, 1.0, 0.0, 1.0, 0.0, 0.0, 0.0, 1.0, 0.0, 0.0, 1.0]]

[2024-10-14T10:32:44.006197][INFO][seed25] Sampled 1100 data instances
[2024-10-14T10:32:44.006449][INFO][seed25] Starting exact inference 
[2024-10-14T10:32:44.036085][INFO][seed105] U cardinality: 9
[2024-10-14T10:32:44.040286][INFO][seed105] !0 = [0, 1, 3, 5, 6, 7, 8]
[2024-10-14T10:32:44.040563][INFO][seed105] 0 = [2, 4]
[2024-10-14T10:32:44.042096][INFO][seed105] U cardinality: 9
[2024-10-14T10:32:44.046476][INFO][seed105] 
[P([3]) [0.571, 0.429], P([2]) [0.134, 0.181, 0.0, 0.005, 0.0, 0.006, 0.015, 0.015, 0.644], P([1, 3]) [1.0, 0.0, 0.0, 1.0], P([0, 1, 2]) [1.0, 0.0, 0.0, 1.0, 0.0, 0.0, 1.0, 0.0, 0.0, 0.0, 1.0, 0.0, 1.0, 0.0, 0.0, 0.0, 0.0, 1.0, 0.0, 1.0, 0.0, 1.0, 0.0, 0.0, 0.0, 1.0, 0.0, 0.0, 1.0, 0.0, 0.0, 1.0, 0.0, 0.0, 0.0, 1.0, 0.0, 0.0, 1.0, 1.0, 0.0, 0.0, 0.0, 0.0, 1.0, 0.0, 1.0, 0.0, 0.0, 0.0, 1.0, 0.0, 0.0, 1.0]]

[2024-10-14T10:32:44.068958][INFO][seed42] Sampled 1000 data instances
[2024-10-14T10:32:44.069501][INFO][seed42] Starting exact inference 
[2024-10-14T10:32:44.149358][INFO][seed143] U cardinality: 9
[2024-10-14T10:32:44.154005][INFO][seed143] !0 = [0, 1, 3, 4, 5, 6, 7]
[2024-10-14T10:32:44.154591][INFO][seed143] 0 = [2, 8]
[2024-10-14T10:32:44.127116][INFO][seed89] Set up logging
[2024-10-14T10:32:44.156995][INFO][seed89] args: -np;1;-nzr;0.8;-zdr;0.5;-o;/mnt/beegfs/rcabanas/dev/credici/papers/zeros/models/s3;-rw;-s;89;-ys;3
[2024-10-14T10:32:44.160230][INFO][seed143] Dropping state 8
[2024-10-14T10:32:44.161368][INFO][seed143] Dropping state 2
[2024-10-14T10:32:44.158426][INFO][seed89] Starting logger with seed 89
[2024-10-14T10:32:44.164786][INFO][seed89] simple_nparents1_nzr08_zdr05_ysize3_89
[2024-10-14T10:32:44.165754][INFO][seed143] U cardinality: 7
[2024-10-14T10:32:44.169255][INFO][seed143] 
[P([3]) [0.463, 0.537], P([2]) [0.552, 0.014, 0.343, 0.072, 0.006, 0.001, 0.012], P([1, 3]) [1.0, 0.0, 0.0, 1.0], P([0, 1, 2]) [1.0, 0.0, 0.0, 1.0, 0.0, 0.0, 1.0, 0.0, 0.0, 0.0, 1.0, 0.0, 0.0, 1.0, 0.0, 1.0, 0.0, 0.0, 0.0, 1.0, 0.0, 0.0, 1.0, 0.0, 0.0, 1.0, 0.0, 0.0, 0.0, 1.0, 0.0, 0.0, 1.0, 1.0, 0.0, 0.0, 0.0, 0.0, 1.0, 0.0, 1.0, 0.0]]

['genn.py', '1', '0.8', '0.5', '128', '3']
[2024-10-14T10:32:44.200564][INFO][seed116] U cardinality: 9
[2024-10-14T10:32:44.199801][INFO][seed192] PS(V1,V0) in [0.0, 0.7490643871735987]
[2024-10-14T10:32:44.207092][INFO][seed192] PN(V1,V0) in [0.0, 1.0] 
[2024-10-14T10:32:44.211714][INFO][seed116] !0 = [0, 1, 2, 3, 6, 7, 8]
[2024-10-14T10:32:44.212777][INFO][seed116] 0 = [4, 5]
[2024-10-14T10:32:44.221036][INFO][seed116] Dropping state 4
[2024-10-14T10:32:44.222924][INFO][seed25] No feasible solution... resampling
[2024-10-14T10:32:44.228563][INFO][seed116] U cardinality: 8
[2024-10-14T10:32:44.232277][INFO][seed105] Sampled 1000 data instances
[2024-10-14T10:32:44.232543][INFO][seed105] Starting exact inference 
1 0.8 0.5 128
/mnt/beegfs/rcabanas/dev/credici/papers/zeros/code/GenerateNparents.java
[2024-10-14T10:32:44.235414][INFO][seed116] 
[P([3]) [0.574, 0.426], P([2]) [0.613, 0.002, 0.01, 0.002, 0.0, 0.154, 0.057, 0.162], P([1, 3]) [1.0, 0.0, 0.0, 1.0], P([0, 1, 2]) [1.0, 0.0, 0.0, 1.0, 0.0, 0.0, 1.0, 0.0, 0.0, 0.0, 1.0, 0.0, 1.0, 0.0, 0.0, 0.0, 0.0, 1.0, 0.0, 1.0, 0.0, 1.0, 0.0, 0.0, 0.0, 1.0, 0.0, 0.0, 0.0, 1.0, 0.0, 0.0, 1.0, 1.0, 0.0, 0.0, 0.0, 0.0, 1.0, 0.0, 1.0, 0.0, 0.0, 0.0, 1.0, 0.0, 0.0, 1.0]]

[2024-10-14T10:32:44.236691][INFO][seed192] Saved data to: /mnt/beegfs/rcabanas/dev/credici/papers/zeros/models/s3/simple_nparents1_nzr08_zdr05_ysize3_192.csv
[2024-10-14T10:32:44.247330][INFO][seed192] Saved model to: /mnt/beegfs/rcabanas/dev/credici/papers/zeros/models/s3/simple_nparents1_nzr08_zdr05_ysize3_192.uai
[2024-10-14T10:32:44.251190][INFO][seed192] Saved queries to: /mnt/beegfs/rcabanas/dev/credici/papers/zeros/models/s3/simple_nparents1_nzr08_zdr05_ysize3_192_query.csv
[2024-10-14T10:32:44.251293][INFO][seed192] Closing log file
[2024-10-14T10:32:44.251371][INFO][seed192] Closed log file
[2024-10-14T10:32:44.268454][INFO][seed175] Sampled 1000 data instances
[2024-10-14T10:32:44.268645][INFO][seed175] Starting exact inference 
[2024-10-14T10:32:44.286728][INFO][seed25] Sampled 1200 data instances
[2024-10-14T10:32:44.286990][INFO][seed25] Starting exact inference 
[2024-10-14T10:32:44.355156][INFO][seed143] Sampled 1000 data instances
[2024-10-14T10:32:44.355398][INFO][seed143] Starting exact inference 
[2024-10-14T10:32:44.363483][INFO][seed89] U cardinality: 9
[2024-10-14T10:32:44.368802][INFO][seed89] !0 = [1, 2, 3, 4, 5, 7, 8]
[2024-10-14T10:32:44.369102][INFO][seed89] 0 = [0, 6]
[2024-10-14T10:32:44.375656][INFO][seed89] Dropping state 0
[2024-10-14T10:32:44.377943][INFO][seed89] U cardinality: 8
[2024-10-14T10:32:44.393035][INFO][seed89] 
[P([3]) [0.491, 0.509], P([2]) [0.003, 0.026, 0.405, 0.001, 0.018, 0.0, 0.002, 0.545], P([1, 3]) [1.0, 0.0, 0.0, 1.0], P([0, 1, 2]) [1.0, 0.0, 0.0, 0.0, 1.0, 0.0, 1.0, 0.0, 0.0, 0.0, 0.0, 1.0, 0.0, 1.0, 0.0, 1.0, 0.0, 0.0, 0.0, 1.0, 0.0, 0.0, 1.0, 0.0, 0.0, 1.0, 0.0, 0.0, 0.0, 1.0, 0.0, 0.0, 1.0, 1.0, 0.0, 0.0, 0.0, 0.0, 1.0, 0.0, 1.0, 0.0, 0.0, 0.0, 1.0, 0.0, 0.0, 1.0]]

[2024-10-14T10:32:44.447417][INFO][seed25] PS(V1,V0) in [0.0, 1.0]
Removed 000
Removed 000
Removed 000
Removed 000
Removed 000
Removed 000
Removed 000
Removed 000
Removed 000
Removed 000
Error in variable: 2
[2024-10-14T10:32:44.465622][INFO][seed27] No feasible solution... resampling
[2024-10-14T10:32:44.465826][INFO][seed25] PN(V1,V0) in [0.0, 0.04678711861032303] 
[2024-10-14T10:32:44.498977][INFO][seed116] Sampled 1000 data instances
[2024-10-14T10:32:44.499548][INFO][seed116] Starting exact inference 
[2024-10-14T10:32:44.502807][INFO][seed25] Saved data to: /mnt/beegfs/rcabanas/dev/credici/papers/zeros/models/s3/simple_nparents1_nzr08_zdr05_ysize3_25.csv
[2024-10-14T10:32:44.521421][INFO][seed25] Saved model to: /mnt/beegfs/rcabanas/dev/credici/papers/zeros/models/s3/simple_nparents1_nzr08_zdr05_ysize3_25.uai
[2024-10-14T10:32:44.525341][INFO][seed25] Saved queries to: /mnt/beegfs/rcabanas/dev/credici/papers/zeros/models/s3/simple_nparents1_nzr08_zdr05_ysize3_25_query.csv
[2024-10-14T10:32:44.525390][INFO][seed25] Closing log file
[2024-10-14T10:32:44.525414][INFO][seed25] Closed log file
[2024-10-14T10:32:44.574989][INFO][seed89] Sampled 1000 data instances
[2024-10-14T10:32:44.575257][INFO][seed89] Starting exact inference 
[2024-10-14T10:32:44.558165][INFO][seed200] Set up logging
[2024-10-14T10:32:44.606620][INFO][seed200] args: -np;1;-nzr;0.8;-zdr;0.5;-o;/mnt/beegfs/rcabanas/dev/credici/papers/zeros/models/s3;-rw;-s;200;-ys;3
[2024-10-14T10:32:44.610275][INFO][seed200] Starting logger with seed 200
[2024-10-14T10:32:44.612242][INFO][seed27] Sampled 1100 data instances
[2024-10-14T10:32:44.612839][INFO][seed27] Starting exact inference 
['genn.py', '1', '0.8', '0.5', '99', '3']
[2024-10-14T10:32:44.631575][INFO][seed200] simple_nparents1_nzr08_zdr05_ysize3_200
1 0.8 0.5 99
/mnt/beegfs/rcabanas/dev/credici/papers/zeros/code/GenerateNparents.java
[2024-10-14T10:32:44.756766][INFO][seed39] PS(V1,V0) in [0.0, 0.0]
[2024-10-14T10:32:44.715][INFO][seed174] Set up logging
[2024-10-14T10:32:44.759056][INFO][seed174] args: -np;1;-nzr;0.8;-zdr;0.5;-o;/mnt/beegfs/rcabanas/dev/credici/papers/zeros/models/s3;-rw;-s;174;-ys;3
[2024-10-14T10:32:44.768338][INFO][seed174] Starting logger with seed 174
Error in variable: 2
[2024-10-14T10:32:44.774264][INFO][seed108] No feasible solution... resampling
[2024-10-14T10:32:44.785198][INFO][seed39] PN(V1,V0) in [0.0, 0.0] 
[2024-10-14T10:32:44.796959][INFO][seed174] simple_nparents1_nzr08_zdr05_ysize3_174
[2024-10-14T10:32:44.758716][INFO][seed15] Set up logging
[2024-10-14T10:32:44.803285][INFO][seed15] args: -np;1;-nzr;0.8;-zdr;0.5;-o;/mnt/beegfs/rcabanas/dev/credici/papers/zeros/models/s3;-rw;-s;15;-ys;3
[2024-10-14T10:32:44.813225][INFO][seed15] Starting logger with seed 15
[2024-10-14T10:32:44.824413][INFO][seed39] Saved data to: /mnt/beegfs/rcabanas/dev/credici/papers/zeros/models/s3/simple_nparents1_nzr08_zdr05_ysize3_39.csv
[2024-10-14T10:32:44.846536][INFO][seed39] Saved model to: /mnt/beegfs/rcabanas/dev/credici/papers/zeros/models/s3/simple_nparents1_nzr08_zdr05_ysize3_39.uai
[2024-10-14T10:32:44.853155][INFO][seed39] Saved queries to: /mnt/beegfs/rcabanas/dev/credici/papers/zeros/models/s3/simple_nparents1_nzr08_zdr05_ysize3_39_query.csv
[2024-10-14T10:32:44.853538][INFO][seed39] Closing log file
[2024-10-14T10:32:44.853626][INFO][seed39] Closed log file
[2024-10-14T10:32:44.856616][INFO][seed15] simple_nparents1_nzr08_zdr05_ysize3_15
['genn.py', '1', '0.8', '0.5', '110', '3']
1 0.8 0.5 110
/mnt/beegfs/rcabanas/dev/credici/papers/zeros/code/GenerateNparents.java
[2024-10-14T10:32:44.919725][INFO][seed108] Sampled 1100 data instances
[2024-10-14T10:32:44.920260][INFO][seed108] Starting exact inference 
Removed 000
Removed 000
Removed 000
Removed 000
Removed 000
Removed 000
Removed 000
Removed 000
Removed 000
Removed 000
Removed 000
Removed 000
Removed 000
Removed 000
Removed 000
Error in variable: 2
[2024-10-14T10:32:44.933885][INFO][seed105] No feasible solution... resampling
[2024-10-14T10:32:45.001027][INFO][seed88] PS(V1,V0) in [0.0, 0.5533912400665312]
[2024-10-14T10:32:45.002299][INFO][seed105] Sampled 1100 data instances
[2024-10-14T10:32:45.002529][INFO][seed105] Starting exact inference 
[2024-10-14T10:32:45.009825][INFO][seed88] PN(V1,V0) in [0.0, 1.0] 
[2024-10-14T10:32:45.030722][INFO][seed27] PS(V1,V0) in [0.0, 1.0]
[2024-10-14T10:32:45.036519][INFO][seed159] PS(V1,V0) in [0.0, 1.0]
[2024-10-14T10:32:45.044509][INFO][seed27] PN(V1,V0) in [0.0, 0.9442759108178953] 
Error in variable: 2
[2024-10-14T10:32:45.060064][INFO][seed108] No feasible solution... resampling
[2024-10-14T10:32:45.064857][INFO][seed159] PN(V1,V0) in [0.0, 0.36134553666944014] 
[2024-10-14T10:32:45.066208][INFO][seed88] Saved data to: /mnt/beegfs/rcabanas/dev/credici/papers/zeros/models/s3/simple_nparents1_nzr08_zdr05_ysize3_88.csv
[2024-10-14T10:32:45.087331][INFO][seed200] U cardinality: 9
[2024-10-14T10:32:45.100887][INFO][seed200] !0 = [0, 1, 2, 3, 5, 6, 7]
[2024-10-14T10:32:45.102224][INFO][seed200] 0 = [4, 8]
[2024-10-14T10:32:45.100384][INFO][seed88] Saved model to: /mnt/beegfs/rcabanas/dev/credici/papers/zeros/models/s3/simple_nparents1_nzr08_zdr05_ysize3_88.uai
[2024-10-14T10:32:45.106373][INFO][seed200] U cardinality: 9
[2024-10-14T10:32:45.106303][INFO][seed27] Saved data to: /mnt/beegfs/rcabanas/dev/credici/papers/zeros/models/s3/simple_nparents1_nzr08_zdr05_ysize3_27.csv
[2024-10-14T10:32:45.107135][INFO][seed88] Saved queries to: /mnt/beegfs/rcabanas/dev/credici/papers/zeros/models/s3/simple_nparents1_nzr08_zdr05_ysize3_88_query.csv
[2024-10-14T10:32:45.107490][INFO][seed88] Closing log file
[2024-10-14T10:32:45.107596][INFO][seed88] Closed log file
[2024-10-14T10:32:45.116881][INFO][seed200] 
[P([3]) [0.087, 0.913], P([2]) [0.002, 0.023, 0.008, 0.531, 0.0, 0.003, 0.142, 0.291, 0.0], P([1, 3]) [1.0, 0.0, 0.0, 1.0], P([0, 1, 2]) [1.0, 0.0, 0.0, 1.0, 0.0, 0.0, 1.0, 0.0, 0.0, 0.0, 1.0, 0.0, 1.0, 0.0, 0.0, 0.0, 0.0, 1.0, 0.0, 1.0, 0.0, 1.0, 0.0, 0.0, 0.0, 1.0, 0.0, 0.0, 1.0, 0.0, 0.0, 1.0, 0.0, 0.0, 0.0, 1.0, 0.0, 0.0, 1.0, 1.0, 0.0, 0.0, 0.0, 0.0, 1.0, 0.0, 1.0, 0.0, 0.0, 0.0, 1.0, 0.0, 0.0, 1.0]]

[2024-10-14T10:32:45.072997][INFO][seed55] Set up logging
[2024-10-14T10:32:45.121885][INFO][seed55] args: -np;1;-nzr;0.8;-zdr;0.5;-o;/mnt/beegfs/rcabanas/dev/credici/papers/zeros/models/s3;-rw;-s;55;-ys;3
[2024-10-14T10:32:45.125496][INFO][seed55] Starting logger with seed 55
[2024-10-14T10:32:45.125204][INFO][seed159] Saved data to: /mnt/beegfs/rcabanas/dev/credici/papers/zeros/models/s3/simple_nparents1_nzr08_zdr05_ysize3_159.csv
[2024-10-14T10:32:45.126317][INFO][seed27] Saved model to: /mnt/beegfs/rcabanas/dev/credici/papers/zeros/models/s3/simple_nparents1_nzr08_zdr05_ysize3_27.uai
[2024-10-14T10:32:45.133883][INFO][seed108] Sampled 1200 data instances
[2024-10-14T10:32:45.145364][INFO][seed27] Saved queries to: /mnt/beegfs/rcabanas/dev/credici/papers/zeros/models/s3/simple_nparents1_nzr08_zdr05_ysize3_27_query.csv
[2024-10-14T10:32:45.145498][INFO][seed27] Closing log file
[2024-10-14T10:32:45.145527][INFO][seed27] Closed log file
[2024-10-14T10:32:45.145822][INFO][seed108] Starting exact inference 
[2024-10-14T10:32:45.147889][INFO][seed55] simple_nparents1_nzr08_zdr05_ysize3_55
[2024-10-14T10:32:45.147145][INFO][seed159] Saved model to: /mnt/beegfs/rcabanas/dev/credici/papers/zeros/models/s3/simple_nparents1_nzr08_zdr05_ysize3_159.uai
[2024-10-14T10:32:45.154144][INFO][seed159] Saved queries to: /mnt/beegfs/rcabanas/dev/credici/papers/zeros/models/s3/simple_nparents1_nzr08_zdr05_ysize3_159_query.csv
[2024-10-14T10:32:45.154555][INFO][seed159] Closing log file
[2024-10-14T10:32:45.154641][INFO][seed159] Closed log file
[2024-10-14T10:32:45.258858][INFO][seed143] PS(V1,V0) in [0.0, 0.17441090025653658]
[2024-10-14T10:32:45.266120][INFO][seed143] PN(V1,V0) in [0.0, 1.0] 
[2024-10-14T10:32:45.269733][INFO][seed105] PS(V1,V0) in [0.0, 0.6851518817643789]
[2024-10-14T10:32:45.280339][INFO][seed105] PN(V1,V0) in [0.0, 1.0] 
Error in variable: 2
[2024-10-14T10:32:45.280759][INFO][seed108] No feasible solution... resampling
[2024-10-14T10:32:45.292080][INFO][seed15] U cardinality: 9
[2024-10-14T10:32:45.297161][INFO][seed143] Saved data to: /mnt/beegfs/rcabanas/dev/credici/papers/zeros/models/s3/simple_nparents1_nzr08_zdr05_ysize3_143.csv
[2024-10-14T10:32:45.298875][INFO][seed42] PS(V1,V0) in [0.0, 1.0]
[2024-10-14T10:32:45.301804][INFO][seed15] !0 = [0, 1, 2, 3, 4, 6, 7]
[2024-10-14T10:32:45.302165][INFO][seed15] 0 = [5, 8]
[2024-10-14T10:32:45.315304][INFO][seed15] Dropping state 8
[2024-10-14T10:32:45.315749][INFO][seed143] Saved model to: /mnt/beegfs/rcabanas/dev/credici/papers/zeros/models/s3/simple_nparents1_nzr08_zdr05_ysize3_143.uai
[2024-10-14T10:32:45.317947][INFO][seed15] Dropping state 5
[2024-10-14T10:32:45.319181][INFO][seed143] Saved queries to: /mnt/beegfs/rcabanas/dev/credici/papers/zeros/models/s3/simple_nparents1_nzr08_zdr05_ysize3_143_query.csv
[2024-10-14T10:32:45.319290][INFO][seed143] Closing log file
[2024-10-14T10:32:45.319384][INFO][seed143] Closed log file
[2024-10-14T10:32:45.323278][INFO][seed15] U cardinality: 7
[2024-10-14T10:32:45.324394][INFO][seed105] Saved data to: /mnt/beegfs/rcabanas/dev/credici/papers/zeros/models/s3/simple_nparents1_nzr08_zdr05_ysize3_105.csv
[2024-10-14T10:32:45.327555][INFO][seed42] PN(V1,V0) in [0.0, 0.014135847648569911] 
[2024-10-14T10:32:45.333605][INFO][seed105] Saved model to: /mnt/beegfs/rcabanas/dev/credici/papers/zeros/models/s3/simple_nparents1_nzr08_zdr05_ysize3_105.uai
[2024-10-14T10:32:45.337159][INFO][seed105] Saved queries to: /mnt/beegfs/rcabanas/dev/credici/papers/zeros/models/s3/simple_nparents1_nzr08_zdr05_ysize3_105_query.csv
[2024-10-14T10:32:45.337245][INFO][seed105] Closing log file
[2024-10-14T10:32:45.337321][INFO][seed105] Closed log file
[2024-10-14T10:32:45.347087][INFO][seed15] 
[P([3]) [0.74, 0.26], P([2]) [0.001, 0.001, 0.001, 0.001, 0.991, 0.001, 0.004], P([1, 3]) [1.0, 0.0, 0.0, 1.0], P([0, 1, 2]) [1.0, 0.0, 0.0, 1.0, 0.0, 0.0, 1.0, 0.0, 0.0, 0.0, 1.0, 0.0, 1.0, 0.0, 0.0, 0.0, 0.0, 1.0, 0.0, 1.0, 0.0, 1.0, 0.0, 0.0, 0.0, 1.0, 0.0, 0.0, 1.0, 0.0, 0.0, 0.0, 1.0, 1.0, 0.0, 0.0, 0.0, 0.0, 1.0, 0.0, 1.0, 0.0]]

[2024-10-14T10:32:45.350240][INFO][seed108] Sampled 1300 data instances
[2024-10-14T10:32:45.350684][INFO][seed108] Starting exact inference 
['genn.py', '1', '0.8', '0.5', '50', '3']
[2024-10-14T10:32:45.377274][INFO][seed42] Saved data to: /mnt/beegfs/rcabanas/dev/credici/papers/zeros/models/s3/simple_nparents1_nzr08_zdr05_ysize3_42.csv
1 0.8 0.5 50
/mnt/beegfs/rcabanas/dev/credici/papers/zeros/code/GenerateNparents.java
[2024-10-14T10:32:45.407033][INFO][seed42] Saved model to: /mnt/beegfs/rcabanas/dev/credici/papers/zeros/models/s3/simple_nparents1_nzr08_zdr05_ysize3_42.uai
[2024-10-14T10:32:45.412975][INFO][seed42] Saved queries to: /mnt/beegfs/rcabanas/dev/credici/papers/zeros/models/s3/simple_nparents1_nzr08_zdr05_ysize3_42_query.csv
[2024-10-14T10:32:45.413313][INFO][seed42] Closing log file
[2024-10-14T10:32:45.413403][INFO][seed42] Closed log file
[2024-10-14T10:32:45.436014][INFO][seed200] Sampled 1000 data instances
[2024-10-14T10:32:45.437219][INFO][seed200] Starting exact inference 
[2024-10-14T10:32:45.432419][INFO][seed89] PS(V1,V0) in [0.0, 0.2782140453219655]
[2024-10-14T10:32:45.438440][INFO][seed89] PN(V1,V0) in [0.0, 1.0] 
[2024-10-14T10:32:45.406380][INFO][seed183] Set up logging
[2024-10-14T10:32:45.447859][INFO][seed183] args: -np;1;-nzr;0.8;-zdr;0.5;-o;/mnt/beegfs/rcabanas/dev/credici/papers/zeros/models/s3;-rw;-s;183;-ys;3
[2024-10-14T10:32:45.450995][INFO][seed183] Starting logger with seed 183
[2024-10-14T10:32:45.452525][INFO][seed174] U cardinality: 9
[2024-10-14T10:32:45.460176][INFO][seed174] !0 = [0, 1, 4, 5, 6, 7, 8]
[2024-10-14T10:32:45.461028][INFO][seed174] 0 = [2, 3]
Error in variable: 2
[2024-10-14T10:32:45.459567][INFO][seed108] No feasible solution... resampling
[2024-10-14T10:32:45.469604][INFO][seed183] simple_nparents1_nzr08_zdr05_ysize3_183
[2024-10-14T10:32:45.471682][INFO][seed174] Dropping state 3
[2024-10-14T10:32:45.471681][INFO][seed89] Saved data to: /mnt/beegfs/rcabanas/dev/credici/papers/zeros/models/s3/simple_nparents1_nzr08_zdr05_ysize3_89.csv
[2024-10-14T10:32:45.479672][INFO][seed174] U cardinality: 8
[2024-10-14T10:32:45.494396][INFO][seed89] Saved model to: /mnt/beegfs/rcabanas/dev/credici/papers/zeros/models/s3/simple_nparents1_nzr08_zdr05_ysize3_89.uai
[2024-10-14T10:32:45.498113][INFO][seed89] Saved queries to: /mnt/beegfs/rcabanas/dev/credici/papers/zeros/models/s3/simple_nparents1_nzr08_zdr05_ysize3_89_query.csv
[2024-10-14T10:32:45.498155][INFO][seed89] Closing log file
[2024-10-14T10:32:45.498182][INFO][seed89] Closed log file
[2024-10-14T10:32:45.506923][INFO][seed174] 
[P([3]) [0.217, 0.783], P([2]) [0.013, 0.009, 0.0, 0.003, 0.048, 0.006, 0.002, 0.919], P([1, 3]) [1.0, 0.0, 0.0, 1.0], P([0, 1, 2]) [1.0, 0.0, 0.0, 1.0, 0.0, 0.0, 1.0, 0.0, 0.0, 0.0, 1.0, 0.0, 1.0, 0.0, 0.0, 0.0, 0.0, 1.0, 0.0, 1.0, 0.0, 0.0, 1.0, 0.0, 0.0, 1.0, 0.0, 0.0, 0.0, 1.0, 0.0, 0.0, 1.0, 1.0, 0.0, 0.0, 0.0, 0.0, 1.0, 0.0, 1.0, 0.0, 0.0, 0.0, 1.0, 0.0, 0.0, 1.0]]

[2024-10-14T10:32:45.527527][INFO][seed108] Sampled 1400 data instances
[2024-10-14T10:32:45.528011][INFO][seed108] Starting exact inference 
[2024-10-14T10:32:45.570641][INFO][seed175] PS(V1,V0) in [0.0, 0.09575841131090318]
['genn.py', '1', '0.8', '0.5', '176', '3']
[2024-10-14T10:32:45.583959][INFO][seed175] PN(V1,V0) in [0.0, 1.0] 
[2024-10-14T10:32:45.590229][INFO][seed55] U cardinality: 9
[2024-10-14T10:32:45.600714][INFO][seed55] !0 = [0, 1, 2, 4, 5, 6, 8]
[2024-10-14T10:32:45.601672][INFO][seed55] 0 = [3, 7]
[2024-10-14T10:32:45.611155][INFO][seed55] Dropping state 7
Error in variable: 2
[2024-10-14T10:32:45.607486][INFO][seed108] No feasible solution... resampling
[2024-10-14T10:32:45.612965][INFO][seed55] Dropping state 3
[2024-10-14T10:32:45.622002][INFO][seed55] U cardinality: 7
1 0.8 0.5 176
/mnt/beegfs/rcabanas/dev/credici/papers/zeros/code/GenerateNparents.java
[2024-10-14T10:32:45.627125][INFO][seed175] Saved data to: /mnt/beegfs/rcabanas/dev/credici/papers/zeros/models/s3/simple_nparents1_nzr08_zdr05_ysize3_175.csv
[2024-10-14T10:32:45.631465][INFO][seed55] 
[P([3]) [0.157, 0.843], P([2]) [0.029, 0.027, 0.22, 0.001, 0.002, 0.034, 0.687], P([1, 3]) [1.0, 0.0, 0.0, 1.0], P([0, 1, 2]) [1.0, 0.0, 0.0, 1.0, 0.0, 0.0, 1.0, 0.0, 0.0, 0.0, 1.0, 0.0, 1.0, 0.0, 0.0, 0.0, 0.0, 1.0, 0.0, 1.0, 0.0, 0.0, 1.0, 0.0, 0.0, 1.0, 0.0, 0.0, 0.0, 1.0, 0.0, 0.0, 1.0, 1.0, 0.0, 0.0, 0.0, 0.0, 1.0, 0.0, 0.0, 1.0]]

[2024-10-14T10:32:45.648041][INFO][seed175] Saved model to: /mnt/beegfs/rcabanas/dev/credici/papers/zeros/models/s3/simple_nparents1_nzr08_zdr05_ysize3_175.uai
['genn.py', '1', '0.8', '0.5', '90', '3']
[2024-10-14T10:32:45.663154][INFO][seed175] Saved queries to: /mnt/beegfs/rcabanas/dev/credici/papers/zeros/models/s3/simple_nparents1_nzr08_zdr05_ysize3_175_query.csv
[2024-10-14T10:32:45.663282][INFO][seed175] Closing log file
[2024-10-14T10:32:45.663309][INFO][seed175] Closed log file
['genn.py', '1', '0.8', '0.5', '123', '3']
[2024-10-14T10:32:45.671916][INFO][seed108] Sampled 1500 data instances
[2024-10-14T10:32:45.675823][INFO][seed15] Sampled 1000 data instances
[2024-10-14T10:32:45.676049][INFO][seed15] Starting exact inference 
[2024-10-14T10:32:45.684810][INFO][seed108] Starting exact inference 
1 0.8 0.5 90
/mnt/beegfs/rcabanas/dev/credici/papers/zeros/code/GenerateNparents.java
1 0.8 0.5 123
/mnt/beegfs/rcabanas/dev/credici/papers/zeros/code/GenerateNparents.java
['genn.py', '1', '0.8', '0.5', '196', '3']
['genn.py', '1', '0.8', '0.5', '65', '3']
1 0.8 0.5 196
/mnt/beegfs/rcabanas/dev/credici/papers/zeros/code/GenerateNparents.java
1 0.8 0.5 65
/mnt/beegfs/rcabanas/dev/credici/papers/zeros/code/GenerateNparents.java
Error in variable: 2
[2024-10-14T10:32:45.784510][INFO][seed108] No feasible solution... resampling
[2024-10-14T10:32:45.791751][INFO][seed116] PS(V1,V0) in [0.0, 0.12963499667558862]
[2024-10-14T10:32:45.803479][INFO][seed116] PN(V1,V0) in [0.0, 1.0] 
[2024-10-14T10:32:45.830777][INFO][seed174] Sampled 1000 data instances
[2024-10-14T10:32:45.831880][INFO][seed174] Starting exact inference 
[2024-10-14T10:32:45.853062][INFO][seed108] Sampled 1600 data instances
[2024-10-14T10:32:45.853538][INFO][seed108] Starting exact inference 
[2024-10-14T10:32:45.853680][INFO][seed116] Saved data to: /mnt/beegfs/rcabanas/dev/credici/papers/zeros/models/s3/simple_nparents1_nzr08_zdr05_ysize3_116.csv
['genn.py', '1', '0.8', '0.5', '178', '3']
[2024-10-14T10:32:45.876183][INFO][seed116] Saved model to: /mnt/beegfs/rcabanas/dev/credici/papers/zeros/models/s3/simple_nparents1_nzr08_zdr05_ysize3_116.uai
[2024-10-14T10:32:45.884673][INFO][seed116] Saved queries to: /mnt/beegfs/rcabanas/dev/credici/papers/zeros/models/s3/simple_nparents1_nzr08_zdr05_ysize3_116_query.csv
[2024-10-14T10:32:45.885134][INFO][seed116] Closing log file
[2024-10-14T10:32:45.885222][INFO][seed116] Closed log file
[2024-10-14T10:32:45.914440][INFO][seed183] U cardinality: 9
1 0.8 0.5 178
/mnt/beegfs/rcabanas/dev/credici/papers/zeros/code/GenerateNparents.java
[2024-10-14T10:32:45.924169][INFO][seed183] !0 = [1, 2, 3, 4, 6, 7, 8]
[2024-10-14T10:32:45.925430][INFO][seed183] 0 = [0, 5]
[2024-10-14T10:32:45.930157][INFO][seed55] Sampled 1000 data instances
[2024-10-14T10:32:45.930929][INFO][seed55] Starting exact inference 
[2024-10-14T10:32:45.935769][INFO][seed183] Dropping state 5
[2024-10-14T10:32:45.940964][INFO][seed183] U cardinality: 8
[2024-10-14T10:32:45.953027][INFO][seed183] 
[P([3]) [0.048, 0.952], P([2]) [0.0, 0.05, 0.036, 0.195, 0.024, 0.001, 0.004, 0.69], P([1, 3]) [1.0, 0.0, 0.0, 1.0], P([0, 1, 2]) [1.0, 0.0, 0.0, 1.0, 0.0, 0.0, 1.0, 0.0, 0.0, 0.0, 1.0, 0.0, 1.0, 0.0, 0.0, 0.0, 0.0, 1.0, 0.0, 1.0, 0.0, 1.0, 0.0, 0.0, 0.0, 1.0, 0.0, 0.0, 1.0, 0.0, 0.0, 0.0, 1.0, 1.0, 0.0, 0.0, 0.0, 0.0, 1.0, 0.0, 1.0, 0.0, 0.0, 0.0, 1.0, 0.0, 0.0, 1.0]]

['genn.py', '1', '0.8', '0.5', '158', '3']
1 0.8 0.5 158
/mnt/beegfs/rcabanas/dev/credici/papers/zeros/code/GenerateNparents.java
['genn.py', '1', '0.8', '0.5', '30', '3']
[2024-10-14T10:32:46.171729][INFO][seed128] Set up logging
[2024-10-14T10:32:46.191757][INFO][seed128] args: -np;1;-nzr;0.8;-zdr;0.5;-o;/mnt/beegfs/rcabanas/dev/credici/papers/zeros/models/s3;-rw;-s;128;-ys;3
[2024-10-14T10:32:46.195282][INFO][seed128] Starting logger with seed 128
[2024-10-14T10:32:46.198577][INFO][seed108] PS(V1,V0) in [0.0, 0.13115577889447239]
[2024-10-14T10:32:46.208506][INFO][seed128] simple_nparents1_nzr08_zdr05_ysize3_128
[2024-10-14T10:32:46.210548][INFO][seed108] PN(V1,V0) in [0.0, 1.0] 
1 0.8 0.5 30
/mnt/beegfs/rcabanas/dev/credici/papers/zeros/code/GenerateNparents.java
[2024-10-14T10:32:46.253035][INFO][seed108] Saved data to: /mnt/beegfs/rcabanas/dev/credici/papers/zeros/models/s3/simple_nparents1_nzr08_zdr05_ysize3_108.csv
[2024-10-14T10:32:46.271524][INFO][seed183] Sampled 1000 data instances
[2024-10-14T10:32:46.273140][INFO][seed183] Starting exact inference 
[2024-10-14T10:32:46.286375][INFO][seed108] Saved model to: /mnt/beegfs/rcabanas/dev/credici/papers/zeros/models/s3/simple_nparents1_nzr08_zdr05_ysize3_108.uai
[2024-10-14T10:32:46.292400][INFO][seed108] Saved queries to: /mnt/beegfs/rcabanas/dev/credici/papers/zeros/models/s3/simple_nparents1_nzr08_zdr05_ysize3_108_query.csv
[2024-10-14T10:32:46.292511][INFO][seed108] Closing log file
[2024-10-14T10:32:46.292535][INFO][seed108] Closed log file
[2024-10-14T10:32:46.371980][INFO][seed128] U cardinality: 9
[2024-10-14T10:32:46.376139][INFO][seed128] !0 = [0, 1, 2, 4, 5, 7, 8]
[2024-10-14T10:32:46.376409][INFO][seed128] 0 = [3, 6]
[2024-10-14T10:32:46.381750][INFO][seed128] Dropping state 6
[2024-10-14T10:32:46.383828][INFO][seed128] U cardinality: 8
[2024-10-14T10:32:46.394925][INFO][seed128] 
[P([3]) [0.714, 0.286], P([2]) [0.004, 0.079, 0.011, 0.0, 0.001, 0.004, 0.001, 0.9], P([1, 3]) [1.0, 0.0, 0.0, 1.0], P([0, 1, 2]) [1.0, 0.0, 0.0, 1.0, 0.0, 0.0, 1.0, 0.0, 0.0, 0.0, 1.0, 0.0, 1.0, 0.0, 0.0, 0.0, 0.0, 1.0, 0.0, 1.0, 0.0, 1.0, 0.0, 0.0, 0.0, 1.0, 0.0, 0.0, 1.0, 0.0, 0.0, 1.0, 0.0, 0.0, 0.0, 1.0, 0.0, 0.0, 1.0, 0.0, 1.0, 0.0, 0.0, 0.0, 1.0, 0.0, 0.0, 1.0]]

['genn.py', '1', '0.8', '0.5', '163', '3']
1 0.8 0.5 163
/mnt/beegfs/rcabanas/dev/credici/papers/zeros/code/GenerateNparents.java
[2024-10-14T10:32:46.534992][INFO][seed86] Set up logging
[2024-10-14T10:32:46.562296][INFO][seed86] args: -np;1;-nzr;0.8;-zdr;0.5;-o;/mnt/beegfs/rcabanas/dev/credici/papers/zeros/models/s3;-rw;-s;86;-ys;3
[2024-10-14T10:32:46.565048][INFO][seed86] Starting logger with seed 86
[2024-10-14T10:32:46.571768][INFO][seed128] Sampled 1000 data instances
[2024-10-14T10:32:46.571998][INFO][seed128] Starting exact inference 
[2024-10-14T10:32:46.577438][INFO][seed99] Set up logging
[2024-10-14T10:32:46.597807][INFO][seed99] args: -np;1;-nzr;0.8;-zdr;0.5;-o;/mnt/beegfs/rcabanas/dev/credici/papers/zeros/models/s3;-rw;-s;99;-ys;3
[2024-10-14T10:32:46.600571][INFO][seed99] Starting logger with seed 99
[2024-10-14T10:32:46.616152][INFO][seed99] simple_nparents1_nzr08_zdr05_ysize3_99
[2024-10-14T10:32:46.735720][INFO][seed86] simple_nparents1_nzr08_zdr05_ysize3_86
[2024-10-14T10:32:46.767803][INFO][seed99] U cardinality: 9
[2024-10-14T10:32:46.771806][INFO][seed99] !0 = [0, 2, 3, 5, 6, 7, 8]
[2024-10-14T10:32:46.772081][INFO][seed99] 0 = [1, 4]
[2024-10-14T10:32:46.773561][INFO][seed99] U cardinality: 9
['genn.py', '1', '0.8', '0.5', '20', '3']
[2024-10-14T10:32:46.778172][INFO][seed99] 
[P([3]) [0.397, 0.603], P([2]) [0.054, 0.0, 0.003, 0.002, 0.0, 0.001, 0.783, 0.001, 0.156], P([1, 3]) [1.0, 0.0, 0.0, 1.0], P([0, 1, 2]) [1.0, 0.0, 0.0, 1.0, 0.0, 0.0, 1.0, 0.0, 0.0, 0.0, 1.0, 0.0, 1.0, 0.0, 0.0, 0.0, 0.0, 1.0, 0.0, 1.0, 0.0, 1.0, 0.0, 0.0, 0.0, 1.0, 0.0, 0.0, 1.0, 0.0, 0.0, 1.0, 0.0, 0.0, 0.0, 1.0, 0.0, 0.0, 1.0, 1.0, 0.0, 0.0, 0.0, 0.0, 1.0, 0.0, 1.0, 0.0, 0.0, 0.0, 1.0, 0.0, 0.0, 1.0]]

1 0.8 0.5 20
/mnt/beegfs/rcabanas/dev/credici/papers/zeros/code/GenerateNparents.java
[2024-10-14T10:32:46.859399][INFO][seed110] Set up logging
[2024-10-14T10:32:46.881822][INFO][seed110] args: -np;1;-nzr;0.8;-zdr;0.5;-o;/mnt/beegfs/rcabanas/dev/credici/papers/zeros/models/s3;-rw;-s;110;-ys;3
[2024-10-14T10:32:46.885170][INFO][seed110] Starting logger with seed 110
[2024-10-14T10:32:46.900148][INFO][seed110] simple_nparents1_nzr08_zdr05_ysize3_110
[2024-10-14T10:32:46.953156][INFO][seed86] U cardinality: 9
[2024-10-14T10:32:46.960457][INFO][seed86] !0 = [0, 2, 3, 5, 6, 7, 8]
[2024-10-14T10:32:46.960473][INFO][seed99] Sampled 1000 data instances
[2024-10-14T10:32:46.961157][INFO][seed86] 0 = [1, 4]
[2024-10-14T10:32:46.960715][INFO][seed99] Starting exact inference 
[2024-10-14T10:32:46.968671][INFO][seed86] Dropping state 4
[2024-10-14T10:32:46.970646][INFO][seed86] Dropping state 1
[2024-10-14T10:32:46.979252][INFO][seed86] U cardinality: 7
[2024-10-14T10:32:46.988226][INFO][seed86] 
[P([3]) [0.941, 0.059], P([2]) [0.002, 0.002, 0.004, 0.122, 0.007, 0.004, 0.859], P([1, 3]) [1.0, 0.0, 0.0, 1.0], P([0, 1, 2]) [1.0, 0.0, 0.0, 1.0, 0.0, 0.0, 1.0, 0.0, 0.0, 0.0, 0.0, 1.0, 0.0, 1.0, 0.0, 1.0, 0.0, 0.0, 0.0, 1.0, 0.0, 0.0, 0.0, 1.0, 0.0, 0.0, 1.0, 1.0, 0.0, 0.0, 0.0, 0.0, 1.0, 0.0, 1.0, 0.0, 0.0, 0.0, 1.0, 0.0, 0.0, 1.0]]

[2024-10-14T10:32:46.996840][INFO][seed200] PS(V1,V0) in [0.0, 1.0]
[2024-10-14T10:32:47.034276][INFO][seed200] PN(V1,V0) in [0.0, 0.1332510600594899] 
[2024-10-14T10:32:47.062240][INFO][seed110] U cardinality: 9
[2024-10-14T10:32:47.068533][INFO][seed110] !0 = [0, 1, 3, 4, 5, 6, 7]
[2024-10-14T10:32:47.068829][INFO][seed110] 0 = [2, 8]
[2024-10-14T10:32:47.074364][INFO][seed110] Dropping state 8
[2024-10-14T10:32:47.075439][INFO][seed110] Dropping state 2
[2024-10-14T10:32:47.077556][INFO][seed110] U cardinality: 7
[2024-10-14T10:32:47.082092][INFO][seed200] Saved data to: /mnt/beegfs/rcabanas/dev/credici/papers/zeros/models/s3/simple_nparents1_nzr08_zdr05_ysize3_200.csv
[2024-10-14T10:32:47.088703][INFO][seed110] 
[P([3]) [0.367, 0.633], P([2]) [0.021, 0.449, 0.139, 0.002, 0.007, 0.001, 0.381], P([1, 3]) [1.0, 0.0, 0.0, 1.0], P([0, 1, 2]) [1.0, 0.0, 0.0, 1.0, 0.0, 0.0, 1.0, 0.0, 0.0, 0.0, 1.0, 0.0, 0.0, 1.0, 0.0, 1.0, 0.0, 0.0, 0.0, 1.0, 0.0, 0.0, 1.0, 0.0, 0.0, 1.0, 0.0, 0.0, 0.0, 1.0, 0.0, 0.0, 1.0, 1.0, 0.0, 0.0, 0.0, 0.0, 1.0, 0.0, 1.0, 0.0]]

[2024-10-14T10:32:47.126732][INFO][seed200] Saved model to: /mnt/beegfs/rcabanas/dev/credici/papers/zeros/models/s3/simple_nparents1_nzr08_zdr05_ysize3_200.uai
[2024-10-14T10:32:47.137184][INFO][seed200] Saved queries to: /mnt/beegfs/rcabanas/dev/credici/papers/zeros/models/s3/simple_nparents1_nzr08_zdr05_ysize3_200_query.csv
[2024-10-14T10:32:47.137788][INFO][seed200] Closing log file
[2024-10-14T10:32:47.137928][INFO][seed200] Closed log file
[2024-10-14T10:32:47.152235][INFO][seed15] PS(V1,V0) in [0.0, 1.0]
[2024-10-14T10:32:47.180494][INFO][seed15] PN(V1,V0) in [0.0, 0.0026906009678131842] 
[2024-10-14T10:32:47.244245][INFO][seed15] Saved data to: /mnt/beegfs/rcabanas/dev/credici/papers/zeros/models/s3/simple_nparents1_nzr08_zdr05_ysize3_15.csv
Removed 000
Removed 000
Removed 000
Removed 000
Removed 000
Removed 000
Removed 000
Removed 000
Error in variable: 2
[2024-10-14T10:32:47.250752][INFO][seed128] No feasible solution... resampling
[2024-10-14T10:32:47.250357][INFO][seed55] PS(V1,V0) in [0.10491584488766961, 0.10491584488766961]
[2024-10-14T10:32:47.258545][INFO][seed55] PN(V1,V0) in [1.0, 1.0] 
[2024-10-14T10:32:47.275234][INFO][seed110] Sampled 1000 data instances
[2024-10-14T10:32:47.275522][INFO][seed110] Starting exact inference 
[2024-10-14T10:32:47.277326][INFO][seed15] Saved model to: /mnt/beegfs/rcabanas/dev/credici/papers/zeros/models/s3/simple_nparents1_nzr08_zdr05_ysize3_15.uai
[2024-10-14T10:32:47.287183][INFO][seed15] Saved queries to: /mnt/beegfs/rcabanas/dev/credici/papers/zeros/models/s3/simple_nparents1_nzr08_zdr05_ysize3_15_query.csv
[2024-10-14T10:32:47.287633][INFO][seed15] Closing log file
[2024-10-14T10:32:47.287735][INFO][seed15] Closed log file
[2024-10-14T10:32:47.309129][INFO][seed86] Sampled 1000 data instances
[2024-10-14T10:32:47.309642][INFO][seed86] Starting exact inference 
Error in variable: 2
[2024-10-14T10:32:47.312310][INFO][seed183] No feasible solution... resampling
[2024-10-14T10:32:47.320792][INFO][seed55] Saved data to: /mnt/beegfs/rcabanas/dev/credici/papers/zeros/models/s3/simple_nparents1_nzr08_zdr05_ysize3_55.csv
[2024-10-14T10:32:47.344796][INFO][seed128] Sampled 1100 data instances
[2024-10-14T10:32:47.345056][INFO][seed128] Starting exact inference 
[2024-10-14T10:32:47.348029][INFO][seed174] PS(V1,V0) in [0.0, 0.6106691623771642]
[2024-10-14T10:32:47.359487][INFO][seed55] Saved model to: /mnt/beegfs/rcabanas/dev/credici/papers/zeros/models/s3/simple_nparents1_nzr08_zdr05_ysize3_55.uai
[2024-10-14T10:32:47.367386][INFO][seed55] Saved queries to: /mnt/beegfs/rcabanas/dev/credici/papers/zeros/models/s3/simple_nparents1_nzr08_zdr05_ysize3_55_query.csv
[2024-10-14T10:32:47.367905][INFO][seed55] Closing log file
[2024-10-14T10:32:47.368039][INFO][seed55] Closed log file
[2024-10-14T10:32:47.371645][INFO][seed174] PN(V1,V0) in [0.0, 1.0] 
[2024-10-14T10:32:47.425840][INFO][seed174] Saved data to: /mnt/beegfs/rcabanas/dev/credici/papers/zeros/models/s3/simple_nparents1_nzr08_zdr05_ysize3_174.csv
[2024-10-14T10:32:47.452904][INFO][seed174] Saved model to: /mnt/beegfs/rcabanas/dev/credici/papers/zeros/models/s3/simple_nparents1_nzr08_zdr05_ysize3_174.uai
[2024-10-14T10:32:47.472724][INFO][seed174] Saved queries to: /mnt/beegfs/rcabanas/dev/credici/papers/zeros/models/s3/simple_nparents1_nzr08_zdr05_ysize3_174_query.csv
[2024-10-14T10:32:47.473560][INFO][seed174] Closing log file
[2024-10-14T10:32:47.473703][INFO][seed174] Closed log file
[2024-10-14T10:32:47.489961][INFO][seed183] Sampled 1100 data instances
[2024-10-14T10:32:47.490881][INFO][seed183] Starting exact inference 
[2024-10-14T10:32:47.579615][INFO][seed128] PS(V1,V0) in [0.0, 0.737893525781822]
[2024-10-14T10:32:47.587596][INFO][seed128] PN(V1,V0) in [0.0, 1.0] 
Removed 000
Removed 000
Removed 000
Removed 000
Error in variable: 2
[2024-10-14T10:32:47.615575][INFO][seed99] No feasible solution... resampling
[2024-10-14T10:32:47.618743][INFO][seed128] Saved data to: /mnt/beegfs/rcabanas/dev/credici/papers/zeros/models/s3/simple_nparents1_nzr08_zdr05_ysize3_128.csv
[2024-10-14T10:32:47.638233][INFO][seed128] Saved model to: /mnt/beegfs/rcabanas/dev/credici/papers/zeros/models/s3/simple_nparents1_nzr08_zdr05_ysize3_128.uai
[2024-10-14T10:32:47.642433][INFO][seed128] Saved queries to: /mnt/beegfs/rcabanas/dev/credici/papers/zeros/models/s3/simple_nparents1_nzr08_zdr05_ysize3_128_query.csv
[2024-10-14T10:32:47.642471][INFO][seed128] Closing log file
[2024-10-14T10:32:47.642496][INFO][seed128] Closed log file
[2024-10-14T10:32:47.686877][INFO][seed99] Sampled 1100 data instances
[2024-10-14T10:32:47.687080][INFO][seed99] Starting exact inference 
[2024-10-14T10:32:47.702393][INFO][seed196] Set up logging
[2024-10-14T10:32:47.729448][INFO][seed196] args: -np;1;-nzr;0.8;-zdr;0.5;-o;/mnt/beegfs/rcabanas/dev/credici/papers/zeros/models/s3;-rw;-s;196;-ys;3
[2024-10-14T10:32:47.730927][INFO][seed196] Starting logger with seed 196
[2024-10-14T10:32:47.737859][INFO][seed196] simple_nparents1_nzr08_zdr05_ysize3_196
['genn.py', '1', '0.8', '0.5', '131', '3']
1 0.8 0.5 131
/mnt/beegfs/rcabanas/dev/credici/papers/zeros/code/GenerateNparents.java
[2024-10-14T10:32:47.862622][INFO][seed65] Set up logging
[2024-10-14T10:32:47.867262][INFO][seed178] Set up logging
[2024-10-14T10:32:47.889886][INFO][seed178] args: -np;1;-nzr;0.8;-zdr;0.5;-o;/mnt/beegfs/rcabanas/dev/credici/papers/zeros/models/s3;-rw;-s;178;-ys;3
[2024-10-14T10:32:47.890383][INFO][seed65] args: -np;1;-nzr;0.8;-zdr;0.5;-o;/mnt/beegfs/rcabanas/dev/credici/papers/zeros/models/s3;-rw;-s;65;-ys;3
[2024-10-14T10:32:47.890815][INFO][seed99] PS(V1,V0) in [0.0, 0.0]
[2024-10-14T10:32:47.891336][INFO][seed178] Starting logger with seed 178
['genn.py', '1', '0.8', '0.5', '137', '3']
[2024-10-14T10:32:47.891868][INFO][seed65] Starting logger with seed 65
[2024-10-14T10:32:47.897256][INFO][seed99] No feasible solution... resampling
[2024-10-14T10:32:47.897784][INFO][seed65] simple_nparents1_nzr08_zdr05_ysize3_65
1 0.8 0.5 137
/mnt/beegfs/rcabanas/dev/credici/papers/zeros/code/GenerateNparents.java
[2024-10-14T10:32:47.945495][INFO][seed178] simple_nparents1_nzr08_zdr05_ysize3_178
[2024-10-14T10:32:47.951381][INFO][seed196] U cardinality: 9
[2024-10-14T10:32:47.956860][INFO][seed196] !0 = [0, 1, 2, 3, 4, 7, 8]
[2024-10-14T10:32:47.957154][INFO][seed196] 0 = [5, 6]
[2024-10-14T10:32:47.959840][INFO][seed99] Sampled 1200 data instances
[2024-10-14T10:32:47.960066][INFO][seed99] Starting exact inference 
[2024-10-14T10:32:47.963775][INFO][seed196] Dropping state 6
[2024-10-14T10:32:47.965059][INFO][seed196] Dropping state 5
[2024-10-14T10:32:47.967356][INFO][seed196] U cardinality: 7
[2024-10-14T10:32:47.976453][INFO][seed196] 
[P([3]) [0.318, 0.682], P([2]) [0.001, 0.001, 0.002, 0.015, 0.624, 0.018, 0.339], P([1, 3]) [1.0, 0.0, 0.0, 1.0], P([0, 1, 2]) [1.0, 0.0, 0.0, 1.0, 0.0, 0.0, 1.0, 0.0, 0.0, 0.0, 1.0, 0.0, 1.0, 0.0, 0.0, 0.0, 0.0, 1.0, 0.0, 1.0, 0.0, 1.0, 0.0, 0.0, 0.0, 1.0, 0.0, 0.0, 1.0, 0.0, 0.0, 0.0, 1.0, 0.0, 1.0, 0.0, 0.0, 0.0, 1.0, 0.0, 0.0, 1.0]]

['genn.py', '1', '0.8', '0.5', '21', '3']
1 0.8 0.5 21
/mnt/beegfs/rcabanas/dev/credici/papers/zeros/code/GenerateNparents.java
[2024-10-14T10:32:48.055445][INFO][seed110] PS(V1,V0) in [0.6956951154052603, 1.0]
[2024-10-14T10:32:48.067677][INFO][seed183] PS(V1,V0) in [0.0, 1.0]
[2024-10-14T10:32:48.069492][INFO][seed110] PN(V1,V0) in [0.3810251766836393, 0.5476898834652336] 
[2024-10-14T10:32:48.079412][INFO][seed99] PS(V1,V0) in [0.0, 0.0]
[2024-10-14T10:32:48.082105][INFO][seed99] No feasible solution... resampling
[2024-10-14T10:32:48.088150][INFO][seed178] U cardinality: 9
[2024-10-14T10:32:48.092354][INFO][seed178] !0 = [0, 1, 2, 4, 6, 7, 8]
[2024-10-14T10:32:48.092645][INFO][seed178] 0 = [3, 5]
[2024-10-14T10:32:48.094885][INFO][seed178] U cardinality: 9
[2024-10-14T10:32:48.095225][INFO][seed65] U cardinality: 9
[2024-10-14T10:32:48.098456][INFO][seed183] PN(V1,V0) in [0.0, 0.7434277047522752] 
[2024-10-14T10:32:48.099124][INFO][seed178] 
[P([3]) [0.928, 0.072], P([2]) [0.126, 0.068, 0.058, 0.0, 0.085, 0.0, 0.422, 0.044, 0.197], P([1, 3]) [1.0, 0.0, 0.0, 1.0], P([0, 1, 2]) [1.0, 0.0, 0.0, 1.0, 0.0, 0.0, 1.0, 0.0, 0.0, 0.0, 1.0, 0.0, 1.0, 0.0, 0.0, 0.0, 0.0, 1.0, 0.0, 1.0, 0.0, 1.0, 0.0, 0.0, 0.0, 1.0, 0.0, 0.0, 1.0, 0.0, 0.0, 1.0, 0.0, 0.0, 0.0, 1.0, 0.0, 0.0, 1.0, 1.0, 0.0, 0.0, 0.0, 0.0, 1.0, 0.0, 1.0, 0.0, 0.0, 0.0, 1.0, 0.0, 0.0, 1.0]]

[2024-10-14T10:32:48.102583][INFO][seed110] Saved data to: /mnt/beegfs/rcabanas/dev/credici/papers/zeros/models/s3/simple_nparents1_nzr08_zdr05_ysize3_110.csv
[2024-10-14T10:32:48.113037][INFO][seed65] !0 = [1, 2, 3, 4, 5, 6, 7]
[2024-10-14T10:32:48.113287][INFO][seed65] 0 = [0, 8]
[2024-10-14T10:32:48.117490][INFO][seed65] Dropping state 8
[2024-10-14T10:32:48.118220][INFO][seed65] Dropping state 0
[2024-10-14T10:32:48.120486][INFO][seed65] U cardinality: 7
[2024-10-14T10:32:48.121218][INFO][seed110] Saved model to: /mnt/beegfs/rcabanas/dev/credici/papers/zeros/models/s3/simple_nparents1_nzr08_zdr05_ysize3_110.uai
[2024-10-14T10:32:48.123936][INFO][seed99] Sampled 1300 data instances
[2024-10-14T10:32:48.124775][INFO][seed110] Saved queries to: /mnt/beegfs/rcabanas/dev/credici/papers/zeros/models/s3/simple_nparents1_nzr08_zdr05_ysize3_110_query.csv
[2024-10-14T10:32:48.124872][INFO][seed110] Closing log file
[2024-10-14T10:32:48.124956][INFO][seed110] Closed log file
[2024-10-14T10:32:48.133255][INFO][seed65] 
[P([3]) [0.906, 0.094], P([2]) [0.432, 0.006, 0.044, 0.003, 0.03, 0.004, 0.481], P([1, 3]) [1.0, 0.0, 0.0, 1.0], P([0, 1, 2]) [1.0, 0.0, 0.0, 0.0, 1.0, 0.0, 1.0, 0.0, 0.0, 0.0, 0.0, 1.0, 0.0, 1.0, 0.0, 1.0, 0.0, 0.0, 0.0, 1.0, 0.0, 0.0, 1.0, 0.0, 0.0, 1.0, 0.0, 0.0, 0.0, 1.0, 0.0, 0.0, 1.0, 1.0, 0.0, 0.0, 0.0, 0.0, 1.0, 0.0, 1.0, 0.0]]

[2024-10-14T10:32:48.136608][INFO][seed99] Starting exact inference 
[2024-10-14T10:32:48.162483][INFO][seed196] Sampled 1000 data instances
[2024-10-14T10:32:48.162480][INFO][seed183] Saved data to: /mnt/beegfs/rcabanas/dev/credici/papers/zeros/models/s3/simple_nparents1_nzr08_zdr05_ysize3_183.csv
[2024-10-14T10:32:48.162744][INFO][seed196] Starting exact inference 
[2024-10-14T10:32:48.187648][INFO][seed183] Saved model to: /mnt/beegfs/rcabanas/dev/credici/papers/zeros/models/s3/simple_nparents1_nzr08_zdr05_ysize3_183.uai
[2024-10-14T10:32:48.205489][INFO][seed183] Saved queries to: /mnt/beegfs/rcabanas/dev/credici/papers/zeros/models/s3/simple_nparents1_nzr08_zdr05_ysize3_183_query.csv
[2024-10-14T10:32:48.205639][INFO][seed183] Closing log file
[2024-10-14T10:32:48.205666][INFO][seed183] Closed log file
[2024-10-14T10:32:48.258786][INFO][seed99] PS(V1,V0) in [0.0, 0.0]
[2024-10-14T10:32:48.260382][INFO][seed99] No feasible solution... resampling
[2024-10-14T10:32:48.286223][INFO][seed178] Sampled 1000 data instances
[2024-10-14T10:32:48.286475][INFO][seed178] Starting exact inference 
[2024-10-14T10:32:48.299579][INFO][seed99] Sampled 1400 data instances
[2024-10-14T10:32:48.299810][INFO][seed99] Starting exact inference 
[2024-10-14T10:32:48.337524][INFO][seed65] Sampled 1000 data instances
[2024-10-14T10:32:48.337750][INFO][seed65] Starting exact inference 
[2024-10-14T10:32:48.439182][INFO][seed99] PS(V1,V0) in [0.0, 0.04614160700079554]
[2024-10-14T10:32:48.441519][INFO][seed99] PN(V1,V0) in [0.0, 1.0] 
[2024-10-14T10:32:48.468419][INFO][seed99] Saved data to: /mnt/beegfs/rcabanas/dev/credici/papers/zeros/models/s3/simple_nparents1_nzr08_zdr05_ysize3_99.csv
[2024-10-14T10:32:48.482234][INFO][seed99] Saved model to: /mnt/beegfs/rcabanas/dev/credici/papers/zeros/models/s3/simple_nparents1_nzr08_zdr05_ysize3_99.uai
[2024-10-14T10:32:48.485643][INFO][seed99] Saved queries to: /mnt/beegfs/rcabanas/dev/credici/papers/zeros/models/s3/simple_nparents1_nzr08_zdr05_ysize3_99_query.csv
[2024-10-14T10:32:48.485742][INFO][seed99] Closing log file
[2024-10-14T10:32:48.485815][INFO][seed99] Closed log file
[2024-10-14T10:32:48.516041][INFO][seed50] Set up logging
[2024-10-14T10:32:48.552883][INFO][seed50] args: -np;1;-nzr;0.8;-zdr;0.5;-o;/mnt/beegfs/rcabanas/dev/credici/papers/zeros/models/s3;-rw;-s;50;-ys;3
[2024-10-14T10:32:48.561683][INFO][seed86] PS(V1,V0) in [0.0, 0.0]
[2024-10-14T10:32:48.563220][INFO][seed50] Starting logger with seed 50
[2024-10-14T10:32:48.573687][INFO][seed50] simple_nparents1_nzr08_zdr05_ysize3_50
[2024-10-14T10:32:48.588005][INFO][seed86] No feasible solution... resampling
[2024-10-14T10:32:48.723149][INFO][seed86] Sampled 1100 data instances
[2024-10-14T10:32:48.724026][INFO][seed86] Starting exact inference 
Error in variable: 2
[2024-10-14T10:32:48.779450][INFO][seed196] No feasible solution... resampling
[2024-10-14T10:32:48.745667][INFO][seed176] Set up logging
[2024-10-14T10:32:48.786220][INFO][seed176] args: -np;1;-nzr;0.8;-zdr;0.5;-o;/mnt/beegfs/rcabanas/dev/credici/papers/zeros/models/s3;-rw;-s;176;-ys;3
[2024-10-14T10:32:48.789251][INFO][seed176] Starting logger with seed 176
[2024-10-14T10:32:48.811433][INFO][seed176] simple_nparents1_nzr08_zdr05_ysize3_176
[2024-10-14T10:32:48.814436][INFO][seed123] Set up logging
[2024-10-14T10:32:48.855462][INFO][seed123] args: -np;1;-nzr;0.8;-zdr;0.5;-o;/mnt/beegfs/rcabanas/dev/credici/papers/zeros/models/s3;-rw;-s;123;-ys;3
[2024-10-14T10:32:48.858532][INFO][seed123] Starting logger with seed 123
[2024-10-14T10:32:48.866495][INFO][seed196] Sampled 1100 data instances
[2024-10-14T10:32:48.866753][INFO][seed196] Starting exact inference 
[2024-10-14T10:32:48.872260][INFO][seed123] simple_nparents1_nzr08_zdr05_ysize3_123
[2024-10-14T10:32:48.929179][INFO][seed90] Set up logging
[2024-10-14T10:32:48.954829][INFO][seed90] args: -np;1;-nzr;0.8;-zdr;0.5;-o;/mnt/beegfs/rcabanas/dev/credici/papers/zeros/models/s3;-rw;-s;90;-ys;3
[2024-10-14T10:32:48.968288][INFO][seed90] Starting logger with seed 90
[2024-10-14T10:32:48.969660][INFO][seed50] U cardinality: 9
Error in variable: 2
[2024-10-14T10:32:48.971310][INFO][seed196] No feasible solution... resampling
[2024-10-14T10:32:48.976923][INFO][seed50] !0 = [1, 2, 3, 5, 6, 7, 8]
[2024-10-14T10:32:48.977720][INFO][seed50] 0 = [0, 4]
[2024-10-14T10:32:48.984068][INFO][seed90] simple_nparents1_nzr08_zdr05_ysize3_90
[2024-10-14T10:32:48.987731][INFO][seed50] Dropping state 0
Removed 000
Removed 000
Removed 000
Removed 000
Removed 000
Removed 000
Removed 000
Removed 000
Removed 000
Removed 000
Removed 000
Removed 000
Removed 000
Removed 000
Removed 000
Error in variable: 2
[2024-10-14T10:32:48.996596][INFO][seed178] No feasible solution... resampling
[2024-10-14T10:32:48.996320][INFO][seed50] U cardinality: 8
[2024-10-14T10:32:49.014858][INFO][seed50] 
[P([3]) [0.645, 0.355], P([2]) [0.629, 0.001, 0.001, 0.0, 0.082, 0.001, 0.002, 0.284], P([1, 3]) [1.0, 0.0, 0.0, 1.0], P([0, 1, 2]) [1.0, 0.0, 0.0, 0.0, 1.0, 0.0, 1.0, 0.0, 0.0, 0.0, 0.0, 1.0, 0.0, 1.0, 0.0, 1.0, 0.0, 0.0, 0.0, 1.0, 0.0, 0.0, 1.0, 0.0, 0.0, 1.0, 0.0, 0.0, 0.0, 1.0, 0.0, 0.0, 1.0, 1.0, 0.0, 0.0, 0.0, 0.0, 1.0, 0.0, 1.0, 0.0, 0.0, 0.0, 1.0, 0.0, 0.0, 1.0]]

[2024-10-14T10:32:49.015670][INFO][seed196] Sampled 1200 data instances
[2024-10-14T10:32:49.015916][INFO][seed196] Starting exact inference 
[2024-10-14T10:32:49.025554][INFO][seed86] PS(V1,V0) in [0.0, 0.0]
[2024-10-14T10:32:49.030490][INFO][seed86] No feasible solution... resampling
[2024-10-14T10:32:49.066648][INFO][seed178] Sampled 1100 data instances
[2024-10-14T10:32:49.066890][INFO][seed178] Starting exact inference 
[2024-10-14T10:32:49.153638][INFO][seed86] Sampled 1200 data instances
[2024-10-14T10:32:49.165825][INFO][seed86] Starting exact inference 
[2024-10-14T10:32:49.168621][INFO][seed176] U cardinality: 9
[2024-10-14T10:32:49.175624][INFO][seed176] !0 = [1, 3, 4, 5, 6, 7, 8]
[2024-10-14T10:32:49.176368][INFO][seed176] 0 = [0, 2]
[2024-10-14T10:32:49.176780][INFO][seed65] PS(V1,V0) in [0.8838734403611124, 1.0]
[2024-10-14T10:32:49.184154][INFO][seed176] Dropping state 0
[2024-10-14T10:32:49.184520][INFO][seed196] No feasible solution... resampling
[2024-10-14T10:32:49.188599][INFO][seed176] U cardinality: 8
[2024-10-14T10:32:49.197822][INFO][seed65] PN(V1,V0) in [0.46595054494842353, 0.5271688498277043] 
[2024-10-14T10:32:49.198676][INFO][seed176] 
[P([3]) [0.339, 0.661], P([2]) [0.009, 0.0, 0.002, 0.001, 0.017, 0.002, 0.026, 0.943], P([1, 3]) [1.0, 0.0, 0.0, 1.0], P([0, 1, 2]) [1.0, 0.0, 0.0, 0.0, 1.0, 0.0, 1.0, 0.0, 0.0, 0.0, 0.0, 1.0, 0.0, 1.0, 0.0, 1.0, 0.0, 0.0, 0.0, 1.0, 0.0, 0.0, 1.0, 0.0, 0.0, 1.0, 0.0, 0.0, 0.0, 1.0, 0.0, 0.0, 1.0, 1.0, 0.0, 0.0, 0.0, 0.0, 1.0, 0.0, 1.0, 0.0, 0.0, 0.0, 1.0, 0.0, 0.0, 1.0]]

[2024-10-14T10:32:49.224307][INFO][seed65] Saved data to: /mnt/beegfs/rcabanas/dev/credici/papers/zeros/models/s3/simple_nparents1_nzr08_zdr05_ysize3_65.csv
[2024-10-14T10:32:49.237303][INFO][seed65] Saved model to: /mnt/beegfs/rcabanas/dev/credici/papers/zeros/models/s3/simple_nparents1_nzr08_zdr05_ysize3_65.uai
[2024-10-14T10:32:49.214621][INFO][seed158] Set up logging
[2024-10-14T10:32:49.246546][INFO][seed158] args: -np;1;-nzr;0.8;-zdr;0.5;-o;/mnt/beegfs/rcabanas/dev/credici/papers/zeros/models/s3;-rw;-s;158;-ys;3
[2024-10-14T10:32:49.250299][INFO][seed65] Saved queries to: /mnt/beegfs/rcabanas/dev/credici/papers/zeros/models/s3/simple_nparents1_nzr08_zdr05_ysize3_65_query.csv
[2024-10-14T10:32:49.250353][INFO][seed65] Closing log file
[2024-10-14T10:32:49.250379][INFO][seed65] Closed log file
[2024-10-14T10:32:49.251122][INFO][seed196] Sampled 1300 data instances
[2024-10-14T10:32:49.251387][INFO][seed196] Starting exact inference 
[2024-10-14T10:32:49.261948][INFO][seed158] Starting logger with seed 158
[2024-10-14T10:32:49.270853][INFO][seed158] simple_nparents1_nzr08_zdr05_ysize3_158
[2024-10-14T10:32:49.329209][INFO][seed50] Sampled 1000 data instances
[2024-10-14T10:32:49.329767][INFO][seed50] Starting exact inference 
[2024-10-14T10:32:49.340191][INFO][seed178] PS(V1,V0) in [0.0, 0.5759902683798374]
[2024-10-14T10:32:49.351271][INFO][seed178] PN(V1,V0) in [0.0, 1.0] 
[2024-10-14T10:32:49.380227][INFO][seed196] PS(V1,V0) in [0.0, 1.0]
[2024-10-14T10:32:49.384083][INFO][seed178] Saved data to: /mnt/beegfs/rcabanas/dev/credici/papers/zeros/models/s3/simple_nparents1_nzr08_zdr05_ysize3_178.csv
[2024-10-14T10:32:49.386897][INFO][seed90] U cardinality: 9
[2024-10-14T10:32:49.387306][INFO][seed123] U cardinality: 9
[2024-10-14T10:32:49.387850][INFO][seed196] PN(V1,V0) in [0.0, 0.00382464096749811] 
[2024-10-14T10:32:49.390395][INFO][seed86] PS(V1,V0) in [0.0, 0.0]
[2024-10-14T10:32:49.394500][INFO][seed90] !0 = [0, 1, 2, 4, 5, 7, 8]
[2024-10-14T10:32:49.394712][INFO][seed123] !0 = [0, 1, 2, 3, 4, 5, 8]
[2024-10-14T10:32:49.395366][INFO][seed90] 0 = [3, 6]
[2024-10-14T10:32:49.395403][INFO][seed123] 0 = [6, 7]
[2024-10-14T10:32:49.395682][INFO][seed86] No feasible solution... resampling
[2024-10-14T10:32:49.402959][INFO][seed178] Saved model to: /mnt/beegfs/rcabanas/dev/credici/papers/zeros/models/s3/simple_nparents1_nzr08_zdr05_ysize3_178.uai
[2024-10-14T10:32:49.403449][INFO][seed90] Dropping state 6
[2024-10-14T10:32:49.376828][INFO][seed30] Set up logging
[2024-10-14T10:32:49.404560][INFO][seed30] args: -np;1;-nzr;0.8;-zdr;0.5;-o;/mnt/beegfs/rcabanas/dev/credici/papers/zeros/models/s3;-rw;-s;30;-ys;3
[2024-10-14T10:32:49.406009][INFO][seed123] Dropping state 7
[2024-10-14T10:32:49.407046][INFO][seed178] Saved queries to: /mnt/beegfs/rcabanas/dev/credici/papers/zeros/models/s3/simple_nparents1_nzr08_zdr05_ysize3_178_query.csv
[2024-10-14T10:32:49.407181][INFO][seed178] Closing log file
[2024-10-14T10:32:49.407264][INFO][seed178] Closed log file
[2024-10-14T10:32:49.407597][INFO][seed30] Starting logger with seed 30
[2024-10-14T10:32:49.407855][INFO][seed123] Dropping state 6
[2024-10-14T10:32:49.411628][INFO][seed123] U cardinality: 7
[2024-10-14T10:32:49.413758][INFO][seed90] U cardinality: 8
[2024-10-14T10:32:49.420690][INFO][seed90] 
[P([3]) [0.876, 0.124], P([2]) [0.041, 0.766, 0.002, 0.0, 0.001, 0.17, 0.001, 0.019], P([1, 3]) [1.0, 0.0, 0.0, 1.0], P([0, 1, 2]) [1.0, 0.0, 0.0, 1.0, 0.0, 0.0, 1.0, 0.0, 0.0, 0.0, 1.0, 0.0, 1.0, 0.0, 0.0, 0.0, 0.0, 1.0, 0.0, 1.0, 0.0, 1.0, 0.0, 0.0, 0.0, 1.0, 0.0, 0.0, 1.0, 0.0, 0.0, 1.0, 0.0, 0.0, 0.0, 1.0, 0.0, 0.0, 1.0, 0.0, 1.0, 0.0, 0.0, 0.0, 1.0, 0.0, 0.0, 1.0]]

[2024-10-14T10:32:49.426134][INFO][seed30] simple_nparents1_nzr08_zdr05_ysize3_30
[2024-10-14T10:32:49.426232][INFO][seed196] Saved data to: /mnt/beegfs/rcabanas/dev/credici/papers/zeros/models/s3/simple_nparents1_nzr08_zdr05_ysize3_196.csv
[2024-10-14T10:32:49.437974][INFO][seed123] 
[P([3]) [0.811, 0.189], P([2]) [0.001, 0.755, 0.21, 0.021, 0.004, 0.002, 0.007], P([1, 3]) [1.0, 0.0, 0.0, 1.0], P([0, 1, 2]) [1.0, 0.0, 0.0, 1.0, 0.0, 0.0, 1.0, 0.0, 0.0, 0.0, 1.0, 0.0, 1.0, 0.0, 0.0, 0.0, 0.0, 1.0, 0.0, 1.0, 0.0, 1.0, 0.0, 0.0, 0.0, 1.0, 0.0, 0.0, 1.0, 0.0, 0.0, 1.0, 0.0, 0.0, 0.0, 1.0, 0.0, 0.0, 1.0, 0.0, 0.0, 1.0]]

[2024-10-14T10:32:49.439717][INFO][seed196] Saved model to: /mnt/beegfs/rcabanas/dev/credici/papers/zeros/models/s3/simple_nparents1_nzr08_zdr05_ysize3_196.uai
[2024-10-14T10:32:49.449147][INFO][seed196] Saved queries to: /mnt/beegfs/rcabanas/dev/credici/papers/zeros/models/s3/simple_nparents1_nzr08_zdr05_ysize3_196_query.csv
[2024-10-14T10:32:49.449218][INFO][seed196] Closing log file
[2024-10-14T10:32:49.449244][INFO][seed196] Closed log file
[2024-10-14T10:32:49.486604][INFO][seed176] Sampled 1000 data instances
[2024-10-14T10:32:49.487193][INFO][seed176] Starting exact inference 
[2024-10-14T10:32:49.512002][INFO][seed86] Sampled 1300 data instances
[2024-10-14T10:32:49.520659][INFO][seed86] Starting exact inference 
[2024-10-14T10:32:49.671375][INFO][seed163] Set up logging
[2024-10-14T10:32:49.704578][INFO][seed163] args: -np;1;-nzr;0.8;-zdr;0.5;-o;/mnt/beegfs/rcabanas/dev/credici/papers/zeros/models/s3;-rw;-s;163;-ys;3
[2024-10-14T10:32:49.707280][INFO][seed163] Starting logger with seed 163
[2024-10-14T10:32:49.723419][INFO][seed90] Sampled 1000 data instances
[2024-10-14T10:32:49.723609][INFO][seed90] Starting exact inference 
[2024-10-14T10:32:49.732233][INFO][seed86] PS(V1,V0) in [0.0, 0.0]
[2024-10-14T10:32:49.736820][INFO][seed30] U cardinality: 9
[2024-10-14T10:32:49.737626][INFO][seed158] U cardinality: 9
[2024-10-14T10:32:49.738341][INFO][seed86] PN(V1,V0) in [0.0, 0.0] 
[2024-10-14T10:32:49.738419][INFO][seed123] Sampled 1000 data instances
[2024-10-14T10:32:49.738601][INFO][seed123] Starting exact inference 
[2024-10-14T10:32:49.744686][INFO][seed30] !0 = [1, 2, 3, 4, 6, 7, 8]
[2024-10-14T10:32:49.745341][INFO][seed30] 0 = [0, 5]
[2024-10-14T10:32:49.745217][INFO][seed158] !0 = [0, 1, 2, 5, 6, 7, 8]
[2024-10-14T10:32:49.749760][INFO][seed158] 0 = [3, 4]
[2024-10-14T10:32:49.753201][INFO][seed30] Dropping state 5
[2024-10-14T10:32:49.760949][INFO][seed158] Dropping state 4
[2024-10-14T10:32:49.761400][INFO][seed30] U cardinality: 8
[2024-10-14T10:32:49.762948][INFO][seed158] Dropping state 3
[2024-10-14T10:32:49.768705][INFO][seed30] 
[P([3]) [0.483, 0.517], P([2]) [0.0, 0.001, 0.001, 0.871, 0.002, 0.042, 0.004, 0.079], P([1, 3]) [1.0, 0.0, 0.0, 1.0], P([0, 1, 2]) [1.0, 0.0, 0.0, 1.0, 0.0, 0.0, 1.0, 0.0, 0.0, 0.0, 1.0, 0.0, 1.0, 0.0, 0.0, 0.0, 0.0, 1.0, 0.0, 1.0, 0.0, 1.0, 0.0, 0.0, 0.0, 1.0, 0.0, 0.0, 1.0, 0.0, 0.0, 0.0, 1.0, 1.0, 0.0, 0.0, 0.0, 0.0, 1.0, 0.0, 1.0, 0.0, 0.0, 0.0, 1.0, 0.0, 0.0, 1.0]]

[2024-10-14T10:32:49.770682][INFO][seed158] U cardinality: 7
[2024-10-14T10:32:49.787129][INFO][seed86] Saved data to: /mnt/beegfs/rcabanas/dev/credici/papers/zeros/models/s3/simple_nparents1_nzr08_zdr05_ysize3_86.csv
[2024-10-14T10:32:49.795987][INFO][seed158] 
[P([3]) [0.72, 0.28], P([2]) [0.003, 0.214, 0.1, 0.029, 0.618, 0.019, 0.017], P([1, 3]) [1.0, 0.0, 0.0, 1.0], P([0, 1, 2]) [1.0, 0.0, 0.0, 1.0, 0.0, 0.0, 1.0, 0.0, 0.0, 0.0, 1.0, 0.0, 1.0, 0.0, 0.0, 0.0, 0.0, 1.0, 0.0, 1.0, 0.0, 0.0, 0.0, 1.0, 0.0, 0.0, 1.0, 1.0, 0.0, 0.0, 0.0, 0.0, 1.0, 0.0, 1.0, 0.0, 0.0, 0.0, 1.0, 0.0, 0.0, 1.0]]

[2024-10-14T10:32:49.823240][INFO][seed86] Saved model to: /mnt/beegfs/rcabanas/dev/credici/papers/zeros/models/s3/simple_nparents1_nzr08_zdr05_ysize3_86.uai
[2024-10-14T10:32:49.829716][INFO][seed86] Saved queries to: /mnt/beegfs/rcabanas/dev/credici/papers/zeros/models/s3/simple_nparents1_nzr08_zdr05_ysize3_86_query.csv
[2024-10-14T10:32:49.829791][INFO][seed86] Closing log file
[2024-10-14T10:32:49.829818][INFO][seed86] Closed log file
[2024-10-14T10:32:49.910868][INFO][seed163] simple_nparents1_nzr08_zdr05_ysize3_163
[2024-10-14T10:32:50.041181][INFO][seed30] Sampled 1000 data instances
[2024-10-14T10:32:50.041655][INFO][seed30] Starting exact inference 
[2024-10-14T10:32:50.064820][INFO][seed158] Sampled 1000 data instances
[2024-10-14T10:32:50.065324][INFO][seed158] Starting exact inference 
[2024-10-14T10:32:50.051361][INFO][seed20] Set up logging
[2024-10-14T10:32:50.094042][INFO][seed20] args: -np;1;-nzr;0.8;-zdr;0.5;-o;/mnt/beegfs/rcabanas/dev/credici/papers/zeros/models/s3;-rw;-s;20;-ys;3
[2024-10-14T10:32:50.096957][INFO][seed20] Starting logger with seed 20
[2024-10-14T10:32:50.114605][INFO][seed20] simple_nparents1_nzr08_zdr05_ysize3_20
[2024-10-14T10:32:50.186865][INFO][seed163] U cardinality: 9
[2024-10-14T10:32:50.196539][INFO][seed163] !0 = [0, 1, 3, 4, 5, 6, 7]
[2024-10-14T10:32:50.197314][INFO][seed163] 0 = [2, 8]
[2024-10-14T10:32:50.204685][INFO][seed163] Dropping state 8
[2024-10-14T10:32:50.207604][INFO][seed163] Dropping state 2
[2024-10-14T10:32:50.215785][INFO][seed163] U cardinality: 7
[2024-10-14T10:32:50.241024][INFO][seed163] 
[P([3]) [0.188, 0.812], P([2]) [0.125, 0.376, 0.001, 0.002, 0.001, 0.492, 0.003], P([1, 3]) [1.0, 0.0, 0.0, 1.0], P([0, 1, 2]) [1.0, 0.0, 0.0, 1.0, 0.0, 0.0, 1.0, 0.0, 0.0, 0.0, 1.0, 0.0, 0.0, 1.0, 0.0, 1.0, 0.0, 0.0, 0.0, 1.0, 0.0, 0.0, 1.0, 0.0, 0.0, 1.0, 0.0, 0.0, 0.0, 1.0, 0.0, 0.0, 1.0, 1.0, 0.0, 0.0, 0.0, 0.0, 1.0, 0.0, 1.0, 0.0]]

Removed 000
Removed 000
Removed 000
Removed 000
Error in variable: 2
[2024-10-14T10:32:50.395566][INFO][seed176] No feasible solution... resampling
[2024-10-14T10:32:50.418264][INFO][seed20] U cardinality: 9
[2024-10-14T10:32:50.425185][INFO][seed20] !0 = [0, 2, 3, 5, 6, 7, 8]
[2024-10-14T10:32:50.425821][INFO][seed20] 0 = [1, 4]
[2024-10-14T10:32:50.434051][INFO][seed20] Dropping state 4
[2024-10-14T10:32:50.441565][INFO][seed20] U cardinality: 8
[2024-10-14T10:32:50.448885][INFO][seed20] 
[P([3]) [0.745, 0.255], P([2]) [0.788, 0.0, 0.001, 0.113, 0.05, 0.002, 0.006, 0.04], P([1, 3]) [1.0, 0.0, 0.0, 1.0], P([0, 1, 2]) [1.0, 0.0, 0.0, 1.0, 0.0, 0.0, 1.0, 0.0, 0.0, 0.0, 1.0, 0.0, 1.0, 0.0, 0.0, 0.0, 0.0, 1.0, 0.0, 1.0, 0.0, 1.0, 0.0, 0.0, 0.0, 1.0, 0.0, 0.0, 0.0, 1.0, 0.0, 0.0, 1.0, 1.0, 0.0, 0.0, 0.0, 0.0, 1.0, 0.0, 1.0, 0.0, 0.0, 0.0, 1.0, 0.0, 0.0, 1.0]]

[2024-10-14T10:32:50.529048][INFO][seed163] Sampled 1000 data instances
[2024-10-14T10:32:50.529561][INFO][seed163] Starting exact inference 
[2024-10-14T10:32:50.548420][INFO][seed176] Sampled 1100 data instances
[2024-10-14T10:32:50.548942][INFO][seed176] Starting exact inference 
[2024-10-14T10:32:50.619002][INFO][seed50] PS(V1,V0) in [0.4596968960207472, 1.0]
[2024-10-14T10:32:50.653559][INFO][seed50] PN(V1,V0) in [0.42718139506860864, 0.9292675212001626] 
[2024-10-14T10:32:50.658636][INFO][seed131] Set up logging
[2024-10-14T10:32:50.680093][INFO][seed131] args: -np;1;-nzr;0.8;-zdr;0.5;-o;/mnt/beegfs/rcabanas/dev/credici/papers/zeros/models/s3;-rw;-s;131;-ys;3
[2024-10-14T10:32:50.681815][INFO][seed131] Starting logger with seed 131
[2024-10-14T10:32:50.695846][INFO][seed131] simple_nparents1_nzr08_zdr05_ysize3_131
[2024-10-14T10:32:50.706054][INFO][seed50] Saved data to: /mnt/beegfs/rcabanas/dev/credici/papers/zeros/models/s3/simple_nparents1_nzr08_zdr05_ysize3_50.csv
[2024-10-14T10:32:50.715912][INFO][seed20] Sampled 1000 data instances
[2024-10-14T10:32:50.716394][INFO][seed20] Starting exact inference 
[2024-10-14T10:32:50.741353][INFO][seed50] Saved model to: /mnt/beegfs/rcabanas/dev/credici/papers/zeros/models/s3/simple_nparents1_nzr08_zdr05_ysize3_50.uai
[2024-10-14T10:32:50.747872][INFO][seed50] Saved queries to: /mnt/beegfs/rcabanas/dev/credici/papers/zeros/models/s3/simple_nparents1_nzr08_zdr05_ysize3_50_query.csv
[2024-10-14T10:32:50.748302][INFO][seed50] Closing log file
[2024-10-14T10:32:50.748343][INFO][seed50] Closed log file
[2024-10-14T10:32:50.926581][INFO][seed176] PS(V1,V0) in [0.0, 1.0]
[2024-10-14T10:32:50.948148][INFO][seed176] PN(V1,V0) in [0.0, 0.19892747701736466] 
[2024-10-14T10:32:50.967898][INFO][seed123] PS(V1,V0) in [0.7563560417291328, 0.7827417570487701]
[2024-10-14T10:32:50.972730][INFO][seed90] PS(V1,V0) in [0.5878455107006926, 0.8357396892743496]
[2024-10-14T10:32:50.988528][INFO][seed90] PN(V1,V0) in [0.7033835035537239, 1.0] 
[2024-10-14T10:32:50.990269][INFO][seed123] PN(V1,V0) in [0.9662906506749795, 1.0] 
[2024-10-14T10:32:50.999434][INFO][seed176] Saved data to: /mnt/beegfs/rcabanas/dev/credici/papers/zeros/models/s3/simple_nparents1_nzr08_zdr05_ysize3_176.csv
[2024-10-14T10:32:51.016256][INFO][seed176] Saved model to: /mnt/beegfs/rcabanas/dev/credici/papers/zeros/models/s3/simple_nparents1_nzr08_zdr05_ysize3_176.uai
[2024-10-14T10:32:51.018748][INFO][seed131] U cardinality: 9
[2024-10-14T10:32:51.023004][INFO][seed176] Saved queries to: /mnt/beegfs/rcabanas/dev/credici/papers/zeros/models/s3/simple_nparents1_nzr08_zdr05_ysize3_176_query.csv
[2024-10-14T10:32:51.023332][INFO][seed176] Closing log file
[2024-10-14T10:32:51.023427][INFO][seed176] Closed log file
[2024-10-14T10:32:51.024093][INFO][seed131] !0 = [0, 1, 2, 4, 5, 6, 8]
[2024-10-14T10:32:51.024422][INFO][seed131] 0 = [3, 7]
[2024-10-14T10:32:51.026248][INFO][seed131] U cardinality: 9
[2024-10-14T10:32:51.031826][INFO][seed131] 
[P([3]) [0.918, 0.082], P([2]) [0.006, 0.185, 0.018, 0.0, 0.16, 0.065, 0.003, 0.0, 0.563], P([1, 3]) [1.0, 0.0, 0.0, 1.0], P([0, 1, 2]) [1.0, 0.0, 0.0, 1.0, 0.0, 0.0, 1.0, 0.0, 0.0, 0.0, 1.0, 0.0, 1.0, 0.0, 0.0, 0.0, 0.0, 1.0, 0.0, 1.0, 0.0, 1.0, 0.0, 0.0, 0.0, 1.0, 0.0, 0.0, 1.0, 0.0, 0.0, 1.0, 0.0, 0.0, 0.0, 1.0, 0.0, 0.0, 1.0, 1.0, 0.0, 0.0, 0.0, 0.0, 1.0, 0.0, 1.0, 0.0, 0.0, 0.0, 1.0, 0.0, 0.0, 1.0]]

[2024-10-14T10:32:51.041410][INFO][seed90] Saved data to: /mnt/beegfs/rcabanas/dev/credici/papers/zeros/models/s3/simple_nparents1_nzr08_zdr05_ysize3_90.csv
[2024-10-14T10:32:51.042393][INFO][seed123] Saved data to: /mnt/beegfs/rcabanas/dev/credici/papers/zeros/models/s3/simple_nparents1_nzr08_zdr05_ysize3_123.csv
[2024-10-14T10:32:51.054893][INFO][seed90] Saved model to: /mnt/beegfs/rcabanas/dev/credici/papers/zeros/models/s3/simple_nparents1_nzr08_zdr05_ysize3_90.uai
[2024-10-14T10:32:51.066329][INFO][seed123] Saved model to: /mnt/beegfs/rcabanas/dev/credici/papers/zeros/models/s3/simple_nparents1_nzr08_zdr05_ysize3_123.uai
[2024-10-14T10:32:51.069269][INFO][seed90] Saved queries to: /mnt/beegfs/rcabanas/dev/credici/papers/zeros/models/s3/simple_nparents1_nzr08_zdr05_ysize3_90_query.csv
[2024-10-14T10:32:51.069396][INFO][seed90] Closing log file
[2024-10-14T10:32:51.069422][INFO][seed90] Closed log file
[2024-10-14T10:32:51.071855][INFO][seed123] Saved queries to: /mnt/beegfs/rcabanas/dev/credici/papers/zeros/models/s3/simple_nparents1_nzr08_zdr05_ysize3_123_query.csv
[2024-10-14T10:32:51.071960][INFO][seed123] Closing log file
[2024-10-14T10:32:51.071987][INFO][seed123] Closed log file
[2024-10-14T10:32:51.129663][INFO][seed30] PS(V1,V0) in [0.0, 0.0]
[2024-10-14T10:32:51.154042][INFO][seed30] No feasible solution... resampling
[2024-10-14T10:32:51.263930][INFO][seed131] Sampled 1000 data instances
[2024-10-14T10:32:51.264484][INFO][seed131] Starting exact inference 
[2024-10-14T10:32:51.291181][INFO][seed30] Sampled 1100 data instances
[2024-10-14T10:32:51.291631][INFO][seed30] Starting exact inference 
[2024-10-14T10:32:51.294348][INFO][seed158] PS(V1,V0) in [0.0, 0.7861668778763423]
[2024-10-14T10:32:51.303699][INFO][seed158] PN(V1,V0) in [0.0, 1.0] 
[2024-10-14T10:32:51.347100][INFO][seed158] Saved data to: /mnt/beegfs/rcabanas/dev/credici/papers/zeros/models/s3/simple_nparents1_nzr08_zdr05_ysize3_158.csv
[2024-10-14T10:32:51.325658][INFO][seed137] Set up logging
[2024-10-14T10:32:51.358956][INFO][seed137] args: -np;1;-nzr;0.8;-zdr;0.5;-o;/mnt/beegfs/rcabanas/dev/credici/papers/zeros/models/s3;-rw;-s;137;-ys;3
[2024-10-14T10:32:51.361806][INFO][seed137] Starting logger with seed 137
[2024-10-14T10:32:51.371367][INFO][seed158] Saved model to: /mnt/beegfs/rcabanas/dev/credici/papers/zeros/models/s3/simple_nparents1_nzr08_zdr05_ysize3_158.uai
[2024-10-14T10:32:51.379522][INFO][seed137] simple_nparents1_nzr08_zdr05_ysize3_137
[2024-10-14T10:32:51.386816][INFO][seed158] Saved queries to: /mnt/beegfs/rcabanas/dev/credici/papers/zeros/models/s3/simple_nparents1_nzr08_zdr05_ysize3_158_query.csv
[2024-10-14T10:32:51.386941][INFO][seed158] Closing log file
[2024-10-14T10:32:51.386969][INFO][seed158] Closed log file
Error in variable: 2
[2024-10-14T10:32:51.482682][INFO][seed163] No feasible solution... resampling
[2024-10-14T10:32:51.531858][INFO][seed30] PS(V1,V0) in [0.0, 1.0]
[2024-10-14T10:32:51.542819][INFO][seed30] PN(V1,V0) in [0.0, 0.2782608695652174] 
[2024-10-14T10:32:51.522659][INFO][seed21] Set up logging
[2024-10-14T10:32:51.554508][INFO][seed21] args: -np;1;-nzr;0.8;-zdr;0.5;-o;/mnt/beegfs/rcabanas/dev/credici/papers/zeros/models/s3;-rw;-s;21;-ys;3
[2024-10-14T10:32:51.558533][INFO][seed21] Starting logger with seed 21
[2024-10-14T10:32:51.574962][INFO][seed21] simple_nparents1_nzr08_zdr05_ysize3_21
[2024-10-14T10:32:51.587013][INFO][seed30] Saved data to: /mnt/beegfs/rcabanas/dev/credici/papers/zeros/models/s3/simple_nparents1_nzr08_zdr05_ysize3_30.csv
[2024-10-14T10:32:51.591726][INFO][seed163] Sampled 1100 data instances
[2024-10-14T10:32:51.594164][INFO][seed163] Starting exact inference 
[2024-10-14T10:32:51.599636][INFO][seed30] Saved model to: /mnt/beegfs/rcabanas/dev/credici/papers/zeros/models/s3/simple_nparents1_nzr08_zdr05_ysize3_30.uai
[2024-10-14T10:32:51.603750][INFO][seed30] Saved queries to: /mnt/beegfs/rcabanas/dev/credici/papers/zeros/models/s3/simple_nparents1_nzr08_zdr05_ysize3_30_query.csv
[2024-10-14T10:32:51.603849][INFO][seed30] Closing log file
[2024-10-14T10:32:51.603935][INFO][seed30] Closed log file
[2024-10-14T10:32:51.712788][INFO][seed137] U cardinality: 9
[2024-10-14T10:32:51.720124][INFO][seed137] !0 = [0, 1, 2, 3, 4, 5, 8]
[2024-10-14T10:32:51.720790][INFO][seed137] 0 = [6, 7]
[2024-10-14T10:32:51.727989][INFO][seed137] Dropping state 6
[2024-10-14T10:32:51.735360][INFO][seed137] U cardinality: 8
[2024-10-14T10:32:51.741638][INFO][seed137] 
[P([3]) [0.871, 0.129], P([2]) [0.023, 0.128, 0.011, 0.007, 0.007, 0.005, 0.0, 0.819], P([1, 3]) [1.0, 0.0, 0.0, 1.0], P([0, 1, 2]) [1.0, 0.0, 0.0, 1.0, 0.0, 0.0, 1.0, 0.0, 0.0, 0.0, 1.0, 0.0, 1.0, 0.0, 0.0, 0.0, 0.0, 1.0, 0.0, 1.0, 0.0, 1.0, 0.0, 0.0, 0.0, 1.0, 0.0, 0.0, 1.0, 0.0, 0.0, 1.0, 0.0, 0.0, 0.0, 1.0, 0.0, 0.0, 1.0, 0.0, 1.0, 0.0, 0.0, 0.0, 1.0, 0.0, 0.0, 1.0]]

[2024-10-14T10:32:51.808874][INFO][seed20] PS(V1,V0) in [0.0, 0.004903584074177854]
[2024-10-14T10:32:51.832115][INFO][seed20] PN(V1,V0) in [0.0, 1.0] 
[2024-10-14T10:32:51.867033][INFO][seed20] Saved data to: /mnt/beegfs/rcabanas/dev/credici/papers/zeros/models/s3/simple_nparents1_nzr08_zdr05_ysize3_20.csv
[2024-10-14T10:32:51.871301][INFO][seed163] PS(V1,V0) in [0.0, 0.7297594241333586]
[2024-10-14T10:32:51.888823][INFO][seed20] Saved model to: /mnt/beegfs/rcabanas/dev/credici/papers/zeros/models/s3/simple_nparents1_nzr08_zdr05_ysize3_20.uai
[2024-10-14T10:32:51.890491][INFO][seed163] PN(V1,V0) in [0.0, 1.0] 
[2024-10-14T10:32:51.903264][INFO][seed20] Saved queries to: /mnt/beegfs/rcabanas/dev/credici/papers/zeros/models/s3/simple_nparents1_nzr08_zdr05_ysize3_20_query.csv
[2024-10-14T10:32:51.903390][INFO][seed20] Closing log file
[2024-10-14T10:32:51.903418][INFO][seed20] Closed log file
[2024-10-14T10:32:51.907338][INFO][seed21] U cardinality: 9
[2024-10-14T10:32:51.914228][INFO][seed21] !0 = [0, 2, 3, 5, 6, 7, 8]
[2024-10-14T10:32:51.914925][INFO][seed21] 0 = [1, 4]
[2024-10-14T10:32:51.917508][INFO][seed21] U cardinality: 9
[2024-10-14T10:32:51.924185][INFO][seed21] 
[P([3]) [0.541, 0.459], P([2]) [0.023, 0.0, 0.025, 0.005, 0.0, 0.07, 0.175, 0.003, 0.699], P([1, 3]) [1.0, 0.0, 0.0, 1.0], P([0, 1, 2]) [1.0, 0.0, 0.0, 1.0, 0.0, 0.0, 1.0, 0.0, 0.0, 0.0, 1.0, 0.0, 1.0, 0.0, 0.0, 0.0, 0.0, 1.0, 0.0, 1.0, 0.0, 1.0, 0.0, 0.0, 0.0, 1.0, 0.0, 0.0, 1.0, 0.0, 0.0, 1.0, 0.0, 0.0, 0.0, 1.0, 0.0, 0.0, 1.0, 1.0, 0.0, 0.0, 0.0, 0.0, 1.0, 0.0, 1.0, 0.0, 0.0, 0.0, 1.0, 0.0, 0.0, 1.0]]

[2024-10-14T10:32:51.927290][INFO][seed163] Saved data to: /mnt/beegfs/rcabanas/dev/credici/papers/zeros/models/s3/simple_nparents1_nzr08_zdr05_ysize3_163.csv
[2024-10-14T10:32:51.951008][INFO][seed163] Saved model to: /mnt/beegfs/rcabanas/dev/credici/papers/zeros/models/s3/simple_nparents1_nzr08_zdr05_ysize3_163.uai
[2024-10-14T10:32:51.956282][INFO][seed163] Saved queries to: /mnt/beegfs/rcabanas/dev/credici/papers/zeros/models/s3/simple_nparents1_nzr08_zdr05_ysize3_163_query.csv
[2024-10-14T10:32:51.956392][INFO][seed163] Closing log file
[2024-10-14T10:32:51.956482][INFO][seed163] Closed log file
[2024-10-14T10:32:52.005843][INFO][seed137] Sampled 1000 data instances
[2024-10-14T10:32:52.006515][INFO][seed137] Starting exact inference 
[2024-10-14T10:32:52.190790][INFO][seed21] Sampled 1000 data instances
[2024-10-14T10:32:52.191424][INFO][seed21] Starting exact inference 
[2024-10-14T10:32:52.255717][INFO][seed131] PS(V1,V0) in [0.0, 1.0]
[2024-10-14T10:32:52.272537][INFO][seed131] PN(V1,V0) in [0.0, 0.645651077963287] 
[2024-10-14T10:32:52.320749][INFO][seed131] Saved data to: /mnt/beegfs/rcabanas/dev/credici/papers/zeros/models/s3/simple_nparents1_nzr08_zdr05_ysize3_131.csv
[2024-10-14T10:32:52.332876][INFO][seed131] Saved model to: /mnt/beegfs/rcabanas/dev/credici/papers/zeros/models/s3/simple_nparents1_nzr08_zdr05_ysize3_131.uai
[2024-10-14T10:32:52.345959][INFO][seed131] Saved queries to: /mnt/beegfs/rcabanas/dev/credici/papers/zeros/models/s3/simple_nparents1_nzr08_zdr05_ysize3_131_query.csv
[2024-10-14T10:32:52.346020][INFO][seed131] Closing log file
[2024-10-14T10:32:52.346047][INFO][seed131] Closed log file
[2024-10-14T10:32:53.151994][INFO][seed137] PS(V1,V0) in [0.0, 0.6979520187244003]
[2024-10-14T10:32:53.174992][INFO][seed137] PN(V1,V0) in [0.0, 0.940174982265311] 
[2024-10-14T10:32:53.226072][INFO][seed137] Saved data to: /mnt/beegfs/rcabanas/dev/credici/papers/zeros/models/s3/simple_nparents1_nzr08_zdr05_ysize3_137.csv
[2024-10-14T10:32:53.250666][INFO][seed137] Saved model to: /mnt/beegfs/rcabanas/dev/credici/papers/zeros/models/s3/simple_nparents1_nzr08_zdr05_ysize3_137.uai
[2024-10-14T10:32:53.258223][INFO][seed137] Saved queries to: /mnt/beegfs/rcabanas/dev/credici/papers/zeros/models/s3/simple_nparents1_nzr08_zdr05_ysize3_137_query.csv
[2024-10-14T10:32:53.258648][INFO][seed137] Closing log file
[2024-10-14T10:32:53.258758][INFO][seed137] Closed log file
[2024-10-14T10:32:53.349293][INFO][seed21] PS(V1,V0) in [0.0, 0.04874028726159642]
[2024-10-14T10:32:53.367308][INFO][seed21] PN(V1,V0) in [0.0, 1.0] 
[2024-10-14T10:32:53.406087][INFO][seed21] Saved data to: /mnt/beegfs/rcabanas/dev/credici/papers/zeros/models/s3/simple_nparents1_nzr08_zdr05_ysize3_21.csv
[2024-10-14T10:32:53.434989][INFO][seed21] Saved model to: /mnt/beegfs/rcabanas/dev/credici/papers/zeros/models/s3/simple_nparents1_nzr08_zdr05_ysize3_21.uai
[2024-10-14T10:32:53.440523][INFO][seed21] Saved queries to: /mnt/beegfs/rcabanas/dev/credici/papers/zeros/models/s3/simple_nparents1_nzr08_zdr05_ysize3_21_query.csv
[2024-10-14T10:32:53.440620][INFO][seed21] Closing log file
[2024-10-14T10:32:53.440646][INFO][seed21] Closed log file
