ll_1,ll_2,trueState,ll_0,ll_5,ll_6,ll_3,ll_4,pns_11,ll_9,pns_12,ll_7,pns_10,ll_8,pns_15,pns_16,pns_13,pns_14,pns_19,pns_17,pns_18,time_learn,ll_10,ll_11,datasize,method,modelID,exact,ll_max,ratio_0,ratio_1,ratio_2,ratio_3,ll_16,ll_17,ll_18,ll_19,ll_12,ll_13,ll_14,ll_15,infoPath,iter_9,iter_8,iter_7,iter_6,iter_5,iter_4,iter_3,iter_2,iter_1,iter_0,iter_10,iter_11,exactPath,iter_16,iter_17,iter_18,threshold,iter_19,iter_12,iter_13,iter_14,iter_15,falseState,stop_criteria,ratio_4,ratio_5,ratio_6,ratio_7,ratio_10,ratio_8,ratio_11,ratio_9,ratio_12,ratio_13,ratio_14,ratio_15,ratio_16,ratio_17,ratio_18,ratio_19,pns_u,effect,pns_l,iter_max,modelPath,cause,time_pns,pns_8,pns_9,pns_6,pns_7,pns_4,pns_5,pns_2,pns_3,pns_0,pns_1
-6773.283043214608,-6713.969450405788,0,-6864.96058161896,-6892.360875059676,-6870.195376737684,-6707.788620934117,-6970.55375555658,0.0010722815923853827,-6661.872846005326,0.20283824120235544,-6920.493572367609,0.03566988690003567,-6697.307789907954,0.1333068478052607,0.04096941139563301,0.03654596794036428,0.09309767583188494,0.11419645343585161,0.04444582402219409,0.05907845157694069,2745,-6896.302321318351,-6873.597326144786,1500,EMCC,random_mc2_n6_mid3_d1000_05_mr098_r10_17_uai,false,-6381.205037276679,0.9295326552001556,0.9421140378400824,0.9504370081533511,0.951312779499608,-6696.555570381644,-6848.526138295109,-6731.509691021972,-6944.515390949132,-6742.996085861598,-6893.854257295336,-6950.863704549229,-6734.952034775101,./papers/journalEM/models/synthetic/s1/random_mc2_n6_mid3_d1000_05_mr098_r10_17_info.csv,4,3,17,18,6,17,1,6,7,49,7,9,./papers/journalEM/output/synthetic/sample_files/random_mc2_n6_mid3_d1000_05_mr098_r10_17_uai_ccve.csv,2,3,8,0.9,8,29,10,37,17,1,LLratio,0.9154516643946541,0.9258373368648413,0.9288243910621936,0.9220736888992684,0.9253081927035931,0.9528015192750127,0.9283646880222065,0.9578695338058056,0.9463456534783541,0.9256367772097658,0.9180449090233609,0.9474759440495055,0.9529085468207359,0.9317632594836285,0.9479604620918088,0.9188841377748802,0.20283824120235544,0,8.29907905199383E-4,500,./papers/journalEM/models/synthetic/s1/random_mc2_n6_mid3_d1000_05_mr098_r10_17.uai,5,67,0.10557508348110121,0.008912799381848857,8.29907905199383E-4,0.032855083688246016,0.03888148453421281,0.008790401550342298,0.0017059321801851058,0.010981692673262012,0.0598072049252257,0.045829261242566185
