ll_1,ll_2,trueState,ll_0,ll_5,ll_6,ll_3,ll_4,pns_11,ll_9,pns_12,ll_7,pns_10,ll_8,pns_15,pns_16,pns_13,pns_14,pns_19,pns_17,pns_18,time_learn,ll_10,ll_11,datasize,method,modelID,exact,ll_max,ratio_0,ratio_1,ratio_2,ratio_3,ll_16,ll_17,ll_18,ll_19,ll_12,ll_13,ll_14,ll_15,infoPath,iter_9,iter_8,iter_7,iter_6,iter_5,iter_4,iter_3,iter_2,iter_1,iter_0,iter_10,iter_11,exactPath,iter_16,iter_17,iter_18,threshold,iter_19,iter_12,iter_13,iter_14,iter_15,falseState,stop_criteria,ratio_4,ratio_5,ratio_6,ratio_7,ratio_10,ratio_8,ratio_11,ratio_9,ratio_12,ratio_13,ratio_14,ratio_15,ratio_16,ratio_17,ratio_18,ratio_19,pns_u,effect,pns_l,iter_max,modelPath,cause,time_pns,pns_8,pns_9,pns_6,pns_7,pns_4,pns_5,pns_2,pns_3,pns_0,pns_1
-6381.205037276678,-6381.205037276679,0,-6381.205037276691,-6381.205037276679,-6381.205037276679,-6381.205037276679,-6381.205037276679,0.0988495181454093,-6381.205037276678,0.11779077577797967,-6381.20503727668,0.0719419218702803,-6381.205037276678,0.08733422982876353,0.07339264570628552,0.07865434857616688,0.09126000056227429,0.08327228801698837,0.08894727878128783,0.07171939729140504,19123,-6381.205037276679,-6381.20503727668,1500,EMCC,random_mc2_n6_mid3_d1000_05_mr098_r10_17_uai,false,-6381.205037276679,0.9999999999999981,1.0,1.0,0.9999999999999998,-6381.205037276679,-6381.205037276679,-6381.205037276678,-6381.205037276679,-6381.205037276678,-6381.205037276679,-6381.205037276678,-6381.205037276678,./papers/journalEM/models/synthetic/s1/random_mc2_n6_mid3_d1000_05_mr098_r10_17_info.csv,185,251,137,192,180,146,219,411,136,500,126,249,./papers/journalEM/output/synthetic/sample_files/random_mc2_n6_mid3_d1000_05_mr098_r10_17_uai_ccve.csv,134,142,431,1.0,156,283,140,173,151,1,LLratio,1.0,0.9999999999999998,0.9999999999999998,0.9999999999999998,0.9999999999999998,1.0,0.9999999999999998,1.0,1.0,0.9999999999999998,1.0,1.0,0.9999999999999998,1.0,1.0,0.9999999999999998,0.11779077577797967,0,0.06877784813810683,500,./papers/journalEM/models/synthetic/s1/random_mc2_n6_mid3_d1000_05_mr098_r10_17.uai,5,79,0.11158211349994591,0.07959164822281443,0.0776814282171257,0.06877784813810683,0.0690901944091516,0.06897064669212047,0.07449738832548046,0.09881681537624613,0.08322573817683032,0.07171687557912625
