ll_1,ll_2,trueState,ll_0,ll_5,ll_6,ll_3,ll_4,pns_11,ll_9,pns_12,ll_7,pns_10,ll_8,pns_15,pns_16,pns_13,pns_14,pns_19,pns_17,pns_18,time_learn,ll_10,ll_11,datasize,method,modelID,exact,ll_max,ratio_0,ratio_1,ratio_2,ratio_3,ll_16,ll_17,ll_18,ll_19,ll_12,ll_13,ll_14,ll_15,infoPath,iter_9,iter_8,iter_7,iter_6,iter_5,iter_4,iter_3,iter_2,iter_1,iter_0,iter_10,iter_11,exactPath,iter_16,iter_17,iter_18,threshold,iter_19,iter_12,iter_13,iter_14,iter_15,falseState,stop_criteria,ratio_4,ratio_5,ratio_6,ratio_7,ratio_10,ratio_8,ratio_11,ratio_9,ratio_12,ratio_13,ratio_14,ratio_15,ratio_16,ratio_17,ratio_18,ratio_19,pns_u,effect,pns_l,iter_max,modelPath,cause,time_pns,pns_8,pns_9,pns_6,pns_7,pns_4,pns_5,pns_2,pns_3,pns_0,pns_1
-6381.205037276678,-6381.205037276678,0,-6381.205037276689,-6381.205037276679,-6381.205037276679,-6381.205037276678,-6381.205037276679,0.09884952433708469,-6381.205037276679,0.1177907737885259,-6381.205037276677,0.07194191926316543,-6381.205037276679,0.08733422625432466,0.07339265027137525,0.07865435442116649,0.09125999741399383,0.08327228513826918,0.0889472818544993,0.07171939916927997,30157,-6381.205037276678,-6381.205037276679,1500,EMCC,random_mc2_n6_mid3_d1000_05_mr098_r10_17_uai,false,-6381.205037276679,0.9999999999999981,0.9999999999999998,0.9999999999999998,1.0,-6381.205037276679,-6381.205037276679,-6381.205037276679,-6381.205037276679,-6381.205037276678,-6381.205037276679,-6381.205037276678,-6381.205037276678,./papers/journalEM/models/synthetic/s1/random_mc2_n6_mid3_d1000_05_mr098_r10_17_info.csv,500,500,500,500,500,500,500,500,500,500,500,500,./papers/journalEM/output/synthetic/sample_files/random_mc2_n6_mid3_d1000_05_mr098_r10_17_uai_ccve.csv,500,500,500,0.0,500,500,500,500,500,1,KL,0.9999999999999998,0.9999999999999998,1.0,1.0,1.0,0.9999999999999998,0.9999999999999998,0.9999999999999998,1.0,1.0,1.0,1.0,1.0,0.9999999999999998,0.9999999999999998,1.0,0.1177907737885259,0,0.06877784514267818,500,./papers/journalEM/models/synthetic/s1/random_mc2_n6_mid3_d1000_05_mr098_r10_17.uai,5,91,0.11158211520964266,0.07959165145800164,0.07768143120208011,0.06877784514267818,0.06909019165516848,0.06897065073050523,0.07449739086265005,0.09881681995301538,0.08322574005668268,0.07171687423048007
