ll_1,ll_2,trueState,ll_0,ll_5,ll_6,ll_3,ll_4,pns_11,ll_9,pns_12,ll_7,pns_10,ll_8,pns_15,pns_16,pns_13,pns_14,pns_19,pns_17,pns_18,time_learn,ll_10,ll_11,datasize,method,modelID,exact,ll_max,ratio_0,ratio_1,ratio_2,ratio_3,ll_16,ll_17,ll_18,ll_19,ll_12,ll_13,ll_14,ll_15,infoPath,iter_9,iter_8,iter_7,iter_6,iter_5,iter_4,iter_3,iter_2,iter_1,iter_0,iter_10,iter_11,exactPath,iter_16,iter_17,iter_18,threshold,iter_19,iter_12,iter_13,iter_14,iter_15,falseState,stop_criteria,ratio_4,ratio_5,ratio_6,ratio_7,ratio_10,ratio_8,ratio_11,ratio_9,ratio_12,ratio_13,ratio_14,ratio_15,ratio_16,ratio_17,ratio_18,ratio_19,pns_u,effect,pns_l,iter_max,modelPath,cause,time_pns,pns_8,pns_9,pns_6,pns_7,pns_4,pns_5,pns_2,pns_3,pns_0,pns_1
-6381.699112518281,-6391.4208290689485,0,-6387.769262468819,-6382.488605902487,-6381.699206428196,-6382.107224657741,-6381.847505959983,0.09559874339679454,-6381.714006652433,0.12380690045625839,-6382.185841358596,0.07289329006599457,-6383.856556617059,0.09185257127909024,0.06912215734145397,0.07409772129426292,0.0947898634825733,0.08624026476837335,0.08386391391576305,0.0674085179002934,3273,-6382.423200492923,-6382.08292027069,1500,EMCC,random_mc2_n6_mid3_d1000_05_mr098_r10_17_uai,false,-6381.205037276679,0.9989723759700107,0.9999225793581159,0.9984016399380545,0.9998586380094684,-6381.708615763684,-6381.732710643313,-6391.033365916925,-6381.74301638286,-6382.039955914768,-6381.625613838929,-6381.816204111771,-6381.764364373378,./papers/journalEM/models/synthetic/s1/random_mc2_n6_mid3_d1000_05_mr098_r10_17_info.csv,37,24,43,71,36,42,38,58,29,67,31,66,./papers/journalEM/output/synthetic/sample_files/random_mc2_n6_mid3_d1000_05_mr098_r10_17_uai_ccve.csv,20,22,24,1.0E-5,41,63,27,56,35,1,KL,0.9998993287315774,0.9997988921398745,0.999922564643752,0.9998463216041811,0.9998091378183522,0.9995846524249307,0.9998624456928904,0.9999202456620235,0.9998691768394028,0.9999340957010484,0.9999042330873305,0.9999123554138378,0.9999210903353118,0.9999173150317382,0.9984621690926132,0.9999157002867708,0.12380690045625839,0,0.0643491830709371,500,./papers/journalEM/models/synthetic/s1/random_mc2_n6_mid3_d1000_05_mr098_r10_17.uai,5,66,0.11121412029799613,0.07582378491512477,0.07323869044684661,0.06921263850847688,0.0708528626644712,0.0643491830709371,0.06768990523715394,0.09536103268784361,0.08584701180294355,0.07359857593765406
