,treewidth,outliers_low,min,q25,q50,q75,max,outliers_high,n,markovianity
0,2.0,[],0.0,0.000922568713908345,0.020501270663007214,0.06754632926537453,0.11999336825489022,[0.14789097 0.12929521 0.19981608 0.25770386 0.13443547 0.13288775 0.34479117 0.31108925 0.37036825 0.12903557 0.14513073 0.32266489 0.14402003 0.14982598 0.15204975 0.15923744 0.15084187 0.13360539 0.27702483 0.15973831 0.27228082 0.37156249 0.30159612],20,quasi-markovian
1,2.0,[],0.0,0.0,0.0018187509319565081,0.02204185949543903,0.03147012201918264,[0.14789097 0.03679784 0.19981608 0.22814508 0.13443329 0.13288775 0.34479117 0.31108925 0.33118917 0.05393384 0.04008872 0.0593931  0.0593931  0.0593931  0.06619492 0.06619492 0.06754625 0.05557069 0.03971031 0.05452325 0.05310059 0.05310059 0.04992891 0.04992891 0.07500151 0.03572394 0.06409797 0.06006434 0.37156249],40,quasi-markovian
2,2.0,[],0.0,0.0,0.0,0.0059014298622852256,0.007898373614207515,[0.02568191 0.02872326 0.11581954 0.12866818 0.18981536 0.05393384 0.02051773 0.00962133 0.04008872 0.02634235 0.01539207 0.01539207 0.01539207 0.030316   0.05544316 0.02383034 0.01507814 0.01474597 0.01465274 0.02097645 0.01269694 0.01091253 0.01459701 0.01505017 0.0149605  0.01473294 0.04475191 0.04910866 0.01529423 0.02059465 0.02202213 0.03040061 0.02433273 0.01953608],60,quasi-markovian
3,3.0,[],0.0,0.010008999436268573,0.052492869410399254,0.11577397258417271,0.1796198620666176,[0.41141429 0.21742245 0.48770948 0.54548556 0.63401112 0.64220189 0.64220189],20,quasi-markovian
4,3.0,[],0.0,0.0027569832370665506,0.01026313502263851,0.047016458493477936,0.07236477521989429,[0.07773703 0.28450376 0.07885405 0.08869609 0.62764961 0.64220189 0.64220189],40,quasi-markovian
5,3.0,[],0.0,0.0,0.0,0.006002330168006123,0.006707560577273694,[0.28439586 0.00924845 0.06525895 0.05326683 0.03058659 0.01550121 0.02231877 0.03086054 0.01953903 0.06334291 0.6276436 ],60,quasi-markovian
