,treewidth,outliers_low,min,q25,q50,q75,max,outliers_high,n,markovianity
0,2.0,[],0.0,0.02936072408563091,0.07054572311647157,0.1925793933389344,0.31477017705900334,[0.46989063 0.38287614 0.34515294],20,markovian
1,2.0,[],0.0,0.0,0.013189363591023684,0.06764912631712694,0.0898892150287128,[0.1207126  0.11700241 0.18716018 0.26136824 0.12498365 0.19828239 0.18856638],40,markovian
2,2.0,[],0.0,0.0,0.0,0.02727384245124575,0.02727384245124575,[0.04263229 0.06389993 0.0614004  0.06764913 0.04963307 0.11700241 0.04228241 0.10123207 0.08220948 0.12011869 0.06880413],60,markovian
3,3.0,[],0.0,0.019323099211072496,0.07556004079715711,0.16491636546248717,0.28106987012815215,[0.35435997 0.41614748 0.41766297 0.33969292 0.29816583 0.43270665 0.36911164 0.29480649 0.30822691 0.42429951 0.40928659 0.30365875 0.3971855  0.32503361 0.30727057 0.56987303 0.44281311 0.33947533 0.29983874 0.46995208 0.34549725 0.33131335],20,markovian
4,3.0,[],0.0,0.0005519601192395751,0.019319488279965387,0.0804931974339162,0.13765173041465822,[0.18891639 0.35435997 0.14473447 0.15416185 0.23182638 0.27492802 0.14180678 0.16367434 0.20699392 0.16877381 0.18407862 0.14481295 0.43270665 0.26038295 0.20692939 0.28710549 0.21242849 0.18329065 0.26831358 0.15183091 0.15367998 0.15517505 0.25140079 0.21525125 0.2075794  0.3971855  0.16343381 0.14330844 0.19147203 0.28282531 0.16581149 0.20813805 0.17712592 0.24445102 0.29581662 0.15698167 0.16865928 0.19893685 0.18794569 0.17152854],40,markovian
5,3.0,[],0.0,0.0,0.0,0.01411176461176182,0.020973024239218905,[0.02413578 0.02156648 0.05726645 0.05726645 0.08221794 0.08221794 0.02430439 0.04993574 0.1148873  0.06673329 0.18407862 0.14481295 0.05671541 0.3970825  0.26038295 0.02872206 0.10766569 0.0514686  0.03673761 0.1802456  0.09816101 0.11466634 0.10790071 0.02465417 0.10906679 0.04406861 0.05652497 0.05196379 0.04419883 0.05365784 0.04205596 0.086154   0.05218591 0.1926676  0.15615465 0.37013599 0.16332864 0.1082705  0.03758551 0.04306979 0.16581149 0.1634439  0.06360959 0.02288281 0.08110453 0.04386993 0.10850578 0.19893685 0.07868024 0.05873448 0.02309338 0.03058045],60,markovian
