avg_exo_card,exo_dag,avg_indegree,dag,num_exo_vars,exo_cc,endo_dag,exo_tw,endo_tw,endo_cc,avg_endo_indegree,datasize,max_exo_card,markovianity,ratio
103.5,([0  1  2  3  4  5  6  7  8  9  10  11  12  13  14  15  16]  [(11 1)  (0 3)  (12 4)  (13 5)  (14 6)  (15 7)  (0 8)  (2 8)  (2 9)  (16 10)]),1.5294117647058822,([0  1  2  3  4  5  6  7  8  9  10  11  12  13  14  15  16]  [(9 1)  (11 1)  (0 3)  (1 3)  (1 4)  (3 4)  (7 4)  (12 4)  (1 5)  (3 5)  (7 5)  (13 5)  (1 6)  (3 6)  (7 6)  (14 6)  (1 7)  (3 7)  (15 7)  (0 8)  (2 8)  (5 8)  (2 9)  (5 10)  (8 10)  (16 10)]),8,[0 2][11][12][13][14][15][16],([1  3  4  5  6  7  8  9  10]  [(9 1)  (1 3)  (1 4)  (3 4)  (7 4)  (1 5)  (3 5)  (7 5)  (1 6)  (3 6)  (7 6)  (1 7)  (3 7)  (5 8)  (5 10)  (8 10)]),2,3,[3 8 9][1][4][5][6][7][10],1.7777777777777777,2000,256,2,0.9855672300997376
