avg_exo_card,tw,exo_dag,avg_indegree,dag,num_exo_vars,exo_cc,endo_dag,exo_tw,endo_tw,endo_cc,avg_endo_indegree,datasize,max_exo_card,markovianity,ratio
60.666666666666664,4,([0  1  2  3  4  5  6  7  8  9  10  11  12  13  14  15  16  17]  [(11 0)  (12 1)  (13 2)  (5 4)  (3 6)  (5 6)  (14 7)  (15 8)  (16 9)  (17 10)]),1.2777777777777777,([0  1  2  3  4  5  6  7  8  9  10  11  12  13  14  15  16  17]  [(6 0)  (11 0)  (7 1)  (12 1)  (4 2)  (7 2)  (9 2)  (13 2)  (0 4)  (5 4)  (9 4)  (3 6)  (5 6)  (0 7)  (14 7)  (1 8)  (9 8)  (10 8)  (15 8)  (10 9)  (16 9)  (1 10)  (17 10)]),9,[11][12][13][3 5][14][15][16][17],([0  1  2  4  6  7  8  9  10]  [(6 0)  (7 1)  (4 2)  (7 2)  (9 2)  (0 4)  (9 4)  (0 7)  (1 8)  (9 8)  (10 8)  (10 9)  (1 10)]),2,3,[0][1][2][4 6][7][8][9][10],1.4444444444444444,1500,256,2,0.9913841644331317
