avg_exo_card,exo_dag,avg_indegree,dag,num_exo_vars,exo_cc,endo_dag,exo_tw,endo_cc,avg_endo_indegree,datasize,max_exo_card,markovianity,ratio
9.666666666666666,([0  1  2  3  4  5  6  7  8  9  10  11  12]  [(8 0)  (9 1)  (6 2)  (6 3)  (10 4)  (11 5)  (12 7)]),1.3076923076923077,([0  1  2  3  4  5  6  7  8  9  10  11  12]  [(2 0)  (8 0)  (5 1)  (7 1)  (9 1)  (6 2)  (1 3)  (4 3)  (6 3)  (0 4)  (10 4)  (0 5)  (4 5)  (11 5)  (2 7)  (5 7)  (12 7)]),6,[8][9][6][10][11][12],([0  1  2  3  4  5  7]  [(2 0)  (5 1)  (7 1)  (1 3)  (4 3)  (0 4)  (0 5)  (4 5)  (2 7)  (5 7)]),1,[0][1][2 3][4][5][7],1.4285714285714286,5000,16,1,0.9916044526597315
