avg_exo_card,exo_dag,avg_indegree,dag,num_exo_vars,exo_cc,endo_dag,exo_tw,endo_cc,avg_endo_indegree,datasize,max_exo_card,markovianity,ratio
7.375,([0  1  2  3  4  5  6  7  8  9  10  11  12  13  14  15  16]  [(10 0)  (11 1)  (12 2)  (13 3)  (8 4)  (14 5)  (15 6)  (16 7)  (8 9)]),1.2352941176470589,([0  1  2  3  4  5  6  7  8  9  10  11  12  13  14  15  16]  [(2 0)  (10 0)  (3 1)  (4 1)  (11 1)  (3 2)  (6 2)  (12 2)  (6 3)  (13 3)  (8 4)  (9 4)  (0 5)  (9 5)  (14 5)  (9 6)  (15 6)  (1 7)  (3 7)  (16 7)  (8 9)]),8,[10][11][12][13][8][14][15][16],([0  1  2  3  4  5  6  7  9]  [(2 0)  (3 1)  (4 1)  (3 2)  (6 2)  (6 3)  (9 4)  (0 5)  (9 5)  (9 6)  (1 7)  (3 7)]),1,[0][1][2][3][4 9][5][6][7],1.3333333333333333,1500,16,1,0.9571332003581635
