avg_exo_card,exo_dag,avg_indegree,dag,num_exo_vars,exo_cc,endo_dag,exo_tw,endo_cc,avg_endo_indegree,datasize,max_exo_card,markovianity,ratio
8.88888888888889,([0  1  2  3  4  5  6  7  8  9  10  11  12  13  14  15  16  17  18]  [(2 0)  (11 1)  (12 3)  (2 4)  (13 5)  (14 6)  (15 7)  (16 8)  (17 9)  (18 10)]),1.3157894736842106,([0  1  2  3  4  5  6  7  8  9  10  11  12  13  14  15  16  17  18]  [(2 0)  (3 1)  (4 1)  (11 1)  (0 3)  (12 3)  (0 4)  (2 4)  (5 4)  (3 5)  (7 5)  (13 5)  (3 6)  (10 6)  (14 6)  (3 7)  (15 7)  (1 8)  (9 8)  (10 8)  (16 8)  (5 9)  (17 9)  (9 10)  (18 10)]),9,[2][11][12][13][14][15][16][17][18],([0  1  3  4  5  6  7  8  9  10]  [(3 1)  (4 1)  (0 3)  (0 4)  (5 4)  (3 5)  (7 5)  (3 6)  (10 6)  (3 7)  (1 8)  (9 8)  (10 8)  (5 9)  (9 10)]),1,[0 4][1][3][5][6][7][8][9][10],1.5,1500,16,1,0.9819190830940139
