avg_exo_card,tw,exo_dag,avg_indegree,dag,num_exo_vars,exo_cc,endo_dag,exo_tw,endo_tw,endo_cc,avg_endo_indegree,datasize,max_exo_card,markovianity,ratio
130.66666666666666,4,([0  1  2  3  4  5  6  7  8  9  10  11  12]  [(3 0)  (7 0)  (7 1)  (3 2)  (9 4)  (10 5)  (11 6)  (12 8)]),1.5384615384615385,([0  1  2  3  4  5  6  7  8  9  10  11  12]  [(3 0)  (7 0)  (0 1)  (2 1)  (7 1)  (3 2)  (0 4)  (2 4)  (8 4)  (9 4)  (2 5)  (10 5)  (0 6)  (1 6)  (8 6)  (11 6)  (0 8)  (1 8)  (2 8)  (12 8)]),6,[3 7][9][10][11][12],([0  1  2  4  5  6  8]  [(0 1)  (2 1)  (0 4)  (2 4)  (8 4)  (2 5)  (0 6)  (1 6)  (8 6)  (0 8)  (1 8)  (2 8)]),2,3,[0 1 2][4][5][6][8],1.7142857142857142,1500,256,2,0.9810530538925999
