avg_exo_card,exo_dag,avg_indegree,dag,num_exo_vars,exo_cc,endo_dag,exo_tw,endo_tw,endo_cc,avg_endo_indegree,datasize,max_exo_card,markovianity,ratio
42.57142857142857,([0  1  2  3  4  5  6  7  8  9  10  11  12  13  14]  [(10 1)  (0 2)  (11 3)  (8 4)  (12 5)  (13 6)  (14 7)  (0 9)  (8 9)]),1.2666666666666666,([0  1  2  3  4  5  6  7  8  9  10  11  12  13  14]  [(3 1)  (10 1)  (0 2)  (9 2)  (2 3)  (11 3)  (5 4)  (8 4)  (1 5)  (2 5)  (12 5)  (2 6)  (5 6)  (7 6)  (13 6)  (9 7)  (14 7)  (0 9)  (8 9)]),7,[0 8][10][11][12][13][14],([1  2  3  4  5  6  7  9]  [(3 1)  (9 2)  (2 3)  (5 4)  (1 5)  (2 5)  (2 6)  (5 6)  (7 6)  (9 7)]),2,3,[2 4 9][1][3][5][6][7],1.25,3000,256,2,0.9800908931474381
