avg_exo_card,exo_dag,avg_indegree,dag,num_exo_vars,exo_cc,endo_dag,exo_tw,endo_cc,avg_endo_indegree,datasize,max_exo_card,markovianity,ratio
7.142857142857143,([0  1  2  3  4  5  6  7  8  9  10  11  12  13]  [(8 1)  (9 2)  (10 3)  (11 4)  (12 5)  (13 6)  (0 7)]),1.0714285714285714,([0  1  2  3  4  5  6  7  8  9  10  11  12  13]  [(7 1)  (8 1)  (5 2)  (7 2)  (9 2)  (4 3)  (10 3)  (1 4)  (11 4)  (3 5)  (12 5)  (5 6)  (7 6)  (13 6)  (0 7)]),7,[0][8][9][10][11][12][13],([1  2  3  4  5  6  7]  [(7 1)  (5 2)  (7 2)  (4 3)  (1 4)  (3 5)  (5 6)  (7 6)]),1,[7][1][2][3][4][5][6],1.1428571428571428,1000,16,0,0.9938902251944004
