avg_exo_card,tw,exo_dag,avg_indegree,dag,num_exo_vars,exo_cc,endo_dag,exo_tw,endo_tw,endo_cc,avg_endo_indegree,datasize,max_exo_card,markovianity,ratio
8.333333333333334,3,([0  1  2  3  4  5  6  7  8  9  10  11  12]  [(8 0)  (5 1)  (9 2)  (10 3)  (11 4)  (12 6)  (8 7)]),1.0769230769230769,([0  1  2  3  4  5  6  7  8  9  10  11  12]  [(1 0)  (8 0)  (5 1)  (1 2)  (9 2)  (0 3)  (7 3)  (10 3)  (3 4)  (7 4)  (11 4)  (0 6)  (12 6)  (8 7)]),6,[8][5][9][10][11][12],([0  1  2  3  4  6  7]  [(1 0)  (1 2)  (0 3)  (7 3)  (3 4)  (7 4)  (0 6)]),1,2,[0 7][1][2][3][4][6],1.0,2000,16,1,0.991770186808623
