avg_exo_card,tw,exo_dag,avg_indegree,dag,num_exo_vars,exo_cc,endo_dag,exo_tw,endo_tw,endo_cc,avg_endo_indegree,datasize,max_exo_card,markovianity,ratio
78.0,4,([0  1  2  3  4  5  6  7  8  9  10  11  12  13]  [(9 1)  (10 3)  (11 4)  (12 5)  (13 6)  (2 7)  (0 8)  (2 8)]),1.3571428571428572,([0  1  2  3  4  5  6  7  8  9  10  11  12  13]  [(8 1)  (9 1)  (4 3)  (6 3)  (7 3)  (10 3)  (1 4)  (7 4)  (8 4)  (11 4)  (4 5)  (12 5)  (4 6)  (7 6)  (13 6)  (1 7)  (2 7)  (0 8)  (2 8)]),7,[0 2][9][10][11][12][13],([1  3  4  5  6  7  8]  [(8 1)  (4 3)  (6 3)  (7 3)  (1 4)  (7 4)  (8 4)  (4 5)  (4 6)  (7 6)  (1 7)]),2,3,[7 8][1][3][4][5][6],1.5714285714285714,1000,256,2,0.9849408671500017
