avg_exo_card,tw,exo_dag,avg_indegree,dag,num_exo_vars,exo_cc,endo_dag,exo_tw,endo_tw,endo_cc,avg_endo_indegree,datasize,max_exo_card,markovianity,ratio
7.142857142857143,4,([0  1  2  3  4  5  6  7  8  9  10  11  12  13]  [(9 0)  (10 3)  (11 4)  (12 5)  (2 6)  (13 7)  (1 8)]),1.1428571428571428,([0  1  2  3  4  5  6  7  8  9  10  11  12  13]  [(4 0)  (9 0)  (5 3)  (7 3)  (8 3)  (10 3)  (8 4)  (11 4)  (8 5)  (12 5)  (0 6)  (2 6)  (4 7)  (8 7)  (13 7)  (1 8)]),7,[9][1][2][10][11][12][13],([0  3  4  5  6  7  8]  [(4 0)  (5 3)  (7 3)  (8 3)  (8 4)  (8 5)  (0 6)  (4 7)  (8 7)]),1,3,[0][8][6][3][4][5][7],1.2857142857142858,1000,16,0,0.987175496255696
