avg_exo_card,tw,exo_dag,avg_indegree,dag,num_exo_vars,exo_cc,endo_dag,exo_tw,endo_tw,endo_cc,avg_endo_indegree,datasize,max_exo_card,markovianity,ratio
9.714285714285714,3,([0  1  2  3  4  5  6  7  8  9  10  11  12  13  14]  [(9 0)  (10 1)  (8 2)  (11 3)  (8 4)  (12 5)  (13 6)  (14 7)]),1.2666666666666666,([0  1  2  3  4  5  6  7  8  9  10  11  12  13  14]  [(1 0)  (7 0)  (9 0)  (3 1)  (4 1)  (10 1)  (8 2)  (7 3)  (11 3)  (2 4)  (7 4)  (8 4)  (4 5)  (6 5)  (12 5)  (1 6)  (13 6)  (2 7)  (14 7)]),7,[9][10][8][11][12][13][14],([0  1  2  3  4  5  6  7]  [(1 0)  (7 0)  (3 1)  (4 1)  (7 3)  (2 4)  (7 4)  (4 5)  (6 5)  (1 6)  (2 7)]),1,3,[0][1][2 4][3][5][6][7],1.375,2500,16,1,0.9940420506660376
