avg_exo_card,tw,exo_dag,avg_indegree,dag,num_exo_vars,exo_cc,endo_dag,exo_tw,endo_tw,endo_cc,avg_endo_indegree,datasize,max_exo_card,markovianity,ratio
36.77777777777778,4,([0  1  2  3  4  5  6  7  8  9  10  11  12  13  14  15  16  17]  [(11 0)  (12 3)  (13 4)  (1 5)  (2 5)  (14 6)  (1 7)  (2 7)  (15 8)  (16 9)  (17 10)]),1.3333333333333333,([0  1  2  3  4  5  6  7  8  9  10  11  12  13  14  15  16  17]  [(5 0)  (6 0)  (9 0)  (11 0)  (6 3)  (7 3)  (12 3)  (0 4)  (9 4)  (13 4)  (1 5)  (2 5)  (9 6)  (14 6)  (1 7)  (2 7)  (5 7)  (0 8)  (15 8)  (5 9)  (16 9)  (0 10)  (9 10)  (17 10)]),9,[11][1 2][12][13][14][15][16][17],([0  3  4  5  6  7  8  9  10]  [(5 0)  (6 0)  (9 0)  (6 3)  (7 3)  (0 4)  (9 4)  (9 6)  (5 7)  (0 8)  (5 9)  (0 10)  (9 10)]),2,3,[0][5 7][3][4][6][8][9][10],1.4444444444444444,3000,256,2,0.9896391825919059
