avg_exo_card,tw,exo_dag,avg_indegree,dag,num_exo_vars,exo_cc,endo_dag,exo_tw,endo_tw,endo_cc,avg_endo_indegree,datasize,max_exo_card,markovianity,ratio
16.666666666666668,3,([0  1  2  3  4  5  6  7  8  9  10  11  12]  [(4 1)  (9 1)  (10 2)  (4 3)  (9 5)  (0 6)  (11 7)  (12 8)]),1.3076923076923077,([0  1  2  3  4  5  6  7  8  9  10  11  12]  [(4 1)  (5 1)  (9 1)  (5 2)  (10 2)  (4 3)  (6 3)  (7 3)  (9 5)  (0 6)  (5 6)  (8 6)  (1 7)  (6 7)  (11 7)  (1 8)  (12 8)]),6,[0][4 9][10][11][12],([1  2  3  5  6  7  8]  [(5 1)  (5 2)  (6 3)  (7 3)  (5 6)  (8 6)  (1 7)  (6 7)  (1 8)]),2,3,[6][1 3 5][2][7][8],1.2857142857142858,5000,64,2,0.9839708268896465
