avg_exo_card,exo_dag,avg_indegree,dag,num_exo_vars,exo_cc,endo_dag,exo_tw,endo_cc,avg_endo_indegree,datasize,max_exo_card,markovianity,ratio
9.5,([0  1  2  3  4  5  6  7  8  9  10  11  12]  [(9 1)  (10 2)  (0 3)  (7 4)  (11 5)  (12 6)  (7 8)]),1.2307692307692308,([0  1  2  3  4  5  6  7  8  9  10  11  12]  [(3 1)  (8 1)  (9 1)  (1 2)  (10 2)  (0 3)  (6 3)  (7 4)  (1 5)  (4 5)  (8 5)  (11 5)  (4 6)  (8 6)  (12 6)  (7 8)]),6,[0][9][10][7][11][12],([1  2  3  4  5  6  8]  [(3 1)  (8 1)  (1 2)  (6 3)  (1 5)  (4 5)  (8 5)  (4 6)  (8 6)]),1,[3][1][2][4 8][5][6],1.2857142857142858,1000,16,1,0.9639036661990692
