avg_exo_card,exo_dag,avg_indegree,dag,num_exo_vars,exo_cc,endo_dag,exo_tw,endo_cc,avg_endo_indegree,datasize,max_exo_card,markovianity,ratio
9.2,([0  1  2  3  4  5  6  7  8  9  10  11  12  13  14  15  16  17  18  19  20]  [(13 0)  (14 1)  (15 2)  (16 3)  (11 4)  (17 6)  (18 7)  (19 8)  (11 9)  (5 10)  (20 12)]),1.2380952380952381,([0  1  2  3  4  5  6  7  8  9  10  11  12  13  14  15  16  17  18  19  20]  [(2 0)  (4 0)  (13 0)  (4 1)  (14 1)  (3 2)  (12 2)  (15 2)  (10 3)  (16 3)  (11 4)  (0 6)  (17 6)  (2 7)  (18 7)  (1 8)  (2 8)  (19 8)  (4 9)  (11 9)  (12 9)  (1 10)  (4 10)  (5 10)  (10 12)  (20 12)]),10,[13][14][15][16][11][5][17][18][19][20],([0  1  2  3  4  6  7  8  9  10  12]  [(2 0)  (4 0)  (4 1)  (3 2)  (12 2)  (10 3)  (0 6)  (2 7)  (1 8)  (2 8)  (4 9)  (12 9)  (1 10)  (4 10)  (10 12)]),1,[0][1][2][3][4 9][10][6][7][8][12],1.3636363636363635,1000,16,1,0.9932408406301313
