avg_exo_card,exo_dag,avg_indegree,dag,num_exo_vars,exo_cc,endo_dag,exo_tw,endo_cc,avg_endo_indegree,datasize,max_exo_card,markovianity,ratio
12.0,([0  1  2  3  4  5  6  7  8  9  10  11  12  13  14]  [(9 0)  (2 1)  (10 3)  (11 4)  (12 5)  (13 6)  (2 7)  (14 8)]),1.3333333333333333,([0  1  2  3  4  5  6  7  8  9  10  11  12  13  14]  [(1 0)  (9 0)  (2 1)  (1 3)  (4 3)  (10 3)  (1 4)  (11 4)  (0 5)  (4 5)  (12 5)  (0 6)  (4 6)  (13 6)  (2 7)  (3 7)  (6 7)  (1 8)  (3 8)  (14 8)]),7,[9][2][10][11][12][13][14],([0  1  3  4  5  6  7  8]  [(1 0)  (1 3)  (4 3)  (1 4)  (0 5)  (4 5)  (0 6)  (4 6)  (3 7)  (6 7)  (1 8)  (3 8)]),1,[0][1 7][3][4][5][6][8],1.5,1000,20,1,0.9900435027112829
