,pns_low,pns_up,num_points,idx,time
0,0.29644695531995524,0.39470125943848133,200,96,115854
