,pns_low,pns_up,num_points,idx,time
0,0.29704137422297316,0.384102778631612,100,96,61809
