,pns_low,pns_up,num_points,idx,time
0,0.05266376105976667,0.05266376105976667,1,96,1118
1,0.05266376105976667,0.10080540139699497,2,9,2367
2,0.05266376105976667,0.10080540139699497,3,197,3086
