,pns_low,pns_up,num_points,idx,time
0,0.05073489674896636,0.05073489674896636,1,96,625
