,pns_low,pns_up,num_points,idx,time
0,0.04469556355784971,0.12343472548788342,100,96,95617
