,pns_low,pns_up,num_points,idx,time
0,0.05266376105976667,0.05266376105976667,1,96,1018
