,pns_low,pns_up,num_points,idx,time
0,0.02678512514588597,0.10253319972247656,100,96,59716
