,pns_low,pns_up,num_points,idx,time
0,0.02401294563477409,0.1084350743984548,200,96,124602
