,pns_low,pns_up,num_points,idx,time
0,0.05266376105976667,0.10080540139699497,3,96,2785
