,pns_low,pns_up,num_points,idx,time
0,0.04626351458052456,0.12343472548788342,50,96,51272
