,pns_low,pns_up,num_points,idx,time
0,0.036285110849452684,0.12343472548788342,200,96,208695
