,pns_low,pns_up,num_points,idx,time
0,0.3309631221340903,0.3309631221340903,1,96,642
