,N,dovar,obsvar,seed,exovarsize,method,time,query_time,lowerbound0,upperbound0,lowerbound1,upperbound1,target
0,6,0,-1,1234,6,CVE,,,,,,,4.0
1,6,0,-1,1234,6,CCVE,252.35839999999993,12.017,0.03580297769669864,0.03580297769669864,0.16419702230330135,0.16419702230330135,4.0
2,6,0,-1,1234,6,CCALPeps,422.70019999999994,414.8228000000001,0.03582868830862649,0.03582868830862653,0.16417131169137347,0.1641713116913735,4.0
3,7,0,-1,1234,6,CVE,,,,,,,6.0
4,7,0,-1,1234,6,CCVE,284.7146,15.839200000000002,0.1895472,0.1895472,0.0104528,0.0104528,6.0
5,7,0,-1,1234,6,CCALPeps,331.4896,318.80060000000003,0.2,0.2,0.0,0.0,6.0
