,N,dovar,obsvar,seed,exovarsize,method,time,query_time,lowerbound0,upperbound0,lowerbound1,upperbound1,target
0,6,0,-1,1234,6,CVE,,,,,,,4.0
1,6,0,-1,1234,6,CCVE,239.9692,13.265799999999999,0.03580297769669864,0.03580297769669864,0.16419702230330135,0.16419702230330135,4.0
2,6,0,-1,1234,6,CCALPeps,516.1326,507.1924,0.03582868830862649,0.03582868830862653,0.16417131169137347,0.1641713116913735,4.0
3,7,0,-1,1234,6,CVE,inf,inf,,,,,6.0
4,7,0,-1,1234,6,CCVE,inf,inf,,,,,6.0
5,7,0,-1,1234,6,CCALPeps,inf,inf,,,,,6.0
