,N,dovar,obsvar,seed,exovarsize,method,time,query_time,lowerbound0,upperbound0,lowerbound1,upperbound1,target
0,6,0,-1,1234,6,CVE,,,,,,,4.0
1,6,0,-1,1234,6,CCVE,275.7532,12.162799999999999,0.03580297769669864,0.03580297769669864,0.16419702230330135,0.16419702230330135,4.0
2,6,0,-1,1234,6,CCALPeps,464.2544,456.51360000000005,0.03582868830862649,0.03582868830862653,0.16417131169137347,0.1641713116913735,4.0
3,7,0,-1,1234,6,CVE,,,,,,,6.0
4,7,0,-1,1234,6,CCVE,254.2168,15.713,0.1895472,0.1895472,0.0104528,0.0104528,6.0
5,7,0,-1,1234,6,CCALPeps,255.4158,245.5876,0.2,0.2,0.0,0.0,6.0
