avg_exo_card,exo_dag,avg_indegree,dag,num_exo_vars,exo_cc,endo_dag,exo_tw,endo_tw,endo_cc,avg_endo_indegree,datasize,max_exo_card,markovianity,ratio
51.333333333333336,([0  1  2  3  4  5  6  7  8  9  10  11  12]  [(9 1)  (10 2)  (6 3)  (0 4)  (11 5)  (12 7)  (0 8)  (6 8)]),1.3076923076923077,([0  1  2  3  4  5  6  7  8  9  10  11  12]  [(4 1)  (5 1)  (8 1)  (9 1)  (8 2)  (10 2)  (4 3)  (6 3)  (0 4)  (2 4)  (8 4)  (3 5)  (11 5)  (3 7)  (12 7)  (0 8)  (6 8)]),6,[0 6][9][10][11][12],([1  2  3  4  5  7  8]  [(4 1)  (5 1)  (8 1)  (8 2)  (4 3)  (2 4)  (8 4)  (3 5)  (3 7)]),2,3,[3 4 8][1][2][5][7],1.2857142857142858,3500,256,2,0.9809227750620059
