avg_exo_card,tw,exo_dag,avg_indegree,dag,num_exo_vars,exo_cc,endo_dag,exo_tw,endo_tw,endo_cc,avg_endo_indegree,datasize,max_exo_card,markovianity,ratio
10.285714285714286,3,([0  1  2  3  4  5  6  7  8  9  10  11  12  13  14]  [(9 0)  (10 1)  (11 2)  (12 3)  (13 5)  (14 6)  (4 7)  (4 8)]),1.3333333333333333,([0  1  2  3  4  5  6  7  8  9  10  11  12  13  14]  [(2 0)  (9 0)  (3 1)  (8 1)  (10 1)  (7 2)  (8 2)  (11 2)  (8 3)  (12 3)  (7 5)  (8 5)  (13 5)  (0 6)  (2 6)  (14 6)  (1 7)  (4 7)  (8 7)  (4 8)]),7,[9][10][11][12][4][13][14],([0  1  2  3  5  6  7  8]  [(2 0)  (3 1)  (8 1)  (7 2)  (8 2)  (8 3)  (7 5)  (8 5)  (0 6)  (2 6)  (1 7)  (8 7)]),1,2,[0][1][2][3][7 8][5][6],1.5,4000,16,1,0.994274368002765
