avg_exo_card,tw,exo_dag,avg_indegree,dag,num_exo_vars,exo_cc,endo_dag,exo_tw,endo_tw,endo_cc,avg_endo_indegree,datasize,max_exo_card,markovianity,ratio
15.333333333333334,3,([0  1  2  3  4  5  6  7  8  9  10  11  12]  [(9 1)  (10 2)  (0 3)  (8 3)  (8 4)  (11 5)  (0 6)  (12 7)]),1.3846153846153846,([0  1  2  3  4  5  6  7  8  9  10  11  12]  [(3 1)  (6 1)  (9 1)  (3 2)  (6 2)  (10 2)  (0 3)  (8 3)  (3 4)  (7 4)  (8 4)  (1 5)  (3 5)  (11 5)  (0 6)  (3 6)  (3 7)  (12 7)]),6,[0 8][9][10][11][12],([1  2  3  4  5  6  7]  [(3 1)  (6 1)  (3 2)  (6 2)  (3 4)  (7 4)  (1 5)  (3 5)  (3 6)  (3 7)]),2,2,[3 4 6][1][2][5][7],1.4285714285714286,1500,32,2,0.9811152699196451
