avg_exo_card,tw,exo_dag,avg_indegree,dag,num_exo_vars,exo_cc,endo_dag,exo_tw,endo_tw,endo_cc,avg_endo_indegree,datasize,max_exo_card,markovianity,ratio
9.285714285714286,3,([0  1  2  3  4  5  6  7  8  9  10  11  12  13  14]  [(0 1)  (11 2)  (6 3)  (12 4)  (6 5)  (7 8)  (13 9)  (14 10)]),1.2666666666666666,([0  1  2  3  4  5  6  7  8  9  10  11  12  13  14]  [(0 1)  (4 1)  (3 2)  (4 2)  (11 2)  (6 3)  (8 4)  (12 4)  (1 5)  (3 5)  (6 5)  (3 8)  (7 8)  (2 9)  (4 9)  (13 9)  (1 10)  (3 10)  (14 10)]),7,[0][11][6][12][7][13][14],([1  2  3  4  5  8  9  10]  [(4 1)  (3 2)  (4 2)  (8 4)  (1 5)  (3 5)  (3 8)  (2 9)  (4 9)  (1 10)  (3 10)]),1,2,[1][2][3 5][4][8][9][10],1.375,1000,16,1,0.9893242911889069
