avg_exo_card,exo_dag,avg_indegree,dag,num_exo_vars,exo_cc,endo_dag,exo_tw,endo_cc,avg_endo_indegree,datasize,max_exo_card,markovianity,ratio
13.777777777777779,([0  1  2  3  4  5  6  7  8  9  10  11  12  13  14  15  16  17  18  19]  [(13 1)  (14 2)  (15 3)  (16 4)  (17 6)  (0 7)  (18 8)  (5 9)  (19 10)  (0 11)  (5 12)]),1.35,([0  1  2  3  4  5  6  7  8  9  10  11  12  13  14  15  16  17  18  19]  [(4 1)  (9 1)  (13 1)  (12 2)  (14 2)  (6 3)  (9 3)  (15 3)  (3 4)  (9 4)  (16 4)  (7 6)  (9 6)  (17 6)  (0 7)  (4 8)  (10 8)  (18 8)  (2 9)  (5 9)  (2 10)  (6 10)  (19 10)  (0 11)  (2 11)  (6 11)  (5 12)]),9,[0][13][14][15][16][5][17][18][19],([1  2  3  4  6  7  8  9  10  11  12]  [(4 1)  (9 1)  (12 2)  (6 3)  (9 3)  (3 4)  (9 4)  (7 6)  (9 6)  (4 8)  (10 8)  (2 9)  (2 10)  (6 10)  (2 11)  (6 11)]),1,[7 11][1][2][3][4][9 12][6][8][10],1.4545454545454546,2000,24,1,0.9918391688867751
