avg_exo_card,tw,exo_dag,avg_indegree,dag,num_exo_vars,exo_cc,endo_dag,exo_tw,endo_tw,endo_cc,avg_endo_indegree,datasize,max_exo_card,markovianity,ratio
11.833333333333334,3,([0  1  2  3  4  5  6  7  8  9  10  11  12]  [(3 0)  (9 1)  (10 2)  (11 5)  (4 6)  (12 7)  (3 8)]),1.3076923076923077,([0  1  2  3  4  5  6  7  8  9  10  11  12]  [(3 0)  (2 1)  (7 1)  (9 1)  (5 2)  (8 2)  (10 2)  (6 5)  (8 5)  (11 5)  (4 6)  (8 6)  (0 7)  (2 7)  (12 7)  (0 8)  (3 8)]),6,[3][9][10][4][11][12],([0  1  2  5  6  7  8]  [(2 1)  (7 1)  (5 2)  (8 2)  (6 5)  (8 5)  (8 6)  (0 7)  (2 7)  (0 8)]),1,2,[0 8][1][2][6][5][7],1.4285714285714286,1000,16,1,0.9898216495607342
