avg_exo_card,exo_dag,avg_indegree,dag,num_exo_vars,exo_cc,endo_dag,exo_tw,endo_tw,endo_cc,avg_endo_indegree,datasize,max_exo_card,markovianity,ratio
9.714285714285714,([0  1  2  3  4  5  6  7  8  9  10  11  12  13  14]  [(7 0)  (7 1)  (9 2)  (10 3)  (11 4)  (12 5)  (13 6)  (14 8)]),1.2,([0  1  2  3  4  5  6  7  8  9  10  11  12  13  14]  [(7 0)  (7 1)  (3 2)  (5 2)  (9 2)  (1 3)  (8 3)  (10 3)  (1 4)  (5 4)  (11 4)  (1 5)  (12 5)  (0 6)  (13 6)  (0 8)  (6 8)  (14 8)]),7,[7][9][10][11][12][13][14],([0  1  2  3  4  5  6  8]  [(3 2)  (5 2)  (1 3)  (8 3)  (1 4)  (5 4)  (1 5)  (0 6)  (0 8)  (6 8)]),1,2,[0 1][2][3][4][5][6][8],1.25,2500,16,1,0.9597090895140918
