avg_exo_card,exo_dag,avg_indegree,dag,num_exo_vars,exo_cc,endo_dag,exo_tw,endo_cc,avg_endo_indegree,datasize,max_exo_card,markovianity,ratio
7.571428571428571,([0  1  2  3  4  5  6  7  8  9  10  11  12  13  14]  [(9 1)  (10 2)  (9 3)  (11 4)  (12 5)  (13 6)  (0 7)  (14 8)]),1.2666666666666666,([0  1  2  3  4  5  6  7  8  9  10  11  12  13  14]  [(9 1)  (1 2)  (8 2)  (10 2)  (1 3)  (6 3)  (9 3)  (7 4)  (11 4)  (2 5)  (8 5)  (12 5)  (7 6)  (13 6)  (0 7)  (1 7)  (3 8)  (4 8)  (14 8)]),7,[0][9][10][11][12][13][14],([1  2  3  4  5  6  7  8]  [(1 2)  (8 2)  (1 3)  (6 3)  (7 4)  (2 5)  (8 5)  (7 6)  (1 7)  (3 8)  (4 8)]),1,[7][1 3][2][4][5][6][8],1.375,1000,16,1,0.9864025209890763
