avg_exo_card,exo_dag,avg_indegree,dag,num_exo_vars,exo_cc,endo_dag,exo_tw,endo_tw,endo_cc,avg_endo_indegree,datasize,max_exo_card,markovianity,ratio
41.75,([0  1  2  3  4  5  6  7  8  9  10  11  12  13  14  15  16]  [(11 0)  (1 2)  (12 3)  (13 5)  (1 6)  (4 6)  (14 7)  (15 8)  (4 9)  (16 10)]),1.3529411764705883,([0  1  2  3  4  5  6  7  8  9  10  11  12  13  14  15  16]  [(6 0)  (7 0)  (11 0)  (1 2)  (0 3)  (5 3)  (6 3)  (12 3)  (2 5)  (13 5)  (1 6)  (4 6)  (2 7)  (5 7)  (14 7)  (2 8)  (5 8)  (15 8)  (2 9)  (4 9)  (2 10)  (5 10)  (16 10)]),8,[11][1 4][12][13][14][15][16],([0  2  3  5  6  7  8  9  10]  [(6 0)  (7 0)  (0 3)  (5 3)  (6 3)  (2 5)  (2 7)  (5 7)  (2 8)  (5 8)  (2 9)  (2 10)  (5 10)]),2,3,[0][2 6 9][3][5][7][8][10],1.4444444444444444,1000,256,2,0.9915324379904371
