,num_vars,num_endo_vars,num_exo_vars,avg_exo_card,max_exo_card,tw,avg_endo_indegree,avg_indegree,max_indegree,datasize_obs
min,5.0,3.0,2.0,2.5,3.0,2.0,0.3333333333333333,0.8,2.0,1000.0
max,15.0,8.0,7.0,21.2,64.0,4.0,1.5714285714285714,1.5,6.0,5500.0
mean,8.765432098765432,4.938271604938271,3.8271604938271606,7.885263570448756,14.209876543209877,2.852216748768473,1.031785224377817,1.151510423732646,4.004115226337449,1574.0740740740741
