,pns_low,pns_up,num_points,idx,time
0,3.950850167626954E-4,0.160337997121942,100,96,99111
