,pns_low,pns_up,num_points,idx,time
0,0.22405741970593343,0.4253194787660995,200,96,119816
