,pns_low,pns_up,num_points,idx,time
0,0.024576993111225204,0.18572391336479813,200,96,131199
