,pns_low,pns_up,num_points,idx,time
0,0.3401329122410464,0.3401329122410464,1,96,625
