,pns_low,pns_up,num_points,idx,time
0,3.950850167626954E-4,0.189463932805982,200,96,225271
