,pns_low,pns_up,num_points,idx,time
0,0.13551974690054472,0.13551974690054472,1,96,976
