,pns_low,pns_up,num_points,idx,time
0,0.08581244292347415,0.08581244292347415,1,96,680
