,pns_low,pns_up,num_points,idx,time
0,0.25157559070270374,0.3539556710356664,100,24,55431
