,pns_low,pns_up,num_points,idx,time
0,0.05105115565451034,0.10775127599675893,98,19,99389
