,pns_low,pns_up,num_points,idx,time
0,0.27072577701897305,0.3539556710356664,98,19,54419
