,pns_low,pns_up,num_points,idx,time
0,0.029525755294052713,0.10957995942481921,98,19,52920
