,num_vars,num_endo_vars,num_exo_vars,avg_exo_card,max_exo_card,tw,avg_endo_indegree,avg_indegree,max_indegree,datasize_obs
min,5.0,2.0,2.0,2.333333333333333,3.0,2.0,0.0,0.8,2.0,1000.0
max,26.0,13.0,13.0,130.66666666666666,256.0,4.0,1.9166666666666667,1.5714285714285714,11.0,5500.0
mean,10.324599708879186,5.528384279475983,4.796215429403202,15.916856466972058,50.49781659388646,2.954901960784314,1.089935666791562,1.1797606006350094,4.416302765647743,1561.4999208628801
