data_based,cause,effect,ace_l,ace_u,pns_l,pns_u
true,0,4,7.191999999989207E-6,7.191999999989207E-6,7.192000000000001E-6,7.192000000000001E-6
false,0,4,-1.1102230246251565E-16,-1.1102230246251565E-16,0.0,0.0
