data_based,cause,effect,ace_l,ace_u,pns_l,pns_u
true,0,4,-0.0036537480000000677,-0.0036537480000000677,0.0,0.020173085700000006
false,0,4,0.0,0.0,0.0,0.020076
