data_based,cause,effect,ace_l,ace_u,pns_l,pns_u
true,0,4,-0.003880388815716007,-0.003880388815716007,0.006923647775898,0.006923647775898
false,0,4,-0.004193280000000077,-0.004193280000000077,0.0053782560000000005,0.0053782560000000005
