data_based,cause,effect,ace_l,ace_u,pns_l,pns_u
true,0,4,-0.002172141020725271,-0.002172141020725271,0.0,0.04772538037930579
false,0,4,-9.09506399999982E-4,-9.09506399999982E-4,0.0,0.05067358728
