data_based,cause,effect,ace_l,ace_u,pns_l,pns_u
true,0,4,2.0992819730007023E-6,2.0992819730007023E-6,1.7462705490000003E-5,1.7462705490000003E-5
false,0,4,2.7888000000000218E-5,2.7888000000000218E-5,3.2495999999999995E-5,3.2495999999999995E-5
