data_based,cause,effect,ace_l,ace_u,pns_l,pns_u
true,0,6,-5.463383144495015E-4,-5.463383144495015E-4,0.009349332232908004,0.009349332232908004
false,0,6,-1.1420585862331745E-4,-1.1420585862331745E-4,0.00209279616833952,0.00209279616833952
