data_based,cause,effect,ace_l,ace_u,pns_l,pns_u
true,0,6,-2.2272250076560418E-5,-2.2272250076560418E-5,7.163957325117158E-4,7.163957325117158E-4
false,0,6,-5.900501219993082E-4,-5.900501219993082E-4,0.004650472010423628,0.004650472010423628
