data_based,cause,effect,ace_l,ace_u,pns_l,pns_u
true,0,6,-2.0413845169348077E-5,-2.0413845169348077E-5,0.0,2.6311319755632567E-4
false,0,6,7.128000000244938E-7,7.128000000244938E-7,7.128000000000001E-7,6.189480000000002E-5
