data_based,cause,effect,ace_l,ace_u,pns_l,pns_u
true,0,4,2.4800958929849237E-4,2.4800958929849237E-4,2.48009589298482E-4,0.0988944631865514
false,0,4,-1.5120537599988548E-4,-1.5120537599988548E-4,0.0,0.103532702112
