data_based,cause,effect,ace_l,ace_u,pns_l,pns_u
true,0,6,0.0012123007431494859,0.0012123007431494859,0.0012123007431494924,0.07817294995561716
false,0,6,0.0013738782494289725,0.0013738782494289725,0.00137387824942896,0.07123019172038748
