data_based,cause,effect,ace_l,ace_u,pns_l,pns_u
true,0,4,0.005967627934476,0.005967627934476,0.030957655886897997,0.03638636510317799
false,0,4,-0.006756966000000003,-0.006756966000000003,0.032528202000000006,0.03298561200000001
