data_based,cause,effect,ace_l,ace_u,pns_l,pns_u
true,0,6,7.786171333235004E-6,7.786171333235004E-6,0.0013479562587856262,0.0013479562587856262
false,0,6,3.9117511441144615E-6,3.9117511441144615E-6,2.2965651072000005E-5,2.2965651072000005E-5
