data_based,cause,effect,ace_l,ace_u,pns_l,pns_u
true,0,6,-0.0024203006353094025,-0.0024203006353094025,2.9692055629732797E-4,3.6496128992190605E-4
false,0,6,-0.0019212702300000495,-0.0019212702300000495,1.31253375E-4,1.31253375E-4
