data_based,cause,effect,ace_l,ace_u,pns_l,pns_u
true,0,6,-0.007209412724904496,-0.007209412724904496,5.335647617088929E-6,0.01024483852795471
false,0,6,-0.01084615298894398,-0.01084615298894398,1.01095966608E-4,0.014418911110967998
