data_based,cause,effect,ace_l,ace_u,pns_l,pns_u
true,0,6,2.4679595090892903E-6,2.4679595090892903E-6,7.074215341242647E-5,7.074215341242647E-5
false,0,6,-1.2834030977293409E-5,-1.2834030977293409E-5,4.210290876556801E-5,4.210290876556801E-5
