data_based,cause,effect,ace_l,ace_u,pns_l,pns_u
true,0,6,0.0011690873990733985,0.0011690873990733985,0.0011690873990733823,0.07140987482955845
false,0,6,0.0013485446805600043,0.0013485446805600043,0.00134854468056,0.0756182402267234
