data_based,cause,effect,ace_l,ace_u,pns_l,pns_u
true,0,4,-0.007877691705069134,-0.007877691705069134,0.071012691386278,0.071012691386278
false,0,4,-0.005761560000000054,-0.005761560000000054,0.065733906,0.065733906
