data_based,cause,effect,ace_l,ace_u,pns_l,pns_u
true,0,4,5.863615958995316E-5,5.863615958995316E-5,9.654138753000003E-5,0.026543944763340006
false,0,4,-2.6135999999998827E-4,-2.6135999999998827E-4,2.0063999999999998E-4,0.019317420000000002
