data_based,cause,effect,ace_l,ace_u,pns_l,pns_u
true,0,4,2.164335394309047E-4,2.164335394309047E-4,2.1643353943094252E-4,0.08868734907724206
false,0,4,0.0,0.0,0.0,0.10583559
