data_based,cause,effect,ace_l,ace_u,pns_l,pns_u
true,0,6,-6.721101302509247E-6,-6.721101302509247E-6,5.7815925182237395E-6,8.023300960407207E-4
false,0,6,-3.947704622386805E-5,-3.947704622386805E-5,8.97205596E-6,0.0013268354317680002
