data_based,cause,effect,ace_l,ace_u,pns_l,pns_u
true,0,6,-5.876835245111067E-7,-5.876835245111067E-7,0.0,4.089291698864495E-5
false,0,6,1.9282723018321235E-7,1.9282723018321235E-7,1.9282723012800002E-7,2.8656976763376004E-5
