data_based,cause,effect,ace_l,ace_u,pns_l,pns_u
true,0,6,-1.118928490972948E-6,-1.118928490972948E-6,2.614125344116157E-4,2.614125344116157E-4
false,0,6,2.713982543978144E-6,2.713982543978144E-6,3.7854161256E-5,3.7854161256E-5
