data_based,cause,effect,ace_l,ace_u,pns_l,pns_u
true,0,6,7.04574049096296E-5,7.04574049096296E-5,7.045740490957358E-5,0.01192935260110559
false,0,6,4.019529172905045E-5,4.019529172905045E-5,4.019529172896E-5,0.014553503814980162
