data_based,cause,effect,ace_l,ace_u,pns_l,pns_u
true,0,6,-7.471835513173097E-5,-7.471835513173097E-5,0.0,0.002372195144888435
false,0,6,-8.175340799987385E-5,-8.175340799987385E-5,0.0,0.0013301371709999996
