data_based,cause,effect,ace_l,ace_u,pns_l,pns_u
true,0,4,-0.0024722888598900017,-0.0024722888598900017,9.040824719999999E-4,0.003090569059215
false,0,4,-0.0036700400000000003,-0.0036700400000000003,3.7666200000000005E-4,0.0020793739999999997
