data_based,cause,effect,ace_l,ace_u,pns_l,pns_u
true,0,6,-5.70579881342681E-7,-5.70579881342681E-7,0.002753982415454384,0.002753982415454384
false,0,6,0.0,0.0,0.0011844264165120002,0.0011844264165120002
