data_based,cause,effect,ace_l,ace_u,pns_l,pns_u
true,0,6,-0.006458938084822674,-0.006458938084822674,0.0050333137255819446,0.0050333137255819446
false,0,6,-0.01627848686960498,-0.01627848686960498,0.0049328748089712,0.0049328748089712
