data_based,cause,effect,ace_l,ace_u,pns_l,pns_u
true,0,4,0.0015731007600680025,0.0015731007600680025,0.006007565270191142,0.006007565270191142
false,0,4,0.0023983217499999876,0.0023983217499999876,0.007457604410000003,0.007457604410000003
