data_based,cause,effect,ace_l,ace_u,pns_l,pns_u
true,0,4,0.0256766392740001,0.0256766392740001,0.07539468796860002,0.07539468796860002
false,0,4,0.035944721999999985,0.035944721999999985,0.09338997600000001,0.09338997600000001
