data_based,cause,effect,ace_l,ace_u,pns_l,pns_u
true,0,6,1.3113248038432168E-4,1.3113248038432168E-4,0.0048310081233038475,0.0048310081233038475
false,0,6,-2.4248030400009224E-4,-2.4248030400009224E-4,0.0010801395359999997,0.0010801395359999997
