data_based,cause,effect,ace_l,ace_u,pns_l,pns_u
true,0,6,0.011781112310781938,0.011781112310781938,0.012767428826743312,0.012767428826743312
false,0,6,0.030993417000000023,0.030993417000000023,0.045298071,0.045298071
