data_based,cause,effect,ace_l,ace_u,pns_l,pns_u
true,0,4,0.001540379177978335,0.001540379177978335,0.001842607763903248,0.001842607763903248
false,0,4,0.0047035235519999885,0.0047035235519999885,0.00503948952,0.00503948952
