data_based,cause,effect,ace_l,ace_u,pns_l,pns_u
true,0,6,-2.2272250076560418E-5,-2.2272250076560418E-5,0.0,0.05006787098295727
false,0,6,-8.357772023426246E-5,-8.357772023426246E-5,0.0,0.0518880662317323
