data_based,cause,effect,ace_l,ace_u,pns_l,pns_u
true,0,4,-5.15774930999989E-5,-5.15774930999989E-5,0.0,4.254377043979999E-4
false,0,4,-5.8056000000000774E-5,-5.8056000000000774E-5,0.0,1.3381200000000003E-4
