data_based,cause,effect,ace_l,ace_u,pns_l,pns_u
true,0,6,-1.3426990416176565E-6,-1.3426990416176565E-6,6.9985825455605595E-6,6.9985825455605595E-6
false,0,6,-6.411451201060459E-7,-6.411451201060459E-7,6.00944568E-6,6.00944568E-6
