data_based,cause,effect,ace_l,ace_u,pns_l,pns_u
true,0,4,1.4163186682580875E-4,1.4163186682580875E-4,1.4163186682584803E-4,0.11723245422451431
false,0,4,3.9541558000000254E-4,3.9541558000000254E-4,3.9541558000000005E-4,0.13045192859000002
