data_based,cause,effect,ace_l,ace_u,pns_l,pns_u
true,0,6,1.031066082735066E-6,1.031066082735066E-6,1.0310660828163E-6,0.004944591985032144
false,0,6,0.0,0.0,0.0,0.002913534936
