data_based,cause,effect,ace_l,ace_u,pns_l,pns_u
true,0,6,-1.678578253472285E-5,-1.678578253472285E-5,0.0,0.019230020029530764
false,0,6,-7.984761592760847E-5,-7.984761592760847E-5,0.0,0.0233261814175292
