data_based,cause,effect,ace_l,ace_u,pns_l,pns_u
true,0,4,6.884523845290813E-4,6.884523845290813E-4,0.0034666686550626014,0.0034666686550626014
false,0,4,0.019135691050000014,0.019135691050000014,0.04924347871699999,0.04924347871699999
