data_based,cause,effect,ace_l,ace_u,pns_l,pns_u
true,0,4,0.015916444088020065,0.015916444088020065,0.016830938207608,0.034266982266023004
false,0,4,0.01857627199999995,0.01857627199999995,0.019420648,0.037499416
