data_based,cause,effect,ace_l,ace_u,pns_l,pns_u
true,0,6,-9.216575371651103E-5,-9.216575371651103E-5,0.0,0.13905569671652698
false,0,6,-4.6044240153031435E-5,-4.6044240153031435E-5,0.0,0.13732303740346488
