data_based,cause,effect,ace_l,ace_u,pns_l,pns_u
true,0,6,-4.410431485533106E-4,-4.410431485533106E-4,0.0,0.09464614974220992
false,0,6,0.0012542419800000149,0.0012542419800000149,0.00125424198,0.092377904562
