data_based,cause,effect,ace_l,ace_u,pns_l,pns_u
true,0,6,-9.591748995241289E-5,-9.591748995241289E-5,1.6653497592169506E-5,1.6653497592169506E-5
false,0,6,-0.007436142752639985,-0.007436142752639985,0.0010623061075199997,0.0010623061075199997
