data_based,cause,effect,ace_l,ace_u,pns_l,pns_u
true,0,4,0.01937267075061666,0.01937267075061666,0.019372670750616675,0.200372009934494
false,0,4,0.016445295648000013,0.016445295648000013,0.016445295648000003,0.20395098062400002
