data_based,cause,effect,ace_l,ace_u,pns_l,pns_u
true,0,6,1.692165394537315E-4,1.692165394537315E-4,8.83936947972266E-4,8.83936947972266E-4
false,0,6,1.0476637275130818E-4,1.0476637275130818E-4,0.0028192031082689036,0.0028192031082689036
