data_based,cause,effect,ace_l,ace_u,pns_l,pns_u
true,0,4,1.4163186682580875E-4,1.4163186682580875E-4,1.4163186682584803E-4,1.4163186682584803E-4
false,0,4,0.004368771932000026,0.004368771932000026,0.004368771931999999,0.004368771931999999
