data_based,cause,effect,ace_l,ace_u,pns_l,pns_u
true,0,4,-2.622710999999889E-4,-2.622710999999889E-4,0.007999591762500001,0.007999591762500001
false,0,4,-0.0024627200000000293,-0.0024627200000000293,0.004925440000000001,0.004925440000000001
