data_based,cause,effect,ace_l,ace_u,pns_l,pns_u
true,0,4,0.17312711355,0.17312711355,0.2042022661,0.20595955938619998
false,0,4,0.19208935199999988,0.19208935199999988,0.199477404,0.1998454919999999
