data_based,cause,effect,ace_l,ace_u,pns_l,pns_u
true,0,4,0.001479084347526305,0.001479084347526305,0.0014790843475262641,0.26951547887615346
false,0,4,8.032828320000407E-4,8.032828320000407E-4,8.032828320000001E-4,0.257466094488
