data_based,cause,effect,ace_l,ace_u,pns_l,pns_u
true,0,6,-0.013153797032781356,-0.013153797032781356,0.11371573797272694,0.11371573797272694
false,0,6,-0.007174135999999998,-0.007174135999999998,0.11043304121600002,0.11043304121600002
