data_based,cause,effect,ace_l,ace_u,pns_l,pns_u
true,0,4,0.02188042612336155,0.02188042612336155,0.026518977273809696,0.026518977273809696
false,0,4,0.06888195072000003,0.06888195072000003,0.06974432256,0.06974432256
