data_based,cause,effect,ace_l,ace_u,pns_l,pns_u
true,0,4,-0.06127583562475472,-0.06127583562475472,0.0312717112592397,0.0312717112592397
false,0,4,-0.110666292802,-0.110666292802,0.04895425821000001,0.04895425821000001
