data_based,cause,effect,ace_l,ace_u,pns_l,pns_u
true,0,6,-1.2421510781279732E-4,-1.2421510781279732E-4,0.0,0.0013843265273333287
false,0,6,-5.502508500000447E-4,-5.502508500000447E-4,0.0,4.95704244E-4
