data_based,cause,effect,ace_l,ace_u,pns_l,pns_u
true,0,6,-1.4024496882619752E-5,-1.4024496882619752E-5,0.0,0.010594225881985343
false,0,6,1.707071490000822E-5,1.707071490000822E-5,1.70707149E-5,0.015421069984859998
