data_based,cause,effect,ace_l,ace_u,pns_l,pns_u
true,0,4,-1.5528107469336971E-4,-1.5528107469336971E-4,0.0,0.18682471130707218
false,0,4,1.653959999958765E-6,1.653959999958765E-6,1.65396E-6,0.19294410282000002
