data_based,cause,effect,ace_l,ace_u,pns_l,pns_u
true,0,6,-0.02028445623111519,-0.02028445623111519,0.021406976394183236,0.021406976394183236
false,0,6,-0.031114665999999902,-0.031114665999999902,0.016286175928000003,0.016286175928000003
