data_based,cause,effect,ace_l,ace_u,pns_l,pns_u
true,0,4,0.007753568280073009,0.007753568280073009,0.015894408893888004,0.12028073779396403
false,0,4,0.001134360000000001,0.001134360000000001,0.0022358400000000002,0.024934005
