data_based,cause,effect,ace_l,ace_u,pns_l,pns_u
true,0,4,0.0015731007600681135,0.0015731007600681135,0.0015731007600681432,0.018019395023565293
false,0,4,0.002113766655000071,0.002113766655000071,0.002113766655,0.021590978519999998
