data_based,cause,effect,ace_l,ace_u,pns_l,pns_u
true,0,6,9.862879066294683E-4,9.862879066294683E-4,0.006019964706648739,0.006019964706648739
false,0,6,3.7079892000013714E-4,3.7079892000013714E-4,0.0029299364099999994,0.0029299364099999994
