data_based,cause,effect,ace_l,ace_u,pns_l,pns_u
true,0,4,0.001540379177978335,0.001540379177978335,0.00154037917797836,0.056873985476209164
false,0,4,0.0011178155519999677,0.0011178155519999677,0.0011178155520000003,0.062087417676
