data_based,cause,effect,ace_l,ace_u,pns_l,pns_u
true,0,6,0.0013826424645561608,0.0013826424645561608,0.00201748396267402,0.002112033280926769
false,0,6,0.0019697998320000187,0.0019697998320000187,0.002121322896,0.0022672487159999992
