data_based,cause,effect,ace_l,ace_u,pns_l,pns_u
true,0,4,-0.24368052280000008,-0.24368052280000008,0.0,0.09781384870000001
false,0,4,-0.264258,-0.264258,0.0,0.09130400000000001
