data_based,cause,effect,ace_l,ace_u,pns_l,pns_u
true,0,4,-0.017407571999999982,-0.017407571999999982,9.16188E-5,0.015407703024000003
false,0,4,-0.023506145999999895,-0.023506145999999895,5.8473E-5,0.005096757000000001
