data_based,cause,effect,ace_l,ace_u,pns_l,pns_u
true,0,4,0.0014790843475262494,0.0014790843475262494,0.007109810438300913,0.007109810438300913
false,0,4,0.011391849600000004,0.011391849600000004,0.05258717320000002,0.05258717320000002
