data_based,cause,effect,ace_l,ace_u,pns_l,pns_u
true,0,6,8.686350744352422E-5,8.686350744352422E-5,0.004436557536389062,0.004436557536389062
false,0,6,-2.5552356374997087E-4,-2.5552356374997087E-4,0.0011073609056249998,0.0011073609056249998
