data_based,cause,effect,ace_l,ace_u,pns_l,pns_u
true,0,6,0.0012123007431494304,0.0012123007431494304,0.007367792965831933,0.007367792965831933
false,0,6,0.009620313127928992,0.009620313127928992,0.016486930323686342,0.016486930323686342
