data_based,cause,effect,ace_l,ace_u,pns_l,pns_u
true,0,4,7.971836000000287E-4,7.971836000000287E-4,0.013249726600000001,0.013249726600000001
false,0,4,0.0,0.0,0.0,0.0
