data_based,cause,effect,ace_l,ace_u,pns_l,pns_u
true,0,6,0.0027049668722738396,0.0027049668722738396,0.002704966872273753,0.03260445927490934
false,0,6,0.004053293173943984,0.004053293173943984,0.004053293173943999,0.03410445978732658
