data_based,cause,effect,ace_l,ace_u,pns_l,pns_u
true,0,6,-4.658033344151491E-6,-4.658033344151491E-6,0.0017904644579926057,0.0017904644579926057
false,0,6,-3.1076345202718514E-6,-3.1076345202718514E-6,1.4895754112448E-4,1.4895754112448E-4
