data_based,cause,effect,ace_l,ace_u,pns_l,pns_u
true,0,4,7.971836000000287E-4,7.971836000000287E-4,0.0030114832000000006,0.013794463800000002
false,0,4,-5.700000000002925E-5,-5.700000000002925E-5,0.0,3.1E-5
