data_based,cause,effect,ace_l,ace_u,pns_l,pns_u
true,0,4,-0.003880388815716007,-0.003880388815716007,0.00226652076469,0.012409137848015995
false,0,4,-0.0035913600000000157,-0.0035913600000000157,0.001825608,0.013237920000000004
