data_based,cause,effect,ace_l,ace_u,pns_l,pns_u
true,0,4,-0.001968105912000029,-0.001968105912000029,0.0209288732566,0.0209288732566
false,0,4,-0.006400799999999984,-0.006400799999999984,0.044976008000000005,0.044976008000000005
