data_based,cause,effect,ace_l,ace_u,pns_l,pns_u
true,0,4,0.032245675534799956,0.032245675534799956,0.032245675534800004,0.36161082281728
false,0,4,0.0034418720000000125,0.0034418720000000125,0.0034418720000000003,0.309941296
