data_based,cause,effect,ace_l,ace_u,pns_l,pns_u
true,0,6,-3.5455002540207836E-5,-3.5455002540207836E-5,1.3445687275273803E-4,1.3445687275273803E-4
false,0,6,-1.1009399999983849E-5,-1.1009399999983849E-5,1.5413160000000007E-5,1.5413160000000007E-5
