data_based,cause,effect,ace_l,ace_u,pns_l,pns_u
true,0,6,-4.422032416162569E-5,-4.422032416162569E-5,0.0,6.645853351200838E-4
false,0,6,1.04469599999657E-5,1.04469599999657E-5,1.0446960000000002E-5,3.1489847199999994E-4
