data_based,cause,effect,ace_l,ace_u,pns_l,pns_u
true,0,4,0.01937267075061666,0.01937267075061666,0.039390720107144846,0.039390720107144846
false,0,4,0.06678707390399996,0.06678707390399996,0.098267454396,0.098267454396
