data_based,cause,effect,ace_l,ace_u,pns_l,pns_u
true,0,6,-9.59101057321221E-6,-9.59101057321221E-6,0.0,0.0342963863572689
false,0,6,-2.6989954797967952E-5,-2.6989954797967952E-5,0.0,0.029289255265276024
