data_based,cause,effect,ace_l,ace_u,pns_l,pns_u
true,0,4,0.01532378105000004,0.01532378105000004,0.0197676775545,0.0197676775545
false,0,4,0.019957504000000043,0.019957504000000043,0.0202272,0.0202272
