data_based,cause,effect,ace_l,ace_u,pns_l,pns_u
true,0,6,2.467959508978268E-6,2.467959508978268E-6,2.467959509093148E-6,0.0066123926317744035
false,0,6,6.4825125574152764E-6,6.4825125574152764E-6,6.48251255736E-6,0.00910607340723876
