data_based,cause,effect,ace_l,ace_u,pns_l,pns_u
true,0,4,0.03346543153039738,0.03346543153039738,0.06950318046497528,0.06950318046497528
false,0,4,0.03458725401599999,0.03458725401599999,0.07670493676800001,0.07670493676800001
