data_based,cause,effect,ace_l,ace_u,pns_l,pns_u
true,0,4,0.005967627934475986,0.005967627934475986,0.03095765588689799,0.03095765588689799
false,0,4,-0.006756966000000017,-0.006756966000000017,0.032528202000000006,0.032528202000000006
