data_based,cause,effect,ace_l,ace_u,pns_l,pns_u
true,0,4,2.4800958929838135E-4,2.4800958929838135E-4,0.003251971561308134,0.003251971561308134
false,0,4,-0.0022602472749999603,-0.0022602472749999603,0.017338503275,0.017338503275
