data_based,cause,effect,ace_l,ace_u,pns_l,pns_u
true,0,4,-0.01654626657887004,-0.01654626657887004,0.016749271626836,0.016749271626836
false,0,4,-0.022255499999999984,-0.022255499999999984,0.01949012,0.01949012
