data_based,cause,effect,ace_l,ace_u,pns_l,pns_u
true,0,4,0.1731271135500001,0.1731271135500001,0.17312711355,0.17312711355
false,0,4,0.19031652,0.19031652,0.19031652,0.19031652
