data_based,cause,effect,ace_l,ace_u,pns_l,pns_u
true,0,6,-5.889186597481944E-4,-5.889186597481944E-4,0.0,0.020926425484006698
false,0,6,-0.0017587041279999993,-0.0017587041279999993,0.0,0.020994858495999996
