data_based,cause,effect,ace_l,ace_u,pns_l,pns_u
true,0,4,-7.587657327199349E-4,-7.587657327199349E-4,0.037910710901279995,0.037910710901279995
false,0,4,-0.002999231999999963,-0.002999231999999963,0.004342384,0.004342384
