data_based,cause,effect,ace_l,ace_u,pns_l,pns_u
true,0,4,5.132862000000182E-4,5.132862000000182E-4,5.680906E-4,5.680906E-4
false,0,4,9.100000000006325E-5,9.100000000006325E-5,9.1E-5,9.1E-5
