data_based,cause,effect,ace_l,ace_u,pns_l,pns_u
true,0,6,1.4134499087173347E-5,1.4134499087173347E-5,0.0029703073790155647,0.0029703073790155647
false,0,6,1.4058462599997323E-5,1.4058462599997323E-5,0.0016779808495799996,0.0016779808495799996
