data_based,cause,effect,ace_l,ace_u,pns_l,pns_u
true,0,6,-1.242151078126863E-4,-1.242151078126863E-4,0.0013843265273333284,0.0013843265273333284
false,0,6,-4.6699550399997847E-4,-4.6699550399997847E-4,3.35573272E-4,3.35573272E-4
