data_based,cause,effect,ace_l,ace_u,pns_l,pns_u
true,0,6,-5.876835242890621E-7,-5.876835242890621E-7,6.777276784236328E-6,6.777276784236328E-6
false,0,6,0.0,0.0,0.0,0.0
