data_based,cause,effect,ace_l,ace_u,pns_l,pns_u
true,0,6,5.3175629339263786E-5,5.3175629339263786E-5,2.1931522856107066E-4,2.1931522856107066E-4
false,0,6,-6.013552000005973E-5,-6.013552000005973E-5,6.9153568E-5,6.9153568E-5
