data_based,cause,effect,ace_l,ace_u,pns_l,pns_u
true,0,6,0.001219568406514493,0.001219568406514493,0.02143670149388859,0.02143670149388859
false,0,6,-0.012084801390816025,-0.012084801390816025,0.035001399733412,0.035001399733412
