data_based,cause,effect,ace_l,ace_u,pns_l,pns_u
true,0,6,0.0027049668722737286,0.0027049668722737286,0.004349241568343424,0.004349241568343424
false,0,6,0.0072594064520208335,0.0072594064520208335,0.01035338877408528,0.01035338877408528
