data_based,cause,effect,ace_l,ace_u,pns_l,pns_u
true,0,4,0.03346543153039744,0.03346543153039744,0.03346543153039741,0.07724545043994516
false,0,4,0.03021474700800003,0.03021474700800003,0.03021474700799999,0.08532619516800001
