cause,effect,ace_l,ace_u,pns_l,pns_u
0,9,-1.891499636588745E-5,-1.891499636588745E-5,0.0,0.008403836486764208
