cause,effect,ace_l,ace_u,pns_l,pns_u
0,6,-4.781630000000314E-4,-4.781630000000314E-4,2.8469000000000008E-5,2.8469000000000008E-5
