cause,effect,ace_l,ace_u,pns_l,pns_u
0,4,9.625400000001783E-5,9.625400000001783E-5,3.996360000000001E-4,3.996360000000001E-4
