cause,effect,ace_l,ace_u,pns_l,pns_u
0,6,-2.4741123790322783E-4,-2.4741123790322783E-4,0.0020552048281044003,0.0020552048281044003
