cause,effect,ace_l,ace_u,pns_l,pns_u
0,9,3.8966249720218116E-6,3.8966249720218116E-6,6.861785807319725E-6,5.01551255164467E-4
