cause,effect,ace_l,ace_u,pns_l,pns_u
0,6,4.019529172905045E-5,4.019529172905045E-5,4.019529172896E-5,0.014553503814980162
