cause,effect,ace_l,ace_u,pns_l,pns_u
0,4,0.016445295648000013,0.016445295648000013,0.016445295648000003,0.20395098062400002
