cause,effect,ace_l,ace_u,pns_l,pns_u
0,9,-1.889135927191088E-6,-1.889135927191088E-6,0.0,0.018462863264696067
