cause,effect,ace_l,ace_u,pns_l,pns_u
0,9,1.8124933499064078E-5,1.8124933499064078E-5,1.9155523042908317E-5,0.002782152186191468
