cause,effect,ace_l,ace_u,pns_l,pns_u
0,9,2.603683984303551E-6,2.603683984303551E-6,5.068551307715909E-6,5.068551307715909E-6
