cause,effect,ace_l,ace_u,pns_l,pns_u
0,6,-0.010825688159999958,-0.010825688159999958,0.013761468000000002,0.09688888221600002
