cause,effect,ace_l,ace_u,pns_l,pns_u
0,6,0.010152824863999987,0.010152824863999987,0.010152824863999998,0.06756394075199998
