cause,effect,ace_l,ace_u,pns_l,pns_u
0,9,-1.246637416629781E-7,-1.246637416629781E-7,5.43322230062492E-4,5.43322230062492E-4
