cause,effect,ace_l,ace_u,pns_l,pns_u
0,6,2.9066374686026464E-6,2.9066374686026464E-6,2.9066374687999987E-6,0.00462777051054448
