cause,effect,ace_l,ace_u,pns_l,pns_u
0,6,4.4498591478259186E-8,4.4498591478259186E-8,4.449859156799999E-8,7.471910676059998E-5
