cause,effect,ace_l,ace_u,pns_l,pns_u
0,9,4.9095918830399654E-8,4.9095918830399654E-8,4.909591880673527E-8,0.0021316887194115777
