cause,effect,ace_l,ace_u,pns_l,pns_u
0,4,0.0011178155519999677,0.0011178155519999677,0.0011178155520000003,0.062087417676
