cause,effect,ace_l,ace_u,pns_l,pns_u
0,4,-9.09506399999982E-4,-9.09506399999982E-4,0.0,0.05067358728
