cause,effect,ace_l,ace_u,pns_l,pns_u
0,4,-1.5120537599988548E-4,-1.5120537599988548E-4,0.0,0.103532702112
