cause,effect,ace_l,ace_u,pns_l,pns_u
0,9,-1.9396318025333148E-7,-1.9396318025333148E-7,0.0,0.0013196772433350377
