cause,effect,ace_l,ace_u,pns_l,pns_u
0,9,6.271177685479579E-7,6.271177685479579E-7,6.271177686279211E-7,0.0012216365964066787
