cause,effect,ace_l,ace_u,pns_l,pns_u
0,4,-0.0023209999999999997,-0.0023209999999999997,3.8E-4,3.8E-4
