cause,effect,ace_l,ace_u,pns_l,pns_u
0,9,-1.1102230246251565E-16,-1.1102230246251565E-16,0.0,2.1909629693952E-4
