cause,effect,ace_l,ace_u,pns_l,pns_u
0,9,1.9463578454270714E-4,1.9463578454270714E-4,1.946357845426875E-4,0.012543807038421152
