cause,effect,ace_l,ace_u,pns_l,pns_u
0,6,-3.868452000000029E-4,-3.868452000000029E-4,1.6916445000000007E-4,2.9348001E-4
