cause,effect,ace_l,ace_u,pns_l,pns_u
0,6,-6.87068561894405E-5,-6.87068561894405E-5,2.602525791312E-5,2.602525791312E-5
