cause,effect,ace_l,ace_u,pns_l,pns_u
0,4,-0.003708084999999972,-0.003708084999999972,0.020330534999999997,0.021073115
