cause,effect,ace_l,ace_u,pns_l,pns_u
0,6,-2.6989954797967952E-5,-2.6989954797967952E-5,0.0,0.029289255265276024
