cause,effect,ace_l,ace_u,pns_l,pns_u
0,9,-2.0267916678307074E-6,-2.0267916678307074E-6,0.0,0.049128548734741845
