cause,effect,ace_l,ace_u,pns_l,pns_u
0,4,0.0025019967500000684,0.0025019967500000684,0.008048516674000004,0.008048516674000004
