cause,effect,ace_l,ace_u,pns_l,pns_u
0,4,-0.012240000000000029,-0.012240000000000029,0.0,0.06876
