cause,effect,ace_l,ace_u,pns_l,pns_u
0,4,-0.028939980000000087,-0.028939980000000087,7.199000000000002E-5,7.199000000000002E-5
