cause,effect,ace_l,ace_u,pns_l,pns_u
0,6,0.009620313127928992,0.009620313127928992,0.016486930323686342,0.016486930323686342
