cause,effect,ace_l,ace_u,pns_l,pns_u
0,6,-8.357772023426246E-5,-8.357772023426246E-5,0.0,0.0518880662317323
