cause,effect,ace_l,ace_u,pns_l,pns_u
0,6,-3.1365116854399633E-4,-3.1365116854399633E-4,0.0,0.0016843394077280002
