cause,effect,ace_l,ace_u,pns_l,pns_u
0,9,0.0019764146924272086,0.0019764146924272086,0.001976414692427192,0.0967302752868367
