cause,effect,ace_l,ace_u,pns_l,pns_u
0,6,-0.007633407599999975,-0.007633407599999975,0.05771583136799999,0.05771583136799999
