cause,effect,ace_l,ace_u,pns_l,pns_u
0,4,-0.004193280000000077,-0.004193280000000077,0.0053782560000000005,0.0053782560000000005
