cause,effect,ace_l,ace_u,pns_l,pns_u
0,4,0.0,0.0,0.0067241043870000005,0.0067241043870000005
