cause,effect,ace_l,ace_u,pns_l,pns_u
0,6,0.0012293209951574902,0.0012293209951574902,0.004036902488298751,0.004036902488298751
