cause,effect,ace_l,ace_u,pns_l,pns_u
0,9,-7.907251365797674E-7,-7.907251365797674E-7,6.045261969500995E-5,6.045261969500995E-5
