cause,effect,ace_l,ace_u,pns_l,pns_u
0,9,5.72022528000371E-5,5.72022528000371E-5,5.148202752000001E-4,0.0015711898782720002
