cause,effect,ace_l,ace_u,pns_l,pns_u
0,4,8.032828320000407E-4,8.032828320000407E-4,8.032828320000001E-4,0.257466094488
