cause,effect,ace_l,ace_u,pns_l,pns_u
0,9,-4.420415408656897E-6,-4.420415408656897E-6,3.866252544E-7,4.623809503084801E-4
