cause,effect,ace_l,ace_u,pns_l,pns_u
0,6,-0.001059007384000006,-0.001059007384000006,2.3188609960000004E-4,2.3188609960000004E-4
