cause,effect,ace_l,ace_u,pns_l,pns_u
0,9,3.279931598942909E-5,3.279931598942909E-5,3.355494263558013E-5,3.355494263558013E-5
