cause,effect,ace_l,ace_u,pns_l,pns_u
0,9,4.0252558670961225E-6,4.0252558670961225E-6,1.040612869762927E-4,1.040612869762927E-4
