cause,effect,ace_l,ace_u,pns_l,pns_u
0,4,0.002113766655000071,0.002113766655000071,0.002113766655,0.021590978519999998
