cause,effect,ace_l,ace_u,pns_l,pns_u
0,6,-6.334600384000008E-4,-6.334600384000008E-4,4.3224268000000005E-4,4.3224268000000005E-4
