cause,effect,ace_l,ace_u,pns_l,pns_u
0,9,0.016816676329622693,0.016816676329622693,0.026262807473656394,0.026262807473656394
