cause,effect,ace_l,ace_u,pns_l,pns_u
0,9,2.498268747708199E-7,2.498268747708199E-7,1.5835309131042013E-5,1.5835309131042013E-5
