cause,effect,ace_l,ace_u,pns_l,pns_u
0,6,1.2115199999884751E-6,1.2115199999884751E-6,1.37579454E-4,1.37579454E-4
