pns_8,hidden_states_ZXY,pns_9,pns_6,pns_7,pns_4,pns_5,pns_2,pns_3,pns_0,pns_1,size_data_visible
0.0021039930276044137,,0.014563119181836986,0.0023433429967459306,7.874403370966706E-5,0.014563342072492654,0.006454482966460703,0.01456129853776125,0.009397755663124941,0.0035713481068267317,0.012654193894726351,700
0.07184716874365123,[0 0 0][0 0 1],0.4928772544511851,0.21705710501276618,0.010298005437414354,0.5962252627816805,0.5914965695283121,0.5966377570516679,0.033730510836928476,0.09995158111476563,0.4446411972272439,584
0.828915276257939,[0 0 0][0 0 1][1 1 0][1 1 1],0.8675744891392565,0.5045858521549704,0.17789061997203132,0.5621346210006782,0.6213988937897686,0.59776146464078,0.10376233946825053,0.5930464985655349,0.27142696091353624,474
0.6217643983296381,[0 0 0][0 0 1][1 1 0][1 1 1][1 0 0][1 0 1],0.6713156025430403,0.5104171023463734,0.051643182815592846,0.6766683050544526,0.6867948572706651,0.6366655301302028,0.48164987509197027,0.09236279496319723,0.4167027846669528,354
0.6533681283995862,[0 0 0][0 0 1][1 1 0][1 1 1][1 0 0][1 0 1][0 1 0],0.7263928274719154,0.4211825982754245,0.0555312328141799,0.6790688678213628,0.5568428875300232,0.6615930400989991,0.48249613333862107,0.08509495792659161,0.37388389810401085,313
0.5172274692609982,[0 0 0][0 0 1][1 1 0][1 1 1][1 0 0][1 0 1][0 1 0][0 1 1],0.5193946201073043,0.15675217763391175,0.07259073058103663,0.40606271599986965,0.10978627476515904,0.05050832960621426,0.3018170381774763,0.13711403431717126,0.09341579612171991,0
