,num_vars,num_endo_vars,num_exo_vars,avg_exo_card,max_exo_card,tw,avg_endo_indegree,avg_indegree,max_indegree,datasize_obs
min,6.0,4.0,2.0,3.6666666666666665,4.0,2.0,0.5,0.8571428571428571,3.0,1000.0
max,13.0,7.0,6.0,15.0,36.0,4.0,1.5,1.375,6.0,5500.0
mean,9.297872340425531,5.191489361702128,4.1063829787234045,8.20354609929078,14.212765957446809,2.973684210526316,1.073302938196555,1.162704494087473,4.191489361702128,1595.7446808510638
